domain,sample_id,split,branch,p0,p1,p2,p3,p4,p5,root,gradient,residual,root_count,status
kepler,kepler_0000000,dev,difficult,0.9999999999709009588915199770642817038107265303979697589,0.005541839072881588597319077516345110106989778723875364644,0,0,0,0,0.3221213680690375650439637213777794156988932996517776994,19.44238131407307945705586954172814719074248250907788591,1.991364888915565346286100497209639756988880693990773483e-57,1,ROOT_OK
kepler,kepler_0000001,dev,high_e,0.9112346415357563955694786272943019866943359375,1.663179896176235555401572173904369260425008211233256435,0,0,0,0,2.326417887540614540110502140839672602761603043343972238,0.615433419174388812080725271867298616305173710097841695,2.039157646249538914596966909142671111156613830646552046e-56,1,ROOT_OK
kepler,kepler_0000002,dev,ordinary,0.50438161730799391246904406216344796121120452880859375,2.377783873837835631036386933698519545315091055392782255,0,0,0,0,2.62632630503193684036305950499336447266602279261629672,0.69497848354887150875121221329686612869733743828632249,0.0,1,ROOT_OK
kepler,kepler_0000003,dev,ordinary,0.63210704109227311420227124472148716449737548828125,2.622777654286171583649268756601651360296647041473984847,0,0,0,0,2.821608114993469513704566916178499675799699693318005281,0.6249916150758467049130512960785585146014102770986566824,0.0,1,ROOT_OK
kepler,kepler_0000004,dev,difficult,0.999999999971665913832294631104206883254931321235050273,0.0000003605348512508835579941113949855978989307397598898825295,0,0,0,0,0.01293303832290362196557201316280475236493292498974303111,11957.34536192244819183605245438845520050309497711222096,1.036618216832462995935357294958592258264573099542755669e-58,1,ROOT_OK
kepler,kepler_0000005,dev,high_e,0.90516046293451457582790453670895658433437347412109375,3.042570677463560086066932092886144529525218450540930829,0,0,0,0,3.089605867617740296391936985940406890390602076055262095,0.5252273019653048901882998852831116902006431673128808855,4.078315292499077829193933818285342222313227661293104092e-56,1,ROOT_OK
kepler,kepler_0000006,cal,ordinary,0.35460548477356612639965760536142624914646148681640625,2.636131126980971403410149787165324566691020272648731421,0,0,0,0,2.766157084215368610770684885863026911443843351117191105,0.7519325593575438244768047242244221968001727255693204384,4.078315292499077829193933818285342222313227661293104092e-56,1,ROOT_OK
kepler,kepler_0000007,cal,ordinary,0.67054264896732396206147086559212766587734222412109375,1.829392051712435150608412648435977978270353203359336979,0,0,0,0,2.320263920380093196272064663921624564301904324878709801,0.6864329231481553323660225062225726312677318169892483048,4.078315292499077829193933818285342222313227661293104092e-56,1,ROOT_OK
kepler,kepler_0000008,test,difficult,0.9999999500082822992881074051798748059809074967086304951,0.0005594730477817978747407939495318574693413487655918859206,0,0,0,0,0.1497857883712109450687208444159322434340229561114960188,89.30977373202416591880503024315398720898877689874054583,5.177548711180469900343861292745063368171089804376011055e-58,1,ROOT_OK
kepler,kepler_0000009,test,high_e,0.95259267574790185140187759316177107393741607666015625,2.857172612231132804968695274388447366924277181339941878,0,0,0,0,2.995677554003833493208395917893780793465770337871355918,0.514808537767154845917153842449707814328666394197519676,4.078315292499077829193933818285342222313227661293104092e-56,1,ROOT_OK
kepler,kepler_0000010,dev,ordinary,0.6307281099034527382940495954244397580623626708984375,0.7812416799316849100040427816697266493600681799620460686,0,0,0,0,1.403124440752789127911050100267417208059714924765187074,1.117643783595692559341528723754208317274851516364998273,1.019578823124769457298483454571335555578306915323276023e-56,1,ROOT_OK
kepler,kepler_0000011,dev,ordinary,0.8373836417977222890129951338167302310466766357421875,0.05429273750616293111576696795145656842095535015998662188,0,0,0,0,0.3087342463879570929842313400063752151624433558398690181,4.945384465046987201407537825148405118884395790306739182,1.911710293358942732434656477321254166709325466231142543e-57,1,ROOT_OK
kepler,kepler_0000012,dev,difficult,0.9999999242588065659499954740024140571010848108610638419,0.0008445020217336716936016242435149857639582396679191298726,0,0,0,0,0.171841812369689966927199535343085289252575278817711557,67.89520151024401847901476136655494912435133345375212027,2.499162935589034509589056123998097895021045270958420721e-57,1,ROOT_OK
kepler,kepler_0000013,dev,high_e,0.936296441663753586936991268885321915149688720703125,3.039243993657528787669243185161122257675322136167802109,0,0,0,0,3.088722795465891364786950642268458102408404963965059931,0.5167990256412288867640836183964648647777210298220123523,0.0,1,ROOT_OK
kepler,kepler_0000014,dev,ordinary,0.562153864208173814631663844920694828033447265625,0.371464804154528338561894928162295662203192342281361755,0,0,0,0,0.7578799188099290558169002982560236998913360587384146079,1.690015677470145385938946847501077475198193162015986301,1.019578823124769457298483454571335555578306915323276023e-56,1,ROOT_OK
kepler,kepler_0000015,dev,ordinary,0.1053762379229953027870436699231504462659358978271484375,0.9365486264206213043075511189958720652520552059515490494,0,0,0,0,1.026708517806887869273883494480805683820288921100732336,1.057693732001529471455525901695934115825446362095787833,2.039157646249538914596966909142671111156613830646552046e-56,1,ROOT_OK
kepler,kepler_0000016,cal,difficult,0.9999999998285475550592056344318064390828620378767086664,0.00002340338693635514241124597471603129630829656142697152822,0,0,0,0,0.05197918781773805296424031026613601699290061598150519769,740.4039839068720898387907369035977459319725110866616325,2.520321187533762391393345941780950317439052128332072689e-58,1,ROOT_OK
kepler,kepler_0000017,cal,high_e,0.91394064355761261975175102634239010512828826904296875,2.137699925629241482338629533747432129315003340119316829,0,0,0,0,2.604952943173154573680290094670955161601974061298011754,0.560076818832296585918301404917445931965402104340238988,4.078315292499077829193933818285342222313227661293104092e-56,1,ROOT_OK
kepler,kepler_0000018,test,ordinary,0.62321463180781855317746931177680380642414093017578125,0.5604141841149188773862459915990842638012991697352057724,0,0,0,0,1.121879208620816255340286766498446095704375269886283656,1.370743751519661028629949371431978736998046352358998506,0.0,1,ROOT_OK
kepler,kepler_0000019,test,ordinary,0.014946430514338471251534201655886135995388031005859375,1.577465118887180570616387183514409066919726280217909263,0,0,0,0,1.592408059045361926867468251486572758555142085849215551,0.9996771111810933775845706755306239886150188164212742166,0.0,1,ROOT_OK
kepler,kepler_0000020,dev,difficult,0.999999942121293807916443286279189945750467247497390005,0.00001824695386690203882395090250410593830512936646755166649,0,0,0,0,0.04783823480457050261769087143965714978761859239307044445,874.0586645441951067664147190425451217555409878669805229,1.253937578489020053989528906836695034478935811997315177e-58,1,ROOT_OK
kepler,kepler_0000021,dev,high_e,0.95143935373519494813621122375479899346828460693359375,1.125162821656451669200725013701394457752486623307069285,0,0,0,0,1.993039232330223759370994332116245901101396453395959207,0.7194726568963975030238392723609704926836168132459307102,2.039157646249538914596966909142671111156613830646552046e-56,1,ROOT_OK
kepler,kepler_0000022,dev,ordinary,0.82922468076368660572228463934152387082576751708984375,0.6282650411791727914529652115278231439068816185566087064,0,0,0,0,1.451606632726792911354085093957456317883825077807005504,1.109386865977384347049925479092031392938925425942044151,0.0,1,ROOT_OK
kepler,kepler_0000023,dev,ordinary,0.05064727480633205575211164273241593036800622940063476563,1.98063307185580766480569224359328641222743991694378861,0,0,0,0,2.026120331062725431885046831361410937068230523542389238,0.9782129402908331945983212309773112459703608574714993461,2.039157646249538914596966909142671111156613830646552046e-56,1,ROOT_OK
kepler,kepler_0000024,dev,difficult,0.9999999997302821894343361292639181880095982976607473139,0.00000001583996609164250836309983691115332526263699768750923153,0,0,0,0,0.004563423075266776695880291906282661488257144308282308058,96036.87760270677126858740221253302148445253929677430206,7.815535935638009074680296461292899198838958790609235343e-60,1,ROOT_OK
kepler,kepler_0000025,dev,high_e,0.91566473907423728828547382363467477262020111083984375,0.3680431882809908600672266226340530797221909225166900374,0,0,0,0,1.231507270327526375909257508636977101868686657519606227,1.438328585470254681173155577783798247643357944991835998,5.097894115623847286492417272856677777891534576616380115e-57,1,ROOT_OK
kepler,kepler_0000026,cal,ordinary,0.1533597359538018956026661498981411568820476531982421875,1.08645426421161924817202531119246781736778166183074655,0,0,0,0,1.231047723524061996335462252892791127524608475977822596,1.053859762298099535642035420741612966408468437273979631,2.039157646249538914596966909142671111156613830646552046e-56,1,ROOT_OK
kepler,kepler_0000027,cal,ordinary,0.77279958149498917396869046569918282330036163330078125,0.4929227119715117054745890046585178506595517159571028184,0,0,0,0,1.218171493352349421727634035655379574860484465397825031,1.364062676480515192473956931366628692638562605617741109,5.097894115623847286492417272856677777891534576616380115e-57,1,ROOT_OK
kepler,kepler_0000028,test,difficult,0.9999999609120672510413636054380714031304820681936033396,0.001373198564821388163144000796310487724337597023702473242,0,0,0,0,0.2021108946530285137093893034621904939874619301192260938,49.12794533103039301681942567643934250582154152206708422,1.613005560021607930491741402739808203160993362132526521e-57,1,ROOT_OK
kepler,kepler_0000029,test,high_e,0.94766496515693987578998758181114681065082550048828125,0.365294397788963503381483403734972992895160501408044542,0,0,0,0,1.270569877073926213836994667796767283297660170329074369,1.389388978056097450436941080016404883529084002972374609,1.529368234687154185947725181857003333367460372984914035e-56,1,ROOT_OK
kepler,kepler_0000030,dev,ordinary,0.3318694959919035181172830561990849673748016357421875,1.540004732562018891004768069240508778188418845504348254,0,0,0,0,1.858256632687494103632032777077814098095363538304857996,0.9140008696965975654128780157876566021778573602120650907,0.0,1,ROOT_OK
kepler,kepler_0000031,dev,ordinary,0.5160543031450919304603530690656043589115142822265625,1.498768600838792753957623037938952405336712789072252243,0,0,0,0,1.973534119897258820205811529666161194933790633333921598,0.8317657477925696622048583966780745681465987400124826173,2.039157646249538914596966909142671111156613830646552046e-56,1,ROOT_OK
kepler,kepler_0000032,dev,difficult,0.9999999014975948221013731801142880246919307358375774971,0.001712119208928990646037078219120231099683492371336787637,0,0,0,0,0.2175550785560394304630625255166607035400819391472979922,42.4231962066267776888982531858437400670254757786727444,1.075337040014405286994494268493205468773995574755017681e-57,1,ROOT_OK
kepler,kepler_0000033,dev,high_e,0.942762809919518218748635263182222843170166015625,0.7838166333865928091926608634328785437141621737463097943,0,0,0,0,1.716579086673254819951498053925121422849181838807187076,0.8795444058857068960202115676871939880793639136503603428,2.039157646249538914596966909142671111156613830646552046e-56,1,ROOT_OK
kepler,kepler_0000034,dev,ordinary,0.2445046093065017245304915149972657673060894012451171875,1.740233541215172320405649581917599917860243259989041728,0,0,0,0,1.965900639810328756732609055945270284752055854435960015,0.9139841171674495681090047760721551342768308542175424251,2.039157646249538914596966909142671111156613830646552046e-56,1,ROOT_OK
kepler,kepler_0000035,dev,ordinary,0.440273015784773125158579887283849529922008514404296875,1.165678132261232864174867218136950528146153231366608314,0,0,0,0,1.605683247681247684191260664745867075662240863526116408,0.9848756057570472382818959742362934489375472261741127054,2.039157646249538914596966909142671111156613830646552046e-56,1,ROOT_OK
kepler,kepler_0000036,cal,difficult,0.9999999737209512278782441196618398610962632361681805642,0.0005547708638179833263841511388996564976239457572709569868,0,0,0,0,0.1493649735893747875362276851305157676380671678918062784,89.8129623953174946348323097233191938064530783488174914,2.090933133361343613600405522070121744838324728690312157e-58,1,ROOT_OK
kepler,kepler_0000037,cal,high_e,0.96620759862887040103629487930447794497013092041015625,2.561990906506935290186066140949432596054276632562590502,0,0,0,0,2.844676691107983813907439527851754252680277887261385404,0.5197695434507337681279944127636059095030822230772018033,8.156630584998155658387867636570684444626455322586208185e-56,1,ROOT_OK
kepler,kepler_0000038,test,ordinary,0.00527430123490379987316600818303413689136505126953125,2.337596928657411040736200608708215611108573568730562838,0,0,0,0,2.341381257493736058684834570590908091582143741900665957,0.9963396065568184498237165829451858257979791224521080821,0.0,1,ROOT_OK
kepler,kepler_0000039,test,ordinary,0.3267190268838187083844104563468135893344879150390625,1.78395993364434363126251011097113060522172135767417509,0,0,0,0,2.070698220080612153962392441701219669317819130651665333,0.8645961837111012462298380035777356402350401032625968281,2.039157646249538914596966909142671111156613830646552046e-56,1,ROOT_OK
kepler,kepler_0000040,dev,difficult,0.9999999634581981525737026532486138940146584200596805179,0.001043817440736037086458549360336957468171928333940484813,0,0,0,0,0.1844324029790174125652158439842929218749942155063335716,58.96387687035123946734638765848230412073501542725570146,1.493523666686674009714575372907229817741660520493080112e-57,1,ROOT_OK
kepler,kepler_0000041,dev,high_e,0.96001459544493272790788296333630569279193878173828125,1.050863844536080115165067280222145857400055583836542839,0,0,0,0,1.94458871882101177682468859525861768225970721638502158,0.7404401985784504062198436177129979915327598769246043377,4.078315292499077829193933818285342222313227661293104092e-56,1,ROOT_OK
kepler,kepler_0000042,dev,ordinary,0.03832763605311297061550845910460338927805423736572265625,3.006915645679990758138808441991085976470905644219020455,0,0,0,0,3.011873540821414960833159426378789475882791937013485014,0.9633859231062269958529966247569546411209819953169941818,4.078315292499077829193933818285342222313227661293104092e-56,1,ROOT_OK
kepler,kepler_0000043,dev,ordinary,0.338095803845170961299260170562774874269962310791015625,0.680319313748074812010098996788427152369546480451628246,0,0,0,0,0.9566293978855198460989893390310634625780606319840540524,1.241984753694551532955613314952831100088388317482616882,0.0,1,ROOT_OK
kepler,kepler_0000044,dev,difficult,0.9999999999812102001369339565162345503686284431850025438,0.005690286556057110814204009746719454019409833726791251381,0,0,0,0,0.3249822797336104087547395538188772510746185311206331474,19.10452669653403451055225333649201564505366117818308466,4.61996654228411160338375315352636423621420321005859448e-57,1,ROOT_OK
kepler,kepler_0000045,dev,high_e,0.9549600126494366403306912616244517266750335693359375,0.5399328003139325963090659247276432812555197654929727622,0,0,0,0,1.491924025814699557585658979498581677542973384544193008,1.081363785419825387191601942233400979145332191509440878,0.0,1,ROOT_OK
kepler,kepler_0000046,cal,ordinary,0.262292312120745663150955806486308574676513671875,2.5678565124636502732741335439389218941779681934724677,0,0,0,0,2.683785118501623506669072222521280355394745620440361677,0.8095314779935899588635238368773725042545793984343460222,8.156630584998155658387867636570684444626455322586208185e-56,1,ROOT_OK
kepler,kepler_0000047,cal,ordinary,0.242613280254355301313040627064765430986881256103515625,2.85294397668385777786961315746538837842525798529827685,0,0,0,0,2.90889208841059237282104231638402999650671783123064479,0.8090129430025092444924731894681891775659910877683615805,0.0,1,ROOT_OK
kepler,kepler_0000048,test,difficult,0.9999999994125266377536251538180602168176616105255935735,0.00000009588169154649941374078838790442036722938368737829377932,0,0,0,0,0.008316784266926292038574327160540700567803485955499698372,28914.40431459349214750469816542538436349184473723119135,7.530334659280564367340188135078151903320501237603293572e-59,1,ROOT_OK
kepler,kepler_0000049,test,high_e,0.92781455028338044588309685423155315220355987548828125,0.7059961626178614878131650300017848513359931411169411135,0,0,0,0,1.632069560051799303726346478006769337535537443284167455,0.9462397385259581121138121790283530380200322939875576896,1.019578823124769457298483454571335555578306915323276023e-56,1,ROOT_OK
kepler,kepler_0000050,dev,ordinary,0.821317119443941923151442097150720655918121337890625,2.527243350239365747755212702364704972419581427294926898,0,0,0,0,2.801338663757358207268387291805305178348276206935518325,0.5636244807174391157243103660914752566824545789187297136,4.078315292499077829193933818285342222313227661293104092e-56,1,ROOT_OK
kepler,kepler_0000051,dev,ordinary,0.8217521212704006483562579887802712619304656982421875,0.5498859136454824255136623989395667727772433334708304458,0,0,0,0,1.352057185963955622821405933695648158695663132070282966,1.217017861651877150246984875587791233788378628935096938,1.019578823124769457298483454571335555578306915323276023e-56,1,ROOT_OK
kepler,kepler_0000052,dev,difficult,0.9999999989869866312197774656839417712030438088928563324,0.00002596332021570657998347609616348225595598129314991334595,0,0,0,0,0.05380935846505863787843319821953292102094047835499002631,690.9058276365317851973143511970634166709506719245127051,5.930533559801668046908293043252458401282510316791272278e-58,1,ROOT_OK
kepler,kepler_0000053,dev,high_e,0.94275702171132957918331385371857322752475738525390625,0.4081642259056317577122943214027503914723508706821198646,0,0,0,0,1.321861030551288829275574914273119223233692152964068269,1.302539790763630608739635666043613572984988947003885378,2.039157646249538914596966909142671111156613830646552046e-56,1,ROOT_OK
kepler,kepler_0000054,dev,ordinary,0.448014874229430148933062127980520017445087432861328125,0.8236157905993194000564258777288989091084102759001483997,0,0,0,0,1.248572990274328647141797685144337278745450769899307438,1.16533230210860674528384534927770876788054619439553998,1.019578823124769457298483454571335555578306915323276023e-56,1,ROOT_OK
kepler,kepler_0000055,dev,ordinary,0.6475627172735769487843526803771965205669403076171875,1.640853402114403643378386513550302853026295405756186371,0,0,0,0,2.17409934286220662261908065489993532810681695471043302,0.7313123716969867618317311097088152620987689560549571171,0.0,1,ROOT_OK
kepler,kepler_0000056,cal,difficult,0.9999999999726101317441969003067823652938842410521248276,0.005709046985470499068530986671464215971835338420373747855,0,0,0,0,0.3253402977326627208988766761614567871830606352841903722,19.06287350936964801768784231915709807552538799367095873,1.11516433779271659392021627843739826391377318863483315e-57,1,ROOT_OK
kepler,kepler_0000057,cal,high_e,0.93785498122516453012309511905186809599399566650390625,1.661346185878814890511370517620461066871965022958860901,0,0,0,0,2.337070257401103773737911844443230944081195427027371948,0.6059281733475039348229504091731832982882242053691967134,2.039157646249538914596966909142671111156613830646552046e-56,1,ROOT_OK
kepler,kepler_0000058,test,ordinary,0.299768508909279030039130020668380893766880035400390625,2.244861542761235292441382146594956429034177420921965753,0,0,0,0,2.438651269514747264828476979008157844350283507008656257,0.8138639562059148468949325227600992032387462283725000077,0.0,1,ROOT_OK
kepler,kepler_0000059,test,ordinary,0.333468597214390094496394567613606341183185577392578125,2.409357439180915166127751433895207273314259918437442386,0,0,0,0,2.585411201085115068137776071425446613802565238702050936,0.7792973085642647145503324108085590136800530632208794432,4.078315292499077829193933818285342222313227661293104092e-56,1,ROOT_OK
kepler,kepler_0000060,dev,difficult,0.9999999999753490811332225163863516450649057452953605901,0.00000003114087856709249407769330863551071098990026196221460377,0,0,0,0,0.005716895914482657952800462731287528250013704434137458047,61194.15650725114307716063561980093491362185585262818992,6.375308991594735663375538902596266734212509707147097258e-59,1,ROOT_OK
kepler,kepler_0000061,dev,high_e,0.95790076473102769849532478474429808557033538818359375,1.272042893819457879075772062464612758652837491893212873,0,0,0,0,2.099266364370356208969334076679142958102063851378092178,0.6743153269308825009990968193960463952290898450530664208,4.078315292499077829193933818285342222313227661293104092e-56,1,ROOT_OK
kepler,kepler_0000062,dev,ordinary,0.86285122512881728962241822955547831952571868896484375,2.639942041035665440329586120769149243638810581933147482,0,0,0,0,2.870773069368220032681531587484152855084576986144133047,0.546029765238579826367405670846592499481137004257503926,0.0,1,ROOT_OK
kepler,kepler_0000063,dev,ordinary,0.44048566870171701470582092952099628746509552001953125,2.882428529741806121890318275142812387730771682064030368,0,0,0,0,2.961380451256416640637386627051660937164747874569370812,0.6976651853024532770558255959315275310435952765427467051,0.0,1,ROOT_OK
kepler,kepler_0000064,dev,difficult,0.9999999999639470217504819228150966880468594304297193547,0.0007934773836211877725038140462058781301785503427863288012,0,0,0,0,0.1683062761574781300877121130985651514643404909865569616,70.77091371575947009900473226037786680238063731015664415,8.662437266782709256344537162861932942901631018859864649e-58,1,ROOT_OK
kepler,kepler_0000065,dev,high_e,0.95687713122864170856018972699530422687530517578125,2.278591737148144669562976669628287395463956814007933532,0,0,0,0,2.693315370314345665976148801429707634544031786003966289,0.5369609064175117397785016147839947554096807653130384807,8.156630584998155658387867636570684444626455322586208185e-56,1,ROOT_OK
kepler,kepler_0000066,cal,ordinary,0.427409884413721130602681341770221479237079620361328125,1.791722987511941872983441515394630527347201546904657773,0,0,0,0,2.149531392549509255713649388987218182625060507130629485,0.8105183031721300226170885709376045297641005995680667368,4.078315292499077829193933818285342222313227661293104092e-56,1,ROOT_OK
kepler,kepler_0000067,cal,ordinary,0.2092535303308285243861774915785645134747028350830078125,1.049135064500740917806148569012354516920718149276278812,0,0,0,0,1.247551278833427378834657917068258991480468427050377046,1.071200997418327098603015231902894188814105325245852986,0.0,1,ROOT_OK
kepler,kepler_0000068,test,difficult,0.9999999999324696697098221876351721302688302464828002895,0.000000292050265778091403825984367141416032780372815951242487,0,0,0,0,0.01205601002869040013318618903572602920536453324233049942,13760.29204301143277277329248327763072678150833924694754,7.279469355891787092270943052910140644871706697051721522e-59,1,ROOT_OK
kepler,kepler_0000069,test,high_e,0.9406100901314593532021035571233369410037994384765625,2.15029987527456248249523127520536796582870491229387207,0,0,0,0,2.619432524101460542630918663437275207236573096512567721,0.550882847147984064913862795074154855818551790306239472,8.156630584998155658387867636570684444626455322586208185e-56,1,ROOT_OK
kepler,kepler_0000070,dev,ordinary,0.81325248371647063105882580202887766063213348388671875,2.157325687888560186559373570133299250807898744734243113,0,0,0,0,2.586161560334474049779323979325181428918019648637940089,0.5913664612837311043658451058677999596132354862526355725,8.156630584998155658387867636570684444626455322586208185e-56,1,ROOT_OK
kepler,kepler_0000071,dev,ordinary,0.74931836602748724818212622267310507595539093017578125,1.615624147335032768725357537226253608126687506423960156,0,0,0,0,2.214836427273147212383259359708472811533762231944778045,0.6896960521780879160121320504109266345501286160644221247,2.039157646249538914596966909142671111156613830646552046e-56,1,ROOT_OK
kepler,kepler_0000072,dev,difficult,0.9999999960114391097864778222801291143049363238917636969,0.0000003944515470343902781873845653530958961307272671891264819,0,0,0,0,0.01332590611945948851197825397839144679698620518907504711,11262.20469587186204214032256202941219206388034519794113,1.196860860237387394894316944343430457459772092887325723e-58,1,ROOT_OK
kepler,kepler_0000073,dev,high_e,0.97166969113902001975446864889818243682384490966796875,1.048505077299826693916012822597711473737915775244942998,0,0,0,0,1.950843392771576977041424115796747985288809395664142658,0.7350483910861255692233148599583816930679744586149771598,2.039157646249538914596966909142671111156613830646552046e-56,1,ROOT_OK
kepler,kepler_0000074,dev,ordinary,0.377867861007153249541801187660894356667995452880859375,3.115043915488650961872244835137226169557640388606571596,0,0,0,0,3.122324341025145326274223676010825048542962974518924991,0.7257959473135444443817972520504933526594482609750545975,0.0,1,ROOT_OK
kepler,kepler_0000075,dev,ordinary,0.78282410469843533018519110555644147098064422607421875,0.2664733614079427080235298912500894354526778416786160432,0,0,0,0,0.8594495672498005442739341761842172628367623936362098108,2.0452835924430613976303702620024183064523013656607746,5.097894115623847286492417272856677777891534576616380115e-57,1,ROOT_OK
kepler,kepler_0000076,cal,difficult,0.999999999973953190727332512225681615020840660968500013,0.0006034860612240119507458602914461724006027016122853187647,0,0,0,0,0.1536185452052428161582939038273550589897701397327109018,84.91744736783577845044721765726912417363078516538464373,1.792228400024008811657490447488675781289992624591696134e-57,1,ROOT_OK
kepler,kepler_0000077,cal,high_e,0.97766749199875413456339856566046364605426788330078125,2.045334172318780848895788696507573189108758407550815526,0,0,0,0,2.572317842724448562071412996552365597236372149206772125,0.5484014772421264159926956433686966292512929912623173675,8.156630584998155658387867636570684444626455322586208185e-56,1,ROOT_OK
kepler,kepler_0000078,test,ordinary,0.85188282814968940837019317768863402307033538818359375,1.672877698882917164822070780618385211175915854800134218,0,0,0,0,2.305181618802788687659460225921969810626507849526975892,0.63658865552726290673008860314543055389680552939863427,6.117472938748616743790900727428013333469841491939656139e-56,1,ROOT_OK
kepler,kepler_0000079,test,ordinary,0.63701749457120382391650537101668305695056915283203125,1.486749032022591800821505575023093713617854871244428796,0,0,0,0,2.051556529793562433887174696928550271700734408066425964,0.7724448129368742563743973368154518460230147998115693822,2.039157646249538914596966909142671111156613830646552046e-56,1,ROOT_OK
kepler,kepler_0000080,dev,difficult,0.9999999986542121325065227232453909195591681203008895447,0.00000005892865288770070763266113514408769059377080340791664584,0,0,0,0,0.007070816576400031021276634484911221937278225543445210739,40000.85580857803125990588210960621586635212036027919942,3.509379523932103028930158856578523774622707929561926157e-59,1,ROOT_OK
kepler,kepler_0000081,dev,high_e,0.9324566298207397352371117449365556240081787109375,0.9366922745296044543024618405010938246867940129212979855,0,0,0,0,1.83644143935456899224286833693232912333841366140479096,0.8033422095796428737764141513649377174288061528397657355,1.019578823124769457298483454571335555578306915323276023e-56,1,ROOT_OK
kepler,kepler_0000082,dev,ordinary,0.8406063782818919971617788178264163434505462646484375,2.607892254289914583275652185605403922281744848255860812,0,0,0,0,2.849749655436822856198783168420855859460527968640214286,0.5539977328691762720763170584243082508178369455835260119,8.156630584998155658387867636570684444626455322586208185e-56,1,ROOT_OK
kepler,kepler_0000083,dev,ordinary,0.8499002288948969141557654438656754791736602783203125,1.63955309904112817219896307511695499173993082100044738,0,0,0,0,2.282911691294829654181187765580067217863937355053307536,0.6429396845637559213714202467020722842124986023968489561,2.039157646249538914596966909142671111156613830646552046e-56,1,ROOT_OK
kepler,kepler_0000084,dev,difficult,0.9999999999764586238149813337995522447048196456072634298,0.000007342837609864690542376110114795674909224524696563282341,0,0,0,0,0.03531946130780294747853091726025433051189823715400980943,1603.4188495500204476353108943514142426254859003993633,6.163118755811728218212802437262490544774570991597225899e-58,1,ROOT_OK
kepler,kepler_0000085,dev,high_e,0.9495971880611009385830811879714019596576690673828125,2.243462615305474004895265496675884964772288185563880446,0,0,0,0,2.672637405112976330876291954048340929562562292542111834,0.5413951891327808181390274796977805134464909167685587055,0.0,1,ROOT_OK
kepler,kepler_0000086,cal,ordinary,0.5467760892410058470858302825945429503917694091796875,0.8829603087789181945444110792218086658977449158571503719,0,0,0,0,1.423843134373192405020044457950567591466786967102774107,1.087029312438321585482398247835513689270201555344203027,2.039157646249538914596966909142671111156613830646552046e-56,1,ROOT_OK
kepler,kepler_0000087,cal,ordinary,0.283270675842887731388231031814939342439174652099609375,2.029912552369866427048957581262175970313658020625082752,0,0,0,0,2.25026984721541795635455840777610546019148753602681533,0.8488945351160697612084279764223860873229056136842322092,0.0,1,ROOT_OK
kepler,kepler_0000088,test,difficult,0.9999999873550905948509586362522344797305485145746210616,0.00009891957980574608758408894819533713801420023257303550492,0,0,0,0,0.08404800631628216907712768805082126195284497487337158461,283.288722158825769822995729824753905737390989083131029,1.7797823694682865282432023193811155328088121202542538e-58,1,ROOT_OK
kepler,kepler_0000089,test,high_e,0.95050829183231166918943699783994816243648529052734375,0.8235702523934807342231514213677949992740060702655621332,0,0,0,0,1.757551067171980625291165231877133469286447378879212052,0.84999184894386174448063184267102257313366779621664729,0.0,1,ROOT_OK
kepler,kepler_0000090,dev,ordinary,0.07037026015679019586013254183853860013186931610107421875,1.50983595291262043687687080857110699992427032296523844,0,0,0,0,1.580203099652548286466584919314771568171979266401600417,0.999338490593561189310588292996483342335994728582526203,2.039157646249538914596966909142671111156613830646552046e-56,1,ROOT_OK
kepler,kepler_0000091,dev,ordinary,0.093433401157455742147561750243767164647579193115234375,0.7610377965917023656624911256504571783687019051735544603,0,0,0,0,0.8299842406885706940594091607656002767696542785535842778,1.067300813182582851028805251942629210029598642967751688,0.0,1,ROOT_OK
kepler,kepler_0000092,dev,difficult,0.9999999977499168610480809945772368687146202915095836552,0.002379860700055478714590490470020477121031547143903521655,0,0,0,0,0.242844230179003730567577813919828072456718352047102231,34.08079759935033963426163762503576561532067753141592849,2.548947057811923643246208636428338888945767288308190058e-57,1,ROOT_OK
kepler,kepler_0000093,dev,high_e,0.961627185098198555834869694081135094165802001953125,0.1994061257530081597756329762629787826837186567411606819,0,0,0,0,1.01761238291798394254413345014762042993506862625127397,2.021173522639098544777736343819897102056896246947432849,5.097894115623847286492417272856677777891534576616380115e-57,1,ROOT_OK
kepler,kepler_0000094,dev,ordinary,0.2416361554116669141389905917094438336789608001708984375,1.522070556813969547475538057652914949832065825652211107,0,0,0,0,1.759420831222448564162688121725964552862066537353341523,0.9566551911889480977579485669519850646362514595348807295,2.039157646249538914596966909142671111156613830646552046e-56,1,ROOT_OK
kepler,kepler_0000095,dev,ordinary,0.493121136744098575999117883839062415063381195068359375,1.647611739522771545497576959969724209982579031450917587,0,0,0,0,2.078525943985398446684601153819758847227833325235187033,0.8066124166352379810279665738269737282497641504570033278,2.039157646249538914596966909142671111156613830646552046e-56,1,ROOT_OK
kepler,kepler_0000096,cal,difficult,0.9999999995227559821217856400179331153739256610931099246,0.00000005424111554273449947636990765280713740705818801027067215,0,0,0,0,0.006878359471898104562793051745922206952961479955392651404,42272.04018936268609308117563268012571883351038766083853,8.462449975021132643748153510633616215841724750922094954e-60,1,ROOT_OK
kepler,kepler_0000097,cal,high_e,0.93377291729402067677057175387744791805744171142578125,2.125500333133139559441628056238570685552869406894589784,0,0,0,0,2.603809741985818561797106795346072346879212667847009275,0.5549489464166064933823254537234455012373887202894358323,4.078315292499077829193933818285342222313227661293104092e-56,1,ROOT_OK
kepler,kepler_0000098,test,ordinary,0.156456617446188384068506138646625913679599761962890625,0.4743670404855471358066797610960436793368970566527562444,0,0,0,0,0.5570883154786807913136319624170389866087900290922794489,1.153136650550864969159373946730084298769770745133475239,1.019578823124769457298483454571335555578306915323276023e-56,1,ROOT_OK
kepler,kepler_0000099,test,ordinary,0.78050616220801793954109371043159626424312591552734375,2.836484756452531939588649746656943242081379175561277295,0,0,0,0,2.969862982415924449970615518765297171912089768530739878,0.5652829975198308625572314536983530490861303641462500216,4.078315292499077829193933818285342222313227661293104092e-56,1,ROOT_OK
kepler,kepler_0000100,dev,difficult,0.9999999626721477348628869228518495541649926264133984694,0.002417645480495341455817779547471472092404226739580372354,0,0,0,0,0.2441249440836008989679325961322305567095008450948229413,33.72586603890811641613790669252609762825474220656573132,2.27015597336374449476615456681898932296732399114948177e-57,1,ROOT_OK
kepler,kepler_0000101,dev,high_e,0.98043036507743941410097932021017186343669891357421875,0.7969050385704844775411867191104468982635572037389361316,0,0,0,0,1.759864019647601136279566079083869811214305776814654138,0.8444053864397261298105927836646160716267628821133087912,1.019578823124769457298483454571335555578306915323276023e-56,1,ROOT_OK
kepler,kepler_0000102,dev,ordinary,0.02754983989758890208787711628701799781993031501770019531,1.06949005295001717485461766146985708185451666709669365,0,0,0,0,1.093966833174944944330597325104805050433111768842018956,1.01280633064374566729476350785473842917921916456016498,0.0,1,ROOT_OK
kepler,kepler_0000103,dev,ordinary,0.2450700486702563074548066879287944175302982330322265625,1.322728153098900756417276574532354995301385965129963553,0,0,0,0,1.56779709952280854129362597669884659393035208746122759,1.000735560322887975696856238728168691164908593924750033,2.039157646249538914596966909142671111156613830646552046e-56,1,ROOT_OK
kepler,kepler_0000104,dev,difficult,0.9999999436537438788931341658078758768168609984192544409,0.0000003867017965438513835484078531951619677099318225488527252,0,0,0,0,0.01323013920457519270602731215719719452285524706613578317,11418.99820463584107019228238039389338677463819428233494,4.234567427357073771033187336595693916839148155434481698e-59,1,ROOT_OK
kepler,kepler_0000105,dev,high_e,0.911464156876403475138204157701693475246429443359375,0.9694995205701788266289743145847545838476553802263458351,0,0,0,0,1.84653301870755242444500534490580259202735986461646018,0.8011848108719400640763024399465674364924701165885348453,1.019578823124769457298483454571335555578306915323276023e-56,1,ROOT_OK
kepler,kepler_0000106,cal,ordinary,0.6174080750170134468390870097209699451923370361328125,2.549596356127050640383442679878570296011133149202743294,0,0,0,0,2.772397360860393753468557097523510567445530947971210489,0.6345959201507445221648625147375834159084839240380644119,0.0,1,ROOT_OK
kepler,kepler_0000107,cal,ordinary,0.496777423362785353067039295638096518814563751220703125,0.6470907250121848477849108077153961358288835871197681091,0,0,0,0,1.086812353449703276559374877575348947447805304785671171,1.300652510656832850109604181910391111105571065318885491,1.019578823124769457298483454571335555578306915323276023e-56,1,ROOT_OK
kepler,kepler_0000108,test,difficult,0.999999997923485145278498930121105572211680278289739507,0.0000266748221548448552870203710176416295871752785629836964,0,0,0,0,0.05429647746815239179955564026582538019776849842323835529,678.567057842278921987286526235424262754624011385190623,5.358016154238443009851039150304686971148207117268924902e-58,1,ROOT_OK
kepler,kepler_0000109,test,high_e,0.91636104704557752587135155408759601414203643798828125,2.044090605669317859478699522298848176636089664106884125,0,0,0,0,2.552912639229786824156157623654053296282029376286278564,0.5675001820231017471344334406349111496441379775261749473,0.0,1,ROOT_OK
kepler,kepler_0000110,dev,ordinary,0.04350790027933453679720443574296950828284025192260742188,1.052386198644519660832366457537133914663700286164595167,0,0,0,0,1.090981198907003192112371264898269541174108401765466809,1.020495538014722339872198235465887247737741569625981688,2.039157646249538914596966909142671111156613830646552046e-56,1,ROOT_OK
kepler,kepler_0000111,dev,ordinary,0.7408042783125690089462977994116954505443572998046875,0.8837021866819494812399948741948830957379696344359073651,0,0,0,0,1.623478677502927854765023281417391024656917029238301801,0.9624553294563896628509600758861443609538031437184144323,0.0,1,ROOT_OK
kepler,kepler_0000112,dev,difficult,0.9999999992846462811167450840961353048637287399746598225,0.002492151110150780141411752102005169425277072335808955141,0,0,0,0,0.2466127029603076297213615312170147232203139283914391638,33.05226958424005677843876681947484106733161102482806678,1.951537591137254039360378487265446961849103080110958013e-57,1,ROOT_OK
kepler,kepler_0000113,dev,high_e,0.98863465747190126808874310881947167217731475830078125,1.799409066519096999263379354860684035421012640499391995,0,0,0,0,2.438580069467769677194290277127561874496468636666858802,0.5700515344532950703182245863676591319211628698319890446,2.039157646249538914596966909142671111156613830646552046e-56,1,ROOT_OK
kepler,kepler_0000114,dev,ordinary,0.1163670828284595476498353150418552104383707046508789063,1.217259875248465800911127469495883940228280472276152283,0,0,0,0,1.330277269064648709474703201218225934276783570476108161,1.02850970006541305996366184936798031518891454283186752,0.0,1,ROOT_OK
kepler,kepler_0000115,dev,ordinary,0.1419467539300646452549159448608406819403171539306640625,0.8004853962397701997907423570416253339796657503989012825,0,0,0,0,0.9127960397148630192721657052067404849293142294159286454,1.095057005474437240125904858040184016342738400994129194,0.0,1,ROOT_OK
kepler,kepler_0000116,cal,difficult,0.9999999956360729383506963444645342333847417423534456509,0.00000001976878329772425323295712453108906164047017115969652222,0,0,0,0,0.004911568402604382197320532377754115848705809966976812355,82876.8770983682274388620052411296354346494085379328156,3.417492813969934608410609785784426627632742487383152673e-60,1,ROOT_OK
kepler,kepler_0000117,cal,high_e,0.9487580495451044537702500747400335967540740966796875,2.235614265337464063864079348046055361550382114773795828,0,0,0,0,2.668178899761955194110134774822518414694195975726062789,0.5421785515969252137298103212490422908141912996290431558,0.0,1,ROOT_OK
kepler,kepler_0000118,test,ordinary,0.28121140515142106774959529502666555345058441162109375,1.64240378183759662889570935461775403736279139329388867,0,0,0,0,1.907797211472462682978296075398052411447203908471957873,0.9149257669429314705430582543943940691156255210772730914,0.0,1,ROOT_OK
kepler,kepler_0000119,test,ordinary,0.06567136505223390707808306387960328720510005950927734375,0.1329957054073536311161237978034175084827983544962495862,0,0,0,0,0.1423098762104189457052081367357687705924265565597173227,1.069527289988364871261021051402272652400429322801767481,0.0,1,ROOT_OK
kepler,kepler_0000120,dev,difficult,0.9999999996826511269681228264549781179842474524000462461,0.00003677448923254787658287955043467750549907909755348600324,0,0,0,0,0.06043089011499543571502939725107700522051226368123362832,547.827851895866761523209712912311206643589017910963322,6.969777111204478712001351740233739149461082428967707189e-59,1,ROOT_OK
kepler,kepler_0000121,dev,high_e,0.95406583918747944750293754623271524906158447265625,2.767311671549660671566818656321158104629228347381395396,0,0,0,0,2.949477121765094202110204544601647208493160799075061989,0.5163919820368408189512262339177717103220618305388668284,8.156630584998155658387867636570684444626455322586208185e-56,1,ROOT_OK
kepler,kepler_0000122,dev,ordinary,0.79445405865202667339275421909405849874019622802734375,0.833429065613545851406489458789480889465697322045043305,0,0,0,0,1.626644488343420346057467400164928907368596508013384264,0.9575373019690534871960536566418718029569852125770452799,0.0,1,ROOT_OK
kepler,kepler_0000123,dev,ordinary,0.69520179180463126389355466017150320112705230712890625,1.904409155459918238786450805911557502495633619286732107,0,0,0,0,2.382760011932584811454575237630831292827989177725716213,0.6646876505187912833159728300923419043238479857212976799,4.078315292499077829193933818285342222313227661293104092e-56,1,ROOT_OK
kepler,kepler_0000124,dev,difficult,0.9999999999761055447217943664004563445827062653809411128,0.0000003069526131229136035472077324625499636260591899530642785,0,0,0,0,0.01225768560039241354638776044191602370028413991820535722,13311.23466082954176944920132558168444413703470518663271,5.412078599464861678431853206771901800488334932984690041e-59,1,ROOT_OK
kepler,kepler_0000125,dev,high_e,0.911184411808871885796179412864148616790771484375,2.276573205252126294272227268799302009733410355028972992,0,0,0,0,2.681316915891660975760037599686442196209545120844755849,0.5505524117845279733114796869729881070762548094950235205,8.156630584998155658387867636570684444626455322586208185e-56,1,ROOT_OK
kepler,kepler_0000126,cal,ordinary,0.68739307063399712749429681934998370707035064697265625,2.369335958890661873438125085498377020914381870447119652,0,0,0,0,2.677203388316382305935003651589206429203137156874721508,0.6193504053994383391213975525702117155398165318879959458,4.078315292499077829193933818285342222313227661293104092e-56,1,ROOT_OK
kepler,kepler_0000127,cal,ordinary,0.1325047637488348251100234165278379805386066436767578125,0.4418434458080620285186432454164732123849808195391135907,0,0,0,0,0.5060748433085141753972596212757590073467382205095626738,1.131088413835493348447017303772988794372364733334560671,5.097894115623847286492417272856677777891534576616380115e-57,1,ROOT_OK
kepler,kepler_0000128,test,difficult,0.9999999936641241550602210880731271016668718746052500756,0.007029261607989845069798030039854490487887010805000103426,0,0,0,0,0.348792909221066112612733101837587148270939146147668287,16.60741451423437897662457490431847116600201993379121847,2.947220035595036712503428735870266840343543427106344754e-57,1,ROOT_OK
kepler,kepler_0000129,test,high_e,0.97124301917578736986769172290223650634288787841796875,1.624997701820265189581257247130456685386209348197729329,0,0,0,0,2.329713640756597835922659464295798523785661377901171759,0.5993954916336722768020000076329469626110096461829623648,4.078315292499077829193933818285342222313227661293104092e-56,1,ROOT_OK
kepler,kepler_0000130,dev,ordinary,0.82699125918978355631594467922695912420749664306640625,1.046304089703525394528506334931961122554584680231050468,0,0,0,0,1.842874142579199480024732449102432971950850510377166974,0.8181698030127913931070457425710917548416697303893141257,2.039157646249538914596966909142671111156613830646552046e-56,1,ROOT_OK
kepler,kepler_0000131,dev,ordinary,0.7326725903674333739701296508428640663623809814453125,2.129023722153443037692584822310017616578893090461892242,0,0,0,0,2.542296230125809820955182655270726095965311926247353415,0.6230561809716372399293064306132139023579423321358305793,4.078315292499077829193933818285342222313227661293104092e-56,1,ROOT_OK
kepler,kepler_0000132,dev,difficult,0.9999999485965196925011699012196553923394386442406743512,0.006714690274861786371407174283596715879289711468570321076,0,0,0,0,0.3434889943778478057181186830483440587729555695966331342,17.11899232542004697928984923117668423484336053305076093,1.513437315575829663177436377879326215311549327432987847e-57,1,ROOT_OK
kepler,kepler_0000133,dev,high_e,0.9723749624508053468474599867477081716060638427734375,2.143194990603485568763124710877731313441419514774431226,0,0,0,0,2.624171252583540370644715300283174612723402631814132373,0.5419793652840377038409762760463465377478484713884612182,4.078315292499077829193933818285342222313227661293104092e-56,1,ROOT_OK
kepler,kepler_0000134,dev,ordinary,0.09524870644320591883680293676661676727235317230224609375,2.627554105039206914759280909933480223737138438742645791,0,0,0,0,2.670761504743254942853677933692825965117010478326576749,0.9217568166864579081868404971464865920453970719334968819,0.0,1,ROOT_OK
kepler,kepler_0000135,dev,ordinary,0.133177360343086637062270938258734531700611114501953125,0.4446653408188592967115543007028593793915336995335021223,0,0,0,0,0.5096373419926341727669534525279027345931482996043601204,1.131546053379736317856549196150820662604468052555794621,0.0,1,ROOT_OK
kepler,kepler_0000136,cal,difficult,0.99999999867537201378695759735443803207078363391970746,0.0000001047379301655787745449472401487258046824859618898424758,0,0,0,0,0.008565181979712519923010801577492484265766599425766568642,27261.12530853071374163263448413661396818940816115247949,3.979326566351050380701106584389868508533688593826777577e-59,1,ROOT_OK
kepler,kepler_0000137,cal,high_e,0.9885065170746429874526484127272851765155792236328125,2.535277272138730281436802859643477934122967092325598415,0,0,0,0,2.834289680286065913705886035589437957756766721526387342,0.5148806133979465231453069914712102252998712418537900226,4.078315292499077829193933818285342222313227661293104092e-56,1,ROOT_OK
kepler,kepler_0000138,test,ordinary,0.412066778045493631310591808869503438472747802734375,0.8997399077238835737649605330906856528227896306513493425,0,0,0,0,1.296389681959689755900932215697678024017945377344608147,1.125695290184204721318179796393101410781008112821245139,1.019578823124769457298483454571335555578306915323276023e-56,1,ROOT_OK
kepler,kepler_0000139,test,ordinary,0.333974316663885384404153455761843360960483551025390625,0.6103429786888418063820331107266611867612724991611874714,0,0,0,0,0.8643990118295790573886668886044143213836105456513326119,1.276783507715784654793702258360109243495286923407064122,0.0,1,ROOT_OK
kepler,kepler_0000140,dev,difficult,0.9999999999867416837994294712382980409783579095141690604,0.00001702486238992000798208692983583699771777405543132071326,0,0,0,0,0.04674775576885810484090254915222170521911632973962180914,915.3507664842915823148050956455470688778176900307426305,3.500446093796892210268536030251319885332016844905656512e-58,1,ROOT_OK
kepler,kepler_0000141,dev,high_e,0.94842199700605733792002638438134454190731048583984375,0.8367890745688944403567611286930081565951662229675129293,0,0,0,0,1.767012143272706746529505082179576203443831029065994478,0.8439505398976045278298348792085270428856919991954947442,2.039157646249538914596966909142671111156613830646552046e-56,1,ROOT_OK
kepler,kepler_0000142,dev,ordinary,0.03338015667351362097958755725812807213515043258666992188,0.1410519507435578474946376141748606321512996280544811409,0,0,0,0,0.1459050214395108464071471625016228331149974520097788101,1.034153416660381524526502098757689808644277895838841351,0.0,1,ROOT_OK
kepler,kepler_0000143,dev,ordinary,0.327736584591599211524481916057993657886981964111328125,1.155756694985988041967076790662460321388722348166283018,0,0,0,0,1.482208102781814116726323059927036768543094411162363338,1.029861494729450622988487350692656309904694777735768,2.039157646249538914596966909142671111156613830646552046e-56,1,ROOT_OK
kepler,kepler_0000144,dev,difficult,0.999999999869673638597426019610854261324257807314833093,0.000009055944285601033056171476416384286451737573781746007867,0,0,0,0,0.03787668564267799238478278858706756260562268943783770606,1394.24116076822670327478522544682880107553292290783508,6.322583522306919974458369078640606228439696203420705807e-58,1,ROOT_OK
kepler,kepler_0000145,dev,high_e,0.9304025931172896779486336527043022215366363525390625,0.2964734951799462524899304539573600480884068234630452865,0,0,0,0,1.143049253740883971423515940724117550832767402975981343,1.628535547278426037642157143675648125819793131283836593,5.097894115623847286492417272856677777891534576616380115e-57,1,ROOT_OK
kepler,kepler_0000146,cal,ordinary,0.422301266751921644537759448212455026805400848388671875,2.166211144613949147806155127813450564197191971013750687,0,0,0,0,2.439076825205378410416262159993904390124034125886551614,0.7562532527888907289143899032098171699560377877251568855,4.078315292499077829193933818285342222313227661293104092e-56,1,ROOT_OK
kepler,kepler_0000147,cal,ordinary,0.372730294560787545066204984323121607303619384765625,1.521199990256575116214942724157724473201164147714450352,0,0,0,0,1.876633785777970626659520514351796433822549899415917964,0.8990977933286163150553247505931881859495722200691217427,0.0,1,ROOT_OK
kepler,kepler_0000148,test,difficult,0.9999999403283314594681970367262032495826335171826941914,0.00001173156582716875377216761166424680112700414061676645538,0,0,0,0,0.04128741445399157846686849362725023977048535581976483382,1173.345558422688206404056110738735278244153644981294235,5.207108033750310323452795597000518958313893502177436599e-58,1,ROOT_OK
kepler,kepler_0000149,test,high_e,0.92976486375039313347912184326560236513614654541015625,2.269038610535854516799585183533380245131479306112401684,0,0,0,0,2.681709015614461185101736185090526760367794907798734225,0.5455042895703700464181450031356515435063691082919445543,8.156630584998155658387867636570684444626455322586208185e-56,1,ROOT_OK
kepler,kepler_0000150,dev,ordinary,0.66102183787434587447506828539189882576465606689453125,1.820616123748503203671450024573894905707720553773295268,0,0,0,0,2.309387447358513427514778448480707996623991203545507287,0.6920267448987169105724917840068298292464879023775998513,2.039157646249538914596966909142671111156613830646552046e-56,1,ROOT_OK
kepler,kepler_0000151,dev,ordinary,0.6599846469542953730780254772980697453022003173828125,2.014317613066934561544899054697716169889258596855459486,0,0,0,0,2.440195993057380604765205468108246293464327850711644634,0.6648097266220899291089243627318656871793684563553163855,4.078315292499077829193933818285342222313227661293104092e-56,1,ROOT_OK
kepler,kepler_0000152,dev,difficult,0.9999999971718537790893930099829540319419213813103279111,0.005040789206841122318767771892748843627309317849887965052,0,0,0,0,0.3120720764101635930235384059687584206800157692800393558,20.70368445470404165001944625241514853013392330705388832,2.230328675585433187840432556874796527827546377269666301e-57,1,ROOT_OK
kepler,kepler_0000153,dev,high_e,0.9458005208541762076634995537460781633853912353515625,2.411883293405152654323616315520447675294820501460563943,0,0,0,0,2.762182193854348928396550141307869798960493412425102518,0.5323288177837357003883148808609602637376674389372042013,0.0,1,ROOT_OK
kepler,kepler_0000154,dev,ordinary,0.67756896930330212658333266517729498445987701416015625,3.046222563343261534763263080374393663500590598851430213,0,0,0,0,3.084730103547109900520656559417002707907621140785128075,0.5964900654856869008064406036068394280416520602744685034,4.078315292499077829193933818285342222313227661293104092e-56,1,ROOT_OK
kepler,kepler_0000155,dev,ordinary,0.008687713614140136000885128453319339314475655555725097656,1.915529992668260222468252475714906943056286664221257963,0,0,0,0,1.923682362305196556478819349456744853996491655050686977,0.9970064497995214953301827315129461849801971126674976301,0.0,1,ROOT_OK
kepler,kepler_0000156,cal,difficult,0.9999999999566403444331492401048529899361782759482860318,0.00000007714937491189610756908524725720601522234790155414631521,0,0,0,0,0.00773560628820766057137275848201276481579056138585511161,33422.79894384062235075006591439547964389119539467848013,2.329133628313536299492220692628682047313105513851635269e-59,1,ROOT_OK
kepler,kepler_0000157,cal,high_e,0.92607050934689372212460511946119368076324462890625,2.781436857744279906032399665339871809638515566866374455,0,0,0,0,2.954075269985593904876889374271915266274894581412246815,0.5236050145126840121397984297349563670827911292301046143,4.078315292499077829193933818285342222313227661293104092e-56,1,ROOT_OK
kepler,kepler_0000158,test,ordinary,0.172872830094123575150888427742756903171539306640625,2.779521453558790113032971907236186094365709059932871301,0,0,0,0,2.832163770352667472379985432268102265612226400497103201,0.8586176989880614253461107382368604838467439813236862278,4.078315292499077829193933818285342222313227661293104092e-56,1,ROOT_OK
kepler,kepler_0000159,test,ordinary,0.46469767156476426972488980027264915406703948974609375,2.607830742744717613895077580606825042354075120451541338,0,0,0,0,2.774578308782052127170109499161597752844611731424739098,0.6974716020271466401899841369606693133407011083574644774,4.078315292499077829193933818285342222313227661293104092e-56,1,ROOT_OK
kepler,kepler_0000160,dev,difficult,0.9999999982305201209727597256509735694072355757345590622,0.0006394656756160391717388355576146577024554043984502341262,0,0,0,0,0.156615105429406038690980360474057654843118533733985733,81.70535650254633543903570049913552618375495639351020548,1.11516433779271659392021627843739826391377318863483315e-57,1,ROOT_OK
kepler,kepler_0000161,dev,high_e,0.9213972875484548463731471201754175126552581787109375,1.838192687998385269291505346353114025875643921520538112,0,0,0,0,2.435826659477872679794430820048558179402795155288261535,0.5877895284939398001480357263138057156500095584448918463,0.0,1,ROOT_OK
kepler,kepler_0000162,dev,ordinary,0.859167879434107106817464227788150310516357421875,0.45947643392651711101182094548437412698980336435923004,0,0,0,0,1.283407500747252393262853642119460985999253150704455361,1.321930138682340983135741733187480519698583621642465181,1.529368234687154185947725181857003333367460372984914035e-56,1,ROOT_OK
kepler,kepler_0000163,dev,ordinary,0.69571777780920129874431268035550601780414581298828125,0.1346402969265909870790855215963462738863557840375384317,0,0,0,0,0.4154036922798296063303030004188842948495985468456359612,2.751405576632272711848120444175534782256008042551456775,0.0,1,ROOT_OK
kepler,kepler_0000164,dev,difficult,0.9999999962349542945588440080660284520834645151713768193,0.000004143362203371314376080456902026240691801715256784492227,0,0,0,0,0.02918571766599610107117839801990002536306325225431064667,2348.098072787333921250330444500674906440961610256869088,2.076931348986156044759331377949116465296996661310689531e-59,1,ROOT_OK
kepler,kepler_0000165,dev,high_e,0.9638652502826456913709307627868838608264923095703125,0.1030605196082629104329132646703089612618251103020643623,0,0,0,0,0.7829360273502679654128014718037479015666682757512328717,3.156881243465719723688019520033146566081878967097838665,8.921314702341732751361730227499186111310185509078665202e-57,1,ROOT_OK
kepler,kepler_0000166,cal,ordinary,0.44876098007495579533809859640314243733882904052734375,1.856503696729823518396857278434928680647594697939743619,0,0,0,0,2.215254594919675062093855944398357663936180090514063389,0.7876495955763907108904404769398787124225772031606726155,0.0,1,ROOT_OK
kepler,kepler_0000167,cal,ordinary,0.81812589391237044988969273617840372025966644287109375,2.702519335729763262459925810311605263982679029978029031,0,0,0,0,2.899027686899892108624872881239090541185644435202148675,0.5573591311209000665518333291115306289409503915393655652,4.078315292499077829193933818285342222313227661293104092e-56,1,ROOT_OK
kepler,kepler_0000168,test,difficult,0.9999999990893496350774755026218636860335533254812732013,0.001065210461666506770190977265206424948261880498537589978,0,0,0,0,0.1856856948470946152639142352425428464734707036545660182,58.1729758141206680444679507582307822472844756845759218,1.851969346691475772046073462404964973999659045411419339e-57,1,ROOT_OK
kepler,kepler_0000169,test,high_e,0.966867192662842267480982627603225409984588623046875,1.285484688302975456457757142166596663239434728243690015,0,0,0,0,2.113452008006787636232914084698132730880002963189798565,0.6669771230565500744019390742644893067389221409024331018,4.078315292499077829193933818285342222313227661293104092e-56,1,ROOT_OK
kepler,kepler_0000170,dev,ordinary,0.75642497790633578258479019496007822453975677490234375,1.956010105242558555761829619639221917897471300719948207,0,0,0,0,2.442681955257906750469861077907250653253598081577007193,0.6332816575480961750844510285002845916436345952190118351,0.0,1,ROOT_OK
kepler,kepler_0000171,dev,ordinary,0.5491159758892434350485700633726082742214202880859375,2.910158419535329013730818523824925161732713331161907223,0,0,0,0,2.991997478877497814926281521195081928433726097339251766,0.6480952088010711171634323322268487424299279798958340083,0.0,1,ROOT_OK
kepler,kepler_0000172,dev,difficult,0.999999999974569174958741063511741249586613912757194806,0.00000205244306767332370471483566590794279822180376677929147,0,0,0,0,0.0230928716507765309504610949235216098483121084670188953,3750.536279890884714571308606491648233048253384788424048,1.166815364598964070089512010083773295110672281635218837e-60,1,ROOT_OK
kepler,kepler_0000173,dev,high_e,0.9781837116417178012994781965971924364566802978515625,0.3966763837504707719885534694135686177994644739460270013,0,0,0,0,1.351415327218163483635488544144252879023249902083794818,1.270450633955997281019027959298289142820733745386553068,2.039157646249538914596966909142671111156613830646552046e-56,1,ROOT_OK
kepler,kepler_0000174,dev,ordinary,0.84257352443902633343242314367671497166156768798828125,1.940710046311541599978588541056187709566772444286452133,0,0,0,0,2.466978277300541799141785910737343745188897500323754508,0.6031341269744995382686627789692437811481151360495927404,6.117472938748616743790900727428013333469841491939656139e-56,1,ROOT_OK
kepler,kepler_0000175,dev,ordinary,0.420938102647005651935074865832575596868991851806640625,0.0577465962500315813145663829728847166481822718844453892,0,0,0,0,0.09960472824437128220285429954617237932088998542609923087,1.720731308821771609231566197089442576276213216510914593,0.0,1,ROOT_OK
kepler,kepler_0000176,cal,difficult,0.999999982203068474294080092738376903222570900543763999,0.00008264812420316839650806421125977694243698879218003141427,0,0,0,0,0.07915973090199755673198353778088003588685496323570632338,319.3344053576446878805666589444076655302815081982055685,2.551436263923068099929066262049850938642003389175678525e-58,1,ROOT_OK
kepler,kepler_0000177,cal,high_e,0.928127201796110856690802393131889402866363525390625,2.716444264869131749631269339657813920774625318709096981,0,0,0,0,2.920226409747362840064777359643311456847896984879548384,0.5248023153999543116403454015690219615352370320055386196,8.156630584998155658387867636570684444626455322586208185e-56,1,ROOT_OK
kepler,kepler_0000178,test,ordinary,0.406948467065399388520319234885391779243946075439453125,2.36035914161906283161262809249133967385011020858233477,0,0,0,0,2.577822812015199227488068646945757778003831842193539014,0.7440632248843416003590480244941850247589010548774789879,0.0,1,ROOT_OK
kepler,kepler_0000179,test,ordinary,0.341382265486720959390964935664669610559940338134765625,2.190853348409191533351680104319451682692310379594481813,0,0,0,0,2.417105064843146691297445920337806541488066100842181543,0.7964063622759913383734248986622012891954750887072982698,8.156630584998155658387867636570684444626455322586208185e-56,1,ROOT_OK
kepler,kepler_0000180,dev,difficult,0.9999999999859764260068272046428171579304480669684607222,0.0000000216595703678937046533560273838991817009120713886596403,0,0,0,0,0.005065240535059693355912514148368218975276696705042660546,77952.54561533976012676805058186329418420868823211586433,2.578297325962273418625918569781987803039863657325822625e-59,1,ROOT_OK
kepler,kepler_0000181,dev,high_e,0.9780206900367451883226976860896684229373931884765625,0.4191694220162814828525936308440065863629513972608704804,0,0,0,0,1.379315264482280516288126272372303501015018244286178607,1.228697678586462658510107850865882982134923053536601204,0.0,1,ROOT_OK
kepler,kepler_0000182,dev,ordinary,0.125616944382083428610741293596220202744007110595703125,1.840789196526138706903468483735338732175682622445112741,0,0,0,0,1.957146959290343885444910292186698629507000730542443517,0.9548054390056191442123934560111714165685127603899962136,2.039157646249538914596966909142671111156613830646552046e-56,1,ROOT_OK
kepler,kepler_0000183,dev,ordinary,0.85762313719094940278608873995835892856121063232421875,1.932771876540099029803035305296795350936233630890108813,0,0,0,0,2.467853586992770506254952752656368635369833817381359872,0.5987208043722994167681511462705056111751021357704753693,0.0,1,ROOT_OK
kepler,kepler_0000184,dev,difficult,0.9999999968441948962744618493114744280126342137690904743,0.000001272721562968603659990213710840997833459384873111330056,0,0,0,0,0.01969203607610754463360555895828500619032020896872658737,5157.695714793595170061598822415247716576238952761159315,9.031150921995981902492822958048405304156603459856593802e-59,1,ROOT_OK
kepler,kepler_0000185,dev,high_e,0.93938684477606482214895322613301686942577362060546875,0.6897670945071806069847232776679513377505660241076606226,0,0,0,0,1.627636841575895619754758040722523765512597735304516904,0.9493372104407735753569951224702599683016773009100773595,1.019578823124769457298483454571335555578306915323276023e-56,1,ROOT_OK
kepler,kepler_0000186,cal,ordinary,0.49933228418203035037237214055494405329227447509765625,1.60224440988133459392395916767359515762552336836496078,0,0,0,0,2.04620387070476268030887512824389145970253182689811346,0.8139711284549792913325886832037237457383629027143270181,2.039157646249538914596966909142671111156613830646552046e-56,1,ROOT_OK
kepler,kepler_0000187,cal,ordinary,0.271182953207439181309013065401813946664333343505859375,0.6802244865760875048863379138174545021166497368707588718,0,0,0,0,0.8911490925523999795478540308294823498069228551509672169,1.205463478008186628738721807946432101810147581195044228,1.019578823124769457298483454571335555578306915323276023e-56,1,ROOT_OK
kepler,kepler_0000188,test,difficult,0.9999999860093939044929043269851884723993866772699113687,0.003682314164145429243536442082842497291190673968829955943,0,0,0,0,0.2809713379729321851214166789906266297730856164292008344,25.50144563541313222875889975897699411216146571222599416,9.558551466794713662173282386606270833546627331155712716e-58,1,ROOT_OK
kepler,kepler_0000189,test,high_e,0.97270010358109393333592151975608430802822113037109375,1.763659555736597508303074133290716112489416002049067596,0,0,0,0,2.412016467198647973732508419109508504844835336870488788,0.5796745021900294587659870972399743234931375822440114627,6.117472938748616743790900727428013333469841491939656139e-56,1,ROOT_OK
kepler,kepler_0000190,dev,ordinary,0.57012932597553833691250702031538821756839752197265625,0.4579946695087847141926535477060609861365115128642864161,0,0,0,0,0.9070957786034800872694187389559389672927270520255008107,1.541355062371649643170248477541347681013526473173578941,0.0,1,ROOT_OK
kepler,kepler_0000191,dev,ordinary,0.6094929805702233860387195818475447595119476318359375,2.434726680902647206731444167726033643082249644675259047,0,0,0,0,2.69691202606594841202735169837318208043362519444270034,0.645070303119266244371992628296703989529263964373191298,8.156630584998155658387867636570684444626455322586208185e-56,1,ROOT_OK
kepler,kepler_0000192,dev,difficult,0.999999964235927729399559118215137108019002906221206536,0.00802025568308264577279352051281485483975615514124701994,0,0,0,0,0.3645369979319350831680510436087859113389635002995846712,15.2181280990491831219396690986570636475320710867624297,9.558551466794713662173282386606270833546627331155712716e-58,1,ROOT_OK
kepler,kepler_0000193,dev,high_e,0.97341566819637392882214044220745563507080078125,1.637465507632328877253903750716943500991294597969476373,0,0,0,0,2.338109290421846108663621720853975059261392897389435958,0.5967481754091367368659449407183760379925402365884589802,8.156630584998155658387867636570684444626455322586208185e-56,1,ROOT_OK
kepler,kepler_0000194,dev,ordinary,0.8507359327984198582583985626115463674068450927734375,2.221224450130903301177932410146515345306101130123755373,0,0,0,0,2.634427733276260019900582398838306756162671773967237387,0.573509735328727922276048880803262836554787680905476816,0.0,1,ROOT_OK
kepler,kepler_0000195,dev,ordinary,0.80760331666950635476354136699228547513484954833984375,0.416256701002608996749761962561008964199463994210993655,0,0,0,0,1.155071449761693951582247354754789802639229396796869266,1.484016754844568853420520856253586834515223638090548372,5.097894115623847286492417272856677777891534576616380115e-57,1,ROOT_OK
kepler,kepler_0000196,cal,difficult,0.9999999732986830778235437171405814351939216732205001426,0.0001990117317034000726360823903679311630352720236246308332,0,0,0,0,0.1061099438413812238597016222416945656824482149477240213,177.796539013384888682529104630812847829082215192188845,4.779275733397356831086641193303135416773313665577856358e-58,1,ROOT_OK
kepler,kepler_0000197,cal,high_e,0.93833288773146217298659621519618667662143707275390625,0.6659884046761333827064236445932806034224056992685817445,0,0,0,0,1.603809993320205678802995340183197775415127745545435683,0.9699582755424676143783887730980156140710611375352767126,1.019578823124769457298483454571335555578306915323276023e-56,1,ROOT_OK
kepler,kepler_0000198,test,ordinary,0.75239506216123530624173554315348155796527862548828125,1.417640553281123981088714783848891201778301580974814929,0,0,0,0,2.07603177983642281083495126998865296129328231874096772,0.7330468120217841430153853686984684212833709776391928991,2.039157646249538914596966909142671111156613830646552046e-56,1,ROOT_OK
kepler,kepler_0000199,test,ordinary,0.358955924371667511874051115228212438523769378662109375,0.1153342586934116206006961051824805567274924825974962474,0,0,0,0,0.179378477638671579830240606224575253279783132681482673,1.546064358255975740206531868423974340986196515928505787,1.274473528905961821623104318214169444472883644154095029e-57,1,ROOT_OK
kepler,kepler_0000200,dev,difficult,0.9999999537656425977210006426206890730732948022303641508,0.0001383859779788427901015335698576919428439282953781153822,0,0,0,0,0.09400274466494268533324479889645593885507481944028039427,226.4979247139201679917224629277075566343607373709873665,2.290069622252900148229015571791085720537212798089389505e-58,1,ROOT_OK
kepler,kepler_0000201,dev,high_e,0.944492144660087351581978509784676134586334228515625,2.674898771622801907217135010590296225113970955249808335,0,0,0,0,2.900452703343356145147498792197227024584289469212269324,0.521603632477234957761219189262723350346458870004414948,4.078315292499077829193933818285342222313227661293104092e-56,1,ROOT_OK
kepler,kepler_0000202,dev,ordinary,0.6027329084790167268437244274537079036235809326171875,2.349422697574744371767807833167676434874352917936626085,0,0,0,0,2.639496413125630305850066689273155127350997514482799907,0.6543042478916961135442063303602344643685787053266141947,0.0,1,ROOT_OK
kepler,kepler_0000203,dev,ordinary,0.5820361181446280784967939325724728405475616455078125,0.4372778090735252906404716580653864054429724827547469934,0,0,0,0,0.8893080262167923707093863955917161911190462828383929746,1.578914327919190300010333571321848085172250487823624799,0.0,1,ROOT_OK
kepler,kepler_0000204,dev,difficult,0.9999999999693275138934151543319804320222594816003947521,0.001026752961246865108250040002334875983166021740417690615,0,0,0,0,0.1834210880750787077983968817196979471947142894046555527,59.61415563967707827337733230034166594320577263494610769,2.011278537804720999748961502181736154558769500930681217e-57,1,ROOT_OK
kepler,kepler_0000205,dev,high_e,0.94879209372921080589691200657398439943790435791015625,1.238925458248705929083637898313602753126981160064321505,0,0,0,0,2.071327238624863472157944235522579474984858739003305673,0.6871354435857076709743362774977222702310057578618940523,4.078315292499077829193933818285342222313227661293104092e-56,1,ROOT_OK
kepler,kepler_0000206,cal,ordinary,0.7480902539835192488482107364688999950885772705078125,2.453369058196944082876965237036948622733163568329951982,0,0,0,0,2.743425640656551033528036926189780403018820944501849202,0.5918667163695528372531661861214518322807391458469937773,4.078315292499077829193933818285342222313227661293104092e-56,1,ROOT_OK
kepler,kepler_0000207,cal,ordinary,0.54927968415382244504741038326756097376346588134765625,0.5091243700064577235423726788087251627762977383356996121,0,0,0,0,0.9586704056669196767423743406387800172710860929018122524,1.461178395706033910661197570448163446021482282033692839,0.0,1,ROOT_OK
kepler,kepler_0000208,test,difficult,0.9999999260651015037657234696451519159393596403689692495,0.0001426440714752545940615312270033956168894042674333690872,0,0,0,0,0.09495688898610244160478645478991073963051158309938161011,221.9710307794032889648962165451972889515741919415359616,2.290069622252900148229015571791085720537212798089389505e-58,1,ROOT_OK
kepler,kepler_0000209,test,high_e,0.96446990591313930263339671000721864402294158935546875,0.8814769318345623736957561496406188346638079925374574385,0,0,0,0,1.816889007915794923405201262138631079386272380300096066,0.8097424828050140746046520346801074470825014305898238033,1.019578823124769457298483454571335555578306915323276023e-56,1,ROOT_OK
kepler,kepler_0000210,dev,ordinary,0.28934317845468182639478982309810817241668701171875,2.832469463089037579612939044111644565763765761701767475,0,0,0,0,2.901322906474623697266789696393205503509047833522349593,0.7806209572122561980446067280002838455737735517229698419,0.0,1,ROOT_OK
kepler,kepler_0000211,dev,ordinary,0.61223810756738561433820677848416380584239959716796875,2.058023648912106591207060024858764039909069748994790978,0,0,0,0,2.448972044563475149474122051716663750264056506698899048,0.6797341954788462978443668118679339470235287741540817983,4.078315292499077829193933818285342222313227661293104092e-56,1,ROOT_OK
kepler,kepler_0000212,dev,difficult,0.9999999947832674571041102751577799173663538260759214126,0.00001199268586765780272600993160261173398935944187876168215,0,0,0,0,0.04159417107193852236622760785465282969983228492208490716,1156.178916452499226782914594829053303987047531530826007,5.95853712855204318459044133149446896036516645155051753e-58,1,ROOT_OK
kepler,kepler_0000213,dev,high_e,0.966360310896792640278363251127302646636962890625,2.31151856362399557037880353700953007700298631247531642,0,0,0,0,2.713068849766753405737923369865445664126075249823323643,0.5322030337318904007333517701866041884820501384057262918,4.078315292499077829193933818285342222313227661293104092e-56,1,ROOT_OK
kepler,kepler_0000214,dev,ordinary,0.57644433207871925706200499917031265795230865478515625,0.7941193321434757930926696410737599525281444069763915611,0,0,0,0,1.3575006178421599028834216228845109416423041964269034,1.138981907010716095135026410163942779976992382323317982,0.0,1,ROOT_OK
kepler,kepler_0000215,dev,ordinary,0.19727873886133096004158460345934145152568817138671875,1.279392836562425408315334437971182374983483961888995666,0,0,0,0,1.4757817516634148959093793123525339402896567963318833,1.019073141051346251939640150441190279026147207933917825,2.039157646249538914596966909142671111156613830646552046e-56,1,ROOT_OK
kepler,kepler_0000216,cal,difficult,0.9999999991005502602679388837973667912105514411154863857,0.0000002876755126600758132458451110619105328380938882291168477,0,0,0,0,0.01199537034300346011542618805846176897544019706414336241,13899.60479796444547527635342848457854485709250641863923,4.65899651622994695152824733026366645293565519787929255e-59,1,ROOT_OK
kepler,kepler_0000217,cal,high_e,0.91863263030478481407925528401392512023448944091796875,2.484363470584053461966879062250441404865198286851779502,0,0,0,0,2.795760910391315311294499121735104115399951443651136321,0.5364104944436179153845272173093389416778036774596649032,4.078315292499077829193933818285342222313227661293104092e-56,1,ROOT_OK
kepler,kepler_0000218,test,ordinary,0.63690523205550542140684910918935202062129974365234375,0.5866173107628795892054901130797989732534957854657625628,0,0,0,0,1.174049674682175092459317995289173900143112701864419365,1.326458324011792852283134611857504824243818403488336981,1.019578823124769457298483454571335555578306915323276023e-56,1,ROOT_OK
kepler,kepler_0000219,test,ordinary,0.30452784809840560686922117383801378309726715087890625,2.239642194586736098793055441231630573501295391654127706,0,0,0,0,2.436912377842744400599271924915699344892182678535919612,0.8116915987338699059043683401669617312057853920002093952,0.0,1,ROOT_OK
kepler,kepler_0000220,dev,difficult,0.9999999995372337697799509600916307723020283796618998462,0.003767851332292816302153341214020951172005345987717170348,0,0,0,0,0.2831361450057049513005979262774090865121505766111780348,25.11554514477931560429838657020016825847786487957960131,3.863247884496196771795034964586701128558428546342100556e-57,1,ROOT_OK
kepler,kepler_0000221,dev,high_e,0.95345914393189967750430469095590524375438690185546875,1.388002765305929639366918094425544723891585031053292113,0,0,0,0,2.173479305641465660246568265785969567540508636520294695,0.6491513139563539602310050455859939907843945727716815125,4.078315292499077829193933818285342222313227661293104092e-56,1,ROOT_OK
kepler,kepler_0000222,dev,ordinary,0.5102980467259123908974061123444698750972747802734375,1.905528647625512704022625666313918440863461520029259911,0,0,0,0,2.289581969861583751951499928388075328817834000309755384,0.7484937049565743278999922948660027591278735723974901611,4.078315292499077829193933818285342222313227661293104092e-56,1,ROOT_OK
kepler,kepler_0000223,dev,ordinary,0.66648378943137387420136974469642154872417449951171875,2.563580529142519207420154875520430855923792289452094038,0,0,0,0,2.791914713311453336422629170389698481139974078551462418,0.6149493239550768841162911120082512189806823600587795924,4.078315292499077829193933818285342222313227661293104092e-56,1,ROOT_OK
kepler,kepler_0000224,dev,difficult,0.9999999982433731988057791597588760100505190654788858122,0.0001313378701751268956695605866243476680930956209195998438,0,0,0,0,0.09237944160478400011800099256166284440992449643578499094,234.5243971401618548800013427956333819627956166253902117,8.239272227888151620258740807204884494541493871386825284e-58,1,ROOT_OK
kepler,kepler_0000225,dev,high_e,0.94431631374599600547981026466004550457000732421875,2.37878007845858690470032402344884334067162439600167454,0,0,0,0,2.744224121697663271480646937352205071800476632813662199,0.5345485144627789728250216681141229770642733311862739068,8.156630584998155658387867636570684444626455322586208185e-56,1,ROOT_OK
kepler,kepler_0000226,cal,ordinary,0.5343322402989822972330102857085876166820526123046875,0.4289673849636855667547197641036798278020798228462385262,0,0,0,0,0.8194368115431599524243830888366624093260740964463290369,1.574190211447457159020031006593724590912406411614713888,1.019578823124769457298483454571335555578306915323276023e-56,1,ROOT_OK
kepler,kepler_0000227,cal,ordinary,0.435142268981466295851845416109426878392696380615234375,2.210891596201221067889743910769548941442764400495233192,0,0,0,0,2.478683553400475989837375302886364667837629251714827475,0.7446119335847887213834771431136993333232988685774449013,4.078315292499077829193933818285342222313227661293104092e-56,1,ROOT_OK
kepler,kepler_0000228,test,difficult,0.9999999987463205137124022389625682224169918788053311654,0.00008846522016839681558179606892608685114437783464893321705,0,0,0,0,0.08097579748945057474818561712033770116563225683019928573,305.1804323478811167746801885986134318726053282078158522,1.042977360569527350117345135413548822722926263477667612e-57,1,ROOT_OK
kepler,kepler_0000229,test,high_e,0.91712490189547413166337719303555786609649658203125,2.519270464332061152207963341530155958075104884907544996,0,0,0,0,2.814197405245222160874818152581592385655157608124698314,0.53521439125917342138450926024260003877770292286192791,4.078315292499077829193933818285342222313227661293104092e-56,1,ROOT_OK
kepler,kepler_0000230,dev,ordinary,0.84847137904932334873109311956795863807201385498046875,1.591142144256597328483464977559571119295327826452932935,0,0,0,0,2.250857632580208991004204951618132001867914089598741489,0.6520803552740157927610839025224186828969891414639961362,2.039157646249538914596966909142671111156613830646552046e-56,1,ROOT_OK
kepler,kepler_0000231,dev,ordinary,0.465718040361520591030597415738156996667385101318359375,1.46447284532045803393819107128882351196548125408893039,0,0,0,0,1.904499895744958494245365938242315750947155859150099396,0.8676462877459794509836290235533730868797618830381371796,2.039157646249538914596966909142671111156613830646552046e-56,1,ROOT_OK
kepler,kepler_0000232,dev,difficult,0.9999999998541804942364137453292078905852661649408120432,0.000001400589745087877996721866324050025177124068646814161782,0,0,0,0,0.0203309068089349909764013896895760796153571245239831721,4838.727328379465149937883476449696284090914102818216251,3.183461253080840304560885267511894806826950875061422062e-58,1,ROOT_OK
kepler,kepler_0000233,dev,high_e,0.9319988628619262360786024146364070475101470947265625,0.2396371219107466249081495617271335243747821458824678507,0,0,0,0,1.046399809467804453052965924482099942271212769248314412,1.874917391518517268587698362200781681340184163980926459,0.0,1,ROOT_OK
kepler,kepler_0000234,dev,ordinary,0.65496210027606915904385687099420465528964996337890625,0.2755980163938224685748813668680289655677161026401651915,0,0,0,0,0.6950527378299254600952577980069112755137273205786813022,2.012169379949888824934436293570854934734005546162906356,0.0,1,ROOT_OK
kepler,kepler_0000235,dev,ordinary,0.34430061057516769817965496258693747222423553466796875,0.8217816514641098596772197975034920281113794434902329701,0,0,0,0,1.133714884221105606459992283083516142990058071034198987,1.170605777326181120897559505892753217494017550325874786,1.019578823124769457298483454571335555578306915323276023e-56,1,ROOT_OK
kepler,kepler_0000236,cal,difficult,0.9999999999758247547147306619124167022008846300113500345,0.0006647613699531701952185541031612410902977942680877679771,0,0,0,0,0.1586552849905044038563603711826093982485083451542087637,79.62181732418406906566374049191134016623464324323476071,8.164596044553817919773012038559523003654410845362171279e-58,1,ROOT_OK
kepler,kepler_0000237,cal,high_e,0.98611079501822340720451620654785074293613433837890625,0.2722534972502474707782173938032932529411026989992134671,0,0,0,0,1.186404500194111956111954755707756080529008459325146601,1.586765172553183985534047911122245153159823507056187189,5.097894115623847286492417272856677777891534576616380115e-57,1,ROOT_OK
kepler,kepler_0000238,test,ordinary,0.03120436207630082961483886094811168732121586799621582031,3.108651545092938110687552441845197307663397277006601476,0,0,0,0,3.109648182414674530864947904636217754997396600744492483,0.9697548567069238571681294687818794876932336739281147594,4.078315292499077829193933818285342222313227661293104092e-56,1,ROOT_OK
kepler,kepler_0000239,test,ordinary,0.78343326797311452214245264258352108299732208251953125,0.3702068935273537025259834439893252802820925838340616606,0,0,0,0,1.049631357985964810162467888663688929698648131552947756,1.63951682278502230372341482967823724605736139266879177,5.097894115623847286492417272856677777891534576616380115e-57,1,ROOT_OK
kepler,kepler_0000240,dev,difficult,0.9999999999403687325992191659375129612748586921535240881,0.000002878273950442091448539227686149819304354027150473383653,0,0,0,0,0.02584833366319704860168270763254870440571247801623281354,2993.567096576106560547396031283022994958737968611514397,2.912760088493880640300118481172459402361274905722051291e-58,1,ROOT_OK
kepler,kepler_0000241,dev,high_e,0.928800164329676380958744630333967506885528564453125,1.816997766887940213210555394142768234056579707843052176,0,0,0,0,2.4262062691039934866717785653139217313771751877004333,0.5878565104530147544233415081592495483040364638674206833,2.039157646249538914596966909142671111156613830646552046e-56,1,ROOT_OK
kepler,kepler_0000242,dev,ordinary,0.6973027554814030803953528447891585528850555419921875,0.6560177858889605174678964702519002359304571104479613795,0,0,0,0,1.333834960147160309905253450800318462581602827325225738,1.195731454984665084086717826220325537329563486239367022,1.019578823124769457298483454571335555578306915323276023e-56,1,ROOT_OK
kepler,kepler_0000243,dev,ordinary,0.2142185676887437273396841419526026584208011627197265625,1.269337878762281665840075138132689133760713639717419918,0,0,0,0,1.482726206622316979117734568880337381107145941729272914,1.019203709494235066499841072319647775578469502846261229,2.039157646249538914596966909142671111156613830646552046e-56,1,ROOT_OK
kepler,kepler_0000244,dev,difficult,0.9999999997493132755204267451275424651414181868033157632,0.004377450573054090267768743159578729331049755290898542385,0,0,0,0,0.2976909860796821066813149155756379914638399138165639055,22.73569622096580431927400828089483898921016912182974459,3.106529226708281940206316775647038020902653882625606633e-57,1,ROOT_OK
kepler,kepler_0000245,dev,high_e,0.96286092568601200358813230195664800703525543212890625,0.8150209619595712126281749242852278947889332387332101966,0,0,0,0,1.760591665594823019566812942055695547972991722715734149,0.8462733231042580257325003711657304549481695457311212736,1.019578823124769457298483454571335555578306915323276023e-56,1,ROOT_OK
kepler,kepler_0000246,cal,ordinary,0.37729821840685706657581022227532230317592620849609375,0.6550048957274950931791620985058048849876308680674626344,0,0,0,0,0.9652069395857965310613215505704861359273985254698719718,1.273521600882021711311032712531215235732988852146210943,1.019578823124769457298483454571335555578306915323276023e-56,1,ROOT_OK
kepler,kepler_0000247,cal,ordinary,0.450837843361844459177945054761948995292186737060546875,2.760633202038031381962279624310502503130463333522381117,0,0,0,0,2.878069226122643444745757931767366077830510574319693659,0.6967310290776211463986690973478368221264101027921291302,4.078315292499077829193933818285342222313227661293104092e-56,1,ROOT_OK
kepler,kepler_0000248,test,difficult,0.9999999769261831436375485186306879870302390293547958499,0.000001860989833739110450169334888896189987232520875154517369,0,0,0,0,0.02234919659430189263302502173313352671560604703958351041,4003.908340693822910659826833092541502084261900858218311,1.990198073550966382216010985199555983693770021709138264e-58,1,ROOT_OK
kepler,kepler_0000249,test,high_e,0.98606242093608809096139111716183833777904510498046875,1.141077342339920466009650812608025495850015831511578372,0,0,0,0,2.026509511619049300311790487078063173958065576153312815,0.6973652132786782938785114594930104300939553114994326882,4.078315292499077829193933818285342222313227661293104092e-56,1,ROOT_OK
kepler,kepler_0000250,dev,ordinary,0.523685153365746725029339359025470912456512451171875,2.996918771266940520088295249808437101426543810720418317,0,0,0,0,3.046593579481673614323105214293333251183806984910957889,0.6573222408081198919449273557843352325271449576218994017,4.078315292499077829193933818285342222313227661293104092e-56,1,ROOT_OK
kepler,kepler_0000251,dev,ordinary,0.74434996861755597929999339612550102174282073974609375,2.151922271360730572911182967396287590220986451631734524,0,0,0,0,2.560514756016830224490597501333251615482357170740305813,0.6164540634533015239880736339358167190777502947734794489,8.156630584998155658387867636570684444626455322586208185e-56,1,ROOT_OK
kepler,kepler_0000252,dev,difficult,0.999999965237873137936273187387786445102739845734706178,0.0009544640588453617724834819566831051117571414394222041214,0,0,0,0,0.1790061490594166404348189817634063586275113165172209096,62.58253608360911099353323281968347547842279277150364119,2.031192186693876653211822507153832552128658307870588952e-57,1,ROOT_OK
kepler,kepler_0000253,dev,high_e,0.92066072263237608286345903252367861568927764892578125,1.711274864625895867514682899568940577154342195780580964,0,0,0,0,2.359877944825768802459818896476785395735210636614111145,0.6048146997417637188817284683731902097150709900980769756,6.117472938748616743790900727428013333469841491939656139e-56,1,ROOT_OK
kepler,kepler_0000254,dev,ordinary,0.68866719192117142878117874715826474130153656005859375,2.155691178476395572754956789954932083180651734381414311,0,0,0,0,2.543472671178225602607087314601563550288203230979649636,0.6373032988480007784437573044958327713242267049287963402,4.078315292499077829193933818285342222313227661293104092e-56,1,ROOT_OK
kepler,kepler_0000255,dev,ordinary,0.592065681720915559793638749397359788417816162109375,1.627403385585442398653641349326164967081030184593659556,0,0,0,0,2.129455344420702198514033056348529122675141132186405798,0.7611368644450208866457292841244698470921747088861449927,6.117472938748616743790900727428013333469841491939656139e-56,1,ROOT_OK
kepler,kepler_0000256,cal,difficult,0.9999999999736948813550428885964947330126196809412082259,0.0001475084884778839335954147567525487578888004827629173374,0,0,0,0,0.09602614550935295101165564338275608076673190212749409447,217.0624724092241547496708628086867647772711886932955935,1.212243376127350404551663677676368202066981122466883358e-57,1,ROOT_OK
kepler,kepler_0000257,cal,high_e,0.9724119673206368386075837406679056584835052490234375,0.09878490457124677028583106079855306152042217415476019035,0,0,0,0,0.7885429486217436322656370349686142816176368028830196873,3.178976520081097398917530420520716366794705644680135493,7.646841173435770929738625909285016666837301864924570173e-57,1,ROOT_OK
kepler,kepler_0000258,test,ordinary,0.83956956780784375293791299554868601262569427490234375,2.692214874043780003851261967883203562734009611628990297,0,0,0,0,2.896187644834484963533753997953845399996570349087550756,0.5511417580113298868661595971909329562543757067685544608,4.078315292499077829193933818285342222313227661293104092e-56,1,ROOT_OK
kepler,kepler_0000259,test,ordinary,0.2370319723511624676604014894110150635242462158203125,1.723198739591593277461679643216520432183378544390938604,0,0,0,0,1.943921203655086317632681842951012726698765877343809402,0.9204674090182880462064548814121191490207036173119452678,0.0,1,ROOT_OK
kepler,kepler_0000260,dev,difficult,0.9999999950594328091337256706824421302898803836091171903,0.00000002854699210739037813953950461439142930246669536333979248,0,0,0,0,0.005551771680079099432686764366008411812763311000909456024,64867.73180246696111724077809101979437255546836037091778,3.835024322432287871095505216267789358052423420246421997e-59,1,ROOT_OK
kepler,kepler_0000261,dev,high_e,0.9298079496306945745942584835574962198734283447265625,0.7355118806638342572922038610430851409671782985484119777,0,0,0,0,1.661497799515362735440368121095794392984388155056469371,0.9223225789308191425512466348992777339960288959516199943,3.058736469374308371895450363714006666734920745969828069e-56,1,ROOT_OK
kepler,kepler_0000262,dev,ordinary,0.8495940277267750584400118896155618131160736083984375,1.621392270288318277634063711246323790265339413618650971,0,0,0,0,2.271055662424565193378889169063332723429887246632509621,0.6462068952255614528551298867050250992542642873910505213,0.0,1,ROOT_OK
kepler,kepler_0000263,dev,ordinary,0.1560251847763300114824147613035165704786777496337890625,1.158822355518625439162872388032385474452003168307905219,0,0,0,0,1.309553565551802853083020982424223588650090031858000982,1.041990546187917737380093460269882526722719711534491042,2.039157646249538914596966909142671111156613830646552046e-56,1,ROOT_OK
kepler,kepler_0000264,dev,difficult,0.9999999406465466352155463374248217543773194354403233577,0.0000006596756441687894942083221739871599993524093934674014295,0,0,0,0,0.01581088940719311234553539858393597077771999408918761891,7996.8745564554369268082318612896799919600077570955989,2.925206119049602923714406609280019650842455410059493626e-58,1,ROOT_OK
kepler,kepler_0000265,dev,high_e,0.9616823558242406644325228626257739961147308349609375,0.5748550003788059860200031443066114557954368560415851757,0,0,0,0,1.535953668868312803040402453917105332266983365153442895,1.034661994200016978803448962421446968059521987889606502,1.019578823124769457298483454571335555578306915323276023e-56,1,ROOT_OK
kepler,kepler_0000266,cal,ordinary,0.55010651961165002443721050440217368304729461669921875,0.4865603789762433331336751724589729741523535173212369685,0,0,0,0,0.9263252294751939420449255267283771323113618106879925471,1.49363108394861025886897130829939169700076763648303943,0.0,1,ROOT_OK
kepler,kepler_0000267,cal,ordinary,0.529316492745335320790900368592701852321624755859375,2.175284282451933750599605719916752818752741103415609822,0,0,0,0,2.494424753889536744740462924187039745579882061599609913,0.7030935624372785669928432899521411743249194389703053736,0.0,1,ROOT_OK
kepler,kepler_0000268,test,difficult,0.9999999992665386471046476045847130256732239153374543935,0.001825451424115199042848348004594780506610929880015050503,0,0,0,0,0.2222617638001067291986646257581421181235090151935651397,40.65266890267256151878183005336696450111100719935126554,1.652832857799919237417463412684000998300770976012341991e-57,1,ROOT_OK
kepler,kepler_0000269,test,high_e,0.9480769910878128481357407508767209947109222412109375,1.044920786252717017180021975911687410413925644182211945,0,0,0,0,1.931865453521401364338184785512322436478388318614051002,0.7491020835767757828464900640538680947597924206746299602,4.078315292499077829193933818285342222313227661293104092e-56,1,ROOT_OK
kepler,kepler_0000270,dev,ordinary,0.396864696726125509851357264778926037251949310302734375,0.9077469762258134350305720242567376569654050841552819525,0,0,0,0,1.288953151833855602389349688776143800932939733543315486,1.12407370100681968054787080384983675381871555950638585,0.0,1,ROOT_OK
kepler,kepler_0000271,dev,ordinary,0.56254953529535900447200447160867042839527130126953125,0.912055879947005596898391377762836676450722879411019406,0,0,0,0,1.471854103648268843675441814994591611874360126487402334,1.058838749985526234116217876876552240988623426355479765,1.019578823124769457298483454571335555578306915323276023e-56,1,ROOT_OK
kepler,kepler_0000272,dev,difficult,0.9999999992183695508242433458693046980970589362890167263,0.000001378738109848844756866918747575159583374203513592164785,0,0,0,0,0.02022455514772268994248681057269046236090198761493072885,4889.733433634630486131275885357520102243817736124101662,2.882228419786874413799442916908600667805878981019263065e-58,1,ROOT_OK
kepler,kepler_0000273,dev,high_e,0.9106112887387658449966920670703984797000885009765625,1.737454011117821647820479301024156979200373564498517904,0,0,0,0,2.371453549400619624509412633057005679448681574229236509,0.6047231145182058555144243463308242067291371618281116171,4.078315292499077829193933818285342222313227661293104092e-56,1,ROOT_OK
kepler,kepler_0000274,dev,ordinary,0.16354651828104727062651591040776111185550689697265625,3.093589172443194157876779400831230936071037629066396224,0,0,0,0,3.100334831470250082902393734859142870383145343506485068,0.859544170895837525616888740788471332761042420649199694,0.0,1,ROOT_OK
kepler,kepler_0000275,dev,ordinary,0.2332155327864123550707375898127793334424495697021484375,1.089706759966715572419336318573621499827719485294109062,0,0,0,0,1.315354879796017059145208323203501060142372258425918504,1.062617007511777897985555299087363898835298909316774515,2.039157646249538914596966909142671111156613830646552046e-56,1,ROOT_OK
kepler,kepler_0000276,cal,difficult,0.9999999993698103376946081829127608418201133426666844918,0.00000006580681351171241537459607779815115995750519553838263937,0,0,0,0,0.007336083342930280367675912239742788289701189057190546106,37161.5020597152077098823937089040424292156446087231028,3.65164591812617463768430196155800884149010812806755362e-59,1,ROOT_OK
kepler,kepler_0000277,cal,high_e,0.90916943781761272447283772635273635387420654296875,0.5145060945027720069267262988996016597416159975827570914,0,0,0,0,1.412276365058380211401977700137370627896761163176396229,1.167567770885073122165654975583144912203573526816661142,2.039157646249538914596966909142671111156613830646552046e-56,1,ROOT_OK
kepler,kepler_0000278,test,ordinary,0.279841086043975229014080241540796123445034027099609375,0.8200226142216494267650276402877546608356040224878017974,0,0,0,0,1.064796964483415041694538360139247971560937480088603712,1.156917171102893310353563915579703465582140621452708748,1.019578823124769457298483454571335555578306915323276023e-56,1,ROOT_OK
kepler,kepler_0000279,test,ordinary,0.449538369716834751432799066606094129383563995361328125,2.302677661968187830300518490571866010471271529390337207,0,0,0,0,2.552459422614825017038147114079276708611352553906608567,0.7279311149303084964219974291019601483188844859767340583,4.078315292499077829193933818285342222313227661293104092e-56,1,ROOT_OK
kepler,kepler_0000280,dev,difficult,0.9999999996834482360634054657025313779736279243338768829,0.00000008082970486417372309498494696955619435619351681583924399,0,0,0,0,0.007856637948503555917843364726094791879192469656882129333,32400.69266708066915214854538663467614745187090292357052,8.800340257686249322378241363553708899217523599145627076e-59,1,ROOT_OK
kepler,kepler_0000281,dev,high_e,0.98949428706080055917482241056859493255615234375,1.877729931565252651478020996523785779959669112931289729,0,0,0,0,2.483171009375483685475572151044366292893214814155693227,0.5609628082675047482368460205975516154948075162389074701,4.078315292499077829193933818285342222313227661293104092e-56,1,ROOT_OK
kepler,kepler_0000282,dev,ordinary,0.67645108135266018845044300178415141999721527099609375,0.1412590327580589212146629908366210893081085650196590923,0,0,0,0,0.4123655375400463492343280694380906643318557323663151558,2.629833528866519237065945169946173784887583221094611919,5.097894115623847286492417272856677777891534576616380115e-57,1,ROOT_OK
kepler,kepler_0000283,dev,ordinary,0.302589323599045167956234081430011428892612457275390625,1.859611841767729462155135892132951017122129494391985506,0,0,0,0,2.118015479823281190467396393885073048974233593613121647,0.863974473310785304017484645140939633034549878827772479,2.039157646249538914596966909142671111156613830646552046e-56,1,ROOT_OK
kepler,kepler_0000284,dev,difficult,0.999999990134447273307233401129741618604346083202180659,0.000003334212977586490524725450710465470510096783173446102541,0,0,0,0,0.02714617032698220434546543484802475147317926931230436924,2714.112852281157674483791167343436548277168910853416773,3.052777932245756328710859922382512197774555579518277552e-58,1,ROOT_OK
kepler,kepler_0000285,dev,high_e,0.97170398162053206458921295052277855575084686279296875,1.714794585347576183682646574596612217572308606323211211,0,0,0,0,2.383135109098600838748918197099624882903185111298218948,0.5863872217124249127984516023020150706904164923160980263,4.078315292499077829193933818285342222313227661293104092e-56,1,ROOT_OK
kepler,kepler_0000286,cal,ordinary,0.5630156257193525970450309614534489810466766357421875,0.344535608100545945988918525276854918886121459460980083,0,0,0,0,0.712664609634160708265474137262186203707871503883438972,1.742130472848437507583335614008170232279920636868099579,0.0,1,ROOT_OK
kepler,kepler_0000287,cal,ordinary,0.5881224147490404785543205434805713593959808349609375,1.006885105872033347152145569597314091823082476749736691,0,0,0,0,1.594837566949352606181230427749051713616975868054661744,0.9860592615717764842535423912872625507465053615924683348,2.039157646249538914596966909142671111156613830646552046e-56,1,ROOT_OK
kepler,kepler_0000288,test,difficult,0.9999999946630721674308992592419232099334032269451469311,0.000001046907135628208672582456132361944545244064102676842462,0,0,0,0,0.01845052173577935484223734052038756532637665356233601896,5875.047712913075260116770118166078715792451203579934566,2.166387193605409956799527298722205751255481536236056308e-58,1,ROOT_OK
kepler,kepler_0000289,test,high_e,0.9178803347403181600583366162027232348918914794921875,0.6236639842282318222840426406069282878721684692073544452,0,0,0,0,1.541140731633067336299332138281528364639939980785126233,1.027977748701019145015880322330196365124267170589660192,2.039157646249538914596966909142671111156613830646552046e-56,1,ROOT_OK
kepler,kepler_0000290,dev,ordinary,0.79211244126583368885263780612149275839328765869140625,2.281179038106199576270958077472893390247595935640612724,0,0,0,0,2.652990400558823477366709397784621095380690730423459962,0.5884335561043719526409840604601564165375012157858221968,0.0,1,ROOT_OK
kepler,kepler_0000291,dev,ordinary,0.603603692316872386669501793221570551395416259765625,0.01597912593298507048870012765610373371245521105227635681,0,0,0,0,0.04029438346622542696858177323603531166388226164059676145,2.519613565624247052387854867474884649573134184800990296,0.0,1,ROOT_OK
kepler,kepler_0000292,dev,difficult,0.9999999996652271372773033453566918433711327363492000228,0.002125085912173855060075508637158241227616591928942246192,0,0,0,0,0.2338325890124465109706718259410089715187427608460312757,36.74511980158019107081162155448231029703051165761298082,6.372367644529809108115521591070847222364418220770475144e-58,1,ROOT_OK
kepler,kepler_0000293,dev,high_e,0.9186953791540724001407625110005028545856475830078125,0.3632092192514976212300294135884382709119072298145027388,0,0,0,0,1.228655786619421374092538406346971900244232143577786027,1.445559391471947024753823033451277870701850804359546322,5.097894115623847286492417272856677777891534576616380115e-57,1,ROOT_OK
kepler,kepler_0000294,dev,ordinary,0.8189096259568933167116711047128774225711822509765625,2.221076839092242335998859713866971979365211777087104883,0,0,0,0,2.625322949505620768471380911946939754350229895047961252,0.5840512918796293540732491546536250576336053263016057117,0.0,1,ROOT_OK
kepler,kepler_0000295,dev,ordinary,0.79096263829053603533481009435490705072879791259765625,0.6793557076036219111093173557364554097385013635695825645,0,0,0,0,1.465977145549636105065700270547199920452854650025994003,1.090222829589518520482220507889097837840826314718602148,2.039157646249538914596966909142671111156613830646552046e-56,1,ROOT_OK
kepler,kepler_0000296,cal,difficult,0.9999999904910495072454586507521085889669114004574554337,0.00007152312019016084687380447280886973732715400344969830314,0,0,0,0,0.07543489775106361882331438345947815893243829983290231311,351.6332127758243057791326761040119805656225670104688779,1.729998247245397394586049806950874538884090102904484463e-58,1,ROOT_OK
kepler,kepler_0000297,cal,high_e,0.93515481493763952247633142178528942167758941650390625,1.624917404852323961101266948256002274363894023102160414,0,0,0,0,2.313679157843845650169267813099252136084063742701238113,0.612537992373144674608498548825031422068337606937498564,2.039157646249538914596966909142671111156613830646552046e-56,1,ROOT_OK
kepler,kepler_0000298,test,ordinary,0.1051519672611245098670096353998815175145864486694335938,0.620248432450120639024626913053004652519284846463889931,0,0,0,0,0.6869324854749350208883264466283331105181239485793415676,1.088498133504935042792793507815813362588356431760183956,0.0,1,ROOT_OK
kepler,kepler_0000299,test,ordinary,0.77007628790845850108581771564786322414875030517578125,2.620309526182936839527158711326434960763391425400356094,0,0,0,0,2.845215718543924811719440437338194762179142391006466795,0.5758704546970013237023583370178563821591315126129619618,8.156630584998155658387867636570684444626455322586208185e-56,1,ROOT_OK
kepler,kepler_0000300,dev,difficult,0.9999999998851443328239600989052854446133292214186762912,0.001153478709596720587293883814923527916786069524416330629,0,0,0,0,0.1906851216042284416318118628805067502100431159882337682,55.17123650208763698609875281610941990897072197968380495,6.969777111204478712001351740233739149461082428967707189e-58,1,ROOT_OK
kepler,kepler_0000301,dev,high_e,0.91891107518360592987249901852919720113277435302734375,0.4081330537515230520395239309350222609093870489855488682,0,0,0,0,1.291414304326506169279572214510602859007503712196618377,1.33940614114558283340863806256028252562151787292402055,2.039157646249538914596966909142671111156613830646552046e-56,1,ROOT_OK
kepler,kepler_0000302,dev,ordinary,0.1377738366811953329982287641541915945708751678466796875,2.127803599764071110905258861514058741153663029535124891,0,0,0,0,2.236186929219779844873028655226432965175589955017190306,0.9216106160968886652733491720756261261557761641243099755,4.078315292499077829193933818285342222313227661293104092e-56,1,ROOT_OK
kepler,kepler_0000303,dev,ordinary,0.50984772641834597006749163483618758618831634521484375,1.651081821758878261958921457729934391440436005638512957,0,0,0,0,2.092982556049497529985508802567505805967204453881750475,0.7972574904548687865041271994425378906997379117153921721,2.039157646249538914596966909142671111156613830646552046e-56,1,ROOT_OK
kepler,kepler_0000304,dev,difficult,0.9999999999403749948773037731751795277593220847457338676,0.0007706122472808733994285235849986619325752890714474038685,0,0,0,0,0.166672314555764555684224628187433215466342977271272267,72.1620185849463987497967551857374156140975186982378115,1.393955422240895742400270348046747829892216485793541438e-57,1,ROOT_OK
kepler,kepler_0000305,dev,high_e,0.94034234381755510412403964437544345855712890625,2.937324923083478280890257728159676405353588160464862158,0,0,0,0,3.036224148069518298440827599768830112482482309871782779,0.5167619260055727181568201541142869077852446658388547107,8.156630584998155658387867636570684444626455322586208185e-56,1,ROOT_OK
kepler,kepler_0000306,cal,ordinary,0.4040115983663330467834384762682020664215087890625,1.339763387693944974573714504487521204200107816746265693,0,0,0,0,1.738131777259946549405375404061092884306006497446832379,0.9369521180521040497135934766186229653139969266031502557,2.039157646249538914596966909142671111156613830646552046e-56,1,ROOT_OK
kepler,kepler_0000307,cal,ordinary,0.70568567687671990285025458433665335178375244140625,1.894908694488866228692502272338657654124493281717592009,0,0,0,0,2.381247308184346253123990656289558924989079233470722449,0.6616651545170764755897966785063587221587474559876770391,4.078315292499077829193933818285342222313227661293104092e-56,1,ROOT_OK
kepler,kepler_0000308,test,difficult,0.999999998324880136526853380425627850485614901997235173,0.000002658423008141688682109905117235627704457999516624945599,0,0,0,0,0.02517256106415687707517682554503759145094166614347063061,3156.427561731018846794483475290067360736575502800887723,1.994087458099629595782976025233168561344138929314588993e-58,1,ROOT_OK
kepler,kepler_0000309,test,high_e,0.93184530928633690916029763684491626918315887451171875,1.916010370515374825453816224735963779542908216544386156,0,0,0,0,2.484901500462059561263773299409006128745898896879612412,0.5753617556747445775840370854941366774502219244089655934,2.039157646249538914596966909142671111156613830646552046e-56,1,ROOT_OK
kepler,kepler_0000310,dev,ordinary,0.84339688901636311602061368830618448555469512939453125,0.1425105355159414534186624579892243371377585170904732713,0,0,0,0,0.6588344525848077732940171388430637959626070350581174803,3.001914410041492946378269457096744684024587829217571638,7.646841173435770929738625909285016666837301864924570173e-57,1,ROOT_OK
kepler,kepler_0000311,dev,ordinary,0.472747359401746003459976464000646956264972686767578125,2.665257945753798474809320748080081749348958738981984352,0,0,0,0,2.816328614973971739750821142731071330022174675348751846,0.6906270486723933935997749670977447338889691011530034145,4.078315292499077829193933818285342222313227661293104092e-56,1,ROOT_OK
kepler,kepler_0000312,dev,difficult,0.9999999999886719545206867651528311951963035029512201602,0.001979089735045268000085830666307668696316564136485953488,0,0,0,0,0.2283405273004224325862696481827771225717899017608955243,38.52581230704509243049019135791117717536319957452099592,1.513437315575829663177436377879326215311549327432987847e-57,1,ROOT_OK
kepler,kepler_0000313,dev,high_e,0.9592911544068967177878448637784458696842193603515625,0.08838682346797682303614289398601264348439203828497311565,0,0,0,0,0.7233185835902297479741938269510196827961944583590444424,3.559953762932898131412678647605392506085555601233695508,6.372367644529809108115521591070847222364418220770475144e-57,1,ROOT_OK
kepler,kepler_0000314,dev,ordinary,0.502075459279387903421820738003589212894439697265625,0.3155815280998727867121265853792164000545696347902516071,0,0,0,0,0.5984192858116926740438679979024814765979998987534147509,1.70890031992526670282823591902931419136901300360663267,1.019578823124769457298483454571335555578306915323276023e-56,1,ROOT_OK
kepler,kepler_0000315,dev,ordinary,0.74945476525141729862156125818728469312191009521484375,0.8829995071635011695748905894401469947494969250485116172,0,0,0,0,1.631092323536896514818712636683230514595382341059865356,0.9567897068473827593089433808044906478022367349962434833,0.0,1,ROOT_OK
kepler,kepler_0000316,cal,difficult,0.9999999984891245503453679133108261915361235189341632716,0.00000005142635374182101814537358983389197099389203536943516945,0,0,0,0,0.006756948117322635728749429418586011432653513259404645035,43802.78634948367051106259759310048106193340334393475445,6.371601921946791037944525348814229746139501842085652032e-59,1,ROOT_OK
kepler,kepler_0000317,cal,high_e,0.943746806366697388313014016603119671344757080078125,0.493175850421459900510063476837471231505085007087666741,0,0,0,0,1.427210844307577748738959382879265188419053288738810754,1.156127098033576827650810035768090251256606946393506963,1.529368234687154185947725181857003333367460372984914035e-56,1,ROOT_OK
kepler,kepler_0000318,test,ordinary,0.540120670760766419249421232962049543857574462890625,1.93116368304715472176984622600922917791469966630480804,0,0,0,0,2.324863355038601973647690147885999013689228846114951623,0.730048810513181317544522276737753571633676576560493583,6.117472938748616743790900727428013333469841491939656139e-56,1,ROOT_OK
kepler,kepler_0000319,test,ordinary,0.287630464529257390271510530510568059980869293212890625,0.7280285209969468483799971553535424926051960394479046655,0,0,0,0,0.9643719177111603068837166785619304787914098305645122197,1.19607226527535590737129624186704268554599194464022379,0.0,1,ROOT_OK
kepler,kepler_0000320,dev,difficult,0.9999999656400005242486208887937751930235843023274644248,0.009094829462439816343094617911423562983386150077134622621,0,0,0,0,0.3802141660849368041259302854589637987123258953887307507,14.00268869882925969313348597244426417012942768586955871,4.460657351170866375680865113749593055655092754539332601e-57,1,ROOT_OK
kepler,kepler_0000321,dev,high_e,0.97002815646776763269798493638518266379833221435546875,0.06181942158732790563173300945778603723383899177724989092,0,0,0,0,0.6449948168393787327885019956268309485471108481138980222,4.447454807286188504858900923488626095469305454933367123,1.274473528905961821623104318214169444472883644154095029e-57,1,ROOT_OK
kepler,kepler_0000322,dev,ordinary,0.3423398083909010569669817414251156151294708251953125,0.6331256454529111378974521099582115939512142004691414205,0,0,0,0,0.9016377957287379001275117723973754417584032842009897737,1.269619355521584230757645925857749272942430599575078118,0.0,1,ROOT_OK
kepler,kepler_0000323,dev,ordinary,0.1830933273834624841480689383388380520045757293701171875,0.3434823342107820539766113779584966064067386772232305717,0,0,0,0,0.4177670630204515801859246125508097171784734177360126293,1.200980166687323266311107729760523149528079741938372434,5.097894115623847286492417272856677777891534576616380115e-57,1,ROOT_OK
kepler,kepler_0000324,dev,difficult,0.9999999951769428811346190436031616813748261698172611002,0.00000006858623445217698170767437324793408495855707010996340379,0,0,0,0,0.007436822413412671163681143221643771368289560543899980179,36156.08821790936455069084275944606211170167169675459799,1.478573844827749782566553500278031472398055031884628871e-59,1,ROOT_OK
kepler,kepler_0000325,dev,high_e,0.9895863682239147696151349009596742689609527587890625,2.707607708035180790754237247446483324952947364933972236,0,0,0,0,2.922595843882853814398620156710692358658919080536411482,0.5086596837343021270394762315367776222626982270271185965,8.156630584998155658387867636570684444626455322586208185e-56,1,ROOT_OK
kepler,kepler_0000326,cal,ordinary,0.6728869378777353471576816446031443774700164794921875,1.166575553629807379459975604550961532526484772843576243,0,0,0,0,1.818864457129252643705292029685608291840762951372182398,0.8582106689708088188223147779707421366784250963432407813,0.0,1,ROOT_OK
kepler,kepler_0000327,cal,ordinary,0.2348180387283546888266272389955702237784862518310546875,1.571408091301563683326113996088474536685987112849574495,0,0,0,0,1.800080771980608506392935370912675476139197675218663754,0.9493343839267242723156472691061786123583139849413777328,2.039157646249538914596966909142671111156613830646552046e-56,1,ROOT_OK
kepler,kepler_0000328,test,difficult,0.9999999928043735175875453644877164032964099826211946454,0.00000003911647651535129113056600887665570728095623170482622385,0,0,0,0,0.006166039567407943406937677331589706453401396652810567795,52584.09486476321056344138597763839965005767621014210597,9.419603203793720357493456331405461496987198106950985407e-60,1,ROOT_OK
kepler,kepler_0000329,test,high_e,0.95426555725181738676354825656744651496410369873046875,1.378002843484429633042782222681478881095242725002911672,0,0,0,0,2.167411491727178590427584580026809229931916662368584909,0.6509781272556291876137181965906478471056541387266409624,6.117472938748616743790900727428013333469841491939656139e-56,1,ROOT_OK
kepler,kepler_0000330,dev,ordinary,0.34842064891596724596212197866407223045825958251953125,0.6563416164243991722084303558951189186652178612571162616,0,0,0,0,0.9371181656280659063968700050443205007278988264438615825,1.259928763843896577153470862503049377540346376383720416,1.019578823124769457298483454571335555578306915323276023e-56,1,ROOT_OK
kepler,kepler_0000331,dev,ordinary,0.2339727388352443038233019478866481222212314605712890625,2.393739015902358880856267096855281943640270538226920406,0,0,0,0,2.528388225458249593484577482492977803998162314063886465,0.8393875552478390518104411421707269689015641633623164894,4.078315292499077829193933818285342222313227661293104092e-56,1,ROOT_OK
kepler,kepler_0000332,dev,difficult,0.9999999737692496442219417604408794048238246638956384518,0.0000270818589958967416804954750599947223559268231341408778,0,0,0,0,0.05457040136373443540373837972354418794081467240263020095,671.7626228100275492940500721730657037630365840790438252,2.408306912532261840664752788812908081108427589295091681e-58,1,ROOT_OK
kepler,kepler_0000333,dev,high_e,0.91993937762067101715501848957501351833343505859375,1.610111015116946273572216040404033020643678087203439114,0,0,0,0,2.297589863542583625488894917250848203579398604552283807,0.6206252099891809898561694918174725546761221541679220035,2.039157646249538914596966909142671111156613830646552046e-56,1,ROOT_OK
kepler,kepler_0000334,dev,ordinary,0.49421102982538211989549381542019546031951904296875,1.792480995210439029401175329933911180596640435701428048,0,0,0,0,2.193834443223077498199932616472998601272985640526504121,0.7761717311775979750846724374413371945543840207330083415,2.039157646249538914596966909142671111156613830646552046e-56,1,ROOT_OK
kepler,kepler_0000335,dev,ordinary,0.62503381282430137133587777498178184032440185546875,0.9701488392476258197318274522265899196784186445920289998,0,0,0,0,1.594999589256869097519305945547165034674429631490008584,0.9850990174469268982716746732296445966934094556783644613,2.039157646249538914596966909142671111156613830646552046e-56,1,ROOT_OK
kepler,kepler_0000336,cal,difficult,0.999999994810100938161501579074448098973628607775476205,0.00000002101031641271060403559934454873531804957991624036944873,0,0,0,0,0.005012050733262004081825067900904038548412650309773201345,79583.04965351220863660403715626897253594722978825011794,4.624326299276628774341473028089041834974163607427579407e-59,1,ROOT_OK
kepler,kepler_0000337,cal,high_e,0.92404589113691060209276884052087552845478057861328125,0.8846489817299651676190243193442245238159842523719413934,0,0,0,0,1.787151928074229231895778308663130055485143683230213254,0.8344693029708014947744240265853963809213917705877760017,0.0,1,ROOT_OK
kepler,kepler_0000338,test,ordinary,0.49696750034656833605595238623209297657012939453125,1.433594897358462897908068431862101200736672511902561437,0,0,0,0,1.903336597294554065901865746385776539977352512353450869,0.8604129324793699199350014885332437573290196242963905243,0.0,1,ROOT_OK
kepler,kepler_0000339,test,ordinary,0.36536596644123287003225186708732508122920989990234375,2.278385848342134930205819381843934698857761318426307867,0,0,0,0,2.497715366802485277951109657550873208309848176033795726,0.7738678527356450092886447607914006442893739830584166982,4.078315292499077829193933818285342222313227661293104092e-56,1,ROOT_OK
kepler,kepler_0000340,dev,difficult,0.999999999984368733515941917082767045171683890720758369,0.0002654995045333029871610728003120977525994298265694466823,0,0,0,0,0.1168163850415251401919851367251192096625208104121979291,146.7291471781554273915302317333393648985657834317659039,7.368050088987591781258571839675667100858858567765861886e-58,1,ROOT_OK
kepler,kepler_0000341,dev,high_e,0.91506593704296534941278196129132993519306182861328125,2.583900423816911544857933925975103761069463612520555037,0,0,0,0,2.848380663685516359995078588816182888398797697141776132,0.5330458177128005119777923885021822569809547962700914441,4.078315292499077829193933818285342222313227661293104092e-56,1,ROOT_OK
kepler,kepler_0000342,dev,ordinary,0.1162117520580556589981924275889468844980001449584960938,1.620969492952105043433396707313221196088047574559159314,0,0,0,0,1.735606519279726280001566116369186877093865913578879159,0.9812904296039505583252527703408115256140501032698224784,0.0,1,ROOT_OK
kepler,kepler_0000343,dev,ordinary,0.210917219989703419447124588259612210094928741455078125,1.896088272287842581597016888948332232837795089922436625,0,0,0,0,2.080224015479823529846497175830492712879267665090398987,0.906733713306123519216790589531017149831154308255877608,2.039157646249538914596966909142671111156613830646552046e-56,1,ROOT_OK
kepler,kepler_0000344,dev,difficult,0.9999999999880059332922054807021968612510136834341355694,0.000001191138220711731591878725569398165585148218439636912374,0,0,0,0,0.01926225499558407072310053196054741383014612797649796273,5390.501115254881172369123655015736796966236531792031859,2.315934029501510518449333088014609361912166033665636856e-58,1,ROOT_OK
kepler,kepler_0000345,dev,high_e,0.96723247298692960338684088128502480685710906982421875,2.029708984989921425827234264564541634196084499366978718,0,0,0,0,2.560588046352154263364944869672518747890712488505703616,0.552938032744470199107044947740657227657248904227258917,0.0,1,ROOT_OK
kepler,kepler_0000346,cal,ordinary,0.64002502329200228192718213904299773275852203369140625,1.577150424510529232744671995844034350525221966729240843,0,0,0,0,2.12228787341596675232543198755037059969343903236696742,0.7488693702160333656535390354566498035286653469582139249,2.039157646249538914596966909142671111156613830646552046e-56,1,ROOT_OK
kepler,kepler_0000347,cal,ordinary,0.86195401887534917051425509271211922168731689453125,0.0662302523475818320077266829291627034250420643442020956,0,0,0,0,0.4091074632169101073193370748640063344272547517052035987,4.780624880701613712355385199766867062487426218697897303,0.0,1,ROOT_OK
kepler,kepler_0000348,test,difficult,0.99999999527353485191736223111127903958357258390162999,0.0000002007414288881105856991665355363975763975910387418092692,0,0,0,0,0.01063883255384412495920679647402741779153184400987227258,17668.914812439887495661446126528347651698552915265784,1.495954532029588518193928522928237678773141087746486818e-59,1,ROOT_OK
kepler,kepler_0000349,test,high_e,0.9646790207989190957249547864194028079509735107421875,1.423504211527936358608314701540590969857823260266036288,0,0,0,0,2.202195458177514152511475540767131156826121959106980444,0.6371757773741789045737037223745482021344810295256453298,2.039157646249538914596966909142671111156613830646552046e-56,1,ROOT_OK
kepler,kepler_0000350,dev,ordinary,0.393103781911737726328937014841358177363872528076171875,2.756700563456946616248601491260525850945223580438897064,0,0,0,0,2.864310011346649768274484937725976100455241035639684072,0.7256428877803956495775899484594648589712112384813435778,0.0,1,ROOT_OK
kepler,kepler_0000351,dev,ordinary,0.4772720397490479715685296469018794596195220947265625,2.016603139941875964840850380910457753040510683364977404,0,0,0,0,2.354617292159078704939935599259080537619464081455468857,0.7479713521926961773566713093596784587152277051798545994,4.078315292499077829193933818285342222313227661293104092e-56,1,ROOT_OK
kepler,kepler_0000352,dev,difficult,0.9999999997868918223274708092546132633013003113845880251,0.000007759932236091333027279087836191477367529611430815844784,0,0,0,0,0.03597595115986172836680474897760706789404736466697920726,1545.439913602202738923657827241375567744210648941546025,2.053595041694176763357541137747440999394783215677985154e-58,1,ROOT_OK
kepler,kepler_0000353,dev,high_e,0.92585869504725282208568160058348439633846282958984375,0.006445140881841362857659563446202954959078891971071217879,0,0,0,0,0.08562443032765776508402358686955592652156918708821854528,12.89769755169210886589738044830313327306426501888416524,8.762005511228487523658842187722414930751075053559403323e-58,1,ROOT_OK
kepler,kepler_0000354,dev,ordinary,0.65544482617118970946279432610026560723781585693359375,1.620700713589711866370775088936877172886004621748733837,0,0,0,0,2.164121063132004783378735094737909484276502402141630287,0.7318111777817341132635780448481983790893999173586873697,2.039157646249538914596966909142671111156613830646552046e-56,1,ROOT_OK
kepler,kepler_0000355,dev,ordinary,0.4303226257579286784249461561557836830615997314453125,1.560054535964283156869847205191707400132014211382063968,0,0,0,0,1.958447078238167418474436407180420652378026188148335704,0.8600906060775271663107157800286094225708570035310585975,2.039157646249538914596966909142671111156613830646552046e-56,1,ROOT_OK
kepler,kepler_0000356,cal,difficult,0.9999999999240104248554550827153589044698245843580023494,0.00008082603533598647879283409040261518573943785982189034137,0,0,0,0,0.07857399831715612331818014179188533568314549570441524038,324.1124621270728480303273748087735553291068457108894782,8.961142000120044058287452237443378906449963122958480672e-59,1,ROOT_OK
kepler,kepler_0000357,cal,high_e,0.98979936539065949130389299170929007232189178466796875,0.5876101569162588401369833757271358658452456724978381338,0,0,0,0,1.577388018793919277299572081852715843734549554371892907,0.9935178866256778146186046945861975851797160200566127384,1.019578823124769457298483454571335555578306915323276023e-56,1,ROOT_OK
kepler,kepler_0000358,test,ordinary,0.57417880120755337980398280706140212714672088623046875,3.025242574904891521912513843463785849052725002157391065,0,0,0,0,3.067656486831323334585960559142578522421183900310134503,0.6358855152853999979387771264426707008887690175611785619,0.0,1,ROOT_OK
kepler,kepler_0000359,test,ordinary,0.6701862445750546015688087209127843379974365234375,1.502996349636034682177403023568859659624746254510673959,0,0,0,0,2.086140814344898037367363752792025450505578931003318294,0.7517152339025009462127019559547944872996452719963060536,0.0,1,ROOT_OK
kepler,kepler_0000360,dev,difficult,0.9999999996720043357824239590932655130595891979378891335,0.0003947992243958662681321291035493662123963980474304692365,0,0,0,0,0.1333433001965927188391201412990874723893552658929736649,112.6499936201895145345791191282927564404521721592698353,1.727509041134252937903192181329362489187854002036995996e-57,1,ROOT_OK
kepler,kepler_0000361,dev,high_e,0.95798290882081094110844787792302668094635009765625,2.244478474270332405994144192230700403279847096462047136,0,0,0,0,2.675227978333002930389592345300118247557949026510360154,0.5388863786525805575565826360241115076628923078219674892,4.078315292499077829193933818285342222313227661293104092e-56,1,ROOT_OK
kepler,kepler_0000362,dev,ordinary,0.51973018262506531783628815901465713977813720703125,0.4076953714192947274310922124613468343421437753242899485,0,0,0,0,0.769198810232971819682361644162300169062527356208289179,1.595938900071157864146185613719230794816225811615468535,1.019578823124769457298483454571335555578306915323276023e-56,1,ROOT_OK
kepler,kepler_0000363,dev,ordinary,0.49004220329136816136639254182227887213230133056640625,0.6883479477622226929744868693000728122800931166513607462,0,0,0,0,1.131956258513929263574274676092598907882562097264642934,1.2629673575217979253542877132865246101664365467865507,0.0,1,ROOT_OK
kepler,kepler_0000364,dev,difficult,0.9999999192419589418488375696483871237367366705691063151,0.000008323878885823734759090547203186992113321790333383077954,0,0,0,0,0.03682282467195181376713244039527806488469653496815348001,1475.003897713984980621593194327310930526920789692712751,2.255843038224663868839723219495295037213966411161423086e-58,1,ROOT_OK
kepler,kepler_0000365,dev,high_e,0.9617123053697991252874999190680682659149169921875,1.957490267404372967426539788219782184679616672713188237,0,0,0,0,2.518610570217151541883566226574064113645396168234883026,0.5614674665259186465175276113752997422563069272409534983,4.078315292499077829193933818285342222313227661293104092e-56,1,ROOT_OK
kepler,kepler_0000366,cal,ordinary,0.8695657738914708279054366357740946114063262939453125,1.743577265470760159561127441873175029661521811465513414,0,0,0,0,2.35759275859102673168235530962296205295330093889317112,0.6189133678464056631771598959443368855474984042217172905,4.078315292499077829193933818285342222313227661293104092e-56,1,ROOT_OK
kepler,kepler_0000367,cal,ordinary,0.61343815624193975821754065691493451595306396484375,1.820634184228164931342696312307057909022365066661116287,0,0,0,0,2.284398796966093482461602966786174767299252564786234777,0.7135044235044973358903113813370897875441404698396296388,2.039157646249538914596966909142671111156613830646552046e-56,1,ROOT_OK
kepler,kepler_0000368,test,difficult,0.9999999965681674333558136948167512272344575410504184435,0.000000029120543368884462576767609691935500378955660019113949,0,0,0,0,0.0055892698967358525708478993964286477987254797477775359,64006.71771751606553838307856349427586816116293915466308,6.013353142034765350799854864468196226625053243114838748e-60,1,ROOT_OK
kepler,kepler_0000369,test,high_e,0.9444885872899408951752775465138256549835205078125,2.519180973464450556082957381486317807214411586205138411,0,0,0,0,2.818793706518345066891819614929290889215373022618771416,0.5275076990967052593991221001378318849495395978690947034,8.156630584998155658387867636570684444626455322586208185e-56,1,ROOT_OK
kepler,kepler_0000370,dev,ordinary,0.787300772239643453787039106828160583972930908203125,3.0219440469888012387995164099545919047948577136977803,0,0,0,0,3.074626866770099379525362834545679599354510579505609767,0.5600558722250280038558275629996159553328781459110834167,0.0,1,ROOT_OK
kepler,kepler_0000371,dev,ordinary,0.1485796660487464226907405873134848661720752716064453125,2.36854048363776196002366529061473418070156488169181097,0,0,0,0,2.461927635014410842352854774863031031787844486120432208,0.8964085339268555021294982329672167379727447196646540763,0.0,1,ROOT_OK
kepler,kepler_0000372,dev,difficult,0.9999999997270489390958287899444939072740168866601776043,0.0003108915659099735236370656187068370442723274722694945678,0,0,0,0,0.1231297852022112937425305921229152742304038072444514459,132.0846952824871051463576982382239203977926566753990984,1.234646231127650514697382308269976649333106030274279559e-57,1,ROOT_OK
kepler,kepler_0000373,dev,high_e,0.97816814792198247818788559015956707298755645751953125,2.109042625853281139475969083316103393985315777855677155,0,0,0,0,2.607222654435623399626012184943975443983496642972958877,0.5429467063985466484263582378164639071904208118909401099,4.078315292499077829193933818285342222313227661293104092e-56,1,ROOT_OK
kepler,kepler_0000374,dev,ordinary,0.45986750652388941329462568319286219775676727294921875,0.2279947780403886190022092692590567610024716949013204061,0,0,0,0,0.4122512747195414977614549551244997136926963355148123125,1.728131470207959127616963825077694344530062089523216844,2.548947057811923643246208636428338888945767288308190058e-57,1,ROOT_OK
kepler,kepler_0000375,dev,ordinary,0.02336579885706578998960658566375059308484196662902832031,1.119332896909277605376003377013606731683872443596822018,0,0,0,0,1.140569396821504882398766010855573314084388717027012109,1.009841245034958555280564652571457660126604413078050592,2.039157646249538914596966909142671111156613830646552046e-56,1,ROOT_OK
kepler,kepler_0000376,cal,difficult,0.9999999997606293873670825865386275018443025069767459407,0.0009511414176771359703776206354057845456064179200001502883,0,0,0,0,0.1787983535133153700211641833682988844548981913444976986,62.72782922484754669221560627615827946754126461672190657,1.792228400024008811657490447488675781289992624591696134e-57,1,ROOT_OK
kepler,kepler_0000377,cal,high_e,0.91258605965383576830163292470388114452362060546875,2.692673916686742568525517627413720167436375796598192612,0,0,0,0,2.905835285140632950693731066315876485440509731167809432,0.5298457210758323244845455186581803105107552792286443932,0.0,1,ROOT_OK
kepler,kepler_0000378,test,ordinary,0.798585200885070012333244449109770357608795166015625,0.1273498281832164011936405162046998269263043058349254052,0,0,0,0,0.533405186176512425458527487322065589149300133183508257,3.201498332346075015061043392670717649419388954189353191,2.548947057811923643246208636428338888945767288308190058e-57,1,ROOT_OK
kepler,kepler_0000379,test,ordinary,0.076932375176946010686407362300087697803974151611328125,3.100107657737575872477150730637121850273005173597521245,0,0,0,0,3.103070523762149338407694376690967613391417353478354521,0.9286126256659596566129586122575307491881725213319866314,0.0,1,ROOT_OK
kepler,kepler_0000380,dev,difficult,0.9999999999461941156500518144444495711675772230509334128,0.002657469375306099511660557510106125215654750008572911172,0,0,0,0,0.2519606503263544297351369871424601347962812962585967174,31.67111397152283747173361723361867281250726319339658858,1.11516433779271659392021627843739826391377318863483315e-57,1,ROOT_OK
kepler,kepler_0000381,dev,high_e,0.98301569000759270178235738057992421090602874755859375,1.860153743947840369009541741149983760628524890394407868,0,0,0,0,2.47102782250949227063882481898301865892831647158561258,0.5649193837252418181525328347534593281337983392809795352,4.078315292499077829193933818285342222313227661293104092e-56,1,ROOT_OK
kepler,kepler_0000382,dev,ordinary,0.62192897435167526776211843753117136657238006591796875,1.041479411011284732754977705601026804668650513182070943,0,0,0,0,1.660886244050766354726041110452916796223556940877189414,0.9470111560529449936287924471825397594393347551510868503,2.039157646249538914596966909142671111156613830646552046e-56,1,ROOT_OK
kepler,kepler_0000383,dev,ordinary,0.52001308412148616877601625674287788569927215576171875,2.474034832306004847925105911381645644097764441532581399,0,0,0,0,2.697467738520861683786076563003052100475388775596137173,0.6804734463972342846000715962017434487198727372263073038,4.078315292499077829193933818285342222313227661293104092e-56,1,ROOT_OK
kepler,kepler_0000384,dev,difficult,0.9999999874616068212514959036161536577562378901342692669,0.00002108581763009616461431456123360225404808579864727024904,0,0,0,0,0.05020278631839487820654575515913248675368678806758660327,793.7089014936125791704509786927537805524322197304610293,3.858269472273907858429319713343677029165956344607123623e-59,1,ROOT_OK
kepler,kepler_0000385,dev,high_e,0.9179899260641608549349257373251020908355712890625,0.2549390826846593801598256459674087096576796325149102046,0,0,0,0,1.052251047048338476217570678393117973988034681914070958,1.834766697881443923001853185796093051902323657476774912,1.019578823124769457298483454571335555578306915323276023e-56,1,ROOT_OK
kepler,kepler_0000386,cal,ordinary,0.1693445395306724388095886979499482549726963043212890625,1.485651793113184568994035829755633388035646124940394172,0,0,0,0,1.654404786480387531535621013777432307006769490034282747,0.9860550651312972517387701470386338403909096172679537821,0.0,1,ROOT_OK
kepler,kepler_0000387,cal,ordinary,0.01819281015967462097893125871905795065686106681823730469,1.94612605541690345031785956730913936702024835933530841,0,0,0,0,1.962937899178367981719176468070973531076063472942429492,0.9930952911177241998191923297112659712186746080689526083,0.0,1,ROOT_OK
kepler,kepler_0000388,test,difficult,0.999999999301064841753902938463560023994254892316237049,0.0000000254827485539082451746665660299037597489719795661712557,0,0,0,0,0.00534701596965105713053923960180972350913871235037123648,69949.85764011624216769766046536503059793108323572004433,4.541038775465020427567635725494259996383060671907732145e-59,1,ROOT_OK
kepler,kepler_0000389,test,high_e,0.97847422777370229862725636849063448607921600341796875,0.7273037033949986354812463678110122889150219078167406017,0,0,0,0,1.697886452634891568543493314248765416063496348181288176,0.8896639459479328460811595890974887347616853320123587801,3.058736469374308371895450363714006666734920745969828069e-56,1,ROOT_OK
kepler,kepler_0000390,dev,ordinary,0.2374453643535563152067169312431360594928264617919921875,1.449020204872025854640073474512673832090375871688004628,0,0,0,0,1.684920951538123197392506874129500784333949000419074557,0.9736723116378906477876156921845307262084180559399539332,0.0,1,ROOT_OK
kepler,kepler_0000391,dev,ordinary,0.33611018341582654667121232705540023744106292724609375,1.965926063369096325909189557683308697504893084897546,0,0,0,0,2.231338690620647772570888100834111522737766371871644503,0.8290369886228549239107285579099133557281874014595333676,6.117472938748616743790900727428013333469841491939656139e-56,1,ROOT_OK
kepler,kepler_0000392,dev,difficult,0.9999999998828566656747154412084771074963350935231601317,0.000000160034827815619756260718030855038114126689604851747505,0,0,0,0,0.009865556274411082542807519845366739339390148327114123981,20548.9349040509246234215471578495377174169023716852881,7.439177208921270299364445009290357114639979965600542101e-59,1,ROOT_OK
kepler,kepler_0000393,dev,high_e,0.97098752563058587927713460885570384562015533447265625,0.6289120818383895939062098118331074235646022937508974754,0,0,0,0,1.599499646067980724853055804431020618185325297544687416,0.9728887636110484152347495833935043656734327684599397147,2.039157646249538914596966909142671111156613830646552046e-56,1,ROOT_OK
kepler,kepler_0000394,dev,ordinary,0.29031612254767835690216770672122947871685028076171875,3.036489071265740977690890640311395503552553727538979637,0,0,0,0,3.06011669426403322417086469313468144699422903793643121,0.7755827633684541482232418073686932120406306068856826154,4.078315292499077829193933818285342222313227661293104092e-56,1,ROOT_OK
kepler,kepler_0000395,dev,ordinary,0.50545163476177223937924054553150199353694915771484375,0.621212681175155518391479350684140296178662644215088794,0,0,0,0,1.06284818674989623992114456406558901686773045988441328,1.325986187843400264898798339902979718803220376920963764,2.039157646249538914596966909142671111156613830646552046e-56,1,ROOT_OK
kepler,kepler_0000396,cal,difficult,0.9999999739829402195989006811974681128976046233464869706,0.000004695925349169480580262594874186897017133243127435660951,0,0,0,0,0.03042797916579593948312096760638488539413753617815973671,2160.194649103854061090166229590955319176532564197134601,4.713934072979814843161628520738444112247116017806284103e-59,1,ROOT_OK
kepler,kepler_0000397,cal,high_e,0.902016769136874785317559144459664821624755859375,0.1345864315848664132632724626833539171969019107898560273,0,0,0,0,0.7483387735069849023815083968209444731966673440294450179,2.949992808603540035963436604473040188400229846670634415,5.097894115623847286492417272856677777891534576616380115e-57,1,ROOT_OK
kepler,kepler_0000398,test,ordinary,0.65305381593401412576582742985920049250125885009765625,1.46826110303694187334848794003140292349098482874165449,0,0,0,0,2.048275021659993522442979641408556273562463059508649693,0.7691685162425270490135700779749156232021000542665495097,4.078315292499077829193933818285342222313227661293104092e-56,1,ROOT_OK
kepler,kepler_0000399,test,ordinary,0.239500535902862965453863353104679845273494720458984375,1.900847514905585890447048341486405901408987403167752171,0,0,0,0,2.106764050185452900947093711953062189968739169153267643,0.8910221704831114886248395607955532125828015052621645629,0.0,1,ROOT_OK
kepler,kepler_0000400,dev,difficult,0.9999999241795545984700148577901021789711289634193750233,0.00000009437346175755761587113117120561491603159508736417581139,0,0,0,0,0.008254756748067742252251610590126863865816142171693372402,29285.89660884766381342983012363981696019887418070193502,1.098738980670643260125227043745448146924058995703564038e-58,1,ROOT_OK
kepler,kepler_0000401,dev,high_e,0.96413509495123317361020554017159156501293182373046875,2.477690505510172895766212728341187914612920249695445283,0,0,0,0,2.800348096622519894703745677390759506148162910226828067,0.5239601756735229313730179750357592016195280681941757832,4.078315292499077829193933818285342222313227661293104092e-56,1,ROOT_OK
kepler,kepler_0000402,dev,ordinary,0.466942484266480606347471393746673129498958587646484375,2.080478069906894461788351527803652195629407595775292759,0,0,0,0,2.396934541833955347234843391192023847356753707251326973,0.7444065381469538616010029579679392848467184479365842401,0.0,1,ROOT_OK
kepler,kepler_0000403,dev,ordinary,0.76927095190381955536196301181917078793048858642578125,1.621405560427916679463266039772921645613225632413536652,0,0,0,0,2.229659453284776550952165566215143484499468781668866455,0.6798273162777482147883192047403002628428824094435873611,6.117472938748616743790900727428013333469841491939656139e-56,1,ROOT_OK
kepler,kepler_0000404,dev,difficult,0.9999999996803706868726052206677808813776905935112172167,0.0003885453517699419630401189315369327537481685984140106089,0,0,0,0,0.1326350519611213128521372050493069571636268782426035913,113.8544808639458002925784169041003110641219366924830846,4.281434511168465494515116069000725477526093492080162988e-58,1,ROOT_OK
kepler,kepler_0000405,dev,high_e,0.92144208315349873661403989899554289877414703369140625,2.08478600138305083874164491413691168006082018124823818,0,0,0,0,2.577463079571485795572000028510961186121115299749966192,0.5622182752651344027097318280656569062021053200247684701,0.0,1,ROOT_OK
kepler,kepler_0000406,cal,ordinary,0.7386424147375960647110559875727631151676177978515625,2.36429894885500677564578368851119414168588791232304173,0,0,0,0,2.687982191072407782555145919385369252058477359841539229,0.6009817256155301531727428550941798576614794437429228314,4.078315292499077829193933818285342222313227661293104092e-56,1,ROOT_OK
kepler,kepler_0000407,cal,ordinary,0.3482019778449736424619231911492533981800079345703125,0.3591061528825808448227282386426543794481549497187398508,0,0,0,0,0.5373318173793979777049705602235676966580650685377710189,1.426803134605030184347911448840843450143451316291641636,5.097894115623847286492417272856677777891534576616380115e-57,1,ROOT_OK
kepler,kepler_0000408,test,difficult,0.9999999997715073071218630839647217445059963409730334586,0.001030061568677401486174729159072004196204966314247424557,0,0,0,0,0.1836181146378888821452874397491527972169891114180974641,59.48664749233403008381643736734666023572069176410916768,1.991364888915565346286100497209639756988880693990773483e-59,1,ROOT_OK
kepler,kepler_0000409,test,high_e,0.9569634856884798868037478314363397657871246337890625,2.646059852099971112691507143526825780534989609419838448,0,0,0,0,2.887037519596917217930853406213529530752473638893740227,0.5191769062209421873263275280943258242814980733725777344,4.078315292499077829193933818285342222313227661293104092e-56,1,ROOT_OK
kepler,kepler_0000410,dev,ordinary,0.421550475141414582314070003121742047369480133056640625,0.272658897463348760490275704066457093386248836334857177,0,0,0,0,0.4596873114912270459545567899551853926435897662268074251,1.607174055171525393437910937636735095774051835328400754,0.0,1,ROOT_OK
kepler,kepler_0000411,dev,ordinary,0.8773457074796742194422449756530113518238067626953125,1.792727102752920005017850223494988280945607755490752447,0,0,0,0,2.391085457504461474103158391840984990362634008700475585,0.6091466961207061016625866901181683777055679025504984059,4.078315292499077829193933818285342222313227661293104092e-56,1,ROOT_OK
kepler,kepler_0000412,dev,difficult,0.999999999899283920268400230084397249997152929350535316,0.00003420630676668536328005333674979788560324161480504346143,0,0,0,0,0.05898989749805947051897886865367469969779193419563520469,574.911015021154662102160998795648173961295740882196452,6.285245430639753124215504694317925482996154690408378804e-58,1,ROOT_OK
kepler,kepler_0000413,dev,high_e,0.972320548940557305428455947549082338809967041015625,0.7184205475694239038332824954216081719112572855265718179,0,0,0,0,1.684466252300756391916542340846504912988908053130519735,0.9006690409167057330597230312789759964638622865264195582,2.039157646249538914596966909142671111156613830646552046e-56,1,ROOT_OK
kepler,kepler_0000414,dev,ordinary,0.2965053016460874601989416987635195255279541015625,1.391740163368903369134229079955183039141807760761827081,0,0,0,0,1.686270807144715207124956805365814950610247327310735575,0.9669657854566233036307238122367411966806258610393830283,0.0,1,ROOT_OK
kepler,kepler_0000415,dev,ordinary,0.6030372869488969111984033588669262826442718505859375,0.6481366821187657531331651129138887267345870554226550323,0,0,0,0,1.212979879667413728716595447230030434476367665143387026,1.267751110288351838118901577245711112948541474074334237,0.0,1,ROOT_OK
kepler,kepler_0000416,cal,difficult,0.9999999999050773538268298940404894523040731683575663116,0.00001387803759669831028838558689882839647242752247884921559,0,0,0,0,0.04366902847128998846033823252350333078621735553025457916,1048.943049362664861294005910317418564431128242255130973,3.447550463935072505757811485794188829286999701471526592e-58,1,ROOT_OK
kepler,kepler_0000417,cal,high_e,0.90775034022038136871657343363040126860141754150390625,1.613457588193754057465163527665535956473967729585133993,0,0,0,0,2.293992763191690799750017895741239730421838721540696519,0.6247130174089257193088607682403137549185709378204388212,4.078315292499077829193933818285342222313227661293104092e-56,1,ROOT_OK
kepler,kepler_0000418,test,ordinary,0.1421851001073819176223622662291745655238628387451171875,0.1561900556486222131904120127748906232981650205453213954,0,0,0,0,0.1819129445531162934652735931871042914145626120797561072,1.162573003688356224985439006856390694785825111757388816,2.548947057811923643246208636428338888945767288308190058e-57,1,ROOT_OK
kepler,kepler_0000419,test,ordinary,0.89878728862956125400529572289087809622287750244140625,1.651831129081349577714269460390184878504679266496812646,0,0,0,0,2.313758919039281037104150760117314067848739793831602686,0.621888578208880138041679279757745745118944719434028729,2.039157646249538914596966909142671111156613830646552046e-56,1,ROOT_OK
kepler,kepler_0000420,dev,difficult,0.9999999962229723971805496100913240925175213578190595114,0.00004133269758976096419565412779529483609982020767149949849,0,0,0,0,0.06283130471259276918944776866523695363821023637186794673,506.7804924818532450641384016214236871231090175436944348,2.663450538924568650657659415017893174972627928212659533e-58,1,ROOT_OK
kepler,kepler_0000421,dev,high_e,0.93874785010455230604975440655834972858428955078125,0.9579824123805023285457549987253898094069794995390687671,0,0,0,0,1.858220304710046826615056182062715538109505912951271463,0.7898152443504473545778392602808206047731008505603978733,1.019578823124769457298483454571335555578306915323276023e-56,1,ROOT_OK
kepler,kepler_0000422,dev,ordinary,0.2478230332203998631523944595755892805755138397216796875,2.197320548495935733580983247725813017134053509112484862,0,0,0,0,2.370103623926072196490780371890805729505976012531227829,0.8491431635995391268837228633889869941399789369673100237,4.078315292499077829193933818285342222313227661293104092e-56,1,ROOT_OK
kepler,kepler_0000423,dev,ordinary,0.3358854840835174826452202978543937206268310546875,2.194993218954924416710704905320827870590814194223698409,0,0,0,0,2.41750206168270072077288268202067049119419986520425992,0.7989693001735721302654489765414505973487844963920590399,0.0,1,ROOT_OK
kepler,kepler_0000424,dev,difficult,0.9999999993430838695629754558025566728894472205866230611,0.002194711130657304563192527009756622361239319936120653567,0,0,0,0,0.2363636057348657627137356117654196897195904270744843213,35.96595828522752180764510061088874716208590295133738613,8.762005511228487523658842187722414930751075053559403323e-58,1,ROOT_OK
kepler,kepler_0000425,dev,high_e,0.94046488399751104747537056027795188128948211669921875,2.012803946172082590943615024677497027674565043348201773,0,0,0,0,2.542852247598967676557459900885792122208129833649346429,0.5627881888496871548300175496556182380449149066461413053,8.156630584998155658387867636570684444626455322586208185e-56,1,ROOT_OK
kepler,kepler_0000426,cal,ordinary,0.13630376262730437009196293729473836719989776611328125,1.198431646491595888314863712876915732430125577444658315,0,0,0,0,1.330829750079231895567113642532702777271644559834667125,1.033479930856820025240332487752400397755931688677035768,0.0,1,ROOT_OK
kepler,kepler_0000427,cal,ordinary,0.279222975793239236441678485789452679455280303955078125,1.801350783807701723955015617352441691007075729339836529,0,0,0,0,2.049222736638878323364328481573384649054871809869494743,0.8860931931843792499245289615140514429506359840564455225,0.0,1,ROOT_OK
kepler,kepler_0000428,test,difficult,0.9999999836154731411945132183499735355231748195636428534,0.0000006158976901090611111629855015677001336768761612213759629,0,0,0,0,0.01545831417510485386784079200951823576314618609320123741,8368.639092876271570396314247242704227065503882143119116,2.083737771946316668501520198007938476185142249620228307e-59,1,ROOT_OK
kepler,kepler_0000429,test,high_e,0.98443682004836541299397367765777744352817535400390625,2.870075636703192907297848114081893073354244594417378304,0,0,0,0,3.004556877203725712898515834821546335920810269026663709,0.506275794047831033287684202814933873003440820526789094,8.156630584998155658387867636570684444626455322586208185e-56,1,ROOT_OK
kepler,kepler_0000430,dev,ordinary,0.85967034571296274680918259036843664944171905517578125,1.793145397480339046086164520373460235882615663606176008,0,0,0,0,2.383931643930094527639494546815924515909577485469807922,0.6155726683676547001161660693303734476916249321507706215,2.039157646249538914596966909142671111156613830646552046e-56,1,ROOT_OK
kepler,kepler_0000431,dev,ordinary,0.2133991332233254045736003945421543903648853302001953125,1.347348377576727746581643731253500243872726770181848753,0,0,0,0,1.560736713340667581303918574127230745241439017091430239,1.002151294719485605556214395391675686270951770491144273,2.039157646249538914596966909142671111156613830646552046e-56,1,ROOT_OK
kepler,kepler_0000432,dev,difficult,0.9999999998293121706799236953641471456823569018398766734,0.00000001913458675082876154197526216948493054190774083005522731,0,0,0,0,0.004860161198215314401088494431443667894311421120887306693,84668.76526796362528504649663498215720067210255113541944,3.590448883118301886716586409779135940022584847463039799e-59,1,ROOT_OK
kepler,kepler_0000433,dev,high_e,0.97661460819941836586366434858064167201519012451171875,1.351905884497802646580559582600030618450105199703164034,0,0,0,0,2.162492116187925543935657620105327535581968999495190524,0.6473641374517198321534150318335082665479051696000325266,6.117472938748616743790900727428013333469841491939656139e-56,1,ROOT_OK
kepler,kepler_0000434,dev,ordinary,0.860061396069033978761808612034656107425689697265625,2.001123388064887894831472435222477419241099559456940567,0,0,0,0,2.509368487784106132914975614134503193785723801236721359,0.5903799142487376613882440643927754566460537751811531358,4.078315292499077829193933818285342222313227661293104092e-56,1,ROOT_OK
kepler,kepler_0000435,dev,ordinary,0.77462123690060191716355575408670119941234588623046875,1.244040152697568219603560365666038820153054116788825133,0,0,0,0,1.960563037373877533881600256531314028256482107010078115,0.7725975883569602357812532765339584973472214859467990506,4.078315292499077829193933818285342222313227661293104092e-56,1,ROOT_OK
kepler,kepler_0000436,cal,difficult,0.9999999999856937992238689625351734183877180362223481652,0.00000005848263067877094440010246016168081843162043412254651233,0,0,0,0,0.007053307647509031820843321633620490537293568701572059922,40201.836427958610730134676824216859445325088662195896,3.094430809896596431504576147992481896548975099405401458e-59,1,ROOT_OK
kepler,kepler_0000437,cal,high_e,0.95454532374172396114175853654160164296627044677734375,2.731951456533273992653879627728602383312939020379585906,0,0,0,0,2.931252979146441616694566663725190331809076773997877674,0.5171948694883231551399635392966522476180201407775978924,0.0,1,ROOT_OK
kepler,kepler_0000438,test,ordinary,0.84967239980548814326510864702868275344371795654296875,1.088241090420775793414435607013672547646024248229196689,0,0,0,0,1.893936854454419237213116985646620617807673736076030769,0.7875192930096578288160266174611236257835369855187941631,4.078315292499077829193933818285342222313227661293104092e-56,1,ROOT_OK
kepler,kepler_0000439,test,ordinary,0.3565080586276565544068262170185334980487823486328125,2.281708614481203516536343872101338190595951508042729994,0,0,0,0,2.496163066111441493081078029885009711256324821899444918,0.7783352525084018518211601394586593845646545241989071486,0.0,1,ROOT_OK
kepler,kepler_0000440,dev,difficult,0.9999999999384058497274512453165650594737225060899469131,0.0000001078528157577391865976434653485089117663639025406459473,0,0,0,0,0.008649561133377539888838893569251528199778623600798162741,26732.76269326701288835127677284141611430052978565124829,8.202955099665008863577204745891027050731174196620929098e-59,1,ROOT_OK
kepler,kepler_0000441,dev,high_e,0.9221303712812638497808848114800639450550079345703125,0.09933704537327927156969389935714823973786964321811622242,0,0,0,0,0.6770444930389046682752400600578736892566317522159520491,3.555352977084153695604397791837123282353612786421139795,0.0,1,ROOT_OK
kepler,kepler_0000442,dev,ordinary,0.8780784034708328800178378514829091727733612060546875,1.66494669446241336682123954954902524136663309646741947,0,0,0,0,2.312418614418895360956875534554944404875386357890776689,0.6276956315743401896877678675872846144980062129851544651,4.078315292499077829193933818285342222313227661293104092e-56,1,ROOT_OK
kepler,kepler_0000443,dev,ordinary,0.688403686113082446951239035115577280521392822265625,1.693556346697631065258693027428825255188030307125726123,0,0,0,0,2.235428832157506380273027821996067642531563737989395807,0.7019579907459137297340211811993369351773968270877851876,6.117472938748616743790900727428013333469841491939656139e-56,1,ROOT_OK
kepler,kepler_0000444,dev,difficult,0.9999999999543103956352846981475024776122790349098010915,0.001234089567262120371483543499978872312522758653868480619,0,0,0,0,0.1950329466426447887494913721214576383943896217585877123,52.7461909110635762545531917159980422732496466873591205,1.11516433779271659392021627843739826391377318863483315e-57,1,ROOT_OK
kepler,kepler_0000445,dev,high_e,0.9434741739272471949817600034293718636035919189453125,2.230359342934027234654414431356910339135808258798460436,0,0,0,0,2.664010993165760946422206175417636094452993822073434169,0.5440968847841305533316604516068576268214667821161361346,4.078315292499077829193933818285342222313227661293104092e-56,1,ROOT_OK
kepler,kepler_0000446,cal,ordinary,0.53285288712901601737570445038727484643459320068359375,2.621363962416076541089452475404672675547330276871518449,0,0,0,0,2.799909035044062821368721049902317743570017180664524714,0.6657569518344265202219715814858296429727350504263336314,4.078315292499077829193933818285342222313227661293104092e-56,1,ROOT_OK
kepler,kepler_0000447,cal,ordinary,0.81224224163483438321264884507399983704090118408203125,0.1293460409454108969577469126052197116284980565013737531,0,0,0,0,0.5625543275502575203426813785725891582945669685330634311,3.195624064551016698193572674570621668100391341165540125,7.646841173435770929738625909285016666837301864924570173e-57,1,ROOT_OK
kepler,kepler_0000448,test,difficult,0.9999999943640529867363156336621411935005955607903878181,0.0005325303452046080120164811984300027210360725337104897942,0,0,0,0,0.1473404932005073468415015719262979607989615786673883615,92.29355163106489881234216901858661242265434193891626211,2.479249286699878856126195119026001497451156464018512986e-57,1,ROOT_OK
kepler,kepler_0000449,test,high_e,0.93807232503472304241398660451523028314113616943359375,2.045314826875556168604882245522799402098077878910977846,0,0,0,0,2.560364339409180362634694871604516492513653563482954726,0.5605285612750929064191804568209853371022362038777854315,8.156630584998155658387867636570684444626455322586208185e-56,1,ROOT_OK
kepler,kepler_0000450,dev,ordinary,0.33542108537408787949374300296767614781856536865234375,2.556372253717901947609040182890829306404902317464809243,0,0,0,0,2.699788584478780762656855969065836032623188369746146689,0.7673333630874296334005462350972098581194903570005809904,0.0,1,ROOT_OK
kepler,kepler_0000451,dev,ordinary,0.773548103060061276181613720837049186229705810546875,1.953216502284872650355435435626909133678559515869219326,0,0,0,0,2.4478424941618535694898281699223340711921679092575096,0.6270594387471205517073870936678568819517007683869567508,2.039157646249538914596966909142671111156613830646552046e-56,1,ROOT_OK
kepler,kepler_0000452,dev,difficult,0.9999999896395430379829643311690052981326250900112288127,0.000002163033822579476757024935236483657997550459497709388705,0,0,0,0,0.02349953256095798805749065267468971401270626988301077143,3621.723095598833674969949646406957721640690230191118262,4.515575460997990951246411479024202652078301729928296901e-59,1,ROOT_OK
kepler,kepler_0000453,dev,high_e,0.93287853924325003784900900427601300179958343505859375,0.3750260416440988352106579612684354259659111398618165416,0,0,0,0,1.264479820091871006660334481351168516561257600676262403,1.391417159452318012689541996538547554328574516127994772,5.097894115623847286492417272856677777891534576616380115e-57,1,ROOT_OK
kepler,kepler_0000454,dev,ordinary,0.7098825032740252449769968734472058713436126708984375,0.8820948191292804829511588015244699177678147116439062657,0,0,0,0,1.591820439423985617616857764767568792705563221207994717,0.9852958873201304452547241718421910501644239528562844563,1.019578823124769457298483454571335555578306915323276023e-56,1,ROOT_OK
kepler,kepler_0000455,dev,ordinary,0.71579599331822840735384261279250495135784149169921875,0.4829537861084632773773473217966686843812422382521362887,0,0,0,0,1.130472697805490260090812463142108337733815294016805116,1.439046317341485215754689953523889106910450322618728641,5.097894115623847286492417272856677777891534576616380115e-57,1,ROOT_OK
kepler,kepler_0000456,cal,difficult,0.9999999999570940158557468539945146732103795992256701232,0.00000004972074722256155646733921718932976549722898468210221142,0,0,0,0,0.006681835622416286053391525632331634619085205629914653256,44795.99647347674248265711177463589935036416722418040318,8.500128387836307525178127335959238061829673543349898896e-60,1,ROOT_OK
kepler,kepler_0000457,cal,high_e,0.9441222953119166039215315322508104145526885986328125,3.051447078810649539127929941445184226632442462438960129,0,0,0,0,3.095216317857886153072634025217446953390284714559494891,0.5146396492014458474565786567780226810356776295531123242,8.156630584998155658387867636570684444626455322586208185e-56,1,ROOT_OK
kepler,kepler_0000458,test,ordinary,0.7234611840796267845377087724045850336551666259765625,1.865196545217023742180156705914617306630928008332451712,0,0,0,0,2.369769461894619011494820513160826197465950014193117136,0.658561342967501691887224058171467342950960210494917896,4.078315292499077829193933818285342222313227661293104092e-56,1,ROOT_OK
kepler,kepler_0000459,test,ordinary,0.59552587778353915926032868810580112040042877197265625,2.515121594816697116266567585353955196741578146969682313,0,0,0,0,2.745103251775557922490780453871227624639035933490670813,0.6454417812053399571632897972787813462387731878394793153,4.078315292499077829193933818285342222313227661293104092e-56,1,ROOT_OK
kepler,kepler_0000460,dev,difficult,0.9999999938062263573188016098076950374638591924649864269,0.0006679781033080229162823553443376620410910502617963159939,0,0,0,0,0.1589109181683902809318210649759288014859603708173302932,79.36635373144904079663468061197862663778861776985172211,1.533350964464985316640297382851422612881438134372895582e-57,1,ROOT_OK
kepler,kepler_0000461,dev,high_e,0.93926168155132316872624187453766353428363800048828125,0.2623891318005157983962353412158071336773991029920071486,0,0,0,0,1.099069077442147604282520102663495420088784270385253477,1.744666412487317983355837839727764527298338329698960871,1.019578823124769457298483454571335555578306915323276023e-56,1,ROOT_OK
kepler,kepler_0000462,dev,ordinary,0.38508471073675265561320202323258854448795318603515625,0.9820971037695115580400747967615890366192787510791180525,0,0,0,0,1.35853975090126472864457865725402138246545697446050185,1.088286594222794533478910682745634914694317349037311954,1.019578823124769457298483454571335555578306915323276023e-56,1,ROOT_OK
kepler,kepler_0000463,dev,ordinary,0.09962758703374362256877105892272084020078182220458984375,1.316329057756930600091900152594257951762817007785544923,0,0,0,0,1.41474605451254818389489721167096341944205580912021652,1.015727411451128148096677829842971018024849422291399393,0.0,1,ROOT_OK
kepler,kepler_0000464,dev,difficult,0.9999999693431794097817960640735143396351298241205483834,0.00000002366852439240309771758528150732878949736672196578828696,0,0,0,0,0.005205490245437983534049925847419753469275814560543470348,73642.09413746486426201879660872818268029472468272660299,3.288717722429038521716876663421535189490059437133932427e-59,1,ROOT_OK
kepler,kepler_0000465,dev,high_e,0.9687128482770603898899253181298263370990753173828125,1.996017766422995073723436561638140962217994330464565328,0,0,0,0,2.542371400691839324719192046879226689790779458123824482,0.555574405537607787691463841686236822272640833750156061,6.117472938748616743790900727428013333469841491939656139e-56,1,ROOT_OK
kepler,kepler_0000466,cal,ordinary,0.84871000807367458218521960588986985385417938232421875,0.5006444844171668432812050679615080631830398791863179479,0,0,0,0,1.323543986512826534579127537610111541678366606309043127,1.262170407742113221280158601875109122602380656255555271,1.019578823124769457298483454571335555578306915323276023e-56,1,ROOT_OK
kepler,kepler_0000467,cal,ordinary,0.484687226061020937084578008580137975513935089111328125,2.346352320894331667012954054622601678980046882116502976,0,0,0,0,2.597321002326509297402563399259624140297959463641137042,0.7068875417755482983218506712512155645190986583914852596,4.078315292499077829193933818285342222313227661293104092e-56,1,ROOT_OK
kepler,kepler_0000468,test,difficult,0.9999999997728470300263910302241065971637683784599146171,0.000001398502785313515713760437226545943031443076772561888563,0,0,0,0,0.02032079555527239145463087270336440447039622556452778122,4843.541772623518995304294304145280796430076950096553526,3.124342607941159458343016659000983626541343479458570974e-58,1,ROOT_OK
kepler,kepler_0000469,test,high_e,0.94414177901250828650603352798498235642910003662109375,0.7798871167243372075294041142420749400168066088919505973,0,0,0,0,1.714321204663062781354890648874768936283658299772493827,0.8810238265618595675757910967114516633085300115462319263,1.019578823124769457298483454571335555578306915323276023e-56,1,ROOT_OK
kepler,kepler_0000470,dev,ordinary,0.72905067275257018355461013925378210842609405517578125,0.931307839007180760363121973062636377434444476885882991,0,0,0,0,1.657612774666860463387897173641106098143103701088521556,0.9405443262068180935805653241899296178367863430731358227,1.019578823124769457298483454571335555578306915323276023e-56,1,ROOT_OK
kepler,kepler_0000471,dev,ordinary,0.368332226962392039748550587319186888635158538818359375,0.3932788014523250520680169846790030196534929507492805892,0,0,0,0,0.6018024121517895301371240800422791528706764381590733657,1.436002439495705446815961944555241428922523260125192613,5.097894115623847286492417272856677777891534576616380115e-57,1,ROOT_OK
kepler,kepler_0000472,dev,difficult,0.9999999999887079159951948260229815576131066312713806762,0.001218096572088447634805616689359090700645482974285264642,0,0,0,0,0.1941857139141538080233814366594489473396511463303707598,53.20599554272991917239032372550828876789736407757179543,2.27015597336374449476615456681898932296732399114948177e-57,1,ROOT_OK
kepler,kepler_0000473,dev,high_e,0.9311849425114313572038327038171701133251190185546875,1.435114404701164323263538560494346017436931380422838638,0,0,0,0,2.192216576621182602257235121007630248751884270827621032,0.6484550179360496533552479728580578150613547087467545705,6.117472938748616743790900727428013333469841491939656139e-56,1,ROOT_OK
kepler,kepler_0000474,dev,ordinary,0.6935870872359550798336158550227992236614227294921875,2.431461459622346006208716966450892359596629283042071337,0,0,0,0,2.717112995099042380882662741434983625081216366170123925,0.6127325493906285386612208285754571963645092417595387608,0.0,1,ROOT_OK
kepler,kepler_0000475,dev,ordinary,0.88102770514161943271602694949251599609851837158203125,2.571990278312935308738704932611948291307214692427829696,0,0,0,0,2.836573218156592918881957826546509308157799913748420694,0.5433718162350065944269581321476789738319485864242138294,0.0,1,ROOT_OK
kepler,kepler_0000476,cal,difficult,0.9999999999891506693373751648929778971715822770929914594,0.0000003930961229873737396629396974236017528651081262801509193,0,0,0,0,0.0133112211765600320032443299130765351069249900864441223,11287.57257981692894596404020486366748489244777310234613,1.150382714880861992769084715941760154537863647002189505e-58,1,ROOT_OK
kepler,kepler_0000477,cal,high_e,0.95611012347267954059049088755273260176181793212890625,0.2568259960901540809631676601495730405240635026555784545,0,0,0,0,1.115565410755110634707140980737946339024674045149643207,1.725246476334516150500106263017465140231333842138967255,1.019578823124769457298483454571335555578306915323276023e-56,1,ROOT_OK
kepler,kepler_0000478,test,ordinary,0.292427569353687299980038005742244422435760498046875,2.708351787318044195530754580084888321595956109916384697,0,0,0,0,2.804947242127280863584080026655281160588754124902740931,0.7836910471447381466556458494977642512146366871728141879,0.0,1,ROOT_OK
kepler,kepler_0000479,test,ordinary,0.7849733039118473865158875923953019082546234130859375,1.071930977670337370064256480892114520904134378397129637,0,0,0,0,1.830567474512645551296689091902298502040021556426361285,0.8322044758559122766363595321801720051172011275581727648,2.039157646249538914596966909142671111156613830646552046e-56,1,ROOT_OK
kepler,kepler_0000480,dev,difficult,0.9999999993529485582876606814971555076339011526539961734,0.0004244082605285100558643038561170501572887344172630274134,0,0,0,0,0.136598750179416945062004476011814631591823144102126134,107.3524397616205897884408088351541212454731564872831502,4.779275733397356831086641193303135416773313665577856358e-58,1,ROOT_OK
kepler,kepler_0000481,dev,high_e,0.9106198376563108265457913148566149175167083740234375,1.029755650017328541937000346068653916763048188498019449,0,0,0,0,1.893399611734991568627969740181926411382053910141860378,0.775975887455745443661280504105758973321474723388904891,0.0,1,ROOT_OK
kepler,kepler_0000482,dev,ordinary,0.418826032521692648291633531698607839643955230712890625,1.68636647866358816744151453525959552093705257620732733,0,0,0,0,2.056712357836791694457168547129319765729592932801073804,0.8364004641200158807668678707492040721736137705866656305,0.0,1,ROOT_OK
kepler,kepler_0000483,dev,ordinary,0.402985079555359282377224872107035480439662933349609375,1.514110895854583014848112364816461627906318177346790215,0,0,0,0,1.895976773703798415894947180824318694269398430319210043,0.8859392348589823907772066797491285594236491476139146756,0.0,1,ROOT_OK
kepler,kepler_0000484,dev,difficult,0.9999999145155735149189376637583899977817180103775598564,0.00830274152892297932703835939951881951951369035270236109,0,0,0,0,0.3687864623365988492308772403177378604343098512816386648,14.87329732519579883103308975024862017878784565195183664,1.911710293358942732434656477321254166709325466231142543e-57,1,ROOT_OK
kepler,kepler_0000485,dev,high_e,0.927304246714557134367851176648400723934173583984375,1.638778349257649948382238040553181395561110828493979958,0,0,0,0,2.3186387435795106367795181139378617364663407862548174,0.613263241416401385842905969966221599677658265269940728,4.078315292499077829193933818285342222313227661293104092e-56,1,ROOT_OK
kepler,kepler_0000486,cal,ordinary,0.62250460197894896818837651153444312512874603271484375,2.998676328053566195831534902340839270429345235277551376,0,0,0,0,3.053465132194998821845837282463231168533653840941087608,0.6172501018687297467962383079075655920382400084053267475,4.078315292499077829193933818285342222313227661293104092e-56,1,ROOT_OK
kepler,kepler_0000487,cal,ordinary,0.49860094373215180230118903637048788368701934814453125,2.575245672207689817207153370691339521599005502985586684,0,0,0,0,2.760631793059473318171714881118228488253176735019227087,0.6835946825744064303191349169346299936279843846113645189,4.078315292499077829193933818285342222313227661293104092e-56,1,ROOT_OK
kepler,kepler_0000488,test,difficult,0.9999999992228139872843757697459945394132799620811841172,0.006848320183234258857090110835797662786767929949555373201,0,0,0,0,0.3457619730863982973321849356906759595462903045300867477,16.89688159202842922055655539960224440585818300741917606,2.389637866698678415543320596651567708386656832788928179e-58,1,ROOT_OK
kepler,kepler_0000489,test,high_e,0.98770771033714799269631612332887016236782073974609375,0.01690596229390541745896284894221548800762679851268890098,0,0,0,0,0.4164495239391097461408721979725231571279452222150955631,10.34011179772846709956672305205063115425690849608712751,2.867565440038414098651984715981881250063988199346713815e-57,1,ROOT_OK
kepler,kepler_0000490,dev,ordinary,0.82116644165855279258181553814210928976535797119140625,2.689762566268716277573155010038544203768247353364633057,0,0,0,0,2.892333162330215490817275276093951372496792502764195051,0.5568584220204218131831555558484922080089409780437814704,4.078315292499077829193933818285342222313227661293104092e-56,1,ROOT_OK
kepler,kepler_0000491,dev,ordinary,0.79913671874006031448089970581349916756153106689453125,2.780904742551119911378848515577824927988763008146089849,0,0,0,0,2.940513672692362363678363596892663450672894022915927348,0.5608413513083907240658695547623806490894679495854912424,0.0,1,ROOT_OK
kepler,kepler_0000492,dev,difficult,0.9999999956586273772964408523217078584462508440537472313,0.0000001881885461673363686361429952855480704170692089208428332,0,0,0,0,0.01041231953154294656193782332341405948998268615996974529,18446.08334611076571378059044596002972481199398878312683,2.641378281610904913665132812827141796806784377551726643e-59,1,ROOT_OK
kepler,kepler_0000493,dev,high_e,0.9824610271601004196639905785559676587581634521484375,1.592553455302955029976380441015780155914489325019648618,0,0,0,0,2.315167426526907601638721333067908455924143986077987452,0.6003746719207974204245403178273435836177610074591032736,0.0,1,ROOT_OK
kepler,kepler_0000494,dev,ordinary,0.1622441915558064662317150350645533762872219085693359375,2.835128509519076514087948162617892826487765279710900884,0,0,0,0,2.877482428631693617056354918575305577043732166725137143,0.8645893926381269093656538946840780256887417608208948448,4.078315292499077829193933818285342222313227661293104092e-56,1,ROOT_OK
kepler,kepler_0000495,dev,ordinary,0.56047415008493939314604403989505954086780548095703125,1.613497035863827149325516525620247678078028958695307365,0,0,0,0,2.097897430802919256315908714943817927208935237650845751,0.7800705516152619147474674285242300077439489354878294774,0.0,1,ROOT_OK
kepler,kepler_0000496,cal,difficult,0.9999999998547252593516922977671981102617574456790605616,0.001325370036059254004591641261615195224773013213548944472,0,0,0,0,0.1997338021759904471417752407457666725940835248177317024,50.30036439420758339177528082646362827217303937587424448,1.69266015557823054434318542262819379344054858989215746e-57,1,ROOT_OK
kepler,kepler_0000497,cal,high_e,0.95432276837746188302702421424328349530696868896484375,2.309819008744871065291772634844710304368785796020157234,0,0,0,0,2.709480017251767566020536569105449609721400352244419036,0.5357321829644498107254009641665039251373517521971596968,4.078315292499077829193933818285342222313227661293104092e-56,1,ROOT_OK
kepler,kepler_0000498,test,ordinary,0.15452176190956146140109694897546432912349700927734375,2.598757240197204062721951834900021128793258768490202061,0,0,0,0,2.669083486039344927110801416058758063415012899597902265,0.8790508056453153203578856460921699454869725234680910124,0.0,1,ROOT_OK
kepler,kepler_0000499,test,ordinary,0.60656121566188492266746834502555429935455322265625,2.209797634591673000393451580565048264222620957608840725,0,0,0,0,2.548714094039021891091415486757104430100666311867119423,0.6653170122376027934246095903931507765432380027121522664,4.078315292499077829193933818285342222313227661293104092e-56,1,ROOT_OK
kepler,kepler_0000500,dev,difficult,0.9999999999783231968123129764411736713826819781046988139,0.0003132433142221320042363154716092011828045899391991124107,0,0,0,0,0.1234396398378918160690810780591067427239775269282174411,131.4232584077131080335489667135268009216277734508533368,7.567186577879148315887181889396631076557746637164939234e-58,1,ROOT_OK
kepler,kepler_0000501,dev,high_e,0.928134387616297740208892719238065183162689208984375,1.324359465855254179521050062402906127222525159169491071,0,0,0,0,2.117305466524492461391110506776427882504991536908414054,0.6746004755109491475359789730109201980854092729411414842,2.039157646249538914596966909142671111156613830646552046e-56,1,ROOT_OK
kepler,kepler_0000502,dev,ordinary,0.6777490972454656148471485721529461443424224853515625,2.644007962671883812984524609248248957733675882654709721,0,0,0,0,2.843233702770234566114514817670846855379568863988078695,0.6068674623014020011647572235171953065205104257667693354,8.156630584998155658387867636570684444626455322586208185e-56,1,ROOT_OK
kepler,kepler_0000503,dev,ordinary,0.76473721387430426688069928786717355251312255859375,1.850629470113315095810966395750901101633898274274628267,0,0,0,0,2.378941205004198573706098395299008112452871511274245394,0.6439522284116020657323721320389332550820928333493035914,6.117472938748616743790900727428013333469841491939656139e-56,1,ROOT_OK
kepler,kepler_0000504,dev,difficult,0.9999999413871061705506294890367970855424179760613779916,0.00000001072547041800586004459185513140054956770414146813581781,0,0,0,0,0.003978085854881456446405869657114001064532480144083828845,125451.8535897589889791386395708642071698034394753436994,2.164275379338752977558089249641455171984382793434659232e-59,1,ROOT_OK
kepler,kepler_0000505,dev,high_e,0.97021191237478332514143630760372616350650787353515625,3.112676606453137494036183116038486239579645897327348493,0,0,0,0,3.12691577635667275413258724109520084204305610157451578,0.5075865362756215420357847071711886120542841396383882439,8.156630584998155658387867636570684444626455322586208185e-56,1,ROOT_OK
kepler,kepler_0000506,cal,ordinary,0.7482791938666639719457407409208826720714569091796875,1.817869940656426596685044595432645230795280172442384706,0,0,0,0,2.350164265406403310842877356585191741444487227879493353,0.6553453489072161428627890322104704949249558000450007333,0.0,1,ROOT_OK
kepler,kepler_0000507,cal,ordinary,0.87830819557203942959944242829806171357631683349609375,0.6155483200688219872527343156845257778069888015851528539,0,0,0,0,1.491066348938747387361915359017601738831729447544705906,1.075214852931240692524916804837010344810244057506283944,2.039157646249538914596966909142671111156613830646552046e-56,1,ROOT_OK
kepler,kepler_0000508,test,difficult,0.9999999998313833114296718609977361561008941834611561036,0.00005571218666473489932424238234238127994789575191067961155,0,0,0,0,0.06940679497264001961672338111632427906165802457119351187,415.3367266425833586779344027606165525900620040355514187,4.225427373667715219150819492516704359360781222561672483e-58,1,ROOT_OK
kepler,kepler_0000509,test,high_e,0.97035097532560998789818995646783150732517242431640625,0.5942405931231304370977154997897985752712968140038627913,0,0,0,0,1.564572776411308177334738502226943538474554546622490544,1.006075680167169271800049256750675583553425635181265062,2.039157646249538914596966909142671111156613830646552046e-56,1,ROOT_OK
kepler,kepler_0000510,dev,ordinary,0.83529330125829892583766422831104137003421783447265625,2.507435295002872756473921844465534352390231662745863101,0,0,0,0,2.792860493707316821816088534181702380508414925218847095,0.5602196208188878737070693486087006548177374004707468576,4.078315292499077829193933818285342222313227661293104092e-56,1,ROOT_OK
kepler,kepler_0000511,dev,ordinary,0.303685109211190518152534423279576003551483154296875,2.477566896809299504169309532716957902734544625386286239,0,0,0,0,2.627027463922436319199411641211154713846055724835206914,0.7909140099692031599830975192564183814096760925809320795,4.078315292499077829193933818285342222313227661293104092e-56,1,ROOT_OK
kepler,kepler_0000512,dev,difficult,0.9999999977762910885972223241454864892754518292824288505,0.001959287897069032644413320353976276674114963967978844704,0,0,0,0,0.2275750741553942168832801038208234325147696382562416391,38.78428062814809862914689829932358944938767739950965959,3.982729777831130692572200994419279513977761387981546965e-58,1,ROOT_OK
kepler,kepler_0000513,dev,high_e,0.928054830044447331971468884148634970188140869140625,2.329461946676806000063829001639869321535128097652505298,0,0,0,0,2.71416753522714973318278483545489367814595381483864029,0.5421337031911144504429611313537781586447380025686087634,0.0,1,ROOT_OK
kepler,kepler_0000514,dev,ordinary,0.450758491809269801198212235249229706823825836181640625,1.062417573446831861370965510304014289918117198342114847,0,0,0,0,1.512407919215089310570905348583721132450873881674322567,1.02701471688183737658198151509789016340850425127890463,0.0,1,ROOT_OK
kepler,kepler_0000515,dev,ordinary,0.159437475225789160315770232045906595885753631591796875,0.6521748830646668061672324434074697827813136877762704863,0,0,0,0,0.762277720895711213039564371801972787957404051999915289,1.130346518382101261242840031249451456500738201451467905,0.0,1,ROOT_OK
kepler,kepler_0000516,cal,difficult,0.9999999972238013414955769302617892642482681849272035729,0.003989835606404085277230550788217561184310205225901954017,0,0,0,0,0.2886057716296630181785120187305538744751144635091315424,24.17889913796636893628182884463002770297468371665216096,3.664111395604640237166424914865737152859540476943023208e-57,1,ROOT_OK
kepler,kepler_0000517,cal,high_e,0.91035861368765769174871138602611608803272247314453125,1.46524572174626716088708933985594576151225189899802041,0,0,0,0,2.200825094604599649029779138451239522740896925214375527,0.6508915860124234628131103643324446060345468663613430213,4.078315292499077829193933818285342222313227661293104092e-56,1,ROOT_OK
kepler,kepler_0000518,test,ordinary,0.78486549049935827593316162165137939155101776123046875,2.402217017960087991273803234734569170080767595415582331,0,0,0,0,2.721977966755768576832642908801559628724307954153240955,0.5824874246006560129909705306942537822607334317096032051,4.078315292499077829193933818285342222313227661293104092e-56,1,ROOT_OK
kepler,kepler_0000519,test,ordinary,0.66699881381719106077099468166125006973743438720703125,2.664871739499411243882479100631782042358563259758290235,0,0,0,0,2.854038017468406104898486798020938381317397413728522582,0.6099003834004649786215913872609954043685630337734508297,8.156630584998155658387867636570684444626455322586208185e-56,1,ROOT_OK
kepler,kepler_0000520,dev,difficult,0.9999999853167556537127917854170757936609887991839719943,0.00000002797928500640969701782157467637876092489156841837540864,0,0,0,0,0.005511166688722964101759975998046282658712477845537527076,65784.61030305018214749529585544212579667079751333166392,7.758987930598460321179343808929203831594142094876861847e-59,1,ROOT_OK
kepler,kepler_0000521,dev,high_e,0.94749017108573296841456112815649248659610748291015625,1.641335370765510063831034862610901886700133513677040626,0,0,0,0,2.329170627670930790690176663530613550863407750920551895,0.6054628687862865599139649452591017306760349285236475854,4.078315292499077829193933818285342222313227661293104092e-56,1,ROOT_OK
kepler,kepler_0000522,dev,ordinary,0.2203128072295079953324403732040082104504108428955078125,0.3160485117058889590565315567689160795311341471623296149,0,0,0,0,0.4023111028901915544089831996200883689229916035969808709,1.254268767446635291076243342642386364554701200471607576,0.0,1,ROOT_OK
kepler,kepler_0000523,dev,ordinary,0.332175519105605498992872526287101209163665771484375,0.6311295440592555609003496857807797495114749248050239212,0,0,0,0,0.8890563454514735228099051865016536577641013044312855343,1.264732159232567212017687340562164718123403245276573682,1.019578823124769457298483454571335555578306915323276023e-56,1,ROOT_OK
kepler,kepler_0000524,dev,difficult,0.9999999999052340593834777462814439589108946806519907763,0.0000001118207191800757036725513404451526910503843976445542061,0,0,0,0,0.008754351722187519393338497418334615365432154666783012049,26096.58702089141455322035812429836050996807347766574456,1.316459435108781212078491925377017220208616001754935653e-58,1,ROOT_OK
kepler,kepler_0000525,dev,high_e,0.98487437427807245082789222578867338597774505615234375,1.763835362092424589498557985448263301278559169355709506,0,0,0,0,2.416792863118615785858839521208536755857124225667208931,0.5756029615463857520723155747131275502033920074297549704,0.0,1,ROOT_OK
kepler,kepler_0000526,cal,ordinary,0.218689953534329128981283929533674381673336029052734375,1.161739909770707014877736051084608626025696387828401716,0,0,0,0,1.376306781500401058423777094056903374695783208404407591,1.044130459295309206502290738691363065123758534827623174,2.039157646249538914596966909142671111156613830646552046e-56,1,ROOT_OK
kepler,kepler_0000527,cal,ordinary,0.3686191304216297481843866989947855472564697265625,2.610638594404399549379082986770532841502562673274036915,0,0,0,0,2.750989075319637420117332163828366255564879625997119871,0.7457930617225565479002617353127351016024537102315504937,4.078315292499077829193933818285342222313227661293104092e-56,1,ROOT_OK
kepler,kepler_0000528,test,difficult,0.999999901708229479906758396566867529495460939158553385,0.000001595790113091816161502035724757838880223693598108693234,0,0,0,0,0.02122541697260256687631460721037119547242316764742974329,4437.561773526202680857914703559933539644514983441279689,1.397455868334692634610538884076999149777548502638447094e-58,1,ROOT_OK
kepler,kepler_0000529,test,high_e,0.95171642820536062057357185040018521249294281005859375,0.7116914031061560225487848599598755421516646960248151847,0,0,0,0,1.659653147717499501438461742657675096308198820168854484,0.922121953263695007846574532409901758783087572563843281,1.019578823124769457298483454571335555578306915323276023e-56,1,ROOT_OK
kepler,kepler_0000530,dev,ordinary,0.375514649919790943766173541007447056472301483154296875,2.03564253301857176687111693353964815961633755054158349,0,0,0,0,2.312513172862738546211775906545940786992441895388045542,0.7976512635378405228100510916576583699387116261832012146,4.078315292499077829193933818285342222313227661293104092e-56,1,ROOT_OK
kepler,kepler_0000531,dev,ordinary,0.03935046416877670955036805366944463457912206649780273438,2.195646047491682536246044558991481229893488699306526936,0,0,0,0,2.22682810257748482039037387485048789481899745204740733,0.9765597490029933913958994067206000654782989644186979987,4.078315292499077829193933818285342222313227661293104092e-56,1,ROOT_OK
kepler,kepler_0000532,dev,difficult,0.9999999410436234378346070593391367097636290941303441568,0.0000004301056380489206549319878650292567562246541362730163445,0,0,0,0,0.01370790949063077319827209616253810411292201152181019382,10637.0677133667526780957045414070950626378966929977899,1.522694050801648111466813173159324150119427327533960583e-58,1,ROOT_OK
kepler,kepler_0000533,dev,high_e,0.93956813832419705523335551333730109035968780517578125,3.131353934209332127111393814958874996937075587151331313,0,0,0,0,3.136313776187221728703929018710223163906820185475605187,0.5155821699919285443883081127404753567607686069647875266,4.078315292499077829193933818285342222313227661293104092e-56,1,ROOT_OK
kepler,kepler_0000534,dev,ordinary,0.35578963653284734203197103852289728820323944091796875,1.684383377132902626429673843014363991969388642713617328,0,0,0,0,2.006876237077336413475283172186643694748458723044764384,0.8693521849433343346424124878035854777408182532151738904,4.078315292499077829193933818285342222313227661293104092e-56,1,ROOT_OK
kepler,kepler_0000535,dev,ordinary,0.86455572344117914695971194305457174777984619140625,3.028318021737988485073010387190254023104307868437024706,0,0,0,0,3.080823774230387430180169379335120101150473181925196589,0.5367802139601381241378973308382873873424447854876906666,4.078315292499077829193933818285342222313227661293104092e-56,1,ROOT_OK
kepler,kepler_0000536,cal,difficult,0.9999999929609543201239594341299247825515513681734826515,0.00005175608827219806534506888752966161282978745279554458521,0,0,0,0,0.06772298577720380810095347452911775125605446450114279855,436.2369665869737633849345551519480401126456967287975333,5.700281994520805803743962673262593804380670986548589094e-58,1,ROOT_OK
kepler,kepler_0000537,cal,high_e,0.98519228763888833100281772203743457794189453125,2.893425876384455005024965843308860861175642651475109335,0,0,0,0,3.016421633479045584526336765509189343865583133095491195,0.5056929728746936950151730771634405535876816713108136916,4.078315292499077829193933818285342222313227661293104092e-56,1,ROOT_OK
kepler,kepler_0000538,test,ordinary,0.41163789986247734109525708845467306673526763916015625,1.198398188874128931676515720619657558201680173559604988,0,0,0,0,1.609724233800772299113659030885198999952269100769171806,0.9842324436363442830190267931725993983399498209030298091,0.0,1,ROOT_OK
kepler,kepler_0000539,test,ordinary,0.203068966473216760970643690598080866038799285888671875,2.251195711321800685127311827512465741426353244810900932,0,0,0,0,2.38987099436855844275827845395317327444102277216271434,0.870818612536354167726071313802672938532341288114357825,8.156630584998155658387867636570684444626455322586208185e-56,1,ROOT_OK
kepler,kepler_0000540,dev,difficult,0.9999999996958820969914493033228281463463839137469462787,0.00000001804662531928764710404510842549142931005000553635965038,0,0,0,0,0.004766185642067221815119176173185707179280565597659227006,88039.44209187181958202778166087956466983089648465026637,4.771879825591539439038209234364218999585034039709366455e-59,1,ROOT_OK
kepler,kepler_0000541,dev,high_e,0.96489855335746688158593542539165355265140533447265625,0.8327047235174740516059555175633619040870490180645880726,0,0,0,0,1.777135384348670323859356435026581793157422528734849143,0.8349430464940973841851575846451243538117818241020238271,1.019578823124769457298483454571335555578306915323276023e-56,1,ROOT_OK
kepler,kepler_0000542,dev,ordinary,0.46722864088985216479699147384962998330593109130859375,2.430040034345435331066777442083204551901062214174438489,0,0,0,0,2.650415187633276442009103931363695109931731390958954578,0.7082193181708194041551004228410548472973436741034214534,4.078315292499077829193933818285342222313227661293104092e-56,1,ROOT_OK
kepler,kepler_0000543,dev,ordinary,0.383661147548155445630158055791980586946010589599609375,0.8857745598503747657386743410836802508299061626957757611,0,0,0,0,1.249844240151626793812145844751252116718218789624977376,1.137699979160381462060869971067712000019034137170151801,1.019578823124769457298483454571335555578306915323276023e-56,1,ROOT_OK
kepler,kepler_0000544,dev,difficult,0.9999999999681098322608526534048587551831911423297660822,0.005096476127598433197756571435430248536404722219305161398,0,0,0,0,0.3132208195353514286030542263130900268655294854208956912,20.55333403975308744836499003875787346094199706959529428,9.558551466794713662173282386606270833546627331155712716e-58,1,ROOT_OK
kepler,kepler_0000545,dev,high_e,0.92345366547218687980347340271691791713237762451171875,2.479530310896414998619108305621510518921982624491489678,0,0,0,0,2.794048890302912017680695422424293538805133022124025853,0.5352624691377536043295737679758254888919747020896573243,4.078315292499077829193933818285342222313227661293104092e-56,1,ROOT_OK
kepler,kepler_0000546,cal,ordinary,0.28898767989450024895603519325959496200084686279296875,2.088553555559997577923630671285102262461664754692320417,0,0,0,0,2.303397716772684702684204840032019526878640960909982756,0.8380286293815016983169507564237179372701894179298270962,0.0,1,ROOT_OK
kepler,kepler_0000547,cal,ordinary,0.07109499994782876586274511510055162943899631500244140625,0.6788260987678898049045512107762165183154183200111183015,0,0,0,0,0.7260263024294420822424757993922739343682436430135641877,1.056151512582042739936346617931556311386675034272498722,0.0,1,ROOT_OK
kepler,kepler_0000548,test,difficult,0.9999999995185371651736718476647751564279291148067169375,0.000000243189126654394974120759387924392281420834910912220816,0,0,0,0,0.01134216989478369571461623209691870099001049567525600331,15546.73171994221644739988668487272328899510371343940492,4.61815797846898320907511440991073438760678166802205989e-59,1,ROOT_OK
kepler,kepler_0000549,test,high_e,0.96902567144316964498074185030418448150157928466796875,0.3122755644076309844012739312911804734375377079609664694,0,0,0,0,1.223420731032394952094100042574731056494920078187363984,1.492284969516380352925125549567387913851040258315817544,5.097894115623847286492417272856677777891534576616380115e-57,1,ROOT_OK
kepler,kepler_0000550,dev,ordinary,0.02171896326689314385416373909265530528500676155090332031,2.850879794913859843376090462561173363602854315127800762,0,0,0,0,2.856978206787243838896565137084470275256101715221616157,0.9795804409811330444167706049456594072008210722345626238,4.078315292499077829193933818285342222313227661293104092e-56,1,ROOT_OK
kepler,kepler_0000551,dev,ordinary,0.258628726059690061678253414356731809675693511962890625,1.119063106497648238566125593205006459843704718810533703,0,0,0,0,1.372630282216940084443984664830890307147274967847392889,1.05364823960961519831626604554941237353233988771797305,4.078315292499077829193933818285342222313227661293104092e-56,1,ROOT_OK
kepler,kepler_0000552,dev,difficult,0.9999999996373055653757379794136610446555054283880633875,0.000009276287536660387018491637805062454327722069029745128664,0,0,0,0,0.03818142679851997059630242723869674556379542283042920754,1372.076208103064373500835432688234837331816149742509287,5.516703043823902123383212783676080139283258547571314663e-58,1,ROOT_OK
kepler,kepler_0000553,dev,high_e,0.98501919702292417557742965072975493967533111572265625,3.124321194053143764438548758817469187892916455550861266,0,0,0,0,3.132891696085608526771177414565867424517696808997407033,0.5037829284277269053676803778492744896133363063726366363,4.078315292499077829193933818285342222313227661293104092e-56,1,ROOT_OK
kepler,kepler_0000554,dev,ordinary,0.1738530465680500902703187193765188567340373992919921875,2.997208473592023277981942705341844404914047877505655905,0,0,0,0,3.018546485352557386097109135238821353371453390227021291,0.8528503826315958577536587529345727399619677941141907365,0.0,1,ROOT_OK
kepler,kepler_0000555,dev,ordinary,0.733692472704869924626791544142179191112518310546875,2.55586589034449008405779074483408240618961930077861322,0,0,0,0,2.800972067135659887818903979066850199314000474027493133,0.5911772615714977792192795852762490733734485827521065239,4.078315292499077829193933818285342222313227661293104092e-56,1,ROOT_OK
kepler,kepler_0000556,cal,difficult,0.9999999998107044846886060147592558864143822303129539517,0.0001909339651041084455241156766540887944398120633321027016,0,0,0,0,0.1046543803185797296576563976602066324576363784972963358,182.7728069228882809555805339158926505782667237446105396,7.069345355650256979315656765094221137310526463667245863e-58,1,ROOT_OK
kepler,kepler_0000557,cal,high_e,0.98399664700002542616630307747982442378997802734375,2.289048071466730306848068594015568782427009241829765235,0,0,0,0,2.705071460525977781357374601760073977187511345402649334,0.5286179873096366471709543344190493884285503784334854362,0.0,1,ROOT_OK
kepler,kepler_0000558,test,ordinary,0.327078031861897378096415422987774945795536041259765625,0.2570087982077356771520892465403562594653141590434637018,0,0,0,0,0.3775991331391327813564929654429203186593347951648247874,1.436856339311864734162613883991574524345851348553111065,5.097894115623847286492417272856677777891534576616380115e-57,1,ROOT_OK
kepler,kepler_0000559,test,ordinary,0.7672553513026674210095734451897442340850830078125,1.655180400330559279388165388176552209700345424054175934,0,0,0,0,2.251457918021209139597764201016122443613275602932662744,0.6743818603358889020258453612247251895342199808970013626,2.039157646249538914596966909142671111156613830646552046e-56,1,ROOT_OK
kepler,kepler_0000560,dev,difficult,0.9999999583350101303037505942218519018627197315784922049,0.0003544125566069198183276720046287020559301683668435771245,0,0,0,0,0.1286286451572413904090762251499461211972684853365713366,121.0462420105361454468801763255723340295672783364275506,1.622962384466185757223171905225856401945937765602480388e-57,1,ROOT_OK
kepler,kepler_0000561,dev,high_e,0.96244289881402023123513345126411877572536468505859375,2.381226966148622777496057959907677722042354229560712166,0,0,0,0,2.749234632231433293056420553096036993419682615005917874,0.5292946430196231201488312467805286320998649069788263457,4.078315292499077829193933818285342222313227661293104092e-56,1,ROOT_OK
kepler,kepler_0000562,dev,ordinary,0.611240615894666827756509519531391561031341552734375,1.922411396052096973073982621966844424947637166663441007,0,0,0,0,2.355097606919029514990876159007498361376840744962004877,0.6984517931827445620320078251524820131213323544375970772,6.117472938748616743790900727428013333469841491939656139e-56,1,ROOT_OK
kepler,kepler_0000563,dev,ordinary,0.408067747814593040356356823394889943301677703857421875,2.567454439441330473592365655857572215165820473048327483,0,0,0,0,2.730516648185313448856282188615932715164290581518361804,0.7277638014297160281418715704931601820534527946888930458,0.0,1,ROOT_OK
kepler,kepler_0000564,dev,difficult,0.9999999999472572001239961704287349023120552451962355738,0.0001002630817904551155573234513805861312746755430601041769,0,0,0,0,0.08442719381102722509589943529431924633589974383008098605,280.7522625289811950444573758397627854148860768000200421,9.620781619573325079244723027144072075952529852842924388e-58,1,ROOT_OK
kepler,kepler_0000565,dev,high_e,0.93889728459434651508530578212230466306209564208984375,0.8933764397365450479375206561539820255121195326051405884,0,0,0,0,1.806346991655172623723959199492964283859292158946058726,0.8202648593541116124589638140824348427974711984560509501,1.019578823124769457298483454571335555578306915323276023e-56,1,ROOT_OK
kepler,kepler_0000566,cal,ordinary,0.0763942629413627560808208727394230663776397705078125,1.030969611775210997029147088663200727033006321537732428,0,0,0,0,1.099018704406843010009449496404784619467570363657920802,1.03596769436901172309986414283007904255588016476141532,0.0,1,ROOT_OK
kepler,kepler_0000567,cal,ordinary,0.8373577575361395020081545226275920867919921875,1.805688774173056210541071087111508998933751350238498144,0,0,0,0,2.382196115887302693790808081872782834914607844549562063,0.6221632979512598344257196392265542076648139917702226122,4.078315292499077829193933818285342222313227661293104092e-56,1,ROOT_OK
kepler,kepler_0000568,test,difficult,0.9999999994362644719511645701065057350748369474232221752,0.0000001855968639254350040244613583736557870294811201056011131,0,0,0,0,0.01036502088085314977571131526790526212780745241540763954,18616.11116430021012094594009514108465283899924140700458,5.071514364922539040474476888828700469977907460782410543e-59,1,ROOT_OK
kepler,kepler_0000569,test,high_e,0.9620023831213462273126424406655132770538330078125,2.456126246471676326705761887749115325684937881098782142,0,0,0,0,2.78865133284207292441411901667105755257663604728018047,0.5255676489915466721283004270987285620549895636145231145,4.078315292499077829193933818285342222313227661293104092e-56,1,ROOT_OK
kepler,kepler_0000570,dev,ordinary,0.32503991746969174148063075335812754929065704345703125,1.687866993736124202314600106151310368689267773181946619,0,0,0,0,1.985371919949388370959257979846963607165185432270247967,0.884230706222814961768405792222424569076478793070154458,2.039157646249538914596966909142671111156613830646552046e-56,1,ROOT_OK
kepler,kepler_0000571,dev,ordinary,0.750053735912622254744519523228518664836883544921875,0.1690685871098892774588685617357625246530869253143631673,0,0,0,0,0.5803112341617808578774181760588358777865438767379674736,2.682863817673598318282318298177124625916787790575979653,1.019578823124769457298483454571335555578306915323276023e-56,1,ROOT_OK
kepler,kepler_0000572,dev,difficult,0.9999999273563426979789692066243408093581405750701112174,0.001494910490079815638252054633838156089806149029901857965,0,0,0,0,0.2079219298399516653326937209449780709006793338435090267,46.42940656561176953253219588499404217769381721597354198,5.974094666746696038858301491628919270966642081972320448e-58,1,ROOT_OK
kepler,kepler_0000573,dev,high_e,0.973201274518676218150403656181879341602325439453125,3.105489154164844963788736666173716069525854733317928732,0,0,0,0,3.12329523330321313702779320812581284680768819228059259,0.506832516065030193658702718130074501971532765944335433,0.0,1,ROOT_OK
kepler,kepler_0000574,dev,ordinary,0.56750944526665403344622973236255347728729248046875,1.61898757392730299058783471409094915806984116351154246,0,0,0,0,2.106883341677029143421219865053595070031902747366015417,0.7752718505527072931633932708692076297626388237719963725,2.039157646249538914596966909142671111156613830646552046e-56,1,ROOT_OK
kepler,kepler_0000575,dev,ordinary,0.528397563429194416784184795687906444072723388671875,1.722844162882427126065491778180279925017266549588635381,0,0,0,0,2.161657780262447406112104780975689069070104005425305601,0.7725838212988467087939030873710827697975144382089079976,0.0,1,ROOT_OK
kepler,kepler_0000576,cal,difficult,0.9999999975341163815910695758417186065364307414040712708,0.000000387024437744021753100044873817259140207219732692694379,0,0,0,0,0.01324195989478644643724145838431087781753139595426313788,11405.63821494280895076638564556768105418984933246716851,3.929250740287011506026431693957106571285188908406599435e-59,1,ROOT_OK
kepler,kepler_0000577,cal,high_e,0.94733496363978442200703966591390781104564666748046875,1.907323254911887816679258393034703294266093831050738754,0,0,0,0,2.48534099834968050120241996968543712604833890963549914,0.5712460536424662362891533811054169168543963849364468639,8.156630584998155658387867636570684444626455322586208185e-56,1,ROOT_OK
kepler,kepler_0000578,test,ordinary,0.53583759200505298725403235948760993778705596923828125,1.849538761632078404787635885056063038685955387976888545,0,0,0,0,2.262291077332612417848748679730016275764763687933315492,0.7453242673592767391742232412473014400514355068423938869,0.0,1,ROOT_OK
kepler,kepler_0000579,test,ordinary,0.6419823407985794094798848163918592035770416259765625,2.046933427908292790568593194484055392351898470569929729,0,0,0,0,2.454257949894144879869133847752688420588330545665820551,0.6683537145088420057245421984934706769865958345532011643,4.078315292499077829193933818285342222313227661293104092e-56,1,ROOT_OK
kepler,kepler_0000580,dev,difficult,0.9999999988839998992173971156377001492727872074759821889,0.004313618480728323412053017996066397692148356534231600286,0,0,0,0,0.2962326330528433434019532732572569375966585550074879079,22.95844281174647543290021174186495864339501874786777595,4.938584924510602058789529233079906597332424121097118237e-57,1,ROOT_OK
kepler,kepler_0000581,dev,high_e,0.9217071414973012632998461413080804049968719482421875,0.7369833551351024013120642882020792054031831762224345941,0,0,0,0,1.655394224424844603157505397949285101255311489285148127,0.9277457579405619566153233504394221093427769226784401453,0.0,1,ROOT_OK
kepler,kepler_0000582,dev,ordinary,0.489175256143416226084497111514792777597904205322265625,1.445381200127644229383370659595945181248986107678035219,0,0,0,0,1.907145890085004341733866876194680083249259712828345228,0.8609934137357455021835962468902107134192371918808742194,0.0,1,ROOT_OK
kepler,kepler_0000583,dev,ordinary,0.46928423580036360274192475117160938680171966552734375,2.122336779822239900835988279320407278760256780449852517,0,0,0,0,2.429113463978201147990710837080988878144992684884103237,0.7379377753757449827740244909150820519267710690866457146,0.0,1,ROOT_OK
kepler,kepler_0000584,dev,difficult,0.99999999997056990677667366812186249073050748991539589,0.000001342170743030142990326058924520442411125621244976095762,0,0,0,0,0.02004422106458738169383306721755052196788721379179090651,4978.128524293558039896856870991304307937787537694354489,2.916649473042543853867083521206071980011643813327502021e-58,1,ROOT_OK
kepler,kepler_0000585,dev,high_e,0.9873472543738024409520903645898215472698211669921875,1.202326292038564153152425611180084159789182309728623786,0,0,0,0,2.069444250803936803095836848315723215557078267885009837,0.6792612978851323996346317364270705289260896309898679977,2.039157646249538914596966909142671111156613830646552046e-56,1,ROOT_OK
kepler,kepler_0000586,cal,ordinary,0.563345911208977145889775783871300518512725830078125,1.085504460738268249612803967520003224488097710705538492,0,0,0,0,1.647206615322126587122882064736277792312589644264980987,0.9587695086220450100717697419965091873473866269352615994,0.0,1,ROOT_OK
kepler,kepler_0000587,cal,ordinary,0.57202229108441315919009184653987176716327667236328125,0.8966398138305477071719053186202538014897763545502701498,0,0,0,0,1.465493549872055616481989096539576223531803360874573821,1.063970452472776947670620159174231553350316085278321612,0.0,1,ROOT_OK
kepler,kepler_0000588,test,difficult,0.9999999998836392527016481258028850425945274983706217464,0.0006547472469934973985449745699611784322558103411383657757,0,0,0,0,0.1578539086107972548142760771331457475974439786021208238,80.43059962868737824983499455675527964749963142174818692,1.762357926690275331463198940030531184935159414181834532e-57,1,ROOT_OK
kepler,kepler_0000589,test,high_e,0.97929462780351406170353811830864287912845611572265625,1.534991143638804697898838867934351118097540455208414557,0,0,0,0,2.278875572901857711059051736214954899475724498709996841,0.6109072602765495598378859716431650972724536400412051345,8.156630584998155658387867636570684444626455322586208185e-56,1,ROOT_OK
kepler,kepler_0000590,dev,ordinary,0.400467110027950712325406357194879092276096343994140625,1.305423413178091399816372971936587393956379874221419264,0,0,0,0,1.702426198285608387385305957429712739234903076276935541,0.950063391716784346410627228456715018915622217284765621,2.039157646249538914596966909142671111156613830646552046e-56,1,ROOT_OK
kepler,kepler_0000591,dev,ordinary,0.5353336805712392010292433042195625603199005126953125,2.181584266466380062114861645057028542058868560097794434,0,0,0,0,2.501376084829474782504445979230002321186748260909981471,0.6996335744904721013741060011043851746571563539755806483,8.156630584998155658387867636570684444626455322586208185e-56,1,ROOT_OK
kepler,kepler_0000592,dev,difficult,0.9999999894107956980064469022457452692030832427250416034,0.00000001429905960691820234682776408199071669425852513896179435,0,0,0,0,0.004405683520426885139333295498910106243499941466964722328,102927.2823273837499514857515381349966324309617586657057,6.553688929039480938726072242575349836528843082911148097e-59,1,ROOT_OK
kepler,kepler_0000593,dev,high_e,0.94542070403407019174579772879951633512973785400390625,2.688500710950709136196921886150496307496188670116351458,0,0,0,0,2.907656775061616529697960809799515580953812707709096851,0.520923159317642917019549949003669161502762186641301749,8.156630584998155658387867636570684444626455322586208185e-56,1,ROOT_OK
kepler,kepler_0000594,dev,ordinary,0.320940895177891760692290290535311214625835418701171875,1.657307304388122497864616631630063837595801821662662486,0,0,0,0,1.954866739739067554752842624046972549527791419374362873,0.8926533228945050763485988399120706710867858183304089124,4.078315292499077829193933818285342222313227661293104092e-56,1,ROOT_OK
kepler,kepler_0000595,dev,ordinary,0.6930846566178221479503918089903891086578369140625,1.130037191932469592476716519933238950907006827869833322,0,0,0,0,1.804310929787755591458024872077592688837400620677351707,0.8617877598877086785334888043150775942556034986860060372,0.0,1,ROOT_OK
kepler,kepler_0000596,cal,difficult,0.9999999865639490502231678613343189664836461397444742511,0.000001355781295124427427192152980495471488836434206010705526,0,0,0,0,0.02011041523263059338284420283635731072712009286547431345,4945.084374915842993763705383453230623447003200887118931,4.546690537387296659782131799293103273281252990771902737e-59,1,ROOT_OK
kepler,kepler_0000597,cal,high_e,0.9491513808802982676837700637406669557094573974609375,1.499971865859628102798398385900945092962528115514149431,0,0,0,0,2.242771591566995020088928789040321443187017906493224536,0.6285836793139083309757570719280838250192391545729740939,0.0,1,ROOT_OK
kepler,kepler_0000598,test,ordinary,0.386348132467908111919996372307650744915008544921875,0.07058333917176512212157316423075883661815654584814063857,0,0,0,0,0.114862882248119729850783501759979436872605060024256443,1.622855767929942199233526300912027037934415728380979734,1.274473528905961821623104318214169444472883644154095029e-57,1,ROOT_OK
kepler,kepler_0000599,test,ordinary,0.41236547626894515250484118951135315001010894775390625,0.7704585549693270909205042863931234380607837565609000911,0,0,0,0,1.146209734247602321724600713172435911645920209872926959,1.20463282276549019719991807234646304736937295309324457,0.0,1,ROOT_OK
kepler,kepler_0000600,dev,difficult,0.9999999623673389323294458265370515472092399308546448271,0.0000001405651336249031551850729174572809081902257486736208269,0,0,0,0,0.009440114676478432709743183861943726988697589560345485344,22423.94673301562734971226407944988886777083353500487914,9.63473478664165435791621010826465719827322830887747888e-59,1,ROOT_OK
kepler,kepler_0000601,dev,high_e,0.986224929564880170573815121315419673919677734375,2.281556900473934454409515137157861710575095208130597426,0,0,0,0,2.701611871450809497826872313159270807885420219594112304,0.528458349294983888040773237306532689955200035987526857,8.156630584998155658387867636570684444626455322586208185e-56,1,ROOT_OK
kepler,kepler_0000602,dev,ordinary,0.21630112783964394740365833058604039251804351806640625,2.633618435621849392600293272881074125872202753938026149,0,0,0,0,2.721780399690884675904257267070419529318173832572210565,0.8350600125621682094810545247928191952818055819350501115,0.0,1,ROOT_OK
kepler,kepler_0000603,dev,ordinary,0.86712411476616846339737776361289434134960174560546875,1.272433347648237709268708223714009134765352787344964304,0,0,0,0,2.044194684363629957230542374687527132248685318282172655,0.7166744834813881981310945328529028566428167369546748896,4.078315292499077829193933818285342222313227661293104092e-56,1,ROOT_OK
kepler,kepler_0000604,dev,difficult,0.9999999999116130980170583248757940729086850880888557054,0.001745388341047741225857375839936200255547739690672818823,0,0,0,0,0.2189583338792704409060622536510434342235252967485169131,41.88348727199927857782290171247610251622852808481668893,2.071019484472187960137544517098025347268435921750404422e-57,1,ROOT_OK
kepler,kepler_0000605,dev,high_e,0.97137560852522586429813600261695683002471923828125,1.798580027554901366932167833479760011290966826357493259,0,0,0,0,2.431686395431908403049490789462494676671483604235029136,0.5758001844343969128743045350740232737340994522709011327,8.156630584998155658387867636570684444626455322586208185e-56,1,ROOT_OK
kepler,kepler_0000606,cal,ordinary,0.71908683922997063131532513580168597400188446044921875,1.725539405980855141975912727240339432510639450475448059,0,0,0,0,2.274027604073494492132157500280584067667221403805981109,0.682583045962431863130637713651324468249445725855341623,4.078315292499077829193933818285342222313227661293104092e-56,1,ROOT_OK
kepler,kepler_0000607,cal,ordinary,0.532877530822705836044406169094145298004150390625,2.353805496070647284346107585226333648224353847217177776,0,0,0,0,2.619533454015164135659171115037952582325417510450782272,0.6840435927580034856929947179211433418034865433787037288,4.078315292499077829193933818285342222313227661293104092e-56,1,ROOT_OK
kepler,kepler_0000608,test,difficult,0.999999999984785925028099841723103067474036409459017385,0.00004437832668993973387814773062102172315128086786638613135,0,0,0,0,0.06433846328522153045336616989065992168377864259851404111,483.3240896763154605953332606842798460275563797820564445,6.807978713980089027615606074835455919205735872580956844e-58,1,ROOT_OK
kepler,kepler_0000609,test,high_e,0.98882703586715126053974245223798789083957672119140625,0.6875411710427018423783818877824358215687063906101345542,0,0,0,0,1.671371270567474137544919493282218881584883421412209925,0.909683323955845019502088309766051618681965548476865085,1.019578823124769457298483454571335555578306915323276023e-56,1,ROOT_OK
kepler,kepler_0000610,dev,ordinary,0.1274664834839713822844942114898003637790679931640625,1.161919951716632509753192664813547454973204762775297439,0,0,0,0,1.284186807291935009609819549062942749250195907142298758,1.037382050897498574148281699804671093837083534352491446,0.0,1,ROOT_OK
kepler,kepler_0000611,dev,ordinary,0.13011978562121051528066573155228979885578155517578125,0.5754923778536963166865143292082664747899480008647552168,0,0,0,0,0.6547279744192879094614272580952916411897066417903115313,1.115091721330230324444720138674184752772598611189404831,1.019578823124769457298483454571335555578306915323276023e-56,1,ROOT_OK
kepler,kepler_0000612,dev,difficult,0.9999999988950882856472387408691684254527442116728135769,0.00001016798126569228903938737646702520920736056494337030519,0,0,0,0,0.03936762919144532012296696123411561933081319121730178721,1290.645419114415531880769700141126574275475920367013764,2.753684260453555205411248343797704976461186584659116456e-59,1,ROOT_OK
kepler,kepler_0000613,dev,high_e,0.9755516020762922124731630901806056499481201171875,0.4723302614269978198046901500886057241773914049323497771,0,0,0,0,1.439483150885095384664071162675517362042014219118597342,1.146440519136214980929784335591974876694439233873433194,1.019578823124769457298483454571335555578306915323276023e-56,1,ROOT_OK
kepler,kepler_0000614,dev,ordinary,0.2194398133955152985219427819174597971141338348388671875,3.133840003136285673482617217192074079930367717682428928,0,0,0,0,3.135235095171311448792860853105844428315584888854201771,0.8200516546218540030394500011955926848777054325383257798,0.0,1,ROOT_OK
kepler,kepler_0000615,dev,ordinary,0.55606800242966081260220789772574789822101593017578125,1.352936551751240379632970033582502696638280762328810791,0,0,0,0,1.882251389874891915101639642180211790821060979480944056,0.854406038473839477516113456841053929345989172244892573,2.039157646249538914596966909142671111156613830646552046e-56,1,ROOT_OK
kepler,kepler_0000616,cal,difficult,0.9999999999521214572935843475739107966950828579520272948,0.0005022347332923400184702026919934140873803902068867995652,0,0,0,0,0.1444897750174957848706202948976029463087806047974864187,95.96469117010740526449984281139839843579702258535933062,1.593091911132452277028880397767711805591104555192618786e-57,1,ROOT_OK
kepler,kepler_0000617,cal,high_e,0.930137001178701350312394424690864980220794677734375,0.8283110808820179855566096710136138400855713936973102994,0,0,0,0,1.744457642448369005855106641387487893018460971705073034,0.8615356049432194527346141431867546793483188871031449011,1.019578823124769457298483454571335555578306915323276023e-56,1,ROOT_OK
kepler,kepler_0000618,test,ordinary,0.409558887871453836115875901668914593756198883056640625,1.136690496017490106638504980086121137856388075476514249,0,0,0,0,1.546124743622665698711423957455026164986969360348411279,1.010206562524531777226892275169040824746313635440009981,2.039157646249538914596966909142671111156613830646552046e-56,1,ROOT_OK
kepler,kepler_0000619,test,ordinary,0.74081991221695464577834400188294239342212677001953125,1.288490294110953566694447375769975743612972651879244709,0,0,0,0,1.970822940760365171210858513617314873495659883440332529,0.7760920065212747827601132765888321808538160241988669224,0.0,1,ROOT_OK
kepler,kepler_0000620,dev,difficult,0.9999999895988165516435483293451855457621445767412012099,0.00000002773968353526652470835937460172073996772071567552298036,0,0,0,0,0.005496916257777162077473911224593326380133496073277698296,66144.53425126359990454004440170426560515335401558914161,2.751830725629582892695741566906686482424682652128393843e-59,1,ROOT_OK
kepler,kepler_0000621,dev,high_e,0.91755104163976908271393995164544321596622467041015625,0.6645049980696843854777321248617241656391820286478556263,0,0,0,0,1.581998469488505859070266540705866949325251108703578693,0.9898262463965974262022151803327773957722981033450813291,1.019578823124769457298483454571335555578306915323276023e-56,1,ROOT_OK
kepler,kepler_0000622,dev,ordinary,0.09741587202572223047614130564397783018648624420166015625,2.282241273061950352252691309666931282648702424263244188,0,0,0,0,2.351450689697851199181004858328593587911071563774164504,0.9358424936966210066973221924445192722946250152867339397,4.078315292499077829193933818285342222313227661293104092e-56,1,ROOT_OK
kepler,kepler_0000623,dev,ordinary,0.324158844002664869865526497960672713816165924072265625,0.4149505403921802265777914160560780954826272133407899108,0,0,0,0,0.5972472213101612746380688899297343273385314203091441822,1.366199869175723235256361206667201241651562715727766079,0.0,1,ROOT_OK
kepler,kepler_0000624,dev,difficult,0.9999999999554361124511621446541978163209236243659438183,0.001564437338124874612844186625950879294966590532185487543,0,0,0,0,0.2111020201587364823927507401033666960077129035105939468,45.04624999400231088140767400607128845280182189905408855,1.393955422240895742400270348046747829892216485793541438e-58,1,ROOT_OK
kepler,kepler_0000625,dev,high_e,0.96135674779665258871119704053853638470172882080078125,0.46167438010096426902391019074075389111723588641972554,0,0,0,0,1.410743970271684531726594563213577892177072238684358615,1.18093218220975911796600769336463200238672601132782429,1.019578823124769457298483454571335555578306915323276023e-56,1,ROOT_OK
kepler,kepler_0000626,cal,ordinary,0.31278367625115122141465917593450285494327545166015625,2.539283866803657066477197582950812148303052751577693259,0,0,0,0,2.678898246014814197902940065553411510152350522193382266,0.7813138280288781081583039836181433627427226478464539999,0.0,1,ROOT_OK
kepler,kepler_0000627,cal,ordinary,0.85609726010208453406136186458752490580081939697265625,2.637309583034202593670114629436476868733460242398601431,0,0,0,0,2.868340069728217501034549812552989929926199453719760787,0.548145078855724931864743261977217661324403009970170592,4.078315292499077829193933818285342222313227661293104092e-56,1,ROOT_OK
kepler,kepler_0000628,test,difficult,0.9999999999772699408830015922221002264425466103855542373,0.0000352286383715727340498332697751169394346095905784437993,0,0,0,0,0.05957189074314205342395746756284785933404751865712128361,563.7358589935013827643643977657319457928502237533559232,2.277623591697177864814727443683525472056032293751947171e-58,1,ROOT_OK
kepler,kepler_0000629,test,high_e,0.97071346744160269537360363756306469440460205078125,2.352295569731058974802017918357452230313212741199072544,0,0,0,0,2.735631889537013825429837854850887966612774621319497166,0.5285922999684499598232836606817115310253578719298262254,4.078315292499077829193933818285342222313227661293104092e-56,1,ROOT_OK
kepler,kepler_0000630,dev,ordinary,0.415040513054335924447713068730081431567668914794921875,1.655762936368846621510721621216469279963052155098391563,0,0,0,0,2.028147739037782367971851199756294944501034782962509367,0.8451150825356770416897485100860960136743127268669623849,2.039157646249538914596966909142671111156613830646552046e-56,1,ROOT_OK
kepler,kepler_0000631,dev,ordinary,0.4626348934318478267613272691960446536540985107421875,1.627308162245575458492976081421665766546841742050314128,0,0,0,0,2.039954910576617959538375223675988487315480407211934544,0.8270109279702671489305690976024046990346465328719433148,2.039157646249538914596966909142671111156613830646552046e-56,1,ROOT_OK
kepler,kepler_0000632,dev,difficult,0.9999999988965462888655009970701954017330023580765145604,0.00000382845988965881868921220686943730101542659770314935473,0,0,0,0,0.02842691824355243211542716917959324887356338861619683347,2475.132740789684144814069251706659203558462597420715362,1.658433571549994264953893070332403110117302202964191041e-58,1,ROOT_OK
kepler,kepler_0000633,dev,high_e,0.9330474653933702455788079532794654369354248046875,0.6847189699640447096963461414811050148738122273920848844,0,0,0,0,1.616780139587514427021293011827266179325452508508972156,0.9588739343245064698953041510285322610316895531000232975,0.0,1,ROOT_OK
kepler,kepler_0000634,dev,ordinary,0.371660574619505357230053732564556412398815155029296875,1.81500441843073178669784739336030964558152406760264632,0,0,0,0,2.130044146840827171301088880876841368881092388680039058,0.8352934491011406244226740638978467825693862371397395599,2.039157646249538914596966909142671111156613830646552046e-56,1,ROOT_OK
kepler,kepler_0000635,dev,ordinary,0.79125877172124159386612518574111163616180419921875,0.8917932841372992527072350224840860806616381490127504142,0,0,0,0,1.678469731685893106137286724637001241727727315857531133,0.9216309569554208839462532223432340265664413452346221806,0.0,1,ROOT_OK
kepler,kepler_0000636,cal,difficult,0.999999999975313882240936723228435894071050060055432929,0.006553055663257733520279232765719282525904972204962039227,0,0,0,0,0.3406999008936098077066678031625535908844052124896927633,17.3976663569745431755837467119517288018550121773483739,1.433782720019207049325992357990940625031994099673356907e-57,1,ROOT_OK
kepler,kepler_0000637,cal,high_e,0.97954932318495424592441622735350392758846282958984375,1.529098362955012700013249712431469298278977818939172381,0,0,0,0,2.275391413288712308871036117098409770054834696147903353,0.611815765259104822361714822327943580355036831371325683,0.0,1,ROOT_OK
kepler,kepler_0000638,test,ordinary,0.6110891960205446782339322453481145203113555908203125,0.4742395445646129871280690104882849690794713923325617884,0,0,0,0,0.9826466210598147622115726424820215221879309323552450908,1.51296479596680633012717670492956968007829585021443179,0.0,1,ROOT_OK
kepler,kepler_0000639,test,ordinary,0.8504496463646464832208948791958391666412353515625,2.810929870654969426453562321009014248766767787080803708,0,0,0,0,2.962459855123845308211623250302650735352873744719503479,0.544412863220378064089737648367184919390567118198930143,0.0,1,ROOT_OK
kepler,kepler_0000640,dev,difficult,0.9999999765079161283030376375745086437979639946628369627,0.0000001081818725813814953988165027620099395568171506780000156,0,0,0,0,0.008652936613279444059101314905601886410491654716633651326,26695.20302870632395390950233079266251254688638091692598,3.393488018708653837176997429326973999946871885755761452e-60,1,ROOT_OK
kepler,kepler_0000641,dev,high_e,0.98190190743680438867357906929100863635540008544921875,1.052671911857654807692940537285755092618205419177154222,0,0,0,0,1.960829498269571754187641871349177088126182101939573894,0.7281529423128216962464247165754077213001491137107476964,2.039157646249538914596966909142671111156613830646552046e-56,1,ROOT_OK
kepler,kepler_0000642,dev,ordinary,0.5694526369657524345058163817157037556171417236328125,1.20873722770722090900639223910178686436616830360756685,0,0,0,0,1.7672377787359903346086044827114876391098463238391447,0.8999717156304104379478605017972030452606893475854286546,2.039157646249538914596966909142671111156613830646552046e-56,1,ROOT_OK
kepler,kepler_0000643,dev,ordinary,0.265311375117583292393419469590298831462860107421875,1.10329917835668881773385254763089685576290351184572651,0,0,0,0,1.362897543899302239842286833344836338393114746946484509,1.05793397907298994339305206898979654147919724355583274,2.039157646249538914596966909142671111156613830646552046e-56,1,ROOT_OK
kepler,kepler_0000644,dev,difficult,0.9999999994031374411536755519301544025351606700243556768,0.002130303069473230591525667867447668147697589588676906058,0,0,0,0,0.2340241356153490351704834183729614718500354583581576911,36.68526720633541319928327419914647991575255514888818067,1.832055697802320118583212457432868576429770238471511604e-57,1,ROOT_OK
kepler,kepler_0000645,dev,high_e,0.9010700832756750600083250901661813259124755859375,3.124958372004854989765578971303397746014180684913078557,0,0,0,0,3.132842643614361421886908792547692041722641954584178739,0.5260290788945735982710011973044020949779186276987238589,4.078315292499077829193933818285342222313227661293104092e-56,1,ROOT_OK
kepler,kepler_0000646,cal,ordinary,0.70630603167191541302827317849732935428619384765625,1.668743078866471653644140298377384291541076075103111354,0,0,0,0,2.227949784512274473684020699369650844799150103016823121,0.6985883954681766608347253271413856917997850139742539217,0.0,1,ROOT_OK
kepler,kepler_0000647,cal,ordinary,0.1792767051760741636723395231456379406154155731201171875,0.1386567912368684598756541093398206464562319948961022873,0,0,0,0,0.1687698673869160108972524109798212155657977425294350689,1.214667695168439578924214549608598422722707281172302642,2.548947057811923643246208636428338888945767288308190058e-57,1,ROOT_OK
kepler,kepler_0000648,test,difficult,0.9999999878714135940532937317564135006912027347397605493,0.000002349218044766361068770757686196789414836633018834834974,0,0,0,0,0.02415522181758681185902022770063194774554154124046677453,3427.764700385089092396956658500034325562485499588829616,8.751115234492230525671340075628299713330042112264141281e-59,1,ROOT_OK
kepler,kepler_0000649,test,high_e,0.90070813194457688410921036847867071628570556640625,2.47661109047391615849106336539373175423412154781555934,0,0,0,0,2.788270825646988115297565307363906328686149433711564579,0.5419848493787779927083469823820280725379419273904859972,4.078315292499077829193933818285342222313227661293104092e-56,1,ROOT_OK
kepler,kepler_0000650,dev,ordinary,0.24561323144322544376194628057419322431087493896484375,2.015850958596036998469179190511386982355084096657304903,0,0,0,0,2.212592509496284508724725861597325661058082196318285993,0.8718147093956187132900706250826432052481405185993356215,0.0,1,ROOT_OK
kepler,kepler_0000651,dev,ordinary,0.69042164275779860371784479866619221866130828857421875,0.2243755610500144407422789678242140708078673435065964959,0,0,0,0,0.6325615574510258736076736556830388943711454592171244568,2.256500550618132607065456042549920725154755977558301549,5.097894115623847286492417272856677777891534576616380115e-57,1,ROOT_OK
kepler,kepler_0000652,dev,difficult,0.9999999999616427797553263604909200696387843914383096471,0.0001421044833110482138134532690532552806734573272781671617,0,0,0,0,0.09483852196598240471038372530713929385372607746026497474,222.5286732481214226143010277095045629382145675974128652,4.430786877837132895486573606291448459300259544129470999e-58,1,ROOT_OK
kepler,kepler_0000653,dev,high_e,0.9558572303817143289705882125417701900005340576171875,2.507704737723067649526591852680852272089597544418473201,0,0,0,0,2.81466441535784200672508197533492794465508703190908617,0.5248714012330459134086291412850653456369487842427191995,4.078315292499077829193933818285342222313227661293104092e-56,1,ROOT_OK
kepler,kepler_0000654,dev,ordinary,0.19386604564665443906079644875717349350452423095703125,1.421540385758144586941449579970281368635074244147938006,0,0,0,0,1.615215210386584282408727281436864442792040065449319232,0.9914649916118019111865229041409428022367161122495610905,2.039157646249538914596966909142671111156613830646552046e-56,1,ROOT_OK
kepler,kepler_0000655,dev,ordinary,0.38367303338518043975824411973007954657077789306640625,0.7350850917151505164827407968743756313661689144236373469,0,0,0,0,1.072013494949164024165454158957443412072254651291062119,1.224788776670322555717038743891753185547340008304835319,2.039157646249538914596966909142671111156613830646552046e-56,1,ROOT_OK
kepler,kepler_0000656,cal,difficult,0.9999999994560157408420268221764555755957760410288046069,0.0000001131586148080729219140925461168501968629047562422285081,0,0,0,0,0.00878902568324618798086527938667107850833516516990363966,25890.78436840209993828865511986756950754634242209715845,3.549306487189473830703534345673577892064776246699131301e-59,1,ROOT_OK
kepler,kepler_0000657,cal,high_e,0.956351365719088963857075214036740362644195556640625,1.22872673088997357707666092714826170312114347193811211,0,0,0,0,2.068880758697528967312791563478839647788987477339944561,0.686393272720188776808898202090392596477558862632305544,6.117472938748616743790900727428013333469841491939656139e-56,1,ROOT_OK
kepler,kepler_0000658,test,ordinary,0.08992814849864998183459618985580164007842540740966796875,0.4301623263709367897944790256942538831482311941721739209,0,0,0,0,0.4709670692312665603509409498787071453337666706183116822,1.087119190084375552281131257548871342880639966750006623,0.0,1,ROOT_OK
kepler,kepler_0000659,test,ordinary,0.189668058376279258236962732553365640342235565185546875,2.38993127132515505338809939208631503072578739933529161,0,0,0,0,2.502987812719213162891390688189052992541801470037503891,0.8678372213774751160916284895697237542708664867209555518,0.0,1,ROOT_OK
kepler,kepler_0000660,dev,difficult,0.9999999891674531275658710833078852099041488095415965568,0.00000007684474451009912412988237421751598608341221875206096245,0,0,0,0,0.007722618106810666323843464552863370874294011419732155275,33523.18716997051103643225144702583090766373276689581286,7.229636616362039668444203477479479493726355068356884051e-59,1,ROOT_OK
kepler,kepler_0000661,dev,high_e,0.95492303839248948715834330869256518781185150146484375,0.01241026184899732513540652696042122408424234932391768316,0,0,0,0,0.2315803654468503534430230449982204820722501947527701014,14.1705811956437942187529809607591242762954970384465326,4.779275733397356831086641193303135416773313665577856358e-58,1,ROOT_OK
kepler,kepler_0000662,dev,ordinary,0.76375540297187793914446274357032962143421173095703125,0.4989582491631567370363782850674267544859980432392353102,0,0,0,0,1.214835385536065661592530034097867136892797842016993085,1.362698687192247812946214802935723950317060739994942038,5.097894115623847286492417272856677777891534576616380115e-57,1,ROOT_OK
kepler,kepler_0000663,dev,ordinary,0.33092031725921156048997318066540174186229705810546875,0.5991516345297982580126789063529834247207391454643370124,0,0,0,0,0.8471399223714123763668089163590415866528464459825611789,1.280593364236800812229070282965765069732559859820763792,1.019578823124769457298483454571335555578306915323276023e-56,1,ROOT_OK
kepler,kepler_0000664,dev,difficult,0.9999999724034493634044472252791700025159793842384325966,0.0003164684482784944200578061763799334609020393869125295821,0,0,0,0,0.1238616074786020626943975911106428149696693510163442006,130.5299960334009022992100187596324463661396289542821572,1.145034811126450074114507785895542860268606399044694752e-57,1,ROOT_OK
kepler,kepler_0000665,dev,high_e,0.9768157102974275307616380814579315483570098876953125,1.905738204694205910885595500323432433948607381298151888,0,0,0,0,2.494573322094898076856544404132810642610222089892993026,0.561991689509195399555728793394366914460976563610140763,4.078315292499077829193933818285342222313227661293104092e-56,1,ROOT_OK
kepler,kepler_0000666,cal,ordinary,0.463195386546095766444608443634933792054653167724609375,0.3942996650417043277758718448273885931449162862215833727,0,0,0,0,0.6886627838686207727887888623766004103326447328045124597,1.556738953730135191972212740107542661845470028094849961,0.0,1,ROOT_OK
kepler,kepler_0000667,cal,ordinary,0.2274677178088675144618235890447976998984813690185546875,2.024186697786608771412615137595144127350839047342098332,0,0,0,0,2.20713388099979195133947500620129772338377861574485951,0.8809225628069936664979505212674769506308788108316578105,4.078315292499077829193933818285342222313227661293104092e-56,1,ROOT_OK
kepler,kepler_0000668,test,difficult,0.9999999997634278736066607565236366582350769245605945356,0.000002654024333009758225652929604162093706377270705088170817,0,0,0,0,0.0251587836516402850202354655789755979913485923280302301,3159.8997021744933984862790959971418229161779490392357,2.808135644134840195348758904268281063566351291135426669e-58,1,ROOT_OK
kepler,kepler_0000669,test,high_e,0.92667729589148517543861771628144197165966033935546875,1.026314965806746244606468897545429811349444416933876599,0,0,0,0,1.902483153567778532924116363416989640963458836436673674,0.7681897599059869098955584284695857437631953178804666337,2.039157646249538914596966909142671111156613830646552046e-56,1,ROOT_OK
kepler,kepler_0000670,dev,ordinary,0.2035353936714718037226390379146323539316654205322265625,2.70880184041173696274891612563671549701257896947895182,0,0,0,0,2.780676585204727017981503565185734778107089399444680221,0.8400379801473221245227728276337109701006372278304465787,0.0,1,ROOT_OK
kepler,kepler_0000671,dev,ordinary,0.402217782857859751377560542096034623682498931884765625,1.136681478758864722161075779538149998615845312856107023,0,0,0,0,1.538691998925032560565827721178757557933703686329132188,1.013079580202513572354694523589825464096561478606446699,0.0,1,ROOT_OK
kepler,kepler_0000672,dev,difficult,0.999999999969304166648322530556806967486132302489228108,0.004921854674992303921366583695942664253459343828900376803,0,0,0,0,0.3095901833387349773675557922528509696824656413304801011,21.0342578194290848855676315120629502659986971548891911,1.911710293358942732434656477321254166709325466231142543e-57,1,ROOT_OK
kepler,kepler_0000673,dev,high_e,0.98166819773281399630349142171326093375682830810546875,0.2332976624419239674391462689436644930278097702844906524,0,0,0,0,1.114556324726613811969125991927660348238406499954278486,1.762112278077541096809951930498807350088534742470817329,5.097894115623847286492417272856677777891534576616380115e-57,1,ROOT_OK
kepler,kepler_0000674,dev,ordinary,0.480571262029625134726273927299189381301403045654296875,1.384671641881940647666833311979589356058833534403484668,0,0,0,0,1.847024863553797928977816445920687006230739799713448651,0.8841218837478548558402273944808736147657822658800935864,0.0,1,ROOT_OK
kepler,kepler_0000675,dev,ordinary,0.83419796614721486438526198980980552732944488525390625,1.098111173366451858535621664563200378683413050601512866,0,0,0,0,1.890134837257561623930850755782594716142326064142474512,0.7924640303044553372714588258887368618392027455524282161,0.0,1,ROOT_OK
kepler,kepler_0000676,cal,difficult,0.9999999963928574502851675424771606751986826097260935965,0.0002507446225919553274826866945108308075437612899987866698,0,0,0,0,0.1146099879886072411315909726954039114167745215047316556,152.4264251383813984733634002582059305145847608305949861,1.070358627792116373628779017250181369381523373020040747e-57,1,ROOT_OK
kepler,kepler_0000677,cal,high_e,0.917344468205449015130170664633624255657196044921875,2.400304486377639527000121590895666736501698741787140642,0,0,0,0,2.750226785178651291234869725967374268121731608315975156,0.5411305035427587913261901426027631917432223743723611335,8.156630584998155658387867636570684444626455322586208185e-56,1,ROOT_OK
kepler,kepler_0000678,test,ordinary,0.65373018306717145531337109787273220717906951904296875,2.52279936750452922874548178335405609083313855085700285,0,0,0,0,2.763887465350595717359751235514972793260233690190834948,0.6220255695442838801030784617383420866270019804269667777,4.078315292499077829193933818285342222313227661293104092e-56,1,ROOT_OK
kepler,kepler_0000679,test,ordinary,0.61900843188255361138061516612651757895946502685546875,2.316637519008472117494497538867964545314709928212728556,0,0,0,0,2.623295383502391936995657318784934247931647946677084216,0.650317543025502008947652012860234404258124440623059409,4.078315292499077829193933818285342222313227661293104092e-56,1,ROOT_OK
kepler,kepler_0000680,dev,difficult,0.9999999996585000998385622171221734613827305550503871704,0.0007240504944454342485237255297029821974735315898044000423,0,0,0,0,0.1632423789446709017777170130612545823893878681028036544,75.21921462364429889226081064732765777290959264513487017,8.562869022336930989030232138001450955052186984160325975e-58,1,ROOT_OK
kepler,kepler_0000681,dev,high_e,0.9739661483942898545507205199101008474826812744140625,1.242118104442849293516014689250513234368247413856555065,0,0,0,0,2.088468740309918239285929979385587500173807076216130337,0.6747748571064853889376895876692759751711418318537460009,0.0,1,ROOT_OK
kepler,kepler_0000682,dev,ordinary,0.44915816641935191189105580633622594177722930908203125,1.536374980182647571727354394993117706342906644086406259,0,0,0,0,1.953106322728238631760492605517885086624061806384863077,0.8564833269168929531343960606901493413780705825646097543,2.039157646249538914596966909142671111156613830646552046e-56,1,ROOT_OK
kepler,kepler_0000683,dev,ordinary,0.8381927739788348485916458230349235236644744873046875,1.117178335383716984354698793752265597847747744560706152,0,0,0,0,1.908130769349968514839678043804154397441957859186869287,0.7828284207650442920192528728127832294550093358496077561,2.039157646249538914596966909142671111156613830646552046e-56,1,ROOT_OK
kepler,kepler_0000684,dev,difficult,0.9999999693994962056119938426426699487943228562482859555,0.000006504191974262670392981930847041730420439543354641474319,0,0,0,0,0.0339182494059115195262553756425439914584827705653084532,1738.527968853566345966936318721178555503910760060085346,2.87036579691345161242019954480608230597225381282263834e-59,1,ROOT_OK
kepler,kepler_0000685,dev,high_e,0.93843220791216186427163847838528454303741455078125,1.788570607053813611227752652375148618968800990026368686,0,0,0,0,2.413233954208935481500138508925440747569542923702930096,0.588123943975723215766613479025999575629659793100696897,0.0,1,ROOT_OK
kepler,kepler_0000686,cal,ordinary,0.73563798312544659285805437320959754288196563720703125,2.26573000745407193647937217856866614560073446132279146,0,0,0,0,2.627485553399483248568848575420653128633950209017894646,0.6095540342200766870019179298537572849524787443409624397,0.0,1,ROOT_OK
kepler,kepler_0000687,cal,ordinary,0.328285127885077299136895589981577359139919281005859375,1.588557048085167534628838358356141641080181595216057977,0,0,0,0,1.89928870532308701448920337042403323341242962968962332,0.9042325810058530089152728745987724142906635325066130204,2.039157646249538914596966909142671111156613830646552046e-56,1,ROOT_OK
kepler,kepler_0000688,test,difficult,0.9999999999736409049772576240287762218967161783877471289,0.0002184484443559402190055795698726840907261452186226009358,0,0,0,0,0.1094594997550147388787733483734052092515498859133904793,167.0924164361583329748904605165039608131251272551261781,1.767336338912564244828914191273555284327631615916811466e-58,1,ROOT_OK
kepler,kepler_0000689,test,high_e,0.972951442271666966377097196527756750583648681640625,0.3533419941631436859732792464489655417456204162296738069,0,0,0,0,1.287514933255624320919630409940908030920183754126515754,1.373527273063810387804692098358574695565831671627380643,1.529368234687154185947725181857003333367460372984914035e-56,1,ROOT_OK
kepler,kepler_0000690,dev,ordinary,0.67742104901724020660225278334110043942928314208984375,0.3891504106039731397019893160580397110067593040732358268,0,0,0,0,0.9336654232495465547661611545162161967312188239525926042,1.675019870898810333678958983268462165723603050724398194,5.097894115623847286492417272856677777891534576616380115e-57,1,ROOT_OK
kepler,kepler_0000691,dev,ordinary,0.2326759133030889825644038637619814835488796234130859375,1.404379564548458139935974979954288886085460504245782446,0,0,0,0,1.636552626443137585987963111343366280294146912111358704,0.9849413463975403340858119394525580863598456114640972088,2.039157646249538914596966909142671111156613830646552046e-56,1,ROOT_OK
kepler,kepler_0000692,dev,difficult,0.9999999695036869435950373150482375939945659762895994737,0.00004678824425078272327632742775257346089561912478847152055,0,0,0,0,0.06548183814528066831271936873850288742058289151326128746,466.5920060086907011438968883542828999695950779244154665,7.200028676485340955165682110223603746362921759210390373e-58,1,ROOT_OK
kepler,kepler_0000693,dev,high_e,0.921923047116096849862287854193709790706634521484375,2.459602191323515630907682940002887026827594696828306118,0,0,0,0,2.783084426367805613777921814152516929303078735288068527,0.5366798185512751056104554981816025386671380015362844654,0.0,1,ROOT_OK
kepler,kepler_0000694,dev,ordinary,0.5239026880890433890414215056807734072208404541015625,0.162516607353965096224902827357378651468869640568527188,0,0,0,0,0.3345242471715532314886035303796973737832745546449191634,1.979653082059227228927282008618040104617655946608366524,5.097894115623847286492417272856677777891534576616380115e-57,1,ROOT_OK
kepler,kepler_0000695,dev,ordinary,0.08250053507659053930733961124133202247321605682373046875,3.005509805653207901180130606021377185330038709210689605,0,0,0,0,3.01585584767345079278958016826374576578584549720202079,0.924343212720080634333385840393821704829551213201508642,0.0,1,ROOT_OK
kepler,kepler_0000696,cal,difficult,0.9999999704538041765453891145268688419067210238963964512,0.00005611693697338866477647724547678340636859337483102377794,0,0,0,0,0.06957365311977059212622014580713668938575338582588938494,413.3427074178202752464357686173882069991435276679087747,6.35992161397408682470123346296328697388323771643303281e-58,1,ROOT_OK
kepler,kepler_0000697,cal,high_e,0.96297475386523523344095565335010178387165069580078125,2.380943224224479263745476123258470654217279013423664953,0,0,0,0,2.749192099787963582700527652890133159235504295964247938,0.52916138612324279842334571602659309560920048316743624,4.078315292499077829193933818285342222313227661293104092e-56,1,ROOT_OK
kepler,kepler_0000698,test,ordinary,0.037705778579489590551787614458589814603328704833984375,1.822572291595414567268697397434863905227812404017899879,0,0,0,0,1.858725869309722245062687787374674254674131936505029104,0.9894062101945870200654581665017125829770683542166997636,0.0,1,ROOT_OK
kepler,kepler_0000699,test,ordinary,0.339571337274909790249211027912679128348827362060546875,2.345646804933223809703449038666446539312874087859837484,0,0,0,0,2.53830387911356325704126291900937314432367750196031354,0.7814769786680156745809788903898265368533374651947472403,4.078315292499077829193933818285342222313227661293104092e-56,1,ROOT_OK
kepler,kepler_0000700,dev,difficult,0.9999999695232834911097397383778121895281116608571643428,0.000000125894888612906828829459855074876592494127571957018783,0,0,0,0,0.009100552822108222476418146803141165219863692556360913704,24131.14573610148861467654896390305963032901278648703878,6.388800294247911185435948885212860362937226855403504476e-59,1,ROOT_OK
kepler,kepler_0000701,dev,high_e,0.90798331273643884120616576183238066732883453369140625,2.638111473121080295597809890125468677417469224106086359,0,0,0,0,2.876234525820697622707260558909014774090946807851467174,0.5329914615917499319112207846763098906689783399735698532,4.078315292499077829193933818285342222313227661293104092e-56,1,ROOT_OK
kepler,kepler_0000702,dev,ordinary,0.354457820815806401437697559231310151517391204833984375,0.2120498384132000707279604089244865183436124060675178679,0,0,0,0,0.3253483341617415201926135623717595914423092896669927685,1.505712899135723662316354013509486220005349409491453885,0.0,1,ROOT_OK
kepler,kepler_0000703,dev,ordinary,0.73603312258830266845421874677413143217563629150390625,2.266028678395930080576538875603986296693869358835785809,0,0,0,0,2.627785980679777385728094614569729073126697840405802102,0.6093858506794999022653511674008765890158341844173769527,0.0,1,ROOT_OK
kepler,kepler_0000704,dev,difficult,0.9999999736263847569925500875845944858119517080394330472,0.000009888917772469645823253902848544669793413071264538983338,0,0,0,0,0.03900281570799282393098518316616611302100841967981702326,1314.855660067845637618290449210361946423812566459100775,4.472792230962695602009796038654464297924243746268338877e-58,1,ROOT_OK
kepler,kepler_0000705,dev,high_e,0.9507942991206965732686740011558867990970611572265625,0.4187647337653202304952606342501656460452331606324049136,0,0,0,0,1.345538741774504830890363573758162715580447116316295523,1.269626823594072029437152092392182879570790430008318021,1.019578823124769457298483454571335555578306915323276023e-56,1,ROOT_OK
kepler,kepler_0000706,cal,ordinary,0.08152974140803841140989760560842114500701427459716796875,1.918239356658971181224875679332546554126958500671846812,0,0,0,0,1.99262242968859578110311552078558028736871785278019532,0.9676977731726123247680051074654172048353891990336460557,0.0,1,ROOT_OK
kepler,kepler_0000707,cal,ordinary,0.1601280662761790096748626410771976225078105926513671875,0.04345020996532191020145137379878223333224892855628123052,0,0,0,0,0.05172992968623041788068455720485108643310000437210395522,1.190354127947035880847123895095005966842573102501977789,0.0,1,ROOT_OK
kepler,kepler_0000708,test,difficult,0.9999999990853048764602592184058487758320059787279302487,0.000006578753546263156817799143866694507533737982526521471919,0,0,0,0,0.03404912811758928755260941078479533278219874627745757582,1725.278768864830454038669902886221680019008280819952191,5.516703043823902123383212783676080139283258547571314663e-58,1,ROOT_OK
kepler,kepler_0000709,test,high_e,0.97215467046705483777913059384445659816265106201171875,2.33679809647978602106558618349992969235476572275973857,0,0,0,0,2.727740049496342647747823379504269013570532285097933347,0.5290770828696189538443903090997308698973581327925794189,8.156630584998155658387867636570684444626455322586208185e-56,1,ROOT_OK
kepler,kepler_0000710,dev,ordinary,0.81653247045461341269145805199514143168926239013671875,1.910374983858222979334403026764372075109094370744948193,0,0,0,0,2.438394349650727848561327754371910832964324478392061006,0.6162063872081559422919914486173435378274148640533605553,0.0,1,ROOT_OK
kepler,kepler_0000711,dev,ordinary,0.268441868063747091088799834324163384735584259033203125,2.036652153040165512908591478766345999333162334587836816,0,0,0,0,2.246164766023418116525981492842871462676814552330900512,0.8562920890392593949399481563670519099288294582557114141,0.0,1,ROOT_OK
kepler,kepler_0000712,dev,difficult,0.9999999944704413050293234345838641700077738522793696155,0.000000486500114495086442561601238554064051942053466850245412,0,0,0,0,0.01429078313747723607449392066931056226782711420146186597,9792.685662417612715165277521704753388230300738034102834,4.524326576232483181772082819099830951791631772040561042e-59,1,ROOT_OK
kepler,kepler_0000713,dev,high_e,0.970898103542683799105361686088144779205322265625,2.074516298383906474821718049052567784292121506458930111,0,0,0,0,2.586336172257322511047999937582079595896280580942637648,0.5479345528652981726245700300303969748598605533458036665,4.078315292499077829193933818285342222313227661293104092e-56,1,ROOT_OK
kepler,kepler_0000714,dev,ordinary,0.66647593633126633871910371453850530087947845458984375,0.3444508365898203341863575637644675921761845002916977818,0,0,0,0,0.8413277794876338539131192453074481663837370524910278807,1.799171317871663236630886283737608016138408312658775435,5.097894115623847286492417272856677777891534576616380115e-57,1,ROOT_OK
kepler,kepler_0000715,dev,ordinary,0.03841193718617250812963348494122328702360391616821289063,0.9008152429459924352780667288896828348976622791705222426,0,0,0,0,0.9316447459797443755010040204251889025848352609107153567,1.023450616361739972636323395424794191001826588922400373,1.019578823124769457298483454571335555578306915323276023e-56,1,ROOT_OK
kepler,kepler_0000716,cal,difficult,0.9999999855258479857670603432657121434262295445490646339,0.00000004631128991636161844453619396750124782081186370378098402,0,0,0,0,0.006521052160224702722781882766145268114917724537499235691,47000.30176899588839972909747033934170200467160634933953,7.768316376351894747468861522134821498302448771711810081e-59,1,ROOT_OK
kepler,kepler_0000717,cal,high_e,0.9021500802751043490701476912363432347774505615234375,0.5703927927176943454518856821245374094320053535043953972,0,0,0,0,1.46775810073786941865229063284620278087377025395001051,1.102282498947328632343842769684910164190642500274305749,2.039157646249538914596966909142671111156613830646552046e-56,1,ROOT_OK
kepler,kepler_0000718,test,ordinary,0.62702714370325007831041830286267213523387908935546875,3.002106276134820891873673956707026324641607944167711639,0,0,0,0,3.055821315556276278799314185388456270719276742769728527,0.6154898641465061968401720026670182493700172505295006287,0.0,1,ROOT_OK
kepler,kepler_0000719,test,ordinary,0.62020534909501900955319797503761947154998779296875,3.046260020553271701488079794562903955335405754160184953,0,0,0,0,3.082739804771831008496478095570707475127787813750691076,0.6176150343914915670860207243806781667771636347744376135,8.156630584998155658387867636570684444626455322586208185e-56,1,ROOT_OK
kepler,kepler_0000720,dev,difficult,0.9999999943210288435639865901511054661739577081409381201,0.00000009250790349765359408062749710059730275735261928556134212,0,0,0,0,0.008216827027375235516641485198880259190610536991754002273,29617.6842308169027714806731020512770936702456065481389,1.366486643865961796583579752809359000236486075830045661e-58,1,ROOT_OK
kepler,kepler_0000721,dev,high_e,0.9740860961334008027989739275653846561908721923828125,0.6167263630729032680143090123438435724535875773320127404,0,0,0,0,1.590621048025226920485852429731371221374677519848557231,0.9810560813695690481157837040021163239106495816418676311,1.019578823124769457298483454571335555578306915323276023e-56,1,ROOT_OK
kepler,kepler_0000722,dev,ordinary,0.01015941515200118397399542402581573696807026863098144531,0.358563568745985448571329726332359477871925837786142489,0,0,0,0,0.3621630269567153129852307224442739826219193377668500681,1.009591524201737008055831330962638491617555367188782804,5.097894115623847286492417272856677777891534576616380115e-57,1,ROOT_OK
kepler,kepler_0000723,dev,ordinary,0.05735590238961237735670906090490461792796850204467773438,0.7061159601452489242206820052941193178937894162019898574,0,0,0,0,0.7450017175430112407840469731152312915603688710540730823,1.044017405826014101553474048678802973976942607320472406,1.019578823124769457298483454571335555578306915323276023e-56,1,ROOT_OK
kepler,kepler_0000724,dev,difficult,0.9999999616571770350407591301453774731443690393322424002,0.000000074780062476427899877449830919280021541873618508983804,0,0,0,0,0.007645586917000917913315926994644617390640092446489960863,34169.69472196338381982687333998067241662404440976465369,3.515031285854379261144654930377367051520900248426096748e-60,1,ROOT_OK
kepler,kepler_0000725,dev,high_e,0.98491183096488799098011668320395983755588531494140625,2.914377600779630380549980534778071473034428188234105668,0,0,0,0,3.026997175616707994110555495002068410950219315748228445,0.5054456938818236178722007131731536731279963264782490193,4.078315292499077829193933818285342222313227661293104092e-56,1,ROOT_OK
kepler,kepler_0000726,cal,ordinary,0.47915415366797997620551541331224143505096435546875,1.341294761536979389232209698605563725753116444273152962,0,0,0,0,1.807129854775283436629223936060328920973176521246746474,0.8991277663820343489619406991336280594551650894231057113,2.039157646249538914596966909142671111156613830646552046e-56,1,ROOT_OK
kepler,kepler_0000727,cal,ordinary,0.001061167217248504355403548871095154026988893747329711914,1.733952035115698653633239715459072302581413526294805241,0,0,0,0,1.73499892858994377633675074126899612517438956879101253,0.9998265656314346909806741904361154544216302892015718604,0.0,1,ROOT_OK
kepler,kepler_0000728,test,difficult,0.9999999307080521264831574645372945533549002595048442317,0.00000002088515831427374951102102357504407612766849247751469207,0,0,0,0,0.004976451172112788281837091701038274368016145820704858586,80309.68268409923070419941650287955465900612366573951617,7.905477953325845888416363012070190057003739778985283462e-60,1,ROOT_OK
kepler,kepler_0000729,test,high_e,0.96669780615381128985319492130656726658344268798828125,2.734950285558069259188026388457488390715318786011852101,0,0,0,0,2.934098348301467256257554369803995298742227622199344025,0.5138845666966150665805859941565384062263896967303021308,4.078315292499077829193933818285342222313227661293104092e-56,1,ROOT_OK
kepler,kepler_0000730,dev,ordinary,0.478402427833023613512608562814421020448207855224609375,1.886622567180915627669609181356817817912236727037768568,0,0,0,0,2.256801956060290401855504138351763747301945162861445416,0.767433368773374771415149476729842851436538055731293997,2.039157646249538914596966909142671111156613830646552046e-56,1,ROOT_OK
kepler,kepler_0000731,dev,ordinary,0.1118098275852618950221284421786549501121044158935546875,1.792667816067895997130963328488498227339236310941449395,0,0,0,0,1.898526609427648967535651885645712502653012168771014919,0.9652593334665988065981992646640236941851585441535993009,2.039157646249538914596966909142671111156613830646552046e-56,1,ROOT_OK
kepler,kepler_0000732,dev,difficult,0.9999999952344273786935011895505203934768607869117524715,0.0000003097408621778143338010949923143465210135844415563382086,0,0,0,0,0.01229391749472259432713012403854719688128196743092900277,13232.0609448204208707721237276290050000750199754138892,1.027624015063679314561750639880863172448095000705150857e-58,1,ROOT_OK
kepler,kepler_0000733,dev,high_e,0.97206873460311193912986027498845942318439483642578125,2.064935241090355817461903042304943702328794683650466257,0,0,0,0,2.581423797336298687354548995318329348310694854608078604,0.5483950387349161356785464020544774633852197697327929932,0.0,1,ROOT_OK
kepler,kepler_0000734,dev,ordinary,0.37881540314516204404071686440147459506988525390625,1.233840642780049490638347620580995633238573754167258068,0,0,0,0,1.612329365866617139733030074623691349721353918028080866,0.9845147331529837031213665086002132928064912777363222593,0.0,1,ROOT_OK
kepler,kepler_0000735,dev,ordinary,0.370520903800830858632053832479869015514850616455078125,0.09409920262753955352357201846917214981843305254104391434,0,0,0,0,0.1491621975274757360985102786655154713481572829102769703,1.578299303649143742110986061223720519395480462465634611,2.548947057811923643246208636428338888945767288308190058e-57,1,ROOT_OK
kepler,kepler_0000736,cal,difficult,0.9999999997705599527063925221506031922445323827432279119,0.000005522247911016798143927966391382570010435325212181497113,0,0,0,0,0.03211907213258764891364513712660413737401965172681724715,1938.836368303287082500187692205066768282807072299681397,3.240635205946189543995271356005999698287373816861547785e-58,1,ROOT_OK
kepler,kepler_0000737,cal,high_e,0.90256924137832428289840436264057643711566925048828125,2.696523046730831997090498151841950460726594436911562644,0,0,0,0,2.906639150286328615302354589464857223642735346181801588,0.5325462152750045062859319800364927083075084901561279948,0.0,1,ROOT_OK
kepler,kepler_0000738,test,ordinary,0.7605864193942235562673204185557551681995391845703125,0.2538961440635667194606566591581098162514896589166193714,0,0,0,0,0.798951582589820161137260593129106673864781130339951553,2.129822923893809401656731112963278694809168339288399941,0.0,1,ROOT_OK
kepler,kepler_0000739,test,ordinary,0.005154725874948640207406924673705361783504486083984375,1.316479494621052793350620364722459946356561400389558581,0,0,0,0,1.321474836705480323959778154883493311710505980056597248,1.001273530310828486649799424616066359917607411779889032,0.0,1,ROOT_OK
kepler,kepler_0000740,dev,difficult,0.9999999791377084336579652342742021795016691774975158255,0.00000003211017803720555606382019754928818096884831090747952833,0,0,0,0,0.005768390674325176771301792779721754382530803394888441072,60031.28363049778449542950552336271810256514541925636929,5.410133907190530071648370686755095511663150479181964676e-59,1,ROOT_OK
kepler,kepler_0000741,dev,high_e,0.915779152815676678045520020532421767711639404296875,1.658664197564876991579442633164363144978418916780876681,0,0,0,0,2.32567575633010954650075936381865372909131970174313881,0.6144420955866602444767125617893961300018152985509690779,4.078315292499077829193933818285342222313227661293104092e-56,1,ROOT_OK
kepler,kepler_0000742,dev,ordinary,0.14774771796849106575422183595946989953517913818359375,0.7664559775153828215797340175036556660414226475955221334,0,0,0,0,0.8803652656684511508093449450672295765146950467461242036,1.103869758223344454911158861405214015828627138820838167,0.0,1,ROOT_OK
kepler,kepler_0000743,dev,ordinary,0.05008009172707368616972445352075737901031970977783203125,0.9379210287692673392357943173458044788953685768854840305,0,0,0,0,0.9794984159735612515534737481587998345531965851690306689,1.028718315991625940132871630932428783162087683389536611,1.019578823124769457298483454571335555578306915323276023e-56,1,ROOT_OK
kepler,kepler_0000744,dev,difficult,0.9999999968367651015029782251772966092698797444776698555,0.0000001085068687085800943721811681477833763654094884271831598,0,0,0,0,0.008666294821077567819378034605976917082437194045497602786,26627.42774357559551844960610424636987780686876958826654,9.946371723603294344969283940957864982509037030764218578e-59,1,ROOT_OK
kepler,kepler_0000745,dev,high_e,0.90571836626974799866474086229573003947734832763671875,0.5655899855352698521212734389918918706756800583501969756,0,0,0,0,1.466374939184516218600067716312805996677859935703715317,1.104245877347415015170774865856646516105544083012007575,2.039157646249538914596966909142671111156613830646552046e-56,1,ROOT_OK
kepler,kepler_0000746,cal,ordinary,0.86253019914517403687881369478418491780757904052734375,0.1094005279774620276194336906565125822643499853520066847,0,0,0,0,0.5874483674066739749855613479712081201072055358392986837,3.54526411351117991897190061658454609394493795514377395,2.548947057811923643246208636428338888945767288308190058e-57,1,ROOT_OK
kepler,kepler_0000747,cal,ordinary,0.0942180417376217993474796230657375417649745941162109375,2.686355515267375837105479046409242862812692363899858471,0,0,0,0,2.724521753357862023694351330172091625415934084324366458,0.9206902554231863689451864668101709715658413123596611622,0.0,1,ROOT_OK
kepler,kepler_0000748,test,difficult,0.9999999999430371380662074317503641540252931595715210076,0.000003874072580745171927202415948740462330619648342891576735,0,0,0,0,0.02853944364360764794946677545055834235113104855381511999,2455.660970138990403195877956508562199864104734268410244,2.619889431979540658707650966641432305288496163031611363e-58,1,ROOT_OK
kepler,kepler_0000749,test,high_e,0.904004945388979574971699548768810927867889404296875,3.027901130809937225851039877768644569563771499911173756,0,0,0,0,3.081864015836989813876903857104740427379958700404383093,0.5256537696884518662803459507905533466816713183980910943,8.156630584998155658387867636570684444626455322586208185e-56,1,ROOT_OK
kepler,kepler_0000750,dev,ordinary,0.1712607113595258356841810609694221056997776031494140625,0.380544508497882740644972474867714058150316642437381519,0,0,0,0,0.455953838146250732314461721474264356488019886316077228,1.181704795779041119723537244701341348658045603960657384,0.0,1,ROOT_OK
kepler,kepler_0000751,dev,ordinary,0.2043859390289645416860508930767537094652652740478515625,0.9095914161614772868904941109730596373424752986882792556,0,0,0,0,1.090889499311945366176298670869489362845082558975730118,1.104196727913754701101979703672243886205355824589916255,1.019578823124769457298483454571335555578306915323276023e-56,1,ROOT_OK
kepler,kepler_0000752,dev,difficult,0.9999999916039783219221744719294397416480024214912864151,0.000000670163540421843627260400931749381515144400632456494246,0,0,0,0,0.01590072789308548073305032034861267675470670935783589716,7909.996564596792788499625138278918593495168097099588393,5.039670028930358979394950623553497490465512029762782695e-59,1,ROOT_OK
kepler,kepler_0000753,dev,high_e,0.9494691196195639282251477197860367596149444580078125,0.8290537251266858792257194679864553873502612164932129237,0,0,0,0,1.761338978471961718344776155510586289968137967758343846,0.8475857552543139123328118726363155223577131808719962053,2.039157646249538914596966909142671111156613830646552046e-56,1,ROOT_OK
kepler,kepler_0000754,dev,ordinary,0.55965485954617399944055478044901974499225616455078125,1.148882993898028868898888645230736340710485290416014892,0,0,0,0,1.703609159156251277082988742589548876775610102076429392,0.9310024575797384277669845048588049327333472747435788359,2.039157646249538914596966909142671111156613830646552046e-56,1,ROOT_OK
kepler,kepler_0000755,dev,ordinary,0.62761227084858861591243339717038907110691070556640625,1.654993889521556625067066395607733850969555679051676554,0,0,0,0,2.172411569430583777029557228960930596396573067790047325,0.7378915158278342250818440912945729719075813648894656014,4.078315292499077829193933818285342222313227661293104092e-56,1,ROOT_OK
kepler,kepler_0000756,cal,difficult,0.9999999999644549274013894207083556247384304637418922881,0.00003480847885787451832133628073131554188672871422249013772,0,0,0,0,0.0593340835614082071180687072327247452491199638908919652,568.2624052318995288081950197513309300996181167974666888,2.532767218089484674807634069888510565920232632669515023e-58,1,ROOT_OK
kepler,kepler_0000757,cal,high_e,0.9885367195320322597495987793081440031528472900390625,0.75428188853969431785307393600101206131289011309547406,0,0,0,0,1.730274378387853782899304420899407075983752918359454426,0.864317307416166195510653950906000611132028868715165877,1.019578823124769457298483454571335555578306915323276023e-56,1,ROOT_OK
kepler,kepler_0000758,test,ordinary,0.03342331374916688441212286875270365271717309951782226563,0.7748890274004963324323879053933931492708383079505569956,0,0,0,0,0.7988383791358558730005488979284215685056989802074544537,1.023870603963197537132006903140788008285868713273300781,1.019578823124769457298483454571335555578306915323276023e-56,1,ROOT_OK
kepler,kepler_0000759,test,ordinary,0.5528653441749391550530390304629690945148468017578125,0.9981578234776742521934833256189684905392745795843950046,0,0,0,0,1.550913894343168663693745104902746541873750175444168018,1.011113741261194546059557668052912064263482560306986501,1.019578823124769457298483454571335555578306915323276023e-56,1,ROOT_OK
kepler,kepler_0000760,dev,difficult,0.9999999772367578679740988302389596404386843926156396829,0.00002000284599765813084434958614960121406151603938885736119,0,0,0,0,0.04932765874422135841960578151005385140266564203330400458,822.1081152599560611079102734475340543024048280018468332,1.210376471543992062039520458460234164794804046816267007e-58,1,ROOT_OK
kepler,kepler_0000761,dev,high_e,0.92710329784872114178284618901670910418033599853515625,2.126666094711878554328793099094733007679066382420693198,0,0,0,0,2.602556561847737357482228842934140622190541853578813518,0.5569033757695013476716389138712478123226902797382570451,4.078315292499077829193933818285342222313227661293104092e-56,1,ROOT_OK
kepler,kepler_0000762,dev,ordinary,0.498711439243528342757372229243628680706024169921875,0.8774939106544097407547188248058724005537000928712417992,0,0,0,0,1.365759037338866803527990458020862721100142472249884603,1.113014958455876392625398334518641830053704580998287376,1.019578823124769457298483454571335555578306915323276023e-56,1,ROOT_OK
kepler,kepler_0000763,dev,ordinary,0.59741728923440928777921499204239808022975921630859375,2.235129722605866769564238178960276357724265612944604689,0,0,0,0,2.562216757919350858793592433682985685473626921188781369,0.6667015650973996087253854405343201927431792840586544789,8.156630584998155658387867636570684444626455322586208185e-56,1,ROOT_OK
kepler,kepler_0000764,dev,difficult,0.9999999961677107218537655457718418179418634656683130187,0.00000002387558736600741180813414889354982140487444904288997035,0,0,0,0,0.005230947619862917896992163446730300003099366297767832316,73071.59917076241955715468855980318385651331091106603819,3.602177808397864390129465358630498869499478584460727155e-59,1,ROOT_OK
kepler,kepler_0000765,dev,high_e,0.9884097667611120296982107902294956147670745849609375,2.794587693350466705373534646472372715428401863524785123,0,0,0,0,2.966635841495665259420437750037177174970199378195303147,0.5067599856526212326993543556086313736408320897884615463,4.078315292499077829193933818285342222313227661293104092e-56,1,ROOT_OK
kepler,kepler_0000766,cal,ordinary,0.7813453742595524165182041542720980942249298095703125,0.8312116603681314051712124336749415763754049858008656872,0,0,0,0,1.611897172168696361956485361281761933375137276656965986,0.9688937489337559825066040019535420992535581738575097978,0.0,1,ROOT_OK
kepler,kepler_0000767,cal,ordinary,0.6671001334625235035247214909759350121021270751953125,0.7422584829731140437645744585973770758654597028978838261,0,0,0,0,1.399607584705336070016180918019636717234183724132880515,1.12821365973083135974635534941351883513223537015935944,1.019578823124769457298483454571335555578306915323276023e-56,1,ROOT_OK
kepler,kepler_0000768,test,difficult,0.9999999938490321949561424905995242264951194774509339668,0.000009284346913186640422513890745949515038342598954130245074,0,0,0,0,0.03819217860298294040530233621235716387848329222648334819,1371.293004746573319867593145909177894470819570052825292,1.246158809391693626855598826769469879178197996786413718e-58,1,ROOT_OK
kepler,kepler_0000769,test,high_e,0.908858712810585611663327654241584241390228271484375,2.658130058542651701647757195367405278169909771772013439,0,0,0,0,2.887014486500468920416195870325973519223688436890414504,0.5320377585140080867623349970070563134273295003338835366,4.078315292499077829193933818285342222313227661293104092e-56,1,ROOT_OK
kepler,kepler_0000770,dev,ordinary,0.3517527550602441710481116388109512627124786376953125,3.074571903404113942967834503091387025171318645691567018,0,0,0,0,3.092006738804222506928699395655750430792266477812829373,0.7400169464248397186884878796998784574896940417891073703,4.078315292499077829193933818285342222313227661293104092e-56,1,ROOT_OK
kepler,kepler_0000771,dev,ordinary,0.84781916242147825624186907589319162070751190185546875,2.194160872970457189660476248188144996080079073212639181,0,0,0,0,2.618038033407430856023145395257529483233650210261373534,0.576617586147805191075871446374345653621462198344755902,4.078315292499077829193933818285342222313227661293104092e-56,1,ROOT_OK
kepler,kepler_0000772,dev,difficult,0.9999999998318675331451390261528041377389685555631683176,0.00000004440086108648432147331382995899627672445627660580841059,0,0,0,0,0.00643444342634541919974406569391051062869927314142730478,48306.54682968983724476522166974232312748765422035284667,4.310045796254569259317102644747988001866619768652759916e-59,1,ROOT_OK
kepler,kepler_0000773,dev,high_e,0.95737364593506446563964118467993102967739105224609375,2.507799139346574062233696806647303381957996281126827351,0,0,0,0,2.814969325910866415904462972992694274286849524399710115,0.5244502954506718825279488354968812633700021510315088235,4.078315292499077829193933818285342222313227661293104092e-56,1,ROOT_OK
kepler,kepler_0000774,dev,ordinary,0.51643904800994466786079328812775202095508575439453125,2.445528866235137005819635210245734898418679198662015176,0,0,0,0,2.676947908906807828161924452047608497288158658372239077,0.6841411830137542566559973935665628586793266604502767586,4.078315292499077829193933818285342222313227661293104092e-56,1,ROOT_OK
kepler,kepler_0000775,dev,ordinary,0.5358471637172785850822265274473465979099273681640625,0.2496391001627709395443621324509464109215796128000704168,0,0,0,0,0.5123045278258240866508578108808769752407735471688193897,1.876361265076294641116212662833598131894318655688936242,7.646841173435770929738625909285016666837301864924570173e-57,1,ROOT_OK
kepler,kepler_0000776,cal,difficult,0.999999999105051925153704822239934453278250471222384146,0.000000271494139631299490890088209815323827779801945305681821,0,0,0,0,0.01176610240597737801850693717314845064732301086627008765,14446.54995061494652853545184583048965365909675918503014,1.758974162132938335659939355201288242379338464565092397e-59,1,ROOT_OK
kepler,kepler_0000777,cal,high_e,0.9832570995788625367595159332267940044403076171875,0.04743442076810222617667436618392677094455360397866851542,0,0,0,0,0.6136412542203741213369989659138273521681775388123989103,5.098616506612122463569973667609983470797050537622486969,6.372367644529809108115521591070847222364418220770475144e-57,1,ROOT_OK
kepler,kepler_0000778,test,ordinary,0.4896124258725198519215382475522346794605255126953125,0.3398942828258049061729812852971828683239181007051930701,0,0,0,0,0.6272629753088363861454959341393263124488785092010943024,1.656749166100281315995719843935351189887500114133011487,5.097894115623847286492417272856677777891534576616380115e-57,1,ROOT_OK
kepler,kepler_0000779,test,ordinary,0.84735541663878510831864332430996000766754150390625,0.9219581348116321309565305754922547444033132222322344556,0,0,0,0,1.754981257597712912476946179834385473299179347771700165,0.8656590838141976418360873648232379553485189805267474011,3.058736469374308371895450363714006666734920745969828069e-56,1,ROOT_OK
kepler,kepler_0000780,dev,difficult,0.9999999999387260506017477397583184087587704642845259419,0.0000002545992406426752569187691341150872098670111157766534783,0,0,0,0,0.01151692866783151867956224141093613782105284521165244205,15078.60070669586214801138803895035560502145106879962212,8.64367098633540925088393084469975225573860103966356488e-59,1,ROOT_OK
kepler,kepler_0000781,dev,high_e,0.91810879716429372177088907847064547240734100341796875,1.173157106603836657141478340917418096123902830119669392,0,0,0,0,2.005771915009758944224651372571381087569727033620395785,0.7210427754701346822901853668189217975900205102420118312,2.039157646249538914596966909142671111156613830646552046e-56,1,ROOT_OK
kepler,kepler_0000782,dev,ordinary,0.344290062580338840358962215759675018489360809326171875,2.193841148237610122293810243101939174746504391631243323,0,0,0,0,2.421011202253537388871704248001741569112064381111091045,0.7944659428569899257805023847075307116056574750236311903,0.0,1,ROOT_OK
kepler,kepler_0000783,dev,ordinary,0.57417373469296684174167921810294501483440399169921875,0.5337513029864139745520553584495427527800422433076658323,0,0,0,0,1.024295701229189164756000086025811258473150725688570425,1.425310542687938951467099904695989158281434995540149178,1.019578823124769457298483454571335555578306915323276023e-56,1,ROOT_OK
kepler,kepler_0000784,dev,difficult,0.9999999997087699712338128537973377790279876609134457806,0.00000001329322196648601486121635459569237681004963793851715714,0,0,0,0,0.004304410190644735282251975807223607540890782126761392722,107941.8139010349630975229396076891564762187678691554846,4.477897048182816069816437653698580806090352937500492959e-59,1,ROOT_OK
kepler,kepler_0000785,dev,high_e,0.9518259526454022623198625296936370432376861572265625,1.796095520823126942150631136668075604268208714578939837,0,0,0,0,2.422829448637623886089333244503627270912678622142612092,0.5826270313710378714309982944301448339929003302392600631,6.117472938748616743790900727428013333469841491939656139e-56,1,ROOT_OK
kepler,kepler_0000786,cal,ordinary,0.1104850465026912947896775563094706740230321884155273438,1.912500482146851163529217728538569071800749907721412716,0,0,0,0,2.012387027034608688102048813838860159958437548191184117,0.9549101995369036511676850164083856365885884160370510985,2.039157646249538914596966909142671111156613830646552046e-56,1,ROOT_OK
kepler,kepler_0000787,cal,ordinary,0.1213972948986507399693479669622320216149091720581054688,2.568944001004563399725860033174587330034204203962259599,0,0,0,0,2.628531450848791650827592900843739514123852078646855373,0.9043497249755595603975967476525356319584079708587204873,0.0,1,ROOT_OK
kepler,kepler_0000788,test,difficult,0.9999999999498668527056524483009186026436982838490435108,0.0000001359598713700363057743010830297191187156009601376594663,0,0,0,0,0.009343741142602942023948292948336637574833796606821148414,22908.2049537465189314415573383572408339461052840158756,8.061721823241675920926786729670470324802153239197999484e-59,1,ROOT_OK
kepler,kepler_0000789,test,high_e,0.9811418078942122367180900255334563553333282470703125,1.226275362304919556398008796792379930400962366323550465,0,0,0,0,2.081989419918756858950816412775556844856135792694377323,0.6756791478798477800289810242061598225072624943956698702,2.039157646249538914596966909142671111156613830646552046e-56,1,ROOT_OK
kepler,kepler_0000790,dev,ordinary,0.87302982520067062832680448991595767438411712646484375,2.295059594201902169357946224957434724008224948717050709,0,0,0,0,2.682179997712114692529491932266021459229618819684821861,0.5610072799556104931675702369508261874205882985863383244,4.078315292499077829193933818285342222313227661293104092e-56,1,ROOT_OK
kepler,kepler_0000791,dev,ordinary,0.8364773723656619974775594528182409703731536865234375,2.259486406396991875192035340099413833418561676019181701,0,0,0,0,2.652491073660084184495239808234984412929760411820752413,0.575239995817015655431877964376694609691386590753934201,4.078315292499077829193933818285342222313227661293104092e-56,1,ROOT_OK
kepler,kepler_0000792,dev,difficult,0.9999999999892304505149816912305835795937289203423952309,0.00004595353002138268662437371514177796025190636589075640638,0,0,0,0,0.06509096468251253808719113643889124907253192292913531424,472.2173273628460556947760031375274867100959563506370603,1.155613937098814015016652694786969071477609827731520737e-57,1,ROOT_OK
kepler,kepler_0000793,dev,high_e,0.94847456732631785225606790845631621778011322021484375,2.261771703132951488573281229953676737310815149931463299,0,0,0,0,2.682269691946942210143211152344036558006913241314758192,0.5404914893344231929777020577961903481050579948831250191,0.0,1,ROOT_OK
kepler,kepler_0000794,dev,ordinary,0.002343321776341533799886684974467243591789156198501586914,0.6347076399761431358328118388955136013886653256771983588,0,0,0,0,0.6360997195890609807588251201597051072394566250422479497,1.001888572262710547211822811645548159415468887104235148,0.0,1,ROOT_OK
kepler,kepler_0000795,dev,ordinary,0.463704145299898951027017801607144065201282501220703125,2.391102649782019724079284527683675838850507406558892973,0,0,0,0,2.621532311385719747351040906096924689148878400614002646,0.7130646180779260094139995608886101748983608232867613939,4.078315292499077829193933818285342222313227661293104092e-56,1,ROOT_OK
kepler,kepler_0000796,cal,difficult,0.9999999051573249973186405839199288186204733682026858599,0.002141796522189309944225210597545560289220753268122024116,0,0,0,0,0.2344442217554562432297175907014940950791708988880435689,36.55439439929046924851736874348237199590248227917066159,9.16027848901160059291606228716434288214885119235755802e-58,1,ROOT_OK
kepler,kepler_0000797,cal,high_e,0.9133566076540178269027592250495217740535736083984375,3.045693892615385729441947811643514168858173411751988567,0,0,0,0,3.09146193772011598623381123909734378415753397287984142,0.522955340409519303921004851504831292947246090081797879,0.0,1,ROOT_OK
kepler,kepler_0000798,test,ordinary,0.73572094203231375164619976203539408743381500244140625,2.229263216738175322438744479725490876905052390331588549,0,0,0,0,2.60522757752661177219838687554092955405228632582328373,0.6125930699451799211045487340213287034622926353323140023,0.0,1,ROOT_OK
kepler,kepler_0000799,test,ordinary,0.81195626629999873014043032526387833058834075927734375,0.3378355923589548055432671168262324311194943603164276551,0,0,0,0,1.036716881246476564064430020779262832210980203846481925,1.704522531779256685733493432909068920427153839518559105,0.0,1,ROOT_OK
kepler,kepler_0000800,dev,difficult,0.9999999999177573490635707270395023067612726368336576116,0.000006838426316367332985889644686706173864418743949400591813,0,0,0,0,0.0344914160742440018936055328343259831215799119167675813,1681.322175657278004333511645316233496111057424483137481,6.20279047820809299659584584560533883680833384917282334e-58,1,ROOT_OK
kepler,kepler_0000801,dev,high_e,0.9343522457174098239107706831418909132480621337890625,2.818765873886133461959822212442906530730456377437367943,0,0,0,0,2.974325011679383248813657847626486208263879328894186721,0.520477721755102904005269278782497543881943535871206461,8.156630584998155658387867636570684444626455322586208185e-56,1,ROOT_OK
kepler,kepler_0000802,dev,ordinary,0.89884086135981899889912938306224532425403594970703125,0.1636675081037181181198730708134632713489140325707875696,0,0,0,0,0.822196708867280883079608383958584860263241090363009925,2.575747438126478398266128533266161809918303240245567892,0.0,1,ROOT_OK
kepler,kepler_0000803,dev,ordinary,0.7764090544141952765500036548473872244358062744140625,0.9729848619942493228451794034068752899232372290227677882,0,0,0,0,1.738501252168898382648680792625688449035210382560299353,0.8852705847645683122361779088153027639165408169128212053,1.019578823124769457298483454571335555578306915323276023e-56,1,ROOT_OK
kepler,kepler_0000804,dev,difficult,0.9999999997057166769712178056723077900214574512873983749,0.00001485269702181409721106710140995981362076944124374166721,0,0,0,0,0.04466834258084558921225885111325939841637540439799793151,1002.541601621387917876944689828052478513215132339974865,5.505812767087645125395710671581964921862225606276052621e-58,1,ROOT_OK
kepler,kepler_0000805,dev,high_e,0.90334776322943655113562044789432547986507415771484375,0.4476978932026946990730654338504278401111731073692319894,0,0,0,0,1.323581923558355040899775753270822347055482394422106124,1.283784084887800530545497231018121091700926474423276379,0.0,1,ROOT_OK
kepler,kepler_0000806,cal,ordinary,0.474074378453383793452502459331299178302288055419921875,0.8590409324418584515040133902964112827565682771743168867,0,0,0,0,1.31805413394467137078073380601749981201960360014580999,1.13449047020955547322155121622358492146257626348920701,1.019578823124769457298483454571335555578306915323276023e-56,1,ROOT_OK
kepler,kepler_0000807,cal,ordinary,0.81874649634468210646076613556942902505397796630859375,2.427888495816266183951647318979922972137668850570709307,0,0,0,0,2.744516854241912912493184383784203284145406597755550211,0.569786098381697483252143703538995181999696734430348115,4.078315292499077829193933818285342222313227661293104092e-56,1,ROOT_OK
kepler,kepler_0000808,test,difficult,0.9999999973835774630599224812892336707695314667446952169,0.0002940367491004398814766758633833905813241763292972694081,0,0,0,0,0.1208620253559978184271503637929981335059385598053494449,137.0814967567071407056404950341446835473660955721958835,9.956824444577826731430502486048198784944403469953867413e-60,1,ROOT_OK
kepler,kepler_0000809,test,high_e,0.9615441749188438080864216317422688007354736328125,1.401853013254583271116890273372138138028998340143341111,0,0,0,0,2.186709714633606263641728861526111362904066558551115481,0.6428849729757331682550188943336224198584568198109569066,4.078315292499077829193933818285342222313227661293104092e-56,1,ROOT_OK
kepler,kepler_0000810,dev,ordinary,0.5312996268236098718062976331566460430622100830078125,2.950772106551011432881667551556527689568371643116327794,0,0,0,0,3.016867078907745133443750926341790020878723801554874623,0.6548049156422452853649278860363714660768639223109599095,0.0,1,ROOT_OK
kepler,kepler_0000811,dev,ordinary,0.380716149972060435846543668958474881947040557861328125,1.819018221951452883047346266066087753369236505489046562,0,0,0,0,2.139756894543114966738190928278338431742795424110005437,0.8297974552258710763793932407959560389993317520618241786,6.117472938748616743790900727428013333469841491939656139e-56,1,ROOT_OK
kepler,kepler_0000812,dev,difficult,0.9999999999539716769774446493386124000810879735671137998,0.00000003996308750707839891787955497896265519083860160418069299,0,0,0,0,0.006212542007154274985908208704997817331322094787710103687,51819.31646621150658012934400760393551649645124394906289,3.298319640533550830210321606004516240564407677784888916e-59,1,ROOT_OK
kepler,kepler_0000813,dev,high_e,0.96324343765534392591831647223443724215030670166015625,0.3723584093603580854882409012730065414102478628177562813,0,0,0,0,1.300672606447592638746783711723746006052478301954850235,1.345971393338371543038544024788969641886547373615346745,0.0,1,ROOT_OK
kepler,kepler_0000814,dev,ordinary,0.50512334762533883658619515699683688580989837646484375,2.326233477840512428038721254749630159248612699284049027,0,0,0,0,2.590657563202323604230665072604379906887977989457503625,0.6991134697257346173432663547883655594785194285947128345,4.078315292499077829193933818285342222313227661293104092e-56,1,ROOT_OK
kepler,kepler_0000815,dev,ordinary,0.1091287523299741130111684128678462002426385879516601563,2.934551669730347405234765929235408144132906430705486707,0,0,0,0,2.954816062543118378527302216459127612786461708486533161,0.9031540878020359598382161136115962255379916196331962998,0.0,1,ROOT_OK
kepler,kepler_0000816,cal,difficult,0.9999999997455706952369648058506097279112822618210963581,0.0000008110690461195363781273606274572471192002106701391988549,0,0,0,0,0.01694614825727968565252328370431963898225066958869756421,6964.623054104453660465708333244530929054412122199262774,1.293803770112817993050920567181223955395217114953185154e-58,1,ROOT_OK
kepler,kepler_0000817,cal,high_e,0.90292724088664433335083003839827142655849456787109375,0.9882826981245872366936326798949762262108163555769333134,0,0,0,0,1.854991406488154591844088978823178914341956781168710651,0.7979781325450877753482686088468331945399255194082822651,2.039157646249538914596966909142671111156613830646552046e-56,1,ROOT_OK
kepler,kepler_0000818,test,ordinary,0.39221006009079484311286023512366227805614471435546875,1.628239869878830469333782692527826285502508287178894114,0,0,0,0,1.986971597489435758394147846981167831897947669407265727,0.8631427872330816970276599598897659359198942163970545596,0.0,1,ROOT_OK
kepler,kepler_0000819,test,ordinary,0.27531804119729119673110062649357132613658905029296875,2.892652663036433004598366647061488707353775886466284979,0,0,0,0,2.946126097057674244856226071377808144917461980557442751,0.7873549511663029741964286818796207879383702891311160625,4.078315292499077829193933818285342222313227661293104092e-56,1,ROOT_OK
kepler,kepler_0000820,dev,difficult,0.9999999999306306237659828239792173791302282914717177045,0.001555593922989745739509677128744433988156204297497220424,0,0,0,0,0.2107029059327778866064200651680611182184310560065231461,45.21643030018577841416363787334863226403539641202479213,2.489206111144456682857625621512049696236100867488466853e-57,1,ROOT_OK
kepler,kepler_0000821,dev,high_e,0.94915260576497451072697231211350299417972564697265625,2.442355406537119718942324607245106431095422648876900393,0,0,0,0,2.779010259357718039278542636885902018781314991752204457,0.5298174664889549444620177078427987563727371045889458867,4.078315292499077829193933818285342222313227661293104092e-56,1,ROOT_OK
kepler,kepler_0000822,dev,ordinary,0.1621349038639088580016078822154668159782886505126953125,1.821114659835133572192423982167818755199310229509914257,0,0,0,0,1.970471308751077427562772231904259190685858915254830959,0.9406543386227879077005559503451414879690030229445004076,0.0,1,ROOT_OK
kepler,kepler_0000823,dev,ordinary,0.44211246859344921489309854223392903804779052734375,2.985729110156759339110221291450044724482007501486446468,0,0,0,0,3.033448047606722135345440486306097740175275767749254111,0.6946713327567663981024032754713786683407291012535956848,4.078315292499077829193933818285342222313227661293104092e-56,1,ROOT_OK
kepler,kepler_0000824,dev,difficult,0.9999999999898563192276627154781667972005769718184884711,0.000009704385240390442571939748642018008964763861665047596799,0,0,0,0,0.0387600172314895669755886154512126260881672013189830905,1331.424177322833897251796492095874718156364074419221995,9.956824444577826731430502486048198784944403469953867413e-60,1,ROOT_OK
kepler,kepler_0000825,dev,high_e,0.93830893446764684906469256020500324666500091552734375,1.09531196126326392068708335643061332977357355004280825,0,0,0,0,1.962539299733715792406962881495720199753002976793450577,0.7362435015437762160752529928264847094778364053770979279,2.039157646249538914596966909142671111156613830646552046e-56,1,ROOT_OK
kepler,kepler_0000826,cal,ordinary,0.82405223974735319902862329399795271456241607666015625,0.6465699820919050045492886621430562175708726234870137522,0,0,0,0,1.466110937095217936279460466893095944417353177326459952,1.094222097539124728464299525111278914089803368289445361,1.019578823124769457298483454571335555578306915323276023e-56,1,ROOT_OK
kepler,kepler_0000827,cal,ordinary,0.86725795999276977799041787875466980040073394775390625,0.8868219043809814072213811620182193524200893321195723182,0,0,0,0,1.7414779318598116009120553149795498928933585089894807,0.8716060557091629864236071440955931952399965040610824136,1.019578823124769457298483454571335555578306915323276023e-56,1,ROOT_OK
kepler,kepler_0000828,test,difficult,0.9999999942048945165188023578214994890187522021094786593,0.001823844370922779325040456191294144087183272466692762814,0,0,0,0,0.2221963682928286503801765277498183334636157969351045592,40.67649495037294565717829572081510856589421442882923717,1.911710293358942732434656477321254166709325466231142543e-57,1,ROOT_OK
kepler,kepler_0000829,test,high_e,0.98795671201747692347083784625283442437648773193359375,0.6967208598762796430454516522312953625086833980721057197,0,0,0,0,1.678909362889308109199316085937349630297955086859347991,0.9036664084869114982339810538181969452383468228005268467,0.0,1,ROOT_OK
kepler,kepler_0000830,dev,ordinary,0.1630694751896151206693730273400433361530303955078125,2.413456267496244335400887517677232819375640402549758484,0,0,0,0,2.509768051885336496267810696099905199706969079942298223,0.8837129935021970029755454964529754718269490046240759207,8.156630584998155658387867636570684444626455322586208185e-56,1,ROOT_OK
kepler,kepler_0000831,dev,ordinary,0.78254419590401658179956712046987377107143402099609375,1.458898064159338535308471178397781772479590129185237753,0,0,0,0,2.124511838836167821322838492351975371927738153293847787,0.708465273315244117270882609363125978120496368028206756,4.078315292499077829193933818285342222313227661293104092e-56,1,ROOT_OK
kepler,kepler_0000832,dev,difficult,0.9999999986304387461045723662148977198900903794424899707,0.00000002026439784038841488345396046891469423566063070051482043,0,0,0,0,0.004953513561462796274759902873629073834317205232670486793,81499.6405938140699726852744129148823048278764970332434,3.821928035397335956662990120529609506745321864168693369e-59,1,ROOT_OK
kepler,kepler_0000833,dev,high_e,0.9823772209102312746864527071011252701282501220703125,1.214348470336602240090845989408775492232386163521234239,0,0,0,0,2.074646066689756823373265456458553026547440041577432152,0.6782916096245653611953611724816516680862955409707989451,4.078315292499077829193933818285342222313227661293104092e-56,1,ROOT_OK
kepler,kepler_0000834,dev,ordinary,0.5571897165986563482675819614087231457233428955078125,2.980441828053720982041728283061115126927701937795065501,0,0,0,0,3.038038223389181630266151125964896764306124579735845301,0.6434158203323122544919421617958334270336883836690271891,0.0,1,ROOT_OK
kepler,kepler_0000835,dev,ordinary,0.1308041147318541319588547366947750560939311981201171875,1.544633460754088865139194609875644316753861547253252156,0,0,0,0,1.674731701479749123458898489443825212795016441248202429,0.9866109876416943324030144134184064897543122960196222535,2.039157646249538914596966909142671111156613830646552046e-56,1,ROOT_OK
kepler,kepler_0000836,cal,difficult,0.9999999772670801650309002107164958100731495021730632108,0.0005608834261329519834233463568022309051249041084174112633,0,0,0,0,0.1499120063459252321489782006874881716755908451392350336,89.15994492857294625781304539452940749683945793713684249,1.354128124462584435474548338102555034752438871913725968e-57,1,ROOT_OK
kepler,kepler_0000837,cal,high_e,0.91433053575735467877194651009631343185901641845703125,1.184772587921364331988183272489897834978101488716241632,0,0,0,0,2.011672944703192901879595928314061196203528163357826021,0.7193341634083465215853629997654910507851752709748211433,0.0,1,ROOT_OK
kepler,kepler_0000838,test,ordinary,0.7255284094445861864386415618355385959148406982421875,0.07604087467791944830477199354326016041702733027239947596,0,0,0,0,0.268543357259578530297377340798450193472140600939593916,3.328056310470474910511607084853004733939858343109865612,0.0,1,ROOT_OK
kepler,kepler_0000839,test,ordinary,0.1780865476559158333547117081252508796751499176025390625,1.263936529580408013072590728061866951814137800925719645,0,0,0,0,1.440513835348595765896134446519451931568538052200313622,1.023683930343418179574470947290849665490135999830308372,0.0,1,ROOT_OK
kepler,kepler_0000840,dev,difficult,0.9999999890729386864210050870193275013164297873193594854,0.00000002016679072239884269832697968495893306672359819162767559,0,0,0,0,0.004941681156229706729033518227986558788589271933344944189,81826.30817820963319753053446218634990749074505995444168,3.799199444441085302381038167833186006100978560349340669e-59,1,ROOT_OK
kepler,kepler_0000841,dev,high_e,0.94532588830839581195419896175735630095005035400390625,0.8629056520068105808997667678307649831180610723876070092,0,0,0,0,1.786354093985613967128819069371798737293003726098534863,0.8318097712544245408954900532393807030260358039323809927,2.039157646249538914596966909142671111156613830646552046e-56,1,ROOT_OK
kepler,kepler_0000842,dev,ordinary,0.8744781834764545624949505508993752300739288330078125,2.862124259731433279673333196722964752265947265900167324,0,0,0,0,2.992242619817932482947265899177278726988764910351503174,0.5362667866469793012948621706188702761159424105910085643,4.078315292499077829193933818285342222313227661293104092e-56,1,ROOT_OK
kepler,kepler_0000843,dev,ordinary,0.228824133484853253772683956412947736680507659912109375,1.317590114250280954623904355091602967142158050457255316,0,0,0,0,1.546345852670434219573856314719138861473590702522523752,1.005625773383430057889560699515419540016694385939903691,0.0,1,ROOT_OK
kepler,kepler_0000844,dev,difficult,0.9999999999445738558205425934490722439075703016257617259,0.0000003303369987522894828566423021226600679865548466883254126,0,0,0,0,0.01256136957375356082637615221569082804332827834692683118,12675.39244190048794720102630997150720237305884400244765,3.821320319061607329543151833024357541487451722355341693e-59,1,ROOT_OK
kepler,kepler_0000845,dev,high_e,0.9146623413686991721505137320491485297679901123046875,2.065602335050174421325257995808849696673558660525129236,0,0,0,0,2.564575130289590020392204112546604499361515924704315266,0.5660679186670915729628020670446260472162554144884211486,8.156630584998155658387867636570684444626455322586208185e-56,1,ROOT_OK
kepler,kepler_0000846,cal,ordinary,0.266192996181308039194135517391259782016277313232421875,1.304107244328140818818823491650039044594942725062245366,0,0,0,0,1.570300207749861848048744886384062744130725046950137074,1.000132080852690618177500252908672887170140615601635639,2.039157646249538914596966909142671111156613830646552046e-56,1,ROOT_OK
kepler,kepler_0000847,cal,ordinary,0.8793362763772691881314358397503383457660675048828125,1.922463110940442472224247918129249956274370700353857812,0,0,0,0,2.469772345427666006447611646609438598571731013841488868,0.5923301440529588145161387469637267149870800451454811451,8.156630584998155658387867636570684444626455322586208185e-56,1,ROOT_OK
kepler,kepler_0000848,test,difficult,0.9999999596555990776016169681945132216467285159436751245,0.00004555494614883070024082446309721112180688473553290114384,0,0,0,0,0.0649009573029470539736602725190100303020865681860383923,474.9762921364052886912444989875889917944502877138775851,1.505969697242396293128863501014790066222841024830522446e-58,1,ROOT_OK
kepler,kepler_0000849,test,high_e,0.92637225997460859172605296407709829509258270263671875,2.689867384940472593072910898528676993862331155408644601,0,0,0,0,2.906052903039744480715629569100866537887818858397605419,0.5260960050575898386564649826928024373924707258407606486,4.078315292499077829193933818285342222313227661293104092e-56,1,ROOT_OK
kepler,kepler_0000850,dev,ordinary,0.1023538999315274783397100577531091403216123580932617188,1.012037102039477790417159503052156917697612707708375825,0,0,0,0,1.103413603724941881566166876604101482118477842922317149,1.048345147404228777305697867456714641651324676737485426,2.039157646249538914596966909142671111156613830646552046e-56,1,ROOT_OK
kepler,kepler_0000851,dev,ordinary,0.451657387701309642746849704053602181375026702880859375,0.9071285649619439448457367107686647710651257457470365797,0,0,0,0,1.347580623302787390502124837176770350359329754675928472,1.111088764899097066622167134915207033228612431443340832,2.039157646249538914596966909142671111156613830646552046e-56,1,ROOT_OK
kepler,kepler_0000852,dev,difficult,0.9999999998799445717660857540087428784252229699790317752,0.00008392968725455964590361904538946308710323178186583995737,0,0,0,0,0.07956732555188069852545386484249466770108596168984236255,316.07459863333044246761643210796724292139562818798602,5.974094666746696038858301491628919270966642081972320448e-59,1,ROOT_OK
kepler,kepler_0000853,dev,high_e,0.93435413567870095885581349648418836295604705810546875,1.140415873166197143099429672811952034732063168615752536,0,0,0,0,1.992799424268256926978141074222519189215952505250169219,0.7232222410825345266636412631585839747237595476442779258,2.039157646249538914596966909142671111156613830646552046e-56,1,ROOT_OK
kepler,kepler_0000854,dev,ordinary,0.06498058860467724462406380325774080120027065277099609375,0.3646348449656034159310852596189110653724721519358044452,0,0,0,0,0.389297483850131680723537333659351123585404155525559591,1.063963887262876715050698657721481027937337351435648833,5.097894115623847286492417272856677777891534576616380115e-57,1,ROOT_OK
kepler,kepler_0000855,dev,ordinary,0.637839549533904204281498095951974391937255859375,3.04990581920602808880909710888018471345657948861914622,0,0,0,0,3.085600909852033487341403680628382640459720888283513947,0.6109332716568281125015431739722196019202235755417348542,4.078315292499077829193933818285342222313227661293104092e-56,1,ROOT_OK
kepler,kepler_0000856,cal,difficult,0.9999999999808334986562159703120454548613034363062966223,0.0003499958226046732776493175539941395295993143070136537722,0,0,0,0,0.1280924309255181952972947738246973961979229838911503419,122.0610084815696729763249923898929905175010628309136376,1.672746506689074890880324417656097395870659782952249725e-57,1,ROOT_OK
kepler,kepler_0000857,cal,high_e,0.93962881188533753373803847352974116802215576171875,0.6308179560596500579692515306415069161997282752935407642,0,0,0,0,1.570446710518849599995495267120873782325441812473805932,1.000328617473353699101377148129179642331631679149967256,2.039157646249538914596966909142671111156613830646552046e-56,1,ROOT_OK
kepler,kepler_0000858,test,ordinary,0.05628575498322257314454120091795630287379026412963867188,1.250831657677441756551310870651670877370414373016848976,0,0,0,0,1.305142974562518879553806436942174169271144337376569358,1.014998890802592047158945742066086667534203201726297786,0.0,1,ROOT_OK
kepler,kepler_0000859,test,ordinary,0.2791111995964303815753737580962479114532470703125,0.3903427521388189596057744215388869607340201911577591163,0,0,0,0,0.5319000932241689546814250114311019269705844507708262267,1.316743382753980982843348925166728344093025513797886689,0.0,1,ROOT_OK
kepler,kepler_0000860,dev,difficult,0.9999999960018434647810220537877739778535514718134089077,0.008687715164434775072368913265188645266827014650483551212,0,0,0,0,0.3744270262847156625166308678758161593437876303189587742,14.4336238709489249508662037468898129438882255763177623,2.230328675585433187840432556874796527827546377269666301e-57,1,ROOT_OK
kepler,kepler_0000861,dev,high_e,0.91533982120184209652080653540906496345996856689453125,2.168691015750284829225129595587462029003152897851547378,0,0,0,0,2.622658377197327624502089052927982765018777077050716759,0.5571546799388567957407974218789290511110090017222149325,0.0,1,ROOT_OK
kepler,kepler_0000862,dev,ordinary,0.8020176598034947090809509973041713237762451171875,1.298189594162375851461224944799974803939738722350817761,0,0,0,0,2.020475837560038212961931110923069396714760756202918672,0.7414995019636496865734116631812449002662866762695651058,2.039157646249538914596966909142671111156613830646552046e-56,1,ROOT_OK
kepler,kepler_0000863,dev,ordinary,0.6317958779016483727986042140400968492031097412109375,2.108153887755869588032118793281178277093974192145934467,0,0,0,0,2.49087101952173825031702367867678793611471486795651181,0.6654748404552684193527047420945971504570668788454022567,4.078315292499077829193933818285342222313227661293104092e-56,1,ROOT_OK
kepler,kepler_0000864,dev,difficult,0.9999999115928768290579044619550010919796828619488836373,0.0000000881598117630108649369040129423131066073108113022078285,0,0,0,0,0.008065515793706252458444927615458474047746101364384161623,30661.2085663984249267858110858872904193056831389023574,9.188914082751133502802842394411815485099692274602689016e-59,1,ROOT_OK
kepler,kepler_0000865,dev,high_e,0.9523670244111250848817462610895745456218719482421875,2.937451445754419884617913809303161482109459120077778267,0,0,0,0,3.036938639993391619749016596487462539690793557067972513,0.5135694285500661749318090724167158785896941679680395176,4.078315292499077829193933818285342222313227661293104092e-56,1,ROOT_OK
kepler,kepler_0000866,cal,ordinary,0.400950859411889959371677605304284952580928802490234375,2.918745270419162549371033300453371698270869075743954158,0,0,0,0,2.982331548408796684184596652577618404268862527549477481,0.7163956430719640492716499787684474409770192954967396185,4.078315292499077829193933818285342222313227661293104092e-56,1,ROOT_OK
kepler,kepler_0000867,cal,ordinary,0.133672156378160045253622456584707833826541900634765625,1.694011618965997402442192192091694286424877829204020224,0,0,0,0,1.823440338927365892325459687795544208232675203034698646,0.9676670053784677622892627873114985126096444013151591537,2.039157646249538914596966909142671111156613830646552046e-56,1,ROOT_OK
kepler,kepler_0000868,test,difficult,0.9999999660427642452714282077171568197305143551867915085,0.0000001025251924119868946155577979625274548076936437581905861,0,0,0,0,0.008496756462198299787851359145260235480625563070885758783,27676.93070827510362542089966130339106515891061280704447,6.288891728654124886934534419349437274543375541288488863e-59,1,ROOT_OK
kepler,kepler_0000869,test,high_e,0.96227171382616927264308515077573247253894805908203125,1.906764613411804291795903864031725730794577207225150393,0,0,0,0,2.490191303675050621731781551935975428242228440611706392,0.5664977465948943405888234002654673881686570388138809014,6.117472938748616743790900727428013333469841491939656139e-56,1,ROOT_OK
kepler,kepler_0000870,dev,ordinary,0.4324227491852725702159432330518029630184173583984375,0.5057044599014291024678505985154223254926131757801761423,0,0,0,0,0.8226488803580208775444963935452708047123224678127262261,1.416770650297279416668769747483645027109137324292924345,1.019578823124769457298483454571335555578306915323276023e-56,1,ROOT_OK
kepler,kepler_0000871,dev,ordinary,0.397830845564522361801351735266507603228092193603515625,1.668375536441759168859266945104384085637008111013252255,0,0,0,0,2.025741130359892694862746629557641886581642897892360114,0.8512000660930637488813589254987770473457481776762878771,0.0,1,ROOT_OK
kepler,kepler_0000872,dev,difficult,0.9999999999736976574721063289062609616832172865923259227,0.001140949970511359203055545887400186905033102075864155629,0,0,0,0,0.189991383252259226460699067894708193497860707093881405,55.57365529131249502631404872948331986011884479511894224,1.393955422240895742400270348046747829892216485793541438e-58,1,ROOT_OK
kepler,kepler_0000873,dev,high_e,0.95189730943430195253540659905411303043365478515625,1.894210556366202537446131203592531888134915720644181042,0,0,0,0,2.479447003801532701714209758651388852146873277716290474,0.5711878577640181124175511917411430373424873735348248425,4.078315292499077829193933818285342222313227661293104092e-56,1,ROOT_OK
kepler,kepler_0000874,dev,ordinary,0.7586829758264890255503587468410842120647430419921875,0.2376550973667069173592760525218586753663481453312873436,0,0,0,0,0.7607286065226808110924149753091797420032662808033894907,2.219951817040299195427413368741249448686604435763039804,7.646841173435770929738625909285016666837301864924570173e-57,1,ROOT_OK
kepler,kepler_0000875,dev,ordinary,0.27348952019835282012394372941344045102596282958984375,2.769176161871660472470975768733568676926563537196617986,0,0,0,0,2.848255284692277564474869419938422762303767708791836933,0.7925141019714526064663748123171667473980244447631738597,4.078315292499077829193933818285342222313227661293104092e-56,1,ROOT_OK
kepler,kepler_0000876,cal,difficult,0.9999999996009538117126979353155519368502895531445294233,0.0001727269052384607078222900286195906956836251514126723705,0,0,0,0,0.1012149192696435843991173762294115648663793212679825153,195.3942084347688047057311806300962520336910385635135968,5.750066116743694937401115185692834798305393003898358431e-58,1,ROOT_OK
kepler,kepler_0000877,cal,high_e,0.91766798002804417233591038893791846930980682373046875,2.236484927661593448520742561257264143856014035321091132,0,0,0,0,2.660849597155384176051538834938456172206498256207690034,0.5513737724229490353786143701579291194250262491277411848,4.078315292499077829193933818285342222313227661293104092e-56,1,ROOT_OK
kepler,kepler_0000878,test,ordinary,0.79119836530130827068063581464230082929134368896484375,0.5711233650914703471703499402691926755128118848897197306,0,0,0,0,1.341638206590567954827187582913346510323902760225960294,1.219106064562124096012330871950529378362263683963236661,0.0,1,ROOT_OK
kepler,kepler_0000879,test,ordinary,0.55108347981096106327214556586113758385181427001953125,1.459409025740173564225594271189380252604782745605072731,0,0,0,0,1.967660896908393216279693494545393998563672614309132141,0.8243958676234616438578463794141939859816781318200864289,0.0,1,ROOT_OK
kepler,kepler_0000880,dev,difficult,0.9999999997359586937228786524947257803098675952054302681,0.00002071802144937253191785848500626865661896928111554109987,0,0,0,0,0.04990964121286000743550285244441265576254964793516119809,803.0658555944083381101825448987474203960715848124152585,1.222822502099714345453808586567794413275984551153709342e-58,1,ROOT_OK
kepler,kepler_0000881,dev,high_e,0.91466145864971648560270978123298846185207366943359375,2.752738853418575842272172656943711761249165986102475446,0,0,0,0,2.937827727166352529399265423064130890537257071008039088,0.5274988779192589033953982547030505388303897396633476271,4.078315292499077829193933818285342222313227661293104092e-56,1,ROOT_OK
kepler,kepler_0000882,dev,ordinary,0.358326261857167815971791924312128685414791107177734375,1.524579464480789367206666150532088938319807141613505182,0,0,0,0,1.867272625526915854833183731399191184372851340523824669,0.9052348103844641090702220902187369389686943648838927345,2.039157646249538914596966909142671111156613830646552046e-56,1,ROOT_OK
kepler,kepler_0000883,dev,ordinary,0.349874051963861842917680178288719616830348968505859375,2.175745392609898101073852332659139375170170422742648291,0,0,0,0,2.409587962246776994126280693610142193331991762714956227,0.7934940290499458667899712192723476773292516016832988445,4.078315292499077829193933818285342222313227661293104092e-56,1,ROOT_OK
kepler,kepler_0000884,dev,difficult,0.9999999715685833783994402748717866967992345728601322884,0.000001766247651589261151266461111260698199135534200629073418,0,0,0,0,0.02196274350141363937761881277777534793065269187014171236,4145.940745186864592603130242155276686318076278285708993,1.178677987472386871468755382186291656944297449831843562e-58,1,ROOT_OK
kepler,kepler_0000885,dev,high_e,0.9767367062107032982254395392374135553836822509765625,0.9011151752774684129142319617003411740876668730364057714,0,0,0,0,1.842119928486634669817759288093972462073520857394265079,0.792536129741797907163019696358560743741770954300167474,2.039157646249538914596966909142671111156613830646552046e-56,1,ROOT_OK
kepler,kepler_0000886,cal,ordinary,0.52140875491206717384784496971406042575836181640625,0.9726353036748778295394546860642793124970934019988717416,0,0,0,0,1.492444406936981451665883736960520845190441845597762962,1.042548043118251912327723259393940953371633582257847913,1.019578823124769457298483454571335555578306915323276023e-56,1,ROOT_OK
kepler,kepler_0000887,cal,ordinary,0.066828083812508987104905600062920711934566497802734375,0.03318023739393803828094366096044486797974284755999022438,0,0,0,0,0.03555586724325151605251276014049459965150556451544535036,1.071565401420392824677169774757181348880428252848134485,0.0,1,ROOT_OK
kepler,kepler_0000888,test,difficult,0.999999984339277472902859741348963540280363639274758709,0.0000004548216009073806594111758891832796824307368120837182685,0,0,0,0,0.01397212718210188433970772695719451423785231257383636922,10243.35756682393156710576595727228163756073461837167444,6.666891289477330955473949247616159664938603749193231633e-59,1,ROOT_OK
kepler,kepler_0000889,test,high_e,0.98821240351901928899991389698698185384273529052734375,1.36881294601438195884242331792619419663786257669566049,0,0,0,0,2.179520748353362221656980812197178317319786419939639948,0.6389445379449901118609151120991759697175084604440465216,4.078315292499077829193933818285342222313227661293104092e-56,1,ROOT_OK
kepler,kepler_0000890,dev,ordinary,0.04454643214626863301219827917520888149738311767578125,2.378921514046963122486879426430307145822026493090708172,0,0,0,0,2.408723302289766864126984114245601749536924878666796601,0.9679516198144644794721957304638587638930536145043735692,4.078315292499077829193933818285342222313227661293104092e-56,1,ROOT_OK
kepler,kepler_0000891,dev,ordinary,0.30468040294350817731583447312004864215850830078125,2.318743757217242313663436048155639576934270580932241615,0,0,0,0,2.500873264252684918671203904336787395549913995305122513,0.8036957790301375718189936756994543567282104023394449414,0.0,1,ROOT_OK
kepler,kepler_0000892,dev,difficult,0.9999999998814230087324826092578669814797818779223934152,0.00000002059783601028587077169311237003553318470000625147044695,0,0,0,0,0.004981043226497475016745004909260805806156664246133338565,80609.48029250831418520073289542701974658200104249338533,5.816756907426554477532168856519185465704062366495571408e-60,1,ROOT_OK
kepler,kepler_0000893,dev,high_e,0.9256192833103396022664810516289435327053070068359375,1.447196967183394160893417526545915007424261582944905469,0,0,0,0,2.197121646517672307549465991833790215305609701595744746,0.6482680902057413585428290342394529480432086644500910963,6.117472938748616743790900727428013333469841491939656139e-56,1,ROOT_OK
kepler,kepler_0000894,dev,ordinary,0.1557284739696313813350769805765594355762004852294921875,1.679522502530700819654615567228440715991471023355060432,0,0,0,0,1.830046899945991891836669489713903796621457929849905683,0.9616106135590335381596797562742308406104159841882906865,0.0,1,ROOT_OK
kepler,kepler_0000895,dev,ordinary,0.5423285086649809461079030370456166565418243408203125,1.405026711020405221233914042098485817359922248849740437,0,0,0,0,1.91546035144855411381208436760601923265084972568992473,0.8451354978494049934733580348292831582225820475500738743,2.039157646249538914596966909142671111156613830646552046e-56,1,ROOT_OK
kepler,kepler_0000896,cal,difficult,0.999999993866859327575213220539315424876535589604301058,0.0005056945106040619160028231156736776631306855200931030757,0,0,0,0,0.1448209488909844012409067516408743436608517040011919512,95.52700047211497701563283797820545566868460568854053707,0.0,1,ROOT_OK
kepler,kepler_0000897,cal,high_e,0.98395107715467233777673072836478240787982940673828125,2.887048791221308862253945139290381508573507258626062111,0,0,0,0,3.013116024083735184056658766679490721245782727086326971,0.5061134525212070973152466032810483471437149448955391786,8.156630584998155658387867636570684444626455322586208185e-56,1,ROOT_OK
kepler,kepler_0000898,test,ordinary,0.6927935326927550097053654098999686539173126220703125,1.509995196843184583334164222149448201855365178141464184,0,0,0,0,2.105934817080580124681971552757954911327636532630371005,0.7389360344975559877766568164509064404129948962224361857,0.0,1,ROOT_OK
kepler,kepler_0000899,test,ordinary,0.05537393996669063428450741071173979435116052627563476563,0.6750426567834364301051005360250469988971619988476110354,0,0,0,0,0.7111870852932447629919497326661504287913923384185536564,1.043787521180685532516671869910908232397305426954831446,1.019578823124769457298483454571335555578306915323276023e-56,1,ROOT_OK
kepler,kepler_0000900,dev,difficult,0.9999999999278606377816667844292098030305905761137162828,0.00001485991529633800843972937605546722218494769644973318374,0,0,0,0,0.04467558797257374203380597132120614350326443251915536128,1002.216724934280607349347792435589790094681586274235997,2.377191836142956132129032468544007459905476328451485845e-58,1,ROOT_OK
kepler,kepler_0000901,dev,high_e,0.9885790054096916801285033216117881238460540771484375,2.64648390727233476126906833979316339170069968590497167,0,0,0,0,2.8913217460762588121547757005259101481273637044077943,0.5107825728865109657967134972675026108701383833507400623,0.0,1,ROOT_OK
kepler,kepler_0000902,dev,ordinary,0.25287229393085330908519381409860216081142425537109375,0.5474936089630427483192710303464672791015298586886118234,0,0,0,0,0.7128749542017192990670320638001231188552678988963238549,1.236543370299081967109177770525246116385296490662949838,0.0,1,ROOT_OK
kepler,kepler_0000903,dev,ordinary,0.397242854648060805811127238484914414584636688232421875,2.150840355589766205162205505253998533699033684111527476,0,0,0,0,2.414799050651580769796802404156797683226276437514399539,0.7710914200917659692301725833750668194602239428733128689,4.078315292499077829193933818285342222313227661293104092e-56,1,ROOT_OK
kepler,kepler_0000904,dev,difficult,0.9999999919626358309115369567017460916516323812247217348,0.0000402137846713148911000323617716475492124812126178889301,0,0,0,0,0.062258930515774928507059199286267263891164350511951157,516.1372140477408833592378873252391634460832190717031956,2.700788630591735500900523799340573920416169441224986536e-58,1,ROOT_OK
kepler,kepler_0000905,dev,high_e,0.9031959074860995695388510284828953444957733154296875,0.6324319522412796216577922025932220537290257940327857568,0,0,0,0,1.535050898358152206301770776184265640507787233579896609,1.033354887186317207270171794954709737374334567072957739,1.019578823124769457298483454571335555578306915323276023e-56,1,ROOT_OK
kepler,kepler_0000906,cal,ordinary,0.4570134868879420775300559398601762950420379638671875,1.937702414186274196553282700293470086037548729361460063,0,0,0,0,2.283482552020974043770824121560113934060915852005908837,0.7699256301235527199162844105203914898249639750930737467,4.078315292499077829193933818285342222313227661293104092e-56,1,ROOT_OK
kepler,kepler_0000907,cal,ordinary,0.1246768983473906106107520486148132476955652236938476563,2.879308279479657489707798878443093440288292953046772483,0,0,0,0,2.908149605120875517160244731703931528134472004393302417,0.8918258710775034128908245468320463176931495320134796078,0.0,1,ROOT_OK
kepler,kepler_0000908,test,difficult,0.999999999844377281970139958022394466789461353579096365,0.005690497613753903850042053065297380731212968525879712892,0,0,0,0,0.3249863110067675148393069235502165091732858122711154312,19.10405686897593772952689880095654846029989833104966205,4.699621137840734217235197173414749826493758437818225419e-57,1,ROOT_OK
kepler,kepler_0000909,test,high_e,0.92522900378651218300518621617811731994152069091796875,2.667543626526871893214875777472295244466729259901047179,0,0,0,0,2.894152965380331511291711668803388655912472611841423716,0.5271345112729164339842155775054008840185362575873371951,4.078315292499077829193933818285342222313227661293104092e-56,1,ROOT_OK
kepler,kepler_0000910,dev,ordinary,0.14463112947941325625578201652388088405132293701171875,0.9536373628461099995065972226100634344297083939279917846,0,0,0,0,1.08128329196474202106389686349864323182772725956530323,1.072967132774812662401021119229616225652000186352015647,2.039157646249538914596966909142671111156613830646552046e-56,1,ROOT_OK
kepler,kepler_0000911,dev,ordinary,0.460576961291495556860553506339783780276775360107421875,0.290103228324681722573738605989324220126036267307943071,0,0,0,0,0.5182582540031991821227461850861786924067313210008795716,1.666932029767883349701486298761883271427571084852942379,5.097894115623847286492417272856677777891534576616380115e-57,1,ROOT_OK
kepler,kepler_0000912,dev,difficult,0.9999999980131941761422333342376370856095790961200057154,0.000007999954403416663968009541256238037353283781539795587686,0,0,0,0,0.03634303352792531742726834586525048092211191984688076838,1514.377480332026305604830206712030017529416805426345996,5.395354245905609860093903534627367716591748630281251904e-58,1,ROOT_OK
kepler,kepler_0000913,dev,high_e,0.93398663035030538015490719772060401737689971923828125,2.94781595597312133576201778216974215048660195318703886,0,0,0,0,3.041316066702349110502156272499414165038168190634244581,0.5183241149131422134756263756963864130130605692744755514,4.078315292499077829193933818285342222313227661293104092e-56,1,ROOT_OK
kepler,kepler_0000914,dev,ordinary,0.2443646828499428658165726346851442940533161163330078125,1.512088533207430746971764092824777640056058918295664257,0,0,0,0,1.752433250151643364158591517465033219000733990312349918,0.9577241503474077654653398092570988276030054967970303424,0.0,1,ROOT_OK
kepler,kepler_0000915,dev,ordinary,0.65466080720481389931819649063982069492340087890625,1.952963816945376519145550026887794355735571644551187796,0,0,0,0,2.396736271399490464849848019884932647663464397662884078,0.675084074809815714716999727625635027122333999389006194,2.039157646249538914596966909142671111156613830646552046e-56,1,ROOT_OK
kepler,kepler_0000916,cal,difficult,0.9999999893755559251694666239995862436115747408756460692,0.000001346003210703517302653244593879000455872809533924154278,0,0,0,0,0.02006222532720006508431071504511343716696928136442867871,4968.936324024927770628826929898615302116438154786215113,2.748822529767726188452542043755689254398225450152303045e-58,1,ROOT_OK
kepler,kepler_0000917,cal,high_e,0.978451910739063013267013957374729216098785400390625,0.1690385687736997691022698885253241582786079268605691915,0,0,0,0,0.9835936866908798869025138937023175020766525856287405348,2.183863991097684600750695906036652610433223085762593387,7.646841173435770929738625909285016666837301864924570173e-57,1,ROOT_OK
kepler,kepler_0000918,test,ordinary,0.50293141612255254369046042484114877879619598388671875,0.826718505710535801757892379980483719124666981669253205,0,0,0,0,1.313034557871252072282519907603361123880198635105077945,1.147059602658361617284975663221672552377300608590306751,1.019578823124769457298483454571335555578306915323276023e-56,1,ROOT_OK
kepler,kepler_0000919,test,ordinary,0.62773771182741089358358976824092678725719451904296875,2.90380193513061325120918543803899291981847577974251114,0,0,0,0,2.995305020460631332713345722634108296135374074464311758,0.6168906387934784879382689253475921817201319611365388703,4.078315292499077829193933818285342222313227661293104092e-56,1,ROOT_OK
kepler,kepler_0000920,dev,difficult,0.9999999998817710982858705911615074597058003799998599718,0.0000003934392621056606351058471475850020694351731168400893284,0,0,0,0,0.01331507712906633874099555037447175671032565469165741961,11281.02235671775067673256240278038934232930098872040709,6.257533565730527727550878784078435867237276223719542357e-59,1,ROOT_OK
kepler,kepler_0000921,dev,high_e,0.91641531487441529879589552365359850227832794189453125,0.5711289827719731952042597842217915731311390565646591466,0,0,0,0,1.48410266067987286355899576932210293733233251484455421,1.086186654321362518924527099066619339973231859626030674,0.0,1,ROOT_OK
kepler,kepler_0000922,dev,ordinary,0.745133074774160686359891769825480878353118896484375,2.733295596136616017900818945954184959048419512012970071,0,0,0,0,2.906709750268762486397859652156569210666801312044755988,0.5798200880231388952569006905265028699580456589687559257,4.078315292499077829193933818285342222313227661293104092e-56,1,ROOT_OK
kepler,kepler_0000923,dev,ordinary,0.598342983596543032120962379849515855312347412109375,2.58445181011463749529600040277355945191845201486826748,0,0,0,0,2.790331177841840379812423790172850762835962102960187506,0.6402836479253980707535578553289576841792216257182618514,0.0,1,ROOT_OK
kepler,kepler_0000924,dev,difficult,0.9999999668269056511769708345776046179460146342799151213,0.0000004543175346985190279419717585664341637531100457616570365,0,0,0,0,0.0139644547009469865353065846534747689967356315588366401,10252.77362965524924132410540061449898793226246603064796,1.431731069669787204169418299373209990321424500911481648e-58,1,ROOT_OK
kepler,kepler_0000925,dev,high_e,0.9099625228172734114906461400096304714679718017578125,0.8638363524683873324658093300802172545001248544476611764,0,0,0,0,1.757914882589280389212622818802113404154969960730421176,0.8552278904000490081523910942531201155646510658047150684,1.019578823124769457298483454571335555578306915323276023e-56,1,ROOT_OK
kepler,kepler_0000926,cal,ordinary,0.397392598827643384051810926393955014646053314208984375,1.758845048042792357244492114692154837594602097988373111,0,0,0,0,2.101563891102526657440293128032920450295948415581034201,0.8325297158220258360420468936790754717078948085459457598,0.0,1,ROOT_OK
kepler,kepler_0000927,cal,ordinary,0.423364400152966613433136444655247032642364501953125,2.531768138963022946093952073384894191329096594553924236,0,0,0,0,2.709183126263779742296770978280114823049986316306472648,0.7223359579459944443518154912219849994244496043325405233,0.0,1,ROOT_OK
kepler,kepler_0000928,test,difficult,0.9999999990164810232888740376069529673704090510077308472,0.0000001954487350192200817130179725924515612710010710431313468,0,0,0,0,0.01054519207049638050773896804817558521698104960425071361,17985.28605106154305198251927374189861904873301164800037,7.450602276032968489217404814389094061487938631691553618e-60,1,ROOT_OK
kepler,kepler_0000929,test,high_e,0.970041928310876766516912539373151957988739013671875,0.1906861396437516616554238050078617759605323049506580647,0,0,0,0,1.014421848957300810237974216549130837219115734122012691,2.050397898955152225297594896117170618442511713743635234,0.0,1,ROOT_OK
kepler,kepler_0000930,dev,ordinary,0.822256899347763248186993223498575389385223388671875,1.459134965538294577907371790236760247421036637673204657,0,0,0,0,2.148123922442549873619762867273705241033560583102322022,0.6902374421235199062427363939555000006109835613423978274,4.078315292499077829193933818285342222313227661293104092e-56,1,ROOT_OK
kepler,kepler_0000931,dev,ordinary,0.81420484563466966054789963891380466520786285400390625,1.881487298765563446529874331231521771245704428903807008,0,0,0,0,2.419587696196274738252811969050989803409298969915830068,0.6207146527052309260155729590569093614185630158396837606,0.0,1,ROOT_OK
kepler,kepler_0000932,dev,difficult,0.999999920540847069098875418419643277514244296637815473,0.0000001014268453331049856703395210424510971307929952077627652,0,0,0,0,0.008455509520880917982919167919243479063090086509543600492,27911.86018452000533889062471966418923486096644941464987,1.047715117122867727143604424804493143873281889054557281e-58,1,ROOT_OK
kepler,kepler_0000933,dev,high_e,0.9325213044013278551602752486360259354114532470703125,1.69049164114096958602294252125277092611328749493200641,0,0,0,0,2.352388582811303906285513713322201739552856537750415641,0.6035448180147435943091533293631136803662811914892725146,4.078315292499077829193933818285342222313227661293104092e-56,1,ROOT_OK
kepler,kepler_0000934,dev,ordinary,0.1545901678865016781738717099869973026216030120849609375,1.682868002257741729999401547254729746001976510838928266,0,0,0,0,1.832206210965003350204841224038085346777912622603950261,0.9615821812661443825965413269147670392993373820312081509,0.0,1,ROOT_OK
kepler,kepler_0000935,dev,ordinary,0.683262421038127509831383576965890824794769287109375,0.6125745511125021385941955174041665634228241536406952692,0,0,0,0,1.263915210766062495060617410943954041383840851019038452,1.260088034425801161888314185542479232644559712039082641,0.0,1,ROOT_OK
kepler,kepler_0000936,cal,difficult,0.9999999999887487196342429057195752275294990053409710165,0.000006663369986755458423816745938046868028541745434908700631,0,0,0,0,0.03419454647309741671323112822613091382982879242813233687,1710.639944693234245251287584188726202723322641277493692,1.341059792379076037889545803589616773847199342359411517e-58,1,ROOT_OK
kepler,kepler_0000937,cal,high_e,0.915620187174716715361455499078147113323211669921875,2.600612531931791102072219494122735371954777548255701065,0,0,0,0,2.857366194188956147295326629032223266341417977237937863,0.5322307061993400711320473573298654168433527411647527448,4.078315292499077829193933818285342222313227661293104092e-56,1,ROOT_OK
kepler,kepler_0000938,test,ordinary,0.496473337791031976706790374009869992733001708984375,0.9762050303501646172018189343721233574817209099086737897,0,0,0,0,1.470166767641796306199929463014287396834846749734818221,1.052493777136032636562557121736472877121740691696648508,0.0,1,ROOT_OK
kepler,kepler_0000939,test,ordinary,0.420491854344098026086129493705811910331249237060546875,0.711580345522915812167779873283300100541317014045387927,0,0,0,0,1.083036514572276484813908449661672120238904790363736513,1.24542728299071107806361750817186083616692031933232492,0.0,1,ROOT_OK
kepler,kepler_0000940,dev,difficult,0.9999999791392830563478908393812911226442914089387609914,0.00009389134597027102087838486480500831335048273422793417305,0,0,0,0,0.08259853314893818810862675451973345436735352916214221329,293.3118485008625552574826927605132636964179904655856737,3.497334586157961639414963998224429823211721718821295929e-58,1,ROOT_OK
kepler,kepler_0000941,dev,high_e,0.9095219823654858704031767047126777470111846923828125,1.459144816128736069628568242214454259871321464757813422,0,0,0,0,2.1964079706033134125406653600291876066485379605575336,0.652481768010926804146563006963694801522582952302968662,0.0,1,ROOT_OK
kepler,kepler_0000942,dev,ordinary,0.007367623067847317401557472038575724582187831401824951172,3.011220338248373343834998094763603702332752013496638168,0,0,0,0,3.012171206992872396020541583451089588440962017911170345,0.9927469849365091305028724296918689883517345543049103592,4.078315292499077829193933818285342222313227661293104092e-56,1,ROOT_OK
kepler,kepler_0000943,dev,ordinary,0.4496771726437405192200458259321749210357666015625,2.431542641612928696062898587114918144219838093065104047,0,0,0,0,2.645561462171398564328289757457990169844250552371920181,0.7165986092926279836214102665861276913961830820335003307,0.0,1,ROOT_OK
kepler,kepler_0000944,dev,difficult,0.9999999990759642120315449751955151861278717209977180531,0.0000000306659796138639534051935794340234191828646974442746594,0,0,0,0,0.005687369626517599805093723457022495967083407862212480576,61827.75049957767150264799048121011113769536554774967804,4.76309832454026077715654597991332810160881049050643473e-59,1,ROOT_OK
kepler,kepler_0000945,dev,high_e,0.94293528679361049427143370849080383777618408203125,1.387853121027825462356323201310310739854055325532794853,0,0,0,0,2.167723537589206949454029864777905293971305839363520672,0.6535830489409356794467459481541418826794345522028857684,4.078315292499077829193933818285342222313227661293104092e-56,1,ROOT_OK
kepler,kepler_0000946,cal,ordinary,0.1311637099147351659400584367176634259521961212158203125,2.064961442558558081391441343358848755634474590508620523,0,0,0,0,2.173048455343951225126778903238608261023879626529352644,0.930835032961442343050196593802233275972733670560423594,0.0,1,ROOT_OK
kepler,kepler_0000947,cal,ordinary,0.2490599211859276795877349286456592381000518798828125,0.4094242950521506335067611022546919880252544755089124363,0,0,0,0,0.5367881972792772475374101595972070127530882794301068186,1.272314855982745878651088374070059267558339523253410129,0.0,1,ROOT_OK
kepler,kepler_0000948,test,difficult,0.9999999999830804588184336376698122228573754241083705968,0.0009648678363949850409503109367605730568925016178049049725,0,0,0,0,0.1796552819214285659106524742668847921552708401124940819,62.13244405392260634755022488838000201339816350658335603,1.065380215569827460263063766007157269989051171285063813e-57,1,ROOT_OK
kepler,kepler_0000949,test,high_e,0.9455082170680972897258698139921762049198150634765625,0.9489973827194652068845857430162405678126157258087137423,0,0,0,0,1.856245786412864125966302086774195350667559728508321478,0.7897369083710487729145641186294162018980335264455192239,1.019578823124769457298483454571335555578306915323276023e-56,1,ROOT_OK
kepler,kepler_0000950,dev,ordinary,0.1557453649132760353790416729680146090686321258544921875,2.265423134052620831569274748343190348707486782594789492,0,0,0,0,2.373616464137002519197360641806476338905032444550987121,0.8992559500830437903844272700679564988060803744312320193,8.156630584998155658387867636570684444626455322586208185e-56,1,ROOT_OK
kepler,kepler_0000951,dev,ordinary,0.260774933829183763744907764703384600579738616943359375,2.709450200309465263589987935850570974750545131407249946,0,0,0,0,2.797436337536551002676528323825641231243388367196735229,0.8029012298109535214961453767547618342554557695861442819,8.156630584998155658387867636570684444626455322586208185e-56,1,ROOT_OK
kepler,kepler_0000952,dev,difficult,0.9999999995772699788924792048724932855915759624153684493,0.0000001620128422489681941038534912670301072860007389023503123,0,0,0,0,0.009905974348201001669601240338376620488832447866880443967,20381.46546355384267457256615010982590176156283544527289,1.008566030775229568083621943716161541961287353438442283e-58,1,ROOT_OK
kepler,kepler_0000953,dev,high_e,0.95986653653461218027587165124714374542236328125,0.4387388775058794167950468418800107753416206467203238008,0,0,0,0,1.381450216742359593588578005136227761700734898063517806,1.220498927743198053307937277952204418094698811470916889,1.529368234687154185947725181857003333367460372984914035e-56,1,ROOT_OK
kepler,kepler_0000954,dev,ordinary,0.367567523290739106567315275242435745894908905029296875,0.57815129814571568060367564595830623884222729483244754,0,0,0,0,0.8556681630136336593724114437556364442826103733606037825,1.317556455011547806931939308640546680153593341176268456,2.039157646249538914596966909142671111156613830646552046e-56,1,ROOT_OK
kepler,kepler_0000955,dev,ordinary,0.1081421452382558545668445049159345217049121856689453125,0.8196676092438967506255042332823402377264640730200221572,0,0,0,0,0.9046927874188647153566696663190726309274085897680179221,1.071609176980465732916505745141370557629236306573268462,1.019578823124769457298483454571335555578306915323276023e-56,1,ROOT_OK
kepler,kepler_0000956,cal,difficult,0.9999999999657346718963228947984685608449939330056326912,0.00000009847834396465153677436384456685081156299860245677574265,0,0,0,0,0.008391329010144045765466109129832966826654956866339493145,28403.41914032240901120856257259873129014230922475681353,1.525222150758279200285340449181172325592167117477503557e-58,1,ROOT_OK
kepler,kepler_0000957,cal,high_e,0.981162119418825806604900208185426890850067138671875,0.7604804369844825973892856856625836857868149385481692369,0,0,0,0,1.729337464770871131292016818037957936671017401198632133,0.8658730399699938141448726502301793527319783398906457154,2.039157646249538914596966909142671111156613830646552046e-56,1,ROOT_OK
kepler,kepler_0000958,test,ordinary,0.1239922385588835967995535725094669032841920852661132813,1.613225130483190189531798548083917101940139554035929165,0,0,0,0,1.735538595416815816258401396491470509171012753774371423,0.9800707600812295861880319530316981343766875640852568366,0.0,1,ROOT_OK
kepler,kepler_0000959,test,ordinary,0.611984396040243350256560006528161466121673583984375,3.077685848981190034462661613957223459976074741033810156,0,0,0,0,3.101943906594417677038226057284790269172221626200881486,0.6205385480388856114670710922400873507403420584321127076,4.078315292499077829193933818285342222313227661293104092e-56,1,ROOT_OK
kepler,kepler_0000960,dev,difficult,0.9999999938410794358170892177857086320347780876953587173,0.003507129152755443629117671646551142160628741646501291737,0,0,0,0,0.276431431565789702463986186928893145796645047255233391,26.34040040224597675779785701508469566139579285558648898,4.261520862279309841052255064028629079956204685140255253e-57,1,ROOT_OK
kepler,kepler_0000961,dev,high_e,0.96463284526583070732641544964280910789966583251953125,2.792426573100234615079931254153121830592664090018182787,0,0,0,0,2.963404535022834932576878775885396447116504412294365971,0.5129890650777062064549991593356199257539631494732542986,4.078315292499077829193933818285342222313227661293104092e-56,1,ROOT_OK
kepler,kepler_0000962,dev,ordinary,0.8119810455674592031272140957298688590526580810546875,1.843219594994338233161853993194448879024707217741141072,0,0,0,0,2.394793084655567146859923513710377427185846658011330474,0.6266112468354138537113899238018587219088871357131592796,4.078315292499077829193933818285342222313227661293104092e-56,1,ROOT_OK
kepler,kepler_0000963,dev,ordinary,0.88752525795250847284734163622488267719745635986328125,3.008320962862214278833577596252904817987050249131592025,0,0,0,0,3.07095846973030393269512066100296060807836972985484782,0.5304161398526653740976208265741838683616149720520899835,8.156630584998155658387867636570684444626455322586208185e-56,1,ROOT_OK
kepler,kepler_0000964,dev,difficult,0.9999999912001296257730109479719214544813949281119975259,0.00000009203131883742612748538646163119854246502657039958699805,0,0,0,0,0.008201926567009482515508896503218571456606589017317512036,29722.61896199251498795180865912277258996099582396725833,1.520712895547172787056140355892202743378770665222434118e-58,1,ROOT_OK
kepler,kepler_0000965,dev,high_e,0.90596012443580331563453000853769481182098388671875,2.484547883005041573821914485143060556378688116989191191,0,0,0,0,2.793540959642688267597423095523216383375544228212474874,0.5400624104766579869931806082278935234737130500739928688,4.078315292499077829193933818285342222313227661293104092e-56,1,ROOT_OK
kepler,kepler_0000966,cal,ordinary,0.292668270746376191215887274665874429047107696533203125,0.9427343568965162360127143872112675752792751702742423859,0,0,0,0,1.217307110093086249293042428337773945163009151226979006,1.112735664346900889648071272221851789083721309174841836,0.0,1,ROOT_OK
kepler,kepler_0000967,cal,ordinary,0.6661680170246031540415287963696755468845367431640625,0.3790848454457905811884933309716054737835182323726916115,0,0,0,0,0.9015557988480010443496528789623636024016945145339842932,1.704403061524483401406958720785194087796052873853770215,0.0,1,ROOT_OK
kepler,kepler_0000968,test,difficult,0.9999999999659133431956460151979384891824705313072097312,0.0002548663013600683428165387124204367730288388273962120449,0,0,0,0,0.1152348936743598130399096487030356938901063818981332803,150.7796121071428229170025390697282244796882494315324178,7.96545955566226138514440198883855902795552277596309393e-58,1,ROOT_OK
kepler,kepler_0000969,test,high_e,0.910662519496244104999504997977055609226226806640625,0.8109597490559099547341487745190930784859007371352016635,0,0,0,0,1.712495159806063535098948808195667642085982270134588763,0.8860469014668812012114304614756967460656767325010225782,2.039157646249538914596966909142671111156613830646552046e-56,1,ROOT_OK
kepler,kepler_0000970,dev,ordinary,0.64960394753987049654142538201995193958282470703125,0.3948332306879949659636577532100492646635152299481137723,0,0,0,0,0.9061653777618434724770836701947642033236175200512577588,1.668489124387416850650243891291358150225375199183721681,5.097894115623847286492417272856677777891534576616380115e-57,1,ROOT_OK
kepler,kepler_0000971,dev,ordinary,0.3689517143408254096215159734128974378108978271484375,0.6374017433963550481199209046080632611154314721203561676,0,0,0,0,0.9340521558112200596406768084157050876256383195249773072,1.281019245792138472833600643486588281904761181488305247,0.0,1,ROOT_OK
kepler,kepler_0000972,dev,difficult,0.9999999993831520788119187986981317332048621813948122782,0.0000186353226861140333895962772564216479663938248009724681,0,0,0,0,0.04817768847946929527939535652740125109425800164543587936,861.8304838523600917793313453123078270748384337326203625,3.01816240976265372796487106608336025668627230182976606e-58,1,ROOT_OK
kepler,kepler_0000973,dev,high_e,0.98851719070686938639624941060901619493961334228515625,0.6489118410242130044940699678904878251228106352334604768,0,0,0,0,1.635368879857158791105240696196393210816263450376577919,0.9400380473562941681483004857210732486732046352173404947,1.019578823124769457298483454571335555578306915323276023e-56,1,ROOT_OK
kepler,kepler_0000974,dev,ordinary,0.301176188369387254351039473476703278720378875732421875,2.511191087567008045647016858877858938846393612325860178,0,0,0,0,2.652651060747772022672475528109100249028750031487715334,0.7899596018471724447866263945377880300220738899744829828,0.0,1,ROOT_OK
kepler,kepler_0000975,dev,ordinary,0.275921895389824978206405603486928157508373260498046875,1.71051600328114825647953095788020049918345633693341818,0,0,0,0,1.9652490362820352943343477301175550448183891881573392,0.9041283885905957784055802108657221202481556694555386708,0.0,1,ROOT_OK
kepler,kepler_0000976,cal,difficult,0.999999999834196986120316229687467854715947222314277177,0.0000003659355924166605357033625735755835548607214449118356131,0,0,0,0,0.01299727589878410875329880574336001714593032487337542192,11839.4241895362994880646941138120040315272827989382408,2.973920660521609673640643735701017185913325977817764012e-59,1,ROOT_OK
kepler,kepler_0000977,cal,high_e,0.91553164324537539275894459933624602854251861572265625,1.111750295665383669475632379435659672188940231934313361,0,0,0,0,1.959117106684389530867359387136121791345124718713879533,0.7425822906623148157860707547407360555822760866193403762,0.0,1,ROOT_OK
kepler,kepler_0000978,test,ordinary,0.24808439815231786429450266950880177319049835205078125,1.967399413407171693968038603477746910469963674707607201,0,0,0,0,2.171985569972970606762332636420595764867456579358093063,0.8769449839177742883378025740492005612862266973712081482,4.078315292499077829193933818285342222313227661293104092e-56,1,ROOT_OK
kepler,kepler_0000979,test,ordinary,0.319614282176955033509813119962927885353565216064453125,0.01157152448405609761361895906179456940452932453120079275,0,0,0,0,0.01700691556918670961213849835986896184322327200402681356,1.469654705101824802060654132801763498556191097109317719,1.593091911132452277028880397767711805591104555192618786e-58,1,ROOT_OK
kepler,kepler_0000980,dev,difficult,0.9999999999694597420918825199302494732072781541877991996,0.0000001726626621921652127004700276278790255479863737910507628,0,0,0,0,0.0101185211326169846854245196885083391956345495018901843,19534.36759287473171694241309175946047606167873053680754,1.569706986533614705457503094565616182468261498214846275e-58,1,ROOT_OK
kepler,kepler_0000981,dev,high_e,0.95475613490279764850043875412666238844394683837890625,0.175856849043641072359819004281902292255399646084503873,0,0,0,0,0.9555290494878198956652216254579886742761021695700795114,2.227484516304197449318986682567695771468511406916461718,5.097894115623847286492417272856677777891534576616380115e-57,1,ROOT_OK
kepler,kepler_0000982,dev,ordinary,0.308871538159077918539452412005630321800708770751953125,1.748738288807067355991056979438642794913223822135729552,0,0,0,0,2.026139021473270978355647476616965007779769885517716256,0.8804115256086958702114805240231527647045219996726446016,6.117472938748616743790900727428013333469841491939656139e-56,1,ROOT_OK
kepler,kepler_0000983,dev,ordinary,0.312052661032493627857320461771450936794281005859375,1.570053298033370467389708666704047946600690077242719809,0,0,0,0,1.868389665279092602288328929123270335414872866536129482,0.9161702919452859174546059878555140934205738752191194699,2.039157646249538914596966909142671111156613830646552046e-56,1,ROOT_OK
kepler,kepler_0000984,dev,difficult,0.999999996287320184004083809947469679291569424531153551,0.000007045510030510021728201247316114115864280715796199361117,0,0,0,0,0.03483592575567899189083539307464383080635914997489750871,1648.225189476870842042734372967303350621548168168815217,1.589980403493521706175308365740821743470809429108258203e-58,1,ROOT_OK
kepler,kepler_0000985,dev,high_e,0.97712842393417964625967897518421523272991180419921875,1.794295597481904418563151133448863504839688157421346966,0,0,0,0,2.431379120180096941471884950995308954584052540693067725,0.5744218268042287010195848450621494128871132733644138256,6.117472938748616743790900727428013333469841491939656139e-56,1,ROOT_OK
kepler,kepler_0000986,cal,ordinary,0.400172494230465247699868314157356508076190948486328125,2.333004094255895390250894193803867338486232722807405715,0,0,0,0,2.554632602646262541406274738228569424337858419382165797,0.7500778869489047091356635461929228923394369704577104038,4.078315292499077829193933818285342222313227661293104092e-56,1,ROOT_OK
kepler,kepler_0000987,cal,ordinary,0.1253072860709853741933983428680221550166606903076171875,0.4327208283881728853646094581346455559143632189095869463,0,0,0,0,0.4919040962475929820668379780830374602324689309750581074,1.124164213443371165708910594657259649036293666341923579,5.097894115623847286492417272856677777891534576616380115e-57,1,ROOT_OK
kepler,kepler_0000988,test,difficult,0.9999999935529743771452506207727379942333448028367952291,0.0000001044747900689367205088481201706892558297974683691902414,0,0,0,0,0.008556805417873203716783986376467934898752261414704999942,27310.70188924348289888740146566043659506792999222081775,1.516373800910070389420494983104703711437577852675103148e-59,1,ROOT_OK
kepler,kepler_0000989,test,high_e,0.9585022865248615797639786251238547265529632568359375,1.310889489416568542979987568988644210976567347014596764,0,0,0,0,2.125613388772118837595322496784038041392693952140025282,0.6644839155971278435366142277436137953249625060488149626,6.117472938748616743790900727428013333469841491939656139e-56,1,ROOT_OK
kepler,kepler_0000990,dev,ordinary,0.888016338375813507610700980876572430133819580078125,0.179717524181808023566423102944057512250339784606492031,0,0,0,0,0.8423838532276520052988974056716174097890603816270657654,2.445824237893760441878615579862794707208267925150691663,7.646841173435770929738625909285016666837301864924570173e-57,1,ROOT_OK
kepler,kepler_0000991,dev,ordinary,0.426129983513500232295001524107647128403186798095703125,2.025607923821913523551361936749734956932316656399255136,0,0,0,0,2.333644802062697553589521510440199356473087205337436164,0.7725296414458448779270247703953686674104799233571192357,4.078315292499077829193933818285342222313227661293104092e-56,1,ROOT_OK
kepler,kepler_0000992,dev,difficult,0.9999999797427427495368791166081536134924568222531475464,0.0002032859867143100849850319682672589642803001791943052507,0,0,0,0,0.1068646385132289386281452434908665736566029024492345189,175.2967098898523368285102198667274567232970657507460795,6.969777111204478712001351740233739149461082428967707189e-58,1,ROOT_OK
kepler,kepler_0000993,dev,high_e,0.962823776649127882620859963935799896717071533203125,1.560240733954973167265733649079983063408901421985373599,0,0,0,0,2.2866949292715834145792544404533639472950320296647228,0.6127837403032791868741993447707151382611477355713378052,8.156630584998155658387867636570684444626455322586208185e-56,1,ROOT_OK
kepler,kepler_0000994,dev,ordinary,0.1942215051787137547467665399381075985729694366455078125,1.509504650995772746984292960322138803253058439878601256,0,0,0,0,1.702055440194599970031637947526379336583733321085248396,0.9752099659966399257110411206458299077115185558308729843,2.039157646249538914596966909142671111156613830646552046e-56,1,ROOT_OK
kepler,kepler_0000995,dev,ordinary,0.062777610438607356346807364388951100409030914306640625,2.591782599074120507909649184794669007284586447330580515,0,0,0,0,2.622904074304784700320509332502196221060520915355606758,0.9482983252350222549483244778225269238342069520020275909,4.078315292499077829193933818285342222313227661293104092e-56,1,ROOT_OK
kepler,kepler_0000996,cal,difficult,0.9999999186227834926178953528931581510383170626238902792,0.000004051683129239500324835130813504446744965196120739103043,0,0,0,0,0.02896348080257199635878986441146993943970540024042158239,2383.82641215565092812335770317452838902749164961180315,7.102016185859027973278163101376566789573625287553031991e-59,1,ROOT_OK
kepler,kepler_0000997,cal,high_e,0.984178690851027493380343003082089126110076904296875,3.047178882866078674623619535882544890542695330098480101,0,0,0,0,3.094000442709556483475589691782991929151962638179324194,0.5042700809524703244497312124988816252148304608768597535,0.0,1,ROOT_OK
kepler,kepler_0000998,test,ordinary,0.381055855614495009309194983870838768780231475830078125,1.191554694366899277629897848591334957901950840439277831,0,0,0,0,1.572609923310000917123081610900810526381212057298687149,0.9993093960704280363514802818009396433854667724739907501,2.039157646249538914596966909142671111156613830646552046e-56,1,ROOT_OK
kepler,kepler_0000999,test,ordinary,0.1318302897162282605325600570722599513828754425048828125,2.021777046536322295932302918848356705644073181305478581,0,0,0,0,2.133295571452650917302130714725354658828334212640014109,0.9343128005910285301900846093493279016565611985304687633,0.0,1,ROOT_OK
kepler,kepler_0001000,dev,difficult,0.9999999416150522545068781397165299467185162404330668,0.00121858567192556294203390653518260202263050059261450803,0,0,0,0,0.1942111342387366110340149534628841110897867165604023026,53.19194990789234715785195575280476158479211545488918878,4.779275733397356831086641193303135416773313665577856358e-58,1,ROOT_OK
kepler,kepler_0001001,dev,high_e,0.95307117294957122144438699251622892916202545166015625,2.983728640066821293154061045703490313954199576783482913,0,0,0,0,3.060721047733587164501268666372379244902254037886565409,0.5128320251793101903897952069236343888561609323191735467,4.078315292499077829193933818285342222313227661293104092e-56,1,ROOT_OK
kepler,kepler_0001002,dev,ordinary,0.154800402271683401611568342559621669352054595947265625,1.472861876452467543671483105258587838335091109165753168,0,0,0,0,1.627414231903675718449732958558533545686451652171839132,0.9913162749420412528570409905277503487558749171756260937,2.039157646249538914596966909142671111156613830646552046e-56,1,ROOT_OK
kepler,kepler_0001003,dev,ordinary,0.37088325676139322073510129484930075705051422119140625,1.397481731070833203288552977315284958045735204827055236,0,0,0,0,1.761631998488104106617170334593094977132810918581751793,0.9342747638378164413555798742778026366786482309628322248,0.0,1,ROOT_OK
kepler,kepler_0001004,dev,difficult,0.9999999932827819667852470822576873113744221105616198035,0.0000002368178950563351470246214215976278590548375637682436287,0,0,0,0,0.01124113091869709229826165944591521784733441024819505523,15825.89899526482142224541807765937533066066845855253033,1.360555332429250395893958066758099819319673491731733299e-58,1,ROOT_OK
kepler,kepler_0001005,dev,high_e,0.97907200636317937014752033064723946154117584228515625,3.030574537743566605817664931604668175814517024220619766,0,0,0,0,3.085482043223173059980587347659490812633034067341557139,0.5056810343264394311274158007153809645250730249376086908,4.078315292499077829193933818285342222313227661293104092e-56,1,ROOT_OK
kepler,kepler_0001006,cal,ordinary,0.8899431088723399607687269963207654654979705810546875,2.349326090127063001417578125757551047508661845693907814,0,0,0,0,2.716413431200565752638597288080043949244436625934919848,0.5522705078868203407774290414974505427192799241152815437,8.156630584998155658387867636570684444626455322586208185e-56,1,ROOT_OK
kepler,kepler_0001007,cal,ordinary,0.5104955919331908287261967416270636022090911865234375,2.241538351821643166897061798469617004393291051526149951,0,0,0,0,2.533278744250203002941423797126735727994339406693938252,0.7047617671200008042494491535348283069170420119750114638,8.156630584998155658387867636570684444626455322586208185e-56,1,ROOT_OK
kepler,kepler_0001008,test,difficult,0.9999999989471763715957490469976028052754627171713113362,0.0002133201009839862397413252088348443404941721445443056697,0,0,0,0,0.1085957831585082036128458957750319384405109295481448132,169.7582312783895457652105002687462919234192693416267,9.807472077909159330459044948757475803170237417904559402e-58,1,ROOT_OK
kepler,kepler_0001009,test,high_e,0.98000524014536793959706528767128475010395050048828125,0.8912400448966670901202109519972359593129221589036216051,0,0,0,0,1.836782237292425201832326368895729402170016461754594059,0.7951623592731751233380159586743138588777424593195635884,1.019578823124769457298483454571335555578306915323276023e-56,1,ROOT_OK
kepler,kepler_0001010,dev,ordinary,0.7844040761877770773224938238854520022869110107421875,1.147133726703082237571625073267251525534996668403388678,0,0,0,0,1.891535312014848733206317834980473645214884401171821294,0.8017333721649237916575967968158526384080110191569011569,0.0,1,ROOT_OK
kepler,kepler_0001011,dev,ordinary,0.52183585028206158629160427153692580759525299072265625,0.4708559622301437122595680170216252435896836772049798587,0,0,0,0,0.8695631766700662008254587147800972529027106815034035058,1.507540278437793838142817536632772843444118569300140141,0.0,1,ROOT_OK
kepler,kepler_0001012,dev,difficult,0.9999999864287089996974670566269358983173401827095133583,0.00003117383751074847419620257005525669636605208089159116708,0,0,0,0,0.05719181938081725175316941337445628024286759877103329776,611.6133450889317839387209640078158005476052671240883295,0.0,1,ROOT_OK
kepler,kepler_0001013,dev,high_e,0.9093091422881867114114129435620270669460296630859375,0.4229180895395328427350423802860226532755895612155132483,0,0,0,0,1.298797140346136647342150616971419537790421986944454134,1.323263941317877115108183262022330214688469389700865725,5.097894115623847286492417272856677777891534576616380115e-57,1,ROOT_OK
kepler,kepler_0001014,dev,ordinary,0.6167357261669244028468028773204423487186431884765625,0.03418888057841158449510278719548814024277176803396534969,0,0,0,0,0.08901536311263527727141470462667039323902217460532415962,2.592647708256598220278357984033807387982621866049041751,0.0,1,ROOT_OK
kepler,kepler_0001015,dev,ordinary,0.65938833976106303591535606756224296987056732177734375,2.882593276448532620411452634503260230521126421315826458,0,0,0,0,2.985258682710227926564606192181226620854061342305942703,0.6055662768590396871629725524011908368027324525191990976,0.0,1,ROOT_OK
kepler,kepler_0001016,cal,difficult,0.9999999996875071773282278560165224055879287942507148878,0.0000003710209154619700716818728755802797316797132826358240482,0,0,0,0,0.01305718396660980943174686313509655868791464643106165757,11731.01331864423856683344728754099456582670212582878366,1.036520982218746415596183168957751943823313876852619401e-58,1,ROOT_OK
kepler,kepler_0001017,cal,high_e,0.9107521800924576194091741854208521544933319091796875,2.419916609728684962484746530795841919779200449380297449,0,0,0,0,2.759501315100319081454215324580504373026240120172255942,0.5419833872018441641470395918292710107208916162296057985,0.0,1,ROOT_OK
kepler,kepler_0001018,test,ordinary,0.6815617714518993341954455900122411549091339111328125,1.513104096693486780530638068826030437434684570467000951,0,0,0,0,2.101067096307681265827135783399960433081312027611676638,0.74365398337977697864713287227707822645226629161608828,6.117472938748616743790900727428013333469841491939656139e-56,1,ROOT_OK
kepler,kepler_0001019,test,ordinary,0.017174332558596461240085773169994354248046875,1.388004286843516073980802761262614956293024272824709139,0,0,0,0,1.404942950241213496326116277838899436299133505471222957,1.002843442485480616535182201548803609902927233780592623,0.0,1,ROOT_OK
kepler,kepler_0001020,dev,difficult,0.9999999639364516039413597031190752020785897818889562475,0.00000001670290413712438628158934024242608987801170220685473318,0,0,0,0,0.004629424082690996119972274443117331891376077569303942495,93007.44288181749044539342230463156402647742942041633989,7.156862585158536570843568548725556654096405586208020793e-59,1,ROOT_OK
kepler,kepler_0001021,dev,high_e,0.96186244401467158038343541193171404302120208740234375,1.97957908936294571775224405769844065385791754854578455,0,0,0,0,2.531036871664933475472161598219138473995699922018616831,0.5592583813305665864086060681601515385325961815755809018,4.078315292499077829193933818285342222313227661293104092e-56,1,ROOT_OK
kepler,kepler_0001022,dev,ordinary,0.80261277086835070004866565795964561402797698974609375,2.422579219041854657665304776760112889131785781031092541,0,0,0,0,2.737876428442148409251551917834706613189640709464433918,0.5753446298520130725259170765892039069214529542115007013,4.078315292499077829193933818285342222313227661293104092e-56,1,ROOT_OK
kepler,kepler_0001023,dev,ordinary,0.51892418103658199957095575882703997194766998291015625,1.088134839956924232926289545824204618907013417807963604,0,0,0,0,1.606724141313151150941091702457090686406006084761798129,0.9817012833828890505379345797188929437708568537156609092,2.039157646249538914596966909142671111156613830646552046e-56,1,ROOT_OK
kepler,kepler_0001024,dev,difficult,0.9999999996411031893004014200739828178315878472133580498,0.00001311887952762232035530558190106333727594125683921032782,0,0,0,0,0.04285772595740323639519005447060423984653331931465675445,1089.025516083627806648428026951934304322816787815048411,3.562676246575503627339976670789121127737919366592868184e-59,1,ROOT_OK
kepler,kepler_0001025,dev,high_e,0.989660618687917104097095943870954215526580810546875,1.085330860241659089646787394363388194488782933038348999,0,0,0,0,1.989500992537148693604406791011631481348974220920556935,0.7130767448207456381414410201786977858927362752387401433,0.0,1,ROOT_OK
kepler,kepler_0001026,cal,ordinary,0.1867718943437264300655442639254033565521240234375,2.631251658158579186350195214251000067131483303468734332,0,0,0,0,2.709471362229063344821059244386345630233353806750176356,0.8549904480770088446169994473477545116917086842446048349,4.078315292499077829193933818285342222313227661293104092e-56,1,ROOT_OK
kepler,kepler_0001027,cal,ordinary,0.565507625188454543518901118659414350986480712890625,0.4369873901104154128685058392582433961375849702726434473,0,0,0,0,0.8687737498717218805176129483561058245344772555394840143,1.575259806003283940091280620917387313237052047548769533,0.0,1,ROOT_OK
kepler,kepler_0001028,test,difficult,0.9999999951373383683926201589672915854888519381323405818,0.00003127300094481346304109748003996910530199691346511848293,0,0,0,0,0.05725270900848220567193652250370267728186021320511254482,610.3167096977481959445250618596248075729094394634721172,3.509780616713683922829252126331990071692902223158738263e-58,1,ROOT_OK
kepler,kepler_0001029,test,high_e,0.96520405738692216512930599492392502725124359130859375,0.2005577880766346692933919940710953420853463633018108064,0,0,0,0,1.026064054549810978477719183555567075227746856552465864,2.00063320587618702293871587574627872757152164028890115,2.548947057811923643246208636428338888945767288308190058e-57,1,ROOT_OK
kepler,kepler_0001030,dev,ordinary,0.28900047235771386677782857077545486390590667724609375,0.6308732610922220918428810716997146688238296107476418098,0,0,0,0,0.8475199529556773592425587211506025275585943993120131974,1.236511701555201949008455623767317737548004430941300209,0.0,1,ROOT_OK
kepler,kepler_0001031,dev,ordinary,0.732200415506565338574773704749532043933868408203125,1.398605261159627562911492415274297565076650053072460527,0,0,0,0,2.048752876667348531157501755091910917899969083526039715,0.7480622956983665909477949520499869622397833224411738795,2.039157646249538914596966909142671111156613830646552046e-56,1,ROOT_OK
kepler,kepler_0001032,dev,difficult,0.9999999999364365894475943170301874883937345782928022481,0.0003780562691003353621819328037715820431661703516497913956,0,0,0,0,0.1314299258872733275064416494753359635895787204865503818,115.9489224861731919201034527057487990578694761922129626,2.489206111144456682857625621512049696236100867488466853e-58,1,ROOT_OK
kepler,kepler_0001033,dev,high_e,0.962840556285971427286085599916987121105194091796875,1.836334411896456170929594355409228005871487149387214511,0,0,0,0,2.450229739322195909903413849626988698146780014574819828,0.5741348974768652458088425849242790387490977938620401128,2.039157646249538914596966909142671111156613830646552046e-56,1,ROOT_OK
kepler,kepler_0001034,dev,ordinary,0.355958902766741080991863555027521215379238128662109375,1.061703226966313650635655062854884818090234873623001659,0,0,0,0,1.413253875609996577947781830026933540362712641666221083,1.059150315396838271250388865329821699685248381297260885,0.0,1,ROOT_OK
kepler,kepler_0001035,dev,ordinary,0.1009492692234058436318022700106666889041662216186523438,3.07275677521700356570285958721757573860491333396996876,0,0,0,0,3.079064803648836844077979993111786099848298449867542878,0.9084698533182370904162884169741066452769005222723688963,4.078315292499077829193933818285342222313227661293104092e-56,1,ROOT_OK
kepler,kepler_0001036,cal,difficult,0.9999999994450482686108567152152190469828608908049979906,0.007600085354334354702177931387518007344988880729558564651,0,0,0,0,0.3580287275752118125416281294188232645586010395463357605,15.7702421519502209793713861621868575658624497275654203,3.345493013378149781760648835312194791741319565904499451e-57,1,ROOT_OK
kepler,kepler_0001037,cal,high_e,0.9441144879993783600724555071792565286159515380859375,1.730725027159133539256991637720935106248568767373006127,0,0,0,0,2.381327306305472846043547646708471734372816052165430184,0.5937693756898577025165497914854083049082095434662950265,0.0,1,ROOT_OK
kepler,kepler_0001038,test,ordinary,0.4432510054232989826772382002673111855983734130859375,0.2212397262181346351992313522438089221223435116102120081,0,0,0,0,0.3895908863173748507882349614619765281463711218903532354,1.695018046402321837236392130789835945328116467221808103,0.0,1,ROOT_OK
kepler,kepler_0001039,test,ordinary,0.32644380227914504555286612230702303349971771240234375,2.93101180572372381692701689180547143435258636971263827,0,0,0,0,2.982672280644650456781260718350693210318333102321108762,0.7562407691904965589495815343612766887057256860970864798,0.0,1,ROOT_OK
kepler,kepler_0001040,dev,difficult,0.999999998848573259663583624179359600764456682461430119,0.00007039463816038654074045987693330462490588927952015727193,0,0,0,0,0.07503620380164353613465057295040176185815806762821797007,355.3791068591910987828432314836407029247548776023942738,4.978412222288913365715251243024099392472201734976933706e-58,1,ROOT_OK
kepler,kepler_0001041,dev,high_e,0.9478012963237592014564825149136595427989959716796875,0.4812560039634826505733673507569190465599243324031532059,0,0,0,0,1.418017276902968256488133276952846726983340983641823747,1.168554000076940054778289898124266356398431655701648784,1.529368234687154185947725181857003333367460372984914035e-56,1,ROOT_OK
kepler,kepler_0001042,dev,ordinary,0.579888524212941458557679652585648000240325927734375,0.9903845275951541972460488155245508420942463630915726535,0,0,0,0,1.570272972392413194414225868811627299850792934014605167,1.000303579330682789712927687614252601010192643428467239,0.0,1,ROOT_OK
kepler,kepler_0001043,dev,ordinary,0.2302632544957075311220506819154252298176288604736328125,1.940630061279632612559891092328895600419325565678595089,0,0,0,0,2.135183320084178730275982514300457015371561091313664083,0.8903392721405832035371695331042283963715093051213641678,2.039157646249538914596966909142671111156613830646552046e-56,1,ROOT_OK
kepler,kepler_0001044,dev,difficult,0.9999999973316080894757416801957442283058353068523203354,0.0001166246421407078894593894674213617108529656477259066427,0,0,0,0,0.08879134416419387368465788621429953949379845014218199759,253.8480246142147259379362380276559670833146619221506994,4.66726145839585628035804804033509318044268912654087535e-58,1,ROOT_OK
kepler,kepler_0001045,dev,high_e,0.90806539792795615273490739127737469971179962158203125,1.943911883245746228950581684039539835865121310178887529,0,0,0,0,2.492676724290106374386693881702030990267414524026185999,0.5802175489718053062087818957832471741778554727251266774,6.117472938748616743790900727428013333469841491939656139e-56,1,ROOT_OK
kepler,kepler_0001046,cal,ordinary,0.06654939810324660143248109989144722931087017059326171875,1.576013802992999723117045853965183840442226000005253793,0,0,0,0,1.642392706454224004157934708270633907872797394307334137,0.9952619298373555803584519961764010596747118495856657333,0.0,1,ROOT_OK
kepler,kepler_0001047,cal,ordinary,0.78535519907106088322024106673779897391796112060546875,0.9699440544276245478963867185511516989786738199530365479,0,0,0,0,1.743602303391266767544517564615454577096382552112796661,0.8810265041001237950824613179119726798306787032897237474,0.0,1,ROOT_OK
kepler,kepler_0001048,test,difficult,0.9999999987515172205464235650617076572206690525721028784,0.000002759548314305178282941639357786969018018280169012393128,0,0,0,0,0.02548782542649104724541200140089789943228130837250078995,3078.833973191360127636597330117029478900487841528201284,1.232545963471372379371221186651825857401906820167336165e-58,1,ROOT_OK
kepler,kepler_0001049,test,high_e,0.91297922870797976191425959768821485340595245361328125,1.564477078977773326345000610794612327464017115949392832,0,0,0,0,2.26573185044272372461999067041142036974787046988544653,0.6310687549080301451520959737229470479197061914111580778,2.039157646249538914596966909142671111156613830646552046e-56,1,ROOT_OK
kepler,kepler_0001050,dev,ordinary,0.395186241629966072963497936143539845943450927734375,0.6649847322148428728079638611977447955844980873335071863,0,0,0,0,0.9968477736285243232194986741158439157594571825579692404,1.273183411581137664458596725345282032191118075969829252,0.0,1,ROOT_OK
kepler,kepler_0001051,dev,ordinary,0.124597015322308435347764543621451593935489654541015625,1.496343303555316467856008273813611389875304252660574761,0,0,0,0,1.620784677587055516884000273383798673583121684560111914,0.9938127151566917246235168910436158902346824437314087512,2.039157646249538914596966909142671111156613830646552046e-56,1,ROOT_OK
kepler,kepler_0001052,dev,difficult,0.9999999999735804228748307008689107611670114872594378612,0.000009337550657823547428183694814778643962281177168851818011,0,0,0,0,0.03826531768607478353175655440871236883296264968323223564,1366.068026284721763634752652287081155454181320497268538,4.211425589292527650309745348395699079819453155182049857e-58,1,ROOT_OK
kepler,kepler_0001053,dev,high_e,0.98649478134739954082732538154232315719127655029296875,0.5143130247564934638898131363873566289753867015745223567,0,0,0,0,1.498210148103786067484073332265329143904322446863578118,1.077055831272736466654237528743185730002032603424028839,1.019578823124769457298483454571335555578306915323276023e-56,1,ROOT_OK
kepler,kepler_0001054,dev,ordinary,0.005691832562325894150079275135567513643763959407806396484,0.4148395550921354019805764204537502881948933020306273617,0,0,0,0,0.4171456152177892656384518228774817473434384179132709957,1.005230973629949770099125117719284494022300894618143747,5.097894115623847286492417272856677777891534576616380115e-57,1,ROOT_OK
kepler,kepler_0001055,dev,ordinary,0.61150594208855368894006687696673907339572906494140625,0.985766860721366359567267116830116114908660838962371523,0,0,0,0,1.597061882258768365050150865782713755767418965344412189,0.9841941407556667396289508561994980943828532806404874088,1.019578823124769457298483454571335555578306915323276023e-56,1,ROOT_OK
kepler,kepler_0001056,cal,difficult,0.9999999999698564464600971265673330335088494051399831697,0.0000008178288483012837910929663897637132626808577971863754744,0,0,0,0,0.01699312393828778159824021005750887611206672145206338164,6926.182105586139766075097248601499142769719727122929725,2.303779702786937976052567337909570056754763197398603326e-58,1,ROOT_OK
kepler,kepler_0001057,cal,high_e,0.9036530533131463815976758269243873655796051025390625,0.1728316816725961791739613426917014813054476657445388939,0,0,0,0,0.8542673599886853693159842715289584459396176488181838545,2.459983850123979392427870854436109209751505704727282922,1.019578823124769457298483454571335555578306915323276023e-56,1,ROOT_OK
kepler,kepler_0001058,test,ordinary,0.25560756899786529761087194856372661888599395751953125,1.251365463983526651423486091656221607471792016518041275,0,0,0,0,1.506443950960571303605002721023399307500448115945097169,1.016712313942007311992810204715194272211555670504914874,4.078315292499077829193933818285342222313227661293104092e-56,1,ROOT_OK
kepler,kepler_0001059,test,ordinary,0.35759755770684875653131484796176664531230926513671875,2.346290423511374948186683408250489142193963497191374167,0,0,0,0,2.546696292182132524022312578917171597836067238784820195,0.7715069211888304245882507061299687387317233742512247107,4.078315292499077829193933818285342222313227661293104092e-56,1,ROOT_OK
kepler,kepler_0001060,dev,difficult,0.9999999999810437773539986010419800616297842339760826444,0.000267606433128851018578261752803973478532913206641345691,0,0,0,0,0.1171247191933567274502889104214008178937608156288604121,145.9585042275627545713203879406528955915760992848673669,2.489206111144456682857625621512049696236100867488466853e-58,1,ROOT_OK
kepler,kepler_0001061,dev,high_e,0.9765466533379323355035239728749729692935943603515625,0.6057603697709291417540921129540828923412710299795997088,0,0,0,0,1.582243046625439737410528263269413574055841453435771718,0.9889455548841383009845376309545808217189718637123965657,0.0,1,ROOT_OK
kepler,kepler_0001062,dev,ordinary,0.389724484706961471491837301073246635496616363525390625,1.726998663667327891039006996707607623360684057259581968,0,0,0,0,2.069294328638969716376211044168620508797506089418552188,0.8429358094765221663879065454938959365245520204466792692,2.039157646249538914596966909142671111156613830646552046e-56,1,ROOT_OK
kepler,kepler_0001063,dev,ordinary,0.326320036310995320594230406641145236790180206298828125,2.554862137115144621524297541855697950422036575713629392,0,0,0,0,2.695616590775899885095687752491541552113496406297361446,0.7725571028720284547056426143312824268258597942897580022,4.078315292499077829193933818285342222313227661293104092e-56,1,ROOT_OK
kepler,kepler_0001064,dev,difficult,0.9999999852265296553502659759340723667587235797741889348,0.0000001414159376526573045796405243288569636350044698017008431,0,0,0,0,0.009463983810662164893770652224505513309494665687359467721,22322.4583274863268412688542365347544062101769096053437,5.420829714699353908957524546847530100201664975096954182e-59,1,ROOT_OK
kepler,kepler_0001065,dev,high_e,0.967163291768674326931432005949318408966064453125,0.8858773046750006512611629019609968018934424638394573805,0,0,0,0,1.822552233960677996656977311781430500406583947338922511,0.8058504014423197571252520784474152854879807582919637316,2.039157646249538914596966909142671111156613830646552046e-56,1,ROOT_OK
kepler,kepler_0001066,cal,ordinary,0.27965891625357131022866497005452401936054229736328125,2.527985934896079675010295137681025348644487424501769018,0,0,0,0,2.65801358037537832803848527350247724617064816573596716,0.8015439357534020454768353036450823484666182992034615694,0.0,1,ROOT_OK
kepler,kepler_0001067,cal,ordinary,0.74063039585002277132019798955298028886318206787109375,2.211934203891900033021596484981477390775502409279820257,0,0,0,0,2.596162680339399182611427404737680754065408428792902533,0.6123068355046544399936752135359968121827950221672203839,8.156630584998155658387867636570684444626455322586208185e-56,1,ROOT_OK
kepler,kepler_0001068,test,difficult,0.999999999951962021282381451847195936174567137665124181,0.000007823046730490168259853756811507697453276565096223737623,0,0,0,0,0.03607323673255319274502313372824920564710173312025828765,1537.116679560636816839065803447566764398453419210474921,2.882811827469173895834487672913642554453434317160080674e-58,1,ROOT_OK
kepler,kepler_0001069,test,high_e,0.96822734422701184353599046517047099769115447998046875,2.403412861244048019372721056019414112555169976212375606,0,0,0,0,2.762095772861751364930218905863541923223749933953743743,0.5264989368718180773669771415960050531617659942894869099,4.078315292499077829193933818285342222313227661293104092e-56,1,ROOT_OK
kepler,kepler_0001070,dev,ordinary,0.021177501275475074660192831288441084325313568115234375,2.539288958468072335763005135692918747799825288800106702,0,0,0,0,2.551080309047238258904471855769221853363751318804051803,0.9827128927394214552633132002757512922110745833541129989,4.078315292499077829193933818285342222313227661293104092e-56,1,ROOT_OK
kepler,kepler_0001071,dev,ordinary,0.8070522920640661457269970924244262278079986572265625,2.558366815758548830364467907410447297016512081236974199,0,0,0,0,2.816294058441004092758897044223263304210943624999315787,0.5666599790462975168014946826571728131358923973372225853,8.156630584998155658387867636570684444626455322586208185e-56,1,ROOT_OK
kepler,kepler_0001072,dev,difficult,0.9999999756198605349779294941015557881127869530941983526,0.006611964839284957207698861097757374785823752233720599518,0,0,0,0,0.3417216039488429140372902376684531279920621115778392098,17.29478830697548053605744661693389414542759371149607535,2.30998327114205580169187657676318211810710160502929724e-57,1,ROOT_OK
kepler,kepler_0001073,dev,high_e,0.9414913010424310613188936258666217327117919921875,2.874258889287052769880947977615089510040877809655103257,0,0,0,0,3.003685817315458813290035952462454385575249788525812488,0.5174503129749340935430353724454895892250999008681902347,8.156630584998155658387867636570684444626455322586208185e-56,1,ROOT_OK
kepler,kepler_0001074,dev,ordinary,0.8224639277229481848507930408231914043426513671875,0.4005310415990579124875651431572892078461717969999412103,0,0,0,0,1.151875110604555632280341456186266458844891098632473428,1.502760392331987483755192677582454476682283518237329555,2.039157646249538914596966909142671111156613830646552046e-56,1,ROOT_OK
kepler,kepler_0001075,dev,ordinary,0.69634418319253155171821845215163193643093109130859375,2.616447450224307230566280924250239342127217796025525465,0,0,0,0,2.829957396593417713912581821846262608530501688470765622,0.6013939043345692032028785334253575318376564447257163093,0.0,1,ROOT_OK
kepler,kepler_0001076,cal,difficult,0.9999999863353230498676413686902801405078980912334421994,0.0000005546920259901664079230781306255205942665525847984992926,0,0,0,0,0.0149284972019978700859102630184855393013053078464187278,8973.309136492758764488987947843677941031551560240578324,1.442767198326619072665681600468585679404346276241948093e-58,1,ROOT_OK
kepler,kepler_0001077,cal,high_e,0.9557830884184437270079115478438325226306915283203125,0.5658728766934687832026016306417030595544266946942632062,0,0,0,0,1.520444625593766421492394076086155653999682882104958794,1.050536004847072650230326680111499950931316078202797644,1.019578823124769457298483454571335555578306915323276023e-56,1,ROOT_OK
kepler,kepler_0001078,test,ordinary,0.068774473712965467075974856925313360989093780517578125,1.107314646660489814433820866269848131061159386937206321,0,0,0,0,1.170656383184723732810427145568555212447630443748777455,1.027528417323082217339684175492380738717135064779881232,0.0,1,ROOT_OK
kepler,kepler_0001079,test,ordinary,0.1826604451079783808520318189039244316518306732177734375,2.695599446234536918633598273254060276099962596951049952,0,0,0,0,2.763096730693129742563047997555273973434157400914092595,0.8548966707852435106664716205479113453894338114616790445,0.0,1,ROOT_OK
kepler,kepler_0001080,dev,difficult,0.9999999999354889242588502149733774366517796190563550784,0.0000001748996479077189196551824437186003287471886839826641377,0,0,0,0,0.01016202518079298415128394789426019709914585662919560539,19367.45952247557765581938439135005975033609545793545794,1.392521211688576182397451989534353191883642951114031481e-58,1,ROOT_OK
kepler,kepler_0001081,dev,high_e,0.9212026363762120251266196646611206233501434326171875,0.2778043131195125048484653626310979070788790411425498711,0,0,0,0,1.097913059089843952514649971123373225280996708878590285,1.722849874497699174777089759247501734027256654258873893,5.097894115623847286492417272856677777891534576616380115e-57,1,ROOT_OK
kepler,kepler_0001082,dev,ordinary,0.43360566439837133767554178120917640626430511474609375,1.32081410765582730510556607771989724088025485602724984,0,0,0,0,1.747655981300639303765883908116178140156991567352503301,0.9291191842074286089055140728320622729913240377814358546,0.0,1,ROOT_OK
kepler,kepler_0001083,dev,ordinary,0.6786379501942245706658241033437661826610565185546875,0.08649729259494474593476387301258726186561496454061302367,0,0,0,0,0.2627928800417492878760185593283729275929901733086858184,2.901402491628954070902525673731347136398005100877790481,1.274473528905961821623104318214169444472883644154095029e-57,1,ROOT_OK
kepler,kepler_0001084,dev,difficult,0.999999999968427094097235222014969729679353927803241782,0.00000001167034504680940156732990949167777875575614698172619584,0,0,0,0,0.004121704234065304065425428075436492968112479860150343651,117726.8021962952005857539621846579252030150123733119486,1.493174229793630049120668357591709937718385188950402898e-59,1,ROOT_OK
kepler,kepler_0001085,dev,high_e,0.9261170381929579864532797728315927088260650634765625,2.872080027354304273823498471376593751559127378342773323,0,0,0,0,3.001446924102783329315428496940319607219903427198240783,0.5216383237607031195684964284962407381418483144159952413,4.078315292499077829193933818285342222313227661293104092e-56,1,ROOT_OK
kepler,kepler_0001086,cal,ordinary,0.5232298121752727571021068797563202679157257080078125,0.7613044608177790833339960884393310861687837983738356364,0,0,0,0,1.259364765432886026974050243488363951813721304600770849,1.190942559300291438300667560243588456395424253926180738,2.039157646249538914596966909142671111156613830646552046e-56,1,ROOT_OK
kepler,kepler_0001087,cal,ordinary,0.5985263966153684389581712821382097899913787841796875,1.256835770881961719778394165414868774358227531387532609,0,0,0,0,1.834648638534289797160055634833213167624488860671293655,0.8649796485727644741438594956938227021521127205692109861,2.039157646249538914596966909142671111156613830646552046e-56,1,ROOT_OK
kepler,kepler_0001088,test,difficult,0.9999999688609910682114419373901012085149561153642896316,0.0000001360494338701524590883929725526149064773247710110457172,0,0,0,0,0.009339139444619118156470342573330439826991632173349854041,22914.45073760441267557749663515610780057923605215104454,2.103427781223924187184280713178102150540134844372822625e-59,1,ROOT_OK
kepler,kepler_0001089,test,high_e,0.9435192108073076067142892497940920293331146240234375,2.783681290142757059766644888442554099262975771341928246,0,0,0,0,2.956927668905816905303643091042115176063221627696545151,0.5188128470441524658133081435009055770240364547994411467,4.078315292499077829193933818285342222313227661293104092e-56,1,ROOT_OK
kepler,kepler_0001090,dev,ordinary,0.87319571627587244666557353411917574703693389892578125,1.655214580696521330083513344495977607017556510521159399,0,0,0,0,2.304018188103140528867682232250199495802345527159985721,0.6311533135018404472988164913224664863966051682539130396,6.117472938748616743790900727428013333469841491939656139e-56,1,ROOT_OK
kepler,kepler_0001091,dev,ordinary,0.476476669297177080064642495926818810403347015380859375,1.820070114887550887415555371489507118010452639664176738,0,0,0,0,2.204136571995075524661575393543384476558544522570192076,0.7800323092885053730979556504472429879428479746966961404,0.0,1,ROOT_OK
kepler,kepler_0001092,dev,difficult,0.9999999988940076629898973382875134775285361417713531605,0.000003850757646066535412386206421423606249082584168832660327,0,0,0,0,0.02848200117572814140808120751079889873376227876806552543,2465.569058136837299833625279993045890690323085226059859,7.926565710175629249474751588502433251451833699908586636e-59,1,ROOT_OK
kepler,kepler_0001093,dev,high_e,0.98466186006817235654153819268685765564441680908203125,1.649306760659256665276778118790234458508429191699294185,0,0,0,0,2.349921647958340980388287305173534099084043908020964501,0.5910585119454721962143545777968500813789096231111875476,0.0,1,ROOT_OK
kepler,kepler_0001094,dev,ordinary,0.2981930714995488784779809066094458103179931640625,0.2469834266101214643193730583885754625033729575551152156,0,0,0,0,0.3489347182768939029613116000998273709805536371694567471,1.389319578645392262107807563512430149178309376302229169,2.548947057811923643246208636428338888945767288308190058e-57,1,ROOT_OK
kepler,kepler_0001095,dev,ordinary,0.73002723307530337226722849663929082453250885009765625,2.138314857963882851055717187126245326547010731012327255,0,0,0,0,2.547159031735443239397156713089350149534222548487387571,0.6231295929566839608707571453007091997521495878616740734,8.156630584998155658387867636570684444626455322586208185e-56,1,ROOT_OK
kepler,kepler_0001096,cal,difficult,0.9999999220932593200560402543095563007373472714741154162,0.000003981581881508790521896364399749929611252548866912439459,0,0,0,0,0.02879563929412645508337005247853703606782070702190220382,2411.709437827551513293508445497422806774722661478265015,2.57321681739558209590407048623808137348406927176620261e-58,1,ROOT_OK
kepler,kepler_0001097,cal,high_e,0.95897867644687639909761855960823595523834228515625,2.371525403284713545601435361061111514298300320506002866,0,0,0,0,2.743385292412623551502532772345623118780603060079778668,0.5308008095264154383162588053299546775450089153186416706,4.078315292499077829193933818285342222313227661293104092e-56,1,ROOT_OK
kepler,kepler_0001098,test,ordinary,0.442554267939160472788984179715043865144252777099609375,1.923483128096668901800629478468298591358738562565984701,0,0,0,0,2.263919792759923104792134990875675034933138324327618478,0.7795648204268097931503116274976561103177959473465724566,4.078315292499077829193933818285342222313227661293104092e-56,1,ROOT_OK
kepler,kepler_0001099,test,ordinary,0.04193684859133705450373597045654605608433485031127929688,2.36203319787006928888035422308944339430754044365714328,0,0,0,0,2.390647954417657690292007481683913043360289677822866084,0.9702542304206038134971027295890781742752990265175292988,4.078315292499077829193933818285342222313227661293104092e-56,1,ROOT_OK
kepler,kepler_0001100,dev,difficult,0.9999999772538083323582552988712677846306232502200731155,0.00000001378557127818221223422738194883973195047229153262975691,0,0,0,0,0.004346604914393193419708522036223595312506898723085156564,105605.3387009610228911018458949210560756117578840176855,5.684244360420927334051430265998994441225477944094238352e-59,1,ROOT_OK
kepler,kepler_0001101,dev,high_e,0.9716464609369193095034233920159749686717987060546875,1.891675257207408267342630303177759566238317716259621508,0,0,0,0,2.484880857605262713557263749859810164153727265040538154,0.565116097482667582875997687669526730875715623472775383,4.078315292499077829193933818285342222313227661293104092e-56,1,ROOT_OK
kepler,kepler_0001102,dev,ordinary,0.1982030954761233310090773329648072831332683563232421875,0.2083779484018146718246042333207196589173140916269447788,0,0,0,0,0.2591738502534820150643615523175598025967726225738404654,1.236986156484263642984802591097796696147468001143278298,2.548947057811923643246208636428338888945767288308190058e-57,1,ROOT_OK
kepler,kepler_0001103,dev,ordinary,0.68931263958005895009506502901786006987094879150390625,2.174939737643649582127849553982290810925847629130199201,0,0,0,0,2.555948093490772509122838734126581339397480092235462214,0.6351453291205468731062435844998706310599202163918056337,4.078315292499077829193933818285342222313227661293104092e-56,1,ROOT_OK
kepler,kepler_0001104,dev,difficult,0.9999999999368149445260283634328454385415071980784132967,0.000001458700245266088329204703808514241562778279232188520731,0,0,0,0,0.02060829426503052730211144072363386758225230385820958433,4709.351892016898027363984201077318666259654328506267418,1.24829797089345839431742959878795679688590089596941162e-58,1,ROOT_OK
kepler,kepler_0001105,dev,high_e,0.98284639388121985970059313331148587167263031005859375,2.675501213486525029405911475513966839683725377562941041,0,0,0,0,2.905445979489131418435104659877385980534120784226541241,0.5113600763234922401366453802749351702932867863052557339,4.078315292499077829193933818285342222313227661293104092e-56,1,ROOT_OK
kepler,kepler_0001106,cal,ordinary,0.281310281398599926205861265771090984344482421875,2.479347197691371663986409941171668476266096989515599096,0,0,0,0,2.619608739592275583240743324317543041479165862206162414,0.8039563199453218576535283174202780006635404350284595223,4.078315292499077829193933818285342222313227661293104092e-56,1,ROOT_OK
kepler,kepler_0001107,cal,ordinary,0.2043462420837128534767401788485585711896419525146484375,2.713628008092149860898083588164867297744139395131567225,0,0,0,0,2.784967991719036922881423035380607563966527272813657758,0.8392860495024905101164266988776406757822906695015341301,4.078315292499077829193933818285342222313227661293104092e-56,1,ROOT_OK
kepler,kepler_0001108,test,difficult,0.999999997289611575652267281699981409808082470276411995,0.00001393796824758873514985058368716476516269388662144090256,0,0,0,0,0.04373168245122907096021442903872403065416305147784674459,1045.937199332935234695329272570595149495536818780753908,5.284895724723574594792096397672770511321271654286451188e-58,1,ROOT_OK
kepler,kepler_0001109,test,high_e,0.944672328514091219631154672242701053619384765625,2.974236281318855448056352617236850793350817484010546528,0,0,0,0,3.0554820716487487026896390096356027500214930812714923,0.515152673898323379953643187589117504820262749022164865,0.0,1,ROOT_OK
kepler,kepler_0001110,dev,ordinary,0.878372993357355635879457622650079429149627685546875,2.397224196576757782570095251668865530390497334964827645,0,0,0,0,2.74031341795370047839026854888492486069862735941214672,0.552914812252652669958009880171863106869640125464818003,4.078315292499077829193933818285342222313227661293104092e-56,1,ROOT_OK
kepler,kepler_0001111,dev,ordinary,0.373987554551371170763474083287292160093784332275390625,2.461122240924039692464728376298608434421880714707716228,0,0,0,0,2.640710788449216380846798590653130895973099766688650166,0.75298556275467594509208334568017853932678138302146979,0.0,1,ROOT_OK
kepler,kepler_0001112,dev,difficult,0.9999999996953592616022211124360521399236333375227779033,0.00000001655286001867834144599482107814396392408755276185326163,0,0,0,0,0.004630869911294445374914208877210941052211135609098465627,93259.54041311066297535060614275912071939175249191166469,3.963070154370309605245432393624378437885662300319620231e-59,1,ROOT_OK
kepler,kepler_0001113,dev,high_e,0.944103742585792549135703666252084076404571533203125,3.022933229368974275299019242387132380603960445641531292,0,0,0,0,3.08053869571186333560868436545936982453880573916742248,0.5148416821851624245792123475985088875822746474837196327,4.078315292499077829193933818285342222313227661293104092e-56,1,ROOT_OK
kepler,kepler_0001114,dev,ordinary,0.1165403014171121631736838253345922566950321197509765625,2.650485774986045160636935346446524722669092753169141316,0,0,0,0,2.700264848627710237310109909503488189703868723450004338,0.9046711566200809481198579811619566109474638064340805402,0.0,1,ROOT_OK
kepler,kepler_0001115,dev,ordinary,0.67358009316294076285203118459321558475494384765625,0.1240405699196838170184837013830896570667166524463175473,0,0,0,0,0.3635821397118807989520837525761997051727371801580210283,2.69940096495478929106814968969922683241914406491181971,2.548947057811923643246208636428338888945767288308190058e-57,1,ROOT_OK
kepler,kepler_0001116,cal,difficult,0.9999999989543259893278278427302152948332105264287142697,0.000005319311740875279281474256541923061484323278835721610028,0,0,0,0,0.03172064028788440632359109207550098746665158553495999953,1987.840886792398660560940814716849417632433154518486287,6.440820812586281666894106295662428589010910994626407983e-59,1,ROOT_OK
kepler,kepler_0001117,cal,high_e,0.9854213288289572769684809827595017850399017333984375,0.8556915339284348078187605153628828384460615947983873151,0,0,0,0,1.81247430057753176442553889880972597277563104500824888,0.8091642540627306572395871447730803031243652707300492233,1.019578823124769457298483454571335555578306915323276023e-56,1,ROOT_OK
kepler,kepler_0001118,test,ordinary,0.74037162317035398739761831166106276214122772216796875,0.2543559377546179996572561111413493753180713296565486774,0,0,0,0,0.7694762706855907930289716989820735172042159653914792964,2.13579625060125814883177988693221132194889457692405558,5.097894115623847286492417272856677777891534576616380115e-57,1,ROOT_OK
kepler,kepler_0001119,test,ordinary,0.2739383266804911176706127662328071892261505126953125,0.4744075921459111001306043114058504888300682083533246119,0,0,0,0,0.6374390782809577241163903295659044318691126677353325562,1.28228637126179769891780436376191502942997785359881232,0.0,1,ROOT_OK
kepler,kepler_0001120,dev,difficult,0.9999999905129983157995461065260462013479736028105674566,0.00001330822840084436242524227530109877499040035995847736866,0,0,0,0,0.04306252372701583585073030561313567123075347826609243535,1078.682695330233775243672325203590926425394337530554053,5.233555848681220175708157869229084486336402073894501559e-58,1,ROOT_OK
kepler,kepler_0001121,dev,high_e,0.95706756081114352507910325584816746413707733154296875,0.9106206584841044589307237376124067833319932157785773711,0,0,0,0,1.83458287410937125138235969911039403537577742471760949,0.8002920336136024965246078862739943154710620688401255907,1.019578823124769457298483454571335555578306915323276023e-56,1,ROOT_OK
kepler,kepler_0001122,dev,ordinary,0.1234715913490773420146950911657768301665782928466796875,1.643083095472697936596531945341219303193231377369754328,0,0,0,0,1.764251429011703018468789110360766798273655058016173471,0.9768129054790813414006452677479133825769801615317546311,2.039157646249538914596966909142671111156613830646552046e-56,1,ROOT_OK
kepler,kepler_0001123,dev,ordinary,0.72228982677085518115944751116330735385417938232421875,0.1235746304887353881802302669850865050202906076220856804,0,0,0,0,0.414394025420499166240904760913994501449313953475456802,2.951206746896598113118714086939281153379515044433921704,2.548947057811923643246208636428338888945767288308190058e-57,1,ROOT_OK
kepler,kepler_0001124,dev,difficult,0.9999999486767163703912665664355991579394476788871367565,0.00000001525328227052423234886404310382718627861791591119021806,0,0,0,0,0.00448371191265046613360843849984765309507522795002510204,98979.10784810442152011327264404087939639783713350206311,1.179759722549983827742067533945640155103306302259609546e-59,1,ROOT_OK
kepler,kepler_0001125,dev,high_e,0.95565325796224431798009391059167683124542236328125,0.9988292422591764269972157021308303846752828148995434007,0,0,0,0,1.902415188244805106368326852444932927156362594803120917,0.7626974074205017178340536535253405870325763146245249205,3.058736469374308371895450363714006666734920745969828069e-56,1,ROOT_OK
kepler,kepler_0001126,cal,ordinary,0.82177376502440535599447457570931874215602874755859375,2.305222776518445903932515176526794866999204298913246031,0,0,0,0,2.674939003548448379473059257396374715295957118160848821,0.5767316234149301295778938041597074758002705665081244929,8.156630584998155658387867636570684444626455322586208185e-56,1,ROOT_OK
kepler,kepler_0001127,cal,ordinary,0.158032678655812386381285250536166131496429443359375,0.3727157317340153004052830973340057321134646665530254254,0,0,0,0,0.4400327720686197584465182172441535766676758975751739038,1.166831357076564850266056356039516560522881043047451007,5.097894115623847286492417272856677777891534576616380115e-57,1,ROOT_OK
kepler,kepler_0001128,test,difficult,0.9999999998461612309165090530863890397721089234436184167,0.0005107299283865817535197763507391529398149231050638881244,0,0,0,0,0.1453004632767871032512015707678669094425695740786135449,94.89868679974676147163745767716894201807924784751816686,6.671072377867143910058436665652293185912750324869091167e-58,1,ROOT_OK
kepler,kepler_0001129,test,high_e,0.92424921695766182327957949382835067808628082275390625,0.6864219062378508836870733820420907308204056225506810201,0,0,0,0,1.609962325985009661551151786605616325768094919299387229,0.9650740753462896304331971402690498712741986416050572347,1.019578823124769457298483454571335555578306915323276023e-56,1,ROOT_OK
kepler,kepler_0001130,dev,ordinary,0.04942250816633774607167239878435793798416852951049804688,1.157422121478124711304767727790420892733449785341275801,0,0,0,0,1.203549100087787953748450617693486867790454121925014086,1.018065606685964779869077306733696625920843823875560022,0.0,1,ROOT_OK
kepler,kepler_0001131,dev,ordinary,0.50889231519899513767057896984624676406383514404296875,1.079248781196541454260087237414116776585649998616228167,0,0,0,0,1.588065218714945768343877950176974613336096465226684685,0.9912889790913354353525294776841757270069677092301558986,0.0,1,ROOT_OK
kepler,kepler_0001132,dev,difficult,0.9999999859840427472411333518125038282887074353145138096,0.0000003054279193894017711923439372032754054606863303949620395,0,0,0,0,0.01223506959811975066881001776284233702505396390017032806,13357.9930375429714509473406395436762504251388112973293,9.084629959540101089038592258510578246849175939431541332e-59,1,ROOT_OK
kepler,kepler_0001133,dev,high_e,0.90919355214082242522266597006819210946559906005859375,0.5976527251021236872410628410260924375520342958664616784,0,0,0,0,1.50487126328937547680300969405786914250848635201109145,1.063711234808343498954850533580009582325719867755782345,1.019578823124769457298483454571335555578306915323276023e-56,1,ROOT_OK
kepler,kepler_0001134,dev,ordinary,0.017421773085369240963160564206191338598728179931640625,0.5386075175350855063735354611219187034790050301220177026,0,0,0,0,0.5476791611052985043384704784986907822294020381910541383,1.01509814615860172338246890925921784824176089715717977,1.019578823124769457298483454571335555578306915323276023e-56,1,ROOT_OK
kepler,kepler_0001135,dev,ordinary,0.1627179543925306448581835638833581469953060150146484375,2.462441355652890755487011241085907213679080851154254167,0,0,0,0,2.552807022876055141341125416924964147664442675495282893,0.8808098623741394805387120296674366648562646573714607781,0.0,1,ROOT_OK
kepler,kepler_0001136,cal,difficult,0.999999999969896947828520042293357711172076616897237198,0.000009136158694316275176826156517606008312806641338249791384,0,0,0,0,0.03798820057975178798131856183203263550347624171157260301,1386.068714377098478522359114194164410546401093253089397,1.776670861829355957389630287354225470688516994169893217e-58,1,ROOT_OK
kepler,kepler_0001137,cal,high_e,0.948096678590349739579323795624077320098876953125,0.7585356063746065384718773774402774878086848351956826292,0,0,0,0,1.698867463721632932693658303783279237973510395056534157,0.8919873317318002155499943057152202461567341543170940854,0.0,1,ROOT_OK
kepler,kepler_0001138,test,ordinary,0.326268995510412052052373610422364436089992523193359375,2.036258015622914560084167573645097748303932372903588524,0,0,0,0,2.283180278086433110319034432197962463651959817162865223,0.8242240056334188230485305447079847418330200730730696502,0.0,1,ROOT_OK
kepler,kepler_0001139,test,ordinary,0.004075151385009945746717985315399346291087567806243896484,2.85156067533385363457044294255970234983677666903340776,0,0,0,0,2.852721564812675530298157068062761286941343196581331289,0.9961088979328155615076987886114286314028535834980047531,4.078315292499077829193933818285342222313227661293104092e-56,1,ROOT_OK
kepler,kepler_0001140,dev,difficult,0.9999999999137491938475093159358226495044725706094080472,0.00000003390717150174099792075773808486549202448456265870521174,0,0,0,0,0.005881377047662590546647845829213606086923193929056409298,57819.06136323139226692032250291545056600357880201435846,2.973252172552308183808821619445240024129668821823077168e-59,1,ROOT_OK
kepler,kepler_0001141,dev,high_e,0.961076930417750219248773646540939807891845703125,1.552490027828511408223037555451054025976510950363490136,0,0,0,0,2.281126961626580097977687659405543305109303277886716508,0.6147402364229571147896292498087153901700893469291718906,0.0,1,ROOT_OK
kepler,kepler_0001142,dev,ordinary,0.278563468552946058576225141223403625190258026123046875,2.157635907408324353225552342552618428458937610384329627,0,0,0,0,2.354870620407927921577090656117452422523764377287371549,0.8356221183408006526565704973470430263291345555631787603,4.078315292499077829193933818285342222313227661293104092e-56,1,ROOT_OK
kepler,kepler_0001143,dev,ordinary,0.5447338115350264242664479752420447766780853271484375,0.7543158443839443445068352724996176636930105983453640848,0,0,0,0,1.275465973903870936447589676556579671944215296508886719,1.188421916641074090964038573925199003057722794003882912,0.0,1,ROOT_OK
kepler,kepler_0001144,dev,difficult,0.9999999733939874770066409902739632372748463763105848992,0.00000001076804806033322937459845023239981504704061801038711045,0,0,0,0,0.003999372756936268818424882675830987533636071445256264791,124624.7802687647089381770419264193480525051562660894621,2.508349175719908437132531677927486601859010334609044662e-59,1,ROOT_OK
kepler,kepler_0001145,dev,high_e,0.94694401278295392554440468302345834672451019287109375,0.504643328193528256563279099752110280913519027976613235,0,0,0,0,1.443983389374787303013778578087691648194508674531618965,1.136057872782604486180149199586941631742252988192571073,1.019578823124769457298483454571335555578306915323276023e-56,1,ROOT_OK
kepler,kepler_0001146,cal,ordinary,0.408124018086853890263654420778038911521434783935546875,2.977944310714471352319711375496667649313470401226931106,0,0,0,0,3.025299451589385902870924965024543247487814304162830999,0.7115577188207121630082252242043666452649066958770358294,4.078315292499077829193933818285342222313227661293104092e-56,1,ROOT_OK
kepler,kepler_0001147,cal,ordinary,0.3735583466630287841070412468980066478252410888671875,1.996676983983610476497324888240694712851454340258865824,0,0,0,0,2.280131269881098333649529776916068565060486567528608864,0.8043049706815614798328841956870161845825471502734812767,0.0,1,ROOT_OK
kepler,kepler_0001148,test,difficult,0.9999999900157805568838118917955622076471236067850758458,0.009060161302481494471236007700192051465950581303214548945,0,0,0,0,0.3797282318507017798774788824183419600628654687379662134,14.0381212099473482201206483074123718913683986931490362,3.345493013378149781760648835312194791741319565904499451e-57,1,ROOT_OK
kepler,kepler_0001149,test,high_e,0.9112474484336050561950060000526718795299530029296875,2.986459990895171260304185982670702578737427004406276244,0,0,0,0,3.060381829609000881762488632607476296635747213714425898,0.5240419518797071403283812189572939354845125375633984522,4.078315292499077829193933818285342222313227661293104092e-56,1,ROOT_OK
kepler,kepler_0001150,dev,ordinary,0.74917120376844248408332305189105682075023651123046875,2.366364918671521203730991712175392813391693002777013273,0,0,0,0,2.691972385193553216028913353667206903314505298645168213,0.5971173330679070981624479324289031500970528538013474351,4.078315292499077829193933818285342222313227661293104092e-56,1,ROOT_OK
kepler,kepler_0001151,dev,ordinary,0.68828696650600995621260835832799784839153289794921875,0.3408928168957023910954939499953221985920958661522952617,0,0,0,0,0.8645388152336807901484323173552295402206092111752041712,1.807311929961105725089407350149281427923439476256224392,5.097894115623847286492417272856677777891534576616380115e-57,1,ROOT_OK
kepler,kepler_0001152,dev,difficult,0.9999999966438820589861360721130914489490433536921126456,0.0004646551528172751796606287617733412515095428946562352009,0,0,0,0,0.1407896298275107435124823949960231695154921393749973294,101.0662161201430782266762186353804389244947223960600794,1.344171300018006608743117835616506835967494468443772101e-57,1,ROOT_OK
kepler,kepler_0001153,dev,high_e,0.91471771054677664114507251724717207252979278564453125,1.729299061136088978922256475804830322367684069198779326,0,0,0,0,2.368254716582854700783846173171530761527204071830818963,0.6043915839071318660029648473548039323668220688534099475,2.039157646249538914596966909142671111156613830646552046e-56,1,ROOT_OK
kepler,kepler_0001154,dev,ordinary,0.128674751214512550490098874433897435665130615234375,1.624344347947626047287407301328082224644334922640755945,0,0,0,0,1.750936949629417226649097141903526377505436674049407584,0.9774651395540926885663863739440617198807415626967664894,2.039157646249538914596966909142671111156613830646552046e-56,1,ROOT_OK
kepler,kepler_0001155,dev,ordinary,0.66074908080097960461074535487568937242031097412109375,1.621013773528541097534810540617164869212792259297456787,0,0,0,0,2.167558611464673912291266099557202243530308130799728137,0.7292247223737122252375082372621864388775057862312321652,4.078315292499077829193933818285342222313227661293104092e-56,1,ROOT_OK
kepler,kepler_0001156,cal,difficult,0.9999999760446714473549288285410008450971852401202948088,0.000000401363432939147519187761665332370394457477576654720131,0,0,0,0,0.01340031967270505492766385407549420664415709764435386149,11135.0027051228083049861088289534609204015602741675928,6.951788707666911349254138430078280977828126231292497565e-59,1,ROOT_OK
kepler,kepler_0001157,cal,high_e,0.95068100281352962976910703218891285359859466552734375,0.2713817814573167508830287852412265359454814985716335977,0,0,0,0,1.131997958748693352734851091672341968209607599528552506,1.67756723500167364512459296643126946865057077789051094,0.0,1,ROOT_OK
kepler,kepler_0001158,test,ordinary,0.79428895566088397739434867617092095315456390380859375,3.055157837956850743815548737730298648995597130759625229,0,0,0,0,3.093412219943490663097855025881661789429966488347228172,0.557610280981473343290976924901834941549614626594582079,4.078315292499077829193933818285342222313227661293104092e-56,1,ROOT_OK
kepler,kepler_0001159,test,ordinary,0.289964290378130373770915184650220908224582672119140625,2.177003857054382522461400749349077543429608096499537503,0,0,0,0,2.377603342829526477593079848173677707787827694929079603,0.82687135162785153997604455933064013955730037338449082,0.0,1,ROOT_OK
kepler,kepler_0001160,dev,difficult,0.9999999999298032079441175254713880118065730446124088923,0.0001901516669753880543515449257361406534662514222936244605,0,0,0,0,0.1045112041550766318153589296381586285165741763264733108,183.2734792931706605161724164727404001744301007153431409,8.289056350111040753915893319635125488466215888736594621e-58,1,ROOT_OK
kepler,kepler_0001161,dev,high_e,0.90431692669849950139138172744424082338809967041015625,2.36864481206423954220063754216687442586379552408037654,0,0,0,0,2.73023753501130215367828618236892209952026677433472831,0.546783135793392451078685439459029649556260080891407346,0.0,1,ROOT_OK
kepler,kepler_0001162,dev,ordinary,0.599475378712183815110847717733122408390045166015625,0.09512003104381310319640484102078741074890561825441624711,0,0,0,0,0.2342892898842037239223195317824724840505407285612102112,2.398642134419489294239696842086922091320116450547948496,1.274473528905961821623104318214169444472883644154095029e-57,1,ROOT_OK
kepler,kepler_0001163,dev,ordinary,0.67040711826867249722994301919243298470973968505859375,1.994076406775624386275706788211732592641979270415246967,0,0,0,0,2.431246413127688533590469965500063080255641648693424204,0.6630157200332884391741471381107676806284954846777405179,2.039157646249538914596966909142671111156613830646552046e-56,1,ROOT_OK
kepler,kepler_0001164,dev,difficult,0.9999999994724566450391663630827697309318100415688169874,0.0008426470985268958754745761354504702428040959643571092574,0,0,0,0,0.1717166536669085567178482346688647505000891098917091485,67.99430914627826252506680750026178899085800957181267914,2.787910844481791484800540696093495659784432971587082876e-58,1,ROOT_OK
kepler,kepler_0001165,dev,high_e,0.94988523593794393917733032139949500560760498046875,2.154070967270237969522067897258442562462872409177872741,0,0,0,0,2.624035204050042655238643248556979928738040627292447657,0.547801426699827205456719834512347937672056968325439439,4.078315292499077829193933818285342222313227661293104092e-56,1,ROOT_OK
kepler,kepler_0001166,cal,ordinary,0.2192276890449347537259683349475380964577198028564453125,1.74318319348827723818849339924101453225523731217222124,0,0,0,0,1.947073508748951057366209284182295455369870369276194074,0.9254481626477635223460453299224943278291848904847371195,2.039157646249538914596966909142671111156613830646552046e-56,1,ROOT_OK
kepler,kepler_0001167,cal,ordinary,0.210428287472706809779765535495243966579437255859375,0.5626731208575043787325179165045742176756328780952144003,0,0,0,0,0.6978957837968308266645048023117482213144259853048945864,1.192220986168218005409930517630465148857123409330184537,0.0,1,ROOT_OK
kepler,kepler_0001168,test,difficult,0.9999999896704881214251565694952334453645754314315482299,0.000003973167062888252351580110801744149783102248453286903348,0,0,0,0,0.02878002655981997976765984323774633747322100067582934313,2414.719913878092810326832145674838566291057683919602378,1.720663724328605682025333710870204352523204724651402712e-58,1,ROOT_OK
kepler,kepler_0001169,test,high_e,0.90804729908750658751159789972007274627685546875,0.7379129192278077884876534497139371713027450902799596857,0,0,0,0,1.643557586197067443589334708964571018511247141930686098,0.9380754078803560696037694068218015080711335037808040862,1.019578823124769457298483454571335555578306915323276023e-56,1,ROOT_OK
kepler,kepler_0001170,dev,ordinary,0.7459709712042499329953670894610695540904998779296875,1.699838227870962578230454852720939817687253176599059923,0,0,0,0,2.270520722153771350388387163038628659104853932096338934,0.6754883511999700822917354529522168820114180224477884188,2.039157646249538914596966909142671111156613830646552046e-56,1,ROOT_OK
kepler,kepler_0001171,dev,ordinary,0.313144967979070598662616475849063135683536529541015625,1.234866618411738406392678962286299406377091370781119948,0,0,0,0,1.547929721078188542093162623737677446335171575444228943,1.007211572928862671636569933863889223745572782924070564,0.0,1,ROOT_OK
kepler,kepler_0001172,dev,difficult,0.9999999824759432326891057683601340456556085055554806763,0.000004586260474994046411280144961351533774185594750071778307,0,0,0,0,0.03018977583953743482847738235090334884512401402055540677,2194.454147493080694646169259933738360337442653459330499,2.419975066178251481365647908913745814059534312111443869e-58,1,ROOT_OK
kepler,kepler_0001173,dev,high_e,0.9434329899801363605860160532756708562374114990234375,1.706282368981688548756563540257387355679002970164090022,0,0,0,0,2.366488078774454879372236734294129292322535095596554577,0.5973932143512832008678154928786277940431360154581983606,4.078315292499077829193933818285342222313227661293104092e-56,1,ROOT_OK
kepler,kepler_0001174,dev,ordinary,0.1236807225592152642557053354721574578434228897094726563,3.030663613900303847872277254483726814724591532473264032,0,0,0,0,3.042855645799274341840522305063208234692866201346193368,0.8904098428875364092990370148077173512779782662094434373,4.078315292499077829193933818285342222313227661293104092e-56,1,ROOT_OK
kepler,kepler_0001175,dev,ordinary,0.84647599475922652434434212409541942179203033447265625,2.582425230304693168496969514283859583635162630966677072,0,0,0,0,2.836605678258749020087585751964719116398148145366478841,0.5532773259079486999138944308170491606388050572147931941,0.0,1,ROOT_OK
kepler,kepler_0001176,cal,difficult,0.9999999999597388286931698058534274471250859150755800266,0.0000007724946916630551516358321054852143811625796075979038502,0,0,0,0,0.01667314285131751263748375478978667953296957756726072658,7194.572421381210384038774996439877009102719616512883676,1.744388970075451284783820455075241076190455061044652162e-59,1,ROOT_OK
kepler,kepler_0001177,cal,high_e,0.9769822587471057584451727962004952132701873779296875,0.2947722110147491651724012337364098638804685310235468589,0,0,0,0,1.208246147230837613776502194789875167638448097235143536,1.530213271924357708769114798217444944498716588352930317,5.097894115623847286492417272856677777891534576616380115e-57,1,ROOT_OK
kepler,kepler_0001178,test,ordinary,0.77204657989144143126480912542319856584072113037109375,1.258095226031680275921379296615871270823579065675182658,0,0,0,0,1.969566442133399212903374837321138165542356264463562845,0.7693643434670522371791772316420945009852258751880796749,0.0,1,ROOT_OK
kepler,kepler_0001179,test,ordinary,0.70643980543107309788553038742975331842899322509765625,2.610659809801710217144112296713202770784080598120044077,0,0,0,0,2.82834747913193994663207088777065124020370984259061321,0.5980634296864464909320767490722462231608768096992725524,0.0,1,ROOT_OK
kepler,kepler_0001180,dev,difficult,0.9999999947146471973353647524168697366898263118912509324,0.00001435505478885232318004001279248887273936099662689713641,0,0,0,0,0.04416353203407859029771003339039329914801492310782215217,1025.582576895261442209670510682842717270384142301037991,2.352299775031511565300456212328886962943115319776601176e-58,1,ROOT_OK
kepler,kepler_0001181,dev,high_e,0.93047790162199850438895509796566329896450042724609375,2.452797634614720826559233225052353467927394528240175709,0,0,0,0,2.781051889949603689170116383302918831551392546878863661,0.5345724203219495994029831853491939658560761357228410981,4.078315292499077829193933818285342222313227661293104092e-56,1,ROOT_OK
kepler,kepler_0001182,dev,ordinary,0.33916439720926572221060268930159509181976318359375,0.0141790843828389497717741279256528949237128059248225896,0,0,0,0,0.02145545129565128932856610794367201675496958175029195057,1.513056929341325527425327196595084843590908233504534604,0.0,1,ROOT_OK
kepler,kepler_0001183,dev,ordinary,0.8970877023817573903130551116191782057285308837890625,2.409840026840110096834680144655260872481755982986978844,0,0,0,0,2.751215384105880600051035751165599764732207619839562246,0.5465688068724199984328804891773527247619325484041394908,4.078315292499077829193933818285342222313227661293104092e-56,1,ROOT_OK
kepler,kepler_0001184,dev,difficult,0.9999999999834410630993306829403474616382297022889349527,0.0000002191598307506682621683583273317965290143087607018270732,0,0,0,0,0.01095565004535683166898503824194237528378004789100335699,16663.18121355536082141679365773034136524053204473333037,4.786373860198667195846352391364478370985236921957803939e-60,1,ROOT_OK
kepler,kepler_0001185,dev,high_e,0.922878567857478682157079674652777612209320068359375,2.805200416912098897123961837645819910093229615077686546,0,0,0,0,2.96621986151790830121375830230921015735544201006956806,0.523910473932744165028822749561276752626989666445054133,0.0,1,ROOT_OK
kepler,kepler_0001186,cal,ordinary,0.26090479292840973446487851106212474405765533447265625,2.778512020242608022924970873284302102653673796369538517,0,0,0,0,2.852813137208668042164300249685105527619297404585090895,0.7999351799967135324023803749509844800952475250664003498,4.078315292499077829193933818285342222313227661293104092e-56,1,ROOT_OK
kepler,kepler_0001187,cal,ordinary,0.1246406688470930029799532690049090888351202011108398438,1.303438922994393732351208825265234185389585068096100695,0,0,0,0,1.426789425451854346724728085797936260120598908802249836,1.018212919800363614122294426299581474005178164804559919,0.0,1,ROOT_OK
kepler,kepler_0001188,test,difficult,0.9999999993400248654812368310065634616387827633562781471,0.0000007327614446377200267813367032004209995462847303216294694,0,0,0,0,0.01638215736942434197109519099230650996444339847534635105,7452.386762323671296687826305859122168119582622765723805,2.653240904484327715044376184929660158640409545748351368e-58,1,ROOT_OK
kepler,kepler_0001189,test,high_e,0.9893331138718350903360487791360355913639068603515625,0.09562782996945835164937637373006890977233433408196348928,0,0,0,0,0.816834359091367412708283605352516256019040163662665103,3.098186184094152005268185694070950521718341524148823495,6.372367644529809108115521591070847222364418220770475144e-57,1,ROOT_OK
kepler,kepler_0001190,dev,ordinary,0.8934060444082001506416190750314854085445404052734375,1.457164863414172645426474099264613173658572791366576523,0,0,0,0,2.186508115579284332507130970964415168171378516335382653,0.6596403969531929507384147721270651100617850006119375243,2.039157646249538914596966909142671111156613830646552046e-56,1,ROOT_OK
kepler,kepler_0001191,dev,ordinary,0.83069954200022400048197823707596398890018463134765625,2.121303303305051309230466215084536685658605694743382808,0,0,0,0,2.570405405060008199490381877306855620556481722482135588,0.5886390134606621244088247340129917850332023796939141041,0.0,1,ROOT_OK
kepler,kepler_0001192,dev,difficult,0.9999999999040121886994499601908417581220709580000386154,0.000002926680917211117981789910885738395055266228555440423058,0,0,0,0,0.02599243553647074407783083021424730243274482221121958697,2960.46800837405908773604831877008661735548145740577726,9.995718290064458867100152886384324561448092546008374708e-60,1,ROOT_OK
kepler,kepler_0001193,dev,high_e,0.97985000555845991332404310014680959284305572509765625,1.381216485336999910952787615151395359823026518245200791,0,0,0,0,2.183070164789891753667770859572863738088201164511446667,0.6397343112409544378113961317646613013924504586976783722,6.117472938748616743790900727428013333469841491939656139e-56,1,ROOT_OK
kepler,kepler_0001194,dev,ordinary,0.82676323922196071070089828936033882200717926025390625,1.399641305520278955440484083368792771443817613899324213,0,0,0,0,2.109369212557046487429258359427504597864059986336487812,0.7022194241355326848910241867921520091433820016599472681,2.039157646249538914596966909142671111156613830646552046e-56,1,ROOT_OK
kepler,kepler_0001195,dev,ordinary,0.1173005907640684436499256548813718836754560470581054688,1.588493085705130945597241200377368735152390971158892857,0,0,0,0,1.704742962765260387093654103308763003736564974351445561,0.9845765315732728260332614961346877436619404768549448881,2.039157646249538914596966909142671111156613830646552046e-56,1,ROOT_OK
kepler,kepler_0001196,cal,difficult,0.9999999485526676111538677342940037425882249111961761031,0.000000126223332874531237694181288390999332397715726815615168,0,0,0,0,0.009103870445384566850711430648099398257921479606140284446,24101.3872891609175189959564589293518138699201252284128,9.249685716323996214786671144937012010886706455937856663e-59,1,ROOT_OK
kepler,kepler_0001197,cal,high_e,0.9825212888218557427677524174214340746402740478515625,0.9230118706352956271715063641697095155224797068253877161,0,0,0,0,1.863689959587836737821178403323720812149735312351442131,0.7790119779803647678088653767314820234227645219297033593,1.019578823124769457298483454571335555578306915323276023e-56,1,ROOT_OK
kepler,kepler_0001198,test,ordinary,0.7802238297199737271370167945860885083675384521484375,1.161681416762542708383517928412107561533796021075765138,0,0,0,0,1.900005825752397120154430497455383964801629176035506048,0.7985673540254491086212583032883985088833887045063619492,0.0,1,ROOT_OK
kepler,kepler_0001199,test,ordinary,0.037455112556593117556502647857996635138988494873046875,2.37654199372909990674422819541474413675987449430046407,0,0,0,0,2.401792008802701331282902471532007943098269659026671104,0.9730802626643856528645437377485809074969534630360036085,0.0,1,ROOT_OK
kepler,kepler_0001200,dev,difficult,0.999999996587429064367504714465915774874002357761083689,0.000008358103643911463658293039330752659957927058583758114979,0,0,0,0,0.03687743152588593779318502208892945073351352351944843085,1470.807058315763368042070968908033002821316078484198107,2.478315834408199684870123509417934478815067926193204811e-58,1,ROOT_OK
kepler,kepler_0001201,dev,high_e,0.920527667183447473320256904116831719875335693359375,3.017346272725852632497663595408457006444611172210975796,0,0,0,0,3.076877129402819201461599518118051123193207661927598921,0.5212131920649487782500527147685222417008380643738378763,0.0,1,ROOT_OK
kepler,kepler_0001202,dev,ordinary,0.456959822762056322442703049091505818068981170654296875,1.925146161830389322656320435259066635401481618369236379,0,0,0,0,2.273771060282263217449124124481472929780165027860084499,0.7719504266499067390655655513384902583437127194341760473,0.0,1,ROOT_OK
kepler,kepler_0001203,dev,ordinary,0.859186027084037906575986198731698095798492431640625,1.157806064324171841164811507105907801053602833562981115,0,0,0,0,1.954512068931720276838764538487723245228176382233658831,0.7566286807438636307017023319759244021361888655767744396,2.039157646249538914596966909142671111156613830646552046e-56,1,ROOT_OK
kepler,kepler_0001204,dev,difficult,0.9999999999004821568747001469146072759542512618280483542,0.002670431196907219462192977754024750463303914961245669775,0,0,0,0,0.2523705017885229392944144618164956249348762271772618776,31.56887358377739138475414980840110803774774636567217696,1.11516433779271659392021627843739826391377318863483315e-57,1,ROOT_OK
kepler,kepler_0001205,dev,high_e,0.92710205256838651433071163410204462707042694091796875,0.9934495595275380465206270242102875766566012852918273625,0,0,0,0,1.877333913941338467689178454844281795350236620407273051,0.7813954137194952409733619508807799869017786935983392477,1.019578823124769457298483454571335555578306915323276023e-56,1,ROOT_OK
kepler,kepler_0001206,cal,ordinary,0.0840779062281851452542724700833787210285663604736328125,2.919857727711365669958318373899431942987474659805637054,0,0,0,0,2.936944282092213394437324240753633774067907355125586015,0.9239382516990212298098738317820597123213094909337926045,0.0,1,ROOT_OK
kepler,kepler_0001207,cal,ordinary,0.8585974760864047983233149352599866688251495361328125,0.9592255925802862459158181321257642863894533841705861185,0,0,0,0,1.796119418037595918044534447131725210818902436753165753,0.8390465674733828996491520955331568561747562773146669258,0.0,1,ROOT_OK
kepler,kepler_0001208,test,difficult,0.9999999202974409322068874633621524714977127294000212851,0.000002302420114848571608481568129138368121052899738761556065,0,0,0,0,0.02398810026464369621805565000542626773296460158478476979,3474.872289617702338645142896931476850260726981151702511,2.440588804286166513270562621091892475606489522420332735e-58,1,ROOT_OK
kepler,kepler_0001209,test,high_e,0.90331324361626375019085344320046715438365936279296875,1.874631114872539889944908749076956876996464878833150789,0,0,0,0,2.450431878841361647614080207383194459941446834894269406,0.589619570517371032593828609492196623543421909581820889,6.117472938748616743790900727428013333469841491939656139e-56,1,ROOT_OK
kepler,kepler_0001210,dev,ordinary,0.29457071781711496871736244429484941065311431884765625,0.5824602809090786143662569402506284735660930402611310392,0,0,0,0,0.7921560956455120435709418900718639159904746819684293025,1.260844168999030981568478254094424145483285137841734698,0.0,1,ROOT_OK
kepler,kepler_0001211,dev,ordinary,0.0841283165349375472441550982694025151431560516357421875,2.266353709932114056818021394014983803412212621535004377,0,0,0,0,2.32752236760510287325476635496974830699933436506362964,0.9453959639739312269020855931949003744532137341682958352,4.078315292499077829193933818285342222313227661293104092e-56,1,ROOT_OK
kepler,kepler_0001212,dev,difficult,0.9999999949343711818333310076130559857351620067481710997,0.0000000281158639812248774630270946962764275765422910156435817,0,0,0,0,0.005523618084133939139263269874233500543607654076606826955,65529.91858135499612409785346656807641186888697731661805,4.636237539456909865890303463191980354028418386969272266e-59,1,ROOT_OK
kepler,kepler_0001213,dev,high_e,0.9517517206593433254369074347778223454952239990234375,2.056608036083890812395979707859458872235719035908376026,0,0,0,0,2.570821513718652738764827791317983591728759363828723393,0.5552827237486124994054707124675133784485569755098045612,0.0,1,ROOT_OK
kepler,kepler_0001214,dev,ordinary,0.389581956303794829654663089968380518257617950439453125,0.9153776777092425630489224683949252059415924344747039419,0,0,0,0,1.289665553496902267226754800844308638264425688194063087,1.121184930241554024712405948436634306221441004566404604,2.039157646249538914596966909142671111156613830646552046e-56,1,ROOT_OK
kepler,kepler_0001215,dev,ordinary,0.76855547116973521593052964817616157233715057373046875,2.434075857660927509991240916299933407740443340928240366,0,0,0,0,2.736773429816402947125734772403127773022974928657524596,0.5860167354230305221255445744294864807927297700913977785,0.0,1,ROOT_OK
kepler,kepler_0001216,cal,difficult,0.999999909701812706694612015480679275158732951708492452,0.0000002980122852628368944120067264521197597259326973948449691,0,0,0,0,0.01212262926920744665465048893313303620440760586440813565,13592.78112193988163363145277423724084505831034667043,2.391485324359293441987628990667533682770582063901517276e-59,1,ROOT_OK
kepler,kepler_0001217,cal,high_e,0.955842670766879454191666809492744505405426025390625,0.6040152324391253537256845189846404018054283040549062647,0,0,0,0,1.559800115131454243027447308696883039076602536407900697,1.010622079196181889310147590426081782234693379239754164,2.039157646249538914596966909142671111156613830646552046e-56,1,ROOT_OK
kepler,kepler_0001218,test,ordinary,0.81481156152042666374057944267406128346920013427734375,1.295706112847927734516808667560987048106093128490188446,0,0,0,0,2.02713836811922819960468948571943373612434331087113232,0.7358021947394887810377731049620954779265070998761775728,2.039157646249538914596966909142671111156613830646552046e-56,1,ROOT_OK
kepler,kepler_0001219,test,ordinary,0.689279227615169798326633099350146949291229248046875,2.074091193020685298937768027917466122780566964324478031,0,0,0,0,2.491360815337256839400717517450420955828262110965797825,0.645733159329904774999482385721237462110619975165171926,4.078315292499077829193933818285342222313227661293104092e-56,1,ROOT_OK
kepler,kepler_0001220,dev,difficult,0.9999999999891449975758353543608381570510872585591457108,0.0000000756599847282283828956439696340046535060818408123920093,0,0,0,0,0.007685511341897373441667692757541164546409307354110465782,33859.95979765598547517261526832496064694808355800690853,3.540069198886398698481992375593748020145150091136185819e-59,1,ROOT_OK
kepler,kepler_0001221,dev,high_e,0.95534117340393776007800852312357164919376373291015625,0.3454593056989416597763208934785755298440394565018214083,0,0,0,0,1.252947289317245491498314614194903073025016598356644205,1.425653130211633765702430754716636593470328682371561275,5.097894115623847286492417272856677777891534576616380115e-57,1,ROOT_OK
kepler,kepler_0001222,dev,ordinary,0.82952848472159812498460951246670447289943695068359375,1.179938482155200992127095349050364826752697035884314432,0,0,0,0,1.950410811670553150841589883500256533560676082901225798,0.76488148304476894766756443070459906444338663354008556,2.039157646249538914596966909142671111156613830646552046e-56,1,ROOT_OK
kepler,kepler_0001223,dev,ordinary,0.61096185143235981485076990793459117412567138671875,2.601067735797681039164166007377402805965365919557868506,0,0,0,0,2.803637434445188180979064557935183617411997595188897871,0.6343557355972621091250155407469825501752712796805735479,4.078315292499077829193933818285342222313227661293104092e-56,1,ROOT_OK
kepler,kepler_0001224,dev,difficult,0.9999999987896987593536515953316242224490316309908185717,0.0000005230571828033813233963793143167717994820412395655876863,0,0,0,0,0.01464075436429397770905704193590640596134933566573544744,9330.521991872101341265331639808504367996541371909006453,7.856556788299691405269380867897406853745193363010473506e-60,1,ROOT_OK
kepler,kepler_0001225,dev,high_e,0.93324719857739812933772327596670947968959808349609375,1.297576713196026444384651399965409444475505190457371702,0,0,0,0,2.102149735833865741101113636613109591832842009022551079,0.6789433549814872544216966312531551087009914428004416653,2.039157646249538914596966909142671111156613830646552046e-56,1,ROOT_OK
kepler,kepler_0001226,cal,ordinary,0.43439178340456419125104048362118192017078399658203125,2.575518037307657642780978697080484576391210987263658016,0,0,0,0,2.743796138373840669581439154601118323231599340648387714,0.7140444193148098902921420332856193575228081426526034356,0.0,1,ROOT_OK
kepler,kepler_0001227,cal,ordinary,0.1879948508361037606828602974928799085319042205810546875,0.9241928214554461055220560134120202958177380689855483365,0,0,0,0,1.090957269249675059944357616036975490192353582831898428,1.095032707983382004361323183835137866866176244799188997,2.039157646249538914596966909142671111156613830646552046e-56,1,ROOT_OK
kepler,kepler_0001228,test,difficult,0.9999999989123964344358886887919418414589735663864861953,0.000007273449047742450399930348090989310617773832902259091012,0,0,0,0,0.03520778965211867977162916284831573422675186785049592273,1613.602562401707736209714629923363771810357878445790546,1.960249812526259637750380176940739135785929433147167647e-58,1,ROOT_OK
kepler,kepler_0001229,test,high_e,0.97802997627809584724190017368528060615062713623046875,2.930051629412055605811019108018934537910233440580542576,0,0,0,0,3.034546319690925752753368259035067908417720256957841782,0.5069883932375515202802521690781788714823140463618189561,8.156630584998155658387867636570684444626455322586208185e-56,1,ROOT_OK
kepler,kepler_0001230,dev,ordinary,0.2015563174535780210927526923114783130586147308349609375,0.6368320499811974046339919231788811236445490297729608895,0,0,0,0,0.7783451428533724065255511293002190347013990470100689277,1.16757435177867879150857668193763815879274089993608431,0.0,1,ROOT_OK
kepler,kepler_0001231,dev,ordinary,0.7950503890346161117719248068169690668582916259765625,3.042528207832035393093114740325490698808318409807707545,0,0,0,0,3.086392682382304686360784910769596415159225244775886514,0.5574634983295006871575348379899883110900338064063432607,4.078315292499077829193933818285342222313227661293104092e-56,1,ROOT_OK
kepler,kepler_0001232,dev,difficult,0.9999999996663173441196873784511029810689235008140267763,0.00002848875979103428812046386941597467748176315585853524215,0,0,0,0,0.05550053036817849596750471206014069729592382198191935821,649.4520889649918565812024311241791344086774204708480741,1.574422865298868851907448205606371432869333798686455285e-58,1,ROOT_OK
kepler,kepler_0001233,dev,high_e,0.98559298147061402683988262651837430894374847412109375,0.4892946888422404878866118225087880913941672092445002897,0,0,0,0,1.46987249130097448824515174503771774787010768742173919,1.110248878987689514582178350861395875870669051416468334,1.019578823124769457298483454571335555578306915323276023e-56,1,ROOT_OK
kepler,kepler_0001234,dev,ordinary,0.5382896437733653005608402963844127953052520751953125,1.201716689549149656296338349812224179370427124302883398,0,0,0,0,1.732945383539902041317261659807910087378583612352226653,0.9200468427118110198565755479029435620613928610014730285,2.039157646249538914596966909142671111156613830646552046e-56,1,ROOT_OK
kepler,kepler_0001235,dev,ordinary,0.126248089940337815395565712606185115873813629150390625,2.667931994893863737952682048595801449323715567933543403,0,0,0,0,2.719636384906948088878616541672538200752460641775136875,0.8967204005468280771798347257553299083305787492522707347,0.0,1,ROOT_OK
kepler,kepler_0001236,cal,difficult,0.9999999974064235217412353369585525528157888959876522859,0.0004565715819816762454635533151700145962542791929024914632,0,0,0,0,0.1399678855840239977049346070633984402497417270474300633,102.2544496557411791079544000007378913040610045039988253,8.961142000120044058287452237443378906449963122958480672e-59,1,ROOT_OK
kepler,kepler_0001237,cal,high_e,0.97428611142263810140917712487862445414066314697265625,3.057370593240440849933376098076000122348179121786615392,0,0,0,0,3.098926765129856008336089572323107546943480490325198961,0.5067397754742567664686306136245165091888683696993402932,8.156630584998155658387867636570684444626455322586208185e-56,1,ROOT_OK
kepler,kepler_0001238,test,ordinary,0.5105672000406678012751626738463528454303741455078125,0.2875016278780206907187680893194901017255987899697687401,0,0,0,0,0.5577215696111572263889569657850875361975467102678939591,1.764282882956930032866133543428950667112849850872807014,5.097894115623847286492417272856677777891534576616380115e-57,1,ROOT_OK
kepler,kepler_0001239,test,ordinary,0.75373587782027196002587743350886739790439605712890625,2.252347633079860563510793694324879314062267174695268001,0,0,0,0,2.624778343041552220002851282447410349089957236049953097,0.6041214775611598811535552207963381457794456180166516331,4.078315292499077829193933818285342222313227661293104092e-56,1,ROOT_OK
kepler,kepler_0001240,dev,difficult,0.9999999996619917352851557529004277910373313528778655992,0.0000000227583208779094730422292679940883552908519880591004254,0,0,0,0,0.005149356292272539949951176192925886292412178173353880623,75424.77069529282907177233973745397666170527595023647966,2.856996037527421815783757219690539070299110692928901458e-59,1,ROOT_OK
kepler,kepler_0001241,dev,high_e,0.971228080689700679073439459898509085178375244140625,0.7829190550854058068454589349734612479623801844461882743,0,0,0,0,1.740238213679836085177441374181183961142413187432549795,0.8592686524394634563211922240896773491795294228817803687,2.039157646249538914596966909142671111156613830646552046e-56,1,ROOT_OK
kepler,kepler_0001242,dev,ordinary,0.53236569555395674147035833811969496309757232666015625,0.02953024856662801830844437063390693443165089972731635201,0,0,0,0,0.06310050460152926966739078443935150143391877320782119095,2.133589108832203143152356885347857420657977544822187691,3.186183822264904554057760795535423611182209110385237572e-58,1,ROOT_OK
kepler,kepler_0001243,dev,ordinary,0.6657362788011427223722193957655690610408782958984375,0.9500885733114380420903960389026957955294926173400652553,0,0,0,0,1.61516954801829360224232661118072818218322130793353696,0.9713159049944000280270345267064200675933201940857692397,3.058736469374308371895450363714006666734920745969828069e-56,1,ROOT_OK
kepler,kepler_0001244,dev,difficult,0.9999999996945170712458926488199990341670974187353073722,0.0000238951814922848872677291535903682436520513571830434142,0,0,0,0,0.05234078848767965574529431562804481649164032512204270358,730.2112633041718875108357744728424423387659864546970943,1.894908152108717649825367504376047831259731785375595392e-58,1,ROOT_OK
kepler,kepler_0001245,dev,high_e,0.90670902438199940664986797855817712843418121337890625,3.051034932982619254998835447798975352810360884632641403,0,0,0,0,3.094089906159732196692195688521148149289869828152973779,0.5247453599284301430778368291077236451112898037935384022,4.078315292499077829193933818285342222313227661293104092e-56,1,ROOT_OK
kepler,kepler_0001246,cal,ordinary,0.70349915797575512943495823492412455379962921142578125,0.1765947528396759363427834037586239294541387249431638637,0,0,0,0,0.5356773335632795776024560643339092194482852602845028613,2.531358317700414096500607719624696368404764261422585314,5.097894115623847286492417272856677777891534576616380115e-57,1,ROOT_OK
kepler,kepler_0001247,cal,ordinary,0.2139869521704172161680190811239299364387989044189453125,2.458287640046004121164756553330245682739745718351533456,0,0,0,0,2.573430554121432237455658298562113563915338948973817036,0.8471935974834532329765615428886900958410815288300178057,4.078315292499077829193933818285342222313227661293104092e-56,1,ROOT_OK
kepler,kepler_0001248,test,difficult,0.9999999677753479364690733895164958098726146880957958246,0.000001818693175682635635865741616627346454975224801352534683,0,0,0,0,0.02217772001506615603475854301668576442903008580905312082,4065.903919104951983889667551284620219226481324789771167,2.755628952727886812194730863814511265286371038461841821e-59,1,ROOT_OK
kepler,kepler_0001249,test,high_e,0.97355877186139760937066967017017304897308349609375,3.038812667043290093983954808398967382481751535220035636,0,0,0,0,3.08950253154462664271499906930820352593930596748644235,0.5070381322637715681609400173845271525346321783387329332,8.156630584998155658387867636570684444626455322586208185e-56,1,ROOT_OK
kepler,kepler_0001250,dev,ordinary,0.207345338785022981209493764254148118197917938232421875,0.4039055809544913680938309608362749805656842700067779122,0,0,0,0,0.5040480000440314841568375078638947058142924275447024346,1.221834822260084117418402701723005965553290921143346895,0.0,1,ROOT_OK
kepler,kepler_0001251,dev,ordinary,0.447217406127783545510823159929714165627956390380859375,1.845681028125115121961300621608954140093221717724611093,0,0,0,0,2.205738455439220126925770256607193453477936690243719703,0.790352344217660963860392178959425610629987100008646755,6.117472938748616743790900727428013333469841491939656139e-56,1,ROOT_OK
kepler,kepler_0001252,dev,difficult,0.9999999981505431906995455414429038501100763218270834857,0.00000003747320534380915667468155049000002049736554464648544914,0,0,0,0,0.006080148474608580309099444502907628980828667892940923298,54095.29743265123071304755340696092016198828625669303953,6.725535915875143472538343991872974312323072434181668413e-59,1,ROOT_OK
kepler,kepler_0001253,dev,high_e,0.97274610825058582808111395934247411787509918212890625,0.6472250785816306549157607875514530124235168514986839655,0,0,0,0,1.618848368166128157948009143199710555354844066776600261,0.9553612698505782372674437720976370992787654503087478531,2.039157646249538914596966909142671111156613830646552046e-56,1,ROOT_OK
kepler,kepler_0001254,dev,ordinary,0.409893021192770989902243172764428891241550445556640625,2.994226000430135399866361809651087993193244748774123885,0,0,0,0,3.037013977207054144501658389453458230458600357284982575,0.7104020352276945235207319743273695861267647792781727291,0.0,1,ROOT_OK
kepler,kepler_0001255,dev,ordinary,0.5463893931583980734245642452151514589786529541015625,2.266850695648723396392687762824217952080425760555229309,0,0,0,0,2.564812178983445794325789507991704465799148221102654882,0.6858729443995971470431806393257207263829802274496049846,4.078315292499077829193933818285342222313227661293104092e-56,1,ROOT_OK
kepler,kepler_0001256,cal,difficult,0.999999997175651552717086299567905728634592340754740171,0.00001095969746995317298936163355762065708251373775643698937,0,0,0,0,0.04036394071656599249927459505380916843013721583208842236,1227.722844472289507616084005229704429315429077682857505,3.505113355255288066548894078291654978512459534032197388e-58,1,ROOT_OK
kepler,kepler_0001257,cal,high_e,0.911410311523201510652825163560919463634490966796875,0.08676527711321943038990294599547083671984117693091733564,0,0,0,0,0.6055624478979817923258198281719232865764365117720003268,3.989550811010331024776467324475304141190730562406995732,8.921314702341732751361730227499186111310185509078665202e-57,1,ROOT_OK
kepler,kepler_0001258,test,ordinary,0.5673992511193726162588291117572225630283355712890625,1.029301567397361399332622829198245152148344456754938399,0,0,0,0,1.596513201934737635676718166090543020439624980974868068,0.9856196832961788575413385180976949038409160145066294723,2.039157646249538914596966909142671111156613830646552046e-56,1,ROOT_OK
kepler,kepler_0001259,test,ordinary,0.71900584618542240367133899781038053333759307861328125,2.253734496040692191959323495849310345798271629597820878,0,0,0,0,2.615061682630114103376734242890393935549387770429651712,0.6166670855294914592301077683190164334898830712331508971,4.078315292499077829193933818285342222313227661293104092e-56,1,ROOT_OK
kepler,kepler_0001260,dev,difficult,0.9999999860547951770134305654641006026649535032129796835,0.00000002899726805067724430296981379409591504170427578823783033,0,0,0,0,0.005577601816151621089549904674877805029471898167086113055,64231.33280449442690014381213466530670578881191689443255,6.461392010550695694900632327715207612989815295008362232e-59,1,ROOT_OK
kepler,kepler_0001261,dev,high_e,0.9796983693156062766860259216628037393093109130859375,1.684411683346740907854497178698708311579522867054846515,0,0,0,0,2.368550639991548258539366228711528626924467157018273031,0.5878003218113128951643091875537076545758940522380886111,0.0,1,ROOT_OK
kepler,kepler_0001262,dev,ordinary,0.0709502172091791283303763293588417582213878631591796875,0.5765836686904285933621534771159748524435368610707903818,0,0,0,0,0.6176738021682943071277464018186263745853757105674165375,1.061391515138135709943665745163922798060828077367372979,1.019578823124769457298483454571335555578306915323276023e-56,1,ROOT_OK
kepler,kepler_0001263,dev,ordinary,0.481249725520688731439378216236946173012256622314453125,0.6451930185246316979040413804626494120052779010197244033,0,0,0,0,1.066544597774958398781487692144432924091731865472381884,1.302960418806925423936204838291052246114944819058703736,1.019578823124769457298483454571335555578306915323276023e-56,1,ROOT_OK
kepler,kepler_0001264,dev,difficult,0.9999999995691901210122759255395727553585382263901465946,0.00000147475909496323464923614308751895147594395835640120554,0,0,0,0,0.02068360965854159536549049566245084551378553313389610342,4675.111120747248506500520177426504806911427447109483123,2.059234649289738423029640445796179236987818131705888712e-58,1,ROOT_OK
kepler,kepler_0001265,dev,high_e,0.90624314774532488403480101624154485762119293212890625,1.566861679366244036202992831807915010077436036513324138,0,0,0,0,2.263966087436108193693173159338392103137337705203155544,0.633284140582136209193210486222283461845848978285561873,2.039157646249538914596966909142671111156613830646552046e-56,1,ROOT_OK
kepler,kepler_0001266,cal,ordinary,0.80099782109728512313751025430974550545215606689453125,2.445265634752627496029828211546819041682650817964109103,0,0,0,0,2.750560348124871586870264848150446148760749778348720399,0.5745358653019945147482800843727008032324096700980155061,4.078315292499077829193933818285342222313227661293104092e-56,1,ROOT_OK
kepler,kepler_0001267,cal,ordinary,0.393086503557009525611221079088863916695117950439453125,1.737119181669331772145828231054522787437848704985411968,0,0,0,0,2.080281933285362964983269665204818947046784721515446664,0.839123712262364044113493581677813977641976676615349521,4.078315292499077829193933818285342222313227661293104092e-56,1,ROOT_OK
kepler,kepler_0001268,test,difficult,0.9999999914212547146097066042109865219572041218752800624,0.0004574973588509890782187151289282653291947341788996834931,0,0,0,0,0.1400624012154364272065505391154244713434496917610112769,102.1166549279437450560663397547090777185413696506411003,2.105868370028210353697551275799194043015741333895242958e-57,1,ROOT_OK
kepler,kepler_0001269,test,high_e,0.97215282923142576354536004146211780607700347900390625,1.449767998472224067920501822303252255578684480436674367,0,0,0,0,2.222613018256314759381068517175013328870658627250602226,0.6290342047613049154590951415812302887051165546471063802,6.117472938748616743790900727428013333469841491939656139e-56,1,ROOT_OK
kepler,kepler_0001270,dev,ordinary,0.7294251697237739140433632201165892183780670166015625,1.975207983760378392420720475561807706599231814918778808,0,0,0,0,2.443853862105441417013242737155922497068817530593544538,0.6414548086644362038513777911448026762856699744399238487,4.078315292499077829193933818285342222313227661293104092e-56,1,ROOT_OK
kepler,kepler_0001271,dev,ordinary,0.346447562219419913365214824807480908930301666259765625,1.178161526995313856354892131206751858797507732503105224,0,0,0,0,1.524233592626489647785133183004047038776646645817940193,1.016390018069903959136837817203987475598839613126709978,2.039157646249538914596966909142671111156613830646552046e-56,1,ROOT_OK
kepler,kepler_0001272,dev,difficult,0.9999999960425348278315921220901502631416133580082028209,0.001917068870760129878341675840215996804055354175644057749,0,0,0,0,0.2259257511488119414740404290104600977070949581854775489,39.35016285409348135397540051093712290975191179425323259,2.389637866698678415543320596651567708386656832788928179e-58,1,ROOT_OK
kepler,kepler_0001273,dev,high_e,0.94024680019885664705725503154098987579345703125,1.508333471044472946816886769685860192311167955952724262,0,0,0,0,2.243650052216929990367283075987942223506999308777776654,0.6305246323600052430058517430200623924735573612871493644,6.117472938748616743790900727428013333469841491939656139e-56,1,ROOT_OK
kepler,kepler_0001274,dev,ordinary,0.26323859959530493402013462400645948946475982666015625,2.377693895616143042921793771972876325022254543954774983,0,0,0,0,2.529044113819190140141786281622375980447714782600459188,0.8227893060718951936573287785631901721326595854660317015,4.078315292499077829193933818285342222313227661293104092e-56,1,ROOT_OK
kepler,kepler_0001275,dev,ordinary,0.346143446919702724162704043919802643358707427978515625,2.312358859331468345830563342780204145129314356779566151,0,0,0,0,2.515260277119063530775629931595908662782558117762642969,0.7809818563244538511974916348692631708262765854596230511,4.078315292499077829193933818285342222313227661293104092e-56,1,ROOT_OK
kepler,kepler_0001276,cal,difficult,0.9999999999802829625410435144582050396169888933844407206,0.00007905056199270885798515324240163417106823793529903950744,0,0,0,0,0.0779942822707433846031351109703087579688231504841807514,328.9460132604373003470561248291878388113276571813692496,6.384813675085531391529809719178407470845598725107917479e-58,1,ROOT_OK
kepler,kepler_0001277,cal,high_e,0.96393363542377719088705134709016419947147369384765625,2.588225278289903192984873144111441931148205741936461855,0,0,0,0,2.857968977511647738967677873274999038208766195458137862,0.5193665888755677302754941238943213874145715532983712147,8.156630584998155658387867636570684444626455322586208185e-56,1,ROOT_OK
kepler,kepler_0001278,test,ordinary,0.42531333498199719311827493584132753312587738037109375,2.554244972601761980955744928546750831068081131154142338,0,0,0,0,2.725969522716017126070942488181142670536716938691313468,0.7198883778156575296428423259036682587571891978690936154,4.078315292499077829193933818285342222313227661293104092e-56,1,ROOT_OK
kepler,kepler_0001279,test,ordinary,0.7421330942581161327353811429929919540882110595703125,2.956081695492076901972981494612156910225805553773744085,0,0,0,0,3.035021816982928011225395426571701284609360017346092172,0.5753995678351305911088935150763321595557767363609986223,4.078315292499077829193933818285342222313227661293104092e-56,1,ROOT_OK
kepler,kepler_0001280,dev,difficult,0.9999999999860159877475927730524658446013997601348123723,0.0000008429946638972924017545318478449824839399760057788915123,0,0,0,0,0.01716567096357636692125200613302673562923064860835044558,6787.643924111558703518269144805333656766335096991035051,2.075472829780407339671719487936511748678108320958645507e-58,1,ROOT_OK
kepler,kepler_0001281,dev,high_e,0.9040368957328481780422180236200802028179168701171875,1.343965466711758633328937643883360558814459005586876137,0,0,0,0,2.116637556351578993164752233450128601878907057877319782,0.6805872893658243864999655013436301889189750413690685334,2.039157646249538914596966909142671111156613830646552046e-56,1,ROOT_OK
kepler,kepler_0001282,dev,ordinary,0.326749016315142970512397369020618498325347900390625,1.282485784768507785091358026825979017232512242461851589,0,0,0,0,1.608996426214868465525790918611668189365070628225169309,0.9876749919801016941535292282247574360348832211383517994,4.078315292499077829193933818285342222313227661293104092e-56,1,ROOT_OK
kepler,kepler_0001283,dev,ordinary,0.67491032733900413465022438685991801321506500244140625,1.064807081621456591836954903923419690488550165553500877,0,0,0,0,1.73106776005973605316134359321171725380465692533291883,0.9027663314969761025727376975188889072985497735960782148,0.0,1,ROOT_OK
kepler,kepler_0001284,dev,difficult,0.9999999992511637551837273231679663796026100703420143135,0.003690742937094497184376288285289181027350161620774871616,0,0,0,0,0.2811862142866483050847987900567388381287153653144455379,25.46275015263970840806039233647846603755388047224032406,2.389637866698678415543320596651567708386656832788928179e-58,1,ROOT_OK
kepler,kepler_0001285,dev,high_e,0.95875151989013451814258814920322038233280181884765625,2.681255465845875192056406737982964785942121065366776207,0,0,0,0,2.905506566970634022002969862483203216267614634797292557,0.5175563936035372289629268919840862094980140617233940147,4.078315292499077829193933818285342222313227661293104092e-56,1,ROOT_OK
kepler,kepler_0001286,cal,ordinary,0.05980283467371103750531702303305792156606912612915039063,2.913102591824056607262450505573246791227192384548089845,0,0,0,0,2.925901737209541655591198440717751248905560895035889138,0.9448070831341404001079167251587129996112516875810709251,0.0,1,ROOT_OK
kepler,kepler_0001287,cal,ordinary,0.365511878400279766054836727562360465526580810546875,2.713685049385052965563169387175498020908466565496607591,0,0,0,0,2.826840509539034796030465976559228717613414848274759977,0.7420845033122996195088144187654415327394807416492069257,0.0,1,ROOT_OK
kepler,kepler_0001288,test,difficult,0.9999999999263477427977618030062551169280574049123861724,0.009225194149821426024226843750912619043108665847511485796,0,0,0,0,0.3820312094243095840849163248398441585310970271680801015,13.87141536096337360112411781480409055392145666959592675,1.11516433779271659392021627843739826391377318863483315e-57,1,ROOT_OK
kepler,kepler_0001289,test,high_e,0.971979907502501294658259212155826389789581298828125,1.80202617293056425444462446094430779018344103104346007,0,0,0,0,2.433895998148745796167234024909750526974745249929423521,0.575185393869660418113848828749900927854478607468227322,2.039157646249538914596966909142671111156613830646552046e-56,1,ROOT_OK
kepler,kepler_0001290,dev,ordinary,0.1268936890999192990125976621129666455090045928955078125,0.2303893586093782457051234180471695951152312092235569153,0,0,0,0,0.2634319171421883008329342999529373884734021285992302772,1.139622064275618657461841473211528273757857915173134589,2.548947057811923643246208636428338888945767288308190058e-57,1,ROOT_OK
kepler,kepler_0001291,dev,ordinary,0.64837314171703963605608578291139565408229827880859375,2.975481469222732515601023366145352482588364554952204841,0,0,0,0,3.040752660442203937666508605986345453277234112686912061,0.60787340358415121721485190703045537380752153888037846,0.0,1,ROOT_OK
kepler,kepler_0001292,dev,difficult,0.9999999533801591649229727813471828066151738302951195064,0.000003193203939062138612631281506507097226331505638752841541,0,0,0,0,0.02675518335968625447760683989427779565978625544737776121,2793.723959454866814189739504790647665400296571475248422,2.809302459499439159418848416278364836861461963417061888e-58,1,ROOT_OK
kepler,kepler_0001293,dev,high_e,0.9416883966270059858061358681879937648773193359375,1.44754766956973773955818217470598398516684135205700354,0,0,0,0,2.205718060764762507110647287918650783957471110992612479,0.6416306472586113808606720635209937083177389565542033112,6.117472938748616743790900727428013333469841491939656139e-56,1,ROOT_OK
kepler,kepler_0001294,dev,ordinary,0.58868715948804728466114966067834757268428802490234375,2.668158672442674688499639878980569045521895869872526441,0,0,0,0,2.841935050948421633290371252631703083478925642552991361,0.6400189004522701805453768400509330695527774250946021697,8.156630584998155658387867636570684444626455322586208185e-56,1,ROOT_OK
kepler,kepler_0001295,dev,ordinary,0.327775283356169178095029792530112899839878082275390625,1.117189748746594831920551967632456416714593290582466087,0,0,0,0,1.442261121109766611510789378205133648137704115589846149,1.043857408443695438100567787218583742463753975940512024,2.039157646249538914596966909142671111156613830646552046e-56,1,ROOT_OK
kepler,kepler_0001296,cal,difficult,0.9999999990247843548314744002081280146613327476995850266,0.0009292311173322318018008508326350279591687359000792705362,0,0,0,0,0.1774132862580114904254840514063455493850857850909912609,63.70846224443331047558885204246963341864582330285119753,1.951537591137254039360378487265446961849103080110958013e-57,1,ROOT_OK
kepler,kepler_0001297,cal,high_e,0.92309806521120318922868364097666926681995391845703125,0.8443144232909454856067173271171263273995744203242481873,0,0,0,0,1.752256374469854315673041614207317596814520933106770674,0.8572009005649352647090216504812602091338454440697153517,0.0,1,ROOT_OK
kepler,kepler_0001298,test,ordinary,0.08758003325825945706295527770635089837014675140380859375,0.9121126157003112849640956482211400975377370632947191482,0,0,0,0,0.9850952234601337227173126458960120032160657358805964276,1.050875864615848136715132829044116738082566425265576573,1.019578823124769457298483454571335555578306915323276023e-56,1,ROOT_OK
kepler,kepler_0001299,test,ordinary,0.79908324514042516906187074710032902657985687255859375,0.4189085906473927538187967310292683512673112922938159795,0,0,0,0,1.147447368199791261717992726118336775266477274496306996,1.488707177836048894244235060087285212404168366313804041,0.0,1,ROOT_OK
kepler,kepler_0001300,dev,difficult,0.999999996589687577829658321178802921319987269111971399,0.001046877026898167269940241878589856196638849990224999686,0,0,0,0,0.184612990271015666308938434688575984426245317497435688,58.84901714191391009051347677664562727912995889340503642,4.978412222288913365715251243024099392472201734976933706e-58,1,ROOT_OK
kepler,kepler_0001301,dev,high_e,0.9465718708616803755973023726255632936954498291015625,1.291295022909088498717467926850143762223845360205337422,0,0,0,0,2.105664649381477057797607464664387242708598104336808073,0.674539006062638904830465643179879180143204102747116055,4.078315292499077829193933818285342222313227661293104092e-56,1,ROOT_OK
kepler,kepler_0001302,dev,ordinary,0.502092054130617082563503572600893676280975341796875,0.3778120059311735519934691887212616043049967750947020509,0,0,0,0,0.7020583533413862013368799325055011344794501467775171746,1.621677505293839955620475321644083993907400744296858304,5.097894115623847286492417272856677777891534576616380115e-57,1,ROOT_OK
kepler,kepler_0001303,dev,ordinary,0.31484715328412715695804990900796838104724884033203125,3.068404365020719247742915198590870638275166165019900115,0,0,0,0,3.085922806095363025503346338898264555316796349054450128,0.7608269076478189545710436035913455609563649787249265396,4.078315292499077829193933818285342222313227661293104092e-56,1,ROOT_OK
kepler,kepler_0001304,dev,difficult,0.9999999999896149494904607972219532862147088148641383618,0.00000003800110096626656281296569005185293130502635213775803144,0,0,0,0,0.006109174143406462766119706132792147381006483776817205122,53587.82059777100488506557631090638963702200665598544449,6.434318247793985356711836619356232560751700477223545044e-59,1,ROOT_OK
kepler,kepler_0001305,dev,high_e,0.92995063643231645755804493092000484466552734375,1.856055903731022286937878162113071486768765291482789045,0,0,0,0,2.449502132160144628591249710547155745471184265508435693,0.5827568056635107956970723748211891126189056422050094433,2.039157646249538914596966909142671111156613830646552046e-56,1,ROOT_OK
kepler,kepler_0001306,cal,ordinary,0.822269435576889140548928480711765587329864501953125,0.1543244099014201658492474225552670139169068224626984287,0,0,0,0,0.65562471613230858091825820661650267778823989454896353,2.871797467672354321815373006047692265968505545148232946,5.097894115623847286492417272856677777891534576616380115e-57,1,ROOT_OK
kepler,kepler_0001307,cal,ordinary,0.58853934407011987417490672669373452663421630859375,0.5619373950149777576332423654568498395746853933482653667,0,0,0,0,1.081389090390926385670215937401495849796631972206900601,1.382502472666784825067873099438888087047603197995379396,0.0,1,ROOT_OK
kepler,kepler_0001308,test,difficult,0.9999999999299906678545760710154603252012911158097135588,0.00000003824319087895801865350919017204276128843473274565503571,0,0,0,0,0.006122100284340703568413694494195897423545339454027808125,53361.60097339186386624654765245966809629035211719199742,3.311020911950279137014941814864282314453893641683938954e-59,1,ROOT_OK
kepler,kepler_0001309,test,high_e,0.957370141388155015960137461661361157894134521484375,2.271478611751329726456811172097863585991193058739024696,0,0,0,0,2.689609986962301616053370094002198752531616971926286715,0.5372780003727833223991727308908036158308519352006888773,4.078315292499077829193933818285342222313227661293104092e-56,1,ROOT_OK
kepler,kepler_0001310,dev,ordinary,0.69867204284712902673248891005641780793666839599609375,2.029122497275209958692819004282276593144636839018481423,0,0,0,0,2.466028457795766234000539962536307438322194008091226024,0.6471605124831465991484737464616578695035039206310641087,0.0,1,ROOT_OK
kepler,kepler_0001311,dev,ordinary,0.02575638480326182186419536890298331854864954948425292969,2.061179155283955587692921769727398401490836394731752608,0,0,0,0,2.083622276359237050442714281170907103252251682158737926,0.9875205502086334196401351533523111987340088294894490518,4.078315292499077829193933818285342222313227661293104092e-56,1,ROOT_OK
kepler,kepler_0001312,dev,difficult,0.9999999979585949326708243747917238597050913782020225537,0.000144156282594235634345895943469914848603477138065009129,0,0,0,0,0.09529288508147714264442079624671394294233483931805024109,220.4131580352398005335692258501249372867979580283419532,1.817120461135453378486066703703796278252353633266580803e-58,1,ROOT_OK
kepler,kepler_0001313,dev,high_e,0.9002454716792878119946408332907594740390777587890625,0.9182650821635635832094249442826487576602190653473242119,0,0,0,0,1.795815259976003950392099828406226679012978325596770308,0.8327316104481985977245337291946435786026706498633541442,2.039157646249538914596966909142671111156613830646552046e-56,1,ROOT_OK
kepler,kepler_0001314,dev,ordinary,0.60682702065087934517606527151656337082386016845703125,3.011373769594739251600646752541983703022283990175910155,0,0,0,0,3.060518112317633630454423562672953139472508023763849058,0.6231175031449325788115832033432061452098379273125582898,4.078315292499077829193933818285342222313227661293104092e-56,1,ROOT_OK
kepler,kepler_0001315,dev,ordinary,0.256811044605858185274627203398267738521099090576171875,0.4662808149704993048532134115071980514977710138876671017,0,0,0,0,0.6143041384730355811726349891291661589023711077624316451,1.265597695283393975076708631471811004485577661820972344,1.019578823124769457298483454571335555578306915323276023e-56,1,ROOT_OK
kepler,kepler_0001316,cal,difficult,0.9999999999841273077728088431727985177550870185657573702,0.0000001062434145195846738078543341458113881695859526318605743,0,0,0,0,0.008606332222549047731530214956677173707375945840918785814,27002.02137235210455057974836194741952425103586411799186,5.158053171130295542339449029576580322698615655003689273e-59,1,ROOT_OK
kepler,kepler_0001317,cal,high_e,0.9872466637382342202755580728990025818347930908203125,1.526628467883399844783925055689170329767793408252198062,0,0,0,0,2.277460928949911655163028652206611548487921612237589202,0.6093771091955807382474436359260146747532983042865795228,6.117472938748616743790900727428013333469841491939656139e-56,1,ROOT_OK
kepler,kepler_0001318,test,ordinary,0.85853734285960270344872924397350288927555084228515625,1.332981971111049734285442222331871185455811198935048558,0,0,0,0,2.081831471958669855114358931892688770179679926126149149,0.7042780295562482909754857958232289970148342561906204265,2.039157646249538914596966909142671111156613830646552046e-56,1,ROOT_OK
kepler,kepler_0001319,test,ordinary,0.04252447782586667862636531367570569273084402084350585938,1.769842689218879522679141782165264320044360981615677086,0,0,0,0,1.811144804409481557577218316195974337434913433723875126,0.9899788661211146419512460954526727305484979522189805744,0.0,1,ROOT_OK
kepler,kepler_0001320,dev,difficult,0.9999999999019840180020042481093731935207955351295078751,0.0000001728207612406706869007582284340997988388202599960180128,0,0,0,0,0.01012159522252442394302116722341079533593496425741665028,19522.47798952372494299858985140723674955428723753679796,1.587646772764323778035129341720654196880588084544987765e-58,1,ROOT_OK
kepler,kepler_0001321,dev,high_e,0.9731492090420130747219218392274342477321624755859375,1.275440766014041044657015833949120616958548434830339219,0,0,0,0,2.110345012437414473072306762681014705160972206206164493,0.6666869871646890079414462085180301224219323568412570912,2.039157646249538914596966909142671111156613830646552046e-56,1,ROOT_OK
kepler,kepler_0001322,dev,ordinary,0.1507203107244315665180778296416974626481533050537109375,2.212894230333194682138177003693694562858979303188026263,0,0,0,0,2.322952798716146483771044232095260029165655641644123837,0.9066393701012460060057027686925770949103578470836102393,4.078315292499077829193933818285342222313227661293104092e-56,1,ROOT_OK
kepler,kepler_0001323,dev,ordinary,0.42064945124595187753158143095788545906543731689453125,2.292490341951362313405365582722971844052800528520829651,0,0,0,0,2.532986064445816617247843826730327707491617066947174406,0.7434281325512351539707324267893251193628202881996325172,0.0,1,ROOT_OK
kepler,kepler_0001324,dev,difficult,0.9999999994090662724692793652616876773541851360210364714,0.0000004268669390152078520509327651231783464646461205782133405,0,0,0,0,0.01368190392636011432692199791198167257135980698131365561,10684.17408613427592677627115018233453038171875215742421,9.597542546895062378182106912943236924491575629900356279e-59,1,ROOT_OK
kepler,kepler_0001325,dev,high_e,0.93712037607374154557504652984789572656154632568359375,1.989284911872700080395820625111895310652719672468414604,0,0,0,0,2.528502040835574607806813469236604657983896380197562286,0.5661084426177968627200458447112888634098053768515992624,4.078315292499077829193933818285342222313227661293104092e-56,1,ROOT_OK
kepler,kepler_0001326,cal,ordinary,0.60246646260092351354842321597971022129058837890625,1.098299961615042436670799950260304456578004815207083911,0,0,0,0,1.696046937650969113519365916063014452773719801030439327,0.9300057666377810717595043482349656224277416728404612938,4.078315292499077829193933818285342222313227661293104092e-56,1,ROOT_OK
kepler,kepler_0001327,cal,ordinary,0.03934239503037924995387797366674931254237890243530273438,0.302557287797799887414821411616474612799112441633108424,0,0,0,0,0.3147363470084564018008970894284869921109914268352949308,1.038863703183071950811891809497464076392979996740125246,5.097894115623847286492417272856677777891534576616380115e-57,1,ROOT_OK
kepler,kepler_0001328,test,difficult,0.9999999995241998084687645227450138009950327383541738143,0.00003199670754285810233320403647462419023331258410496560924,0,0,0,0,0.05769118782110395812265532102511624172117191224228659984,601.0787401851399616336240030375724760653226084621160437,4.381002755614243761829421093861207465375537526779701662e-58,1,ROOT_OK
kepler,kepler_0001329,test,high_e,0.97408664321551707843127587693743407726287841796875,0.310276502751857572826860631061326380823737517994359946,0,0,0,0,1.227537858882555560194717197350809713104501815373479757,1.487731992305637748739151281564957063229200357339282938,1.529368234687154185947725181857003333367460372984914035e-56,1,ROOT_OK
kepler,kepler_0001330,dev,ordinary,0.488492079875691320722808086429722607135772705078125,0.1839094981120792950663000251994333262175077979183095089,0,0,0,0,0.3526089956436925787611834563532632490972600901059357463,1.846509130809787960248417373875008741165142085813590021,2.548947057811923643246208636428338888945767288308190058e-57,1,ROOT_OK
kepler,kepler_0001331,dev,ordinary,0.101329652626319044461666862844140268862247467041015625,0.2321041824766923413651114543686990592838377528467170665,0,0,0,0,0.2579536216160813980515491806663708836246459078331441804,1.108619259754352957779421469132325606079894118416932445,0.0,1,ROOT_OK
kepler,kepler_0001332,dev,difficult,0.999999999963959725226663592971676112894427960439724863,0.005093057614956140773635944346059984502056399706661018425,0,0,0,0,0.3131505420388818564628486975358139538313134121167958998,20.56248471128609640980061562252909821852560079959173487,9.558551466794713662173282386606270833546627331155712716e-58,1,ROOT_OK
kepler,kepler_0001333,dev,high_e,0.9287571508144740750623213898506946861743927001953125,0.6996090001355736242503719222488378935430570636826863596,0,0,0,0,1.626904606130610219280024116105440120819039456440460228,0.9504947834153630545618207329868569433259922592745465775,2.039157646249538914596966909142671111156613830646552046e-56,1,ROOT_OK
kepler,kepler_0001334,dev,ordinary,0.54197372692689416151523573716985993087291717529296875,2.158444681417626905452725235776000029351092473258964888,0,0,0,0,2.487991447023131940287008802618304312959491741961210843,0.6991674517395141120143603577129019825095495748852370406,4.078315292499077829193933818285342222313227661293104092e-56,1,ROOT_OK
kepler,kepler_0001335,dev,ordinary,0.1963159918037489515274529594535124488174915313720703125,2.362929073904605772361554448341973084723300498472465313,0,0,0,0,2.483065210333251570726287515152694152644750224768745708,0.8656021265519741147197845287253862625029543224395029085,4.078315292499077829193933818285342222313227661293104092e-56,1,ROOT_OK
kepler,kepler_0001336,cal,difficult,0.9999999997851849137642355435697668019607447527999825391,0.001143003832627977897742182936703942671185584624870238652,0,0,0,0,0.1901054536029942687560950920404147875827774538143335635,55.50718288129341982730987616291483485546152674386344775,1.374041773351740088937409343074651432322327678853633703e-57,1,ROOT_OK
kepler,kepler_0001337,cal,high_e,0.964418102765460361069926875643432140350341796875,0.8232217944859450435289359700709683082940014331131433868,0,0,0,0,1.768796938063253791100925335674778164276188667976747147,0.8405408964009198712782524379345304843156267083993167534,0.0,1,ROOT_OK
kepler,kepler_0001338,test,ordinary,0.488639809969328930971954605411156080663204193115234375,1.009028696159050691310214012930634382784363656651144503,0,0,0,0,1.496313729518130656405321849607833803404521923675818931,1.037733570171841214643909699353724802309970901424953793,2.039157646249538914596966909142671111156613830646552046e-56,1,ROOT_OK
kepler,kepler_0001339,test,ordinary,0.1077837867596530968539170203257526736706495285034179688,2.140504167794119997315763807599521618902796388944994149,0,0,0,0,2.225970443223509914760124881777341691563154106527784281,0.9383747071001197917612506241925680996490280274545141043,4.078315292499077829193933818285342222313227661293104092e-56,1,ROOT_OK
kepler,kepler_0001340,dev,difficult,0.9999999999828853392292258364636336124374970274882710667,0.000001657913255894135228257551874270222296953094069468217982,0,0,0,0,0.02150672757542696053231391093062628822134439575972211492,4324.122965604454097360184437046921253510235696165546621,1.23118467887934025462278342264006145522427770250542841e-58,1,ROOT_OK
kepler,kepler_0001341,dev,high_e,0.91437036376518221469922309552202932536602020263671875,1.025618852194934296486383200853974243360579406183041833,0,0,0,0,1.89295008726802291240411750005587537582116262869928886,0.775494958494364277314373609598120676401099918965025472,0.0,1,ROOT_OK
kepler,kepler_0001342,dev,ordinary,0.1932735682432442370082270599596085958182811737060546875,2.921643886036684454901281086890526337682418946785032281,0,0,0,0,2.957099580610594866878364540433611569570113833491624217,0.8403406579047294286978213626804088429602492956770827559,0.0,1,ROOT_OK
kepler,kepler_0001343,dev,ordinary,0.73789622324649817297625986611819826066493988037109375,1.22901528818371686164671560157657167802358190070113065,0,0,0,0,1.921896162346924818743463072951946595505809670472929506,0.7975847821947951138802607266869263472486577469952942235,0.0,1,ROOT_OK
kepler,kepler_0001344,dev,difficult,0.9999999699229381720577683727027619029568609297090721889,0.0003756728660237828342449520039824212727809861902414794911,0,0,0,0,0.1311525335563373766732543783282958781383083506159549347,116.438803053099605098503847369816955473284979304585849,1.453696368908362702788853362963037022601882906613264642e-57,1,ROOT_OK
kepler,kepler_0001345,dev,high_e,0.9139794294393384088692755540250800549983978271484375,1.795123892660856063458211005636269526018029090195425937,0,0,0,0,2.407447162440631090426896317466430401378387516678178032,0.5957552916640200063671142157381079994246075093360311687,2.039157646249538914596966909142671111156613830646552046e-56,1,ROOT_OK
kepler,kepler_0001346,cal,ordinary,0.406574947990056168034556094426079653203487396240234375,0.5802276208093728117096468488188560847257586614997035903,0,0,0,0,0.8982713623304396630695241672771710168147783764386289917,1.339192211880610500306033488338535461960442792871333728,0.0,1,ROOT_OK
kepler,kepler_0001347,cal,ordinary,0.440178202271753471475079777519567869603633880615234375,0.8334772549975270381648749117256460234399329827989332292,0,0,0,0,1.251392465108054453145388069605196510648503339281355876,1.160383889390575933464778573068142614527653504335543793,0.0,1,ROOT_OK
kepler,kepler_0001348,test,difficult,0.9999999998132342074349343754259067443650620394359427044,0.000005431440717529395475374851545092998550212822056655867316,0,0,0,0,0.03194204061277111348067681155692526639227912975744161289,1960.38534682587032115643007620627710473236194774977394,6.222237400951409064430671045773401725060178387200076987e-58,1,ROOT_OK
kepler,kepler_0001349,test,high_e,0.9498007722806665054093855360406450927257537841796875,0.2435561186040673846728228499526735710415089931230255034,0,0,0,0,1.082241802026803489483429985653636998393477141461217702,1.804366924918161051655168462195435953108422844011187747,1.019578823124769457298483454571335555578306915323276023e-56,1,ROOT_OK
kepler,kepler_0001350,dev,ordinary,0.73667835457833075185618554314714856445789337158203125,1.609749417937269337524089343159667806628375044557717503,0,0,0,0,2.203729992656433513295330033048101274132813522417614097,0.6964978535826295597475237706820746505982800016859395445,6.117472938748616743790900727428013333469841491939656139e-56,1,ROOT_OK
kepler,kepler_0001351,dev,ordinary,0.88977255525675802427798544158576987683773040771484375,2.237126928024009328139938185224867611654015691578780687,0,0,0,0,2.653992030986798159852338018838769182296140544251111811,0.5598859496789772818182289772982029209912996413139748368,4.078315292499077829193933818285342222313227661293104092e-56,1,ROOT_OK
kepler,kepler_0001352,dev,difficult,0.9999999994254332344703478376333036134873085452421877185,0.00002963389980378743311487542556935468759515088970702950579,0,0,0,0,0.05623448878932260009333387088826443719357901590795813884,632.6139817337432741773764962552849565950234120122404855,2.822137428510027764189833048389286343107679358515049295e-58,1,ROOT_OK
kepler,kepler_0001353,dev,high_e,0.9487375944893006174396532514947466552257537841796875,1.510666417046431220247119756283181039115921750078253484,0,0,0,0,2.249281641310649204602819434118732140536636746114475932,0.6267857538393764455497317636572206256680009327826987094,4.078315292499077829193933818285342222313227661293104092e-56,1,ROOT_OK
kepler,kepler_0001354,dev,ordinary,0.71223144552043471389168871610308997333049774169921875,2.145629530761405942229284629013986759049507287303358086,0,0,0,0,2.545491025738587470082357417939951549666673661789415243,0.6291709070111377083239221078235235594117886885674689954,4.078315292499077829193933818285342222313227661293104092e-56,1,ROOT_OK
kepler,kepler_0001355,dev,ordinary,0.1412686123178717167991891301426221616566181182861328125,2.880970082486681423499863774320910423772335853162583116,0,0,0,0,2.912984652388366913145830422573315799014390529621262468,0.87904885660723899361579666140950596587386698774330106,0.0,1,ROOT_OK
kepler,kepler_0001356,cal,difficult,0.9999999994046547596292831763276792130351845799285501522,0.0005754162141088802319907901848544151011513727367739320174,0,0,0,0,0.1511970208223746194465114410452640260720040810503437261,87.65385349018423330927924968068973900368257803503197898,1.234646231127650514697382308269976649333106030274279559e-57,1,ROOT_OK
kepler,kepler_0001357,cal,high_e,0.9846815748981170290932141142548061907291412353515625,1.290615399263582383839582296395518795333894442300646707,0,0,0,0,2.126915481825005122400780111522736899161617410742323736,0.6579780085015244940325393342447679983830886598684803798,6.117472938748616743790900727428013333469841491939656139e-56,1,ROOT_OK
kepler,kepler_0001358,test,ordinary,0.760077009951609650073578450246714055538177490234375,2.681746631992755362179756313660018215722729239108420991,0,0,0,0,2.879029627178887142793311359162306965350467983920909965,0.5766920978735042093010789037261732283485729388631195512,8.156630584998155658387867636570684444626455322586208185e-56,1,ROOT_OK
kepler,kepler_0001359,test,ordinary,0.2006234566898026649983677316413377411663532257080078125,2.840205013506018216337587330507652504974496598949857172,0,0,0,0,2.890125242467664739345090402604606608273383138236391848,0.8373010833706377496727669805435362305245958803292850231,0.0,1,ROOT_OK
kepler,kepler_0001360,dev,difficult,0.9999999992758703363711170895057534907305296350676962489,0.00005915519225676175633104362804221296704436171228066428765,0,0,0,0,0.07080830627396131102423438292450527468154922942265255971,399.0643402337604757004906954602922806957052806726050307,2.763018783370346917971964439878375162822071962912198207e-58,1,ROOT_OK
kepler,kepler_0001361,dev,high_e,0.98515387435197343535264735692180693149566650390625,1.36566951977225659101349915878049440226579757429273766,0,0,0,0,2.175901636489682540320697327943005657333651869142639799,0.6408598836785987825050647939301774398614575647530662061,0.0,1,ROOT_OK
kepler,kepler_0001362,dev,ordinary,0.275600193715531405214136384529410861432552337646484375,0.7453610821116851266513113843759337656694202222277491407,0,0,0,0,0.9731966020785795421774091631172000817339091688846702354,1.183528811970027452679335666415456572021855288460836945,0.0,1,ROOT_OK
kepler,kepler_0001363,dev,ordinary,0.157666829614268311221536578159430064260959625244140625,2.423416723084567176645362769429316571690892227104597445,0,0,0,0,2.515772048276319262303323198454560674385054092557719404,0.8866928543320711047945642336079965253006442421824567451,4.078315292499077829193933818285342222313227661293104092e-56,1,ROOT_OK
kepler,kepler_0001364,dev,difficult,0.9999999994594413300725725489288952423686891352486920254,0.0000006094834829428669768866372785707722711520098890469005458,0,0,0,0,0.01540650527824803979923740375248887647960925976964025986,8426.133468793519675947145131272500533093230979833264112,1.20415345626613092033237639440645404055421379464754584e-58,1,ROOT_OK
kepler,kepler_0001365,dev,high_e,0.969287324090637003592973997001536190509796142578125,2.253087348221596711366977063524480522243357990789831423,0,0,0,0,2.682560132707988581165187887164194940735234708892477712,0.5350602967631868823689787233197362957377212478375617383,0.0,1,ROOT_OK
kepler,kepler_0001366,cal,ordinary,0.1146280395024021070415898293504142202436923980712890625,2.860632775134986554659181070399236643173649422872935854,0,0,0,0,2.889252082466676178905216434913843927069034463711827053,0.9000917509132186522297578429231447220916401681171133639,4.078315292499077829193933818285342222313227661293104092e-56,1,ROOT_OK
kepler,kepler_0001367,cal,ordinary,0.4627113183293902753945303629734553396701812744140625,2.410598583867758897396175640285527481283346638697673507,0,0,0,0,2.63507577098216813706894717705575687382265007287209794,0.7119398242985340688546221734864324909888720773834977471,4.078315292499077829193933818285342222313227661293104092e-56,1,ROOT_OK
kepler,kepler_0001368,test,difficult,0.9999999999806658897020442961986094791687841329805265231,0.0000000656097598632453790053458926439159732737666139859319957,0,0,0,0,0.007328919908253017840479744773148777425077064777365685374,37235.02721633915364173736793920043465019290111616027913,7.438326406051250221396671406783004363278961767061849753e-59,1,ROOT_OK
kepler,kepler_0001369,test,high_e,0.95673567126603542565277393805445171892642974853515625,1.691417040567539476809740836007916215858593265256410694,0,0,0,0,2.363185387040167875091433731529578458963358317678652342,0.5948036221592383410103599635793832478822632364603414404,6.117472938748616743790900727428013333469841491939656139e-56,1,ROOT_OK
kepler,kepler_0001370,dev,ordinary,0.6262638746438360382029486572719179093837738037109375,3.102757534928936047459116673811886739515490436832224918,0,0,0,0,3.117711818043127085065256923480834993819599415092483943,0.6149738863342079819537458797347443897349717877705398554,0.0,1,ROOT_OK
kepler,kepler_0001371,dev,ordinary,0.80433671238676962556013450011960230767726898193359375,2.633343576139237841917134358182706011566619164240207989,0,0,0,0,2.858226998457120684606080138399253185058645286009523997,0.5642514009802559628932353768007673876135169072527356788,4.078315292499077829193933818285342222313227661293104092e-56,1,ROOT_OK
kepler,kepler_0001372,dev,difficult,0.9999999999556635698054305121746566314391030629714600451,0.001465739243107048027798597264995592992374844038980763562,0,0,0,0,0.2065593392835433425948490692809371884253585439562464753,47.04191948214653474700374348098103606363759954238893267,2.051105835583032306674683512125928949698547114810496687e-57,1,ROOT_OK
kepler,kepler_0001373,dev,high_e,0.91769940465508470506250660037039779126644134521484375,1.339624395621479769264560112872990123663732391438335865,0,0,0,0,2.121599926784022902265335092531321200146268059951273716,0.6755395136788815920113962580148355470851950657233816693,4.078315292499077829193933818285342222313227661293104092e-56,1,ROOT_OK
kepler,kepler_0001374,dev,ordinary,0.59945984259814932837429068968049250543117523193359375,1.001308998351326571379014578314299272424792599241803603,0,0,0,0,1.600504329145434823907749617741088413637580590326661156,0.9825053766608462959181020758903719763818694941772051238,4.078315292499077829193933818285342222313227661293104092e-56,1,ROOT_OK
kepler,kepler_0001375,dev,ordinary,0.01404031188353095475906950895250702160410583019256591797,1.566922366801991817587020222987927884209975864470036756,0,0,0,0,1.58096195322913035620788022264379181768266382746495964,0.9998572942604546254842919668244201328437522036164304712,2.039157646249538914596966909142671111156613830646552046e-56,1,ROOT_OK
kepler,kepler_0001376,cal,difficult,0.9999999988867433499932391904098248509373559502952851799,0.000000338923195006030703396365498036584803432947098886201059,0,0,0,0,0.0126691064419498512049348641566096043714531135857172936,12460.56717008425791631067605274803398456697290060338743,1.194867550656197497941247361326204011413958027739532224e-58,1,ROOT_OK
kepler,kepler_0001377,cal,high_e,0.947020462447544897344187120324932038784027099609375,2.459799283772148703000069597290244652308359078080168382,0,0,0,0,2.787854091267528220073871603270889197771546490815250962,0.5295530479127725954625293019837098772346880972079818016,4.078315292499077829193933818285342222313227661293104092e-56,1,ROOT_OK
kepler,kepler_0001378,test,ordinary,0.2105463171881580830557822991977445781230926513671875,2.066230975390852163097599517040916072004671789138595809,0,0,0,0,2.232359002339678234949338520095371410391974751132062258,0.8854656729140094267372036258797620891230795815817144275,0.0,1,ROOT_OK
kepler,kepler_0001379,test,ordinary,0.2249554360838543487499663342532585375010967254638671875,0.8460585412807792653809328066966260616788303295525466688,0,0,0,0,1.040068906732128776296026757468269793500631341772713552,1.128494478133105095116117674560002045718015163622892909,0.0,1,ROOT_OK
kepler,kepler_0001380,dev,difficult,0.9999999953160733708891743668385667028559560604361102494,0.0008399398343221883736193626762409268282442705452745586183,0,0,0,0,0.1715323295673518227539306471347214697277897256624128727,68.14013896687814058965196169534470649617783612470487911,7.567186577879148315887181889396631076557746637164939234e-58,1,ROOT_OK
kepler,kepler_0001381,dev,high_e,0.9099041408027581656625670802895911037921905517578125,0.9565728721024864069441980303072866183498794043606105126,0,0,0,0,1.834922454199869406825286084236210812520279159729921556,0.8080515205235369589749152044745841785317702446148748677,2.039157646249538914596966909142671111156613830646552046e-56,1,ROOT_OK
kepler,kepler_0001382,dev,ordinary,0.693849085542763699407942112884484231472015380859375,2.138884038992134255924931654085608955644310006338795014,0,0,0,0,2.534635348085787470672641600770662994507747453284880095,0.6369756135860078321322110088902555418105478710571195984,8.156630584998155658387867636570684444626455322586208185e-56,1,ROOT_OK
kepler,kepler_0001383,dev,ordinary,0.03981180078095946511806957346379931550472974777221679688,2.698518874490854353116287048437608588311441576782984357,0,0,0,0,2.714992137141326620022456868401448488362613398785276647,0.9650238928510162352459306993251823063856867476315832185,0.0,1,ROOT_OK
kepler,kepler_0001384,dev,difficult,0.9999999996569624390736202819725729955154654445400695731,0.000001079338813906281765818823929733792806744450120751119765,0,0,0,0,0.01863966083485561446738561520802793893633245949239019151,5756.595329078489329953167111683560675525913804416542132,1.470187359394694728312785132705554351839447074860375735e-59,1,ROOT_OK
kepler,kepler_0001385,dev,high_e,0.90980944607735703133499782779836095869541168212890625,3.087491170069164915052750705473833376008707023724136892,0,0,0,0,3.113262638114144541980965404902791476506080862815930469,0.5237125608037980714562913497455300674840069886856608549,8.156630584998155658387867636570684444626455322586208185e-56,1,ROOT_OK
kepler,kepler_0001386,cal,ordinary,0.17880959363412840534834913341910578310489654541015625,2.05373365874877421112602965020022098268512805024376622,0,0,0,0,2.198462221101861386809191937396440044725641955643487315,0.904971471264058856521525384954740312036056221218480136,4.078315292499077829193933818285342222313227661293104092e-56,1,ROOT_OK
kepler,kepler_0001387,cal,ordinary,0.50743553358369519745707520996802486479282379150390625,0.8015046829608999679926220817480211604796864270116005379,0,0,0,0,1.28891345809447880256130855579207102993398382097735083,1.164348558645848534428945030019752102598993730351700211,0.0,1,ROOT_OK
kepler,kepler_0001388,test,difficult,0.9999999794334968700144820428257699297804653495683470444,0.000001281114657202806604714995850811315638250307718758231265,0,0,0,0,0.01973346594937279428508817975729328005921708649307117161,5135.603466989126270702832568778068754175364342574432207,2.476954549816167560121685745406170076637438808531297055e-58,1,ROOT_OK
kepler,kepler_0001389,test,high_e,0.915810402336941109524559578858315944671630859375,2.324199678972200374295656529780790072878517069435189496,0,0,0,0,2.70852561944028010283550657156976870863544404557947608,0.5460704753076698623831483686985184681055051777325035844,4.078315292499077829193933818285342222313227661293104092e-56,1,ROOT_OK
kepler,kepler_0001390,dev,ordinary,0.457594864952049984463400278400513343513011932373046875,2.612915280604075089424026013523988512386405872995910495,0,0,0,0,2.776355017706547391045872467464128469510438509146374506,0.7005688713934367250967242275162510823587816587685127645,0.0,1,ROOT_OK
kepler,kepler_0001391,dev,ordinary,0.388842955476879359455466556028113700449466705322265625,0.6199990848412402530423054785493053514544541734125024405,0,0,0,0,0.9322182457578251635727177057807140590662531541549987937,1.301696086416740186976020208706060198717448215249732119,0.0,1,ROOT_OK
kepler,kepler_0001392,dev,difficult,0.9999999879255054263895727660636375639234967404018120441,0.002014402515018911511651758976293672555896374968306917409,0,0,0,0,0.2296928849819641885004341791883405148521240049673031884,38.07544270915971882146880149135164100124206311657145194,1.393955422240895742400270348046747829892216485793541438e-57,1,ROOT_OK
kepler,kepler_0001393,dev,high_e,0.96280756140546708277128118425025604665279388427734375,2.728171082351647725836609753984220428463910385174698177,0,0,0,0,2.930194362299470130038420043737387326729002140590984981,0.515099101778491370767798204762636728369299014831018456,8.156630584998155658387867636570684444626455322586208185e-56,1,ROOT_OK
kepler,kepler_0001394,dev,ordinary,0.25268401181346822337303592576063238084316253662109375,1.774975394095067892886105058771958827110939459430716657,0,0,0,0,2.004287372613643477943199800727407770197689381896355864,0.9040465181084448963810009535935488355940303643250814094,2.039157646249538914596966909142671111156613830646552046e-56,1,ROOT_OK
kepler,kepler_0001395,dev,ordinary,0.82936552150026054963660726571106351912021636962890625,1.296786976041993501503486646570081893324681796602140369,0,0,0,0,2.037468745334868252754207753578535268383861386683219032,0.7282548587875305479724255418302800079106046110643624181,0.0,1,ROOT_OK
kepler,kepler_0001396,cal,difficult,0.9999999999859704658728053312903709363636027767484790537,0.0000001293891034824067341600305739483873217297142234345657663,0,0,0,0,0.009190732342224791234154389398461204185452971881415460954,23677.32696398039870711451893272200405696479346931400618,4.691327025290709914303644225543071004654346742349601738e-59,1,ROOT_OK
kepler,kepler_0001397,cal,high_e,0.97887083731172419565069731106632389128208160400390625,1.319577110455422579632630601730258525064814544938123571,0,0,0,0,2.142688464345067406641501953479707253109795847635458044,0.6536851495259799719973993324893151333337565964920421746,6.117472938748616743790900727428013333469841491939656139e-56,1,ROOT_OK
kepler,kepler_0001398,test,ordinary,0.8369483693087962361545351086533628404140472412109375,2.219802429255308340895117339971332482193688027273438906,0,0,0,0,2.629736608725898506859138028174122967765811920176384407,0.5781407881100516028878476522357398099406837250095744824,4.078315292499077829193933818285342222313227661293104092e-56,1,ROOT_OK
kepler,kepler_0001399,test,ordinary,0.2062113459566000950307085304302745498716831207275390625,0.829744667858914555024556931524980635508265681245096327,0,0,0,0,1.003673667438159572667188176669885908727530063136663003,1.12457888967684918144565254697604026124307474178550807,1.019578823124769457298483454571335555578306915323276023e-56,1,ROOT_OK
kepler,kepler_0001400,dev,difficult,0.9999999889084575933508227941759991610995485028817751134,0.005567352680558697295921483197514924612559874911404336939,0,0,0,0,0.3226165900456368568656840704305427966540545650012598966,19.38325103503001209075925291481681069175999189487312711,5.575821688963582969601081392186991319568865943174165751e-58,1,ROOT_OK
kepler,kepler_0001401,dev,high_e,0.971139540810317836161402738071046769618988037109375,0.3613066536166161182404494880556086709778268624962452274,0,0,0,0,1.296012911810956581906628108669337022750490033251247324,1.357787134804562385664004133104051438695945959547673321,1.019578823124769457298483454571335555578306915323276023e-56,1,ROOT_OK
kepler,kepler_0001402,dev,ordinary,0.61577277057845503094313244218938052654266357421875,2.326941088378933755859026383508414386424163333758896009,0,0,0,0,2.628960729712978195875075625355332041772398194021522285,0.6507792914888423990816320528947970835956065136806315676,0.0,1,ROOT_OK
kepler,kepler_0001403,dev,ordinary,0.85332037030519292120089858144638128578662872314453125,2.256951796232389445254309468347192943626007587312319969,0,0,0,0,2.655557854440714533697181036349443437100507220815927199,0.5699632506279875324554437197819343324667384048521165605,8.156630584998155658387867636570684444626455322586208185e-56,1,ROOT_OK
kepler,kepler_0001404,dev,difficult,0.999999941026853973287919533155488564947785067012093849,0.002600416031131435477575161135902422164744739219966658243,0,0,0,0,0.2501401928360585349788990393551555038651273181375649188,32.13127119159408226602782960144861874451919122012980007,5.974094666746696038858301491628919270966642081972320448e-58,1,ROOT_OK
kepler,kepler_0001405,dev,high_e,0.92375843829526360639903259652783162891864776611328125,1.872030332433106788184495454700385964315094688660131904,0,0,0,0,2.456519614421565438058679721901260640987471646509713594,0.5829770330362887888906867956570300228659206362405663045,8.156630584998155658387867636570684444626455322586208185e-56,1,ROOT_OK
kepler,kepler_0001406,cal,ordinary,0.61076608692353817620102063301601447165012359619140625,2.377109423816239224017150291861030966428295610281105374,0,0,0,0,2.660007098042131855197753620621877739036010856478583072,0.6488035694487725385114135197516822524747951202166141257,4.078315292499077829193933818285342222313227661293104092e-56,1,ROOT_OK
kepler,kepler_0001407,cal,ordinary,0.14274344205811739794143022663774900138378143310546875,1.429134474238392143958207024269008750653194135134411051,0,0,0,0,1.571877832816207753298033939253583065917469116401894929,0.9998456459668519140846185337706014500516245360286334264,2.039157646249538914596966909142671111156613830646552046e-56,1,ROOT_OK
kepler,kepler_0001408,test,difficult,0.9999999882789783126826956222803761112791603196744910137,0.0002452052626818179563496430537297436634091192831374377128,0,0,0,0,0.1137592096917087296620786510298801582043494656980577689,154.7121734611755192760280910406148534847943267179147797,4.181866266722687227200811044140243489676649457380624313e-58,1,ROOT_OK
kepler,kepler_0001409,test,high_e,0.931478297919243747315931614139117300510406494140625,0.2288159592277314529178356106732130880000208625918644065,0,0,0,0,1.024929668176860235474695726699299779119710982312614353,1.936428376591013229394199982378300278057770821412388333,0.0,1,ROOT_OK
kepler,kepler_0001410,dev,ordinary,0.25631952827954795903764306785888038575649261474609375,1.551394633686667062501366377028694538553272504274463205,0,0,0,0,1.800955065689973122290208786029798356897170069444736757,0.9447556879825688064405543300581638949582920673090557274,2.039157646249538914596966909142671111156613830646552046e-56,1,ROOT_OK
kepler,kepler_0001411,dev,ordinary,0.6477451548271064840633925996371544897556304931640625,2.57919865563650933194664894290305168929366351345450084,0,0,0,0,2.797630903444873751885702218811843645122148880308180326,0.6211935662919078316849730896074993454611451498309139062,0.0,1,ROOT_OK
kepler,kepler_0001412,dev,difficult,0.9999999995510954360502487156026604521556560215870238793,0.00001303325178989864697936025107790282859408510104271718751,0,0,0,0,0.04276426735245447875393368931217244247322016225132279949,1093.789871499012432373594923405959772783775918564913406,4.566137460130612727616956999461166161533097528799156384e-58,1,ROOT_OK
kepler,kepler_0001413,dev,high_e,0.9171138103023801502189371603890322148799896240234375,0.7233497556759438537254008481810225051725358931434642633,0,0,0,0,1.6383704703397367638236089159057236043556343401570324,0.9416851784888656148599649537395037544846114699091289516,1.019578823124769457298483454571335555578306915323276023e-56,1,ROOT_OK
kepler,kepler_0001414,dev,ordinary,0.89906977463565207475681972937309183180332183837890625,0.2159871973717204920682590351567298312876027144035124658,0,0,0,0,0.9443246954582801020723553364573586609825066473545456647,2.114682121274199955770745597463425150679482300358697877,7.646841173435770929738625909285016666837301864924570173e-57,1,ROOT_OK
kepler,kepler_0001415,dev,ordinary,0.175143780420279615572809461809811182320117950439453125,0.69636581835339631708815187215182194465431232680838537,0,0,0,0,0.8250196262987196578477166403415271600371277593506837641,1.134870903541929933626146229508308971935266943484605713,0.0,1,ROOT_OK
kepler,kepler_0001416,cal,difficult,0.9999999999330770891175721051387884821429324655398467865,0.0000003054874905100846353789981890845024967350591752518860798,0,0,0,0,0.01223814486597781409463707433486533243861759022896599038,13353.76866813565108612108194931938563833303930795061337,1.111926425155954468625717882609415793019841073053295418e-58,1,ROOT_OK
kepler,kepler_0001417,cal,high_e,0.96998406639360557068840762440231628715991973876953125,1.673081025765264606909149994778802576421088136212743127,0,0,0,0,2.357836314549255949222768075597668832073666111677467879,0.5927655978307316517889305970766365238264952736180190615,4.078315292499077829193933818285342222313227661293104092e-56,1,ROOT_OK
kepler,kepler_0001418,test,ordinary,0.607136927397693426655678194947540760040283203125,2.641555739416979571743319711085567171285258414702138851,0,0,0,0,2.828535101309928189913332696142317149453133073392580416,0.6338630377800430225971706661580297999692616523971220557,4.078315292499077829193933818285342222313227661293104092e-56,1,ROOT_OK
kepler,kepler_0001419,test,ordinary,0.1298832066065821189138063118662103079259395599365234375,2.195419379133630394256803141355219776260227667206885279,0,0,0,0,2.292887048985619184259425220361190587211518692712125844,0.9209400919547485974787278997700381181271742167234159426,4.078315292499077829193933818285342222313227661293104092e-56,1,ROOT_OK
kepler,kepler_0001420,dev,difficult,0.9999999657920604340612238655361225578286375253292265338,0.00004472693316030015571467950741310600241151297080966300546,0,0,0,0,0.06450545425020466602140789550016884296006118962994342315,480.8178549631100322385649176897686091071621793385314277,7.025784248705228987365648316717760267626394698486197693e-58,1,ROOT_OK
kepler,kepler_0001421,dev,high_e,0.920814363490760623420783304027281701564788818359375,0.4192093200864126292577115139348145336857767710474222743,0,0,0,0,1.308538295589400752164375848568178552911604369191489574,1.313598191819997341766678063532015997303916626934029266,5.097894115623847286492417272856677777891534576616380115e-57,1,ROOT_OK
kepler,kepler_0001422,dev,ordinary,0.6167936545220829014368746356922201812267303466796875,2.279978763983299879958540603661236793112599993386047332,0,0,0,0,2.598649971108466975033751834471712443126857115225447362,0.6544100841918354009308258273139129209881538412582627643,0.0,1,ROOT_OK
kepler,kepler_0001423,dev,ordinary,0.8042812094138469536375168900121934711933135986328125,1.246248135843347822966651838941249277021788423061901872,0,0,0,0,1.983123201988777220510851770715127922942542816604007311,0.7562526135872104549459641793575174539033434922873704416,2.039157646249538914596966909142671111156613830646552046e-56,1,ROOT_OK
kepler,kepler_0001424,dev,difficult,0.9999999992511049063458030284466464169630848897582877104,0.0002300941410324543717708911156858175743566422324316475612,0,0,0,0,0.1113718242403703881187749308289820695055699600090675027,161.4091786194625782257244808511607684820063187406654987,4.853951916731690531572369961948496907660396691602510364e-58,1,ROOT_OK
kepler,kepler_0001425,dev,high_e,0.9301682545108629351915396910044364631175994873046875,2.582296775742364309171702565296808438623830723793659756,0,0,0,0,2.849841183479698892415627904437836408456051659937333125,0.5288596590703578329914586937831503876132266266396439293,4.078315292499077829193933818285342222313227661293104092e-56,1,ROOT_OK
kepler,kepler_0001426,cal,ordinary,0.2221011053754804454030136184883303940296173095703125,1.563989339261272589804508500336692679164370225383112653,0,0,0,0,1.781192716912770277900287973698473941418757560711535681,0.9556709405220196580107369412231448467398238989946625109,2.039157646249538914596966909142671111156613830646552046e-56,1,ROOT_OK
kepler,kepler_0001427,cal,ordinary,0.681296410495548343533300794661045074462890625,1.313215107319096095418180666060821078436468993237023062,0,0,0,0,1.946892651978287363516604111049137420949240908836601776,0.7998496114934845254316092866303255382242100068860170944,2.039157646249538914596966909142671111156613830646552046e-56,1,ROOT_OK
kepler,kepler_0001428,test,difficult,0.9999999990556514454817953059118701402463537020877488646,0.0000001031767451949868408445635402003945411909604337792705088,0,0,0,0,0.008522498323875551924234808668476379026956929329133830223,27535.15228785112759254606042476028285544305188870468898,1.07735951997971015804931608931068400915218740670985206e-58,1,ROOT_OK
kepler,kepler_0001429,test,high_e,0.93506235980145302466581824774038977921009063720703125,1.683919397134890803755273870260603067275988645046280172,0,0,0,0,2.349511954978702275529804739855771077708693211137661113,0.6035892603433212785057111702742199919226097383213624721,4.078315292499077829193933818285342222313227661293104092e-56,1,ROOT_OK
kepler,kepler_0001430,dev,ordinary,0.4652690879887180219753872734145261347293853759765625,0.7645588237333792805891512996297290026726021334632716857,0,0,0,0,1.197843161047261851749779870301595901122446737238337964,1.204135647349179469680421709063638349781586358225489771,1.019578823124769457298483454571335555578306915323276023e-56,1,ROOT_OK
kepler,kepler_0001431,dev,ordinary,0.5326990012026693310787095470004715025424957275390625,1.194397448217036769602851823548064200024820855829249125,0,0,0,0,1.721091308737986775951512467202835933677276243736525811,0.9261309502603362414041241543543516849920582901651321659,0.0,1,ROOT_OK
kepler,kepler_0001432,dev,difficult,0.9999999951830386163635127000019659370969045992709555505,0.000002551995621541086175110127077453419450745011478882628529,0,0,0,0,0.02483179248764683702116437214637506490009931819158892106,3243.615654422635138779262842669596887553816525251312568,2.371746697774827633135281412496949851194959857803854824e-58,1,ROOT_OK
kepler,kepler_0001433,dev,high_e,0.9271659697895391349931060176459141075611114501953125,3.107913760969012093828141181134552323987964164864831424,0,0,0,0,3.124116360449150834240670233190570421193244501043771686,0.5189347926918699207134702836834412554154680139339243571,4.078315292499077829193933818285342222313227661293104092e-56,1,ROOT_OK
kepler,kepler_0001434,dev,ordinary,0.43485485797981981992421651739277876913547515869140625,1.015489396961619725830385375531753425770529060591256996,0,0,0,0,1.447017243545865264611654808716683966905115673109415384,1.056734594671385828331705646615807553686798810751265183,2.039157646249538914596966909142671111156613830646552046e-56,1,ROOT_OK
kepler,kepler_0001435,dev,ordinary,0.7894591924023313112002142588607966899871826171875,0.09389713130808704884680796158209666146969573022870548701,0,0,0,0,0.404850076860114598119352981010435957322701215808902791,3.644852343704549289352215702170820705694345987529857531,2.548947057811923643246208636428338888945767288308190058e-57,1,ROOT_OK
kepler,kepler_0001436,cal,difficult,0.9999999953833361861170138960616280678576173454046446126,0.0006898290512460473225871613005755330894897828497534974561,0,0,0,0,0.1606266175598016513742293389965362301369871984223161746,77.68349931633095076861649730193575980771315136771379284,1.403912246685473569131700850532796028677160889263495305e-57,1,ROOT_OK
kepler,kepler_0001437,cal,high_e,0.92536183563029872356509031305904500186443328857421875,2.324730213706330361892907354385141664585245590321161554,0,0,0,0,2.71099183601560087410380661365939166762357312483769319,0.5432154232350667472971736734876362918112232040839592433,8.156630584998155658387867636570684444626455322586208185e-56,1,ROOT_OK
kepler,kepler_0001438,test,ordinary,0.76393972553746170017774375082808546721935272216796875,0.9906195223698850432572039164603325699532246488137590249,0,0,0,0,1.743230096300574373849874664661143900095752250980535883,0.8841129622452136349599023230088857310761684308006843767,0.0,1,ROOT_OK
kepler,kepler_0001439,test,ordinary,0.5220110045269896748010296505526639521121978759765625,2.039789138400683042496047382269499807378556259055069553,0,0,0,0,2.39450007958583342070702861116905923580554484978419558,0.7230749200318235203990765829476498648567554439395897683,4.078315292499077829193933818285342222313227661293104092e-56,1,ROOT_OK
kepler,kepler_0001440,dev,difficult,0.9999999907123248399073002650502207758950307355852815874,0.0003649975622463795524649987681086169578705344359095081474,0,0,0,0,0.129897880299976860712105210148496859124017378513759193,118.6960179135603305501917258772644594148818252145696266,5.476253444517804702286776367326509331719421908474627077e-58,1,ROOT_OK
kepler,kepler_0001441,dev,high_e,0.9257788066547456562460638451739214360713958740234375,1.124088226274548026459755946571572560011365230205911675,0,0,0,0,1.975193491035062405216746177636137427109610343537206234,0.7329974601965705930789024024836679426860721742366515811,4.078315292499077829193933818285342222313227661293104092e-56,1,ROOT_OK
kepler,kepler_0001442,dev,ordinary,0.328268145064801564192435989752993918955326080322265625,1.038018430795113416186581675874380155264058292672653954,0,0,0,0,1.358947779013080477769226159541706128048997537072516957,1.074141679305553574561697904694430481834758475639642926,2.039157646249538914596966909142671111156613830646552046e-56,1,ROOT_OK
kepler,kepler_0001443,dev,ordinary,0.0004279419796003214207340270558432848702068440616130828857,0.7865210521443283576813229854531841249454044025266978359,0,0,0,0,0.7868240839968175343951876675587882296638619064568945808,1.000302260217340265963519765309617915337591997501996787,1.019578823124769457298483454571335555578306915323276023e-56,1,ROOT_OK
kepler,kepler_0001444,dev,difficult,0.9999999997862112986780620778879079860872303820341462529,0.000002702806302767300260649989760530197045588483012578254708,0,0,0,0,0.02531199671816811921153675879160222754476063813852400118,3121.764104726086010324737891775896134147133161284346229,2.333630729197928140179024020167546590221344563270437675e-58,1,ROOT_OK
kepler,kepler_0001445,dev,high_e,0.9320564282188195104339456520392559468746185302734375,1.81369133647194143555881139141745947146264764533784507,0,0,0,0,2.425519022278593666192519946724841845126796388232005147,0.5871531924097184068016051778775717339157290697261203614,0.0,1,ROOT_OK
kepler,kepler_0001446,cal,ordinary,0.152895245565804638321338870809995569288730621337890625,0.6788406814288928292641799146077853460005155879105907426,0,0,0,0,0.7871423517285449105432834305399817585774740087823341109,1.120981390493003206673728314355113012094106097601131757,0.0,1,ROOT_OK
kepler,kepler_0001447,cal,ordinary,0.4418129543415860727151311948546208441257476806640625,2.538678403463766926645387762755243607881002747818522907,0,0,0,0,2.719625487981701937410084660544488620018200422777165928,0.7127282251804145328821150652403200700057752555666563204,4.078315292499077829193933818285342222313227661293104092e-56,1,ROOT_OK
kepler,kepler_0001448,test,difficult,0.9999999999839907833627831339742931037532806702051342513,0.00000002450482366852732148326974854810338232038417812620515481,0,0,0,0,0.005277974810452402131482356756323577307964763373577510348,71795.27747493208621088554333081763846434003086196500828,7.268986249100468274453732593444544244173446750771405103e-59,1,ROOT_OK
kepler,kepler_0001449,test,high_e,0.98556050933893069032620815050904639065265655517578125,2.438067773713278121371370811999537908518158748693582187,0,0,0,0,2.783497614310193560350649145907424888248824634640746814,0.5200092662759471145200156002617637537084013571897532464,8.156630584998155658387867636570684444626455322586208185e-56,1,ROOT_OK
kepler,kepler_0001450,dev,ordinary,0.664197469023724895720306449220515787601470947265625,0.3501250251527937809742913059669175311000064526681252198,0,0,0,0,0.8484384338755362743298653796470578314381260070283888588,1.782969212094595815816738630379289533494631469789872833,1.019578823124769457298483454571335555578306915323276023e-56,1,ROOT_OK
kepler,kepler_0001451,dev,ordinary,0.1510447363020740174643918862784630618989467620849609375,1.570415049001167511891199405796840491438473230468739935,0,0,0,0,1.719786434694506706251434256110847306007952031762858822,0.9780706718048793059416125095066768093254437519617398293,0.0,1,ROOT_OK
kepler,kepler_0001452,dev,difficult,0.9999999777614823003282962648845315182762005736257108162,0.000000912340791291520135657134892500490769198988231160104276,0,0,0,0,0.01762149852943664905307022418386542096759882337481021283,6440.111164710123411167769310715567440003013347180097428,1.611566487738602541471964337927371549430356866318509751e-58,1,ROOT_OK
kepler,kepler_0001453,dev,high_e,0.91318416777469757494856139601324684917926788330078125,1.463274291697446022577667556512125940871203827086276772,0,0,0,0,2.201027713926196531593099594408633761742048081260539531,0.650123880294807114935480323845237917776078671482082907,2.039157646249538914596966909142671111156613830646552046e-56,1,ROOT_OK
kepler,kepler_0001454,dev,ordinary,0.61217704477191314804684907358023338019847869873046875,0.3577952801626560267392791863293152777725495946348145801,0,0,0,0,0.7946607170362948250738631372113190249748182843990282091,1.750842824999039142687291790302704844287975594841065757,5.097894115623847286492417272856677777891534576616380115e-57,1,ROOT_OK
kepler,kepler_0001455,dev,ordinary,0.7006147315643118655970056352089159190654754638671875,1.830744611496049707463059485653449779075430376098469131,0,0,0,0,2.336038298397507983936298743314572729719518127081140677,0.6732538250550178667250220878385928493005524246285760921,4.078315292499077829193933818285342222313227661293104092e-56,1,ROOT_OK
kepler,kepler_0001456,cal,difficult,0.9999999991990011672969137307870262420244959114354318021,0.00233282300877872549814285683022133398771481082826831958,0,0,0,0,0.2412305125933424345914349359539298751652482110008304229,34.53604260366271539180181832452243695529704178231781985,1.075337040014405286994494268493205468773995574755017681e-57,1,ROOT_OK
kepler,kepler_0001457,cal,high_e,0.9749618833052939859129537580884061753749847412109375,2.533345311895409705239604807721681499895705788955757173,0,0,0,0,2.831163910482205168212218423562845670420798120350117164,0.5185750124866521811200861830650323355522227409558645532,4.078315292499077829193933818285342222313227661293104092e-56,1,ROOT_OK
kepler,kepler_0001458,test,ordinary,0.338985151804923556806414808306726627051830291748046875,2.85499455258207573367791902997009045729403725614816508,0,0,0,0,2.927136155161458555072066752487985033335334362644419515,0.7511907786309174916085747742614673049888569768335567715,4.078315292499077829193933818285342222313227661293104092e-56,1,ROOT_OK
kepler,kepler_0001459,test,ordinary,0.84131127539376937551907076340285129845142364501953125,1.306829875506793467183047257526782629331380110575136861,0,0,0,0,2.052432178599524268947562361722465243340936896728684696,0.7195692838955059439310563373755075377837898258178863198,2.039157646249538914596966909142671111156613830646552046e-56,1,ROOT_OK
kepler,kepler_0001460,dev,difficult,0.9999999999272489679960914358759907186859068568721740595,0.001553491315149815151834236344550910437319526424301185018,0,0,0,0,0.210607790708491802846948982760991068941801857023153512,45.25712978869920156405329141469182673155996455173225077,2.290069622252900148229015571791085720537212798089389505e-57,1,ROOT_OK
kepler,kepler_0001461,dev,high_e,0.95825867981894052860525334835983812808990478515625,0.1075736644977360120139817772062566607317872388932729309,0,0,0,0,0.7846740333923480608520464516275672739096012026338328896,3.106378204889005065570301785929548769223562816271425928,6.372367644529809108115521591070847222364418220770475144e-57,1,ROOT_OK
kepler,kepler_0001462,dev,ordinary,0.7957832846385366476482658981694839894771575927734375,1.329027949272221949844784684826805509882788459977846474,0,0,0,0,2.039124590932495013783378401261002107561622281793071419,0.73571999986724408359180715274560518961427089338641984,0.0,1,ROOT_OK
kepler,kepler_0001463,dev,ordinary,0.32183542003962717359399903216399252414703369140625,0.2719243423343711677749593684844864713925449376948348559,0,0,0,0,0.3960942122169835896652140856236025627393136859300782898,1.4223077813301681739079356837108052952401185051515487,5.097894115623847286492417272856677777891534576616380115e-57,1,ROOT_OK
kepler,kepler_0001464,dev,difficult,0.9999999984897730103862443343453282751815110437776585666,0.0005188497605155681549748908308553229508277986770968836587,0,0,0,0,0.146066962526148843587226227440942362266014611827429428,93.90705810361533060597063178418629141773211380163025939,1.393955422240895742400270348046747829892216485793541438e-58,1,ROOT_OK
kepler,kepler_0001465,dev,high_e,0.982558128885627990456441693822853267192840576171875,1.553908767213378580755115101678978352215925991180976907,0,0,0,0,2.291891566674263050025153155618840450254279908757224245,0.6065412710466206727563790272323357386126968781529088043,8.156630584998155658387867636570684444626455322586208185e-56,1,ROOT_OK
kepler,kepler_0001466,cal,ordinary,0.2426550571888357321626017437665723264217376708984375,2.109111766199890189540209804240787828139623552739174815,0,0,0,0,2.291438449259772577895729825749794314077174407725041834,0.8619796953716384990060687146849329541922691909832278593,4.078315292499077829193933818285342222313227661293104092e-56,1,ROOT_OK
kepler,kepler_0001467,cal,ordinary,0.07528775718642437275729406565005774609744548797607421875,3.10240148914511582347569044984381442392020373017678602,0,0,0,0,3.105144947666663055879297078027917395797737092442617023,0.9300268662463309268571282088017520721351411177980126772,0.0,1,ROOT_OK
kepler,kepler_0001468,test,difficult,0.9999999900077257374025071036802908864746560358258752422,0.00005840742189005811304268064646331994851580486883134394053,0,0,0,0,0.07050836903655394225367198046570341822099387421473912946,402.4638201385448180508135452324498222509385517218280213,1.182372902793616924357372170218223605712147912057021755e-59,1,ROOT_OK
kepler,kepler_0001469,test,high_e,0.9685009894275464770174721707007847726345062255859375,2.379884977543466281451013910584099192663378220733534464,0,0,0,0,2.749748845103116751669692027645034500748093012394264997,0.5276780588847547566218020196721358899181447689330541545,4.078315292499077829193933818285342222313227661293104092e-56,1,ROOT_OK
kepler,kepler_0001470,dev,ordinary,0.08496893044716580245534487403347156941890716552734375,2.240465016760805244973921776810924353115674814187053036,0,0,0,0,2.303621360811875953202544079069694221241854333521147592,0.9462153724269824888180731753317188056663270898959216462,0.0,1,ROOT_OK
kepler,kepler_0001471,dev,ordinary,0.297949930707927246320565473070018924772739410400390625,2.028613627514864234347030739006887116346189596924980794,0,0,0,0,2.258786950728929995959857955803483333478655555715171458,0.8409056276676280560585784881280940601906977358543619016,0.0,1,ROOT_OK
kepler,kepler_0001472,dev,difficult,0.9999999998376239015010366457420296516674396838126186374,0.00000002027213658638721519666390699833816224672120765534250576,0,0,0,0,0.004954631474396147313331958483504914101261406906423060969,81470.88322258406375028097447878314261672140448892495766,6.406241753083322783775307736613591765838099925446697591e-59,1,ROOT_OK
kepler,kepler_0001473,dev,high_e,0.92694953079009689833611673748237080872058868408203125,2.966232453426028266988435968129452228652379964594095839,0,0,0,0,3.050528088922990849615023285359063570148263128490199534,0.5199914067169741285873600513072506038288238229497548422,0.0,1,ROOT_OK
kepler,kepler_0001474,dev,ordinary,0.49367925418968050532697589005692861974239349365234375,0.0939151853505097272847897439916069735680420570130707812,0,0,0,0,0.1844672310219765385500548756674698630324483076792495197,1.942892737640372498306981104764645038690004974676294185,1.274473528905961821623104318214169444472883644154095029e-57,1,ROOT_OK
kepler,kepler_0001475,dev,ordinary,0.66031187327791307506430484863813035190105438232421875,1.159911836385181082998948762942440433631189231931567959,0,0,0,0,1.802567659346639605695028476080523963949392019516728143,0.8683006242389620856795034797460692767172774545750103471,0.0,1,ROOT_OK
kepler,kepler_0001476,cal,difficult,0.9999999999746498630659273664475199155077543752333700873,0.000009092336959547005551216363977846768771163971877404221723,0,0,0,0,0.03792736352882671182560309152038586495027545761885241135,1390.518376914951276670119199290063733280514749833839894,4.995525514303031505409897419171994734133824928440916916e-58,1,ROOT_OK
kepler,kepler_0001477,cal,high_e,0.92182721945468715230020961826085112988948822021484375,0.3081540596142676405663552388062827644560798920202282039,0,0,0,0,1.149301461282388855084129545581232418118457736530809863,1.60550368669119852265201825083110349064374138992549931,5.097894115623847286492417272856677777891534576616380115e-57,1,ROOT_OK
kepler,kepler_0001478,test,ordinary,0.445691869003368823509703133822767995297908782958984375,0.9959718378736130351397928173461692487218995585229453118,0,0,0,0,1.437723273641048356135611993653562343960313113171719776,1.06285138283161172599580595230080808449033015202091809,1.019578823124769457298483454571335555578306915323276023e-56,1,ROOT_OK
kepler,kepler_0001479,test,ordinary,0.159775752945351623424130593775771558284759521484375,2.29605938501006093322920888483872688588890970048734237,0,0,0,0,2.403561707642083094808573421914475365009729774019647785,0.8942933805110306420186258179252368248709776042121698723,4.078315292499077829193933818285342222313227661293104092e-56,1,ROOT_OK
kepler,kepler_0001480,dev,difficult,0.9999999999866578454609944746073446276674773577297064285,0.00000001199345312939660873734273377408765740427355336352983381,0,0,0,0,0.00415940573467046265176506540284458425884715650955100781,115602.5408001206068820791882243896896834196906553163285,5.489182609560431244261335934000744892580609175553683994e-59,1,ROOT_OK
kepler,kepler_0001481,dev,high_e,0.95353149178037466260349219737690873444080352783203125,0.9803849210799865562346623310656218492019060147435630437,0,0,0,0,1.886724592150216938867483509052962316576662049286590815,0.771449450001294473372268150709575273376533509042405211,2.039157646249538914596966909142671111156613830646552046e-56,1,ROOT_OK
kepler,kepler_0001482,dev,ordinary,0.7026819241116835090821268750005401670932769775390625,1.705152798269126735045882610126630334578771754576979359,0,0,0,0,2.251311427207230031441599148453895772720638489308453987,0.6934221874131370303842939696048336241336163725324901034,2.039157646249538914596966909142671111156613830646552046e-56,1,ROOT_OK
kepler,kepler_0001483,dev,ordinary,0.68576911560026931891087542680907063186168670654296875,2.202303413595240805971324585250690705830465191901863362,0,0,0,0,2.572083165182802751950846397030057485333786133133034239,0.633901909118923866601122811941012844449400502311198922,4.078315292499077829193933818285342222313227661293104092e-56,1,ROOT_OK
kepler,kepler_0001484,dev,difficult,0.9999999992649787760291899513079772821211453063664497818,0.0000941486426350841090771849325601574303389099448578780485,0,0,0,0,0.08267441908923097993233036083606195980521037123727689271,292.7756687189980889607284162979592146106126055877623114,3.248413975043515971129201436073224853588111632072449243e-58,1,ROOT_OK
kepler,kepler_0001485,dev,high_e,0.986732652129322485023976696538738906383514404296875,1.81968137489440514479821064037320167188920533090062204,0,0,0,0,2.449423030232368114872084419633832273695308204036610879,0.5682951179447456668921971094833176933787640798660273927,2.039157646249538914596966909142671111156613830646552046e-56,1,ROOT_OK
kepler,kepler_0001486,cal,ordinary,0.29751133678970476115210885836859233677387237548828125,0.8119977484485693106332157314586848088992356834145590006,0,0,0,0,1.073468757723536439968389578393988130906349343672830528,1.165414611525780445970759552889628094179157382179820552,1.019578823124769457298483454571335555578306915323276023e-56,1,ROOT_OK
kepler,kepler_0001487,cal,ordinary,0.1352530320667291452441105548132327385246753692626953125,0.8837455889056420889338472836140507468671741702233677084,0,0,0,0,0.9973640684797031127461484917333689957983398096072878608,1.079187859140527126220537756147828363298637974532909044,1.019578823124769457298483454571335555578306915323276023e-56,1,ROOT_OK
kepler,kepler_0001488,test,difficult,0.9999999999613456224573972866057502849656561913097361989,0.0003657336331555711530199279909393203215499874946353912062,0,0,0,0,0.1299853324786715611983384539516569224065262241725165259,118.5367114466058400265665262577041854129513886144032602,1.344171300018006608743117835616506835967494468443772101e-58,1,ROOT_OK
kepler,kepler_0001489,test,high_e,0.9674577744236330101301746253739111125469207763671875,0.5737192690271333591591443344108902802393076083358480023,0,0,0,0,1.540740086515638206134298248386734777400096521943906902,1.029944360756142625984485174720690504776141610301010562,1.019578823124769457298483454571335555578306915323276023e-56,1,ROOT_OK
kepler,kepler_0001490,dev,ordinary,0.5865642974518856522792020768974907696247100830078125,2.078957404596246063087731847393580949677972097705490338,0,0,0,0,2.452098503035997618940138186983225266080794923679271141,0.6884329958622373204888150349815597196869618613791753148,4.078315292499077829193933818285342222313227661293104092e-56,1,ROOT_OK
kepler,kepler_0001491,dev,ordinary,0.294562381677524076639684835754451341927051544189453125,0.3794583598114866851111946103218400302957627471015269235,0,0,0,0,0.5278133782344306002836059373695052299722912813258420379,1.341337559613588541119629190467978834386896334354610973,0.0,1,ROOT_OK
kepler,kepler_0001492,dev,difficult,0.9999999997556766110324578185122432485502020297770162501,0.00000002911444119619121737715892780073771239615235576592188037,0,0,0,0,0.005590019697182788336189955299990568380979215327828749077,64002.60622163935355657503312963505512255815188839678451,5.807094217688469306326740085185679218103927111663279752e-59,1,ROOT_OK
kepler,kepler_0001493,dev,high_e,0.9767842535973734197085605046595446765422821044921875,2.175270045719831543440388011471682890864126938429664159,0,0,0,0,2.642654701673393255329092598522336099280535134570010128,0.538298397854409879447399506381292250471283580399956645,4.078315292499077829193933818285342222313227661293104092e-56,1,ROOT_OK
kepler,kepler_0001494,dev,ordinary,0.81845410692332210000898840007721446454524993896484375,2.043716412380827387109846662532863845469962679290719488,0,0,0,0,2.520196542545387022511166267240866995759536800401674712,0.6004355818019952888661669713283460373780684133652778853,8.156630584998155658387867636570684444626455322586208185e-56,1,ROOT_OK
kepler,kepler_0001495,dev,ordinary,0.5730501993568661855960044704261235892772674560546875,2.45842448755829261908279068642664047660355851598966663,0,0,0,0,2.702196212457363184749132272811727349611989406818979886,0.6584945968206075019669926278572624439025325933573716159,4.078315292499077829193933818285342222313227661293104092e-56,1,ROOT_OK
kepler,kepler_0001496,cal,difficult,0.999999995812261957019336989123894826016451752385240875,0.001142452802260648856940312290337760337899153503890720276,0,0,0,0,0.1900748208742845031517421213084007673472550577664967719,55.52500960860263836285165310899240387052185366926414541,1.15499163557102790084593828838159105905355080251464862e-57,1,ROOT_OK
kepler,kepler_0001497,cal,high_e,0.97312070221345903231480178874335251748561859130859375,1.349254141160785209753281613658428981196362293318940686,0,0,0,0,2.158890224690916413124749664496893938832291585921042316,0.6494079313821085170196195666103029379884718599624331003,0.0,1,ROOT_OK
kepler,kepler_0001498,test,ordinary,0.257456899348885881462223323978832922875881195068359375,2.094926387019260312461736182334293648777148022358778186,0,0,0,0,2.288819220238180287349275178321447690648269959337414697,0.855153927215627942448094322211727205287532648632875783,0.0,1,ROOT_OK
kepler,kepler_0001499,test,ordinary,0.25987035328404883838260275297216139733791351318359375,0.03681003495637758837592857963717050846695710583357479611,0,0,0,0,0.0497273820703320286865321739683630837858942003600333884,1.350528467341981287120045724273291353039900524852990503,0.0,1,ROOT_OK
kepler,kepler_0001500,dev,difficult,0.9999999428180732634345976727874377773824551601706091401,0.00000001268038351983280647014197922877747959994295742664362388,0,0,0,0,0.004210364257776833448922111919007159997591279577021018534,112098.173924418241277457882627179421946003757753757523,7.646712337572596460789220192333903250202633394860139618e-59,1,ROOT_OK
kepler,kepler_0001501,dev,high_e,0.97519656522064035453212227366748265922069549560546875,0.04679219753890060895897639210274336808936815812317545626,0,0,0,0,0.5865749855927565236496885865404515136409177258606337928,5.324360582316126785322069328560386711973492303427685073,7.646841173435770929738625909285016666837301864924570173e-57,1,ROOT_OK
kepler,kepler_0001502,dev,ordinary,0.1353906496207052112534796606269082985818386077880859375,1.60847490305859037296291516895163305754630623483018965,0,0,0,0,1.741888762279310934390855394226942978962664105770255462,0.9774679293978471905810244725739937421513538144233955665,2.039157646249538914596966909142671111156613830646552046e-56,1,ROOT_OK
kepler,kepler_0001503,dev,ordinary,0.4082532148745385836008381374995224177837371826171875,1.52286606284802536400566533843301180915966861159450818,0,0,0,0,1.908112671570935993229383643231274878272793043091489442,0.8809689419245070846788012552642534346548514192077299449,2.039157646249538914596966909142671111156613830646552046e-56,1,ROOT_OK
kepler,kepler_0001504,dev,difficult,0.9999999998887822965723147687445964467248937312807319627,0.0001137217687190574271186007546561315660268246464079282338,0,0,0,0,0.08804831609515257875073205057721946848645748428471902988,258.147821692772693843241991430818652743409826766637579,3.90805359449679699208647222577391802309067836195689296e-58,1,ROOT_OK
kepler,kepler_0001505,dev,high_e,0.98350166719532683412552387380856089293956756591796875,2.625265231361086101404316710230419797297204240059319857,0,0,0,0,2.879803998112172375351088267332406849330716554271381272,0.5128225135149927955212507047044934998776110509437026188,0.0,1,ROOT_OK
kepler,kepler_0001506,cal,ordinary,0.219887883757574897902742350197513587772846221923828125,2.966126845035119654718492780614961666875441305453996321,0,0,0,0,2.997665525521503213028928181319448576311383668872200718,0.8212781190960238837052127099838358246857647903300318446,4.078315292499077829193933818285342222313227661293104092e-56,1,ROOT_OK
kepler,kepler_0001507,cal,ordinary,0.891264481172560518729142131633125245571136474609375,3.066551329993907210724074613620002616524902769485704382,0,0,0,0,3.101909887889527315667012820917062279445851759108531339,0.5289430142339754940499102214007458490118530406495252966,8.156630584998155658387867636570684444626455322586208185e-56,1,ROOT_OK
kepler,kepler_0001508,test,difficult,0.9999999171438850544135234051728815211658249529466963598,0.001693530946084511509594070099603043012556006599751520875,0,0,0,0,0.216763784479203021051401246293841797040605671102055905,42.73229425800834230465782348159508895967861491596900106,2.409551515587834069006181601623664105956545639728835914e-57,1,ROOT_OK
kepler,kepler_0001509,test,high_e,0.93469836262919459013431833227514289319515228271484375,1.669512653532551271736860805536938096802281353011017658,0,0,0,0,2.340642599642891186351418491535449858573432250102177142,0.6058500990353746512914974704576376894323039311625171041,4.078315292499077829193933818285342222313227661293104092e-56,1,ROOT_OK
kepler,kepler_0001510,dev,ordinary,0.45976941642470647853002674310118891298770904541015625,1.88119762737802494189190579697703879470494494211384358,0,0,0,0,2.241401895167221480473331956527953558976185772372103806,0.77776915154900998679045171863554324181304963954982011,2.039157646249538914596966909142671111156613830646552046e-56,1,ROOT_OK
kepler,kepler_0001511,dev,ordinary,0.5348982806664317468658964571659453213214874267578125,2.480236785869666129160693861523143172082219023306040037,0,0,0,0,2.705956854775041765276933948154065437192674802222420988,0.6734279679181488593743922589284532922853690448724813578,8.156630584998155658387867636570684444626455322586208185e-56,1,ROOT_OK
kepler,kepler_0001512,dev,difficult,0.999999968274324406150324082966953414009262478860332869,0.0000001140409937029127357641205495140980439574845968954937544,0,0,0,0,0.008804734937428001507270015382340891880897843881902223928,25777.7450540722682873704529491525568151713753058214312,1.286268087549783016764925802116099586197627356467624366e-58,1,ROOT_OK
kepler,kepler_0001513,dev,high_e,0.9819847519618380982109329124796204268932342529296875,0.5469083422259808470490651471961728251815557242964213824,0,0,0,0,1.527993701705349933973526025106682508711468124709392586,1.043861703709408694837777787166332809242415223965026988,1.019578823124769457298483454571335555578306915323276023e-56,1,ROOT_OK
kepler,kepler_0001514,dev,ordinary,0.61517997054725859218393679839209653437137603759765625,0.1940179333751318615937994654904468241870896134206156312,0,0,0,0,0.4758021092768728627943536047355338806241969304826928228,2.206771022233348104305807967054567774680285848798544874,5.097894115623847286492417272856677777891534576616380115e-57,1,ROOT_OK
kepler,kepler_0001515,dev,ordinary,0.7268473834550726042635915291612036526203155517578125,1.232806349046814432076400177729123830658006538813267777,0,0,0,0,1.916621503727550233040647779349559532443783295940839879,0.8023224202820500959906395055041024667909953439459153235,2.039157646249538914596966909142671111156613830646552046e-56,1,ROOT_OK
kepler,kepler_0001516,cal,difficult,0.9999999999805721158263660647718425599297438279038995329,0.00000005438752676787270191486883407545682940177852891011541891,0,0,0,0,0.006884676007710608419167550014208314280323581262416902791,42195.32542362593519021189806678906972000457735589996277,2.471825423942617947230250598861843489861014811626608906e-59,1,ROOT_OK
kepler,kepler_0001517,cal,high_e,0.97654067908058939107007745406008325517177581787109375,2.584049724335266363443859715931051889856820446325443127,0,0,0,0,2.857634705926607371122887389225917611927556377089623155,0.5161465504028660714400813028892996722352251483996005199,8.156630584998155658387867636570684444626455322586208185e-56,1,ROOT_OK
kepler,kepler_0001518,test,ordinary,0.003073089732509371070634518474662399967201054096221923828,1.20777128476756559485645174516415859345373177512464515,0,0,0,0,1.210647218234623159627379265822758953079473370927767757,1.001084173326451899684851073369507463251495669278711484,0.0,1,ROOT_OK
kepler,kepler_0001519,test,ordinary,0.7142895945600369334016477296245284378528594970703125,2.194310821657000826157427440408604758020475205258389663,0,0,0,0,2.576692519000151327422921400193764906258192485654364233,0.6237061844056414465925473949760545744930034788476337505,0.0,1,ROOT_OK
kepler,kepler_0001520,dev,difficult,0.9999999924674715599999297485718604277235353252623495109,0.00004776635972037897587878463624150042544723193874187316817,0,0,0,0,0.06593577212033891723107214827312640323584995590648514079,460.1968577343958204579583416404352476185198394599773077,9.340745932069573702423240144723966485125968505250471867e-58,1,ROOT_OK
kepler,kepler_0001521,dev,high_e,0.931907768357470356335170436068437993526458740234375,0.5393963089874385806744766769699289762639350518608795801,0,0,0,0,1.466212191396849350900799081043036992484565780800937258,1.107769577497160082175788842522241516675711411353597368,1.019578823124769457298483454571335555578306915323276023e-56,1,ROOT_OK
kepler,kepler_0001522,dev,ordinary,0.26354283189094662720464157246169634163379669189453125,0.2432353881278751308459984848722410494823608487113408516,0,0,0,0,0.3281809287177582000624344810223230630627696415896597559,1.332405291682244786047550350080574115490638719888891899,2.548947057811923643246208636428338888945767288308190058e-57,1,ROOT_OK
kepler,kepler_0001523,dev,ordinary,0.08853922862082118372395456162848859094083309173583984375,2.387916499542706301795050137040908295661506509639406915,0,0,0,0,2.444741517734848720431387990563206711191612077539462867,0.9364191897759078938315451506327556053335248705050512647,4.078315292499077829193933818285342222313227661293104092e-56,1,ROOT_OK
kepler,kepler_0001524,dev,difficult,0.9999999999799491365347914272569491693082051420262074458,0.004013887180205236573413884312761371540022439750750104688,0,0,0,0,0.2891861713575345420372983679596734248082173319972973418,24.08261739278224158819638186120335122655834030195963189,7.96545955566226138514440198883855902795552277596309393e-59,1,ROOT_OK
kepler,kepler_0001525,dev,high_e,0.915299025462414039822078848374076187610626220703125,3.005911304282453625775914737344780610019153306239285367,0,0,0,0,3.070723493296168439652299394809752072575448610465883034,0.5227387511850905040070078014897293792772586550791634186,0.0,1,ROOT_OK
kepler,kepler_0001526,cal,ordinary,0.227348559148802864537941559319733642041683197021484375,0.2395570590892113661096608133423460057453308028365674817,0,0,0,0,0.3086108711130289895131729745048931497186597942492569474,1.276499814712383385527228356142679401884800923545263523,5.097894115623847286492417272856677777891534576616380115e-57,1,ROOT_OK
kepler,kepler_0001527,cal,ordinary,0.25564493624823347861507727429852820932865142822265625,2.874277319521697749980611286497998437896016809008021715,0,0,0,0,2.928373612362933536197238118382541342114189549977770453,0.800092293860912426039687053018914652992952794822943425,8.156630584998155658387867636570684444626455322586208185e-56,1,ROOT_OK
kepler,kepler_0001528,test,difficult,0.9999999993868191638500231655099930789181830582396806774,0.0000006982928529817380779479059262377860846968404167375065808,0,0,0,0,0.01612115354437551051433596494831668659051680712663633143,7695.64673824434790215600472242382059141193285955167657,1.646182010221705142217953194226523490518640144007021243e-58,1,ROOT_OK
kepler,kepler_0001529,test,high_e,0.94440218971372169587397138457163237035274505615234375,2.447320927575737044030254499906092732750744841066360367,0,0,0,0,2.780752206961741482565853153577133026680171447919349148,0.5309030459181192943852383698160400390096543117317110151,4.078315292499077829193933818285342222313227661293104092e-56,1,ROOT_OK
kepler,kepler_0001530,dev,ordinary,0.2399360070598385574758282245966256596148014068603515625,0.6715744977496688608454531446245384114305705365935705567,0,0,0,0,0.8521782196170986521884275978741844638293708655420968696,1.187593027373711336206801174283685350050716308697730561,1.019578823124769457298483454571335555578306915323276023e-56,1,ROOT_OK
kepler,kepler_0001531,dev,ordinary,0.62515903267119210529045858493191190063953399658203125,1.175650334593645134903000377066327134766166706028015016,0,0,0,0,1.786342953915356491028740734036131583557261455766335247,0.8820598536953356268986046291563256333534954209883353871,2.039157646249538914596966909142671111156613830646552046e-56,1,ROOT_OK
kepler,kepler_0001532,dev,difficult,0.9999999995278038992052949206594803328783530808970615259,0.007345343194945883186347781333112874849149485603025423796,0,0,0,0,0.3539659379983811361250069795839920851061079329868967288,16.13044158929906055549950265228973431114385300302379089,1.433782720019207049325992357990940625031994099673356907e-57,1,ROOT_OK
kepler,kepler_0001533,dev,high_e,0.9687029146428438597382637453847564756870269775390625,2.072431769125201619032217944283729791893355910011145057,0,0,0,0,2.584557645794003736563213919457131153852430938716789092,0.5487689432026962146767501762262180135630819479901127879,4.078315292499077829193933818285342222313227661293104092e-56,1,ROOT_OK
kepler,kepler_0001534,dev,ordinary,0.74710692509156439999884469216340221464633941650390625,1.071636938887861409072088539418800583148462303176703071,0,0,0,0,1.799320432562860073576529114203566604896993896184122525,0.8552492467659429005335485018338238263376753164010495635,2.039157646249538914596966909142671111156613830646552046e-56,1,ROOT_OK
kepler,kepler_0001535,dev,ordinary,0.87535216115129832470387327703065238893032073974609375,2.703554409553029520667623265048978740310127861588605956,0,0,0,0,2.907014709199580969972104145287693153838392829188087012,0.540138071160874561441926107239258602460094744640670772,4.078315292499077829193933818285342222313227661293104092e-56,1,ROOT_OK
kepler,kepler_0001536,cal,difficult,0.9999999996372449150562197202652923503926010081344240065,0.00000001450203813057581867384773912582292525190639399973064993,0,0,0,0,0.004431092947265811534921784396863939757227035449437977992,101857.4828147217548206477477544281022189178347095730069,5.542692032921336862163097148838180433536075162219299108e-59,1,ROOT_OK
kepler,kepler_0001537,cal,high_e,0.9453777474785045598082433571107685565948486328125,1.733024058248080427823279555025587858273495400959551217,0,0,0,0,2.383207588925728830284276306251116898806781651572288858,0.5930161435366972836128232392686312243910764287865142997,0.0,1,ROOT_OK
kepler,kepler_0001538,test,ordinary,0.1188138508589113156999061970964248757809400558471679688,2.657488740780934157236795957748349086533239824903322302,0,0,0,0,2.707464205725971884525312765004579380583555003212458777,0.9026962750581091134333715215735681832163634111755253071,0.0,1,ROOT_OK
kepler,kepler_0001539,test,ordinary,0.08150860035127820146794164202219690196216106414794921875,0.6475648658991126555582493971566102909001316719481171929,0,0,0,0,0.7000790775327777112296840266111702806640387345909375083,1.066481313551922318399324963573471906854547477571338482,1.019578823124769457298483454571335555578306915323276023e-56,1,ROOT_OK
kepler,kepler_0001540,dev,difficult,0.9999999628597854296212302512687431738538508101111955492,0.0000000315334461398529512918707981139740367590988312307236978,0,0,0,0,0.00572788817990514898064351767357566716378125028775173609,60821.89999899347590144666322710933651579891543416195047,5.755377557517963138428501818488736974659178043347052083e-59,1,ROOT_OK
kepler,kepler_0001541,dev,high_e,0.98375301585780139390635667950846254825592041015625,0.9879622421335239817649177540585141390134759409017769059,0,0,0,0,1.914258575066960566205265718632107064199481211198216594,0.751157921398341049822230076435931108600966452087272989,2.039157646249538914596966909142671111156613830646552046e-56,1,ROOT_OK
kepler,kepler_0001542,dev,ordinary,0.57517323305949974443507244359352625906467437744140625,0.6845061705469108867380412907904508737120747962159757115,0,0,0,0,1.225785469083380799442686314098171459674988101317733518,1.241507396227389962456507000037627912985669427791914338,2.039157646249538914596966909142671111156613830646552046e-56,1,ROOT_OK
kepler,kepler_0001543,dev,ordinary,0.007370383094710775129243529590894468128681182861328125,1.605489681657459232785812255050363472187875885753920076,0,0,0,0,1.612853547310016801565734476547971288070904336410807409,0.9996902095466577262818687038184768496655742434809152316,2.039157646249538914596966909142671111156613830646552046e-56,1,ROOT_OK
kepler,kepler_0001544,dev,difficult,0.9999999942849881421034167498931462057118793424057309529,0.00000004783246240574855273889757865148893603280520162019545412,0,0,0,0,0.0065944342117613984521950225747590629272473970742662382,45979.30014449181167985242127758002026568461580452527826,7.661844474332239276073193551214677185123599926012596362e-59,1,ROOT_OK
kepler,kepler_0001545,dev,high_e,0.97998211203554996817643996109836734831333160400390625,2.160101704484022293245205156395812208066487422976102704,0,0,0,0,2.63531755286981061929490823012820053763864059876747041,0.5384884400720166937491727483185384645378200889837810099,4.078315292499077829193933818285342222313227661293104092e-56,1,ROOT_OK
kepler,kepler_0001546,cal,ordinary,0.291119307980050867623589283539331518113613128662109375,2.040412965274445945926944697230071325625432033125260493,0,0,0,0,2.264288984900101902615623932887054701411545247204633574,0.843105402832681554824333009306540703600173181548008,4.078315292499077829193933818285342222313227661293104092e-56,1,ROOT_OK
kepler,kepler_0001547,cal,ordinary,0.166230611915122061805760722563718445599079132080078125,2.952311100486178787392065831647071902140821804348919546,0,0,0,0,2.979189037718638415675173397772674927123594128977052456,0.8590745979754315447791293227576035680662070706875645734,4.078315292499077829193933818285342222313227661293104092e-56,1,ROOT_OK
kepler,kepler_0001548,test,difficult,0.9999999977471224690016563513970711503032608997219472724,0.00000006543785724591117278442730421742944224071243941227292957,0,0,0,0,0.007321903466159979619502714454720755621429390690218214342,37303.31605305285875881955174839674033973957729281158248,4.153254981636583462398824468392980965336123180808027385e-59,1,ROOT_OK
kepler,kepler_0001549,test,high_e,0.95869608630078684274877787174773402512073516845703125,0.4972573453841118769807928764223470042877464339554929908,0,0,0,0,1.448831798210564814409143773512346958060530810404967111,1.132037764622882050734668052541649237344800763079952488,5.097894115623847286492417272856677777891534576616380115e-57,1,ROOT_OK
kepler,kepler_0001550,dev,ordinary,0.52220836864043163050297380323172546923160552978515625,1.888970736612992893849632388650723826663295540497414281,0,0,0,0,2.28392629661809857190763282552348996851535061234549901,0.745361473604542720163123501864289847861663886247681355,2.039157646249538914596966909142671111156613830646552046e-56,1,ROOT_OK
kepler,kepler_0001551,dev,ordinary,0.2142764085680337882156010209655505605041980743408203125,0.8741672415710996827030206247799820377738247601765873901,0,0,0,0,1.061220113639228696053510201502581079718152907832578863,1.116726515861212417917299832521219026895322373033641983,2.039157646249538914596966909142671111156613830646552046e-56,1,ROOT_OK
kepler,kepler_0001552,dev,difficult,0.9999999992393094940900831500035512716602788792528997584,0.00000007510482232769273320923794290135877556941336491819265882,0,0,0,0,0.007666471792067020431511407702373046223736326728203224277,34027.4807826262335913973531078680089940353996447824684,5.458751214048820241235433687175252732292761824250098795e-59,1,ROOT_OK
kepler,kepler_0001553,dev,high_e,0.92203982997064581894619550439529120922088623046875,1.107349912699295172064627312261650299010472005540853392,0,0,0,0,1.960319840055998707510190714504155524318538876569276171,0.7406625747560465114604880172710543038475416165557630158,0.0,1,ROOT_OK
kepler,kepler_0001554,dev,ordinary,0.58052832469305382101509849235299043357372283935546875,0.7134968184926558557296110377080979630524826122903033482,0,0,0,0,1.267534099227133707158915241069577068653524760393378312,1.209725465156940429749347680709046649736329823841596262,0.0,1,ROOT_OK
kepler,kepler_0001555,dev,ordinary,0.52176855940250554954928929873858578503131866455078125,2.493213168960714923650710684967251299823606116882763659,0,0,0,0,2.711002907764785821606796903607240174075238991924593663,0.6783609806229543841608392645680276338724035129899048517,8.156630584998155658387867636570684444626455322586208185e-56,1,ROOT_OK
kepler,kepler_0001556,cal,difficult,0.9999999999471648130870031429019278208752037923681331161,0.0004675083594060482599820301439593584565892546068587836754,0,0,0,0,0.1410774517328180816623332335898018645293852257945868638,100.654966363535997665843655595603007067212105836756773,2.260199148919166668034724064332941124182379587679527903e-57,1,ROOT_OK
kepler,kepler_0001557,cal,high_e,0.95631486464196180374841560478671453893184661865234375,2.913370316176452485905429122690572419731764137681084134,0,0,0,0,3.024803651863450207074835770042422914302647459036120012,0.5128730193651056823889043163586119975965454563593523926,4.078315292499077829193933818285342222313227661293104092e-56,1,ROOT_OK
kepler,kepler_0001558,test,ordinary,0.23954739547453740566851365656475536525249481201171875,0.4882904778849037335334233078061605522783384379023632969,0,0,0,0,0.6292789704085555235614971178083750134185676787425967491,1.240175626784570967279532180486892145005219009679593182,0.0,1,ROOT_OK
kepler,kepler_0001559,test,ordinary,0.663569005790705102043602892081253230571746826171875,2.229484501172977238999861313525463188168336673760199026,0,0,0,0,2.581829839617590552614877061919868362902846236338662986,0.6400836435196827499239315217360149208148637423583713314,0.0,1,ROOT_OK
kepler,kepler_0001560,dev,difficult,0.9999999999746802348546476778998768131488515253404433491,0.00000376672693714790765625382217386932279850950927482297608,0,0,0,0,0.02827336857314046562357392904117172205545510842262272827,2502.094968577729815661343805372786649714462047911424061,1.551864434916622213219050973411418482497194134574841054e-58,1,ROOT_OK
kepler,kepler_0001561,dev,high_e,0.92088448056739002911541547291562892496585845947265625,1.508029386785038553372179578218805095785276655031861536,0,0,0,0,2.233813907381535180546233812156331141700306662727780757,0.6382425417487563589744784528890413752714816373411950199,6.117472938748616743790900727428013333469841491939656139e-56,1,ROOT_OK
kepler,kepler_0001562,dev,ordinary,0.45893203085952760655885640517226420342922210693359375,0.4102512940894345526942522448383134184723290428740282751,0,0,0,0,0.7090774991434134375575374896490919222720946589702057837,1.534477495394413336419528898973451440560767314259898329,0.0,1,ROOT_OK
kepler,kepler_0001563,dev,ordinary,0.1645757628541250905396253756407531909644603729248046875,2.704001694681850245302488513370714087658552627385417799,0,0,0,0,2.764588125663106983355906244461236242124642312255996474,0.8672892527789151881457695417554434789896267259932975074,4.078315292499077829193933818285342222313227661293104092e-56,1,ROOT_OK
kepler,kepler_0001564,dev,difficult,0.999999999965588074141744804283412468574936215574606268,0.000005179438465996829857439191710782787325152740160799347614,0,0,0,0,0.03144018557141340530777817429726027844656584313087360408,2023.464263642036496605576415418111016788992180703069061,3.573566523311760625327478782883236345158952307888130226e-58,1,ROOT_OK
kepler,kepler_0001565,dev,high_e,0.937046506915745869292777570080943405628204345703125,1.001691990975614370170334768649263110909940783242824617,0,0,0,0,1.891084688303841061697887657449094409733801339506672967,0.7721888609936030259413248115145213502271076047855281471,0.0,1,ROOT_OK
kepler,kepler_0001566,cal,ordinary,0.50883120863510722386990892118774354457855224609375,1.155065328869047800648047970462540160752652691859641381,0,0,0,0,1.661791403029474676016528314315174225655338832007381037,0.9558061385682293136835038967026166234226089715986811731,0.0,1,ROOT_OK
kepler,kepler_0001567,cal,ordinary,0.442313869983322616175058783483109436929225921630859375,1.644468565097672407201467823058844711959076893790838172,0,0,0,0,2.039150699469681140965539765643147398926375235019507665,0.8335634965410035712219429733821505130175909527737903666,0.0,1,ROOT_OK
kepler,kepler_0001568,test,difficult,0.9999999983723460427251311545404801764906300582880995082,0.0000008111356301272380494883549482030249219878531652102996053,0,0,0,0,0.01694644991646977440420604242911796771752890478332557879,6964.308517269783553594292374088353383995882928945194436,2.585565613337587798979184488344801307523990553413508676e-58,1,ROOT_OK
kepler,kepler_0001569,test,high_e,0.93002627026997808368236064779921434819698333740234375,1.517449166688070086327828244287571049630239065667612937,0,0,0,0,2.244360723195124886176177325765928171758828162946771894,0.6328601379041630247300167760365605288692107364343931114,4.078315292499077829193933818285342222313227661293104092e-56,1,ROOT_OK
kepler,kepler_0001570,dev,ordinary,0.001969944329627804167209825791928778926376253366470336914,1.477701767873217579962342635881290007313068885343748265,0,0,0,0,1.479663537486575253233885579968348754706253139687525313,1.00017931027095088360724359120887533745284510205303207,0.0,1,ROOT_OK
kepler,kepler_0001571,dev,ordinary,0.50676093812078359945871852687560021877288818359375,2.706080845519728200355653424834009065047354843516975465,0,0,0,0,2.851187159575404354283400283810758307164750535260368463,0.6731550894338761303531147653059816196421360516690260481,0.0,1,ROOT_OK
kepler,kepler_0001572,dev,difficult,0.9999999979862437678152823288108951741588729742224835881,0.0000001330123525937040256978178827817495250509168028016203329,0,0,0,0,0.009275301484114217328149895764291820769859595875051087237,23246.45369286256239874045298303280189273940599643134991,3.733079907113810671742632487261772186044707131056678268e-59,1,ROOT_OK
kepler,kepler_0001573,dev,high_e,0.9885406268469918433794418888282962143421173095703125,1.630714996829250285847030803963425949878916629578759943,0,0,0,0,2.340560871173914339340676308086538110031289402906457913,0.5924202739351171259844910266838871752032148577200040143,8.156630584998155658387867636570684444626455322586208185e-56,1,ROOT_OK
kepler,kepler_0001574,dev,ordinary,0.03340381844412567552415893601391871925443410873413085938,1.236267175400346283370928342485399323541218413174765449,0,0,0,0,1.268152855532049882317185279116222944568420007324124098,1.010055942115161214764463964483942241063518501820394486,2.039157646249538914596966909142671111156613830646552046e-56,1,ROOT_OK
kepler,kepler_0001575,dev,ordinary,0.28664726525212025354250044983928091824054718017578125,0.5068090963233055688784912593333154141513540818087264388,0,0,0,0,0.6890636561386017874497576611965040965459251714592263335,1.28410306627591469835442515595472560937868813053484169,0.0,1,ROOT_OK
kepler,kepler_0001576,cal,difficult,0.9999999117148962214035602312084338463792165579794223135,0.0006472354534567414361975973270096780857492190716816935451,0,0,0,0,0.1572462889825027928011535096562969270579865324897592232,81.05152286297334061068251863956990291688832374693035078,1.991364888915565346286100497209639756988880693990773483e-58,1,ROOT_OK
kepler,kepler_0001577,cal,high_e,0.90287321255895014449066593442694284021854400634765625,0.2447491781619565120322134054205355373682711226493728127,0,0,0,0,1.008711674212583020618701755885799080497932096245351426,1.927478356179070886797267273927688714626319044663558522,5.097894115623847286492417272856677777891534576616380115e-57,1,ROOT_OK
kepler,kepler_0001578,test,ordinary,0.089235446118457739661522509777569212019443511962890625,0.0902166347277511494972844193665265434391895071286154255,0,0,0,0,0.09904007907444333926150990490991536796523575969139739321,1.097451680353525929950815797267477981518153309252880193,0.0,1,ROOT_OK
kepler,kepler_0001579,test,ordinary,0.340711598437112128667791921543539501726627349853515625,1.049611885234320206872812988059004417126950787766541357,0,0,0,0,1.384423299338162478868424961829380224997390953795248945,1.067386776558522316012582026878420478802463530016395753,2.039157646249538914596966909142671111156613830646552046e-56,1,ROOT_OK
kepler,kepler_0001580,dev,difficult,0.9999999999725321776326589306155144916587814926344685538,0.0001320784406563084623068863751574761213396959672108754912,0,0,0,0,0.09255283550252696401863860676745626907689039932217124204,233.6471956145622319427589973897607193279832354431020322,3.883161533385352425257895969558797526128317353282008291e-58,1,ROOT_OK
kepler,kepler_0001581,dev,high_e,0.94432851079859514431547040658188052475452423095703125,1.859488281931009204208070619163178143097893957169246085,0,0,0,0,2.456792952755878873120442613580212266507313326430423758,0.5775587336981396387191962944505356441846917941699072036,4.078315292499077829193933818285342222313227661293104092e-56,1,ROOT_OK
kepler,kepler_0001582,dev,ordinary,0.66514065848890435717066793586127460002899169921875,1.116642077876235976393833252881319862650322136761359324,0,0,0,0,1.768788246217125829557097580638092914066838588847574653,0.8843032834196829811192002463216814275685687812198131256,2.039157646249538914596966909142671111156613830646552046e-56,1,ROOT_OK
kepler,kepler_0001583,dev,ordinary,0.71902389668082922202785312038031406700611114501953125,0.6302758889363962857196945976082467552940377925304640058,0,0,0,0,1.328254397785570121643039863352495523990028817299433234,1.208734757120113937330607448767441277414643648089229271,2.039157646249538914596966909142671111156613830646552046e-56,1,ROOT_OK
kepler,kepler_0001584,dev,difficult,0.9999999999731210728822573734068106386474963090671134604,0.00003019299419486732750775548327447362451542568173432193291,0,0,0,0,0.05658599811434491730735322777573969784681438722482542148,624.7811429992340820729315325907457405076086381131263748,2.053595041694176763357541137747440999394783215677985154e-59,1,ROOT_OK
kepler,kepler_0001585,dev,high_e,0.947055595536527849986896399059332907199859619140625,0.4606707812546723179598089916951497415985466975030092654,0,0,0,0,1.392755916836487457303223119762434491291669814768415235,1.201525617057509439147322611619502657781948286852086758,1.529368234687154185947725181857003333367460372984914035e-56,1,ROOT_OK
kepler,kepler_0001586,cal,ordinary,0.00354137422197642326437971860286779701709747314453125,1.705194072147483087600793017766951513116660225873992832,0,0,0,0,1.708701824907202240927100316538602854185395486651016913,0.9995134084191404015873881666819694686990762918889415528,0.0,1,ROOT_OK
kepler,kepler_0001587,cal,ordinary,0.068325160649459204531552813932648859918117523193359375,1.213391180473517551647852754068951730721815463054303123,0,0,0,0,1.278824698840738238376469102319389790736094038571752663,1.02006132202938712959934105307107694785175740051131927,4.078315292499077829193933818285342222313227661293104092e-56,1,ROOT_OK
kepler,kepler_0001588,test,difficult,0.9999999981671917990332967324183194368348193298064666298,0.0000005249054240188738964534590039780180158531812523690930597,0,0,0,0,0.01465789421221801877405471994229569361179228165007749344,9308.660616865839988953935967526443134201979134482851281,3.391543326434322230393514909310167711121687431953036088e-59,1,ROOT_OK
kepler,kepler_0001589,test,high_e,0.91122412475856362501502871964476071298122406005859375,0.4941818120725937532975466982304211393796371174154947495,0,0,0,0,1.390661997967981515143030364490830646716741793097553145,1.195109360503412471466375187431771235160482617043485888,0.0,1,ROOT_OK
kepler,kepler_0001590,dev,ordinary,0.2736515153974237168910121908993460237979888916015625,1.663082831517665208288312097743854400199673255315500777,0,0,0,0,1.920199550354588856506068275244116393283319130539923609,0.9143433293035397306979491852631923320035558058545520195,2.039157646249538914596966909142671111156613830646552046e-56,1,ROOT_OK
kepler,kepler_0001591,dev,ordinary,0.322738796226890334306602881042635999619960784912109375,2.83636784052721511398166159941076453556040228755765346,0,0,0,0,2.910338940738723858620668173676270448448619811738697945,0.7609496303105325954219487172140885562038553794561367485,4.078315292499077829193933818285342222313227661293104092e-56,1,ROOT_OK
kepler,kepler_0001592,dev,difficult,0.9999999997267556582189388220421730656719555684547337195,0.00000005105304641259121254853228704245925516506711977380036684,0,0,0,0,0.006740923680194233235519587764656473456543706511506835759,44013.67142149106657839385403408070681705882915421819172,7.729300987598116886375243464297645328747185667294632451e-59,1,ROOT_OK
kepler,kepler_0001593,dev,high_e,0.9402008691339400758835154192638583481311798095703125,2.768369998277703874261377071243191409048088441235929614,0,0,0,0,2.948650738321807001404274558032727565466560837627509878,0.5200871008187895790622470685672134617371241998440521096,8.156630584998155658387867636570684444626455322586208185e-56,1,ROOT_OK
kepler,kepler_0001594,dev,ordinary,0.88092979603390453302580453964765183627605438232421875,1.434972649497717391149270353206065110893598735419250999,0,0,0,0,2.16493725253219180078291436684504706942630211540224983,0.6697286880969556424380474300813879211713402175943153974,2.039157646249538914596966909142671111156613830646552046e-56,1,ROOT_OK
kepler,kepler_0001595,dev,ordinary,0.72517346391757986356907395020243711769580841064453125,1.476145504118130336603963971121245062358577092761107536,0,0,0,0,2.10155279600735227116955629675259562281086785650033481,0.7314900624666562076444574809753856881796156735543653163,4.078315292499077829193933818285342222313227661293104092e-56,1,ROOT_OK
kepler,kepler_0001596,cal,difficult,0.9999999973683068806282714731917161747778049596701255094,0.0000007442121631577089802388363819719149968577210652093790441,0,0,0,0,0.0164668124024591197628935791632479966542808419395792194,7375.853878811347194053700054873883621045277015254157826,3.08428194708992835860327674665477407674254373112242846e-59,1,ROOT_OK
kepler,kepler_0001597,cal,high_e,0.90414814194743386988051270236610434949398040771484375,1.180931061955392232188118385666285099354822449406496792,0,0,0,0,2.002229667059042562317596552421926923446492253230924394,0.7256417222737258468292819725900865911833301506133752351,2.039157646249538914596966909142671111156613830646552046e-56,1,ROOT_OK
kepler,kepler_0001598,test,ordinary,0.10878858553057468849800670795957557857036590576171875,0.5012196022457050665498718301481068888889523766583777383,0,0,0,0,0.5589056992467797067773019018763520206522930811369419726,1.101606531067271590880607731188212565153086792578626327,0.0,1,ROOT_OK
kepler,kepler_0001599,test,ordinary,0.887555835067938669880049928906373679637908935546875,2.066043340601571048426788048634674281679662408297246809,0,0,0,0,2.556338887219525298191850978026958977407876791474053592,0.5747649572327880977402472359748867464076623064089848841,4.078315292499077829193933818285342222313227661293104092e-56,1,ROOT_OK
kepler,kepler_0001600,dev,difficult,0.9999999780637393984932566285839543742118871599009188412,0.000000224262633874536920582986770822766518316068607334786593,0,0,0,0,0.01103605655610937229416066653640460653069494210441747983,16415.3506569165785965787821771837754562059478119635378,8.90280123189009585478297663693919024169442950887671973e-59,1,ROOT_OK
kepler,kepler_0001601,dev,high_e,0.9219333884775491316787565665435977280139923095703125,2.279233830709084452618737874390438047228639962108615231,0,0,0,0,2.685386979329589947095581492730951307071003609162332268,0.5471513872370203213868785742679344697570430886165413921,0.0,1,ROOT_OK
kepler,kepler_0001602,dev,ordinary,0.4482494085492678692617118940688669681549072265625,2.464401710460221451614122537485442372859203154720061035,0,0,0,0,2.668602007165361376895367762783900355101521033984153853,0.7147778631627341972096819837730678508531146853907142278,4.078315292499077829193933818285342222313227661293104092e-56,1,ROOT_OK
kepler,kepler_0001603,dev,ordinary,0.81079345427542948154808755134581588208675384521484375,2.274071458170253615775222537104170738619486075210373893,0,0,0,0,2.653958371365873974185811965043508390260992613414467665,0.5826519750018687148350134104732803052399355388305017145,0.0,1,ROOT_OK
kepler,kepler_0001604,dev,difficult,0.9999999988114317186050810193424609226919580223446713038,0.00000001744431842516729746351365931893950478795351840469849415,0,0,0,0,0.00471218240434102571117162959321803442200904574387038209,90061.69617391183334639817151010156873775557041211373048,4.920314540593256613058710957522011513819816177620513435e-59,1,ROOT_OK
kepler,kepler_0001605,dev,high_e,0.93919782226999359853181204016436822712421417236328125,2.503803483350175958108504007040243020542143684305924426,0,0,0,0,2.809766265473751672751941946497836173798625708653722655,0.5296712335090099499431756891270937269770217075415739177,0.0,1,ROOT_OK
kepler,kepler_0001606,cal,ordinary,0.1426368630315209273806686951502342708408832550048828125,0.1887428184002257735832113605710123232638936127860149163,0,0,0,0,0.2198494505835390936761521024236135167623666332156356678,1.161714943525309815558673330232083992152317811370391269,0.0,1,ROOT_OK
kepler,kepler_0001607,cal,ordinary,0.1651826750616311179076234338936046697199344635009765625,0.4166951309664653682053358966125848354258630884476494111,0,0,0,0,0.4951897028138479067585794425228254481215399188129823419,1.170056883484785471055347270706789049986243740958082087,5.097894115623847286492417272856677777891534576616380115e-57,1,ROOT_OK
kepler,kepler_0001608,test,difficult,0.9999999353426168238396197179587034652189252918390436318,0.000991686640212927839446826290598399034010917443752276465,0,0,0,0,0.1813057086988130759031009441876509082798590728784672444,61.00920246588439470660714987457195161321519193266995409,1.69266015557823054434318542262819379344054858989215746e-57,1,ROOT_OK
kepler,kepler_0001609,test,high_e,0.92595794236628903295382997384876944124698638916015625,3.045807551604503770138054245859770045035762819443859801,0,0,0,0,3.091849046485952621677819446656786534259176970709957124,0.5195311039536785745725699044733984582547812353220744544,4.078315292499077829193933818285342222313227661293104092e-56,1,ROOT_OK
kepler,kepler_0001610,dev,ordinary,0.453235698151898291907713200998841784894466400146484375,2.449520101418527501218859886173503513660458905056083635,0,0,0,0,2.659611111953274760221296639602229661784813909678756294,0.7134691754586666222833279390315850899293386055343258974,4.078315292499077829193933818285342222313227661293104092e-56,1,ROOT_OK
kepler,kepler_0001611,dev,ordinary,0.02179460035045683793941684314177109627053141593933105469,3.031863003017433600309070760729973022362391116425673737,0,0,0,0,3.03419910589529196118727612045452121631169660820735214,0.9787905499293143903282524439966261016233263011302727579,0.0,1,ROOT_OK
kepler,kepler_0001612,dev,difficult,0.9999999997866785237116692301539430688279988467761208543,0.000001662402563055623026997004530751813515295062535090279535,0,0,0,0,0.02152610416780098954794682315514635729019199603549347424,4316.338448895288424983583759502852529327351044563074185,9.686512218445733388526432203712124638243764391375041716e-59,1,ROOT_OK
kepler,kepler_0001613,dev,high_e,0.9093128216729982060684278621920384466648101806640625,1.74473318043036740570496136960605364837287231409928405,0,0,0,0,2.375308070730594048331657988295490257578227399154600952,0.6041738472891990730484804844675870861874281983948149888,8.156630584998155658387867636570684444626455322586208185e-56,1,ROOT_OK
kepler,kepler_0001614,dev,ordinary,0.89855469763289530504835056490264832973480224609375,1.793949942360065500025085779594076560491313892934430009,0,0,0,0,2.400535592083983719715352515840289900261419734506275926,0.6013541661228346572146443967240903299957972594665871269,6.117472938748616743790900727428013333469841491939656139e-56,1,ROOT_OK
kepler,kepler_0001615,dev,ordinary,0.2125590308456450638896484406359377317130565643310546875,1.822320902296441811979478202709725158947889747588975506,0,0,0,0,2.014314338373092601709289024164062218256495007752073387,0.9164111362009959297824101758727743842510342804058407901,4.078315292499077829193933818285342222313227661293104092e-56,1,ROOT_OK
kepler,kepler_0001616,cal,difficult,0.9999999998954290384398216433731878639606126481538207858,0.0000004686405211572633996180642802697141159086067063787589587,0,0,0,0,0.01411447347710402116206569319881277031807585238558551697,10039.3913918798812302261890262266670748365654045227777,3.095950100735917999304171866755611809693650453938780649e-59,1,ROOT_OK
kepler,kepler_0001617,cal,high_e,0.90088831212998943254177675044047646224498748779296875,1.192580947084544346927269047943680512581445201388849845,0,0,0,0,2.008529056078021639759856889591313257065067533652183287,0.7236545107165853377765469160655370218468221507936896744,6.117472938748616743790900727428013333469841491939656139e-56,1,ROOT_OK
kepler,kepler_0001618,test,ordinary,0.5774237433568665256444774058763869106769561767578125,0.7576418797349323121775258603353073530529754798525317073,0,0,0,0,1.316495315122474360897300578270188529653560838353676767,1.169949005617850456456329389548625720602194763298812239,0.0,1,ROOT_OK
kepler,kepler_0001619,test,ordinary,0.7066622760947864900771264728973619639873504638671875,1.430790016376966387333660951714586049632013484518065125,0,0,0,0,2.055916751004997888081183837619694335004238108107223867,0.7521471111823041217813586489302922659491956640352151859,4.078315292499077829193933818285342222313227661293104092e-56,1,ROOT_OK
kepler,kepler_0001620,dev,difficult,0.9999999964166620930144472613478570092678032797113040623,0.00006897890405848334738916992394058402681944212487761823106,0,0,0,0,0.0745296061828025476542854398614654713094120003339491244,360.2241481721673549953646258908697803391111371274466901,7.29337390565325808077284307103030560997177554174120788e-58,1,ROOT_OK
kepler,kepler_0001621,dev,high_e,0.9522646192633092976365105641889385879039764404296875,1.607417171182262910925557475844011565858942455571798756,0,0,0,0,2.310697868690436133490315476631587778174984771492813431,0.6090017965256637413796021985103055662478639409026140483,0.0,1,ROOT_OK
kepler,kepler_0001622,dev,ordinary,0.616329858992298085240690852515399456024169921875,1.540857562193023808969198118721146915570286580407319364,0,0,0,0,2.079227442458615383316964993437592118747087491639388233,0.7692106849858102456426432352254963452068427940569502413,4.078315292499077829193933818285342222313227661293104092e-56,1,ROOT_OK
kepler,kepler_0001623,dev,ordinary,0.409695598036121266805054119686246849596500396728515625,0.7866700132406301950622597556169530475819001090923252703,0,0,0,0,1.16272457833172431735999879863377035368056416798419466,1.194149140075845317222129612124687361177263388638944771,1.019578823124769457298483454571335555578306915323276023e-56,1,ROOT_OK
kepler,kepler_0001624,dev,difficult,0.9999999992791986074164569808861658067124095312853784489,0.00002637267549735214428639432233442641839753235851935061796,0,0,0,0,0.05409072190503207290485049604936790654878579045250855301,683.7386303390999638737090291734443393634487389860414216,5.95853712855204318459044133149446896036516645155051753e-58,1,ROOT_OK
kepler,kepler_0001625,dev,high_e,0.95661835052269739154695571414777077734470367431640625,0.4560603602218703219331588935986142484574098224165777687,0,0,0,0,1.398517589062994733830150733850371293553143614722977338,1.196159337815904953199687835364431898332968281278673321,1.529368234687154185947725181857003333367460372984914035e-56,1,ROOT_OK
kepler,kepler_0001626,cal,ordinary,0.17646544986012624445237406689557246863842010498046875,2.239643963406621299120168227482072342755166899413881773,0,0,0,0,2.36350797475189027468997431872970616977033415309291676,0.8883447109842213874902579786560250299858992361383313755,0.0,1,ROOT_OK
kepler,kepler_0001627,cal,ordinary,0.56360399347231060485086118205799721181392669677734375,2.943983094581892026558219034320529804227207347604428008,0,0,0,0,3.015090311918576404793959627273694211908739048489037455,0.6413955242767465010250392070698150037416529192704927922,8.156630584998155658387867636570684444626455322586208185e-56,1,ROOT_OK
kepler,kepler_0001628,test,difficult,0.9999999037285440163409322105893179131766291174322540893,0.000001238960776488280523299074039470689273098212085785261375,0,0,0,0,0.01950680358985711861873890343906605664686581636719364048,5253.538020573376645351634973754230476871849944807692005,2.067207887614498010841918777865085021171074392297062707e-59,1,ROOT_OK
kepler,kepler_0001629,test,high_e,0.90481233772488278699341890387586317956447601318359375,1.793621285777206812110137411500525770338795347595818794,0,0,0,0,2.402870789939566969093106513385930781382265722817175563,0.5991774325279770035290725535721167659656358816705509502,2.039157646249538914596966909142671111156613830646552046e-56,1,ROOT_OK
kepler,kepler_0001630,dev,ordinary,0.85359610263431251464538718209951184689998626708984375,2.815314297561231812437019032802703783733378093100655357,0,0,0,0,2.965147177292565615503925406132281713394941675834774384,0.5433769583129707558717047044876915688603615604827916954,0.0,1,ROOT_OK
kepler,kepler_0001631,dev,ordinary,0.5161857260796640645139632397331297397613525390625,1.954345444901848631219313346462497905017502589821724364,0,0,0,0,2.32909862873352025668120409484646518161294083805665991,0.738020609727892124965061361543415465410206791890050477,4.078315292499077829193933818285342222313227661293104092e-56,1,ROOT_OK
kepler,kepler_0001632,dev,difficult,0.9999999989787213379530073453227114900406138076299381541,0.00000005590205792192636741590719292274268661321965274017605561,0,0,0,0,0.006947709570916534497508635965501892982257704066618835164,41431.44257006753463114873291318563188070879831883676716,2.87966385685009960735372534363643737441766698256691899e-59,1,ROOT_OK
kepler,kepler_0001633,dev,high_e,0.93074141514084385296001755705219693481922149658203125,1.176572619052830899928560388330478116081314632456572915,0,0,0,0,2.01641979458490010450573589934142535310463524548949119,0.7136899502480494156014914601858630092400810006758285802,2.039157646249538914596966909142671111156613830646552046e-56,1,ROOT_OK
kepler,kepler_0001634,dev,ordinary,0.5507810767728196221781900021596811711788177490234375,3.090364886018565991397206961474353406650601446315723953,0,0,0,0,3.108556993194304362742886765209056873542408573405552305,0.6449613292983788796295844112369751884493553325512619167,4.078315292499077829193933818285342222313227661293104092e-56,1,ROOT_OK
kepler,kepler_0001635,dev,ordinary,0.69558924239308861370290060222032479941844940185546875,2.815546075751586988045570930014120304131473391648208217,0,0,0,0,2.948812693262120508929000567914888873578646775261862066,0.594281675103471545762772308744153175787443783135220728,0.0,1,ROOT_OK
kepler,kepler_0001636,cal,difficult,0.9999999997504656731185772645640856979880250526784320935,0.0001882124332421071490881225746848358972133987847009928833,0,0,0,0,0.1041545761736024463420231337501867473764595894725353029,184.5295436846665410657982217916377376494065269021126975,9.533659405683269095344706130391150336584266322480828048e-58,1,ROOT_OK
kepler,kepler_0001637,cal,high_e,0.92272618426611874298259863280691206455230712890625,0.1589094350782225969161479980419701695068984857895340083,0,0,0,0,0.8554352741905591445084733295727759906214691092493849666,2.532972200389779755294592733577648581951857063574362689,2.548947057811923643246208636428338888945767288308190058e-57,1,ROOT_OK
kepler,kepler_0001638,test,ordinary,0.04916554448744917676927812522080785129219293594360351563,1.267839559122410382798606446198731602997081367989969512,0,0,0,0,1.315410462994721025186738901832006970927425419608715042,1.012576339567900960238165080904607511900287329963842333,0.0,1,ROOT_OK
kepler,kepler_0001639,test,ordinary,0.110323840518741833616189751410274766385555267333984375,0.1393689903632916182303576110070521245613920448153601522,0,0,0,0,0.1565721398724705163302402220236130815983949660231239786,1.12230210348627141553248954617977874676730262392583963,0.0,1,ROOT_OK
kepler,kepler_0001640,dev,difficult,0.999999999067322272767724965323250979188415569590498764,0.00000002122583063996687728953965118687512643783130380854586812,0,0,0,0,0.005030835999870098233336685985571793167718964068737778904,79016.64477953090816764318035689724697525378865774768836,4.622594307719802187049933908699073733989233703259527129e-59,1,ROOT_OK
kepler,kepler_0001641,dev,high_e,0.9862656532440936540950815469841472804546356201171875,1.295852240748287296309659796472583120513303140832851095,0,0,0,0,2.131238909486458572183915402688207471316365203039726832,0.6560558461866935563962720728164421618092797052960327545,0.0,1,ROOT_OK
kepler,kepler_0001642,dev,ordinary,0.1786967731612043863709260449468274600803852081298828125,1.230229985859937421213505298340141390959001076079151695,0,0,0,0,1.406520986409373541167682102902305975938299432647290991,1.030103346967788025509391616598666213146024724414849186,0.0,1,ROOT_OK
kepler,kepler_0001643,dev,ordinary,0.43970910939806084893888282749685458838939666748046875,1.024554539570061439457215441851745741487745430701096001,0,0,0,0,1.46164699420270120383918597151667567098868372450049845,1.050308424918099808075591914224373521829414286348807431,0.0,1,ROOT_OK
kepler,kepler_0001644,dev,difficult,0.9999999973039026311315074504740446836546515062904096991,0.0001174585881254096926029646087043175751217030525400629239,0,0,0,0,0.08900253668646231128969245935928373959182237326088500565,252.6455407734047600610577799825474034664700173216463776,4.605031305617244863286607399797291938036786604853663678e-58,1,ROOT_OK
kepler,kepler_0001645,dev,high_e,0.95195004608415512148411607995512895286083221435546875,2.639308998423363113192385541877864570353210619675020809,0,0,0,0,2.882865594942587638181992635375639419501173247055521276,0.5207612504859303477521689159009741045765280781504205246,8.156630584998155658387867636570684444626455322586208185e-56,1,ROOT_OK
kepler,kepler_0001646,cal,ordinary,0.78651821377758979192407196023850701749324798583984375,2.259823698908054477003991386471810230397842690382723902,0,0,0,0,2.638815824581307152462886421618441503570730554116409721,0.5920014923040575206073722022650809577688995538946470245,4.078315292499077829193933818285342222313227661293104092e-56,1,ROOT_OK
kepler,kepler_0001647,cal,ordinary,0.2128163888948663429179219974685111083090305328369140625,1.832829767727122222835204229926329041056252996846506342,0,0,0,0,2.024148307049260948393141120071665681352374060875998729,0.9147376572719827938920777897367732116421773077002558429,4.078315292499077829193933818285342222313227661293104092e-56,1,ROOT_OK
kepler,kepler_0001648,test,difficult,0.9999999235059722037831239278709472427949138784635393476,0.0000001652027677135590851628761835654303066316013281540865768,0,0,0,0,0.009955308703155074993797853697251365390535064150320758241,20149.03570415248292637417614241749659328163295388479995,1.639375587261544518475764374167701479630494555697482467e-59,1,ROOT_OK
kepler,kepler_0001649,test,high_e,0.9558733557167105043816945908474735915660858154296875,0.4754295876625764095012469808932149449686563067638433754,0,0,0,0,1.420531679626013785663325311986403038679046922223167219,1.16698921651975310421969388605920330767060804748591436,1.019578823124769457298483454571335555578306915323276023e-56,1,ROOT_OK
kepler,kepler_0001650,dev,ordinary,0.09869806494465087343126441510321456007659435272216796875,0.5265327013740101561349505976883727756245718311051618238,0,0,0,0,0.5806775257164542877570195699271069663007045167133230486,1.089942703370016509081487446942480585760800774329959644,1.019578823124769457298483454571335555578306915323276023e-56,1,ROOT_OK
kepler,kepler_0001651,dev,ordinary,0.48053581973847059316540253348648548126220703125,0.05158418585059619041327771460996532038722147071646191584,0,0,0,0,0.0991524652049942244624416465833093653116180916091973122,1.916353579747776786303392025273268031564268567517282317,0.0,1,ROOT_OK
kepler,kepler_0001652,dev,difficult,0.9999999124950947253282697734849453103437061359374011557,0.0004508754321962336935412507237165182654129626803000339924,0,0,0,0,0.1393817757419380680434201302193737224445548386240150089,103.113929923762740162609437283016825125433517458172338,1.199797345571628121137375549568807953585800618129441023e-57,1,ROOT_OK
kepler,kepler_0001653,dev,high_e,0.929806826065946001591555614140816032886505126953125,0.3974970617848480805716273772011052689317534999121273371,0,0,0,0,1.291195456759675556652780267166265928712732171163910561,1.34517207998740134437131292975341300227010484149651134,1.019578823124769457298483454571335555578306915323276023e-56,1,ROOT_OK
kepler,kepler_0001654,dev,ordinary,0.13885452511095042194000370727735571563243865966796875,0.7774906139965724100656791078810303279333706902736893096,0,0,0,0,0.8849476044551018990680254537839953607057658897414447625,1.096419988872914351972891191400109530101036285679099701,1.019578823124769457298483454571335555578306915323276023e-56,1,ROOT_OK
kepler,kepler_0001655,dev,ordinary,0.79580216534221392965520180950989015400409698486328125,1.145260990830529874133894807161346726848783620536837256,0,0,0,0,1.898670126293348072796466284347520607599438169130082145,0.7960054375899455234381104407818766834104656372321152271,0.0,1,ROOT_OK
kepler,kepler_0001656,cal,difficult,0.9999999645723487841539213440335012679132595634766475064,0.0006164464833250511804410462582527127471624604471440737738,0,0,0,0,0.154710877749609255765188099122297635098503965252760263,83.7246707896053008161115479707943095230915004074715403,2.987047333373348019429150745814459635483321040986160224e-59,1,ROOT_OK
kepler,kepler_0001657,cal,high_e,0.9885683854789688584929763237596489489078521728515625,0.3432502123850744426459670394618610451653216273122534612,0,0,0,0,1.294259722981619504343596551285236109036898018432059715,1.36968356630664480985246946219732375387778143134972572,1.529368234687154185947725181857003333367460372984914035e-56,1,ROOT_OK
kepler,kepler_0001658,test,ordinary,0.464535733503592063176057536111329682171344757080078125,1.582806406188487907700668939734323802974778695959578838,0,0,0,0,2.00436057518815782572913297130217000271092871514049581,0.8367114553018012692411792198940953111963873525966773667,2.039157646249538914596966909142671111156613830646552046e-56,1,ROOT_OK
kepler,kepler_0001659,test,ordinary,0.63563310451203436368672328171669505536556243896484375,2.319535865783797828834402614388795993414174254031402131,0,0,0,0,2.630463615460710498130534363746770024703194707858597652,0.6433372817914408251295203597067244974204581236131203053,4.078315292499077829193933818285342222313227661293104092e-56,1,ROOT_OK
kepler,kepler_0001660,dev,difficult,0.9999999999895989505721647775125995107178780117888684688,0.00002444723027987010086436307096416376894458564129732816795,0,0,0,0,0.05274084721922232393844542054667879290478791757786187108,719.1781102432214334859417189634378404702216439103936186,5.351793138960581868143895086250906846907616865100203734e-58,1,ROOT_OK
kepler,kepler_0001661,dev,high_e,0.90724022723346064989158321623108349740505218505859375,1.371856588544541819192459944811068729088142526814243793,0,0,0,0,2.137347121500753193272392823756701818566817857066240727,0.6725227842100659572174624446249265667755028757438651285,4.078315292499077829193933818285342222313227661293104092e-56,1,ROOT_OK
kepler,kepler_0001662,dev,ordinary,0.50345212350530399447734453133307397365570068359375,1.481241434369603052859739597967116434220627720863285116,0,0,0,0,1.949096389041528290208216971657065761961289373567166415,0.8432089667251088763008392976849178846248433009229858936,2.039157646249538914596966909142671111156613830646552046e-56,1,ROOT_OK
kepler,kepler_0001663,dev,ordinary,0.318491989225820837372538107956643216311931610107421875,0.09074558739829698923024111186141213039120934684746524384,0,0,0,0,0.1329711387987119608943549414569703266858227906851388739,1.461305625559952012862715770528879040179699890154174527,0.0,1,ROOT_OK
kepler,kepler_0001664,dev,difficult,0.999999997105131810847308293146792576696254511956363435,0.00000002109436387965973750037817501171444319176264524021535399,0,0,0,0,0.005019644791715298706956036888790644050831048341148522484,79356.98434876610429295937053206610921657152537063147526,6.392264277361564360019027123992796564907086663739609032e-60,1,ROOT_OK
kepler,kepler_0001665,dev,high_e,0.96271250883998937819541197313810698688030242919921875,0.6548290202910620815930977361574247902485589511360100836,0,0,0,0,1.616534707636985291036185866045591219546718347327572897,0.9578382952057733448508056936616714734371599371082146575,1.019578823124769457298483454571335555578306915323276023e-56,1,ROOT_OK
kepler,kepler_0001666,cal,ordinary,0.455332102490594581301053267452516593039035797119140625,2.453682805213520231717253232165544147878159527624528148,0,0,0,0,2.663268540518314336174854045037741392136295405489847721,0.7121345224436159127697251792592998351745605232957418204,0.0,1,ROOT_OK
kepler,kepler_0001667,cal,ordinary,0.67345870919407591070893204232561402022838592529296875,1.387207148599007017766398915206611923078938183493577741,0,0,0,0,1.999673024586574589876039461387237454148525004966213017,0.7812149276807121456587604173807245034975033776829194589,2.039157646249538914596966909142671111156613830646552046e-56,1,ROOT_OK
kepler,kepler_0001668,test,difficult,0.9999999997376982127373467395190924274717882148842213538,0.0000005940240896397174162465456407774927013337505473316477315,0,0,0,0,0.01527516165770297618680297820387793705663868324716234628,8571.677713953319115796207695876293006507003005216761223,5.294424716867799468031160745755121326564675477919805475e-59,1,ROOT_OK
kepler,kepler_0001669,test,high_e,0.91390382852758078602306568427593447268009185791015625,1.951579516911993070548745503550077572636568037870535424,0,0,0,0,2.499148640645038894589501425077502082631314211400366757,0.5774664602302949496777051917782817885633803737774676431,6.117472938748616743790900727428013333469841491939656139e-56,1,ROOT_OK
kepler,kepler_0001670,dev,ordinary,0.06184816764678246342468170837491925340145826339721679688,0.7045947747702979021257903201528495906685910211421195624,0,0,0,0,0.746598719262482276569064358439332947120689402194390001,1.047555615517485856226111579343405293090040917173930094,0.0,1,ROOT_OK
kepler,kepler_0001671,dev,ordinary,0.1023627469090762215353507258441823069006204605102539063,1.979401090503752101530586056709234851221675034610914755,0,0,0,0,2.069305895749009833598545190077419309709048258921390539,0.9533421277438126986405160066788088936459605224684552058,0.0,1,ROOT_OK
kepler,kepler_0001672,dev,difficult,0.9999999997079998414186573414954130114972246162850564825,0.00001537675790365903543010145983000463887788200452531681987,0,0,0,0,0.04518767517037242698116448197381785027362739880223344931,979.6338342157373179443007714356746229389910346154198043,1.891796644469787078971795472349157769139436659291234808e-58,1,ROOT_OK
kepler,kepler_0001673,dev,high_e,0.97483102208782479447535251892986707389354705810546875,1.01734930938121206865029719934769522753089669329306327,0,0,0,0,1.929972995684810372727389563927714387480803510913213484,0.7447920921482390040569105923512342475277766885085818356,0.0,1,ROOT_OK
kepler,kepler_0001674,dev,ordinary,0.142623439752842251504461046351934783160686492919921875,1.212608387573659055991229366418662120053363268249487937,0,0,0,0,1.351826219893768463928466028297890233394548994707186588,1.031971825061938322092436350148369272983258525389101007,2.039157646249538914596966909142671111156613830646552046e-56,1,ROOT_OK
kepler,kepler_0001675,dev,ordinary,0.6641934741094057681465301357093267142772674560546875,0.7297253752725825405783874777472933126336821670019797621,0,0,0,0,1.382133305907301056131520466464812502926515244519598186,1.14229148192603101106327495898846357419115091698768692,1.019578823124769457298483454571335555578306915323276023e-56,1,ROOT_OK
kepler,kepler_0001676,cal,difficult,0.9999999999653422353650933465905947132684782419740295392,0.0000004559737969068463960978193527079563671611293316971536401,0,0,0,0,0.01398615405161037774320763917678164930210410784034318842,10224.45825822046654756953830201187215238539393226783596,3.484402382533656454304805240112668002524245101033172253e-59,1,ROOT_OK
kepler,kepler_0001677,cal,high_e,0.91643755506138890876144387220847420394420623779296875,1.052676257367719315218217292168265138645733241403299506,0,0,0,0,1.915274698424175086642194840427776120843103291071399309,0.7636582828786752982932732605523156304049801726114691039,2.039157646249538914596966909142671111156613830646552046e-56,1,ROOT_OK
kepler,kepler_0001678,test,ordinary,0.64234559653883371854732331485138274729251861572265625,0.8738456518812278028616532632664197159256838336103256074,0,0,0,0,1.515198729179940262735361816008197970757296317580322639,1.03701573343213645961306604263014991239099753646406979,2.039157646249538914596966909142671111156613830646552046e-56,1,ROOT_OK
kepler,kepler_0001679,test,ordinary,0.346819662738421630177043653020518831908702850341796875,1.425834223254484945708452430260862581311650692835153041,0,0,0,0,1.766062917600304078141283110357067947814930306382728666,0.9369500555215858041741444058801844795343232720608858174,0.0,1,ROOT_OK
kepler,kepler_0001680,dev,difficult,0.9999999978038784853201119837558163581296938971601770488,0.004137585671777569321028213070146296540922777475273051353,0,0,0,0,0.2921351781278576717808757434975800529431436822543079416,23.60223472598566148454528482251655472123379888030551503,3.903075182274508078720756974530893923698206160221916026e-57,1,ROOT_OK
kepler,kepler_0001681,dev,high_e,0.971358733105264438023596085258759558200836181640625,0.0675337043281836933513243861973836778805235473660588073,0,0,0,0,0.6730634791409981517870005676357955488163590612405685373,4.158359640327924913376588290037222634008604444980637201,2.548947057811923643246208636428338888945767288308190058e-57,1,ROOT_OK
kepler,kepler_0001682,dev,ordinary,0.42304350410378666058619501200155355036258697509765625,2.488142739569349850423804835942706924669963912693278401,0,0,0,0,2.677501395954344684672656371275865715034111317144967806,0.7255326932590692700957945338316482100655102034877560946,0.0,1,ROOT_OK
kepler,kepler_0001683,dev,ordinary,0.62341898101745496507675170505535788834095001220703125,1.465562270009749701605486379939491405733294084301089634,0,0,0,0,2.025607082072006572043300278144578548740294006190194992,0.7850136700007735024870217347340753340098006850459309857,4.078315292499077829193933818285342222313227661293104092e-56,1,ROOT_OK
kepler,kepler_0001684,dev,difficult,0.999999999433498056197359233425547826786381858435735097,0.000007447877019534725363476215482415721611889209537797231116,0,0,0,0,0.0354870561578323014986423388292355960607709291669595513,1588.309870348475824469663543800095399559250304571465489,1.789116892385078240803918415461785719169697498507335551e-60,1,ROOT_OK
kepler,kepler_0001685,dev,high_e,0.98118288355819893720166646744473837316036224365234375,1.828926171450763580633376618881616929634089290673120111,0,0,0,0,2.452669961931217653827557030575495270222821764543309492,0.5690205438894168949394309836568871965005518242439059154,2.039157646249538914596966909142671111156613830646552046e-56,1,ROOT_OK
kepler,kepler_0001686,cal,ordinary,0.64250561331247857399517897647456265985965728759765625,1.015839326678279208273867547476689658555623596077651212,0,0,0,0,1.656013428222543931152774576423331455291034985978958838,0.9481492972708589678880734755694738253500641027543084979,0.0,1,ROOT_OK
kepler,kepler_0001687,cal,ordinary,0.72921989009073728826848537210025824606418609619140625,1.601998043622723397887502506972244197429131740767882284,0,0,0,0,2.194093961984297736305239197759652299202406820718145733,0.7014308796029145729409236692624537660716979335397081604,2.039157646249538914596966909142671111156613830646552046e-56,1,ROOT_OK
kepler,kepler_0001688,test,difficult,0.9999999958796073272481720482035206214336693837329623471,0.001258011891208599489007698176109767489274234544811576595,0,0,0,0,0.196286665552186388038768455590503879531342581031891169,52.07666314073213332037130679589786375711428759353016805,2.190501377807121880914710546930603732687768763389850831e-57,1,ROOT_OK
kepler,kepler_0001689,test,high_e,0.96034654329293156482805216000997461378574371337890625,1.776508767057722017777988111977210479152694176624626555,0,0,0,0,2.414704617314395112824167961154044105211700097743102577,0.5822025878300273866394520233124686314849726345939807378,4.078315292499077829193933818285342222313227661293104092e-56,1,ROOT_OK
kepler,kepler_0001690,dev,ordinary,0.1571608111150762099317290676481206901371479034423828125,1.187989857935359250350465207179727278799204788059117106,0,0,0,0,1.341020071062585489585873409669269126262669522437683464,1.037123733889298143659744770102486246587919002872822328,2.039157646249538914596966909142671111156613830646552046e-56,1,ROOT_OK
kepler,kepler_0001691,dev,ordinary,0.29571335946435939323606589823612011969089508056640625,0.4001900864043315503726539045085613554055391360012544267,0,0,0,0,0.556354552362134315736103333257892122008193341756432931,1.335319597904189903896223908424975421185601277144323801,0.0,1,ROOT_OK
kepler,kepler_0001692,dev,difficult,0.9999999831410706216176942580340586851884202991363984945,0.009601527876638329962362667549818932576582450198267699569,0,0,0,0,0.3871824970385293732744903236853651477228185496173527317,13.50923322316938102611657655544074045086773167201493587,4.460657351170866375680865113749593055655092754539332601e-57,1,ROOT_OK
kepler,kepler_0001693,dev,high_e,0.9306766456420831890028466659714467823505401611328125,1.103835457356866840607550170060717658835280056826476329,0,0,0,0,1.963623082844999032749558768779057425139616236410818878,0.7373194099650016227360374741442586553526601161891035923,2.039157646249538914596966909142671111156613830646552046e-56,1,ROOT_OK
kepler,kepler_0001694,dev,ordinary,0.73013817331904184992907858031685464084148406982421875,2.308277893209398343498365792353177194984391045705872755,0,0,0,0,2.651779464974291220366194628714375180770549665637480402,0.6081655655352913514835113637514860482811866987106442712,0.0,1,ROOT_OK
kepler,kepler_0001695,dev,ordinary,0.88141067156862196174671453263727016746997833251953125,2.526005384223414490030414279674363987730312161132143414,0,0,0,0,2.811607765975317318092214837901017591008267627988543178,0.5452990459252428946120158947721814429781433822167696879,4.078315292499077829193933818285342222313227661293104092e-56,1,ROOT_OK
kepler,kepler_0001696,cal,difficult,0.9999999972993563437286741442458374432957280207955230518,0.004321482799781887048383963440848372187831959042058339194,0,0,0,0,0.2964130658288124894754834603464847726254945527109216726,22.93070459837338206367143313910564047581607331724480082,3.42514760893477239561209285520058038202087479366413039e-57,1,ROOT_OK
kepler,kepler_0001697,cal,high_e,0.95766713200016961859972752790781669318675994873046875,2.60722685869088835159981458036365291943270387730987847,0,0,0,0,2.866949509988852509198859357191189699809965037314230224,0.5203520832272138047087668405764040359972855273087762763,4.078315292499077829193933818285342222313227661293104092e-56,1,ROOT_OK
kepler,kepler_0001698,test,ordinary,0.84564878048715341751773166834027506411075592041015625,2.985920255994801237173213367678632771919565654668684485,0,0,0,0,3.057201149021163392595742182406328469410444398919433595,0.542699827801273503965941315237099360481915576774663055,8.156630584998155658387867636570684444626455322586208185e-56,1,ROOT_OK
kepler,kepler_0001699,test,ordinary,0.322359506594888267638765455558313988149166107177734375,0.06101966202096495438328055869715387397059296225538661817,0,0,0,0,0.08998949369105065222355657369335501898884629510766646248,1.472873649993819660906241394278313596020177443329827201,1.274473528905961821623104318214169444472883644154095029e-57,1,ROOT_OK
kepler,kepler_0001700,dev,difficult,0.9999999951309004104040699238036619463902786580499348279,0.00002253203441409794259472709351256440119817151134366383399,0,0,0,0,0.05132567643427414714973156957586412181378990146109010889,759.3716335552375199154350500532315729261825423823498141,5.227332833403359034001013805175304362095811821725780392e-59,1,ROOT_OK
kepler,kepler_0001701,dev,high_e,0.92100886225264833040426992738503031432628631591796875,0.9847971003309794520142290545507116586902928543464919163,0,0,0,0,1.865973024126862442279321868746109065316884676967848054,0.7886872690724076913777238749833983697735559189973286179,2.039157646249538914596966909142671111156613830646552046e-56,1,ROOT_OK
kepler,kepler_0001702,dev,ordinary,0.758772664952676922922591984388418495655059814453125,0.8397360260578445376437140476633683063119772589883085184,0,0,0,0,1.598223319355451370868536074500533004353159353452235734,0.9796159138136627753551988488396227211140866353477347608,2.039157646249538914596966909142671111156613830646552046e-56,1,ROOT_OK
kepler,kepler_0001703,dev,ordinary,0.288919455750164588803130527594476006925106048583984375,3.017015671522802208632704267011304845377084478362958269,0,0,0,0,3.0449066396263956019283109326316329177869665621295753,0.7766567602204746979021922840813033606073186248338628722,4.078315292499077829193933818285342222313227661293104092e-56,1,ROOT_OK
kepler,kepler_0001704,dev,difficult,0.9999999999872026106404141486154129744385819389320730582,0.00000001880921978990362311609847468938130864664602902247594973,0,0,0,0,0.004832520484419109290473975423680309025467066375677166429,85641.24213136273051669047375730608156902551043598665161,8.20265124149714455001728560213840106810223912571425326e-60,1,ROOT_OK
kepler,kepler_0001705,dev,high_e,0.9574514671520437669727243701345287263393402099609375,2.866479824492008836259557105506985142897801505335405246,0,0,0,0,3.000819016778832281672887547546245955096061191248727493,0.513352263543122000467417819560870269951810956223696051,4.078315292499077829193933818285342222313227661293104092e-56,1,ROOT_OK
kepler,kepler_0001706,cal,ordinary,0.393705340610896181718914021985256113111972808837890625,1.323303543785193760554137893082430711090941107764651315,0,0,0,0,1.713033013730715756739225367555425029235147648117418056,0.9471394724627806610268690476603412514630108448872782069,4.078315292499077829193933818285342222313227661293104092e-56,1,ROOT_OK
kepler,kepler_0001707,cal,ordinary,0.0595164415606170837946820029173977673053741455078125,1.93933328983099103600413295527413621654642826209201204,0,0,0,0,1.993608629345877894268513143077046930917155866349062522,0.9761609906625295227040608570089732616936344744743610487,2.039157646249538914596966909142671111156613830646552046e-56,1,ROOT_OK
kepler,kepler_0001708,test,difficult,0.999999999351872884174630916704042061977835097926977256,0.00002543626196190763401127822428670442581026660725322930732,0,0,0,0,0.0534427326069284845107356768445722173360967045247072638,700.4156729380047425972427188190373731600175162312768585,5.87141491466198720069042443474154722099690292118842119e-58,1,ROOT_OK
kepler,kepler_0001709,test,high_e,0.9043379998000429242921427430701442062854766845703125,0.1834402485567204850617104233400973367352914230308562584,0,0,0,0,0.881057844636585759533141598071774812848025016733415697,2.355503645204240078486025999113046909782025920192650434,2.548947057811923643246208636428338888945767288308190058e-57,1,ROOT_OK
kepler,kepler_0001710,dev,ordinary,0.44782366904965709153429997968487441539764404296875,2.471126213374804914855261642390706337463363284931420371,0,0,0,0,2.67326958560293920415236963960105257337826456832240164,0.7144873403544730059804486691264543001953917371165821884,4.078315292499077829193933818285342222313227661293104092e-56,1,ROOT_OK
kepler,kepler_0001711,dev,ordinary,0.07551497559323709640732857906186836771667003631591796875,2.074479033203246594069568516477566273011373057734345612,0,0,0,0,2.138162282227816488590569026853558625512584522872396625,0.9610000266659629556056603339869217890418710987403282827,4.078315292499077829193933818285342222313227661293104092e-56,1,ROOT_OK
kepler,kepler_0001712,dev,difficult,0.9999999999539964205349356616811452067684298777042514234,0.00448947474754088779245141889307156202320178472382585735,0,0,0,0,0.3002166077123525522849018353132897745886114034282542893,22.35758733501995928018478457614632123116849506741596952,4.61996654228411160338375315352636423621420321005859448e-57,1,ROOT_OK
kepler,kepler_0001713,dev,high_e,0.91101012380684898150917661041603423655033111572265625,0.6987351780145333951522477180705944258260036335081952615,0,0,0,0,1.609077851980029651800473432192414446618649126044114607,0.9663083644240503416901165304001033831340544936372718989,0.0,1,ROOT_OK
kepler,kepler_0001714,dev,ordinary,0.33206780319683082414172758944914676249027252197265625,0.8576909248279978796075035117804001739124660037886477087,0,0,0,0,1.162456559090046154922328863446430760453499848880213349,1.151887312879802089642634770350850713602744574034238265,0.0,1,ROOT_OK
kepler,kepler_0001715,dev,ordinary,0.611302494228927795205663642263971269130706787109375,2.270510948585848436093953576669187278585064045057160374,0,0,0,0,2.590565886734780894439818419958608875341887882828689311,0.6575391381534281208376899045539392651089570758476350329,4.078315292499077829193933818285342222313227661293104092e-56,1,ROOT_OK
kepler,kepler_0001716,cal,difficult,0.9999999999865880895586512969834748037804444523945846571,0.0000001655018071334869265920718051038967229411545702163122999,0,0,0,0,0.009976662183311582116639443984633054865549353344976241534,20093.84033136213051228802344168700099088525094030246441,9.064696863728202119507896428338313786391035287953606343e-59,1,ROOT_OK
kepler,kepler_0001717,cal,high_e,0.900605347634415576152377980179153382778167724609375,2.862749243119450140572603412920957539722765325458783494,0,0,0,0,2.994629298460343708672908765147493567273579108109312975,0.5288495074007525345950664080033273092998465570151430808,4.078315292499077829193933818285342222313227661293104092e-56,1,ROOT_OK
kepler,kepler_0001718,test,ordinary,0.2018605792197868120663173385764821432530879974365234375,1.911655708844524560753789691458143844624096314859228525,0,0,0,0,2.087194335492928888798324220787533324140419357802500455,0.909364651199160369417123616619569801265825762888095605,4.078315292499077829193933818285342222313227661293104092e-56,1,ROOT_OK
kepler,kepler_0001719,test,ordinary,0.126328001057867067569162600193521939218044281005859375,0.3795631065964515429365371421037197692042142087757946106,0,0,0,0,0.432514081552964168224885742286124061067168973713830705,1.129554305288848716882329676108849858708505054099743202,5.097894115623847286492417272856677777891534576616380115e-57,1,ROOT_OK
kepler,kepler_0001720,dev,difficult,0.9999999998069472679443186108544396325174005249955356685,0.00001533193309890474823476954648879635448724568813737365736,0,0,0,0,0.04514372492384885567066382468411231567646946664908029102,981.5420025884483112613089900163870642603121469060555406,5.009527298678219074250971563293000013675152995820539542e-59,1,ROOT_OK
kepler,kepler_0001721,dev,high_e,0.9584763492546297669605337432585656642913818359375,1.692879633014733406486084480316892451784482506752758381,0,0,0,0,2.364780632454275107331577087489097899739253063605151011,0.5939867318709175551344320247777285399135304207256308445,8.156630584998155658387867636570684444626455322586208185e-56,1,ROOT_OK
kepler,kepler_0001722,dev,ordinary,0.2066021602245125265984171392119606025516986846923828125,1.450845291080653175320059241685403416072252336541178339,0,0,0,0,1.656685866253437667874073437018461337858369995351343798,0.9825854851781917452203009304606371791935386181537363116,2.039157646249538914596966909142671111156613830646552046e-56,1,ROOT_OK
kepler,kepler_0001723,dev,ordinary,0.51128087638963182204321356039145030081272125244140625,0.1560547411413282682625958909491851932470286749599121519,0,0,0,0,0.3139450568144094092697938638611361259227216719001884968,1.946626771116115682542799410919659941636850321674796889,2.548947057811923643246208636428338888945767288308190058e-57,1,ROOT_OK
kepler,kepler_0001724,dev,difficult,0.9999999999296421612925076256576840797701942873969238832,0.000001292212660237074673528590511774238026742980162677720112,0,0,0,0,0.0197923681353268951410682551876968555008210339970824179,5105.620102854953596688214356587029923169894724747676835,1.744388970075451284783820455075241076190455061044652162e-58,1,ROOT_OK
kepler,kepler_0001725,dev,high_e,0.979657477509216167987915468984283506870269775390625,2.967678399637300242820354010853362350394726275143499173,0,0,0,0,3.053685968882489925114322712498408079706553491286907894,0.5061049616778397823266809403908390245978310598735949455,4.078315292499077829193933818285342222313227661293104092e-56,1,ROOT_OK
kepler,kepler_0001726,cal,ordinary,0.347486189997499028692118372418917715549468994140625,2.175985594868935195233608321003652936004754067376357064,0,0,0,0,2.408510553839201082242146911094237523627404067894444919,0.7947720678983377879142208593097195066260788428469832988,8.156630584998155658387867636570684444626455322586208185e-56,1,ROOT_OK
kepler,kepler_0001727,cal,ordinary,0.80255541192648405246501397414249368011951446533203125,1.75450029052122341164335953158909196714642677729276049,0,0,0,0,2.334287532880722043253971239218227782620457342737104048,0.6431177655085014043324352372387691231440316763130796693,2.039157646249538914596966909142671111156613830646552046e-56,1,ROOT_OK
kepler,kepler_0001728,test,difficult,0.999999992294386539401012824273968896131751633099269176,0.001648330877869516948639056406004244442817395577608036854,0,0,0,0,0.2148155766245406725746896373547894457964633414944587205,43.50799066756572574886099756056565548719610175794889227,2.090933133361343613600405522070121744838324728690312157e-57,1,ROOT_OK
kepler,kepler_0001729,test,high_e,0.98669013461329313496861459498177282512187957763671875,2.734605419317026357699050540056580696878666430716812903,0,0,0,0,2.936018115484327470940433431417753031499200956307491818,0.5086691841082043037904261819779129379726206466245768473,4.078315292499077829193933818285342222313227661293104092e-56,1,ROOT_OK
kepler,kepler_0001730,dev,ordinary,0.82214948433539081218413002716260962188243865966796875,1.316430865882033122004262429066702790198599729741674688,0,0,0,0,2.047079385796859131880716130985274989609693376569217892,0.7262489308885920044215048815563940570270498810836197752,4.078315292499077829193933818285342222313227661293104092e-56,1,ROOT_OK
kepler,kepler_0001731,dev,ordinary,0.6846104250082765130258621866232715547084808349609375,0.5083099078391913332706316454722303601318092308257080641,0,0,0,0,1.126434528778211658287106114124237162046702689951031921,1.417035793593815857157061810454078128760220748359216354,0.0,1,ROOT_OK
kepler,kepler_0001732,dev,difficult,0.9999999810244677959615672953238212866223248308795811211,0.000003958780591454681129528244621075010397360636746859593297,0,0,0,0,0.02874464374231671937252949666369058776010756116262476326,2420.617104308250835666570064355639390004887226697399215,2.100267656278135326161121618150791931199210106943393907e-58,1,ROOT_OK
kepler,kepler_0001733,dev,high_e,0.92666535380074765981817108695395290851593017578125,2.797996187590702438185450125656555231555333513572831197,0,0,0,0,2.962797823952178801345319554638401922272129151965517793,0.5230417846757954479661792138636637486836688906333090208,4.078315292499077829193933818285342222313227661293104092e-56,1,ROOT_OK
kepler,kepler_0001734,dev,ordinary,0.8931855935766035425871223196736536920070648193359375,3.018496466990923476594651730315872343010345453228878369,0,0,0,0,3.076550356594574803654991263912639783727061759565851813,0.5287377007468667237646016406653012046837400721078732371,8.156630584998155658387867636570684444626455322586208185e-56,1,ROOT_OK
kepler,kepler_0001735,dev,ordinary,0.8308106205947274336409691386506892740726470947265625,0.4661356553778149530223899315076123964538835550614769338,0,0,0,0,1.256161267773584264828369031664618939526791402530687081,1.34609524803121859334512067357342982862628901513313893,5.097894115623847286492417272856677777891534576616380115e-57,1,ROOT_OK
kepler,kepler_0001736,cal,difficult,0.9999999781987806348304189077579565816492377882772470657,0.0000380064219190775716808518348837818571379042329016775985,0,0,0,0,0.06109767650295200839227504556797939256567512955293429913,535.9331792663693221648282377011863078100892737590272662,2.962155272261903452600574489599339138520960032311275555e-58,1,ROOT_OK
kepler,kepler_0001737,cal,high_e,0.94507900403267586231237373795011080801486968994140625,0.421151003917863056745968235703090327153916385971959196,0,0,0,0,1.341492427404955451282664283417539259637484690200636763,1.273587108268459951135825623777826589791672673368584564,1.019578823124769457298483454571335555578306915323276023e-56,1,ROOT_OK
kepler,kepler_0001738,test,ordinary,0.88709089529014273356466446784907020628452301025390625,1.743822936768295228563249619076645159106004348629452189,0,0,0,0,2.365332704436747463273948555032444160039690151699264839,0.6123796864909694305083851854526287482387973597711253963,2.039157646249538914596966909142671111156613830646552046e-56,1,ROOT_OK
kepler,kepler_0001739,test,ordinary,0.49590655284982931849668830182054080069065093994140625,2.24061495804042135209249364459426156564709602533409492,0,0,0,0,2.526692162948361989929034602079183486920871471982581086,0.7117074149465408603965286455301233156917782158308478236,0.0,1,ROOT_OK
kepler,kepler_0001740,dev,difficult,0.9999999998002096715251470053021202529612628503142550297,0.001002732861534433574623796589068568887641210679354452829,0,0,0,0,0.18197785353396466224766876502958750016347628677958904,60.56082056209268169209939543770267505927322386175894758,4.381002755614243761829421093861207465375537526779701662e-58,1,ROOT_OK
kepler,kepler_0001741,dev,high_e,0.96199252200443530202988995370105840265750885009765625,0.1266788326455260194091949926477800025214284922913478185,0,0,0,0,0.8483675806557099119087994977690313870677443415254403644,2.747840035007167588245831483326898645513585734730581442,2.548947057811923643246208636428338888945767288308190058e-57,1,ROOT_OK
kepler,kepler_0001742,dev,ordinary,0.752003640982646270884970363113097846508026123046875,0.8505446333327053165682654571589339961744711051566580139,0,0,0,0,1.602178014235059250658253154559264006202996929851067689,0.9769486332617894002876034278474447036903658223760260928,2.039157646249538914596966909142671111156613830646552046e-56,1,ROOT_OK
kepler,kepler_0001743,dev,ordinary,0.1434573241936357990145012308857985772192478179931640625,1.867941511056441672361251696226043543979530150488048198,0,0,0,0,1.998477620608991549164290713208160924674766158356403927,0.943840850974744310374956146321090189595934011596255183,2.039157646249538914596966909142671111156613830646552046e-56,1,ROOT_OK
kepler,kepler_0001744,dev,difficult,0.9999999999866701835841423102939780328538641196834977316,0.0000001068769581902293290934621781956891173890876394185052748,0,0,0,0,0.008623405880660735846390807496524927960387226566192595089,26895.20605533431340908192077275372109486916336057069823,3.300872049143611064113642413526574494647462273400965957e-59,1,ROOT_OK
kepler,kepler_0001745,dev,high_e,0.9521793110083127675835612535593099892139434814453125,1.116577776882906726525342423561005120970970124432901843,0,0,0,0,1.987339232101201693893578304139570366586994352635066573,0.7218897551737225566757595371098069646087450220746196205,4.078315292499077829193933818285342222313227661293104092e-56,1,ROOT_OK
kepler,kepler_0001746,cal,ordinary,0.254481847544531680771484616343514062464237213134765625,1.348360362217630366474096205428003347586851198621315581,0,0,0,0,1.602712606932522848821897931108424336504198001377952429,0.9919446800433728559234668304427511958704748518211522648,2.039157646249538914596966909142671111156613830646552046e-56,1,ROOT_OK
kepler,kepler_0001747,cal,ordinary,0.65616364723453146634568611261784099042415618896484375,1.062304888928403138885467568806614904298787549103735286,0,0,0,0,1.711943190825526794636892860789133593121838285455533908,0.9154925101128170637139697184819907425485281028769435539,2.039157646249538914596966909142671111156613830646552046e-56,1,ROOT_OK
kepler,kepler_0001748,test,difficult,0.9999999999860021201073310408263146286359617883777965534,0.00000003269054753473141119753859816456094438209577615432469146,0,0,0,0,0.005810199337892540115366624002118613387540712457197147863,59244.60280768121660701045044912747802243528106673088085,8.359745914282994660495482922246034087261670784465661629e-60,1,ROOT_OK
kepler,kepler_0001749,test,high_e,0.96901622274203258466940269499900750815868377685546875,1.389094742866043835829081390836799689925369421071279444,0,0,0,0,2.182435800783432359503147713360989684076268533671431996,0.6425003970811676971256154428249359373575773298608583299,4.078315292499077829193933818285342222313227661293104092e-56,1,ROOT_OK
kepler,kepler_0001750,dev,ordinary,0.81143765015328617185019766111508943140506744384765625,1.700787783159053440740435996461880269115777202623737378,0,0,0,0,2.303814431466200459083852756956872554552234144817626939,0.6481109909613046914978107349259812197881962104616538216,4.078315292499077829193933818285342222313227661293104092e-56,1,ROOT_OK
kepler,kepler_0001751,dev,ordinary,0.307006443886227053940984887958620674908161163330078125,0.8272381302625720086882597106351306974366627284030616457,0,0,0,0,1.100981013954269115945975567235340088617367120884857278,1.161424610511526742072581328758484415004929956636955333,0.0,1,ROOT_OK
kepler,kepler_0001752,dev,difficult,0.9999999999626953343479737695941758504877160634754058598,0.0000007794157693416630616080375632030234978480411676481996985,0,0,0,0,0.01672278942884035001257896146364946284924493480857190273,7151.918525234035161500786084042367891391953554025615003,5.412078599464861678431853206771901800488334932984690041e-59,1,ROOT_OK
kepler,kepler_0001753,dev,high_e,0.9165623147511234858342277220799587666988372802734375,0.7178065964811572686248848390408421414032583045888301221,0,0,0,0,1.632617957805795974278379589376941203474249472326904827,0.9464075072877452589694953577391178794000311864640538769,1.019578823124769457298483454571335555578306915323276023e-56,1,ROOT_OK
kepler,kepler_0001754,dev,ordinary,0.06771814322585827106149025667036767117679119110107421875,2.317134492140750419280727963167822664301154595700568276,0,0,0,0,2.364613617031229717758379029587166338915938163573018196,0.953938691016260555445178994038051000398307058985318335,0.0,1,ROOT_OK
kepler,kepler_0001755,dev,ordinary,0.51373913287849848341437564158695749938488006591796875,1.227839732069928645297116760623258564866547523246967485,0,0,0,0,1.73469414040065472633492879944574918063620615975294328,0.9226588140530874017803482557847448783842870735572074705,2.039157646249538914596966909142671111156613830646552046e-56,1,ROOT_OK
kepler,kepler_0001756,cal,difficult,0.9999999998878617262624204521289055101409664935309739648,0.00001532126240975774772647073005319704304510446049932491604,0,0,0,0,0.04513325234870472720242695116363836782232678579500803772,981.9975636444075874129543732876666804186193332366544554,7.560963562601287174180037825342850952317156384996218067e-59,1,ROOT_OK
kepler,kepler_0001757,cal,high_e,0.921577846841459713544963960885070264339447021484375,0.2543452816280114349439578613073697863779213639745996147,0,0,0,0,1.056878524524380508963905698949642011894274855484187075,1.828290507786414729179498397964706915072317815976833651,5.097894115623847286492417272856677777891534576616380115e-57,1,ROOT_OK
kepler,kepler_0001758,test,ordinary,0.4773523201607094978982104294118471443653106689453125,0.7025805043509232251706664124973337572418956344939436984,0,0,0,0,1.135396573718174913827996854737450368311889423629989659,1.252088277387504058814717646803134315560301047548224548,1.019578823124769457298483454571335555578306915323276023e-56,1,ROOT_OK
kepler,kepler_0001759,test,ordinary,0.6919579875109247435460702035925351083278656005859375,1.182055594824654107501195349881189311660858339023352042,0,0,0,0,1.847661731430750544041228376846684182553755645556901607,0.8409431504383680262925672651176172223714396687385665725,2.039157646249538914596966909142671111156613830646552046e-56,1,ROOT_OK
kepler,kepler_0001760,dev,difficult,0.9999999991478968666029505240579900048235749154010211715,0.004154733119116523306037126205914328393179351693675178753,0,0,0,0,0.2925393499113052520598454387684835287847844290703929153,23.53752706117966089256479836992921262770374236820490151,7.96545955566226138514440198883855902795552277596309393e-59,1,ROOT_OK
kepler,kepler_0001761,dev,high_e,0.9461303358176234024057293936493806540966033935546875,1.633991691899664214009558422662309691206106907739375807,0,0,0,0,2.324118425833140784460226397734961356268191886899772752,0.6070851651092971705336234300978431066790968414337044238,2.039157646249538914596966909142671111156613830646552046e-56,1,ROOT_OK
kepler,kepler_0001762,dev,ordinary,0.6029520504645999867676664507598616182804107666015625,0.915174640648209808551891224543896366480764752990626451,0,0,0,0,1.517262919693455720867235848661878046887563468145985338,1.033338243051340701111739685536185956714700653990887977,2.039157646249538914596966909142671111156613830646552046e-56,1,ROOT_OK
kepler,kepler_0001763,dev,ordinary,0.007990633981598705554150186003425915259867906570434570313,1.522378296170070589750730274432004390532550623347417726,0,0,0,0,1.530362399087770629151472847444959136635597087663662296,1.000323109052164914472959216839507548654591401852502717,2.039157646249538914596966909142671111156613830646552046e-56,1,ROOT_OK
kepler,kepler_0001764,dev,difficult,0.9999999999710698207803317537934369796279827035548132439,0.0000007605417244179270842890705605397631075246834196259786128,0,0,0,0,0.01658670033549693830046154066297429067776259847043010542,7269.756495771090770165572780336811106318905646556816907,2.504180241656810055090441025641458120190021161769452162e-58,1,ROOT_OK
kepler,kepler_0001765,dev,high_e,0.9700998328493615208145683936891146004199981689453125,0.3751636580835267957142977896541166915949383722963992681,0,0,0,0,1.313273272798438419333062101287448131077767044876517168,1.328146326663727356974560595229131644107047501524677293,1.529368234687154185947725181857003333367460372984914035e-56,1,ROOT_OK
kepler,kepler_0001766,cal,ordinary,0.50501119286281126452564649298437871038913726806640625,2.692065180797080214952209674199556311574755553696773929,0,0,0,0,2.841399417789230894168570365656508006406002115605490732,0.6745695765367333650658342856577324084425410439004301859,8.156630584998155658387867636570684444626455322586208185e-56,1,ROOT_OK
kepler,kepler_0001767,cal,ordinary,0.8003930451734897477678032373660244047641754150390625,0.7655713186338837777748341607135995546632155226033189536,0,0,0,0,1.565954983778599463259379829361304913239142027421965098,1.003890035884001777941433587738126157822399878645436002,0.0,1,ROOT_OK
kepler,kepler_0001768,test,difficult,0.9999999999483242758929990050926782403040707191618999553,0.00008784986035077957045010688647730939668344959026929130368,0,0,0,0,0.08078759447508039538450287641407384771161804693467179433,306.6033211499773092890026138734075149888621206183276294,1.02057450556922723997162650481994037545680135567027141e-57,1,ROOT_OK
kepler,kepler_0001769,test,high_e,0.971495293740239684865400704438798129558563232421875,2.319483583707563982183215608207787984010820394894003448,0,0,0,0,2.718427045066374480786990573728927675546431211461114204,0.5302780409743870065205581713823414658348913033785376042,4.078315292499077829193933818285342222313227661293104092e-56,1,ROOT_OK
kepler,kepler_0001770,dev,ordinary,0.28469508779455743319175553551758639514446258544921875,1.094908888119564766563994746882154684811704356355968334,0,0,0,0,1.374115208028274539970545913627922068690295476814315975,1.058911299772389853765564721267054895054601072344812275,2.039157646249538914596966909142671111156613830646552046e-56,1,ROOT_OK
kepler,kepler_0001771,dev,ordinary,0.471006017160845058544538233036291785538196563720703125,1.303404066751689486478042365448895670372591629851779765,0,0,0,0,1.765509573803288052269148612198493227737640581956448738,0.9164788135189918085543271667081050029484934144618299433,2.039157646249538914596966909142671111156613830646552046e-56,1,ROOT_OK
kepler,kepler_0001772,dev,difficult,0.9999999999703022264706756743268222956243242273255391304,0.00000184661821203959354749686374723785937846390053066816659,0,0,0,0,0.02229357241089599835513928526096830818571970067393921868,4024.283766121608393980522966438027089240101249683248942,1.849013414434491729735180031979419414985378675631276784e-58,1,ROOT_OK
kepler,kepler_0001773,dev,high_e,0.9254964091672146508926743990741670131683349609375,1.533852024487192665519809762794706311639204485531606599,0,0,0,0,2.252500185947153313896856393996424395467905547939548441,0.6316437046756911915145232745365374610290851354014848416,4.078315292499077829193933818285342222313227661293104092e-56,1,ROOT_OK
kepler,kepler_0001774,dev,ordinary,0.1414631061782059273657097264731419272720813751220703125,1.04909798516789314518516153022588146455480592519830551,0,0,0,0,1.179889677976423692437638770312627951343693227535665199,1.056972105445739296053544275277490415705906526595422084,2.039157646249538914596966909142671111156613830646552046e-56,1,ROOT_OK
kepler,kepler_0001775,dev,ordinary,0.23889583216749932237377151977852918207645416259765625,0.3667329769037618480679831052680649317139419482703594246,0,0,0,0,0.4762559678460767647733319549862124570477242140157715454,1.269536476153601166816979967081763297609802298356102402,0.0,1,ROOT_OK
kepler,kepler_0001776,cal,difficult,0.9999999999659716147089308183854949448874429951282952669,0.0000001706280678563086304179363581793831691500160413943980679,0,0,0,0,0.01007861878575686258453285910190928716439023543602150562,19689.34838502457393385628310052434302587662275101090792,7.62805544606572760821018476592266791678602004119024315e-59,1,ROOT_OK
kepler,kepler_0001777,cal,high_e,0.9439647436725027151993572260835207998752593994140625,2.976878577559933173705867300991417579409012665506907871,0,0,0,0,3.056812354162029668865682524132920694829426263609371802,0.5153113673289223362146293227902126152198302283459891393,8.156630584998155658387867636570684444626455322586208185e-56,1,ROOT_OK
kepler,kepler_0001778,test,ordinary,0.5184418758838109653197534498758614063262939453125,0.9049232532546412302956450212586195321008766628743003406,0,0,0,0,1.417266955589031596123791980988277848308857735177145887,1.086110921677231949989134404974355061528486240411328235,2.039157646249538914596966909142671111156613830646552046e-56,1,ROOT_OK
kepler,kepler_0001779,test,ordinary,0.180754849006581952419736580850440077483654022216796875,1.796343184671339362520671523658006244731346676140340265,0,0,0,0,1.963349014621438749294403012513975344123456712863300416,0.9353246936032145730649345234588873859679404332661123438,2.039157646249538914596966909142671111156613830646552046e-56,1,ROOT_OK
kepler,kepler_0001780,dev,difficult,0.9999999821301233219766519512555123841875801631536844925,0.001008066892177298759395820229902523615297495831432683164,0,0,0,0,0.1823001233300572207769491173451921434806658471896616401,60.34741864448256123160354331662878168929482379482815326,1.274473528905961821623104318214169444472883644154095029e-57,1,ROOT_OK
kepler,kepler_0001781,dev,high_e,0.98836547776191252534516706873546354472637176513671875,1.626826441704733723219085930916368132241786382914756478,0,0,0,0,2.33818134043557689816652430733844554556629928182655059,0.5930571267469975711418029763969219380872048832999213929,4.078315292499077829193933818285342222313227661293104092e-56,1,ROOT_OK
kepler,kepler_0001782,dev,ordinary,0.79119261221774761505542983286431990563869476318359375,0.926460599789718176202313827931849209284942144864182895,0,0,0,0,1.70999986566660555175743514173164667825283147377522253,0.901078309654750259008845429245485223404211498030638527,1.019578823124769457298483454571335555578306915323276023e-56,1,ROOT_OK
kepler,kepler_0001783,dev,ordinary,0.63566864555195790043029546723118983209133148193359375,1.701050941754735766483241314908084237210813972941753645,0,0,0,0,2.210884566405691067038171203090963647258162596979335196,0.7248144695330854912556912813460412429902841329888452184,2.039157646249538914596966909142671111156613830646552046e-56,1,ROOT_OK
kepler,kepler_0001784,dev,difficult,0.999999999987376471538147866068989377702211007577431385,0.00008209403453171379853925913581672680600076983259974315264,0,0,0,0,0.07898284433477361574707672580653457924085398870525706585,320.7674102579743792033813222850570794935239143683216999,5.837188330633750921301132082445756537673656534260454771e-58,1,ROOT_OK
kepler,kepler_0001785,dev,high_e,0.94076661594850918834964659254183061420917510986328125,0.6267616918583208462986375481454609632279706897557698813,0,0,0,0,1.567523268637424971207283277743896312132879085486959098,1.003088688972985505701800798926271963358481027575017121,0.0,1,ROOT_OK
kepler,kepler_0001786,cal,ordinary,0.825835692993685643870094281737692654132843017578125,1.475554078295110347362721205128751699735222015108922928,0,0,0,0,2.161466483647387831130260556865863783082366482959098543,0.6849678368612020579807766956540321457419980442517394702,0.0,1,ROOT_OK
kepler,kepler_0001787,cal,ordinary,0.1461782421366438489140904266605502925813198089599609375,2.57068784666209362451222916154224724367174382892720127,0,0,0,0,2.640863011492123857707580817127067983136135722683890188,0.8863422836361495188706062832420819306765951900303404267,0.0,1,ROOT_OK
kepler,kepler_0001788,test,difficult,0.9999999986468683041482205923348178910287168130978283158,0.000052514037959960394449978881624210880947109647305394954,0,0,0,0,0.0680521977939807748996801388806986463160228048354725243,432.0291421541553870524358798506835711202842178988233235,7.536071501489842607351461569127730455354795376321333398e-58,1,ROOT_OK
kepler,kepler_0001789,test,high_e,0.92117205181411410119807214869069866836071014404296875,1.436949306237983768983894526234728966420373792596946243,0,0,0,0,2.188107716516110974807053383548182239738356394314565332,0.6522239463792296638676987352355447288708375102137543782,2.039157646249538914596966909142671111156613830646552046e-56,1,ROOT_OK
kepler,kepler_0001790,dev,ordinary,0.78840993607912157603578862108406610786914825439453125,1.795043731385742976441933884406575002890149357683020864,0,0,0,0,2.353843085664013534870600952774720689954558122670238295,0.6426001813404150361035281046807984880503674323855927454,2.039157646249538914596966909142671111156613830646552046e-56,1,ROOT_OK
kepler,kepler_0001791,dev,ordinary,0.74607885515780214547021387261338531970977783203125,0.1699976642218970174542399862584369622112638976671465961,0,0,0,0,0.5769805105230993918239134222534326829195233476709356984,2.668793341304484471056282230555859042673612629229581023,2.548947057811923643246208636428338888945767288308190058e-57,1,ROOT_OK
kepler,kepler_0001792,dev,difficult,0.9999999898371873740001913197143767353015509234332364358,0.0000004753203660168861167652424496982302077439407817155630086,0,0,0,0,0.01417980042718696915911409052118117606310861929069176235,9946.107277650224165861544258226299202125810215782482739,1.195499575645355270145879180331666055282142975225417967e-59,1,ROOT_OK
kepler,kepler_0001793,dev,high_e,0.9417533352851263916960533606470562517642974853515625,0.09854432777147043712624369427671483818793848610992922908,0,0,0,0,0.718360212256294090490612101605228021306392422225058009,3.436814349314533131549051635008552291956995748459711215,3.823420586717885464869312954642508333418650932462285087e-57,1,ROOT_OK
kepler,kepler_0001794,dev,ordinary,0.54465396454197134712416072943597100675106048583984375,0.7509165003677075683840785711313110385565499626293857173,0,0,0,0,1.271330155577987036541317231647529394216755756002981033,1.191438508664628926113749783602886337005383409168315934,1.019578823124769457298483454571335555578306915323276023e-56,1,ROOT_OK
kepler,kepler_0001795,dev,ordinary,0.8630633338373849827718231608741916716098785400390625,2.206251692075465580425737501755220338819421832038069269,0,0,0,0,2.629303064372087669360402493540086407831218729964735246,0.5706892376133517613397519550849693193570085700683792502,4.078315292499077829193933818285342222313227661293104092e-56,1,ROOT_OK
kepler,kepler_0001796,cal,difficult,0.9999999999791806016161699962966791219744348148755181207,0.000005109215960355499226236052669288520956513112155416926261,0,0,0,0,0.03129744669869608163773065734872918832890526626093478301,2041.961789012253664020046274145694897034363465023801666,5.501923382538981911828745631548352344211856698670601892e-58,1,ROOT_OK
kepler,kepler_0001797,cal,high_e,0.94454276559245908817530334999901242554187774658203125,1.429065987236942924521295255325554004052549680534214035,0,0,0,0,2.195319027070491554458756060141497862157235684197931023,0.6442121260966394236293173218995088046970468049982745341,4.078315292499077829193933818285342222313227661293104092e-56,1,ROOT_OK
kepler,kepler_0001798,test,ordinary,0.1012274899878236045225321504403837025165557861328125,1.651891014906549905399597910095574585560352992275880988,0,0,0,0,1.751470796592607716344265299438415646943286457697747191,0.9821350787708149163832834687010222806030353418614486636,2.039157646249538914596966909142671111156613830646552046e-56,1,ROOT_OK
kepler,kepler_0001799,test,ordinary,0.1440420641268586321448452736149192787706851959228515625,0.3282214768883739684058203421314148699001052600719286319,0,0,0,0,0.381904256094105998470528827851905155420820421694769556,1.154287607997763622061428561659432368809031585928686607,0.0,1,ROOT_OK
kepler,kepler_0001800,dev,difficult,0.9999999997915996400680871933931589721937556371652974958,0.000003598839266060658414295539584483896171061066414500346344,0,0,0,0,0.02784688447048615878340331359158578571877914929968125954,2579.316289037204073343574438103716320620253837624533841,2.343354190569586174096436620251578034347266832284064499e-58,1,ROOT_OK
kepler,kepler_0001801,dev,high_e,0.96216681052261154860616443329490721225738525390625,2.054007579325625131257694207005721467126291671451927358,0,0,0,0,2.572493602755170376101278181436200331480995207433204691,0.5523285348237464644287448142087799583792771287191680299,4.078315292499077829193933818285342222313227661293104092e-56,1,ROOT_OK
kepler,kepler_0001802,dev,ordinary,0.81575243345858894361555258001317270100116729736328125,3.114114171882420403769337295657183786330488747834108902,0,0,0,0,3.126459008478890573953161834513058607802273939138473641,0.5507642066688113185599297561874863622545923337179323037,8.156630584998155658387867636570684444626455322586208185e-56,1,ROOT_OK
kepler,kepler_0001803,dev,ordinary,0.44734271338676634410802535057882778346538543701171875,1.899383874096199471890755516782335266729017032200590628,0,0,0,0,2.248008256169243887208397251879301671371998838930599884,0.7810577384428472095030007064005789514117779382834755622,2.039157646249538914596966909142671111156613830646552046e-56,1,ROOT_OK
kepler,kepler_0001804,dev,difficult,0.9999999990003412373791384826282895365614867612739894814,0.000001048557057473516491908418835596953270156876307406836059,0,0,0,0,0.01846067989405413445713374102274301768130083721653295431,5868.733635038892110874189841876209194702270916719103066,2.824276590011792531651663820407773260815382257698047196e-58,1,ROOT_OK
kepler,kepler_0001805,dev,high_e,0.9114012692756556788253874401561915874481201171875,1.015533466667453674055430435370767029197421089011597441,0,0,0,0,1.882903660496555410547259581459945350168645003358600237,0.7813358938702629739725375766299310623889504936365159353,2.039157646249538914596966909142671111156613830646552046e-56,1,ROOT_OK
kepler,kepler_0001806,cal,ordinary,0.870546794655707945054246010840870440006256103515625,1.430943241469613000365721859788958467931149033917621342,0,0,0,0,2.156425856892725372530485735326914941482218470071377533,0.6751409408966341597367672187679048155457855705213042622,0.0,1,ROOT_OK
kepler,kepler_0001807,cal,ordinary,0.03635311425512231103818194810628483537584543228149414063,1.863344486355427522380849487366963092777308414857674624,0,0,0,0,1.897771546210584025100802133115759013155249771102198728,0.9884588605985808244070162309059609451676197181736083467,0.0,1,ROOT_OK
kepler,kepler_0001808,test,difficult,0.9999999999693709665286144608367490622394515304751075335,0.003672881684124009862900174752709337091764952847142919858,0,0,0,0,0.2807306900321257042293025911172675552985418017463356642,25.54490567868070696702821190644879897937379087673915478,3.265838417821527167909204815423809201461764338144868511e-57,1,ROOT_OK
kepler,kepler_0001809,test,high_e,0.9877357353389426553036400946439243853092193603515625,2.572963689364605313370871577185235707117295833173747615,0,0,0,0,2.853552962780837368741509693169842458682114092176954215,0.5135991871201822543137793843443076872115127519494791905,8.156630584998155658387867636570684444626455322586208185e-56,1,ROOT_OK
kepler,kepler_0001810,dev,ordinary,0.8357005035692723904361400855123065412044525146484375,2.566670691028040637085752663453337007645566275908717107,0,0,0,0,2.826030838647796044084165194892402860190557668112151078,0.5572783426575971061804160032360110866022166390456862163,0.0,1,ROOT_OK
kepler,kepler_0001811,dev,ordinary,0.323216108445771699297921486504492349922657012939453125,3.080090756976192322528511436331890347720423110558170822,0,0,0,0,3.095109463097680549641767723167716086364938647061150295,0.7559338995591711009718897118692352607620380149587015922,0.0,1,ROOT_OK
kepler,kepler_0001812,dev,difficult,0.9999999674217316005287049007730761939976091814897881219,0.0000003256145929923369852561614619823763638449165242546778151,0,0,0,0,0.01249602062919221608333091562441036826601846437138682292,12802.97839395630806997708655442718693857676327928752874,5.578835961988796960115479298213041067247901846568390067e-59,1,ROOT_OK
kepler,kepler_0001813,dev,high_e,0.95423303637194134552146351779811084270477294921875,2.582830414879501083072980801251487448842208937559313594,0,0,0,0,2.85373547752699873808444243698113924922065678154227621,0.5222012381287288939645577740354401975359564681693886062,8.156630584998155658387867636570684444626455322586208185e-56,1,ROOT_OK
kepler,kepler_0001814,dev,ordinary,0.492243221462976332514216437630238942801952362060546875,0.1359794344284720323961296324846911669878836541270478903,0,0,0,0,0.264814253143182772331143309792632590167424536863013606,1.905067370527757106996304909952480329995414218398378637,0.0,1,ROOT_OK
kepler,kepler_0001815,dev,ordinary,0.5327707452077083960517711602733470499515533447265625,3.069479318832096373787852317456093078563462572117644902,0,0,0,0,3.094538921262207601566223136270671010714966056535632878,0.6526643779120297526146195924520203832273243124837408568,4.078315292499077829193933818285342222313227661293104092e-56,1,ROOT_OK
kepler,kepler_0001816,cal,difficult,0.9999999964788975477597806043739828583469138589766295319,0.002375210107864281148326946637108378840838201746559481934,0,0,0,0,0.2426856208169519000941902777325160882400284547786014331,34.12513912472251455666668285749013929892504154714791766,1.393955422240895742400270348046747829892216485793541438e-57,1,ROOT_OK
kepler,kepler_0001817,cal,high_e,0.94431863727050735501933331761392764747142791748046875,0.02343669368958548507369864777814751617460356954145953437,0,0,0,0,0.3246757419718384423710808325314292542268592437904649389,9.522174322094008916099726078839566363320191290725358515,5.097894115623847286492417272856677777891534576616380115e-57,1,ROOT_OK
kepler,kepler_0001818,test,ordinary,0.009581220742650676733265235895942169008776545524597167969,2.901398420419339833563091730554274712180601618754360912,0,0,0,0,2.903656687768758771339256548175248825267743668895051851,0.9907746156539010375336122341767591813382008305915573739,0.0,1,ROOT_OK
kepler,kepler_0001819,test,ordinary,0.71782975891658951095308793810545466840267181396484375,1.504702772342086586560695455780500804721941992138847755,0,0,0,0,2.117793970162489713144059217638300587863290366880568665,0.7281404511154884569728103606543295763295845430119528894,6.117472938748616743790900727428013333469841491939656139e-56,1,ROOT_OK
kepler,kepler_0001820,dev,difficult,0.9999999285726529743236626909523225518098018890831836302,0.000001954388993549585202856432236693565255396558605252790745,0,0,0,0,0.02271281410144781309074929042754944266989860248293640499,3876.024836679241248514865292224892455099977235054330157,7.946012632918945317309576788670496139703678237935840283e-59,1,ROOT_OK
kepler,kepler_0001821,dev,high_e,0.9801095578156455712104389021988026797771453857421875,2.855052016293331791773130207403079066035367794127995197,0,0,0,0,2.996632136293184180965840024187947775066185545203100075,0.507658076251850601487564320871671649613089869940102194,4.078315292499077829193933818285342222313227661293104092e-56,1,ROOT_OK
kepler,kepler_0001822,dev,ordinary,0.07751708395117844208055402077661710791289806365966796875,3.107217630685100830940645187408458355173894813469880474,0,0,0,0,3.109690196652075864243525627490555269172413446499591531,0.9280935053733929169895954513492992155580803938751583005,4.078315292499077829193933818285342222313227661293104092e-56,1,ROOT_OK
kepler,kepler_0001823,dev,ordinary,0.55808128526134137548098124170792289078235626220703125,2.587626691546642380780040020353307152055244750595038,0,0,0,0,2.783321215849439889219055375082756062865864838250925373,0.6567516635770763689042020302946209952379095035578316955,8.156630584998155658387867636570684444626455322586208185e-56,1,ROOT_OK
kepler,kepler_0001824,dev,difficult,0.9999999998640740833038584243074055333619961426662562156,0.00000001226322680850128421331591653411481795206474555989541366,0,0,0,0,0.004190302798432411416505858768335698749116160518683338866,113902.4572510402199795463819454567502805106188909529238,5.854374548608156496250158853094282115166224144742040182e-59,1,ROOT_OK
kepler,kepler_0001825,dev,high_e,0.92719893544383380490359058967442251741886138916015625,2.728943908584593239082285760526469759070038879372880287,0,0,0,0,2.926680153922421432856579337778819927991889914829241233,0.5246950952141631384465022665596074220940482436021601525,4.078315292499077829193933818285342222313227661293104092e-56,1,ROOT_OK
kepler,kepler_0001826,cal,ordinary,0.6281134225965077089171018087654374539852142333984375,1.798012365670595606550616367047261135630569531241496041,0,0,0,0,2.276218798924685310772725355277144077800029672339100242,0.7106104311186326807792334207220137270303920584572488943,6.117472938748616743790900727428013333469841491939656139e-56,1,ROOT_OK
kepler,kepler_0001827,cal,ordinary,0.5707856467924805610181238080258481204509735107421875,2.444904403156557490878529466801330549416317789337609576,0,0,0,0,2.692638715020043566946448054964107315677982364986001657,0.6604052725594631379173417580501216494520592500390164918,0.0,1,ROOT_OK
kepler,kepler_0001828,test,difficult,0.9999999986053337618079872102725627907047463730342282299,0.00001069104186600121453973896533486472982643611036955930109,0,0,0,0,0.04003144532809644941555598668226675198448143553376665152,1248.201490946635769728369930864504954800705736204110002,1.801562922940800524218206543569345967650878002844777885e-58,1,ROOT_OK
kepler,kepler_0001829,test,high_e,0.9411269186077058090944547075196169316768646240234375,2.946465911158567092930819520186671426826315491296359533,0,0,0,0,3.040988011667598323368152509340219191294808474040831651,0.5164307015638887342401343904432372175063202288083419777,8.156630584998155658387867636570684444626455322586208185e-56,1,ROOT_OK
kepler,kepler_0001830,dev,ordinary,0.48966991081677202490851641414337791502475738525390625,0.06864167740875172100448478562606677167749662524776942944,0,0,0,0,0.1341190066877622478427883951676474360781040627339278349,1.942775319379211460528725497776524056609294654039612351,0.0,1,ROOT_OK
kepler,kepler_0001831,dev,ordinary,0.70062511211197942007089523031027056276798248291015625,2.176652878442297890638563934089671655990359148973277736,0,0,0,0,2.5609744395329527448688527395711764869734260451859696,0.6305928633503374255290477966338696030661110609321848322,0.0,1,ROOT_OK
kepler,kepler_0001832,dev,difficult,0.9999999976724577148829117709714574199752015695410725101,0.00001008124329144033394709147545356592373228163206218594693,0,0,0,0,0.03925529912228172549870063619180751545295376407212074697,1298.039394463936676138003997462370438048522010179270866,4.409006324364618899511569382103218024458193661538946914e-58,1,ROOT_OK
kepler,kepler_0001833,dev,high_e,0.94171636182192042241467788699083030223846435546875,2.387392928939311470605841688840098282228533597838531166,0,0,0,0,2.748293872074757643465082454307191410389144868625589963,0.534811925349811585534709368455770809949403856812525477,4.078315292499077829193933818285342222313227661293104092e-56,1,ROOT_OK
kepler,kepler_0001834,dev,ordinary,0.221457468751541652896008827156038023531436920166015625,3.042657169164442638100675080906365487693937402238524828,0,0,0,0,3.060578696147638849507094319914792278762830622677172029,0.819181210264244431647148187405135139505429689382685209,0.0,1,ROOT_OK
kepler,kepler_0001835,dev,ordinary,0.58055860475310050450303833713405765593051910400390625,2.54900236098036005802009203978720597072431147534814513,0,0,0,0,2.763379642873804221276841383615474927131420728543366753,0.6495496493201925777899307775801768346098529119927560095,4.078315292499077829193933818285342222313227661293104092e-56,1,ROOT_OK
kepler,kepler_0001836,cal,difficult,0.999999901848887850759354194172611906301314352562465483,0.00003597536290240360567505615541515409167051636967198566023,0,0,0,0,0.05998663641830661624066410550883056171016664994833668778,555.9395261226344221826487132309404837577368079283746481,4.760606687563773405965209001141795044051542909071692857e-58,1,ROOT_OK
kepler,kepler_0001837,cal,high_e,0.91958870529809411120680806561722420156002044677734375,2.075962154029745880615979977907944839310802172670905008,0,0,0,0,2.571935911024655420995733130888065000845764229707205161,0.5635793855442965844878549305708750473791673687346046707,8.156630584998155658387867636570684444626455322586208185e-56,1,ROOT_OK
kepler,kepler_0001838,test,ordinary,0.3050102707567921012099532163119874894618988037109375,0.5038844355750815558108229089868657523207557066749162797,0,0,0,0,0.7004922596239030567395953908593553689712323018461907983,1.304100560897916221426631649947359819573949149522478042,0.0,1,ROOT_OK
kepler,kepler_0001839,test,ordinary,0.36943645395871571590618032132624648511409759521484375,2.32579327623843254876459021180283685444876521242615901,0,0,0,0,2.536072689798119395356666274163229317104884814043105177,0.7670164742634063713659823756426196308865415480610380115,4.078315292499077829193933818285342222313227661293104092e-56,1,ROOT_OK
kepler,kepler_0001840,dev,difficult,0.9999999778525081144818125793654039740573965484612942098,0.0000002517479767572268430795106647453954886624947359394710741,0,0,0,0,0.01146992428441915837232023808255293789346768479892394822,15197.3359426925106323099380599117135017802880020411564,5.608006346103771061867717098465135399625668653609270538e-59,1,ROOT_OK
kepler,kepler_0001841,dev,high_e,0.94110043424146783141992500532069243490695953369140625,2.737202586688526992856022126587733948945510469113008494,0,0,0,0,2.932525545957839347879880607029912851930819043612813073,0.5206684727684866106261930563178397841008514880648678242,4.078315292499077829193933818285342222313227661293104092e-56,1,ROOT_OK
kepler,kepler_0001842,dev,ordinary,0.363294876372199759817505082537536509335041046142578125,0.8474938424788965751741241607340334524882693891455772457,0,0,0,0,1.183941285938426231504372385375617816323636485754840668,1.158833240896764281489944971389382867411211821136103327,0.0,1,ROOT_OK
kepler,kepler_0001843,dev,ordinary,0.391005625818084345812764013317064382135868072509765625,1.901386823004579290288644717112948802526714747966170315,0,0,0,0,2.214211486459376924436225834356904102646270233061450956,0.809994365376642355327930379519830153693798486968361481,2.039157646249538914596966909142671111156613830646552046e-56,1,ROOT_OK
kepler,kepler_0001844,dev,difficult,0.9999999725201749429231098758379429091394866595584012832,0.001700731892584639230598197366803764746915263514272815262,0,0,0,0,0.2170715715665285297758480379357178772175978183163316965,42.61177255859472359559687337544630928984307382100316612,1.832055697802320118583212457432868576429770238471511604e-57,1,ROOT_OK
kepler,kepler_0001845,dev,high_e,0.91571714651673430385159235811443068087100982666015625,2.431793606838668948916781449377912166870972116091582556,0,0,0,0,2.766918217323582495522796742203209973602891164172712217,0.5399011417674501581865381918214177527202288061765654338,4.078315292499077829193933818285342222313227661293104092e-56,1,ROOT_OK
kepler,kepler_0001846,cal,ordinary,0.822642217062000913330166440573520958423614501953125,1.138767773917799471508690405043821314455927029543065629,0,0,0,0,1.913557190435227300120870781449033128475211186147884492,0.7834039325312485138161102854201969045134474334980205499,4.078315292499077829193933818285342222313227661293104092e-56,1,ROOT_OK
kepler,kepler_0001847,cal,ordinary,0.589447474976876772956302374950610101222991943359375,1.182469360901267301088991951918541318105387291194657676,0,0,0,0,1.761257839377169726079145679676095214397303718759379788,0.8996126484476909063891989233734449230272566695896131312,2.039157646249538914596966909142671111156613830646552046e-56,1,ROOT_OK
kepler,kepler_0001848,test,difficult,0.9999999993186690989841240024608061119092040905341537205,0.001718952743036020319499633230998529280489945271552364882,0,0,0,0,0.2178454895116044902217473908265508997593906715305346007,42.31078006273057788243537623890289773814083552174286578,6.969777111204478712001351740233739149461082428967707189e-58,1,ROOT_OK
kepler,kepler_0001849,test,high_e,0.9132109632740306182085987529717385768890380859375,2.001414698258802404785532956112036857155911953756302125,0,0,0,0,2.527570174746979694986125200478523118758799132112773662,0.5726061274681724839658127595562986670503264866013058989,8.156630584998155658387867636570684444626455322586208185e-56,1,ROOT_OK
kepler,kepler_0001850,dev,ordinary,0.778556964181149169235141016542911529541015625,0.3089624780424041782632937716721249166692612827545669913,0,0,0,0,0.9357226066932597814109645783300240024054621417339247695,1.858282510307494968420515168783443832561647735705382858,5.097894115623847286492417272856677777891534576616380115e-57,1,ROOT_OK
kepler,kepler_0001851,dev,ordinary,0.02694912759278043218325038310467789415270090103149414063,3.055103034901396219096461800323581534351759620303419684,0,0,0,0,3.057370077443207405629291715957550940927050195108842776,0.9738486548047274360309345486477904159072318828141863659,0.0,1,ROOT_OK
kepler,kepler_0001852,dev,difficult,0.9999999999889403892457311461241769954760433229043154746,0.0007870332407878451996417610475872953489170404528038970838,0,0,0,0,0.1678489801282845045036847532835861960133889317122950557,71.15615071176988297879925544940616168410535418974725376,5.675389933409361236915386417047473307418309977873704425e-58,1,ROOT_OK
kepler,kepler_0001853,dev,high_e,0.935636536156808862330080955871380865573883056640625,2.569913255116851817435813072988452676479285003527522153,0,0,0,0,2.844137320320238595824550061780523166002398755229393446,0.527830265658335501307448257927744782860259094332069027,8.156630584998155658387867636570684444626455322586208185e-56,1,ROOT_OK
kepler,kepler_0001854,dev,ordinary,0.38116721272827902566859847865998744964599609375,2.470005514918715282666124690486947057757676921334971712,0,0,0,0,2.649946169185123562689610423812449501997580119526579193,0.748491485098991243987755024562663095515284186119154912,4.078315292499077829193933818285342222313227661293104092e-56,1,ROOT_OK
kepler,kepler_0001855,dev,ordinary,0.002691321989700446153798152337799365341197699308395385742,2.127544329538473380062915017442768209665066247490749994,0,0,0,0,2.129825952016928208532608306121451926797154119513917661,0.9985746547703401501990082144798580454874231770053159456,0.0,1,ROOT_OK
kepler,kepler_0001856,cal,difficult,0.9999999966765458729772410968510182976924807164845965636,0.000003047129683312754902432652587325161544002147689216833735,0,0,0,0,0.0263439924774363543010781168332972886985503450978839223,2881.958794328478880066447495129410281599676961097834734,1.040799305222275950519844712994725779238719675218615203e-58,1,ROOT_OK
kepler,kepler_0001857,cal,high_e,0.911631454313775346776083097211085259914398193359375,0.7551374918909826103665983768497455701244446002666332,0,0,0,0,1.66290457132028641879913085103743552151912365092926843,0.9226368175771680611868308931133428394066030266768795004,2.039157646249538914596966909142671111156613830646552046e-56,1,ROOT_OK
kepler,kepler_0001858,test,ordinary,0.51027549721491494150171774890623055398464202880859375,1.395784237867057361777012049682589384044656017788090473,0,0,0,0,1.881609916371151322513524122632837750163791579129427874,0.8650075589766978586373087752546926589111032208475023671,0.0,1,ROOT_OK
kepler,kepler_0001859,test,ordinary,0.06455134889389040064866520651776227168738842010498046875,1.578962585130607423883713177024269677486126703221735165,0,0,0,0,1.643344135685541952632086836603948898940297740762235369,0.9953428385979745255364816979722124800620328440286164672,0.0,1,ROOT_OK
kepler,kepler_0001860,dev,difficult,0.9999999881547339450934682324078281923796008348206904318,0.00000002791523560428929800024542790934436541339093893067346919,0,0,0,0,0.005507979691626756670836972245092127384620229340407506821,65872.99857164147407743075159492014568866981920559261133,4.398954696171667406949444106766350519093021515946110185e-60,1,ROOT_OK
kepler,kepler_0001861,dev,high_e,0.91470785086965988863738630243460647761821746826171875,2.95017751522078066081270974372048070418393098518418181,0,0,0,0,3.041542014058008450313540853174988118740217278729480747,0.5235236186481980470685628674091791971557768987900181971,4.078315292499077829193933818285342222313227661293104092e-56,1,ROOT_OK
kepler,kepler_0001862,dev,ordinary,0.49446942597002629948832463924190960824489593505859375,2.446786742370923765230303796102750519545143036317343212,0,0,0,0,2.670990558783215461832393326121197260966621506175125786,0.6940981918185454895307936830122104193480219637720453868,4.078315292499077829193933818285342222313227661293104092e-56,1,ROOT_OK
kepler,kepler_0001863,dev,ordinary,0.624306255863241066350610708468593657016754150390625,0.2122121960991827508979033109732055554046276394776266069,0,0,0,0,0.525266651914949845391686389100785242505604794630791167,2.174592332879988098004062273188246378057433401088778798,5.097894115623847286492417272856677777891534576616380115e-57,1,ROOT_OK
kepler,kepler_0001864,dev,difficult,0.9999999996699271005192433678702395380105085315010067165,0.001170175442665884233227872511168514767062009073922493266,0,0,0,0,0.1916018974844331342399164442145724887364395431126910354,54.64612976285824650585948617185746040679988654028146012,7.368050088987591781258571839675667100858858567765861886e-58,1,ROOT_OK
kepler,kepler_0001865,dev,high_e,0.9005886025539073802548273306456394493579864501953125,2.600845545481378780919391415109698325474752032856505952,0,0,0,0,2.85523010389952617304263560660689746496848597367711783,0.5365052850182502968119819079434800677291506858365257842,0.0,1,ROOT_OK
kepler,kepler_0001866,cal,ordinary,0.4249024455007628375824424438178539276123046875,0.4486792064493026964493488959291139476619709883187761463,0,0,0,0,0.7329742012611359318372435292059480372026283174470420684,1.461523080953825427403689091936859758817558028506490198,5.097894115623847286492417272856677777891534576616380115e-57,1,ROOT_OK
kepler,kepler_0001867,cal,ordinary,0.09785569835231595903213275278176297433674335479736328125,1.230920606166246575218959570204825647398930597925695536,0,0,0,0,1.325855475354765945630612010299592159168929993667531872,1.024306698949074430922362308993656172127909695278282702,2.039157646249538914596966909142671111156613830646552046e-56,1,ROOT_OK
kepler,kepler_0001868,test,difficult,0.9999999629470891956876615128888945485766038602293657553,0.0003593665673566890011993158677485232836706501702709947684,0,0,0,0,0.1292256105470885246477800179163813604376214392286298358,119.9320747542476994565371170020747978367342667821526317,1.150013223348738987480223037138566959661078600779671686e-57,1,ROOT_OK
kepler,kepler_0001869,test,high_e,0.90209486633552204981612021583714522421360015869140625,1.730021082546077686895820378516277374562979475710247679,0,0,0,0,2.363330425685316633566371272094027925344458839507049553,0.6088602674177151229742714744155164658544736087188664909,6.117472938748616743790900727428013333469841491939656139e-56,1,ROOT_OK
kepler,kepler_0001870,dev,ordinary,0.6306033577405061318899015532224439084529876708984375,1.68359647292651757650035624321108108953168641604041105,0,0,0,0,2.195209112150735440946316130129950961772008381924444074,0.730639545081103363204424476303310809018350770568572262,4.078315292499077829193933818285342222313227661293104092e-56,1,ROOT_OK
kepler,kepler_0001871,dev,ordinary,0.512934965796453479214278559084050357341766357421875,2.053702993956072582058888692342557675947967902283892879,0,0,0,0,2.400124561253066930672281110123358219828546219979988171,0.7255429411403625561676284134700063781427523502981329636,4.078315292499077829193933818285342222313227661293104092e-56,1,ROOT_OK
kepler,kepler_0001872,dev,difficult,0.9999999955365806434923999406511142660905986723986149421,0.0009975357183951767307625587620258642582560973323335626248,0,0,0,0,0.1816625190343059585354635043066882979278698419116999985,60.77065259676780025839438769715232473239693121634221681,6.969777111204478712001351740233739149461082428967707189e-58,1,ROOT_OK
kepler,kepler_0001873,dev,high_e,0.96726457165954460304391204772400669753551483154296875,0.2234196050897469718547554813132351939292590892603882629,0,0,0,0,1.073546046368972739515279727995032521960797927976546518,1.856649834427638832777269442259778855569618087757981969,0.0,1,ROOT_OK
kepler,kepler_0001874,dev,ordinary,0.1133522938446537009493653158642700873315334320068359375,0.4172617201358720084227036488273103494300268929868823945,0,0,0,0,0.4684396677882131525769122359589424467541080025893576961,1.112521897997703491322969576135294115401458991145696161,0.0,1,ROOT_OK
kepler,kepler_0001875,dev,ordinary,0.5146189968421186478053641621954739093780517578125,1.4930052809927641390632174248000743914866032289865942,0,0,0,0,1.96763244149733636022270966480982939238356530600187972,0.834096942968730046040351354611372021660524923109218467,2.039157646249538914596966909142671111156613830646552046e-56,1,ROOT_OK
kepler,kepler_0001876,cal,difficult,0.999999963850071423906845642268715228406694718061867841,0.0000415873363342481576667053687284485125748614646534816638,0,0,0,0,0.06295905859000608649300854646154914555982846094842607474,504.7183531536095989737843537349767913596994376265817894,9.222508641790212009987502927702144124554753714044769691e-58,1,ROOT_OK
kepler,kepler_0001877,cal,high_e,0.969514984132962442942016423330642282962799072265625,1.001444258412606806562507392854591881887399162579287254,0,0,0,0,1.914315540597303565434949750710961606711905547338845561,0.7538434685821659191089131473932432323351221431239463587,0.0,1,ROOT_OK
kepler,kepler_0001878,test,ordinary,0.2020607640887487621572660145830013789236545562744140625,1.849855992665689119955182822405969096566651648989333569,0,0,0,0,2.030903435783205239008640975109645141328601882589753508,0.917663651148371125439147643087845165021906360043475183,2.039157646249538914596966909142671111156613830646552046e-56,1,ROOT_OK
kepler,kepler_0001879,test,ordinary,0.1669626683557547119907127353144460357725620269775390625,0.8421953222791149626767569650281676222525747501160974514,0,0,0,0,0.9809452251651069225151938089066382353770079621575978236,1.10237887693741787733650197088789237212086901964427441,1.019578823124769457298483454571335555578306915323276023e-56,1,ROOT_OK
kepler,kepler_0001880,dev,difficult,0.9999999999176876845115542750383452100026474720314078851,0.0000007822639864337287457816721173592411572073986753577793437,0,0,0,0,0.01674312950694860793842034312120004823459079976062198393,7134.55044958895564796284983430271903209074123898141748,7.62805544606572760821018476592266791678602004119024315e-59,1,ROOT_OK
kepler,kepler_0001881,dev,high_e,0.94845591440125021076568145872442983090877532958984375,1.485511203632553181293392595394601834692398485550047727,0,0,0,0,2.233316255774554641457402752922053007810527717777949385,0.6315521281779384270986132671921049363891075981166775783,2.039157646249538914596966909142671111156613830646552046e-56,1,ROOT_OK
kepler,kepler_0001882,dev,ordinary,0.262270372350013214468589239913853816688060760498046875,1.600330864710491090597681958887677690815088156516048831,0,0,0,0,1.852279457984667788395682945856558439913529970366983268,0.9320935790780058399777384577210794504475368857130909184,2.039157646249538914596966909142671111156613830646552046e-56,1,ROOT_OK
kepler,kepler_0001883,dev,ordinary,0.85587027700066198310224763190490193665027618408203125,2.388476472305604850193010644701088458593609216448866621,0,0,0,0,2.73049540955931086346860708736873529660488354301124986,0.5603617010368048823602870032005586013834400804217025491,0.0,1,ROOT_OK
kepler,kepler_0001884,dev,difficult,0.9999999649411542068723391060363610279517166826342955045,0.007124600164904478332964662833694903712891389725045216203,0,0,0,0,0.3503690125938129627035264153892556738687843076855403632,16.45984388756999744191368580239140773445591058810642176,3.186183822264904554057760795535423611182209110385237572e-58,1,ROOT_OK
kepler,kepler_0001885,dev,high_e,0.92182140772352527680055800374248065054416656494140625,1.843808011378256491934205955920680311721922537313940696,0,0,0,0,2.439286226977550663139935050895788316711596366400899514,0.5869659464829872199068766705366751211034554912455956037,6.117472938748616743790900727428013333469841491939656139e-56,1,ROOT_OK
kepler,kepler_0001886,cal,ordinary,0.468907430888497345211618494431604631245136260986328125,2.867446901161957066679974353551932860258618389962581093,0,0,0,0,2.954613042750399363443813635199511203954097773142241753,0.6845871220806515583987353675666339519501278422579749144,4.078315292499077829193933818285342222313227661293104092e-56,1,ROOT_OK
kepler,kepler_0001887,cal,ordinary,0.75984093045025813406567749552777968347072601318359375,1.79664162277797478021352803255281220312435904977096873,0,0,0,0,2.341674704101680387815677199976386809027600097997428687,0.653837932155698519386823086265215193102515375485496433,0.0,1,ROOT_OK
kepler,kepler_0001888,test,difficult,0.9999999996696059456735450058478194860170722781129262065,0.000007047842693875405136561487549530536466086994452541450646,0,0,0,0,0.03483996422750332859948314651293569990260648648730047338,1647.852323496374665126547564867160848064658938538372595,4.381002755614243761829421093861207465375537526779701662e-58,1,ROOT_OK
kepler,kepler_0001889,test,high_e,0.937309898129802032684665391570888459682464599609375,1.280590557345716307931733355299124421918870792727460224,0,0,0,0,2.092984853199995084617463310125420896604124572202213177,0.6814264842759361142130416905681054281450431416239365021,4.078315292499077829193933818285342222313227661293104092e-56,1,ROOT_OK
kepler,kepler_0001890,dev,ordinary,0.331958389035212741990932272528880275785923004150390625,3.078094563976536626879505865163998236397564905602424426,0,0,0,0,3.093915424701190347086916282257508245806242007166270053,0.7509868886671989088439600636378105592418155357012232857,4.078315292499077829193933818285342222313227661293104092e-56,1,ROOT_OK
kepler,kepler_0001891,dev,ordinary,0.229740919599443371712510497673065401613712310791015625,3.046310942696537383046484719978920330120595304529894713,0,0,0,0,3.064097040924322508173874422587640810303540512160126066,0.8136356202944534755925818939268630649192184106118096105,0.0,1,ROOT_OK
kepler,kepler_0001892,dev,difficult,0.9999999998511580557394960250661912661134655803883630772,0.0000000149836796652836368545859210652786572513855274597555797,0,0,0,0,0.004479713915221537572621125720902152120034955880009235342,99660.6510814843471815153298655441647786035603112546695,6.073000500386530102611982783108676616685007662095305795e-59,1,ROOT_OK
kepler,kepler_0001893,dev,high_e,0.97492927569057397096941031122696585953235626220703125,3.134007644255739165920547867022932019269715086640321065,0,0,0,0,3.137752000340740400438906642650027888375960829898312496,0.5063490896404654076827396600969223733500173200073902461,4.078315292499077829193933818285342222313227661293104092e-56,1,ROOT_OK
kepler,kepler_0001894,dev,ordinary,0.436900589838160657851773294169106520712375640869140625,2.153572585055213678609642395522071102010190693317847113,0,0,0,0,2.436672408263157866646846377745666859984124104638163369,0.7503163807772510379449343617081964473605695954345116138,0.0,1,ROOT_OK
kepler,kepler_0001895,dev,ordinary,0.376435186465830351476569148871931247413158416748046875,2.888898014074501557392866938691709728802503431695721964,0,0,0,0,2.957723493454195026330171130175701296941082810355635987,0.7298791346843074518919074038484269129756021650816083067,0.0,1,ROOT_OK
kepler,kepler_0001896,cal,difficult,0.9999999993928945089088053563118951472203654904167667218,0.0002235756841445191450314585547690392077469907675197025715,0,0,0,0,0.1103095993835452739274489086740638365263050565422126939,164.5294949784143155659352663817078061940682172355548655,1.100229101125849853823070524708325965736356583429902349e-57,1,ROOT_OK
kepler,kepler_0001897,cal,high_e,0.95454376437101828845044337867875583469867706298828125,2.867728605339435235754743161703293844264542836075031002,0,0,0,0,3.001251277620376044507402098025247444332461534075166254,0.5140967968188572078345694485601823854723632351066770475,0.0,1,ROOT_OK
kepler,kepler_0001898,test,ordinary,0.497682367938623304581824413617141544818878173828125,0.6895033719135408679943830023337796109365546742566214819,0,0,0,0,1.14216264532230400612250899552664269380024479513997634,1.260797095327584540899627553737479441460550043750732461,0.0,1,ROOT_OK
kepler,kepler_0001899,test,ordinary,0.35353262625488646175853091335739009082317352294921875,1.539660196714118421649858975641189259481716969584647425,0,0,0,0,1.876772428013646049115004378483804886199341836591318103,0.9037566569583950437229670406999173542007469190092087779,0.0,1,ROOT_OK
kepler,kepler_0001900,dev,difficult,0.9999999988685632402431709567050874960657283578390722249,0.00001236626521850072133007010547325005934486837652809299599,0,0,0,0,0.04202188154023334059265375309483431546519448392017008948,1132.771620423972754715973903157901325110714272975467999,2.534322971908949960234420085901955596980380195711695315e-58,1,ROOT_OK
kepler,kepler_0001901,dev,high_e,0.95004023923326019751556259507196955382823944091796875,1.528394667951258583115974521331697997383566559238893813,0,0,0,0,2.260991421701891943978005206809957130404676299381842537,0.6230999834460695987212380342586073437625539290081079709,2.039157646249538914596966909142671111156613830646552046e-56,1,ROOT_OK
kepler,kepler_0001902,dev,ordinary,0.65984956451265752708223999434267170727252960205078125,2.957821090873734436620148365837982555382607508673016646,0,0,0,0,3.030786775624762640416712597107699121767864426029056498,0.603936612274095679953998574156342887079960848876167414,4.078315292499077829193933818285342222313227661293104092e-56,1,ROOT_OK
kepler,kepler_0001903,dev,ordinary,0.79589163521630956754648877904401160776615142822265625,1.319236317125934299373323340220117213432271990239895947,0,0,0,0,2.031978724274122828586297112130787073899841324437443385,0.73845558881917298115465422859567349290122624102050335,2.039157646249538914596966909142671111156613830646552046e-56,1,ROOT_OK
kepler,kepler_0001904,dev,difficult,0.9999999794519524117561188335698566630179865619290313166,0.000007629385659218033015190065413234068102464354643425341625,0,0,0,0,0.03577192051664132346244707292853245449214083113202842498,1563.067932675749783724372021774600537023991295647988992,2.236396115481347801004898019327232148962121873134169438e-58,1,ROOT_OK
kepler,kepler_0001905,dev,high_e,0.92894974472942404286612827490898780524730682373046875,0.08633947120299678942955379711587955437177519903868095701,0,0,0,0,0.6443110534901795927902504242491235249543741333469138625,3.886636352616537824679005575024396204619570164992148276,1.019578823124769457298483454571335555578306915323276023e-56,1,ROOT_OK
kepler,kepler_0001906,cal,ordinary,0.1325023656685736794802465965403825975954532623291015625,0.5686480772076244209924879326960815119175627860124460504,0,0,0,0,0.6486994544295652594180005565933526957188508884976338181,1.118051960674851984148391986882923236906374199897616273,0.0,1,ROOT_OK
kepler,kepler_0001907,cal,ordinary,0.431509854262384695555709868131089024245738983154296875,1.213385659697423650051015745394079780810625685188142982,0,0,0,0,1.64374779339908545084786493781789562763060811829732588,0.9695076630701344138393339008313589578475808327163578269,0.0,1,ROOT_OK
kepler,kepler_0001908,test,difficult,0.9999999999561347521199485345911509806041143304775024667,0.000005695281563745421187363873038899191548076851984112597863,0,0,0,0,0.03245112342649254462370644102669398816728885753494787427,1899.365736907187173349197403587779789511985428663306241,5.182993849548598399337612348792120976881606275023642076e-58,1,ROOT_OK
kepler,kepler_0001909,test,high_e,0.9633167401732694035132453791447915136814117431640625,1.569209565945768571387914205678335716269090243592550325,0,0,0,0,2.292410408509610592020115180680767117507618723603346895,0.6111108160592966672002471414706502927993334666358346215,0.0,1,ROOT_OK
kepler,kepler_0001910,dev,ordinary,0.7255908506209716168910972555750049650669097900390625,0.5430510525909235331993862687856313072926198876580059077,0,0,0,0,1.225916202405434793280176883906384148193396636598068274,1.325048349463766831467393530067556778222746826596272309,0.0,1,ROOT_OK
kepler,kepler_0001911,dev,ordinary,0.26222278717166158656937113846652209758758544921875,2.333033888853422372300930965597112055994713762154706909,0,0,0,0,2.491704256650327846023933627082820095928026578260927386,0.8272879118357920353854424520997558281242158325620354893,4.078315292499077829193933818285342222313227661293104092e-56,1,ROOT_OK
kepler,kepler_0001912,dev,difficult,0.9999999999574673828343596848578901525846247415251032789,0.0007465287280182831309999916095735644439554618583245297211,0,0,0,0,0.1649159992838083504249309148279457677151777419478733252,73.70364032940267540792280456491984873381108354655231494,1.911710293358942732434656477321254166709325466231142543e-57,1,ROOT_OK
kepler,kepler_0001913,dev,high_e,0.9580347818986945096497720442130230367183685302734375,1.546836421471999986218775968509348201299651570363980559,0,0,0,0,2.276222270026483399102913449557620935435010757381913986,0.6168461871219216731391864315467651094211812808892915431,0.0,1,ROOT_OK
kepler,kepler_0001914,dev,ordinary,0.63207264868876811281239724849001504480838775634765625,0.5719384227790650104146532012018115428801939210537886243,0,0,0,0,1.148477872026072759871742997224587510240803924298521596,1.349658087310978641875179328572598103329047947276369291,2.039157646249538914596966909142671111156613830646552046e-56,1,ROOT_OK
kepler,kepler_0001915,dev,ordinary,0.7180905541350377507825442080502398312091827392578125,0.9617502023116103439247084356723600463146081285352951178,0,0,0,0,1.675879644707553927555693419825895111575170797572191334,0.9299552688548181614297486907148098436361402779979866123,1.019578823124769457298483454571335555578306915323276023e-56,1,ROOT_OK
kepler,kepler_0001916,cal,difficult,0.999999998075663072851934714084727510892479595947787587,0.00005167317404188673909090799431766375567271858800133557595,0,0,0,0,0.06768694726744168648151065610418500404634302248578364152,436.7024150362287026220920314724322909332691262844617046,1.009995379596863299069481595928514164247797926983445426e-57,1,ROOT_OK
kepler,kepler_0001917,cal,high_e,0.97011928276603731635674421340809203684329986572265625,0.4034297904708319131349098335784373518414773563253238548,0,0,0,0,1.349997250340229697905453153551617507840638127644579583,1.269785178299101104952934128879199389370746053257308589,5.097894115623847286492417272856677777891534576616380115e-57,1,ROOT_OK
kepler,kepler_0001918,test,ordinary,0.50960416421866872038748397244489751756191253662109375,2.4593701023964126140013672238047980537739492880031948,0,0,0,0,2.684348596759926059019212715511030638329576071894790036,0.686222240248973466290425889421742141808893880310370541,4.078315292499077829193933818285342222313227661293104092e-56,1,ROOT_OK
kepler,kepler_0001919,test,ordinary,0.803198023405383043638039453071542084217071533203125,1.867617592497836987720126787251486582760337680092470533,0,0,0,0,2.406366567259853773122439590454088947637101892086317795,0.6266782418713727684135843952121211814863537142263381303,4.078315292499077829193933818285342222313227661293104092e-56,1,ROOT_OK
kepler,kepler_0001920,dev,difficult,0.9999999638904671429985011425304384921516654970684918728,0.0003725252800445327576722734956304064727597542193666088293,0,0,0,0,0.1307849128043892947749363683711408773843725334447057877,117.0932899533680212161592951992261590703334399826138068,1.214732582238494861234521303297880251763217223334371824e-57,1,ROOT_OK
kepler,kepler_0001921,dev,high_e,0.93290247390263714155622665202827192842960357666015625,0.9294236775035267774798739019329180730033308065315443507,0,0,0,0,1.830937429153689287739435623083009666409781724681235742,0.8064787398838122259728963367300816327514727773432567059,1.019578823124769457298483454571335555578306915323276023e-56,1,ROOT_OK
kepler,kepler_0001922,dev,ordinary,0.78174953024111726307410208391956984996795654296875,1.047039539585004605209885192005448287360242751752233434,0,0,0,0,1.80706975675336877832686936022649089696437486066659904,0.845313619570703195868778387252530685330456885917940762,0.0,1,ROOT_OK
kepler,kepler_0001923,dev,ordinary,0.30351791005109507448622707670438103377819061279296875,1.619349093434007858680017411598231810125884922396485987,0,0,0,0,1.905976548360352609322097706129477500097758309718387558,0.9092239951834815714124855211661683171021814886132710757,2.039157646249538914596966909142671111156613830646552046e-56,1,ROOT_OK
kepler,kepler_0001924,dev,difficult,0.9999999088014486985300085734240901362088009462577035075,0.000001524853722844430827774218642513543018580541455402331031,0,0,0,0,0.02090652559051566938225460759485276952065489888324180667,4574.050159514102849693790054726047554360429212413552553,2.814942067095000819090947724327103074454496879444965445e-58,1,ROOT_OK
kepler,kepler_0001925,dev,high_e,0.9224391881713309704338144001667387783527374267578125,2.384056679102342046867739583954359621852391733744964129,0,0,0,0,2.74250019931493933666568026763848140921843285522069735,0.5405556149040780779721917383531048909201350527099558996,0.0,1,ROOT_OK
kepler,kepler_0001926,cal,ordinary,0.81270183450709898576036493977881036698818206787109375,0.6680241805076459398757405440950023440872290743013793726,0,0,0,0,1.477166308755418188116107854706052294876632032106081389,1.082230183140713126977783295550331430631174782586473066,2.039157646249538914596966909142671111156613830646552046e-56,1,ROOT_OK
kepler,kepler_0001927,cal,ordinary,0.81543934527418782121088725034496746957302093505859375,3.014556000320239177042660074519578052431267667493113486,0,0,0,0,3.071591272994430174088072375424596755542125519142978692,0.5514374647504931162685834678938747886060057290200834116,8.156630584998155658387867636570684444626455322586208185e-56,1,ROOT_OK
kepler,kepler_0001928,test,difficult,0.9999999986717098931613393318368496111816510976599724741,0.0001429975655690780893232025627075179962605675842573983732,0,0,0,0,0.09503681655260843168528054526040637876111190593078161739,221.6016609632063362528868993376240241290340353038218623,4.978412222288913365715251243024099392472201734976933706e-58,1,ROOT_OK
kepler,kepler_0001929,test,high_e,0.98005803185574169589244775124825537204742431640625,0.006641419371328070129872132897335203231300717464624295989,0,0,0,0,0.2315812407024130253300858149974041173636232302830543853,21.68965888904281033628670249209456207330175642811887755,5.575821688963582969601081392186991319568865943174165751e-58,1,ROOT_OK
kepler,kepler_0001930,dev,ordinary,0.5421610676468120448845411374350078403949737548828125,2.414007695722116035958644842412251976188861503277064618,0,0,0,0,2.663465369841684019427450521068304263408726909225022561,0.6750543877357004823506333153673612838552484097621649658,0.0,1,ROOT_OK
kepler,kepler_0001931,dev,ordinary,0.498879985530357006329182922854670323431491851806640625,1.795950445750042272462779330930601103576478873976683159,0,0,0,0,2.19945350577187629977629637010502730459999526404814725,0.7731733821718760359291788354682959995682752556323532647,2.039157646249538914596966909142671111156613830646552046e-56,1,ROOT_OK
kepler,kepler_0001932,dev,difficult,0.9999999924822392231420920344388400105500429442756866257,0.0001078172735962728099263373219038700612007722411244256358,0,0,0,0,0.08649675497275293127419967245191530530128814504224027828,267.4855245766107217989633363537252577809761260769291343,2.862587027816125185286269464738857150671515997611736881e-59,1,ROOT_OK
kepler,kepler_0001933,dev,high_e,0.93264416642953784641889569684281013906002044677734375,0.2711993050281838495926778123266296878886019573121669934,0,0,0,0,1.10411057776789611321223756427328059730068485652018334,1.723019705497150112754433938087382685884182428587346418,5.097894115623847286492417272856677777891534576616380115e-57,1,ROOT_OK
kepler,kepler_0001934,dev,ordinary,0.242752767442110661821885742028825916349887847900390625,0.1266859919369479492109952922001635731301869121930502636,0,0,0,0,0.16704934274950801197557544874733519436250167811496748,1.314705827396731399522089202838131685227300510176717626,2.548947057811923643246208636428338888945767288308190058e-57,1,ROOT_OK
kepler,kepler_0001935,dev,ordinary,0.75043432444944146997301004375913180410861968994140625,2.938413744661810205137595647810665754089163434806737129,0,0,0,0,3.025407238139510529201595279101844202597493537074922257,0.5729427956652982773631829900650225714607603014718586521,4.078315292499077829193933818285342222313227661293104092e-56,1,ROOT_OK
kepler,kepler_0001936,cal,difficult,0.9999999707634482360333251968414940052601126920808607677,0.00001812466334161086963277659283595436714055252804127214557,0,0,0,0,0.04773230590188476081828588234903501164348045445273994906,877.9635556290017938669937894140239252282278589422300439,1.197930440988269778625232330352673916313623542478824673e-58,1,ROOT_OK
kepler,kepler_0001937,cal,high_e,0.9010109000884487517879506413009949028491973876953125,1.512011077166366611514999624257692452124620686123246738,0,0,0,0,2.226286682554055321678276453490420329292517227921174265,0.6454905182636048258110993044916646517785372476431353665,4.078315292499077829193933818285342222313227661293104092e-56,1,ROOT_OK
kepler,kepler_0001938,test,ordinary,0.002429079199463413021170543615312453766819089651107788086,1.672531353415131578898503027770771708980349841637548439,0,0,0,0,1.674947269899638940300023633678239125954482617640286675,0.9997475300027170146023360393212074141695669054375951939,2.039157646249538914596966909142671111156613830646552046e-56,1,ROOT_OK
kepler,kepler_0001939,test,ordinary,0.43161902359012227492485180846415460109710693359375,1.416138715792790083240245943143152528639616054592682396,0,0,0,0,1.833004929043318462258682532417871611245997635879221925,0.899376158055489127800860042307624862457624080832724851,0.0,1,ROOT_OK
kepler,kepler_0001940,dev,difficult,0.999999999858804615909309297663937237750192504618246983,0.0001069976422119231719844357100026314257995988814430560003,0,0,0,0,0.08627712862627261779341514143360120307658486643815711447,268.8487539736924256483294831858707635395608056225184743,7.417834211210480914915724352105908094783580585115631223e-58,1,ROOT_OK
kepler,kepler_0001941,dev,high_e,0.95069138428332811141530100940144620835781097412109375,1.130630798733767373081982340286133849506517758985032343,0,0,0,0,1.996479481232595522222389224292185510947596534915658665,0.7180908702687903623109160936499344438516977320785700572,2.039157646249538914596966909142671111156613830646552046e-56,1,ROOT_OK
kepler,kepler_0001942,dev,ordinary,0.151415161082437743633732907255762256681919097900390625,1.689275809971383529386904426681607122137583993040623994,0,0,0,0,1.83542034639058348278062430241451289971855500020630894,0.9619064931186085628031095785667839509749350839015647066,0.0,1,ROOT_OK
kepler,kepler_0001943,dev,ordinary,0.3362387062794420788947036271565593779087066650390625,0.8472145945863839013961760685296309357949217185287838213,0,0,0,0,1.154773267058609674837038812815627356967357579418647955,1.157250405131046392737232507649305543336682986769239787,1.019578823124769457298483454571335555578306915323276023e-56,1,ROOT_OK
kepler,kepler_0001944,dev,difficult,0.9999999978914341671803898561577707493255536874505876313,0.000004315961076072969558453794702995825615379933684664303779,0,0,0,0,0.02958560809684195910944899397840485083366417566037263642,2285.065127253054475912213089007146183383681500798668262,6.666405116408748053778078617611958092732307635742550291e-59,1,ROOT_OK
kepler,kepler_0001945,dev,high_e,0.94503489634167603394843126807245425879955291748046875,0.6499586940395971801367064505277543827720351159008392296,0,0,0,0,1.594723091734528788540169242345304275499773699844828683,0.9778904155965694330184511085121973610233831363061998404,0.0,1,ROOT_OK
kepler,kepler_0001946,cal,ordinary,0.17559308450261557066340856181341223418712615966796875,1.224127346820610069192691248404937127555467299108564098,0,0,0,0,1.397077544885650399031206715038698092293382725698357917,1.03130061616553310889547825819952387121948408673926011,0.0,1,ROOT_OK
kepler,kepler_0001947,cal,ordinary,0.781050465024298201655028606182895600795745849609375,2.875158196501114610613922221244637815664035027937989287,0,0,0,0,2.991753048252973630564636796244929205293939107130167088,0.5642389353043180691527819477563568381090101008516076816,4.078315292499077829193933818285342222313227661293104092e-56,1,ROOT_OK
kepler,kepler_0001948,test,difficult,0.9999999824922739940622418175807507642821764688091680677,0.00000002716312909803335218486372556492864880282557070678093313,0,0,0,0,0.005455910828554492619988170848485533030730880124557435364,67109.80600179975287329157500907685534725485042817607424,5.781509359954294104581548181214571480747594141321174172e-60,1,ROOT_OK
kepler,kepler_0001949,test,high_e,0.93397229846892748650333260229672305285930633544921875,1.294237069394840200909819429554909698946575824812597472,0,0,0,0,2.100306261676032478611210133421962659992657561689253197,0.6794589919900746724796505016542339921453188808325811502,0.0,1,ROOT_OK
kepler,kepler_0001950,dev,ordinary,0.66951469789958084621872558273025788366794586181640625,1.550936073580881396050117873247725008578995515499897787,0,0,0,0,2.121475844593926857467418723134682151521914405971062779,0.7405572169727003789502745660748922338892726314659943919,2.039157646249538914596966909142671111156613830646552046e-56,1,ROOT_OK
kepler,kepler_0001951,dev,ordinary,0.713773436849863163189411352504976093769073486328125,2.870000269202740942971835717887041661171991037678043748,0,0,0,0,2.982839022734353295810454233798959054535892727373617296,0.5865798288086773742881253803505587518288286457259474997,0.0,1,ROOT_OK
kepler,kepler_0001952,dev,difficult,0.999999957881863635109332341371584211921994020262616958,0.0000006701576197242691217089653195796418167301285337045526029,0,0,0,0,0.01589643983762914257700396087419091472080733168449709568,7912.152826798623188800174424968731245062965830638914594,2.492414853397103834050371779539780072797655216262963705e-58,1,ROOT_OK
kepler,kepler_0001953,dev,high_e,0.946988541428536390043291248730383813381195068359375,2.720996532889595622780999528950619872281151734226533726,0,0,0,0,2.924744054047019897768118542020093019873412704732806696,0.5195316944626512039781436266551193786446045804213768395,4.078315292499077829193933818285342222313227661293104092e-56,1,ROOT_OK
kepler,kepler_0001954,dev,ordinary,0.1885931409955650395193771373669733293354511260986328125,2.562691979225673531437651660241410464288525587437571608,0,0,0,0,2.651469316554658328316519680453001478431887111082420817,0.8573454525708878058736915008428851741036122848841359656,0.0,1,ROOT_OK
kepler,kepler_0001955,dev,ordinary,0.322205868918526372457478146316134370863437652587890625,1.012701021283151868938809821999006770286628314011445875,0,0,0,0,1.325241555896777269995758596901381694491830667388556449,1.084982881067440291614544013153494506445103610074388552,2.039157646249538914596966909142671111156613830646552046e-56,1,ROOT_OK
kepler,kepler_0001956,cal,difficult,0.9999999957778044432342919216300746816339192581123068529,0.0009503911342104234146505956772832756291954381643663833428,0,0,0,0,0.1787512330555234197538400763408263103400167450477153244,62.76080124004611636547620358224899802621771461752242219,2.090933133361343613600405522070121744838324728690312157e-58,1,ROOT_OK
kepler,kepler_0001957,cal,high_e,0.9313728586366110118177630283753387629985809326171875,2.484852416533925055199947890960088386967279936503416859,0,0,0,0,2.798322742567870084543794235315245227874572279844036607,0.5327548955302969408929972307463759669171754256185997017,8.156630584998155658387867636570684444626455322586208185e-56,1,ROOT_OK
kepler,kepler_0001958,test,ordinary,0.539083155044328687921506571001373231410980224609375,0.4365890778554023588426425885540956052491014647316704288,0,0,0,0,0.8368941740838645258453933149706997498158542513740439767,1.565099491857256003929776723026941904834102370743624378,5.097894115623847286492417272856677777891534576616380115e-57,1,ROOT_OK
kepler,kepler_0001959,test,ordinary,0.72313091968809495302394907412235625088214874267578125,0.9338212386829624161099590380841611882464273887521855288,0,0,0,0,1.654424935449663942561455337609229241505241775224712129,0.9430368342926322660662701441245507980352601816866171732,1.019578823124769457298483454571335555578306915323276023e-56,1,ROOT_OK
kepler,kepler_0001960,dev,difficult,0.9999999721567782183202293021581087653587508160486471804,0.0009388746929611389629296133112802628188136755405512959714,0,0,0,0,0.1780252527471073273224060099393390698037778858501749078,63.27225768768366203601335596761010719437278896887320427,4.480571000060022029143726118721689453224981561479240336e-58,1,ROOT_OK
kepler,kepler_0001961,dev,high_e,0.98650186888690594155804092224570922553539276123046875,1.229896353998143361857274651495573512712344185156933158,0,0,0,0,2.087575779886600756872130171967967760668578988627805639,0.6723079939667308649625557007793222964120645276354324422,2.039157646249538914596966909142671111156613830646552046e-56,1,ROOT_OK
kepler,kepler_0001962,dev,ordinary,0.216249098712216925033402503686374984681606292724609375,1.038184367279548345982009702068581641973436685094913412,0,0,0,0,1.242913039547806393893094990048082965622623876780631555,1.074853689498814376879317168181569681206524707802775186,0.0,1,ROOT_OK
kepler,kepler_0001963,dev,ordinary,0.631299308252662338958316468051634728908538818359375,2.154798549220375070053328687513876468691663545254666157,0,0,0,0,2.521601234992204767199684293224631933891890374194184348,0.6605874763632222728832025715447823576095492522728012608,4.078315292499077829193933818285342222313227661293104092e-56,1,ROOT_OK
kepler,kepler_0001964,dev,difficult,0.999999999975935166468426533363733249685003339951257648,0.00000004251883898476143573568131868685086852659732684601282336,0,0,0,0,0.006342259203808663295988646387811035922410841425467841453,49721.35518032967521911922689477857905834232681889546247,7.312650667822570133014113550696897947951416440060723058e-60,1,ROOT_OK
kepler,kepler_0001965,dev,high_e,0.97364210962536035243175547293503768742084503173828125,0.7349418114555655237821242875868747576666296791942361367,0,0,0,0,1.700416141632757151296939876403248124083059265517837371,0.8882176251777684474834663329478567779741867506953737692,1.019578823124769457298483454571335555578306915323276023e-56,1,ROOT_OK
kepler,kepler_0001966,cal,ordinary,0.09192346006728806251384611414323444478213787078857421875,1.414787633708069622807252837017153235279667007125167656,0,0,0,0,1.506521278275661766546263773676292373637202190596339398,1.005939385513410777676291510610566751530182337486708295,2.039157646249538914596966909142671111156613830646552046e-56,1,ROOT_OK
kepler,kepler_0001967,cal,ordinary,0.5253458119936935677429801216931082308292388916015625,3.117477764781108399108765637169171864199865453583551997,0,0,0,0,3.125782969907076850511447090078274591019712153345217073,0.6556172608075920857274957419561356293683123138807293056,4.078315292499077829193933818285342222313227661293104092e-56,1,ROOT_OK
kepler,kepler_0001968,test,difficult,0.9999999989680569591641472591923541544194279472426535665,0.00000008572493500390481013593302578659883555679152941112800894,0,0,0,0,0.00801196986192173582191796621615812107035574701816659528,31155.85988793044185177186533406477159557186182897472404,3.582366255853111146022737185959284802092911961345462502e-59,1,ROOT_OK
kepler,kepler_0001969,test,high_e,0.9655516056623250076285103205009363591670989990234375,0.2746596426083774650622307501938233405217540703598165798,0,0,0,0,1.159805245601258671675856094670129562031516030885943251,1.628015720606617189857415727044118845939661162897806438,0.0,1,ROOT_OK
kepler,kepler_0001970,dev,ordinary,0.1389675819226931785532741514543886296451091766357421875,0.3645365823193317794806053379023523459688582884952149612,0,0,0,0,0.4213767021369107760275968040667473882409971347918996003,1.145228263241123844845292108106049877289344870126061538,5.097894115623847286492417272856677777891534576616380115e-57,1,ROOT_OK
kepler,kepler_0001971,dev,ordinary,0.02069890931474131084977230443655571434646844863891601563,0.8005388610998619342282510030543396363262755585970654485,0,0,0,0,0.8156106537472009238636934299820182489910875765205224089,1.014391709438765878864736257497120102977219135321587524,1.019578823124769457298483454571335555578306915323276023e-56,1,ROOT_OK
kepler,kepler_0001972,dev,difficult,0.9999999990336121812961890840437938786385846456717715122,0.00000001753462044975874949692796854026668304380771077274637168,0,0,0,0,0.004720395291324022442334830709104615539835694619954979859,89750.40064704276067146677453143708280989516558355463047,2.366022009892263965666404744197476338465823121922082031e-59,1,ROOT_OK
kepler,kepler_0001973,dev,high_e,0.92061968655331638533567684135050512850284576416015625,0.7336653717296204957731096841045155904627661388027445899,0,0,0,0,1.651303234514172357321527880515104118003099109760115521,0.9310673074251195715561954071154617486125742251426482525,0.0,1,ROOT_OK
kepler,kepler_0001974,dev,ordinary,0.1056737681495754921368046552743180654942989349365234375,2.453081808584047558834885657831196553839309688486954689,0,0,0,0,2.515043892905887037278860560392078790933206116536558752,0.9211481802774803073988792685409503180517428557452569664,0.0,1,ROOT_OK
kepler,kepler_0001975,dev,ordinary,0.69894621193226547095633804929093457758426666259765625,2.933894841102652687179610912168455704947496716140410141,0,0,0,0,3.019216120511823129710417937068719074434949602171176461,0.5904167012922198843256156174161165599290683211239509165,4.078315292499077829193933818285342222313227661293104092e-56,1,ROOT_OK
kepler,kepler_0001976,cal,difficult,0.9999999999813670030551335854153842002906263323152312991,0.000001661325186542996324202937478741276956580973784970818018,0,0,0,0,0.02152147093298480440261658918414652332638746268510944014,4318.200684753702993540902113640468003533287578069120817,5.163157988350416010146090644620696830864724846235843356e-59,1,ROOT_OK
kepler,kepler_0001977,cal,high_e,0.9411701667456870978867300436832010746002197265625,3.025782306495322124231717504107078903012248363640904282,0,0,0,0,3.08191541281170681505000090767186401652715993007795684,0.5155982029438207420023894034141419730987808243625587673,4.078315292499077829193933818285342222313227661293104092e-56,1,ROOT_OK
kepler,kepler_0001978,test,ordinary,0.76800857090344176736351755607756786048412322998046875,0.1599633562585923652686788745336783632105922937331182428,0,0,0,0,0.5823749252867657559029614005356772486405877537723336851,2.788693174174654856963464551364251196532236409578062894,0.0,1,ROOT_OK
kepler,kepler_0001979,test,ordinary,0.1007475045478900127493560034963593352586030960083007813,2.392758815579441909212408279639702213764481105707219221,0,0,0,0,2.456505817466800608116925301750785702462466964930906283,0.9276306609464124398191643096100019691797922646616938999,4.078315292499077829193933818285342222313227661293104092e-56,1,ROOT_OK
kepler,kepler_0001980,dev,difficult,0.9999999997467099255671894405729241693305641029585433292,0.0005588141907273608344512674095296828467715907629509144199,0,0,0,0,0.149727586053099635559315308351687534966195601094432223,89.3794831676380095718742443825744812812358202145596593,2.170587728917966227451849541958507335117879956449943096e-57,1,ROOT_OK
kepler,kepler_0001981,dev,high_e,0.98181390462548268072140444928663782775402069091796875,0.2378908014415601787248622124058080495915871260407636917,0,0,0,0,1.122828171123412573638620397076578638307294930031214927,1.739911226754723767204247553983841798935941562465773758,1.019578823124769457298483454571335555578306915323276023e-56,1,ROOT_OK
kepler,kepler_0001982,dev,ordinary,0.391851010826485490756709850757033564150333404541015625,1.096872590117241181142519689552232500881675714702404053,0,0,0,0,1.487360447618024947946617485147267927304490164876048381,1.03375896283238995766987164503357894631650501064323768,0.0,1,ROOT_OK
kepler,kepler_0001983,dev,ordinary,0.317815000438414763106464988595689646899700164794921875,0.2901273140168708197926895075734896048337954797948135132,0,0,0,0,0.4196050931305874200831053252162371324218333714084977465,1.408935926400549211826965091674065252065082144811878392,5.097894115623847286492417272856677777891534576616380115e-57,1,ROOT_OK
kepler,kepler_0001984,dev,difficult,0.9999999998404453039619626900630184814442477136853195594,0.00000009319657317669063521762136078392558807071656583798744462,0,0,0,0,0.008238513306277373066863677360272653464334437523979829207,29466.78235159760894942098753294197253544360743528614895,2.075959002848990241367590117940713320884404434409326848e-60,1,ROOT_OK
kepler,kepler_0001985,dev,high_e,0.93588178484517003941078883144655264914035797119140625,0.09334151766775501216118490693860065638323825923698168154,0,0,0,0,0.6866272636910161247057567936151519870968777423904270417,3.620567513576836369609480774202656684766753442058885758,2.548947057811923643246208636428338888945767288308190058e-57,1,ROOT_OK
kepler,kepler_0001986,cal,ordinary,0.50706443709747317516445264118374325335025787353515625,0.8481060725990532458656052851348587722761849868759992858,0,0,0,0,1.341950802655775107821143349127023898326021041724074973,1.129980836377048833076611948836764634773355373271595616,1.019578823124769457298483454571335555578306915323276023e-56,1,ROOT_OK
kepler,kepler_0001987,cal,ordinary,0.7392000025012934738555259173153899610042572021484375,1.26066833436843381604246595544120767731536910426909235,0,0,0,0,1.947922388386560674864463689575944130719373177360402521,0.7860334971314409382664176920672602221504838303753540411,0.0,1,ROOT_OK
kepler,kepler_0001988,test,difficult,0.9999999999364125317706056054246775078437792833730002805,0.000001205024777669550276130441708852315815080543329792570519,0,0,0,0,0.01933681614103657273023051164577560786871897748184396489,5349.010428606849484870194567750225065667160928909650908,2.561548663749592455203175366137243640532962548949850421e-58,1,ROOT_OK
kepler,kepler_0001989,test,high_e,0.9610588242931286107051391809363849461078643798828125,1.605253181452003227517350513356773246463863381989240369,0,0,0,0,2.313324382987289247637076811517710521996773072345318091,0.6061258229979651055727233948858349058653474376482453473,0.0,1,ROOT_OK
kepler,kepler_0001990,dev,ordinary,0.68546391739049095104263642497244291007518768310546875,2.338696584674596635227164391007136782791504856172462612,0,0,0,0,2.657633959022206067605624825520938470710209049005337389,0.6223762188767424118852182349422274317487870208869534757,0.0,1,ROOT_OK
kepler,kepler_0001991,dev,ordinary,0.008057968427061168101288579634911002358421683311462402344,0.8003954723676398986976406012323356938442877152011508564,0,0,0,0,0.8062106602924308798572221973401134776956247279603715885,1.005609321296196929440767133080163081604631200435686683,1.019578823124769457298483454571335555578306915323276023e-56,1,ROOT_OK
kepler,kepler_0001992,dev,difficult,0.9999999964590265173231639992203700635463421631556686721,0.00001161342013719378867447721637899021718125702538245477015,0,0,0,0,0.04115104840012223036095986726688627403222986003448432131,1181.21148166563367036168944265837060243048564183021107,6.104777987581780014708326836758301880019037377515464958e-58,1,ROOT_OK
kepler,kepler_0001993,dev,high_e,0.9259215398742914882035393020487390458583831787109375,1.746221544569054475631907218215222515607643990519861719,0,0,0,0,2.38309783697316462304867484786455415752965652526005046,0.598050122707380792928281401455471234142231967191097143,0.0,1,ROOT_OK
kepler,kepler_0001994,dev,ordinary,0.81178607427219284797814680132432840764522552490234375,2.358852779981893186743630990692400676987320045791296732,0,0,0,0,2.703340354203366235322994489915753385734104370537201671,0.5763462924971511227037403761834486531344439160580627355,4.078315292499077829193933818285342222313227661293104092e-56,1,ROOT_OK
kepler,kepler_0001995,dev,ordinary,0.385336327709370707328417893222649581730365753173828125,2.309906632158012558086071275601014943416512755415281502,0,0,0,0,2.530878710968946115721905737881436182377829807777980946,0.7600618067191286586104984100435966328624940691078997234,0.0,1,ROOT_OK
kepler,kepler_0001996,cal,difficult,0.9999999554334467930633491528567057257810413454603208673,0.000301144042554221118253152589682744177009726431730665901,0,0,0,0,0.1218278754556868803362736830398762146942142782420457912,134.9184303154266258321304841061397946272798533207354254,1.174905284460183554308799293353687456623439609454556355e-57,1,ROOT_OK
kepler,kepler_0001997,cal,high_e,0.9263046509248920035162200292688794434070587158203125,2.187758062862041720701004536646089341553562577015028016,0,0,0,0,2.636216252988821111509400429852914556708680129725655107,0.552330728558040201907177584190570869839924185637724425,0.0,1,ROOT_OK
kepler,kepler_0001998,test,ordinary,0.7441628408465235100521795175154693424701690673828125,2.701254901392894086666219811977184994579566290728403738,0,0,0,0,2.887972649257407576756186479556648214523101215140689844,0.5812745577456018575449280641759904762640594204455505814,4.078315292499077829193933818285342222313227661293104092e-56,1,ROOT_OK
kepler,kepler_0001999,test,ordinary,0.67586275337118717487783214892260730266571044921875,0.8056159439799402967423024406641399970536924241010668379,0,0,0,0,1.478608807837678160187513985885485541312690914485661887,1.066345791635809343986385722936569572694245094153261202,1.019578823124769457298483454571335555578306915323276023e-56,1,ROOT_OK
kepler,kepler_0002000,dev,difficult,0.9999999860305612065685908748118458006660022882074490268,0.00000007026398462609911139556313200380482522659634457599770443,0,0,0,0,0.007494555618815113927509159781248176013112409268790307464,35589.6969195640071253962007009293503019507026635378819,2.187292635554474729721964388902873356126214414615353979e-59,1,ROOT_OK
kepler,kepler_0002001,dev,high_e,0.91058217097763749503513963645673356950283050537109375,0.5701747155058628829626347175760726663388403922792162739,0,0,0,0,1.47673133951937601421757148330652637790182880342012918,1.093526765831705179187995168962434993342209636571101461,0.0,1,ROOT_OK
kepler,kepler_0002002,dev,ordinary,0.57633489465344300839433344663120806217193603515625,2.803809373279366714131693159755010213210281760212307328,0,0,0,0,2.926705436139319824093582112445657814853082229793659421,0.6397627447143108854707314025106742906198926880900712823,0.0,1,ROOT_OK
kepler,kepler_0002003,dev,ordinary,0.1180391532549950189823206869732530321925878524780273438,2.515422919166352597325843307025436112644648106336136807,0,0,0,0,2.57843879131220227113733884774150316812793367358029459,0.9092471101029975539937451987681610053799246246572079992,4.078315292499077829193933818285342222313227661293104092e-56,1,ROOT_OK
kepler,kepler_0002004,dev,difficult,0.9999999999615179770408051273222928551156194418069394949,0.000000102023555210014398673730329463753489407352293104031206,0,0,0,0,0.008490839392394152111745665206390088568807377964516351502,27741.56062450569392384424882292888617947979907025872893,1.006852270708474839605677972951350999934093553524790555e-58,1,ROOT_OK
kepler,kepler_0002005,dev,high_e,0.93245683873514517703284809613251127302646636962890625,2.564110413902810038964050610975314933994674905025846548,0,0,0,0,2.840575870011555145207453237439219548542755306943581007,0.5289523671838948543751607232744878207079938285466147187,0.0,1,ROOT_OK
kepler,kepler_0002006,cal,ordinary,0.2307570482265989542103312714971252717077732086181640625,2.634904707393803096754736514588149209059788969469219646,0,0,0,0,2.727708033513192479292607894775172940343378567909378894,0.8255775937377748884347197509770762624428939101688651533,4.078315292499077829193933818285342222313227661293104092e-56,1,ROOT_OK
kepler,kepler_0002007,cal,ordinary,0.652633797124471559669700582162477076053619384765625,0.8304741454863244211391614269699989732976826991463467101,0,0,0,0,1.480445968240618177821525302920235683394014278891987394,1.062569969959757229269210087900093947265438502734530906,1.019578823124769457298483454571335555578306915323276023e-56,1,ROOT_OK
kepler,kepler_0002008,test,difficult,0.9999999955225632654252961730864893138424851017977620974,0.00003057619156782349267952549415319126627975210548500063798,0,0,0,0,0.05682425039845740373421099015439813117506123396701296169,619.5526607414631850411827292847148825462397180065817987,5.445138368128498993751056047057608710516470647631021241e-58,1,ROOT_OK
kepler,kepler_0002009,test,high_e,0.91804781040151084425815497525036334991455078125,1.596728066319560869166689106972984033699630783716436187,0,0,0,0,2.288381477122879244316432104976333704645969182542982732,0.6235665074698179623268448158320649417096243497297526372,6.117472938748616743790900727428013333469841491939656139e-56,1,ROOT_OK
kepler,kepler_0002010,dev,ordinary,0.30364868974765324427522728001349605619907379150390625,0.2679202742242398002898388046245755572290751698655546482,0,0,0,0,0.3807656634898951942842229227798773021595206682372274866,1.392566581515098577589194558527867168039357641389798892,5.097894115623847286492417272856677777891534576616380115e-57,1,ROOT_OK
kepler,kepler_0002011,dev,ordinary,0.2241370551701884761275351820586365647614002227783203125,0.4979816353068479897837878137674190942302133376301171924,0,0,0,0,0.630037619565988313548753782962191587792471369779815059,1.221156196680078245897900284682608188128066964581144865,5.097894115623847286492417272856677777891534576616380115e-57,1,ROOT_OK
kepler,kepler_0002012,dev,difficult,0.999999975295092957300353018892243454000464371326507506,0.000002172874917149250817606843955497530236558581315330661016,0,0,0,0,0.02353390148275118243995957006544323791995339620326340373,3610.966372987359138231677128952750401181225043368659003,2.75679576809248577626482037582459503858148171074347704e-58,1,ROOT_OK
kepler,kepler_0002013,dev,high_e,0.9631685719094031927767218803637661039829254150390625,2.626589800492269889930106667984589922154932871057198707,0,0,0,0,2.877763783499606213109497412595662425101495364881633856,0.5181772536757502185621285837077307929178225480007129976,0.0,1,ROOT_OK
kepler,kepler_0002014,dev,ordinary,0.6333494449668297665567706644651480019092559814453125,0.02482233148121844109449747920272067236771565093581959577,0,0,0,0,0.06761128181092399146078080289161031983638297641844515217,2.716670691146109257623437213971260963299515217134016434,3.186183822264904554057760795535423611182209110385237572e-58,1,ROOT_OK
kepler,kepler_0002015,dev,ordinary,0.77606432590735174859020162330125458538532257080078125,0.1973089915584989016812001619065828565619148348071656625,0,0,0,0,0.6932386425326692821199656119569268900345688985235290217,2.480980267155783066252574154376673321328582426341760635,2.548947057811923643246208636428338888945767288308190058e-57,1,ROOT_OK
kepler,kepler_0002016,cal,difficult,0.9999999999637579785231517425838882239804244525465434499,0.0000003569832311848054203256563554509433636361134242606496906,0,0,0,0,0.01289042893090741566127828396700246760026023110429537642,12036.52389310099366164361971762185037608012220936283483,7.486579083108103214711831434700010404753851027041972866e-59,1,ROOT_OK
kepler,kepler_0002017,cal,high_e,0.9028910861997017089919381760410033166408538818359375,2.643917178749731501426532247494110309836484099725438321,0,0,0,0,2.878623024719067436190154343011149117789250534001719948,0.5342303408038551413443393324098762363941936368785906959,0.0,1,ROOT_OK
kepler,kepler_0002018,test,ordinary,0.5774360041560822054407253745011985301971435546875,0.6381350222481977097957867541393987679097645496854060658,0,0,0,0,1.169754169621302100792840124169796676671435495543088011,1.291019438868709493337947096857617759075009093438018269,1.019578823124769457298483454571335555578306915323276023e-56,1,ROOT_OK
kepler,kepler_0002019,test,ordinary,0.5983644479552714390280243605957366526126861572265625,2.310490723905995775500594312305197138241125323350448296,0,0,0,0,2.612510114783125685430322105949078431427701676697113438,0.6593912144136570768759159337435059390353854934204509548,4.078315292499077829193933818285342222313227661293104092e-56,1,ROOT_OK
kepler,kepler_0002020,dev,difficult,0.9999999823358256819620465759821245482727163315625102265,0.000004486076455418630915759586565382853946716093290804081306,0,0,0,0,0.02996829672499375861485175468267784898936299969031567132,2227.005562998719096200861195861452205800549517534144577,2.580995586492908523038000566305306528784807086977104068e-58,1,ROOT_OK
kepler,kepler_0002021,dev,high_e,0.92657251535585094526226157540804706513881683349609375,2.24875993190428410098896052848718089705309266726758539,0,0,0,0,2.669839530547793473371442580644637261850229925398527815,0.5478354175231849704786103703114231229266577709949768293,4.078315292499077829193933818285342222313227661293104092e-56,1,ROOT_OK
kepler,kepler_0002022,dev,ordinary,0.009650039268286293367427042255712876794859766960144042969,2.873202879364724552892021929910769713344018046410922541,0,0,0,0,2.87573827019049098090066715202546373671069324119218819,0.990774877544925197555480051272631297885085215200403744,4.078315292499077829193933818285342222313227661293104092e-56,1,ROOT_OK
kepler,kepler_0002023,dev,ordinary,0.816504261696547661841805165749974548816680908203125,2.470189955615542887580816154218718570365886115381915211,0,0,0,0,2.768104244113892037417617154123743938574958129434763474,0.5681125369916293801254402293260983634510574253687574413,4.078315292499077829193933818285342222313227661293104092e-56,1,ROOT_OK
kepler,kepler_0002024,dev,difficult,0.9999999998522842873328984961511847483113620691907120252,0.0000468440279803733393367720789669879821826182093365368284,0,0,0,0,0.06550878227142160568765428935148741040944360514835700746,466.2149859787135371030669445974306744797316630098110162,8.681106312616292681465969355023273315623401775366028151e-58,1,ROOT_OK
kepler,kepler_0002025,dev,high_e,0.94329983608127776495422267544199712574481964111328125,2.012776940221735511433041252125525030207488377817926726,0,0,0,0,2.543734984089940972698616098922840895629985993517729426,0.561899328362304658597362097372389634163893431835082786,0.0,1,ROOT_OK
kepler,kepler_0002026,cal,ordinary,0.01931604404235960290026064001267513958737254142761230469,1.80579689596217845476492406331157720299396348182525515,0,0,0,0,1.824494649235203783366923257374503968116039530021113666,0.995175341092364912063855802335527069919467745703839184,0.0,1,ROOT_OK
kepler,kepler_0002027,cal,ordinary,0.66656332251468597416277361844549886882305145263671875,0.3056249191944513245149965026097155075921447396571568212,0,0,0,0,0.7693154468652887256381438660799521875103027099229094469,1.918835021586927299726941334548441358410452265239918133,0.0,1,ROOT_OK
kepler,kepler_0002028,test,difficult,0.9999999999494683811516057185497005680116051180458812399,0.00000003888563271837253501739520326690224172848114991792966463,0,0,0,0,0.006156198144021603906866419243302062564369842495086505945,52772.17936931799103795686286257387618826093727069871258,7.042885386392632554517897727115550569982860489113913869e-59,1,ROOT_OK
kepler,kepler_0002029,test,high_e,0.98066324488271250370274856322794221341609954833984375,2.591247092810129421121914822144161687573478883526201712,0,0,0,0,2.86193564460099406532880585113821476804065973133930708,0.5147833834913095249440542028987012395693630814649054352,8.156630584998155658387867636570684444626455322586208185e-56,1,ROOT_OK
kepler,kepler_0002030,dev,ordinary,0.004700948304212471118290750382584519684314727783203125,2.322334287805775280476967589171582668539885386094839856,0,0,0,0,2.325757978219378051233672935543965071657458065703008843,0.9967889686236670827814076374711151195754335613341192211,0.0,1,ROOT_OK
kepler,kepler_0002031,dev,ordinary,0.3452100219394729219146711329813115298748016357421875,2.00034432933146178909579090666955527825065703220667782,0,0,0,0,2.265540672713850029657489781784877791246387029734710495,0.8190010334263568157789010118861811894613885222755548654,0.0,1,ROOT_OK
kepler,kepler_0002032,dev,difficult,0.9999999877833861330605753396311072858067467395282278095,0.00000001382849175863208109845555555095266930456124048792021605,0,0,0,0,0.004355961165303616729211398787801992842943094179424398558,105269.802816843980423283393968592527033513821551204458,5.34364974006181826473806203368053051245215696480129127e-60,1,ROOT_OK
kepler,kepler_0002033,dev,high_e,0.984672709144548630177951054065488278865814208984375,2.583897689068956393072178621496162640092634232127837127,0,0,0,0,2.858727654320807544000873357435793399083133767172582431,0.513995703077491333773977073370540910867205258445872953,0.0,1,ROOT_OK
kepler,kepler_0002034,dev,ordinary,0.3528626971781092525048961761058308184146881103515625,0.6508928869647646418229703888502271248067109773319828675,0,0,0,0,0.9347544216592131895677579386393581355297441141985923017,1.265191931492445888825111209718341190300402366752342854,0.0,1,ROOT_OK
kepler,kepler_0002035,dev,ordinary,0.719340849540556437347049723030067980289459228515625,2.404201727830002947493287548996639720707299361333302947,0,0,0,0,2.707044591750290670400069127814969340092160307849295837,0.6051489951175081361127884881350599414922961058838162124,4.078315292499077829193933818285342222313227661293104092e-56,1,ROOT_OK
kepler,kepler_0002036,cal,difficult,0.9999999995253130283391639781153998686980906381175702323,0.0002493279128921261009597663152287392867285704150304011632,0,0,0,0,0.1143936909913591966272054703927025137374977245449168723,153.0028304449487993645084290969827354163411511177937133,1.025552917791516153337341756062964474849273557405248344e-57,1,ROOT_OK
kepler,kepler_0002037,cal,high_e,0.92064944278751792428039379956317134201526641845703125,2.970957513622767869721927575070630196642895567405740188,0,0,0,0,3.052694130235776171780913843723930316658572341911897259,0.5216446222377944079004630392318010526060326993807555436,0.0,1,ROOT_OK
kepler,kepler_0002038,test,ordinary,0.02431581386574781580844906159200036199763417243957519531,2.617751512087872456641419608964239251081797144637901449,0,0,0,0,2.629662869918705702074273275267590268971377118395880004,0.9792415037965667688101514024596955211976042274456873557,4.078315292499077829193933818285342222313227661293104092e-56,1,ROOT_OK
kepler,kepler_0002039,test,ordinary,0.79555387153971801605933933387859724462032318115234375,1.772324225367123692997438008901583510388496493121256792,0,0,0,0,2.342510607924664205643913511818693888939283992375193873,0.6431731141392224109424343647261613033769995043970741691,4.078315292499077829193933818285342222313227661293104092e-56,1,ROOT_OK
kepler,kepler_0002040,dev,difficult,0.9999999998999196739908432565252805240841991206458009979,0.00005544919420358949630294207688355935670341895804930216336,0,0,0,0,0.06929739423518026164591436248414041746621665710423959682,416.6486421345387187908085375573044720812456225300177256,3.136399700042015420400608283105182617257487093035468235e-58,1,ROOT_OK
kepler,kepler_0002041,dev,high_e,0.9636531141814990153449116405681706964969635009765625,2.112928592808951088230994978662764865873435925212494137,0,0,0,0,2.605305304158983893421897582547105956706734819048669063,0.5469360352670666074476395340350693944582148635211961114,8.156630584998155658387867636570684444626455322586208185e-56,1,ROOT_OK
kepler,kepler_0002042,dev,ordinary,0.80802321994456660636529932162375189363956451416015625,0.2233722569365123374898118303427365796647106276951573022,0,0,0,0,0.806861902244842453366778660923558960021759620735801289,2.267391383094495908789046989989040550663220361428843932,2.548947057811923643246208636428338888945767288308190058e-57,1,ROOT_OK
kepler,kepler_0002043,dev,ordinary,0.547260086182506544361103806295432150363922119140625,0.6226928854112664387005368662323828688538382044848950538,0,0,0,0,1.113792349424746118066720321676910700574052930250516493,1.318365177910539415953098083234424149970548807895009566,1.019578823124769457298483454571335555578306915323276023e-56,1,ROOT_OK
kepler,kepler_0002044,dev,difficult,0.9999999990861206567275372161891856861403357941614453884,0.00000002858437035320993194856549499802252838907719511455991514,0,0,0,0,0.005555644759029095858420097690878860547029688386708662124,64794.24887563486924824775260474594864805984859280487314,1.582797196405209333618819807428743514122784352874441387e-59,1,ROOT_OK
kepler,kepler_0002045,dev,high_e,0.92822541279884429599178474745713174343109130859375,2.549607085806485205527795252180643969994312721507038075,0,0,0,0,2.83221768970662327158701766582638712123040751618212457,0.5307413241716468422265766702515926316379129873779439187,4.078315292499077829193933818285342222313227661293104092e-56,1,ROOT_OK
kepler,kepler_0002046,cal,ordinary,0.75415824838006761954289913774118758738040924072265625,2.645771536109799947054832425788256077193753752326556876,0,0,0,0,2.857298121397253940861970390934056938904341697955167137,0.5800847093829429834233212261557529151683769533859556112,0.0,1,ROOT_OK
kepler,kepler_0002047,cal,ordinary,0.71234591255622825567428435533656738698482513427734375,2.424864144842668509108087137829845009599566944756874876,0,0,0,0,2.717797221415980493862765735219689523731904410773096554,0.6063075215444353312733468621688201861138347799601333202,8.156630584998155658387867636570684444626455322586208185e-56,1,ROOT_OK
kepler,kepler_0002048,test,difficult,0.9999999769708076137357650268206387779568677429608159573,0.002794415543756070778346950154302204113627256140804645056,0,0,0,0,0.2562254998916372541480933226601754689091643337476917377,30.63108000391583153951868471237525987006957806100063746,3.38532031115646108868637084525638758688109717978431492e-57,1,ROOT_OK
kepler,kepler_0002049,test,high_e,0.97872040691987061133971792514785192906856536865234375,1.589013937389840119911460976289125432878374948765647604,0,0,0,0,2.311381730760115199565804580922773613673457648375324507,0.6022781788793667689516627550444679552377954024717386339,2.039157646249538914596966909142671111156613830646552046e-56,1,ROOT_OK
kepler,kepler_0002050,dev,ordinary,0.876406437002740457131721996120177209377288818359375,2.73659049414065070404104731425684534337966253215942397,0,0,0,0,2.924963894651492873503275228175291507521900269293460008,0.5388155382415009321381724568587306810049345427512233829,0.0,1,ROOT_OK
kepler,kepler_0002051,dev,ordinary,0.178284477986035361229966156315640546381473541259765625,1.300527589146798179744103291960396333570499491218550333,0,0,0,0,1.478045755602012155126234385105752528328444318541296172,1.016789521855526978443591479690071700520395671768609595,0.0,1,ROOT_OK
kepler,kepler_0002052,dev,difficult,0.9999999989128196512895114566448773207127372183113086348,0.003197585177912691957492932175030544807397162327212515491,0,0,0,0,0.2680265428481511468447573227395979846132729648578152599,28.00759669458512225046898943176733760332392833927365962,4.779275733397356831086641193303135416773313665577856358e-58,1,ROOT_OK
kepler,kepler_0002053,dev,high_e,0.96745423780388495327287046166020445525646209716796875,0.6322123285048841141864535212855684692874944232056351585,0,0,0,0,1.599274292765717376340379437415250815254991075358608926,0.9731911102990774539955281371789887754938172942617977892,1.019578823124769457298483454571335555578306915323276023e-56,1,ROOT_OK
kepler,kepler_0002054,dev,ordinary,0.82053928414301535720909441806725226342678070068359375,2.00385024109218487372763232940165182928953519656826759,0,0,0,0,2.496933595592063093589302218757819422117333213163401195,0.6039154611311389799748325692208346972290723764439377174,4.078315292499077829193933818285342222313227661293104092e-56,1,ROOT_OK
kepler,kepler_0002055,dev,ordinary,0.87185866030963909967255176525213755667209625244140625,2.944459023893238508798082998113744618016334401039317464,0,0,0,0,3.036187417208766407315717930763237057418572413969640943,0.535612944028264261554459659537208209636645300753293265,0.0,1,ROOT_OK
kepler,kepler_0002056,cal,difficult,0.9999999863283468421906243742921200475319288610267027097,0.0000003967264035076740621607840310894593793616247690172439193,0,0,0,0,0.01335002651937766157391597919622385118005385025665080095,11220.32841690728835279658881504684425042012586485060072,1.944692274331606783482520016806288825184453802725364729e-62,1,ROOT_OK
kepler,kepler_0002057,cal,high_e,0.9061738603448794560080159499193541705608367919921875,1.351960549033599855272936806221119916821789100436413698,0,0,0,0,2.123305226850648694139540394442440571791105977533599284,0.6776985943204310400871952016286998624029043029627589795,6.117472938748616743790900727428013333469841491939656139e-56,1,ROOT_OK
kepler,kepler_0002058,test,ordinary,0.44753054670772041134796381811611354351043701171875,1.620589112764132215510646077825909237407166492285962952,0,0,0,0,2.023114381181863812385706724603463904062106155594054753,0.8364043568347673196132484197527980608165449763028865872,6.117472938748616743790900727428013333469841491939656139e-56,1,ROOT_OK
kepler,kepler_0002059,test,ordinary,0.61142092728608854468319577790680341422557830810546875,0.1821113019089196098342557700678320125596050884164232081,0,0,0,0,0.4456743618426907667378037165442592165775724096191119286,2.230636373981553581202596714452654397132326514589732053,2.548947057811923643246208636428338888945767288308190058e-57,1,ROOT_OK
kepler,kepler_0002060,dev,difficult,0.9999999469669735482783381469099022498142877467019318862,0.003246136135100800214358735413962122342333306215425381227,0,0,0,0,0.2693791550210784065900473126817715387086202686448420656,27.72868134837093681147745071973650227675602932221254351,4.341175457835932454903699083917014670235759912899886192e-57,1,ROOT_OK
kepler,kepler_0002061,dev,high_e,0.94135790096061899845381049090065062046051025390625,2.193246558001129220123035485864698958986569744891074402,0,0,0,0,2.643215947917581658040178163356096287058367541113767418,0.5473900768878847965493979813530624394006297774826436029,4.078315292499077829193933818285342222313227661293104092e-56,1,ROOT_OK
kepler,kepler_0002062,dev,ordinary,0.1327326166016644937162283213183400221168994903564453125,1.18427906222935218913969871910349495558474406610674187,0,0,0,0,1.312612287117052510471467098241801511287232827102894344,1.035078802281603800383613977418882055457114570322401517,2.039157646249538914596966909142671111156613830646552046e-56,1,ROOT_OK
kepler,kepler_0002063,dev,ordinary,0.6085272566609341016174994365428574383258819580078125,2.2136323047878828766517216332577945927940489810927755,0,0,0,0,2.551991465561171539980159796470472482954465132901585799,0.6641054184698370508062044572632282308298121076928831754,0.0,1,ROOT_OK
kepler,kepler_0002064,dev,difficult,0.999999992180870735070693718920176498807100542164922982,0.003389733376567444304738378720997882329998751151863198695,0,0,0,0,0.2733041435684897241737193941776273014900056457532511286,26.9427839069194431059616332924897946277317041058856223,4.819103031175668138012363203247328211913091279457671828e-57,1,ROOT_OK
kepler,kepler_0002065,dev,high_e,0.9334440795749852082252573381992988288402557373046875,0.4119926739817030923614430872286083407916675734241915341,0,0,0,0,1.315084388662140599586252485004089020060822682564536688,1.309071848336322738260605221010306011562952082679157368,0.0,1,ROOT_OK
kepler,kepler_0002066,cal,ordinary,0.1496739153690110069039320705996942706406116485595703125,0.9945204276854054115986037180109118021745633472918012722,0,0,0,0,1.129879654982944662795601696901029051094103737007822314,1.068234703324933422536516430111804815799329329840155449,2.039157646249538914596966909142671111156613830646552046e-56,1,ROOT_OK
kepler,kepler_0002067,cal,ordinary,0.242382510607290713178230134872137568891048431396484375,2.17635665411143782914008527862532969057075226417753036,0,0,0,0,2.348979140041462802070177526334102055805820541454748999,0.854591857650306023450316019302669563588473664356181562,0.0,1,ROOT_OK
kepler,kepler_0002068,test,difficult,0.999999982532094189808296819603832448674326594071039285,0.000008967662912012938945181547133185601575296942798645622426,0,0,0,0,0.03775227964201840840621818260634522354152919698967071548,1403.410028341849888284275297424448234520803129766098206,1.306833208350839758500253451293826090523952955431445098e-58,1,ROOT_OK
kepler,kepler_0002069,test,high_e,0.9136282556677970401182165005593560636043548583984375,1.877684732547471101121083458766648022848340398299715241,0,0,0,0,2.456077255715668515604379008242161480938518096000303316,0.5857430899854320707849363943764246522599372129032348685,0.0,1,ROOT_OK
kepler,kepler_0002070,dev,ordinary,0.290732783315201304130681592141627334058284759521484375,1.379694904471717707228251365784777149505500833851374624,0,0,0,0,1.669026160406865764821163407948061194877929525162863047,0.9722777105223917308337245711999795984381186961656976178,2.039157646249538914596966909142671111156613830646552046e-56,1,ROOT_OK
kepler,kepler_0002071,dev,ordinary,0.1312130387464324476898269722369150258600711822509765625,2.054527237171507354151380517312813185769539651833543846,0,0,0,0,2.163369296527660960198097744928350765542129099564072706,0.9317214837029352485974977767477684162165612077363940878,4.078315292499077829193933818285342222313227661293104092e-56,1,ROOT_OK
kepler,kepler_0002072,dev,difficult,0.9999999749793255091763666637608736816876916547207595215,0.0003231737424361879368367822070247269416430744152046560237,0,0,0,0,0.1247307856612706504575911162011358396072179120643117503,128.7195223271341550638195467695010069148961915387793754,1.010617681124649413240196002333892176671856952200317542e-57,1,ROOT_OK
kepler,kepler_0002073,dev,high_e,0.97693947919738288732105502276681363582611083984375,2.117059251789431872565364513802021777616366513737872117,0,0,0,0,2.611235634470606809196891189236418994676040243132098131,0.5426719466775515347756655681221315588768384316892165976,4.078315292499077829193933818285342222313227661293104092e-56,1,ROOT_OK
kepler,kepler_0002074,dev,ordinary,0.81315540161313493161543419773806817829608917236328125,2.385580936825929645343121799058081065269111665073941368,0,0,0,0,2.719044462406240001060908688760926062476625850747122094,0.574172827539479452140612137165834732413065534645061285,8.156630584998155658387867636570684444626455322586208185e-56,1,ROOT_OK
kepler,kepler_0002075,dev,ordinary,0.478487175210005999392848252682597376406192779541015625,0.2827583719351503567679909855718713382479907970914309451,0,0,0,0,0.520870537791732566601346449314494081673823541873473266,1.709498784174761572588685581586765158722093354745232616,0.0,1,ROOT_OK
kepler,kepler_0002076,cal,difficult,0.9999999937430832944991604027464797003401800154711490252,0.0000001482110580169618467078938085497926181877681909472614553,0,0,0,0,0.009615071445005147557840675157544089340311864306749543749,21630.64805464838069664417977684257793304355878364056457,1.05669716456493683597481431413211719038460258505589506e-58,1,ROOT_OK
kepler,kepler_0002077,cal,high_e,0.95988676566665376288511879465659148991107940673828125,0.9175455733396222832333700527563004986055623546585429508,0,0,0,0,1.842276513476389567755381421160691009554628176418047244,0.795291219412014454422663162192939386564828482197886169,2.039157646249538914596966909142671111156613830646552046e-56,1,ROOT_OK
kepler,kepler_0002078,test,ordinary,0.465470899214919742181706396877416409552097320556640625,0.07883621223822054083483086200755255842076467900129030472,0,0,0,0,0.147026449265623070912933899048352602508980226177886514,1.8533927943328286978161536135850801248462233252535873,1.274473528905961821623104318214169444472883644154095029e-57,1,ROOT_OK
kepler,kepler_0002079,test,ordinary,0.6842731853969599153941771874087862670421600341796875,0.9067419032673044098072351284056292160289555167836578255,0,0,0,0,1.590877130591787938485546853992923900004297537686161864,0.9864463921657189128029193674600848025136146544827650935,2.039157646249538914596966909142671111156613830646552046e-56,1,ROOT_OK
kepler,kepler_0002080,dev,difficult,0.9999999055866984460379740667166689683287391247211323232,0.00000001645269953701977054337888648201696323126442047650856598,0,0,0,0,0.004580786024021765551137137685899844156632268676085643917,94462.65344249900082464227950824364384682279939221990275,6.607608560927003379933724301478830454033371415300775592e-59,1,ROOT_OK
kepler,kepler_0002081,dev,high_e,0.90433251288570437598224316388950683176517486572265625,3.018338334483473760429624081930622350397576425239404153,0,0,0,0,3.076848069479754756584205783016693355899878717919679166,0.5256413758937200899512359035322058865820094325704697706,0.0,1,ROOT_OK
kepler,kepler_0002082,dev,ordinary,0.62523670686142107655314248404465615749359130859375,2.455341693134681708212418235731020650570902117089735134,0,0,0,0,2.714392433772538556139313207834211670461953266659766604,0.6373298362008435010510370551205468025609503406719774819,4.078315292499077829193933818285342222313227661293104092e-56,1,ROOT_OK
kepler,kepler_0002083,dev,ordinary,0.66978195028093778784494816136430017650127410888671875,2.432322678069029117858046135093726461756161535796996477,0,0,0,0,2.711556952249387656797462192951605609697170858070151631,0.6215817340525161230467865317591477719785194280037369699,4.078315292499077829193933818285342222313227661293104092e-56,1,ROOT_OK
kepler,kepler_0002084,dev,difficult,0.9999999999879971940021312400209970198860156922002008138,0.008654776281337379857016700833079235910901509115143622871,0,0,0,0,0.3739510220424071292718037643030318446741822524715368068,14.46996273898684345417431279213687395126666220953917482,2.548947057811923643246208636428338888945767288308190058e-57,1,ROOT_OK
kepler,kepler_0002085,dev,high_e,0.91728911542272462131819565911428071558475494384765625,1.139144577108576720001344123666832704203735792404638067,0,0,0,0,1.980513063898556976076208584201363789429332491435691141,0.7323852106514660457035173176278374685745760498727558915,0.0,1,ROOT_OK
kepler,kepler_0002086,cal,ordinary,0.61918478587451220018778030862449668347835540771484375,0.8291627626680879262895947544012908563448621297356622078,0,0,0,0,1.443323706864913140906584448711314569719989331399237864,1.08544106168769008172192214066924018709604810053228888,1.019578823124769457298483454571335555578306915323276023e-56,1,ROOT_OK
kepler,kepler_0002087,cal,ordinary,0.61005684798946335778424554519006051123142242431640625,2.724450249059583255253712894954399432492712090231103612,0,0,0,0,2.881398475506328693438446861249934895801060272113598711,0.6291198071002426079750421360455674182556983539266919839,8.156630584998155658387867636570684444626455322586208185e-56,1,ROOT_OK
kepler,kepler_0002088,test,difficult,0.9999999999894935423602040816130864911863659226877542461,0.00000002730688211870641382632756262535515754296623881294407969,0,0,0,0,0.005471936311227864011844530989418241287124161117884713161,66795.73094526117573323099865704227156090454834574564565,7.148202627374403634385872951775716149171756065367759403e-59,1,ROOT_OK
kepler,kepler_0002089,test,high_e,0.97466271502496015788352679010131396353244781494140625,1.34365510431707726280779680751828925029278641336619574,0,0,0,0,2.15608681311195579942387971338536689058918597057086192,0.6500073373172142521799345354600075087474247508128142734,4.078315292499077829193933818285342222313227661293104092e-56,1,ROOT_OK
kepler,kepler_0002090,dev,ordinary,0.56617206485179150110553791819256730377674102783203125,0.1404869293695405811294653644357657632511231658043388324,0,0,0,0,0.3169407785397186095078316138240311877668309074306983167,2.164375228319503060604978097966032774965845820945134657,0.0,1,ROOT_OK
kepler,kepler_0002091,dev,ordinary,0.258157159553142279140303116946597583591938018798828125,1.368494461884775937536106393166623768861248953446403046,0,0,0,0,1.626254724723484195562183171827850330080163725993541337,0.9858922324947204504914191332678609486889718712003044779,0.0,1,ROOT_OK
kepler,kepler_0002092,dev,difficult,0.9999999996064243276488455700305862319755529378072519365,0.000008325331499593275841908044309007922565528797863797990296,0,0,0,0,0.03682933081822210634004603644128292166853005946504603711,1474.657548741705997631640106034951235330282034696553197,2.955932256984042310893430425545559014280369780142554388e-59,1,ROOT_OK
kepler,kepler_0002093,dev,high_e,0.90218332528427624961153696858673356473445892333984375,0.8022494454433908131447204515233698270907420162584213225,0,0,0,0,1.697231308639883043783211487235943561407598175246514959,0.8978563872128570534384235116257551384774070901141541562,0.0,1,ROOT_OK
kepler,kepler_0002094,dev,ordinary,0.56888815113769475306781941981171257793903350830078125,1.488704701747334524558910907109315740830452338994238544,0,0,0,0,2.004841091679483313259944451758307310707559359002126192,0.8069445898482903052893233047669635822136953311320323648,6.117472938748616743790900727428013333469841491939656139e-56,1,ROOT_OK
kepler,kepler_0002095,dev,ordinary,0.08143664597828968731985099793746485374867916107177734375,1.039591498977039118217211779249235382035841325266036538,0,0,0,0,1.112629149619968259579844307342826748064016746597088813,1.037365748619823762746276019739770183684010453615572522,2.039157646249538914596966909142671111156613830646552046e-56,1,ROOT_OK
kepler,kepler_0002096,cal,difficult,0.9999999999780070898299202847348188652552473694236747464,0.00000415092279714519590645154483247682059347717302496429949,0,0,0,0,0.02920371621732436583106446151668299834170436968476560356,2345.225459669414710634621630701936465429899840780335763,2.816692290141899265196081992342228734397162887867418274e-58,1,ROOT_OK
kepler,kepler_0002097,cal,high_e,0.92960077299734267253228381377994082868099212646484375,0.7429052050581670501092095276015907844297200113570407624,0,0,0,0,1.668107994793510228855069465168390751031983174133106581,0.9171633654879027614707002800440309877663923102332630026,1.019578823124769457298483454571335555578306915323276023e-56,1,ROOT_OK
kepler,kepler_0002098,test,ordinary,0.79708941265281751942239907293696887791156768798828125,1.216919907227156537320713080492781284306355871006597026,0,0,0,0,1.955692271088647343827740728157042562628064852027718548,0.7696586166141837180774840881603441387622635900763430352,4.078315292499077829193933818285342222313227661293104092e-56,1,ROOT_OK
kepler,kepler_0002099,test,ordinary,0.7953454518966232011933925605262629687786102294921875,1.892385322176361330783178930073290029407458449850586557,0,0,0,0,2.418606899401221313007976478297990496198258780170393943,0.6264185405612609041633689265236464441073883614840915369,2.039157646249538914596966909142671111156613830646552046e-56,1,ROOT_OK
kepler,kepler_0002100,dev,difficult,0.9999999998047108571367991696185363448117757103144516629,0.00008304540303536343605447856422635380932048242989579046464,0,0,0,0,0.07928683679737981139975512758210931351123557918594304295,318.3136845832635932858195688127094258376050014721779501,2.414529927810122982371896852866688205349017841463812848e-58,1,ROOT_OK
kepler,kepler_0002101,dev,high_e,0.94541052275353865130824715379276312887668609619140625,2.010694627373391199314525564755712106904581287836613811,0,0,0,0,2.543232952058801836173588785342201413766444246367649798,0.5614332793366323581292436589941859683217257235171851794,4.078315292499077829193933818285342222313227661293104092e-56,1,ROOT_OK
kepler,kepler_0002102,dev,ordinary,0.85515245872486989053840034102904610335826873779296875,1.092408841278116674681797743280368360351812148041238866,0,0,0,0,1.901284034397682643637387574021523081280349380161456839,0.7827784237757364544965025014129620063667122418941171266,2.039157646249538914596966909142671111156613830646552046e-56,1,ROOT_OK
kepler,kepler_0002103,dev,ordinary,0.402311062667005503445949443630524910986423492431640625,2.962176782888630596223127737386291192303424306402243318,0,0,0,0,3.0135493679367102132775115539022919575936697047949047,0.7147872884724989225545470293233218445594082694123439253,0.0,1,ROOT_OK
kepler,kepler_0002104,dev,difficult,0.9999999968376464412203748757270236462677161445204247683,0.00000002115547662338905371338115016885264625740912071457427777,0,0,0,0,0.005024383389810815516291076825205114717535500312895592145,79205.72508900756191904676883990613790279753844176958738,3.681788648378314542828281021818506318280467162009796773e-59,1,ROOT_OK
kepler,kepler_0002105,dev,high_e,0.92778981768038859545555396834970451891422271728515625,2.915534476668061602325882871187076005209828374299280866,0,0,0,0,3.024200101899129390410096325151872917777288233854233126,0.5204526939820514784737177513953325019047572995535005951,4.078315292499077829193933818285342222313227661293104092e-56,1,ROOT_OK
kepler,kepler_0002106,cal,ordinary,0.254093404605024442144411978006246499717235565185546875,0.09779969546381421498410877795291465278911163250963645647,0,0,0,0,0.1309877138598410584273634101165782615932878078541165873,1.336749494824757805617944701934736494207417368808596918,1.274473528905961821623104318214169444472883644154095029e-57,1,ROOT_OK
kepler,kepler_0002107,cal,ordinary,0.369514524561311785699757592738023959100246429443359375,2.372993414802399835467642218678938790075288811379007127,0,0,0,0,2.572204816712557588981735305561149587655206826667148514,0.7626504761688060509671511623929043857008059940946757261,4.078315292499077829193933818285342222313227661293104092e-56,1,ROOT_OK
kepler,kepler_0002108,test,difficult,0.9999999998324517962243503092455502445501470005266483907,0.000002992118674310259862988234680066019755853884437365753839,0,0,0,0,0.0261847303322097695738791214366403987911941471954701998,2917.147483822796491268765615299064434061708338739165902,5.950758359454716757456511251427243805064428636339616071e-59,1,ROOT_OK
kepler,kepler_0002109,test,high_e,0.95490142780025877300431602634489536285400390625,2.069820568295598530063261284420163688821833626090907516,0,0,0,0,2.579081257855489999254870906751610431459608658993966307,0.5531681100260425823210364775053049149692643531492244844,4.078315292499077829193933818285342222313227661293104092e-56,1,ROOT_OK
kepler,kepler_0002110,dev,ordinary,0.54797116789166755435047662103897891938686370849609375,2.837128963287841204827389995221683545096452984808802329,0,0,0,0,2.944455888911290652328680075886102922935072462047691665,0.6504666931739385162865567713581666385565247337054975779,4.078315292499077829193933818285342222313227661293104092e-56,1,ROOT_OK
kepler,kepler_0002111,dev,ordinary,0.291942276768406616671569508980610407888889312744140625,3.00161983224817278610562868490263707812670613591482641,0,0,0,0,3.033201784086270162321222210305795271272433089654855159,0.7750562100805084228170802229120730546655831884264422041,4.078315292499077829193933818285342222313227661293104092e-56,1,ROOT_OK
kepler,kepler_0002112,dev,difficult,0.9999999930669461680800151124546394434525500319313315864,0.001519281099928172043400877863227217107322374464286897456,0,0,0,0,0.2090479886560628460666040721812518025972685499662768541,45.93249581904824350232060952556869481635570077805322572,2.250242324474588841303293561846892925397435184209574035e-57,1,ROOT_OK
kepler,kepler_0002113,dev,high_e,0.919678290696676281612553793820552527904510498046875,0.5869614736492238561271970461535625980098825199722559724,0,0,0,0,1.504627158019810608649726160465956425174491026928955449,1.064747226372441620489476782922558540278707130756558541,2.039157646249538914596966909142671111156613830646552046e-56,1,ROOT_OK
kepler,kepler_0002114,dev,ordinary,0.7230735866944291156954705002135597169399261474609375,2.715441128907425626550950773633223235716083593411378288,0,0,0,0,2.893203567360197969761532585088130020895860749314564451,0.5879301759233973347888081583131737547229321407490939207,4.078315292499077829193933818285342222313227661293104092e-56,1,ROOT_OK
kepler,kepler_0002115,dev,ordinary,0.06174308172090705454371217797415738459676504135131835938,1.516761001947360176855060575502860834488304465779718759,0,0,0,0,1.578502250486346111171658216262835354467690859882634722,0.999524443494170154732253323695140172387059666755571468,2.039157646249538914596966909142671111156613830646552046e-56,1,ROOT_OK
kepler,kepler_0002116,cal,difficult,0.9999999997616870829230935140275139574395451256569765497,0.0000004919275141168461910868426247209506210448930446701667592,0,0,0,0,0.01434447324600709943759592454190373680150623197729380723,9720.021531596200658748265542665516098760486144769638181,6.036324819525307455929742132166720513372544603659532119e-59,1,ROOT_OK
kepler,kepler_0002117,cal,high_e,0.9207732880806112074623115404392592608928680419921875,2.064396893982822233313313688731754818687978541212297477,0,0,0,0,2.565776173974013566121188481704738949059547496700328578,0.5642395956633409269557287705067671379498867210744397675,4.078315292499077829193933818285342222313227661293104092e-56,1,ROOT_OK
kepler,kepler_0002118,test,ordinary,0.04945321119782476737558596369126462377607822418212890625,2.076577003645480946623055776254062865499851019880145872,0,0,0,0,2.118788883426657792618274097009554917342781011592014796,0.9748832294273950036676106172569792601827401581049631035,0.0,1,ROOT_OK
kepler,kepler_0002119,test,ordinary,0.1752733822039713451612641392785008065402507781982421875,0.1335717234689363515940849215172758823938952987573736737,0,0,0,0,0.1618089253174359051379540401471859018367717730452186088,1.209166257512439040710277355128888196629823410298863042,0.0,1,ROOT_OK
kepler,kepler_0002120,dev,difficult,0.9999999938114187189732011862597886962848970435775650282,0.000919862027462628721990662934985507800524095310092907847,0,0,0,0,0.1768143229273294841444181118099681866779181597007061357,64.13966583706596820536770889228800458664064146451521536,1.174905284460183554308799293353687456623439609454556355e-57,1,ROOT_OK
kepler,kepler_0002121,dev,high_e,0.93813765488394607050537388204247690737247467041015625,0.8906424993987202889902467077786270156464762142812986183,0,0,0,0,1.803495086750471206654617911389971921548759092637332283,0.8221394564695889439124148511897050355969250029103508736,1.019578823124769457298483454571335555578306915323276023e-56,1,ROOT_OK
kepler,kepler_0002122,dev,ordinary,0.1190763616957122017492309851149911992251873016357421875,1.863655477162003241669899754453555946064177558293144814,0,0,0,0,1.973219388729222347827799532774715397666794596231190436,0.9554418822765331040902341497643460720211645340621539909,0.0,1,ROOT_OK
kepler,kepler_0002123,dev,ordinary,0.387540657302698987596301094527007080614566802978515625,0.5507269535081821638516853007680082292158754633820198475,0,0,0,0,0.8390642660157721874686463126651951993552989835122849185,1.349416402379503791664275948811806849544328881295056592,1.019578823124769457298483454571335555578306915323276023e-56,1,ROOT_OK
kepler,kepler_0002124,dev,difficult,0.999999997746311365427429377841937116077328140155249056,0.00002995467765842369494685881250090561886846126156262321734,0,0,0,0,0.05643663012995538060706110601401321896373176884960940639,628.0909121611365634591101393051676539428839079761539375,3.344870711850363667589934428906816779317260540687627334e-58,1,ROOT_OK
kepler,kepler_0002125,dev,high_e,0.952661728798809281926196490530855953693389892578125,0.04089865911241312257082079614005240388491916425133119343,0,0,0,0,0.4852385954136671292839959905778261183551290334930289935,6.356873867548955139319388053186265984503300863977944303,2.548947057811923643246208636428338888945767288308190058e-57,1,ROOT_OK
kepler,kepler_0002126,cal,ordinary,0.006870074677365734135137120830449930508621037006378173828,2.857779662924832683379941062818190397914698298680453835,0,0,0,0,2.859690800455140047059806866260252833916008775544465076,0.9934443601471043250380060789761034672626724640983096251,0.0,1,ROOT_OK
kepler,kepler_0002127,cal,ordinary,0.471815565159932115424368248568498529493808746337890625,0.2088694038078641831243537622570531911035701371065337777,0,0,0,0,0.386890334732319928706384550798330368384280116235814008,1.776016563024491417596961785910618553696429164564901798,2.548947057811923643246208636428338888945767288308190058e-57,1,ROOT_OK
kepler,kepler_0002128,test,difficult,0.9999999996148307523420482805365023637905031524583964708,0.0000003566089262780477782605456946117957140400403907918172153,0,0,0,0,0.01288586786982896350320789028690134430293646936902699028,12044.99551764485320183089037020619949811402280057867497,9.858617484724080588864635225199481199272588552916236494e-59,1,ROOT_OK
kepler,kepler_0002129,test,high_e,0.93258396824449452111593927838839590549468994140625,0.05733645247589292470246278762864107398627994116333145538,0,0,0,0,0.5237529431748923084703601067826078291828247030384182129,5.196681695213707435120322301022164181505416499750271138,4.460657351170866375680865113749593055655092754539332601e-57,1,ROOT_OK
kepler,kepler_0002130,dev,ordinary,0.88967604364480845635654304714989848434925079345703125,0.1625316653063123693203836457689995999816977236771898755,0,0,0,0,0.8019596336977438248411036806623893016114570840807994973,2.621860213206515831621316386289168832634962172188018178,7.646841173435770929738625909285016666837301864924570173e-57,1,ROOT_OK
kepler,kepler_0002131,dev,ordinary,0.4751394310108782992330134220537729561328887939453125,1.625756311169160762895893202192556202437326967337017897,0,0,0,0,2.047847698157794124417453197250748533059005562102466331,0.8209062801803497105397725644579488630728677328151578915,0.0,1,ROOT_OK
kepler,kepler_0002132,dev,difficult,0.9999999996057799571334656334424450272733410410246104413,0.0000008924948663943114875554184677753386517551759448185923135,0,0,0,0,0.01749524744094864123877310022240282635167641846061689108,6534.310629494428474072059390190770495016857776178395899,2.570202544370368105389672580212031625805033368371978294e-58,1,ROOT_OK
kepler,kepler_0002133,dev,high_e,0.92073189086556361804269954518531449139118194580078125,0.2261135066622232000162188803328382384155140651869552186,0,0,0,0,1.001754107170412743444479312633430704548924047282543094,1.984574974063545027410138077378184933402993527493285399,1.78426294046834655027234604549983722226203710181573304e-56,1,ROOT_OK
kepler,kepler_0002134,dev,ordinary,0.54906548127018128813148223343887366354465484619140625,0.1116499915012332833784697228439251072046917692881924039,0,0,0,0,0.2446347082803523931578191415286333527148177818235046784,2.140033205443699927150089871208291620822684620314115483,2.548947057811923643246208636428338888945767288308190058e-57,1,ROOT_OK
kepler,kepler_0002135,dev,ordinary,0.44047095589480733668352741005946882069110870361328125,2.496900361785110194737287848144635038529912025007981006,0,0,0,0,2.6893708043594757031602940083726882088779957215612086,0.7162327757529974477734317564502592327781949309824891641,4.078315292499077829193933818285342222313227661293104092e-56,1,ROOT_OK
kepler,kepler_0002136,cal,difficult,0.9999999908424620487194593738256799763971983315499278566,0.0000000775703906208719443158359202358211582490022929725605115,0,0,0,0,0.007747300155846326112355252821678155310251971665859862804,33311.8616038542957650679054605720700970540329420887966,5.191599112862515759354522499866488804933047483100701815e-59,1,ROOT_OK
kepler,kepler_0002137,cal,high_e,0.92225111056297393030689590887050144374370574951171875,0.351331624473664965900640308497221270793036500163658762,0,0,0,0,1.21620952266032537594760948014406715570865409321633828,1.471038770625983239674088982173521550007885028694120305,1.019578823124769457298483454571335555578306915323276023e-56,1,ROOT_OK
kepler,kepler_0002138,test,ordinary,0.621145881109169462064301114878617227077484130859375,1.810484218366035359551243006927523094185110045017486149,0,0,0,0,2.281323901854573595924739321067141687884403571593491129,0.7116767471429947775561976199276498902572955055631886184,4.078315292499077829193933818285342222313227661293104092e-56,1,ROOT_OK
kepler,kepler_0002139,test,ordinary,0.445870595870339891941824816967709921300411224365234375,2.927835116091280147542848110623228140174146362323024478,0,0,0,0,2.993586179666419607094756541740058612468129872927318465,0.6939644993858159907741161769237893284076671350209273909,4.078315292499077829193933818285342222313227661293104092e-56,1,ROOT_OK
kepler,kepler_0002140,dev,difficult,0.9999999593149377902950783825924979077902172162860892812,0.000005820816800451294561511310790977803794477480717550453415,0,0,0,0,0.03268534370701555086251278625751916585797350988967070917,1872.101906254327622784891267567287699610932912346944518,1.194041056439606565058267290319061338663254634873373944e-58,1,ROOT_OK
kepler,kepler_0002141,dev,high_e,0.98529801156325336197738806731649674475193023681640625,1.842271459026993404534121089036918691333640988482800093,0,0,0,0,2.461721361645891906557796421505461913157239810269075597,0.5661806949243970906955233342352251536061215799912657898,0.0,1,ROOT_OK
kepler,kepler_0002142,dev,ordinary,0.7735240795807218905366653416422195732593536376953125,1.103504882195263173197553928869365717347570026296268066,0,0,0,0,1.847586691678105518404507690502913538281667777124204015,0.8255043801648089545425292697028641728366754031420381629,0.0,1,ROOT_OK
kepler,kepler_0002143,dev,ordinary,0.3548883269158675801691060769371688365936279296875,0.009762703782305453903186778134076596417793061417911833609,0,0,0,0,0.01513303697413508498197497312721908613582785818719460167,1.550021578924943769815449285366627612173128071080665925,0.0,1,ROOT_OK
kepler,kepler_0002144,dev,difficult,0.9999999998874650773492911375454067879375644166855454174,0.00001710797228147891456040277075032694148246023413737890698,0,0,0,0,0.04682370278953125669213462480600584393821218859155241049,912.3842746228037979809567878770084481533735764040010269,4.913070561871371377790238570459408087946004087205361452e-58,1,ROOT_OK
kepler,kepler_0002145,dev,high_e,0.9383185070662529714269339820020832121372222900390625,0.5568195970666636863636656364215303254376521267774732728,0,0,0,0,1.49224471271320488510654297824224249050436496813363098,1.079483046446616805953737643086138047034417959060332247,0.0,1,ROOT_OK
kepler,kepler_0002146,cal,ordinary,0.0927446542652270722317808804291416890919208526611328125,2.880740371422084350821488116381810205605361171939097443,0,0,0,0,2.902687385661163297306011378186369264154205309660478275,0.9173382092871108849519580585302159258478108384198190436,0.0,1,ROOT_OK
kepler,kepler_0002147,cal,ordinary,0.174980099736471828020256680247257463634014129638671875,0.3624633340187307221405594211380596444967911091316904206,0,0,0,0,0.4364283492569895662213019908264910469584756429685794318,1.188465313356751004088630220878501585585481263823521504,5.097894115623847286492417272856677777891534576616380115e-57,1,ROOT_OK
kepler,kepler_0002148,test,difficult,0.999999982620783670096824351828905183648343231033631866,0.0002985784370210202222488402506489531956671739905257129474,0,0,0,0,0.1214811880740982949834479668887623304641454397616802557,135.6891374462826106715600216267764355832313433448023374,4.978412222288913365715251243024099392472201734976933706e-58,1,ROOT_OK
kepler,kepler_0002149,test,high_e,0.904626996790776072288053910597227513790130615234375,2.280141817191881100262721664600698091878660740529599355,0,0,0,0,2.681679147247340297612472892024369482134617536655270732,0.5522945589443118428243837558333697751487539373237420286,4.078315292499077829193933818285342222313227661293104092e-56,1,ROOT_OK
kepler,kepler_0002150,dev,ordinary,0.2398390209057865984920709934158367104828357696533203125,1.178963267383857109947445895263237500741689048041798967,0,0,0,0,1.41593200713805179585640120895676422185176198638893739,1.038415366738270585005245438172906282916534398042986209,0.0,1,ROOT_OK
kepler,kepler_0002151,dev,ordinary,0.6913265586623580372105379865388385951519012451171875,0.2862602828550908068854850995975151929724948302634932785,0,0,0,0,0.7650588522316422962866848329028906027112749195848704845,1.994744268330530851228887744112244139251484552084689459,0.0,1,ROOT_OK
kepler,kepler_0002152,dev,difficult,0.9999999996550685282509346406967183696932115768276507281,0.005076753293690263987488331426125909376160190899014197759,0,0,0,0,0.3128149261019681005158472157760164519024685276131762735,20.60626946766678732245280015228924183997177172287081973,4.779275733397356831086641193303135416773313665577856358e-58,1,ROOT_OK
kepler,kepler_0002153,dev,high_e,0.98837380874317937173856307708774693310260772705078125,1.186890135207725743358599865010554794892528906535365106,0,0,0,0,2.059545819900173306815034244105029425137180226057260862,0.6830305286732591338941110998349210307843410152885043971,4.078315292499077829193933818285342222313227661293104092e-56,1,ROOT_OK
kepler,kepler_0002154,dev,ordinary,0.59280869129548385831895984665607102215290069580078125,1.118748566262612481420949290395280139952178279789325142,0,0,0,0,1.706136326355903251939678888708163287431435807141116876,0.9259379096807976186605526543607888922032729415335347164,0.0,1,ROOT_OK
kepler,kepler_0002155,dev,ordinary,0.47149950181120503511777997118770144879817962646484375,2.34521130525007843302615874184598170074394344592984878,0,0,0,0,2.591639316267622202003298090706343758095797070827067529,0.7132787751430617762073021552097387217634927194680297183,4.078315292499077829193933818285342222313227661293104092e-56,1,ROOT_OK
kepler,kepler_0002156,cal,difficult,0.9999999998766512542460269649191964445444411639603097299,0.00004056114306205262110572698653291606820513604542879953714,0,0,0,0,0.0624379548782827705348898334463789862400086866050169241,513.1847297410253357290968727997723860169759064576877535,4.051182945887603251350785699010860880624254161837479804e-58,1,ROOT_OK
kepler,kepler_0002157,cal,high_e,0.9220273714236666418031518333009444177150726318359375,0.8959766671955482778912202875660357598791961660254659922,0,0,0,0,1.794939453075501109440206002496642946809520823608392661,0.8299168765161061526531435965165298390026741484584889527,1.019578823124769457298483454571335555578306915323276023e-56,1,ROOT_OK
kepler,kepler_0002158,test,ordinary,0.7114982954197042186450516965123824775218963623046875,0.4595036826323243533848318582585110488911900823464238799,0,0,0,0,1.090502489130393353131383595010497596720155408342815547,1.489736878616889449148021773022066524766373470672496266,1.529368234687154185947725181857003333367460372984914035e-56,1,ROOT_OK
kepler,kepler_0002159,test,ordinary,0.75073957140190117343081510625779628753662109375,0.7937085158251395866369602407850948532515552268664941004,0,0,0,0,1.544182224583606668080381006059890730441364970830846416,1.020385153649304071543984029724747538705087924922898556,1.019578823124769457298483454571335555578306915323276023e-56,1,ROOT_OK
kepler,kepler_0002160,dev,difficult,0.9999999999896097300247984463088379100208076499623056523,0.00000002247956810787914523080955069812562271870788720135181303,0,0,0,0,0.005128372763707753803333419019683533311372062859220072063,76045.13484071805563774835109177616787018980125228722821,3.806613583736974553243065275397259982246994290472231122e-59,1,ROOT_OK
kepler,kepler_0002161,dev,high_e,0.90272960800065515929446746667963452637195587158203125,2.075341574681767807926008152958475802317933438608938104,0,0,0,0,2.566413246498153132251860758739391358972447559204461644,0.5689979265243979933576388447616352759608840572779141451,4.078315292499077829193933818285342222313227661293104092e-56,1,ROOT_OK
kepler,kepler_0002162,dev,ordinary,0.7748833424381162959804214551695622503757476806640625,2.234646086544979239237412531543525956558173005248653959,0,0,0,0,2.620443040913707598138182700027792741006105357583855271,0.5980805607932559221251634102361831106682523075170600617,4.078315292499077829193933818285342222313227661293104092e-56,1,ROOT_OK
kepler,kepler_0002163,dev,ordinary,0.2170465686509670810711014610205893404781818389892578125,2.46131790974564139957455284779577929480445894654733255,0,0,0,0,2.577383132443439712702345035926400773336695429069573072,0.8450179157119058048497907477435140594363290430432373824,0.0,1,ROOT_OK
kepler,kepler_0002164,dev,difficult,0.9999999904023595673704846135250217975537388035701342977,0.000008090334244962250917524030988193854693832382991743468301,0,0,0,0,0.03647897331907250818315372272317559067381960692053880551,1503.095870394610773679337763353348429141532463572158394,3.204852868098487979179192987696763983903979866891401074e-59,1,ROOT_OK
kepler,kepler_0002165,dev,high_e,0.92724363046469482352307522887713275849819183349609375,1.419186421148288534999688235183864282936590656711778912,0,0,0,0,2.179753400898673136749650557715945892440031898681698803,0.6534261714548340412127643173548662765888186815042413348,6.117472938748616743790900727428013333469841491939656139e-56,1,ROOT_OK
kepler,kepler_0002166,cal,ordinary,0.65506376585575554205576054300763644278049468994140625,0.2071560447327012090918117961303681860354675950471957731,0,0,0,0,0.5489793295089930334574650813113230882179338860635118399,2.266582278962049011134869009903399792835623168125998209,2.548947057811923643246208636428338888945767288308190058e-57,1,ROOT_OK
kepler,kepler_0002167,cal,ordinary,0.307070792297684358462817044710391201078891754150390625,3.012044816740608897094652411011021570811709362666859971,0,0,0,0,3.042441406805803993478924574013426893210982692071855295,0.765953298294941049643595909591344363731358619474904281,4.078315292499077829193933818285342222313227661293104092e-56,1,ROOT_OK
kepler,kepler_0002168,test,difficult,0.9999999999807445689892640885063997173778228525444067046,0.000001103168818112959479649554356619197920774023502644998619,0,0,0,0,0.01877587766659733685077860523588229616003770621883400561,5673.384436098998627159164153442493265515650792679589551,6.981445264850468352702246860334576882412189151784059377e-60,1,ROOT_OK
kepler,kepler_0002169,test,high_e,0.9317710024417653613681977731175720691680908203125,1.549123612649410450182097308066520951513058447064948078,0,0,0,0,2.265155819453501016453858827713282512525160076980710329,0.6264745325631692016352120542780022568841433512812406216,4.078315292499077829193933818285342222313227661293104092e-56,1,ROOT_OK
kepler,kepler_0002170,dev,ordinary,0.146166522137317012042245778502547182142734527587890625,2.640357804975775639343692885299306821571520207538577574,0,0,0,0,2.70249635973816091192915460586103717779242175221996421,0.8831576954920881756162584498512556557076732862954742376,4.078315292499077829193933818285342222313227661293104092e-56,1,ROOT_OK
kepler,kepler_0002171,dev,ordinary,0.83593268119685915085170790916890837252140045166015625,1.531809410256530879738048032389514401090116743405914877,0,0,0,0,2.205126927306733979695288413749754295707173053083416879,0.6687147783696208386897994127840240687429674869511311895,4.078315292499077829193933818285342222313227661293104092e-56,1,ROOT_OK
kepler,kepler_0002172,dev,difficult,0.9999999852165834392019102222998765586012242334402918844,0.00009008147478304298220540670993041530625898317088741638383,0,0,0,0,0.08146574201714970547197526746147366892436822936928387557,301.5214641681991188574016857988650035472412679944363728,5.974094666746696038858301491628919270966642081972320448e-59,1,ROOT_OK
kepler,kepler_0002173,dev,high_e,0.95572739796415795421324901326443068683147430419921875,1.298759651254176227505746456742954532500620202662236634,0,0,0,0,2.115951392254010488955431133681894792445615231690084438,0.6686310615471860126363317223815558222292548880907492654,4.078315292499077829193933818285342222313227661293104092e-56,1,ROOT_OK
kepler,kepler_0002174,dev,ordinary,0.64242885263451909860776822824846021831035614013671875,1.985938070084945989039994448764232810446539877604122143,0,0,0,0,2.413459783169306095851714801778725228386134166075790094,0.6758946060999091310636429402768012937341700960820534397,6.117472938748616743790900727428013333469841491939656139e-56,1,ROOT_OK
kepler,kepler_0002175,dev,ordinary,0.18666951980808665911837351814028806984424591064453125,1.748315366950557973931942669950992736113533788537940921,0,0,0,0,1.923494289463915881908329687694165534508833966120427232,0.9394245614977714129345475445911652386758422243235039764,0.0,1,ROOT_OK
kepler,kepler_0002176,cal,difficult,0.9999999998595534226379032122891079757335878348730127824,0.000008101076183993093883328588887809798106762735099304025719,0,0,0,0,0.03649563054969938112303900252242402157858217009702660447,1501.74559176155016554872775886498477932682526870582518,3.413323879906836226368519133498398145963753314543560173e-58,1,ROOT_OK
kepler,kepler_0002177,cal,high_e,0.9849057080909966455095627679838798940181732177734375,0.3891953626387303880962305893574825095397130031523839477,0,0,0,0,1.350243324057851743361861770670958607771122479392789776,1.274643798320139543428325702274193521039882696318174505,5.097894115623847286492417272856677777891534576616380115e-57,1,ROOT_OK
kepler,kepler_0002178,test,ordinary,0.50421825446260093439576621676678769290447235107421875,0.7153666512960596851455533972370268541193416375743818524,0,0,0,0,1.181942000094443601527897582388396318006102812143964102,1.236343843067102948611276304329184683061508258762496768,0.0,1,ROOT_OK
kepler,kepler_0002179,test,ordinary,0.2054763390648685905670589590954477898776531219482421875,1.796380090075641043532895086888574951796855445386061125,0,0,0,0,1.984520394237078459587700917017254092185766014607016795,0.9236970758339038778397031091530836763888043261880973837,0.0,1,ROOT_OK
kepler,kepler_0002180,dev,difficult,0.9999999878499222196514106304529234606292499734747802905,0.000009935028113180170246742334165267787547480336100994209768,0,0,0,0,0.03906407827584929833021127535385185812390346630740261723,1310.759910151354775579844010991574265864136682269255392,3.133288192403084849547036251078292555137191966951107652e-58,1,ROOT_OK
kepler,kepler_0002181,dev,high_e,0.93213186255675928304498256693477742373943328857421875,1.673301994542266183842235016004584254837712592971876752,0,0,0,0,2.341822911361340320244168813891449340471531004975712842,0.606216211844278326631940716015704558699258596973774486,4.078315292499077829193933818285342222313227661293104092e-56,1,ROOT_OK
kepler,kepler_0002182,dev,ordinary,0.395565231650769788540600302439997904002666473388671875,1.598408002575231543242732930891300432164460259985790904,0,0,0,0,1.963814328385457671351827569470491088672213847277611853,0.8684379067379530349688673726375738718515815343695677989,2.039157646249538914596966909142671111156613830646552046e-56,1,ROOT_OK
kepler,kepler_0002183,dev,ordinary,0.70431057876782754423317101100110448896884918212890625,2.258739816096185931061263197288552847221330937925776867,0,0,0,0,2.613582434103770196526980361618583533213540890738858994,0.6217392071097106245740956273810545913104453491840947451,4.078315292499077829193933818285342222313227661293104092e-56,1,ROOT_OK
kepler,kepler_0002184,dev,difficult,0.9999999246969912040644530155243210521201119458400438062,0.009733599711289042624902700674685641452293961343241619309,0,0,0,0,0.3889583322065864275187648455577419662710289185583641868,13.38769063078389024950285496060649514823255248037131462,3.664111395604640237166424914865737152859540476943023208e-57,1,ROOT_OK
kepler,kepler_0002185,dev,high_e,0.9353831477079095346738313310197554528713226318359375,0.1400883311752886060515168408971729083865363465343573062,0,0,0,0,0.8309128897004873437013241178337645791590556278174239533,2.707363971301255347690460589916641232268255668096282342,5.097894115623847286492417272856677777891534576616380115e-57,1,ROOT_OK
kepler,kepler_0002186,cal,ordinary,0.74692394873302403457415721277357079088687896728515625,2.110639912759320832174082769090612257067143864516146637,0,0,0,0,2.535892166307236217196808076055968870137029056842958499,0.6195599609324590367227247637674911974632220797436988788,4.078315292499077829193933818285342222313227661293104092e-56,1,ROOT_OK
kepler,kepler_0002187,cal,ordinary,0.81101030944954988211037516521173529326915740966796875,0.264548977975195315294314000839373825639162663613913857,0,0,0,0,0.8996675369553522580871174671733749052494971529264372472,2.017525330800767801857340935955171401582902966177359117,5.097894115623847286492417272856677777891534576616380115e-57,1,ROOT_OK
kepler,kepler_0002188,test,difficult,0.9999999909182359100287089909603098031219697129185678227,0.0003049726153140341132259506951696306493957497699229176225,0,0,0,0,0.1223428277598063059237403391526771818963620980108865811,133.7870915294462186501405206735968327832175526376011675,1.055423391125249633531633263521109071204106767815109946e-57,1,ROOT_OK
kepler,kepler_0002189,test,high_e,0.96259026456964147389072650184971280395984649658203125,2.419804008988485755384699094629324575402640879155090883,0,0,0,0,2.769641711359575965074097109823321046109102133491714897,0.5272124890721359599554119142810061422047409154031012402,0.0,1,ROOT_OK
kepler,kepler_0002190,dev,ordinary,0.373980056810366112696186746688908897340297698974609375,0.07139687611577580193131298348386827786788529392450468629,0,0,0,0,0.1139018497429933640154273479840748452847508263729939605,1.591233547492122888618764296234423723862727779311723397,1.274473528905961821623104318214169444472883644154095029e-57,1,ROOT_OK
kepler,kepler_0002191,dev,ordinary,0.138230043859867535172014640920679084956645965576171875,0.6738835303549089895755887134734058552912462749230080943,0,0,0,0,0.7701224896884299178291341147077118067255101674942522011,1.110155188317758208539801204140487834051803200424223633,1.019578823124769457298483454571335555578306915323276023e-56,1,ROOT_OK
kepler,kepler_0002192,dev,difficult,0.9999999930168234133751616316901729919222789643004077805,0.00001070624226726587755933654858893854206776207011522546073,0,0,0,0,0.04005013047144651552795985705173729702253199738870309591,1247.028554950118972643950642752797268933053500832361666,5.482476459795665843993920431380289455960012160643348244e-58,1,ROOT_OK
kepler,kepler_0002193,dev,high_e,0.97087499819627953723255586737650446593761444091796875,2.453892035469885619337121437162793473748282788140005516,0,0,0,0,2.789087045034638085877118602538177707653129832122718957,0.5232379182883581300230981207609789982630527230960381793,0.0,1,ROOT_OK
kepler,kepler_0002194,dev,ordinary,0.004606918920005686861329774473006182233802974224090576172,0.3623638849270588222658335458974542497259176913730144019,0,0,0,0,0.3640040345001485508253536048696265276657411672338615624,1.00432368184100793129866757550832364094169652586557254,0.0,1,ROOT_OK
kepler,kepler_0002195,dev,ordinary,0.14196961952176689880644744334858842194080352783203125,2.525475048931144651315272776475760251054426320231284055,0,0,0,0,2.598805806556355810495197384724679857947360097226452929,0.8916115250319046806214186922999864230590167704178563391,4.078315292499077829193933818285342222313227661293104092e-56,1,ROOT_OK
kepler,kepler_0002196,cal,difficult,0.9999999990889926151688690594196788527037255442542418866,0.000004524831049418384956819745763159507360323194926580944352,0,0,0,0,0.03005547080857419253595436858134163024227279273672961942,2214.189271130991960737716333665026479615778697961277584,7.444282026141390767171086624334473622806089156832696183e-59,1,ROOT_OK
kepler,kepler_0002197,cal,high_e,0.937489031305717812614375361590646207332611083984375,2.595384276011391533472228326981690250498873115768046448,0,0,0,0,2.857842049963166593817797261810998299052223365085668575,0.5263155431349227346094344938925360466481409270697365461,4.078315292499077829193933818285342222313227661293104092e-56,1,ROOT_OK
kepler,kepler_0002198,test,ordinary,0.54768882075725933145093904386158101260662078857421875,0.5714991068924508615827015058829169102600501704538717366,0,0,0,0,1.045287661731211397912187753687893531029101866987863897,1.378834494204378096477670405289615333645634637316328127,0.0,1,ROOT_OK
kepler,kepler_0002199,test,ordinary,0.468207966013473697586277921800501644611358642578125,2.05246304465862331925941495051577367945564995688303015,0,0,0,0,2.376683648603065579001622932161666349070335073096896556,0.7475034486541775003573086348836979041943380780673797836,4.078315292499077829193933818285342222313227661293104092e-56,1,ROOT_OK
kepler,kepler_0002200,dev,difficult,0.9999999997669879754428248919621114960471167125016746983,0.00000101180467821199658335314470505181041449902461759590865,0,0,0,0,0.01824250379020466569468061960795272680325951547074194483,6009.97328241815651657288308021343836136842142467418307,2.837111559022381136422648452518694767061599652796034603e-58,1,ROOT_OK
kepler,kepler_0002201,dev,high_e,0.92330438377887380507758052772260271012783050537109375,0.2683428328450012796734855256109898571306450938389810536,0,0,0,0,1.084690652369832166849366328657179550212099382590986471,1.758566727225962763036527368110304113037087861205754367,0.0,1,ROOT_OK
kepler,kepler_0002202,dev,ordinary,0.471673305909046824968555711166118271648883819580078125,0.4491256702015946410628798578588123437813608423598847969,0,0,0,0,0.7812690772207593814523042930784701124820209451233999189,1.503528087724459823987497054066798928423064432886072265,0.0,1,ROOT_OK
kepler,kepler_0002203,dev,ordinary,0.41788054596256196671077987048192881047725677490234375,2.185177791486669149352947083251807731818106753659090195,0,0,0,0,2.451276255071988731979533808274541607959811880563282861,0.7563126416732561939138302820408059193112961773787641876,8.156630584998155658387867636570684444626455322586208185e-56,1,ROOT_OK
kepler,kepler_0002204,dev,difficult,0.999999999943796003794420075823137589686469959192947668,0.000000117640470664507218004957151183384112980498635150554623,0,0,0,0,0.008903674867078120719680766299264903363621149581328077522,25228.62978143796952529366458341986659054437152429082943,1.316799756256789243265601366379958320753023281170412592e-58,1,ROOT_OK
kepler,kepler_0002205,dev,high_e,0.977203038538096535603472148068249225616455078125,0.600169842333549914533676203955342153458210101910003291,0,0,0,0,1.577351883140689422413326814505716888072158537338517351,0.9936347127392239497644512866556114870674694545411128885,2.039157646249538914596966909142671111156613830646552046e-56,1,ROOT_OK
kepler,kepler_0002206,cal,ordinary,0.38997357240460217564503864196012727916240692138671875,1.687006152281302587785905439152184089796226849552676477,0,0,0,0,2.035606185583974235665247195448259597896230469021447014,0.8512038171331758535719815351080849185315885225507807633,2.039157646249538914596966909142671111156613830646552046e-56,1,ROOT_OK
kepler,kepler_0002207,cal,ordinary,0.4500867947710849303888380745775066316127777099609375,2.819231957422183916587824415397398049736985465697324088,0,0,0,0,2.91871694375555914343166689331055998576953600432501059,0.6949491124139796158647492326632920280565542490584562168,4.078315292499077829193933818285342222313227661293104092e-56,1,ROOT_OK
kepler,kepler_0002208,test,difficult,0.9999999986324657207166011179394864120025733854751825735,0.0000002508929980130223045997009371741975100789774845196027743,0,0,0,0,0.01146054237599409817596586796111258754740895778216358231,15227.03561385196630549678266639605447720630807657830471,8.895508635861352329344917186876166658599987807116499612e-59,1,ROOT_OK
kepler,kepler_0002209,test,high_e,0.96922131231883579260966143920086324214935302734375,2.918711558353265111793447594285057219276396580413574319,0,0,0,0,3.028291068155498733902117759054704108555541676398010799,0.5094225606797937924817780179683978380987038094033229513,4.078315292499077829193933818285342222313227661293104092e-56,1,ROOT_OK
kepler,kepler_0002210,dev,ordinary,0.51968496193906255076200295661692507565021514892578125,2.183011077155314262340973621719992961335861920608503605,0,0,0,0,2.49578158334764810165925105953581339103460544057657273,0.7067005011141480758314555199371854919358609862893646574,0.0,1,ROOT_OK
kepler,kepler_0002211,dev,ordinary,0.6655750002794749153878228753455914556980133056640625,0.8014168217656936020026196341357446933680763293060986545,0,0,0,0,1.463138467397490090288295972716222421473236482221251427,1.077024535175913408740659502322640109779050015673358487,1.019578823124769457298483454571335555578306915323276023e-56,1,ROOT_OK
kepler,kepler_0002212,dev,difficult,0.9999999999322642697112429738735293038100017161949899172,0.000007297036679031755681395196952207236078582853859119237626,0,0,0,0,0.03524586751275515573580207972274323264331078395155862082,1610.120944216835426009630870519454278821178450266202699,4.007621838942575259400777250634400010940122396656431634e-58,1,ROOT_OK
kepler,kepler_0002213,dev,high_e,0.9563167465672657296948955263360403478145599365234375,2.439073021861804240565395316155615721758680051177170672,0,0,0,0,2.778618861745994391951102400587326105168319303899465785,0.5279808684467164253578958674014845618650626282851571755,4.078315292499077829193933818285342222313227661293104092e-56,1,ROOT_OK
kepler,kepler_0002214,dev,ordinary,0.191667313911814296556457293263520114123821258544921875,2.99070750560388448088119400603162374835708199447359828,0,0,0,0,3.01492137374345911034839190796009243410816951951676178,0.8402431716777729869669129031565491977034064476881110832,4.078315292499077829193933818285342222313227661293104092e-56,1,ROOT_OK
kepler,kepler_0002215,dev,ordinary,0.82036630554428857653448403652873821556568145751953125,2.549463542684348323618510265753204158555916046441209913,0,0,0,0,2.813678285877827360863860128965734185784104382448231231,0.5628557933766896607181734104819998420639777532129493632,8.156630584998155658387867636570684444626455322586208185e-56,1,ROOT_OK
kepler,kepler_0002216,cal,difficult,0.9999999988120725901518288518842095970962061769477241799,0.000002824472872867540580074698575190528498759126375006488437,0,0,0,0,0.02568617466107971824913593897154851264852577022318499802,3031.47120850593754543409438093768994069800652418987959,3.028274809589178083238980170170752958577231461603937956e-58,1,ROOT_OK
kepler,kepler_0002217,cal,high_e,0.94389704358326109723265062712016515433788299560546875,0.9189981485480007395772029952043062490832013467733000403,0,0,0,0,1.831097635590926099717697085396802604530280717879827101,0.8045489794565268415320016219741548268825035029333969483,2.039157646249538914596966909142671111156613830646552046e-56,1,ROOT_OK
kepler,kepler_0002218,test,ordinary,0.0774149347976040846930345651344396173954010009765625,0.6693704943820928908818547696664564566461269862069224419,0,0,0,0,0.7204424625296539239098668784862115770876453594438056013,1.061772207975277750564980110082819247426848199928844057,0.0,1,ROOT_OK
kepler,kepler_0002219,test,ordinary,0.38241974988350413422466544943745248019695281982421875,3.02904564049435283938022672156691367933480315894860508,0,0,0,0,3.060154706584418041723821200061640332054283337946519811,0.7240331029793726209776381807375510789072766646068683734,4.078315292499077829193933818285342222313227661293104092e-56,1,ROOT_OK
kepler,kepler_0002220,dev,difficult,0.999999914571146345683355347332976423573983642149959567,0.0000002940500984900314559929854873088347655029744446616393553,0,0,0,0,0.01206933731293689323662346512998801972763612494296510372,13713.84873689385913026416279355335885313818783970007754,1.172260502967092569083263066130830903821188752282849859e-58,1,ROOT_OK
kepler,kepler_0002221,dev,high_e,0.904643652857898938890457429806701838970184326171875,1.891053356924070323196782048359878683156631910057820067,0,0,0,0,2.460591163836963823977778097457034437780800812860554951,0.5872486504240295236621343135101830006626858815220564606,4.078315292499077829193933818285342222313227661293104092e-56,1,ROOT_OK
kepler,kepler_0002222,dev,ordinary,0.30278676494544232156158614088781177997589111328125,1.90842413407887156121051226208403060933612561692469464,0,0,0,0,2.16013356664836817722005811587260471891119636833061924,0.8559504192151625297311923923306541197652895736678563492,2.039157646249538914596966909142671111156613830646552046e-56,1,ROOT_OK
kepler,kepler_0002223,dev,ordinary,0.74141796749425648016540435492061078548431396484375,1.700961876039819140602812576485790921313659747649358096,0,0,0,0,2.268923261471615484480588906480384674810714250766259281,0.6772445143608902451550597593640792250778091177739346415,4.078315292499077829193933818285342222313227661293104092e-56,1,ROOT_OK
kepler,kepler_0002224,dev,difficult,0.9999999972360133975943435174195902405827584253370440658,0.003016318319239686472112804724927084081963928094755070991,0,0,0,0,0.2628509647113996569210806278491584602968925739661643369,29.11472724223468163565917739952805007869277149772617318,4.699621137840734217235197173414749826493758437818225419e-57,1,ROOT_OK
kepler,kepler_0002225,dev,high_e,0.962458470422534961841165568330325186252593994140625,1.86127690068496671286030995616410644116402888933510106,0,0,0,0,2.464377557924313787104758267832306496847295644592305621,0.5714076959053944882754077222877858341602868634399269054,4.078315292499077829193933818285342222313227661293104092e-56,1,ROOT_OK
kepler,kepler_0002226,cal,ordinary,0.514044699336496879737978815683163702487945556640625,0.5541001070184705216913504719770314096120649265492458292,0,0,0,0,0.9814186595508954591980071784644286795458878597727040368,1.400027969851289409756844806554682597441256387408798854,1.019578823124769457298483454571335555578306915323276023e-56,1,ROOT_OK
kepler,kepler_0002227,cal,ordinary,0.893736986671947786220471243723295629024505615234375,0.9503596437592965608116022471876165059295051572932166236,0,0,0,0,1.817119627071615476887933225886357461830126539525839057,0.8210661041913426912671052287316198553671471844514152779,0.0,1,ROOT_OK
kepler,kepler_0002228,test,difficult,0.9999999992120514164025633737251025760866669096351664017,0.0007135446103389144326443661552622739274530841567201583305,0,0,0,0,0.1624482810231098028867868133995245616856802964275227826,75.9547617284662282604612949086704063584241254240640005,2.30998327114205580169187657676318211810710160502929724e-57,1,ROOT_OK
kepler,kepler_0002229,test,high_e,0.92070919744615109525653906530351378023624420166015625,0.4674791547216458028125133207109116721682454041548652205,0,0,0,0,1.369619599265485691295937270084152046492829330645903221,1.225457728568994684898569542047275656676754619235464918,5.097894115623847286492417272856677777891534576616380115e-57,1,ROOT_OK
kepler,kepler_0002230,dev,ordinary,0.307745477428308433776038555151899345219135284423828125,0.6906473637754422710971682981138581633628250758058834701,0,0,0,0,0.9389854421473168906668619365971657982156971881580970868,1.222130302559203160087249761350465732371691123058741507,1.019578823124769457298483454571335555578306915323276023e-56,1,ROOT_OK
kepler,kepler_0002231,dev,ordinary,0.51784221001141783613519464779528789222240447998046875,2.025202683819180183934641272891499413193917760602191437,0,0,0,0,2.381856311066966683938952147860262797815548262194872695,0.7270375746932423354543764644820512755510554718158876384,0.0,1,ROOT_OK
kepler,kepler_0002232,dev,difficult,0.9999999999373273944149552137113744892298914628402661056,0.0005174529161447306872331738148268687196545275022527495774,0,0,0,0,0.1459356910183218221574258915783495732737028712925867692,94.07578795059602159942588161597880530229877055851049593,5.974094666746696038858301491628919270966642081972320448e-58,1,ROOT_OK
kepler,kepler_0002233,dev,high_e,0.91416442070778003436970493567059747874736785888671875,2.832275325747476768333741575006497538230890616502234953,0,0,0,0,2.979661201502728531035999922140422014594428420223557851,0.5257056743175591121203897837326699441759465020562640408,8.156630584998155658387867636570684444626455322586208185e-56,1,ROOT_OK
kepler,kepler_0002234,dev,ordinary,0.7082309491481362240250518880202434957027435302734375,0.8987032939992668632696593232507689430925317069637563975,0,0,0,0,1.606483303594018993480808568483628349453192270881228024,0.975353540714021699432814674674968876361698084905173534,1.019578823124769457298483454571335555578306915323276023e-56,1,ROOT_OK
kepler,kepler_0002235,dev,ordinary,0.66693094897299254331102247306262142956256866455078125,1.911698124865235302713683718434834662904942881127198386,0,0,0,0,2.374552880663117464499945338256140510428969735450336609,0.6755984834429202366091564533489718013175640971830283862,2.039157646249538914596966909142671111156613830646552046e-56,1,ROOT_OK
kepler,kepler_0002236,cal,difficult,0.9999999626749803388260219802987860397683733681479455889,0.0001233035262250632258861632647696007521132415557231061292,0,0,0,0,0.09045463968641914035221361681714919394802875501630651551,244.6022732857619423390713554735099862652274875059819795,3.833377411162463291600743457128556532203595335932238954e-58,1,ROOT_OK
kepler,kepler_0002237,cal,high_e,0.9204356384535883339736983543843962252140045166015625,1.674571016185221349033638056893209281756313840424411434,0,0,0,0,2.337481753280589965999861878437451967429745730662554733,0.6102942251756636640246797094995827846059885750393092173,6.117472938748616743790900727428013333469841491939656139e-56,1,ROOT_OK
kepler,kepler_0002238,test,ordinary,0.1989340507806454938499740592305897735059261322021484375,1.56186360803760306823457417581716499017222680285547225,0,0,0,0,1.757346150177081883435428689149461242697325431836911013,0.9644166548757629265540594820367343913527489473049776917,0.0,1,ROOT_OK
kepler,kepler_0002239,test,ordinary,0.6741132167175243328216538429842330515384674072265625,2.532063815300056237321676956662838414734523889128174462,0,0,0,0,2.774196334570873240871228180817756061631558425331669112,0.613825779857268112248060823651856280998746975408424121,0.0,1,ROOT_OK
kepler,kepler_0002240,dev,difficult,0.9999999999593856930620102973311559388337987882678820355,0.0000000207192701995665308779727491436575115141622188975210935,0,0,0,0,0.004990844041638568454180735126610530387538281294839268029,80293.7022457802022577687506907583399405540896294313905,4.421257885692908022247509258209097644056855720496116712e-59,1,ROOT_OK
kepler,kepler_0002241,dev,high_e,0.9292868596085928079020277436939068138599395751953125,2.545321577937584733279899989750287673431509422780469876,0,0,0,0,2.830115509645169620187354717035778368744228284287857066,0.5306246414081579856293892924644339418025354475645639866,0.0,1,ROOT_OK
kepler,kepler_0002242,dev,ordinary,0.4723211681417212037814579161931760609149932861328125,1.196227499119465468048409808034153071635004276545683157,0,0,0,0,1.666392142637290308505362079474466469504398075904770409,0.9568616271577176007623638167107642446544057232445439177,0.0,1,ROOT_OK
kepler,kepler_0002243,dev,ordinary,0.55878539706611463078189672160078771412372589111328125,0.2225833851092034832613506505531156613299850816726945221,0,0,0,0,0.4812266051446226093637156752690548243967472183520680558,1.981465096958876203735694333467118145146624631436041227,2.548947057811923643246208636428338888945767288308190058e-57,1,ROOT_OK
kepler,kepler_0002244,dev,difficult,0.9999999989606564414466696213419913216924932692143081613,0.00000001945342900142425362252283690372969088411570991698926856,0,0,0,0,0.004886653112787821748972145614236367584556847221552023522,83747.1496752883971422135038720671409256901726138144363,7.777553664654969879690403492214651370222074927274755563e-60,1,ROOT_OK
kepler,kepler_0002245,dev,high_e,0.9668965238936362283084235968999564647674560546875,1.001997019556556396388012798932353244788406379756968393,0,0,0,0,1.912871977123097986997243872376844937440644140876804776,0.7550937499016469731872120195526637101521223947159069732,2.039157646249538914596966909142671111156613830646552046e-56,1,ROOT_OK
kepler,kepler_0002246,cal,ordinary,0.439205771532999500461613706647767685353755950927734375,0.3569803864693142573854874631792386310499642648104494479,0,0,0,0,0.6077913768549722611726459575984290702876129837497065931,1.563841399506205852871470865980750252928775489838401384,5.097894115623847286492417272856677777891534576616380115e-57,1,ROOT_OK
kepler,kepler_0002247,cal,ordinary,0.458314642808607841661938664401532150804996490478515625,0.07555352619442935298975448088794176521219828027286627864,0,0,0,0,0.1390994610098792796075253336980326436756305050953859266,1.831125881358955467259837168314856683058022326978511145,0.0,1,ROOT_OK
kepler,kepler_0002248,test,difficult,0.999999999986765648531165418652944026691240159133932711,0.0002620152630759004199287987000799992346476664726209889759,0,0,0,0,0.1163028940025366290640534882852066733929714623140324727,148.0261835917842387960134161534782285440617004454255395,5.42646932229491556862962385489626833779469989112485774e-58,1,ROOT_OK
kepler,kepler_0002249,test,high_e,0.9645790948207497716992975256289355456829071044921875,1.697286895251476887189304616553017970639539637041235539,0,0,0,0,2.369921026165924984112291220452326161426731416494940458,0.5912408157967451784159104863235469912570457933361818463,6.117472938748616743790900727428013333469841491939656139e-56,1,ROOT_OK
kepler,kepler_0002250,dev,ordinary,0.1176677612233387459905742389310034923255443572998046875,0.03990256671078167769365592612777996140848115589923267967,0,0,0,0,0.0452219147100574013415180818906092761949702222052950936,1.133205425257244636038703792119426741441539196286159955,0.0,1,ROOT_OK
kepler,kepler_0002251,dev,ordinary,0.190734963657995748587126172424177639186382293701171875,1.084610002639428128898984012271369786315493563375499,0,0,0,0,1.266587208428357575439399392618704761799116223324816505,1.060594413864421053414627415751716920044625750817765945,0.0,1,ROOT_OK
kepler,kepler_0002252,dev,difficult,0.9999999999793857128031016830335826602762500367899674973,0.00002556432073656981627434620417472710579531388251746452086,0,0,0,0,0.05353230033738843791203749849274279516268582550904931489,698.074692324504475466239919366689070799144260112142887,5.133987604235441908393852844368602498486958039194962885e-58,1,ROOT_OK
kepler,kepler_0002253,dev,high_e,0.93102211623015496133604074202594347298145294189453125,2.058006677724183680410345396529005615261891180026844117,0,0,0,0,2.565321582426515807788093518823881854671687079442836753,0.5615887689763640178186864977551900713380855331024527515,0.0,1,ROOT_OK
kepler,kepler_0002254,dev,ordinary,0.7085556149115783686198710711323656141757965087890625,2.101136136780769996036954829241933136619236149074068994,0,0,0,0,2.516032119515842276555498450483285831936335347087426289,0.6351706708743241417762622872273764217033281928698469653,4.078315292499077829193933818285342222313227661293104092e-56,1,ROOT_OK
kepler,kepler_0002255,dev,ordinary,0.69108216065846506115377678725053556263446807861328125,0.3527204931715030641642687103142370211081313423830057889,0,0,0,0,0.8895413632518234250010691549870744853386249486038050771,1.770606192558782071850839804060743915332721296408657512,5.097894115623847286492417272856677777891534576616380115e-57,1,ROOT_OK
kepler,kepler_0002256,cal,difficult,0.9999999901995478289799967047832428308312494726078454423,0.001054718609301111784541786903975030980564388644790742794,0,0,0,0,0.1850732453554223416381909960268530438749897981930734465,58.55748941127045555396034165991280576621046723965368707,2.090933133361343613600405522070121744838324728690312157e-57,1,ROOT_OK
kepler,kepler_0002257,cal,high_e,0.9892192066588483267963738398975692689418792724609375,2.103793685657198645309837267584643737892188918606952106,0,0,0,0,2.60742755889217068189321078385673661387516035445760357,0.540127406064376918967580340168596367442225671613160975,4.078315292499077829193933818285342222313227661293104092e-56,1,ROOT_OK
kepler,kepler_0002258,test,ordinary,0.6252418537257937725115652938256971538066864013671875,1.2385998122885173847359322701709402305279152341824992,0,0,0,0,1.841133456222698503632972705217504496501502451216907405,0.8569165338102538086647813593964133810573102644549695422,0.0,1,ROOT_OK
kepler,kepler_0002259,test,ordinary,0.226703346791070625698694129823707044124603271484375,0.7515580843938472191780401538032271170850436919260572149,0,0,0,0,0.9338019790359212234308763318063131793986496535278105025,1.155854299581713568358832846642749924197314056599755926,1.019578823124769457298483454571335555578306915323276023e-56,1,ROOT_OK
kepler,kepler_0002260,dev,difficult,0.9999999996380912659015062726989478060457986853863239312,0.000007108907017525462791193717258657597525132207532708814642,0,0,0,0,0.03494029820601192093975329685426785981867771639274317428,1638.402897592702066331132878086109175375931808940117193,1.805452307489463737785171583602958545301246910450228614e-58,1,ROOT_OK
kepler,kepler_0002261,dev,high_e,0.9773270230769910416057655311306007206439971923828125,0.6026850404800340169204505393098489021528926480095567817,0,0,0,0,1.579970931391228265458016052936594902426455390359835393,0.9911132197806318691633561590312469339901054889792035317,0.0,1,ROOT_OK
kepler,kepler_0002262,dev,ordinary,0.8238129338204789320343479630537331104278564453125,2.04293784913515215144530502511730260422798197958413992,0,0,0,0,2.521598326074547334019770942636780373779235494307185879,0.598628071001126207048835098158109547036283977748206405,0.0,1,ROOT_OK
kepler,kepler_0002263,dev,ordinary,0.49116727048391417564943139950628392398357391357421875,0.4061305217445281019564249226120021008324361778160592193,0,0,0,0,0.7357880005409148317099457411418571185963827964361692524,1.572582537031948253114045734014331002285471981256553725,1.019578823124769457298483454571335555578306915323276023e-56,1,ROOT_OK
kepler,kepler_0002264,dev,difficult,0.999999999100588567977050186521298705962820178149553061,0.00009010302813606430432971065561093925197491646055113732797,0,0,0,0,0.08147258093544559846566352210771491690287997398486946312,301.4721319425712347645887536030527128172523672934505587,5.501145505629249269115352623541629828681782917149511746e-58,1,ROOT_OK
kepler,kepler_0002265,dev,high_e,0.94346438277683286610653112802538089454174041748046875,1.86475677522275848659945804393527170028058503245222874,0,0,0,0,2.459519911143206988770962159472225006970653530833723582,0.5772402431859481153043746031845040344580676154066014662,4.078315292499077829193933818285342222313227661293104092e-56,1,ROOT_OK
kepler,kepler_0002266,cal,ordinary,0.8417534179480641309822885887115262448787689208984375,1.260079702861016225818749799802218518237996487348292056,0,0,0,0,2.018773282238769762772973344171349561585848987409657702,0.7328156911942419725142959904791463454919840714627991154,0.0,1,ROOT_OK
kepler,kepler_0002267,cal,ordinary,0.35458059761028704048868576137465424835681915283203125,1.198442560770037056105273391235031805821321555191367414,0,0,0,0,1.552966800705550049711947161700411363947386943894561953,1.006361886811852773776916094536155831491527504101406375,0.0,1,ROOT_OK
kepler,kepler_0002268,test,difficult,0.9999999989259259074924128675531100495650800286297206669,0.0003178870585809250196784601636538391421484784922069107079,0,0,0,0,0.1240469299606378360021586738977932442297793668464021661,130.1412169143277089768052777619804414903840857897577701,3.086615577819126286743455770674941623332765075685698898e-58,1,ROOT_OK
kepler,kepler_0002269,test,high_e,0.94943070730732659345818547080853022634983062744140625,0.03645791516510438441509702163964871106174748024068521458,0,0,0,0,0.446032113898803938548978667983823812263281900285324175,6.970779057424761479738817106592941159795714233226739521,0.0,1,ROOT_OK
kepler,kepler_0002270,dev,ordinary,0.58124943448366683806938226553029380738735198974609375,0.2606777556816454585525418645500201977090010763120899131,0,0,0,0,0.5784741114975046976240859129181135883278991461498607001,1.948098488971395234714549341936585487019187778050020905,0.0,1,ROOT_OK
kepler,kepler_0002271,dev,ordinary,0.84847612463504529234370465928805060684680938720703125,1.199700840690718551466577818569549227437124200279922518,0,0,0,0,1.978597684688004439638355014125322288226290765939250198,0.7482236438436639795088001861784347481476356996913645799,2.039157646249538914596966909142671111156613830646552046e-56,1,ROOT_OK
kepler,kepler_0002272,dev,difficult,0.9999999993847740495222972060412615641297082415236066415,0.0001012023573679271003785795863494725822017452363416833277,0,0,0,0,0.08469006536183311554561255852773935301455711897422671073,279.0130900292272780410401019797316870987478090932969389,8.102365891775206502701571398021721761248508323674959607e-58,1,ROOT_OK
kepler,kepler_0002273,dev,high_e,0.93470094243973023129257171603967435657978057861328125,0.9798714682050495383061296815462830271412774616278831936,0,0,0,0,1.872385336685702609749018124677721717900270198165165467,0.7826921231022985048845679771578288063239316353361530295,0.0,1,ROOT_OK
kepler,kepler_0002274,dev,ordinary,0.7714476409271517898247338962391950190067291259765625,1.169510273568508174180269501824424135872422375698152638,0,0,0,0,1.899624774128244132458987276167274737911938232407173522,0.8005590890848598137575474025614808996237296683686031482,2.039157646249538914596966909142671111156613830646552046e-56,1,ROOT_OK
kepler,kepler_0002275,dev,ordinary,0.02673002112562330653822151305121224140748381614685058594,1.712894937483072209376116073575299351873501346659362318,0,0,0,0,1.73924661566377882623868761228164688071050820882268868,0.9955385778140271794282577941082228451165071982365770149,2.039157646249538914596966909142671111156613830646552046e-56,1,ROOT_OK
kepler,kepler_0002276,cal,difficult,0.9999999997358006771782107195799399831177780103781984441,0.003020651055751259013972066631193404264760523431839843568,0,0,0,0,0.2629770699121341117262076583994110623423328069953658739,29.08697416808766169378438372146149258958982229248387449,4.58013924450580029645803114358217144107442559617877901e-57,1,ROOT_OK
kepler,kepler_0002277,cal,high_e,0.9007457001882819280780267945374362170696258544921875,0.6105389199570371946356009826546176858231790791741567973,0,0,0,0,1.509598417253829084061909280071007705327028021362120841,1.058301123339416885933710274560364476988640781499135412,2.039157646249538914596966909142671111156613830646552046e-56,1,ROOT_OK
kepler,kepler_0002278,test,ordinary,0.373687249513939168110709942993707954883575439453125,1.872724043381098258512785328715103588986840782955144487,0,0,0,0,2.179329694065640353848495046858377201005949554702688351,0.8239785554244586727085457924359644860670958392162505339,2.039157646249538914596966909142671111156613830646552046e-56,1,ROOT_OK
kepler,kepler_0002279,test,ordinary,0.76081460302781867000021520652808248996734619140625,3.134210990813492523666025666892756605387952652410894891,0,0,0,0,3.13740046202922931005012466603953981712774393795981866,0.5679211173549665108253975984792757950774397770133545203,8.156630584998155658387867636570684444626455322586208185e-56,1,ROOT_OK
kepler,kepler_0002280,dev,difficult,0.9999999927101394639814688024171594260848140244733604233,0.006003392624821574553697209030279776047296578671662184426,0,0,0,0,0.3308580665295953235944127352566177835266252230334868883,18.43791679514655641482175342296017102108024888749487608,3.823420586717885464869312954642508333418650932462285087e-57,1,ROOT_OK
kepler,kepler_0002281,dev,high_e,0.9371977010677319253062478310312144458293914794921875,2.713551827841436638343044695460786916086644234975066539,0,0,0,0,2.919755792403954270971332966162247990791136247356220512,0.52240282173861910458483085733556271677978979608347158,0.0,1,ROOT_OK
kepler,kepler_0002282,dev,ordinary,0.44161592826946571843649280708632431924343109130859375,2.536569143483477357208894749810958478532304060804541678,0,0,0,0,2.718064289268675094319101208417276088703685792042309049,0.712963296553067746132441536467662552470312428843115565,4.078315292499077829193933818285342222313227661293104092e-56,1,ROOT_OK
kepler,kepler_0002283,dev,ordinary,0.394330881566220814438139541380223818123340606689453125,0.810067063950840877263347884823445926189547213731727089,0,0,0,0,1.173716770588176045731531835334012288724931066383747558,1.179938652163408627263650926095700909972460993644627744,0.0,1,ROOT_OK
kepler,kepler_0002284,dev,difficult,0.9999999997099528010044533219771911399743792764643858091,0.0001738567617475446495599844150475549778900466754718460096,0,0,0,0,0.101435209454896515184975510696613846512351939780670784,194.5471699584669661504082360840193933361187158925583341,5.849634361189473204715420210553316786154837038597897105e-58,1,ROOT_OK
kepler,kepler_0002285,dev,high_e,0.96583476474679585965787964596529491245746612548828125,1.081062044222432548129243849211078987270817164133791768,0,0,0,0,1.97069345825169386596095206211260619236068096559085102,0.7267324294943011131354093141664518767879557121188985087,2.039157646249538914596966909142671111156613830646552046e-56,1,ROOT_OK
kepler,kepler_0002286,cal,ordinary,0.7317020503286226773553835300845094025135040283203125,1.474390160360997187518135845057661262405674416047778675,0,0,0,0,2.104378696858332029561705680636608694190202095709604574,0.7287785068760409962483063067203675217676115201115440168,2.039157646249538914596966909142671111156613830646552046e-56,1,ROOT_OK
kepler,kepler_0002287,cal,ordinary,0.86919602146030017220112995346426032483577728271484375,2.239725087834851975137222717356302778822750064046747197,0,0,0,0,2.650006882491140023186983945364898431873377827436001269,0.5661646760498412734519698549642625158557191954281467725,8.156630584998155658387867636570684444626455322586208185e-56,1,ROOT_OK
kepler,kepler_0002288,test,difficult,0.9999999949516132849345153743575639414345527563778953162,0.005715868971121302553083568798052679136399908055842126625,0,0,0,0,0.3254702623118669663738132867137420953928312364446096302,19.04778520390887789568239456051381421225336728069676955,5.097894115623847286492417272856677777891534576616380115e-57,1,ROOT_OK
kepler,kepler_0002289,test,high_e,0.9239372696761425363121134068933315575122833251953125,1.654344228767060108045421359466215767167709735389447979,0,0,0,0,2.32666878502162606251856314297659605321516990397634935,0.6120885439347273047716022046209958631092688600839505991,0.0,1,ROOT_OK
kepler,kepler_0002290,dev,ordinary,0.87021058604096002131456089045968838036060333251953125,0.9234118853600525508996669406395718907600770466489261238,0,0,0,0,1.775460551745567612425727093986631263421662365306293534,0.8497185908852722552422019753550249876217009590788086479,2.039157646249538914596966909142671111156613830646552046e-56,1,ROOT_OK
kepler,kepler_0002291,dev,ordinary,0.51513692621393747383962136154877953231334686279296875,2.907686971176342164781723510701174293506718817391800613,0,0,0,0,2.98700432796650248295382998804971591853037946498486309,0.6626931940251427161067195358538936170197275348428416138,4.078315292499077829193933818285342222313227661293104092e-56,1,ROOT_OK
kepler,kepler_0002292,dev,difficult,0.9999999706944365456740634589878187221899200667841919195,0.00000008647356607682079408030351052497803026803703059141497019,0,0,0,0,0.008028189383432533352042424023976377628076491362504308625,31002.90306216444557939197780168387609532979052348440121,2.387109766742047326724793320629719532913917042845385205e-59,1,ROOT_OK
kepler,kepler_0002293,dev,high_e,0.93826206840798176411766462479135952889919281005859375,2.719944945579968073265772548526237158776126671433487191,0,0,0,0,2.923215394983543287945304018854990930655314388679798106,0.5219264918948963522683219110173057905025282916381361944,4.078315292499077829193933818285342222313227661293104092e-56,1,ROOT_OK
kepler,kepler_0002294,dev,ordinary,0.7071947135665104244850454051629640161991119384765625,2.240605259648730263522748006487607044485752171319202476,0,0,0,0,2.603214984489373222690009023777292506400344890255458428,0.6222170885918580465544969434156705184899760764987927368,0.0,1,ROOT_OK
kepler,kepler_0002295,dev,ordinary,0.56925122584325038577190980504383333027362823486328125,1.396702979736459409318563421607392665657844383663048516,0,0,0,0,1.929685768391339584060767492237309803833198213806294143,0.8333744784001052254728709111862115715437090900113128971,2.039157646249538914596966909142671111156613830646552046e-56,1,ROOT_OK
kepler,kepler_0002296,cal,difficult,0.9999999932788477306222657703889633702269808304464714592,0.000002338184080236485897659546789063492621225077426247662625,0,0,0,0,0.02411778899965281043780208068911103244364077472550012286,3438.47626167679245812340945055991405298107519551795548,2.143050886313430675397737058520530285353268090603351931e-59,1,ROOT_OK
kepler,kepler_0002297,cal,high_e,0.968195940980895120020477406796999275684356689453125,0.8551758276904543942119054508641598717040114650871029812,0,0,0,0,1.798401564131053649107012018463999374420031676502617266,0.8207022202351648332029027856061538124601985920567450843,2.039157646249538914596966909142671111156613830646552046e-56,1,ROOT_OK
kepler,kepler_0002298,test,ordinary,0.328519844113332182278242044048965908586978912353515625,1.012837310646679930404910996353724605400646087737274766,0,0,0,0,1.332037812437122349044491517510110728664317310977845666,1.084238626497075667223073117977365344023258925158073516,2.039157646249538914596966909142671111156613830646552046e-56,1,ROOT_OK
kepler,kepler_0002299,test,ordinary,0.73795790107760728115948722916073165833950042724609375,1.846433202038669406187219932798498332069192014088720021,0,0,0,0,2.364104430971012224042739319105576379547828827545795857,0.6553396903021387945008708508380015984167541016975455377,2.039157646249538914596966909142671111156613830646552046e-56,1,ROOT_OK
kepler,kepler_0002300,dev,difficult,0.9999999999352812624236738081920199550732729504587741069,0.000001368624932007843631464003126477742212623526405354768541,0,0,0,0,0.02017505406882162572785303776369738147296223502667471478,4913.773954923876306881970074506698578757412321358588756,1.151452295631744376500000101951003613391715096593688456e-58,1,ROOT_OK
kepler,kepler_0002301,dev,high_e,0.94825052208967741673717455341829918324947357177734375,2.976635581550067833429181825206145742276935011713179033,0,0,0,0,3.056874013736840581457960090923301497809500339329163918,0.5141785659035014651682584875676633313037855174151610635,4.078315292499077829193933818285342222313227661293104092e-56,1,ROOT_OK
kepler,kepler_0002302,dev,ordinary,0.89212619297073236790396322248852811753749847412109375,0.2230891576554244563810820022665957321787660381343936884,0,0,0,0,0.9474140941973154642998691786029993498711569830777815214,2.08685270342152214528367410323053936714049586234161326,5.097894115623847286492417272856677777891534576616380115e-57,1,ROOT_OK
kepler,kepler_0002303,dev,ordinary,0.52047515992148329910804704923066310584545135498046875,2.379052333016891772067047759288242954935040584165003715,0,0,0,0,2.63265414623347734265417183001777780397019213229453073,0.6875161486258635839024801995807845980736246573835103506,4.078315292499077829193933818285342222313227661293104092e-56,1,ROOT_OK
kepler,kepler_0002304,dev,difficult,0.999999999987204448280106348018129261741552697254703464,0.000005089466568096145790378902593512005851911641094540599879,0,0,0,0,0.03125706763714195067483135843227775840668436349714490791,2047.240566043660354900706097268425034658754544060203042,5.080314097463889561169735291904748926911867114239742818e-58,1,ROOT_OK
kepler,kepler_0002305,dev,high_e,0.90874306709327556941246939459233544766902923583984375,0.4073969757390917195152341288320272394180490131729962052,0,0,0,0,1.277273664297783085722185935300501679856676954636685161,1.356710373935774537703000614118152894767956955012975964,0.0,1,ROOT_OK
kepler,kepler_0002306,cal,ordinary,0.04473592147018256443002925948349002283066511154174804688,1.469393847297425723120059946665918512851679713972394041,0,0,0,0,1.514057779741193343411764780146119444901832019943445183,1.002543341698524521415814369819723585694870245916494234,2.039157646249538914596966909142671111156613830646552046e-56,1,ROOT_OK
kepler,kepler_0002307,cal,ordinary,0.1147134293762553658435621173339313827455043792724609375,0.5378549552835194477050171970195830544180236394441436798,0,0,0,0,0.6029014583534238544713425996787230384682920753823795134,1.104348506695805174106110814391386552695049430237017323,0.0,1,ROOT_OK
kepler,kepler_0002308,test,difficult,0.9999999999700671665753943792562692407425568094617629963,0.0000345775700810747852249616015790679737934344186365308637,0,0,0,0,0.05920257580063033937143458571914009685651454412567362301,570.7890527133176178729353695224585372626684227944032622,6.31636050702905883275122501458682610419910595125198464e-58,1,ROOT_OK
kepler,kepler_0002309,test,high_e,0.97600725949816535820247054289211519062519073486328125,2.840319201348385123196443562351095962983034420700380291,0,0,0,0,2.988833784983814411976837469608114552787545569757459113,0.508998666456981426898304554365050868665345909088842093,8.156630584998155658387867636570684444626455322586208185e-56,1,ROOT_OK
kepler,kepler_0002310,dev,ordinary,0.437671431331320748281399346524267457425594329833984375,2.341138926220702284620477433928246641728340925641180278,0,0,0,0,2.575776680906766829538488641919217919469028541518906573,0.7302143137709863059946370429808308893337233925148766147,4.078315292499077829193933818285342222313227661293104092e-56,1,ROOT_OK
kepler,kepler_0002311,dev,ordinary,0.2327829532694704883777347959039616398513317108154296875,0.8862478513563535999959081213105706102151063659382930022,0,0,0,0,1.092956918206499527281533774386020177487971476954851064,1.119880969425648634693374148486634102863644741094999578,1.019578823124769457298483454571335555578306915323276023e-56,1,ROOT_OK
kepler,kepler_0002312,dev,difficult,0.9999999868690283218708871558103715716035719259911854819,0.000003262049645684038649873113115501572564767356888599085069,0,0,0,0,0.02694863834072260412979340627758203564691562355052555824,2754.018966451359619734717476161765225204082643607111536,1.420014298716939273298936116271952100149688166750061325e-58,1,ROOT_OK
kepler,kepler_0002313,dev,high_e,0.9627211215257442944448484922759234905242919921875,1.579598182329563377184242942748897839669517063577118219,0,0,0,0,2.29847908347436600198135607550714507772078841987673201,0.609627710838468405253367703987163490139797124953897112,6.117472938748616743790900727428013333469841491939656139e-56,1,ROOT_OK
kepler,kepler_0002314,dev,ordinary,0.020031699065615027333109310347936116158962249755859375,2.978526519324756862159729687849713770895578994919126632,0,0,0,0,2.981715504197310450603870286188456902563992846606691979,0.9806072830961918134468247390282767628953509977707534642,0.0,1,ROOT_OK
kepler,kepler_0002315,dev,ordinary,0.7022162446127302448672935497597791254520416259765625,2.478572776402884122512584848781628174627801104673004182,0,0,0,0,2.747926544929057492637473006235561939160074236830939433,0.6066109504632195231541407169873230923379855155961537127,0.0,1,ROOT_OK
kepler,kepler_0002316,cal,difficult,0.9999999967011712194995515543085287930026072953713681324,0.000004564577595057762901156638124495851312782394893168594149,0,0,0,0,0.03014306233988888161443570833951093344147335730822111095,2201.329145175882004203167814970791050704366641304592303,2.979268564276021592295220665747234480182583225775258765e-59,1,ROOT_OK
kepler,kepler_0002317,cal,high_e,0.95003063379523100540069435737677849829196929931640625,2.801614697501449525665326927973107381514229171605945304,0,0,0,0,2.966814869868838733622750593908372336702025113436327675,0.5166471163501511974576837721769909688977541623031394616,4.078315292499077829193933818285342222313227661293104092e-56,1,ROOT_OK
kepler,kepler_0002318,test,ordinary,0.68456138373092567661615248653106391429901123046875,0.471770836104884380830487727685545646565849677702116543,0,0,0,0,1.07337393288816274452328177677906126610511155418805696,1.485104258318356301938501742661132342685118193136127131,0.0,1,ROOT_OK
kepler,kepler_0002319,test,ordinary,0.558981893472772384257041267119348049163818359375,1.78246675937907547625808563140087558277594485530817823,0,0,0,0,2.225773846480928293192628067976504603978412190291072151,0.7459908465706970401271225234362136464457981498723270608,0.0,1,ROOT_OK
kepler,kepler_0002320,dev,difficult,0.9999999987746860213551082848348078674865284619924983802,0.0000001152018726539337348985110801060755146488744119537411603,0,0,0,0,0.00884145786169037126339226309131299752625389893898088724,25584.17680535012940275106353093737850891323423141326336,1.362560796337154865389424415525431304670644959715793831e-58,1,ROOT_OK
kepler,kepler_0002321,dev,high_e,0.963001696304054188857435292447917163372039794921875,0.1178906117838483429586414079424881572035987769744396468,0,0,0,0,0.8257536352991908900080412515299470738013210312576561915,2.881165387211329488145992883416521796121835195571449771,2.548947057811923643246208636428338888945767288308190058e-57,1,ROOT_OK
kepler,kepler_0002322,dev,ordinary,0.56793613715424895449501718758256174623966217041015625,0.6728790561579346751542754967664904668978477302859871409,0,0,0,0,1.202789804418618422190830070486901374849777641887867963,1.25678429920232631982575869718546806500568784910827579,0.0,1,ROOT_OK
kepler,kepler_0002323,dev,ordinary,0.505077123492451374175971068325452506542205810546875,0.6611962335032250551196369693106035004004863081224450901,0,0,0,0,1.11462760849838886089465149734738070129149242511596007,1.286161138596624886711975054604257993319595988187093641,0.0,1,ROOT_OK
kepler,kepler_0002324,dev,difficult,0.9999999999327344677800175375525298815290468492405937939,0.004916285307726387532224026520034905722426140676542661818,0,0,0,0,0.3094729915962043344098206665335935979982832972586590525,21.05006392747722385494865198582488448434430023483593886,1.433782720019207049325992357990940625031994099673356907e-57,1,ROOT_OK
kepler,kepler_0002325,dev,high_e,0.92813024109877273470914360586903057992458343505859375,1.871586801217237473574319244394337706549219613390205119,0,0,0,0,2.45787068008488053136656180543113344160981498353770266,0.5815604813726240112065820807376444050826495590650918935,4.078315292499077829193933818285342222313227661293104092e-56,1,ROOT_OK
kepler,kepler_0002326,cal,ordinary,0.548625101177655505324537443812005221843719482421875,1.463293327119679517226355168224440634828752831734977485,0,0,0,0,1.968994614093763061423372785558551765925675447801311647,0.8245832035299562572004277920481446022924330632443141082,0.0,1,ROOT_OK
kepler,kepler_0002327,cal,ordinary,0.8090703260622544856772719867876730859279632568359375,0.9366696396149456738805325332443074679022643726495248628,0,0,0,0,1.734873726271138296733836328284002611185357628044519381,0.8832710340031763547223544319225663250206404303924072433,1.019578823124769457298483454571335555578306915323276023e-56,1,ROOT_OK
kepler,kepler_0002328,test,difficult,0.9999999474327414065052935126790422531852038526883064723,0.00003108893225946679490088398946374334836744008439546193134,0,0,0,0,0.05713847843888164734017240042806680099133712290464482875,612.7408682598862736527665570832091297780644108817401508,3.316867143099988529907786140664806220234604405928382082e-58,1,ROOT_OK
kepler,kepler_0002329,test,high_e,0.988265426832060089878950748243369162082672119140625,2.301651197527937392333522350151019439035390640678772629,0,0,0,0,2.712665881728012446908501898780733271391097404112623015,0.5266647590367827211984907401073778749663461466009020558,8.156630584998155658387867636570684444626455322586208185e-56,1,ROOT_OK
kepler,kepler_0002330,dev,ordinary,0.601299489345502369275209275656379759311676025390625,1.051934153629587381952564657075177490151702326922081763,0,0,0,0,1.651286866743562819616839662251103603165880595177817404,0.9538829301480307625971930642443848869463137066739338969,2.039157646249538914596966909142671111156613830646552046e-56,1,ROOT_OK
kepler,kepler_0002331,dev,ordinary,0.840974961114456132094119311659596860408782958984375,1.644385529862811088546244561663211155157970572605721367,0,0,0,0,2.281669812177656921693713395986162930108385597023020363,0.6456891941405036323229551118968445297249535935373515614,6.117472938748616743790900727428013333469841491939656139e-56,1,ROOT_OK
kepler,kepler_0002332,dev,difficult,0.9999999999648162959297909607751848982910942803014445378,0.0008733496979278939854768490912555040595625689509655578658,0,0,0,0,0.1737794446014898024365837562870472884972714277989132061,66.39362925780033108151463388707917803121051726477092618,7.567186577879148315887181889396631076557746637164939234e-58,1,ROOT_OK
kepler,kepler_0002333,dev,high_e,0.9000005937089723406785424231202341616153717041015625,2.467529189731578851760879861621552973591845776953518057,0,0,0,0,2.783211894609845044549114978600471656008920058060947698,0.5426466053907104030274405317703912432124356510310521707,8.156630584998155658387867636570684444626455322586208185e-56,1,ROOT_OK
kepler,kepler_0002334,dev,ordinary,0.7330381587056777892286163478274829685688018798828125,2.633606181697166082168872215941859983780279880795982028,0,0,0,0,2.846673136738388471479061902317805304658543851231506523,0.5877548455968804431425998461656101123046266793859346254,0.0,1,ROOT_OK
kepler,kepler_0002335,dev,ordinary,0.43195743654641083342227148023084737360477447509765625,0.8122819507257196388821131604580948429250782247846996689,0,0,0,0,1.217571168644655699940216113318130164314520275431976977,1.175675492174311585468328348569520894644508241365154724,0.0,1,ROOT_OK
kepler,kepler_0002336,cal,difficult,0.9999999930917149608481072877880012925563853324988230207,0.00000001787499708639766051304791301754991801312597271826380032,0,0,0,0,0.004748247411922431739448782578342171722097843986730278343,88653.94592587535859530064695118884274314279418975689019,5.25036528252747400184288490162435384536909019645180893e-60,1,ROOT_OK
kepler,kepler_0002337,cal,high_e,0.9004741139116683168452937024994753301143646240234375,1.101582145460319128221188406687510472374092488001937848,0,0,0,0,1.941039558599182415974486622974858180702080408148741952,0.7542447794691583108078830262835371533826283549523556855,2.039157646249538914596966909142671111156613830646552046e-56,1,ROOT_OK
kepler,kepler_0002338,test,ordinary,0.1158947975809611341535543260761187411844730377197265625,0.4463815641964817280555372094996229185754872027326481869,0,0,0,0,0.5021645055301997712126015837163230074437567169601714813,1.113073520267761504228073054618692199549645938705870299,0.0,1,ROOT_OK
kepler,kepler_0002339,test,ordinary,0.870145334441708495631928599323146045207977294921875,0.407683865833264240717593740853900216907146802365312221,0,0,0,0,1.226872503621299548566452788872569847379242196622646938,1.415225526503156520395777390490344586283468426407845168,0.0,1,ROOT_OK
kepler,kepler_0002340,dev,difficult,0.9999999998500970552418420321998951401318121266022053961,0.001028503492617349660508983444539199744832134879529463503,0,0,0,0,0.18352538407848771668242802336181597964209915685910519,59.54660799969810225147663066206271496102259858865730722,7.567186577879148315887181889396631076557746637164939234e-58,1,ROOT_OK
kepler,kepler_0002341,dev,high_e,0.9051401159851406585943323079845868051052093505859375,3.027635219432068499980066305851255316384208163746639674,0,0,0,0,3.081759919659963106353686618276186505688812098530157234,0.5253424078646426946556074104609356398439316938843934835,4.078315292499077829193933818285342222313227661293104092e-56,1,ROOT_OK
kepler,kepler_0002342,dev,ordinary,0.06001360701249384282940368962044885847717523574829101563,1.084136058693112658554670368289344362770229427687705626,0,0,0,0,1.138632099812091966770992558165790982319225532434917567,1.025784026340787904771477202281550800418320041487846612,2.039157646249538914596966909142671111156613830646552046e-56,1,ROOT_OK
kepler,kepler_0002343,dev,ordinary,0.0638449108093635253613484792367671616375446319580078125,2.360792364541406231626192179489632095117152827184315304,0,0,0,0,2.403740835545068952861151534769595738154734898586303216,0.9548911070772264354045002520576221736470098779398159719,0.0,1,ROOT_OK
kepler,kepler_0002344,dev,difficult,0.9999999989067438898615931647662785921920044677209997673,0.000004057195430890751661567463030218599272171465982756910859,0,0,0,0,0.02898215504922294106711200587427778303527622432788375341,2381.211186309823481403727109930562848511048434957828749,1.376842130226777602705624171898852488230593292329558228e-59,1,ROOT_OK
kepler,kepler_0002345,dev,high_e,0.92603846014167612299416987298172898590564727783203125,0.2683259444608825299099610605159608584610321531231412537,0,0,0,0,1.088908694902307443903802882606747194159584291839009738,1.751850387380484700944294555299228918100482638509099961,0.0,1,ROOT_OK
kepler,kepler_0002346,cal,ordinary,0.48986364225629619451041207867092452943325042724609375,1.540585121412430088248366120889680403049957377576392104,0,0,0,0,1.988359596607962987318715654818241979997480332454951444,0.8342673610092020832239332601166698661611517605599380085,0.0,1,ROOT_OK
kepler,kepler_0002347,cal,ordinary,0.208236220783240277842907062222366221249103546142578125,0.7218740516211332967641768952370229811230523705077215186,0,0,0,0,0.8827316309082743905378427924576325598106315096671992071,1.152391087307333246981990521476711768578130637684943556,0.0,1,ROOT_OK
kepler,kepler_0002348,test,difficult,0.9999999942513136462463071247996090129657678371751334115,0.000006546395427391790036272667790737816061465250191636896761,0,0,0,0,0.03399292518548604985675072015563193791860598819053793179,1730.973502105625504634612518727468657076471202809819793,2.841584351253343832024658248557349231359523896542302942e-58,1,ROOT_OK
kepler,kepler_0002349,test,high_e,0.90504482222630511234484629312646575272083282470703125,0.1555653673682528205657041689479860666657377767110597518,0,0,0,0,0.8128593599925523935064843543448470282348742275398297303,2.646553512228145729426574792157838603083512867991084313,7.646841173435770929738625909285016666837301864924570173e-57,1,ROOT_OK
kepler,kepler_0002350,dev,ordinary,0.86040187673163071035986604329082183539867401123046875,2.204410808210664914018769303403232320601455846771211125,0,0,0,0,2.62750521384083041040859310093819834968995951568613512,0.5716938692015112358375860771306140909137723684482469243,0.0,1,ROOT_OK
kepler,kepler_0002351,dev,ordinary,0.2304408897863774452474672216339968144893646240234375,0.324013020949104112651438177139926104278231328835324459,0,0,0,0,0.4174384010905773171460356905023703549008182090531925886,1.266870016577413871780851218581277894505687871635880542,0.0,1,ROOT_OK
kepler,kepler_0002352,dev,difficult,0.9999999981590875958573996201595866737778969632062743873,0.002217502977321216051213377605978906473668366335339503064,0,0,0,0,0.2371805129647004623589328247510927533791618566777704944,35.71978505793943523067523745796716559363792766237920612,2.389637866698678415543320596651567708386656832788928179e-58,1,ROOT_OK
kepler,kepler_0002353,dev,high_e,0.92995853194123079266120157626573927700519561767578125,2.795403216815959678965709011792416630288367407352254871,0,0,0,0,2.961749651417272439692370185651228647158625963095618286,0.522204129096885265361788975522031377436740138263430578,4.078315292499077829193933818285342222313227661293104092e-56,1,ROOT_OK
kepler,kepler_0002354,dev,ordinary,0.782490783064086148357318961643613874912261962890625,1.619028851464585119833463359772621392505107592088884894,0,0,0,0,2.235113525287787585000888691409140101183393763149239862,0.67457150562614857922073599765480002333713464958230618,4.078315292499077829193933818285342222313227661293104092e-56,1,ROOT_OK
kepler,kepler_0002355,dev,ordinary,0.27108210939608634593156466507934965193271636962890625,2.925457268017528875243855149729062728791739829805985654,0,0,0,0,2.971377151619023939081518217874783831036237150453536485,0.7891635172085342512130371158728862942275934540293514026,4.078315292499077829193933818285342222313227661293104092e-56,1,ROOT_OK
kepler,kepler_0002356,cal,difficult,0.9999999998866406411712851335566200825648610255114782394,0.000002708984366557205826296447111958629284223090134586578043,0,0,0,0,0.02533127642891716456400792395424924247285062028405448692,3117.015177200768254523061641812189484621608917349559516,2.522265879808093998176828461797756606264236582134798054e-58,1,ROOT_OK
kepler,kepler_0002357,cal,high_e,0.91421830552139471404160531164961867034435272216796875,2.214806595692883294007043722447073853304849390995644356,0,0,0,0,2.647975962574732012286196845414354707704624923556402017,0.5539909988030160638801887034513199007977382026697987446,4.078315292499077829193933818285342222313227661293104092e-56,1,ROOT_OK
kepler,kepler_0002358,test,ordinary,0.09793583642656332466369661915450706146657466888427734375,2.595057772073603380380100596653133976677226766733157084,0,0,0,0,2.641977622853187660223813252798718959537130203922539887,0.9208401163269459062860114946624316448688022395599421504,0.0,1,ROOT_OK
kepler,kepler_0002359,test,ordinary,0.83620925614831254080172584508545696735382080078125,2.34834536904707494320742741608283720563477275241378921,0,0,0,0,2.703258831820409200610327600748281767064294949820433688,0.569102044839153247576026434651332629084495312192637533,4.078315292499077829193933818285342222313227661293104092e-56,1,ROOT_OK
kepler,kepler_0002360,dev,difficult,0.9999999989691367598511400750944032177980579062448159215,0.00007604205717701199802133285661529829469533226478007330518,0,0,0,0,0.07699179737051020438940891044768761539920313753333700725,337.5634919790632753667282827375787805876427344386114977,1.153747032515455672504509475570835034205432752080904386e-57,1,ROOT_OK
kepler,kepler_0002361,dev,high_e,0.98309022072066287734060097136534750461578369140625,2.292397598515473434058651792741254874006781897268309523,0,0,0,0,2.706639910951303672158381988252393297205503825283240679,0.5286656674514432628150660609645518924010081053699839092,8.156630584998155658387867636570684444626455322586208185e-56,1,ROOT_OK
kepler,kepler_0002362,dev,ordinary,0.440459247051896707336737790683400817215442657470703125,1.270742353331083852686828598309682859204806511142328596,0,0,0,0,1.707115429433869683251920004702775697890672674583759608,0.9435233173745103281256643532106961647239630380746705664,2.039157646249538914596966909142671111156613830646552046e-56,1,ROOT_OK
kepler,kepler_0002363,dev,ordinary,0.378285626383505491077130500343628227710723876953125,2.7316587901216126870030137864257571065738326880930552,0,0,0,0,2.842956758714937461200946091861328491360876263948016001,0.7344612490384092501411497765433539769648344954373446129,4.078315292499077829193933818285342222313227661293104092e-56,1,ROOT_OK
kepler,kepler_0002364,dev,difficult,0.9999999999454212906604943908332180152177555863865893771,0.00000007299646981123449861218684797000803191739534999713758194,0,0,0,0,0.007594233824266186309579659209216512720289024695120361585,34678.74172861320225135371078619946247388793226402556771,3.455353541685828077976535097361624063198052322354962118e-59,1,ROOT_OK
kepler,kepler_0002365,dev,high_e,0.92505101741833273276682803043513558804988861083984375,2.413419580273928759090611797863091937393353455257384065,0,0,0,0,2.758874085804913657690878111406886654662549946136031537,0.5381765790637316826018672356003996343269814986132087806,0.0,1,ROOT_OK
kepler,kepler_0002366,cal,ordinary,0.54065905985385132037635003143805079162120819091796875,2.699882491547376764680349893219119158775996260997224768,0,0,0,0,2.853497831843223411053839864443967049483586258941947112,0.6585980337289332407925192484521318609611464482409862091,8.156630584998155658387867636570684444626455322586208185e-56,1,ROOT_OK
kepler,kepler_0002367,cal,ordinary,0.020771354518261231358877694219700060784816741943359375,2.141127755680322082779324711993848879739481063751618583,0,0,0,0,2.158414989762248281852813916067948108169085774370923418,0.9886158531550521289327792911466660216792783448695048501,0.0,1,ROOT_OK
kepler,kepler_0002368,test,difficult,0.999999997783182745762594387706606023411307504756288053,0.00000003480630166186981447205475682213263330354630868912220647,0,0,0,0,0.00593219282747887388053856153313998361889212524215609099,56825.86283608907674097139622573663499033307466642189539,6.152580954550193823954806531921421467203102732553707829e-59,1,ROOT_OK
kepler,kepler_0002369,test,high_e,0.974342485963003213100819266401231288909912109375,1.438513177136722701444848720719149321916690271042237249,0,0,0,0,2.216624589501333700267743040542994651300845842090425314,0.6303509456120616942411870907032378064300892399111444948,4.078315292499077829193933818285342222313227661293104092e-56,1,ROOT_OK
kepler,kepler_0002370,dev,ordinary,0.77796898460646790596229038783349096775054931640625,0.4624395464914774584524198740633629089370602009006731586,0,0,0,0,1.182490031501340833673278280865321936287107316053137056,1.417546291066398316573305699696174915513222304943699485,1.019578823124769457298483454571335555578306915323276023e-56,1,ROOT_OK
kepler,kepler_0002371,dev,ordinary,0.3666888927625777672147933117230422794818878173828125,2.297947443740290419966432185151902915145634544623306605,0,0,0,0,2.513434258792908922901171716580272574589052216341972721,0.7711931253812193790792110872878126498511219798726803406,0.0,1,ROOT_OK
kepler,kepler_0002372,dev,difficult,0.9999999995974239290111419553140738238114114258601642212,0.00000002196640196093384082093513275622654086066172366509366584,0,0,0,0,0.005088894075394503199417442626867276512299517037944933464,77227.25677531645564632360022371673322773492139448211513,7.333738424672353494072502127129141142399510360984026232e-59,1,ROOT_OK
kepler,kepler_0002373,dev,high_e,0.9470194712673094539212570452946238219738006591796875,1.421727266121158813262008621914471895135530480995593887,0,0,0,0,2.19188597415593281110668331119309533155917454797850786,0.6447074416887061225969887323802203200346711280742077099,0.0,1,ROOT_OK
kepler,kepler_0002374,dev,ordinary,0.50210285098567997152940733940340578556060791015625,0.2423115947834512413615058828153304902521001682582545629,0,0,0,0,0.4694696353973799829267274715857837587157291120291731882,1.810870900732117616898683795377118188951383876026168191,0.0,1,ROOT_OK
kepler,kepler_0002375,dev,ordinary,0.5532521681856532591581299129757098853588104248046875,2.28220029379516541936907356796666538031585088156767384,0,0,0,0,2.577838076125559522136769313983327117899012866960176217,0.6813664524564830775333596994424839932938317969953980396,4.078315292499077829193933818285342222313227661293104092e-56,1,ROOT_OK
kepler,kepler_0002376,cal,difficult,0.9999999995571166005137292277930301088503112829919215341,0.00005256229163183047213576747189101098231111511241615473186,0,0,0,0,0.06807306513887864848154551760851061675717820287019390494,431.7645831005448802162783528895574533631786352249754484,8.886465816785710357801723468798017415562880096933826666e-58,1,ROOT_OK
kepler,kepler_0002377,cal,high_e,0.9822210925022663019490209990181028842926025390625,3.112322946766096868892510220019917629687609150754178749,0,0,0,0,3.126826271568515473671339117073098944963893198328876159,0.5045118469908669312778018455035193571107884612871309701,8.156630584998155658387867636570684444626455322586208185e-56,1,ROOT_OK
kepler,kepler_0002378,test,ordinary,0.843912847760594164725489463307894766330718994140625,0.4049437343134227844401476563331349170299373395425351184,0,0,0,0,1.18767482978799080141177622182426103996366789303502642,1.460855020959525008315639964733560108100509348785651134,1.019578823124769457298483454571335555578306915323276023e-56,1,ROOT_OK
kepler,kepler_0002379,test,ordinary,0.61464614156729602267859036146546714007854461669921875,2.642200317011067389237068808668960910067246745493422036,0,0,0,0,2.830400892618003555820539540460059941832520162426947814,0.6308653604085024507956598902408983054260598856813198119,4.078315292499077829193933818285342222313227661293104092e-56,1,ROOT_OK
kepler,kepler_0002380,dev,difficult,0.999999953395270266572110252917897941145115158906079504,0.005616835965895592381929240055416125142409095962055175024,0,0,0,0,0.323572706485356952092751016449117438177287460944965976,19.26985151796930939691474930689576215814769476067304547,2.628601653368546257097652656316724479225322516067820997e-57,1,ROOT_OK
kepler,kepler_0002381,dev,high_e,0.96608168417326945043299701865180395543575286865234375,2.780501655690199686858187645471607338137457912822317879,0,0,0,0,2.957421706091044880160852737415734258155247736339046642,0.5128879218562937251737494604319159519381557819553324109,0.0,1,ROOT_OK
kepler,kepler_0002382,dev,ordinary,0.87258594078439599694974049270967952907085418701171875,0.2080367205540902441644943774202035453935310738534086274,0,0,0,0,0.8812883607342437107723616755969875024711576841889435041,2.247707228994678370028853946696324176863970877310088802,2.548947057811923643246208636428338888945767288308190058e-57,1,ROOT_OK
kepler,kepler_0002383,dev,ordinary,0.035827777643238800653335829338175244629383087158203125,1.677913391640457015233213825202958306096956885314892931,0,0,0,0,1.713377606833042172811772176270352144728878029443345773,0.9949347081907204902997869007967325016128883058037345894,2.039157646249538914596966909142671111156613830646552046e-56,1,ROOT_OK
kepler,kepler_0002384,dev,difficult,0.9999999756946096439046869862569150831844535650574389946,0.00001332676106263432662571315725258092514109650641454274149,0,0,0,0,0.0430818175229090257204570317978780242677200072220187443,1077.699719638779184919404529741793716990540388882735505,2.431643219824241122066543029014583547010641034927796057e-58,1,ROOT_OK
kepler,kepler_0002385,dev,high_e,0.9545004315434366670700683243921957910060882568359375,2.569968451982107841058128340728771150627197358394333592,0,0,0,0,2.847056300586712797589236076532015575354952028816939702,0.5226307948693975409231198408036008557632553537616050933,4.078315292499077829193933818285342222313227661293104092e-56,1,ROOT_OK
kepler,kepler_0002386,cal,ordinary,0.45085263371537076526607279447489418089389801025390625,2.245150006504382949222583520757865580426691445333407414,0,0,0,0,2.51098777993490882021528057846203368068367878398743457,0.733062267210203773038243164651640953776894736091103531,0.0,1,ROOT_OK
kepler,kepler_0002387,cal,ordinary,0.35434521405441066210784128998056985437870025634765625,0.4888210612229838427315226955104491081024907327929673437,0,0,0,0,0.7233663225494813410923595966060009946443770812765946373,1.361675637632794064322731643700692003564386866480382062,5.097894115623847286492417272856677777891534576616380115e-57,1,ROOT_OK
kepler,kepler_0002388,test,difficult,0.9999999909440739190526719976345998421188227530388845644,0.0000001657509277264578109965701646482151018784564473720755342,0,0,0,0,0.009979853654007309922490959799079584155617809830988706617,20077.34530849343897590464694798070566088734676509847072,4.169177149632673492938587601030582455092320896317841309e-59,1,ROOT_OK
kepler,kepler_0002389,test,high_e,0.9096062579409009973829824957647360861301422119140625,0.5141358727084204466022310430792149763096835571060611252,0,0,0,0,1.412347731601044930881757606829062792163125563963889623,1.16757438682127637085625975371879459645614675565153387,0.0,1,ROOT_OK
kepler,kepler_0002390,dev,ordinary,0.1398773141769234784614894806509255431592464447021484375,0.2992383474164729075435295698862922949319052486508032652,0,0,0,0,0.3467784175443193828749079646243667999019257482347982321,1.151477788215915792295807091848768765010472623774287459,5.097894115623847286492417272856677777891534576616380115e-57,1,ROOT_OK
kepler,kepler_0002391,dev,ordinary,0.76816394332026993740925036036060191690921783447265625,2.826846417814519705559942711562575230683387046036918838,0,0,0,0,2.963174684388877513692125965471479993842733890179101641,0.5694858527349342709252359079866133401184118396333131851,8.156630584998155658387867636570684444626455322586208185e-56,1,ROOT_OK
kepler,kepler_0002392,dev,difficult,0.9999999990536787009334469148981298542104160680785076834,0.0002673705267533842707867614403486984543776639318028720033,0,0,0,0,0.1170902607136628665392003032098285816596538469768630611,146.0443072019614506781246487956234953139862057302307265,5.575821688963582969601081392186991319568865943174165751e-58,1,ROOT_OK
kepler,kepler_0002393,dev,high_e,0.90886358015524171261034780400223098695278167724609375,0.6234521914492324802310740058881735900952708253828285756,0,0,0,0,1.531618347058176844068787824420674122507791144827352561,1.036912348551528786359704321079250876087772054571431117,0.0,1,ROOT_OK
kepler,kepler_0002394,dev,ordinary,0.2551778874268089136734261046512983739376068115234375,1.271782909750735998621584379168571218103883507421599959,0,0,0,0,1.526712887403012445865260085973852414552789528034632278,1.011373374804409464952446970251354777937507049606875411,0.0,1,ROOT_OK
kepler,kepler_0002395,dev,ordinary,0.08788440090628067691280733697567484341561794281005859375,1.431048113751937023363441664450951036053422046567681242,0,0,0,0,1.518813801529778720361648119682801451036729538223632597,1.004587343529184870542013196860631290183021964693633914,0.0,1,ROOT_OK
kepler,kepler_0002396,cal,difficult,0.9999999997974905374468195355652248982812072808341764279,0.000302362515807642005446998666974088544311818774428963439,0,0,0,0,0.1219927753132333029183445046249456944811060641512211996,134.5551837882085243888683715142411326487071749750535622,1.742444277801119678000337935058434787365270607241926797e-58,1,ROOT_OK
kepler,kepler_0002397,cal,high_e,0.98680631404592256128438521045609377324581146240234375,2.168968826276536966187358575021394773524987320178397149,0,0,0,0,2.641847908070969379417766724127287943258678973683819774,0.5358698566120469515196361376366436793245320261277137419,8.156630584998155658387867636570684444626455322586208185e-56,1,ROOT_OK
kepler,kepler_0002398,test,ordinary,0.05605766163810973340408949638913327362388372421264648438,2.8305719767821450958457416502885019059518109520851124,0,0,0,0,2.846856045070545954813576519453684061104715477066477509,0.949090427221424984825885486574221570954487007913606252,0.0,1,ROOT_OK
kepler,kepler_0002399,test,ordinary,0.380889871704823190778910202425322495400905609130859375,2.725055636357743242536935370206711485472771042019720504,0,0,0,0,2.838676818261753632689074450025933183992495356953111898,0.7333807283776719059451087186617584939764135674456205338,0.0,1,ROOT_OK
kepler,kepler_0002400,dev,difficult,0.9999999999845298754285304746995325912050559162892178883,0.000001296317153287096518974622817019675404902554610931554677,0,0,0,0,0.01981330750965868501129341747679661804390610618891344258,5094.8360013006900979524706199512901508349514026986243,2.091516541043643095635450278075163631485880064831129766e-58,1,ROOT_OK
kepler,kepler_0002401,dev,high_e,0.9880855912540891239359552855603396892547607421875,3.077018057161181798314995749013811178374446597802994151,0,0,0,0,3.109109021564350743952053859803502944322825950134071502,0.5031283692142543111116167437477691505547425823851605096,4.078315292499077829193933818285342222313227661293104092e-56,1,ROOT_OK
kepler,kepler_0002402,dev,ordinary,0.778935015187613100096086782286874949932098388671875,2.736630289749945167428386319523593389089071853924012208,0,0,0,0,2.913080984827028590071755502976426098763456199468025496,0.5686062357428729966648665966725730777805892010387914399,4.078315292499077829193933818285342222313227661293104092e-56,1,ROOT_OK
kepler,kepler_0002403,dev,ordinary,0.12691782974625553936931510179420001804828643798828125,2.801756162263568499951738334331251357198237562982721462,0,0,0,0,2.839514802271278904499877793358576534327422887393649451,0.8919245730665894057481084769220545759485127562970581156,8.156630584998155658387867636570684444626455322586208185e-56,1,ROOT_OK
kepler,kepler_0002404,dev,difficult,0.9999999856526946643054169518962541620700180639748430005,0.00001601617555996197158296752152963807384584833123444225967,0,0,0,0,0.04580497026117493580006872683915604291627238996946348456,953.3992021884018857430216227998108617605965355910901291,2.414529927810122982371896852866688205349017841463812848e-58,1,ROOT_OK
kepler,kepler_0002405,dev,high_e,0.95452882778432546206914821596001274883747100830078125,1.417693264197569376687623009688776179357973362953170333,0,0,0,0,2.193218219019999438872469531754634493068620215322114193,0.6424692699745610986847576133742217069238108707848044728,2.039157646249538914596966909142671111156613830646552046e-56,1,ROOT_OK
kepler,kepler_0002406,cal,ordinary,0.65080751495939648254562825968605466187000274658203125,1.170082233115951692275983268072398091808034059573993369,0,0,0,0,1.803367988915507782524123862868085427890877456259968996,0.8695662935691089079534242824585901552212013393903451296,0.0,1,ROOT_OK
kepler,kepler_0002407,cal,ordinary,0.79398812433474030836322299364837817847728729248046875,2.058698615966239060146379349042501518012559869592947776,0,0,0,0,2.520645491608812068544654422855641916016349091774774022,0.6076173657741890593825855602688452677253408077225607671,4.078315292499077829193933818285342222313227661293104092e-56,1,ROOT_OK
kepler,kepler_0002408,test,difficult,0.9999999772070295334778680657053799409473609094865232735,0.0001178487962143332404331404593422995919842307681976361982,0,0,0,0,0.08910056129118803822315355191964670266169381387302360349,252.0890421608285228258613983170428316401352337949394424,1.356617330573728892157405963724067084448674972781214435e-58,1,ROOT_OK
kepler,kepler_0002409,test,high_e,0.9652018266268083124259646865539252758026123046875,1.391782129540788560006436831358795406140296418154759049,0,0,0,0,2.182155584753920134861206228762849829254340111968196458,0.6434975163801571502141461009349103038203448359033447879,2.039157646249538914596966909142671111156613830646552046e-56,1,ROOT_OK
kepler,kepler_0002410,dev,ordinary,0.274194895501334912069069105200469493865966796875,1.433480192887669605111156622493922913578938699131393073,0,0,0,0,1.705202159040968670273210641177643583443559765157856063,0.964559634518240881581162649123036414998941393458939273,2.039157646249538914596966909142671111156613830646552046e-56,1,ROOT_OK
kepler,kepler_0002411,dev,ordinary,0.50686144191867033015341803547926247119903564453125,1.992473468630134455012771596638031271947445094757216939,0,0,0,0,2.352279156436264391837867404770507490523080104164695975,0.7369201409800212649470039968144141899327367793743146949,4.078315292499077829193933818285342222313227661293104092e-56,1,ROOT_OK
kepler,kepler_0002412,dev,difficult,0.9999999508253789528768013472612884179885579818376663142,0.006076611863814984633807025251788931432984139773197740604,0,0,0,0,0.332202405466176102527207698725727901840263511727166975,18.29033943855730702012222144765839973686995719205266522,4.301348160057621147977977073972821875095982299020070722e-57,1,ROOT_OK
kepler,kepler_0002413,dev,high_e,0.9732156575256276642704733603750355541706085205078125,1.761094221471682842788070345619183847336115913336727384,0,0,0,0,2.410728585158179975628151951482431605553552459995438548,0.5798263327156146976166990109083082882663492780429198433,0.0,1,ROOT_OK
kepler,kepler_0002414,dev,ordinary,0.48932838153565183514359659966430626809597015380859375,0.5495654466475607186517173131619928047061069555423060717,0,0,0,0,0.9466317702857622631673357186790547285504020816120002067,1.400507410781885726477637533538698060194147203779525615,1.019578823124769457298483454571335555578306915323276023e-56,1,ROOT_OK
kepler,kepler_0002415,dev,ordinary,0.001115367195545580300194976608452179789310321211814880371,2.261632551400194957005627740885747714068316607796484368,0,0,0,0,2.26249156909378287989627678120359024588969257753818661,0.999289075816263564077858005481891674567594308648854523,0.0,1,ROOT_OK
kepler,kepler_0002416,cal,difficult,0.9999999988895155449600412984298658518730803938571265727,0.0004093379960515123953159375106826583395807162994642986663,0,0,0,0,0.134961395858542732459982916836385148606508313434992883,109.9689625813214435970732217311147945622867041683951834,5.7749581778551395042296914419079552952677540125732431e-58,1,ROOT_OK
kepler,kepler_0002417,cal,high_e,0.959664786013866066838318147347308695316314697265625,0.6824175702801476204095380384182734205367335826598977059,0,0,0,0,1.639798628220482375005496057527750975588374509191635563,0.9379397680118775166299676148586067935828917563893031061,1.019578823124769457298483454571335555578306915323276023e-56,1,ROOT_OK
kepler,kepler_0002418,test,ordinary,0.4573153335199011682021819069632329046726226806640625,1.613538338231265694318733914622842839832003784406429115,0,0,0,0,2.024572523485923502952299434062258492141476482688743159,0.8330070862062621876104303932579680560650585712307280639,4.078315292499077829193933818285342222313227661293104092e-56,1,ROOT_OK
kepler,kepler_0002419,test,ordinary,0.1108844877761872432797574106189131271094083786010742188,2.44623511495014521298919131865676194108942778471577419,0,0,0,0,2.511564639622464579226265453603907795289068987008360145,0.9177714532573775325537205847833516775964328455292086067,0.0,1,ROOT_OK
kepler,kepler_0002420,dev,difficult,0.9999999999814756745859513325565956895134751936744374518,0.00001023727696459550047776997428016094667203919375600253393,0,0,0,0,0.03945691803699367471593578851303262437602822252656074957,1284.813262357145159832832758153057593936447168546596554,4.239429158042902787991893636637709638902109289941295109e-58,1,ROOT_OK
kepler,kepler_0002421,dev,high_e,0.9744844619798869178595168705214746296405792236328125,0.3139459813512591999434585221665970644249561078753003987,0,0,0,0,1.233531039323390460624965524424798091186348381292775485,1.47593720039153368809399234957743005219331373300497776,1.529368234687154185947725181857003333367460372984914035e-56,1,ROOT_OK
kepler,kepler_0002422,dev,ordinary,0.320684489795760807595570440753363072872161865234375,2.227360353820315086994088595594862682565513147397864305,0,0,0,0,2.435452969764250017266412931774631430382675947815739224,0.8038585140343337832420243995373110115150711738079968071,8.156630584998155658387867636570684444626455322586208185e-56,1,ROOT_OK
kepler,kepler_0002423,dev,ordinary,0.6718342365561948970054118035477586090564727783203125,0.5383483977230218669227461148830008635601910028230105899,0,0,0,0,1.152167997230624840193541962010738201174001517571230125,1.375715896471886882611369812559069898081479277986701602,0.0,1,ROOT_OK
kepler,kepler_0002424,dev,difficult,0.9999999879972031723572087439606070363693276463778844466,0.001500030717990805142426623801587254558767304520372756809,0,0,0,0,0.2081599692003578515812912216075731452850327343097101654,46.3237897540275841791867219537654221307876014279282028,2.529033408922767989783347631456242491375878481368282323e-57,1,ROOT_OK
kepler,kepler_0002425,dev,high_e,0.9021431402067257021570867436821572482585906982421875,2.460507377751480862251702874282463210671093911272807898,0,0,0,0,2.779812046070189089727040724060237444913371002217139365,0.5423741518709721274116335535896270178226232621024158196,4.078315292499077829193933818285342222313227661293104092e-56,1,ROOT_OK
kepler,kepler_0002426,cal,ordinary,0.336921111545390061792204505763947963714599609375,0.4919744854093727322192637215762584504617752811777625925,0,0,0,0,0.7121364134813220244996607570454544152659346983918179745,1.34235098178306673836191997949960462347422736347626168,0.0,1,ROOT_OK
kepler,kepler_0002427,cal,ordinary,0.1873138843956888843766961372239165939390659332275390625,0.4543849000063221407194435972695794588569700264885051468,0,0,0,0,0.5527265055259149974823005268209888487110928711044141197,1.189657796169570440925458747237026819112284338093230792,5.097894115623847286492417272856677777891534576616380115e-57,1,ROOT_OK
kepler,kepler_0002428,test,difficult,0.9999999991997219460477256166761597670184108109685183843,0.0001015305846364495683257642907276680661267611517688550234,0,0,0,0,0.08478154191081791403247627048572015822618663689158573304,278.4116681304617516443847173629766773339801934518640642,2.514098172255901249686201877727170193198461876163351522e-58,1,ROOT_OK
kepler,kepler_0002429,test,high_e,0.94971706290573576492164420415065251290798187255859375,2.176995068756464052819752749108798389741651839477369621,0,0,0,0,2.636528539028531782667497725628080171120008983846465669,0.5461082856353040986637003111575675205876245037451366771,4.078315292499077829193933818285342222313227661293104092e-56,1,ROOT_OK
kepler,kepler_0002430,dev,ordinary,0.05138859369965705775618047823627421166747808456420898438,0.2091048371972957560413707320234436833446464133749097142,0,0,0,0,0.2203362109765152776542831856058740693644853595960913666,1.052793625207372677529744039852240077589589606184878567,0.0,1,ROOT_OK
kepler,kepler_0002431,dev,ordinary,0.8573842078948832323703754809685051441192626953125,2.30142717210492911178391721896724188338858069217302254,0,0,0,0,2.681857660350541501887947940609637502650784966703819837,0.5654950405696733572292119745793039635122051954061629543,4.078315292499077829193933818285342222313227661293104092e-56,1,ROOT_OK
kepler,kepler_0002432,dev,difficult,0.9999999930316943883077173177041448174653179484788429128,0.00000003038297459223363859533970543950738132437328340179715321,0,0,0,0,0.005667685998152644015814644040523151242317559374488834424,62234.50183449749607655325290571870988092199350428464235,1.157517304662316075155986211253418226665259111890938187e-59,1,ROOT_OK
kepler,kepler_0002433,dev,high_e,0.90663020440346120398800167095032520592212677001953125,0.8675394977899585724397488769178952622103905458593232953,0,0,0,0,1.758281914103741488507332363270195058238284772221665909,0.855442222557134262389693396431221751386213993920279597,0.0,1,ROOT_OK
kepler,kepler_0002434,dev,ordinary,0.669874762731625050804495913325808942317962646484375,0.5504197688922551012743287532320375718263351191423335378,0,0,0,0,1.166213263120409177187940412457013737528258045335037039,1.358117160444014870893947625974012079011582060609304199,2.039157646249538914596966909142671111156613830646552046e-56,1,ROOT_OK
kepler,kepler_0002435,dev,ordinary,0.03352160904780406708303175378205196466296911239624023438,2.482692033805329926316547953141008540807124837861588033,0,0,0,0,2.502681692473310714580145785122839919837459339301852972,0.9737958111733827658717031494036243058537655961119480138,0.0,1,ROOT_OK
kepler,kepler_0002436,cal,difficult,0.9999999993389843505304030179719748936327987664364478263,0.00000001013301349526893673798390774363660051418149453767506303,0,0,0,0,0.003931813721930042402375992203198141459900876691531713074,129362.2465535558105257945928729873510186353838346023147,7.662816820469405079464934811223080329536192152913959044e-59,1,ROOT_OK
kepler,kepler_0002437,cal,high_e,0.9217392399280213144407980507821775972843170166015625,2.686271549881312537571672516393385044777788556723206878,0,0,0,0,2.903586142648757511623893030156516387999381091454330955,0.52749423366481133660873516259322334028125274645636288,8.156630584998155658387867636570684444626455322586208185e-56,1,ROOT_OK
kepler,kepler_0002438,test,ordinary,0.2896644209047953832936173057532869279384613037109375,1.87895225229902996567028091428481212472533511340614445,0,0,0,0,2.125225291908904105303815065114857754092243546279744391,0.8676818797099072323078422289505015924346954712451612219,2.039157646249538914596966909142671111156613830646552046e-56,1,ROOT_OK
kepler,kepler_0002439,test,ordinary,0.247292301489978438855388276351732201874256134033203125,2.713999541539312597645495496269754449737886839660684948,0,0,0,0,2.797436553471522851987051691172557686924063029840830699,0.8111673671528397859902612364577810889521661280430675921,0.0,1,ROOT_OK
kepler,kepler_0002440,dev,difficult,0.9999999995189241368815211273724985503661577760895022902,0.00000006450851073556273423150545010149237824946963933443287393,0,0,0,0,0.007287556565181373286453766749463874520486490175604481051,37658.25331988520759054186028472841945866195200544823452,2.957512319456936741405009973059214123950832148857268747e-59,1,ROOT_OK
kepler,kepler_0002441,dev,high_e,0.978337098542095162656551110558211803436279296875,2.352714916735479917142055103482574721702148111991058913,0,0,0,0,2.737437905858781136628057967082691562147795625047692194,0.5264494849839974732547892120516953935473232334199768036,4.078315292499077829193933818285342222313227661293104092e-56,1,ROOT_OK
kepler,kepler_0002442,dev,ordinary,0.439838642849335326179271987712127156555652618408203125,1.973375118349972998392895883503893802932134856655263261,0,0,0,0,2.301055566304817078251280140523843820010801214643522628,0.7731560271928094023983905134704577883477333472275788821,0.0,1,ROOT_OK
kepler,kepler_0002443,dev,ordinary,0.1809059356536488472055879128674860112369060516357421875,2.301192298054789220299759776488085096142451252216041447,0,0,0,0,2.420612190690209278710976041375606294004128502801497211,0.8803676364807127071792466602969384226880650184549260024,0.0,1,ROOT_OK
kepler,kepler_0002444,dev,difficult,0.9999999955082389539033314342180231067870018469170989972,0.0000006874013155553123912602796377169485660641076226277715726,0,0,0,0,0.01603641283595338422926517038423856398704964655576869763,7776.956639676409076436076437213390389441623043704310226,1.204347925493564081010724646408134669436732240027818377e-58,1,ROOT_OK
kepler,kepler_0002445,dev,high_e,0.95066176914214184368034921135404147207736968994140625,1.509674067711922738998575087059781086976028579624248254,0,0,0,0,2.249598323400779965482570850811329266476775637368145799,0.6262197643963048844333677623358627375184176752064436099,6.117472938748616743790900727428013333469841491939656139e-56,1,ROOT_OK
kepler,kepler_0002446,cal,ordinary,0.851013276653716399522409119526855647563934326171875,1.519093742882597538530999437690748322035551423169257151,0,0,0,0,2.204748841754559228771882611883502370425961322452250835,0.6648564825992283072214375768995067885714413517322325928,2.039157646249538914596966909142671111156613830646552046e-56,1,ROOT_OK
kepler,kepler_0002447,cal,ordinary,0.7178621003663663291405327981919981539249420166015625,0.3724019694814892229162278381199863323584865182474505017,0,0,0,0,0.9607961405361449767838231218240340831247510798888445218,1.698484800640391097327677451141096969982064432341013047,5.097894115623847286492417272856677777891534576616380115e-57,1,ROOT_OK
kepler,kepler_0002448,test,difficult,0.9999999997322821047222427299377789368532265837931141063,0.0001504377842437343954149301174846298951840954041502950699,0,0,0,0,0.09665781950717985294730196415127128914349818088758779082,214.2368304974347228380129377444053018748248573075748609,6.471935888975587375429826615931329210213862255470013818e-59,1,ROOT_OK
kepler,kepler_0002449,test,high_e,0.93009266270168422519049045149586163461208343505859375,2.860668189697330285586118586429298879034618631427837963,0,0,0,0,2.995794271869165669306954883515357043504662112621892141,0.5207724154779518528741738388748045449760145113637922555,4.078315292499077829193933818285342222313227661293104092e-56,1,ROOT_OK
kepler,kepler_0002450,dev,ordinary,0.1813591698603457535998728644699440337717533111572265625,0.3619320778388105730185406123994393906031537662538149936,0,0,0,0,0.4390191209492624479089609958160660931530943249977252832,1.196402230795149682536696355438341833714755332563326021,5.097894115623847286492417272856677777891534576616380115e-57,1,ROOT_OK
kepler,kepler_0002451,dev,ordinary,0.02986876822792340277490374944591167150065302848815917969,1.4943966469810630947360865829098991555733525561501224,0,0,0,0,1.524233041229855348864102998939270453586090749258575647,1.001392221053242756243440179266430853424970514622473642,0.0,1,ROOT_OK
kepler,kepler_0002452,dev,difficult,0.9999999936198814883724932953927742574126575989467614265,0.00000002399887083786660088395925369272761073042050008891007311,0,0,0,0,0.005238968483685283083146918726700742951841643217176432275,72834.5698138511351421351337952848755094850072027591504,7.45728715572598338753562597694686567932451019163842206e-59,1,ROOT_OK
kepler,kepler_0002453,dev,high_e,0.91721945893084122491956122757983393967151641845703125,1.313421465361098104911740470638745239222072137340088075,0,0,0,0,2.103532988727965281199613125260042361455859226862710978,0.6821984946569895441718824806018864120730670401796129742,4.078315292499077829193933818285342222313227661293104092e-56,1,ROOT_OK
kepler,kepler_0002454,dev,ordinary,0.276510596285075627154270705432281829416751861572265625,0.3789270333429914132750247668021937113804418168388203313,0,0,0,0,0.5151555748203008512733362517464548347874021993488791189,1.316870639669133795496082035397329206895797279583046625,0.0,1,ROOT_OK
kepler,kepler_0002455,dev,ordinary,0.787240829361517402418257915996946394443511962890625,2.837877162788968165904323019793427558036183335239525895,0,0,0,0,2.971295200966475147582232688153308856716587951012813471,0.5631096977770832101069712219280420423024111858494864037,0.0,1,ROOT_OK
kepler,kepler_0002456,cal,difficult,0.9999999991342563367078983217827653787295049934998540019,0.00000006782441007280537205641746437436630079087803288262572616,0,0,0,0,0.00741024321517579483746540454465821838941459220037875077,36421.12567108004485158254411252574529237597222059978172,1.317285929325372144961471996384159892959319394621093933e-59,1,ROOT_OK
kepler,kepler_0002457,cal,high_e,0.94363078138146139206554607881116680800914764404296875,3.098856812705251522141279979178179285491262048726124515,0,0,0,0,3.119604160066548215367649889546053240005227957616237027,0.5145614005060044353462026613000457654307120196069320247,4.078315292499077829193933818285342222313227661293104092e-56,1,ROOT_OK
kepler,kepler_0002458,test,ordinary,0.471155406046323665947284098365344107151031494140625,1.966558761143127109798993868826437163781176622929437774,0,0,0,0,2.313600104051576183311942210607213045737757138628712302,0.7583406057217922164449935309233073148714957927772314809,2.039157646249538914596966909142671111156613830646552046e-56,1,ROOT_OK
kepler,kepler_0002459,test,ordinary,0.75608255219288589277226719786995090544223785400390625,1.327117219787225075647079517499970228966655648566603548,0,0,0,0,2.011089667848690917671726419097520963084916668543111436,0.7562888925565053384660614936920828031936393361697273822,4.078315292499077829193933818285342222313227661293104092e-56,1,ROOT_OK
kepler,kepler_0002460,dev,difficult,0.9999999999708826188503111722490054837917353980635081851,0.001877552997230872375658693167919617974006540496139249068,0,0,0,0,0.2243600496495509145077978354623823429464471684095911818,39.89895098882162065885645320036040779035833107702924339,2.011278537804720999748961502181736154558769500930681217e-57,1,ROOT_OK
kepler,kepler_0002461,dev,high_e,0.97499560772881854742166751748300157487392425537109375,0.2267714781419551889294702648606205268350422586805186641,0,0,0,0,1.092234046103054978709405282430301759457543712841050288,1.814845275022075751786504796661515641569832022298416768,1.529368234687154185947725181857003333367460372984914035e-56,1,ROOT_OK
kepler,kepler_0002462,dev,ordinary,0.7483919282108162374100857050507329404354095458984375,0.05555588925847484819839024989425663825689722256663716198,0,0,0,0,0.2158307111218784980414026703826470215532195865927705948,3.717864051619877497259082698391140032368847490933023658,6.372367644529809108115521591070847222364418220770475144e-58,1,ROOT_OK
kepler,kepler_0002463,dev,ordinary,0.8790529218176603709622440874227322638034820556640625,2.620027150776208820355876176988913164543848783296454063,0,0,0,0,2.862332927466816413417867003800490223226535147773788298,0.5420059502423733831869267153795998627550597729712997339,8.156630584998155658387867636570684444626455322586208185e-56,1,ROOT_OK
kepler,kepler_0002464,dev,difficult,0.999999998963449793342453472659611261849847297087231288,0.00002299843913475064249810888700481852936626313207387555086,0,0,0,0,0.05167758351114943652823664019466250290772092867177688001,749.0691605172228400850790115926593456088211957329094292,2.566993802117720954196926422184301249243479019597481442e-58,1,ROOT_OK
kepler,kepler_0002465,dev,high_e,0.95439791208842394976130663053481839597225189208984375,2.73452895681430509000453406301325019085548926392192848,0,0,0,0,2.932570139633259396899672690510571562634526451541947898,0.5171634414971254380128453413202341556297648504563018858,4.078315292499077829193933818285342222313227661293104092e-56,1,ROOT_OK
kepler,kepler_0002466,cal,ordinary,0.116009761849085624163535612751729786396026611328125,2.710707048708785796154778813197561051445465082397025261,0,0,0,0,2.754500430177523545124811323111236900998926535028682813,0.9029946484712825627403568838973708554936348144179727412,4.078315292499077829193933818285342222313227661293104092e-56,1,ROOT_OK
kepler,kepler_0002467,cal,ordinary,0.339222151502354740681965949988807551562786102294921875,0.4705222116431294383402664246607447201431637523605915972,0,0,0,0,0.6851884009439259853198852723875673273055785474311399966,1.356225804058245393804145660599226142938543709243874523,1.019578823124769457298483454571335555578306915323276023e-56,1,ROOT_OK
kepler,kepler_0002468,test,difficult,0.9999999997908212349565183296400102568796191433037770976,0.000002521349917925262376327351375894006080158739038097912559,0,0,0,0,0.02473236163212269235961563089432880383340187516143116321,3269.796017312156599486638841807913675005418095696755771,2.101434471642734290231211130160875704494320779225029126e-58,1,ROOT_OK
kepler,kepler_0002469,test,high_e,0.914119178187430492243947810493409633636474609375,1.9144191660815892571239655359807463613987207557468784,0,0,0,0,2.477692938130094855511975860950752768808389242322105034,0.5814102484820027325349233288421924575669022363337138653,6.117472938748616743790900727428013333469841491939656139e-56,1,ROOT_OK
kepler,kepler_0002470,dev,ordinary,0.1070005336293509551337521656932949554175138473510742188,1.907602943528168211884164947154168580596697963873849886,0,0,0,0,2.004688419235315012771511600494071808573535738377822795,0.9569528138428758201283948544775806730912410299314871777,2.039157646249538914596966909142671111156613830646552046e-56,1,ROOT_OK
kepler,kepler_0002471,dev,ordinary,0.52191675658023817252484377604559995234012603759765625,2.612092344395687736300759141496863077432801248888745396,0,0,0,0,2.791232847844476312121310738248860579014721723741082561,0.6710463916559221623322333163579697890177053412638287374,4.078315292499077829193933818285342222313227661293104092e-56,1,ROOT_OK
kepler,kepler_0002472,dev,difficult,0.9999999999795678924258137124326732575650564067716048732,0.0002854521847703617978735183481580325866542011145990019091,0,0,0,0,0.119673650525287403787887986466488472569347727914869208,139.8142060990276979216290634182064724086550815311596381,4.978412222288913365715251243024099392472201734976933706e-59,1,ROOT_OK
kepler,kepler_0002473,dev,high_e,0.95933895911602251604932689588167704641819000244140625,0.5798901589648979766255257255790850751688504819588765686,0,0,0,0,1.538736129022448040948482936466247545425147489860331622,1.031726974748622671349356494193058123133320519369697718,1.019578823124769457298483454571335555578306915323276023e-56,1,ROOT_OK
kepler,kepler_0002474,dev,ordinary,0.02021500113447964944168866452400834532454609870910644531,0.3683331573938817832865517174242756810038356336060159671,0,0,0,0,0.3757514905906390538713642634034798354890702924079078201,1.019165034774998512832701060466598495217885849578750847,5.097894115623847286492417272856677777891534576616380115e-57,1,ROOT_OK
kepler,kepler_0002475,dev,ordinary,0.7155919079845169950004901693318970501422882080078125,1.043095662851205014345539351231642284077158196976637513,0,0,0,0,1.747539724339071857271045938782777074896620208226368617,0.8882424923174103236174597793668466744347438531596319803,2.039157646249538914596966909142671111156613830646552046e-56,1,ROOT_OK
kepler,kepler_0002476,cal,difficult,0.9999999105315766191772552580351799226640594399837614151,0.00000323701182985679297293479914325153838800235863208536073,0,0,0,0,0.0268738271189253232037384383579541746274297315510857482,2768.786939808366545106874640983899181780094568257578729,1.035743105309013772882790160951029428293240095331529255e-58,1,ROOT_OK
kepler,kepler_0002477,cal,high_e,0.98235828253658608044673883341602049767971038818359375,1.235341687388753462994676301206894265155594033899927086,0,0,0,0,2.088815999920616176122131045557753973493765465056300241,0.6727550479901477073753848423033604526119643044786754762,2.039157646249538914596966909142671111156613830646552046e-56,1,ROOT_OK
kepler,kepler_0002478,test,ordinary,0.829006963462536106135303271003067493438720703125,1.982655669915022695709926357966267356483833464633530179,0,0,0,0,2.487232294350221719886329512307289792326106799629602271,0.6032217577987236977011017159157261742109481953985445365,0.0,1,ROOT_OK
kepler,kepler_0002479,test,ordinary,0.333648551215529887148392162998788990080356597900390625,0.976502788942572339470247562877953984042196435797775637,0,0,0,0,1.297795002821209850145689468205267132475002650127396285,1.098851907968255403721724667863419593858942713142724323,0.0,1,ROOT_OK
kepler,kepler_0002480,dev,difficult,0.9999999754007808251330399284202948715663053453481125242,0.000001312462047584677591250952160327558960713484037131878949,0,0,0,0,0.01989275272611423420136916360760786441478201968520191289,5053.596546514241826796770905542418701702638315909963049,8.255218704537670795883297471342696062908006392569173275e-59,1,ROOT_OK
kepler,kepler_0002481,dev,high_e,0.913356648797391645899779177852906286716461181640625,0.1923291307012225657420231288417903863614877502906760172,0,0,0,0,0.9177507406693092264332619263643848715375637241473884195,2.247003837429668091128073482631417868744504316207579469,7.646841173435770929738625909285016666837301864924570173e-57,1,ROOT_OK
kepler,kepler_0002482,dev,ordinary,0.009182497760872921493957576899447303730994462966918945313,1.596884038648114099141168340483743634588927494267132508,0,0,0,0,1.606060827392411132385911373660800857845783772027519921,0.9996763556930951640501022373230012457904686820388626202,2.039157646249538914596966909142671111156613830646552046e-56,1,ROOT_OK
kepler,kepler_0002483,dev,ordinary,0.62053840590438136270989843978895805776119232177734375,0.5577637469949323444683960149777767716375062840941690168,0,0,0,0,1.11493378946055494569146887578507812251686499918798989,1.375863900999815764475061303448716826435859168349803989,1.019578823124769457298483454571335555578306915323276023e-56,1,ROOT_OK
kepler,kepler_0002484,dev,difficult,0.9999999965722049114321351812797050724187452278957499387,0.00007396828456555037018512741653094395562502454103847519722,0,0,0,0,0.0762852447505508043258805731934200754801906480233352744,343.8420758748461543717878691044026385730470745871288063,1.147524017237594530797365411517054909964842499912183219e-57,1,ROOT_OK
kepler,kepler_0002485,dev,high_e,0.90221799818189973851900731460773386061191558837890625,0.7079833715557248453970490891692751655328500425183117089,0,0,0,0,1.60952483704211838629538760273668087167254206000858945,0.9662462876708381709111294563981677888519450839782981097,0.0,1,ROOT_OK
kepler,kepler_0002486,cal,ordinary,0.2242782590891997662740919849966303445398807525634765625,1.359994966204271742726393392619980056774124631633777046,0,0,0,0,1.584252919459080504174678254208969725135477358241976457,0.996991150404740327839857304760076374475177184042382476,0.0,1,ROOT_OK
kepler,kepler_0002487,cal,ordinary,0.58835188747961997268731693111476488411426544189453125,1.981592697411705795116943700868139800598309684209632397,0,0,0,0,2.385325993800996475745026531603231412649064511709186592,0.7002953695799126160528997250723261368945925683041456023,0.0,1,ROOT_OK
kepler,kepler_0002488,test,difficult,0.9999999993782561115247226308972607367341909341392409426,0.002340713706411025455512979293084817266388344678406333865,0,0,0,0,0.2415027217557438247014837668513918385413079701510392831,34.45860996789528265865666066568006515585346129902018413,9.16027848901160059291606228716434288214885119235755802e-58,1,ROOT_OK
kepler,kepler_0002489,test,high_e,0.94035712529571913176340558493393473327159881591796875,0.4203992900148867727025212620053857191643986934307194721,0,0,0,0,1.334660878066317189707820002745485014779021248885823814,1.282041090234240439040019007403251385269937003353038238,5.097894115623847286492417272856677777891534576616380115e-57,1,ROOT_OK
kepler,kepler_0002490,dev,ordinary,0.25043423623083793660981655193609185516834259033203125,1.736531432552655765776313678935952993411362684895923249,0,0,0,0,1.967515368189174963674443569059502172240663148151125765,0.9117712192480012269617732068121562582115686314613774608,2.039157646249538914596966909142671111156613830646552046e-56,1,ROOT_OK
kepler,kepler_0002491,dev,ordinary,0.81405633071765770569783171595190651714801788330078125,2.790064586662604424984377546556985756367693747529456795,0,0,0,0,2.94726470579563873352028585484727523630885914176672038,0.5559466043240342330984660596546272866515137080981814901,0.0,1,ROOT_OK
kepler,kepler_0002492,dev,difficult,0.9999999999005446211306564253102751770653401133650566033,0.00006543854677344511759318306677146391034942153331919220224,0,0,0,0,0.07323192231921046450698283734466740643793223048714391765,373.098248105126165564117163969952638338379557085145875,5.077980466734691633029556267884581380321645769676472381e-58,1,ROOT_OK
kepler,kepler_0002493,dev,high_e,0.9528294786376168001851283406722359359264373779296875,0.8303938312943311295898434390106459237669583487820088107,0,0,0,0,1.765263256800690695194708621433473027708858137580880776,0.8445031957888221533516502728772022215257623557230406386,2.039157646249538914596966909142671111156613830646552046e-56,1,ROOT_OK
kepler,kepler_0002494,dev,ordinary,0.299301097366370727481665880986838601529598236083984375,2.484722311360244648978936787187472432929164875213889848,0,0,0,0,2.63099134142510982674623129115957745271002844324263862,0.7929425054823869458897371906084317881157997197078697421,8.156630584998155658387867636570684444626455322586208185e-56,1,ROOT_OK
kepler,kepler_0002495,dev,ordinary,0.73700771889442584505758304658229462802410125732421875,0.1884591366681434209861471512846897013322760841017645052,0,0,0,0,0.6116828903646804015859074524714184757226534782947709022,2.521276621662852875481042161797385756581578410596123235,7.646841173435770929738625909285016666837301864924570173e-57,1,ROOT_OK
kepler,kepler_0002496,cal,difficult,0.9999999999372954311239440394687276660654151057134481813,0.0002450961114888938696232750343631835821852090130762441404,0,0,0,0,0.1137425249425212955162144690048435211660836053075934844,154.7577942282863335842711276083578864228974238601381531,1.219710994460783774600236554540904351155689425069348758e-57,1,ROOT_OK
kepler,kepler_0002497,cal,high_e,0.92252160625102186397583636789931915700435638427734375,1.751906496901717235183609892677202403429762394266744053,0,0,0,0,2.385101334194915775589141724483128091963760626747337476,0.5984788996367611519100446910707064170718618180793450264,0.0,1,ROOT_OK
kepler,kepler_0002498,test,ordinary,0.29883284478395266692274390152306295931339263916015625,0.09542257557475545832796627346030050517952508539595735328,0,0,0,0,0.1359128810244363023176962432129311508561317991739624263,1.420609973596341600313854108523362436735818279736056,0.0,1,ROOT_OK
kepler,kepler_0002499,test,ordinary,0.48805487107329759144391800873563624918460845947265625,1.11412480961399129578469851509710160818313746396598353,0,0,0,0,1.60194296561062112028795774380721574127691222654074963,0.9850287343525228717959567680317330870029112778895884382,2.039157646249538914596966909142671111156613830646552046e-56,1,ROOT_OK
kepler,kepler_0002500,dev,difficult,0.9999999995329432173660732477212044567776139887545403145,0.006864347227046855494938301667550447411247448216639403509,0,0,0,0,0.3460325722114253730722192165555935022441268671184683127,16.87072883029178727223546939046720977584599618729537973,3.42514760893477239561209285520058038202087479366413039e-57,1,ROOT_OK
kepler,kepler_0002501,dev,high_e,0.970308372214080616657838618266396224498748779296875,2.675869353445441525849942266803767724873603476927195111,0,0,0,0,2.90412589298990228339039125947860062847343886958144195,0.5146472140204791957880326851333644177254052362211913484,4.078315292499077829193933818285342222313227661293104092e-56,1,ROOT_OK
kepler,kepler_0002502,dev,ordinary,0.272284415775898736011839673665235750377178192138671875,2.666191782788075804194784609918498658680443332197000415,0,0,0,0,2.766057626121371051302269159373865435552545908540085093,0.7978876215675133771599938441562583881704320963702790948,0.0,1,ROOT_OK
kepler,kepler_0002503,dev,ordinary,0.1544763603790698935913638933925540186464786529541015625,0.408111882961295057691469796131254901057359078587718492,0,0,0,0,0.4793578469471190021459241865235897067229957626107996718,1.158836540446378064175056807970865026092689743355099771,0.0,1,ROOT_OK
kepler,kepler_0002504,dev,difficult,0.9999999944666486638885401054118962975236072063536708388,0.000001344968048731720153835901337837664979991023032954434329,0,0,0,0,0.02005758797064606517555063907679555134130744806848526442,4971.359843174657967016463729152166802270221555004359925,1.218155240641318489173450538527459320095541862027168466e-58,1,ROOT_OK
kepler,kepler_0002505,dev,high_e,0.92420645448817084766091056735604070127010345458984375,0.7546584956649556690352740285748577206225588692491488717,0,0,0,0,1.673952023438154193413455934742704208344892725573465979,0.9131017762246100392705728259000367211672861402466772992,1.019578823124769457298483454571335555578306915323276023e-56,1,ROOT_OK
kepler,kepler_0002506,cal,ordinary,0.1888978205266995946676189532809075899422168731689453125,2.596409591904581626216151856784907110513088674492100713,0,0,0,0,2.680461782061126308793275658064669871857455994108075859,0.8553094989178307238791755272846055601476299586093818087,4.078315292499077829193933818285342222313227661293104092e-56,1,ROOT_OK
kepler,kepler_0002507,cal,ordinary,0.48107768543113571535485561980749480426311492919921875,0.4685538682592178249473839864683936236696299258626483995,0,0,0,0,0.8204343244486896339553124405181138845111965688663805574,1.4882028670853580763431739214803405795493756759815474,0.0,1,ROOT_OK
kepler,kepler_0002508,test,difficult,0.9999999844366740267232376204508420960531420643999722175,0.0000005112038615311919638429939693291016744682326688560120109,0,0,0,0,0.01452733489224017814396735237354789890470128416288250297,9475.490350310800966163146282857883775656334982901802162,1.20084747939976718880045611037788334955140022318291272e-59,1,ROOT_OK
kepler,kepler_0002509,test,high_e,0.9069313607232742935337910239468328654766082763671875,2.443415234445521303914499505920192765973294521299879722,0,0,0,0,2.771475049174021854528473743673669626885368473235816581,0.5418531922723056007758299626560840148529233319647156708,8.156630584998155658387867636570684444626455322586208185e-56,1,ROOT_OK
kepler,kepler_0002510,dev,ordinary,0.005363298442550535130579625331392890075221657752990722656,2.781313191184550102008955939424736284056884785498568962,0,0,0,0,2.783194500151539962902872120092057169197429281053309149,0.9950025855962485944030682951680625000970986693420737236,0.0,1,ROOT_OK
kepler,kepler_0002511,dev,ordinary,0.56398267493166154284978119903826154768466949462890625,2.326041282330606440025625576842029316372282552749522767,0,0,0,0,2.611297123361783092804189261170166216368061696011455902,0.672710314473389706260458005275556655421656533646172372,4.078315292499077829193933818285342222313227661293104092e-56,1,ROOT_OK
kepler,kepler_0002512,dev,difficult,0.9999999997007485630913164187077344458799549888857504742,0.001073745831396655880907121765891507990145004939346204206,0,0,0,0,0.1861809112051616586815683133349818178918231841384069623,57.86481322734505482881491720455976067779353374832772184,4.181866266722687227200811044140243489676649457380624313e-58,1,ROOT_OK
kepler,kepler_0002513,dev,high_e,0.987643116556881750511820428073406219482421875,0.1689642918957640125760934063679245040103841731750152531,0,0,0,0,1.000080011217728041875394396043434837736085514871085025,2.143895506690937232403608538708567053326980454046610932,0.0,1,ROOT_OK
kepler,kepler_0002514,dev,ordinary,0.29371573199658695951796971712610684335231781005859375,0.3049889405462017616323142256706701161809982338099316841,0,0,0,0,0.4264935626002938475880181767068519362288081322379240643,1.365011113277464761101945572490273536769574361433639794,0.0,1,ROOT_OK
kepler,kepler_0002515,dev,ordinary,0.007818318520033108037781133248245168942958116531372070313,2.823287227481921081407210264110597939209337995231282328,0,0,0,0,2.825715987217609343051425002480807116277865785146126149,0.9926233172548193526418160748679770971190736844206860349,4.078315292499077829193933818285342222313227661293104092e-56,1,ROOT_OK
kepler,kepler_0002516,cal,difficult,0.9999999275521356300499167763822783318592429799513825271,0.005893445291522807950410577597054736763475474809502101689,0,0,0,0,0.3288180398953302577841578327937505825747113382624896867,18.66528990790653134710163852342836334516512364520192329,5.018239520067224672640973252968292187611979348856749176e-57,1,ROOT_OK
kepler,kepler_0002517,cal,high_e,0.92774358972557469105169047907111234962940216064453125,0.5347352449462764521481817230430688030539984496239422604,0,0,0,0,1.456416759221746276417084745136564552823900999201041499,1.118422717505626285771184532037964944787546424510265654,1.019578823124769457298483454571335555578306915323276023e-56,1,ROOT_OK
kepler,kepler_0002518,test,ordinary,0.2147961989374178315426178187408368103206157684326171875,1.922947673113627348960384211099906620907810632605523318,0,0,0,0,2.107538982678345561621828667985749141720122373194105881,0.9010358427280156467560421230782567560539592107201813045,6.117472938748616743790900727428013333469841491939656139e-56,1,ROOT_OK
kepler,kepler_0002519,test,ordinary,0.82679084022590476621417110436595976352691650390625,2.66028038105172083719210825912238522781860019015585595,0,0,0,0,2.876721640582385634389673342890306318082798332890087608,0.5561866529975351377845511617494767668298307832821445137,8.156630584998155658387867636570684444626455322586208185e-56,1,ROOT_OK
kepler,kepler_0002520,dev,difficult,0.9999999999836579508984723578451794656459443453332321384,0.001352841911624114520855769532219013595562859605855987601,0,0,0,0,0.2011062286320562334060296972038037458845938388795658549,49.61844530453820087578014996897825707970937010186666569,2.509119760033612336320486626484146093805989674428374588e-57,1,ROOT_OK
kepler,kepler_0002521,dev,high_e,0.98881582321513905586840564865269698202610015869140625,1.094771114952652841103145035723240243892148575355575212,0,0,0,0,1.995671511145068969926397301737135398639625793359027127,0.7104306789528656406584534969553452522206006374213619816,2.039157646249538914596966909142671111156613830646552046e-56,1,ROOT_OK
kepler,kepler_0002522,dev,ordinary,0.86904235966487897169230336658074520528316497802734375,2.455028155555356247238958505627902915962201145027509975,0,0,0,0,2.77031899088740321013009336268424883004257557319336003,0.552537766422369240927396761070917201468977282069755147,0.0,1,ROOT_OK
kepler,kepler_0002523,dev,ordinary,0.251397574201821072392704081721603870391845703125,1.900594179125957114898184044093253945371028672380115907,0,0,0,0,2.115597070303464873851140436164349491652473619717187877,0.8847316628043359803386051589204157237855156120215521154,2.039157646249538914596966909142671111156613830646552046e-56,1,ROOT_OK
kepler,kepler_0002524,dev,difficult,0.999999998761623141065572149435992778412053713565414029,0.0000001481078678380325421564509960527305381149955938477839907,0,0,0,0,0.009613882839603990056156465903645571119840223546469661041,21638.34560578654445793010574232942071652394960010179984,6.075947924614813944143198477509148648185677849890061425e-59,1,ROOT_OK
kepler,kepler_0002525,dev,high_e,0.90397514168348724883372824479010887444019317626953125,0.3710271957161787718567975765515934548118887132139770235,0,0,0,0,1.219926985334425244828533051534255481830050238807309509,1.450766487821265519979864233287258236421014118493242474,5.097894115623847286492417272856677777891534576616380115e-57,1,ROOT_OK
kepler,kepler_0002526,cal,ordinary,0.1569290853399274154877929277063230983912944793701171875,0.4002958940249827985235130575564501532077751775536119139,0,0,0,0,0.471589181917237690616298705554540937642108564569023985,1.162520174580421553245237285182662644665910156855472667,5.097894115623847286492417272856677777891534576616380115e-57,1,ROOT_OK
kepler,kepler_0002527,cal,ordinary,0.75318392785840548864229049286223016679286956787109375,0.6111602143694493574790203875713490394841375139768307214,0,0,0,0,1.345271110032505158867160287871885602854954734768104975,1.202538390264962553962122918424177932529081897994813002,0.0,1,ROOT_OK
kepler,kepler_0002528,test,difficult,0.9999999976559597446943883629633636819818997608318520417,0.007990632895733765840203094879329256041153983828050497715,0,0,0,0,0.3640858236793210986504448193479165025632744501103371448,15.25545639831116823576447553000041270869422042003418924,3.664111395604640237166424914865737152859540476943023208e-57,1,ROOT_OK
kepler,kepler_0002529,test,high_e,0.90042747040945603220762905039009638130664825439453125,2.4647575931686293709539332026378842124747612400942066,0,0,0,0,2.781789282877636944968543023681998474291897871859039518,0.5426614481803335301503523792025271321334462225882100118,8.156630584998155658387867636570684444626455322586208185e-56,1,ROOT_OK
kepler,kepler_0002530,dev,ordinary,0.33108945258044608639380612657987512648105621337890625,2.396063045366481782050414232104230662433670693920241366,0,0,0,0,2.574045320718195747837180814652757849628988029388290166,0.7817496457881449225860634259639754791799331945846806614,4.078315292499077829193933818285342222313227661293104092e-56,1,ROOT_OK
kepler,kepler_0002531,dev,ordinary,0.35115018368151140748523175716400146484375,1.948302061189918315274199834786490166559423016032595476,0,0,0,0,2.226607401235007644898204686119469623843396786029753991,0.8236335540654400851836094848332076347557678839772529126,4.078315292499077829193933818285342222313227661293104092e-56,1,ROOT_OK
kepler,kepler_0002532,dev,difficult,0.9999999587511914567060957692602968018149209259379354603,0.00000003479358221727638261023428741350449804652265601431534023,0,0,0,0,0.005918310683679233543067617144762829807778698062052163954,56965.78261505356840111968647795105165559680755342570324,2.948031944619570158335532687977283465928057936568982594e-59,1,ROOT_OK
kepler,kepler_0002533,dev,high_e,0.95525321567722276672185444112983532249927520751953125,1.613968127848047564742915794242316237787465038025129771,0,0,0,0,2.316018989130821446274954193734810200496590224018805974,0.606873047820684045380762097398710639336421916404327767,0.0,1,ROOT_OK
kepler,kepler_0002534,dev,ordinary,0.44109160182295126251261763172806240618228912353515625,0.7924245461500006555523676633614778087244884731352534546,0,0,0,0,1.204208112613860173097078450428036806749536076946665305,1.187791690326016970320021950896169219854988101553987932,0.0,1,ROOT_OK
kepler,kepler_0002535,dev,ordinary,0.5675339299624917455133754629059694707393646240234375,2.520945095270146676585413642768149273970966430945720588,0,0,0,0,2.741829436800823791543685467398882498795507896018984978,0.6566912283240098956686185465053159418543295097526916375,0.0,1,ROOT_OK
kepler,kepler_0002536,cal,difficult,0.9999999994549147806794395896692753180397340166688226084,0.001652795268648128662308027490829135052529913182340485716,0,0,0,0,0.2150097049561822532117538299467699069007955484932753854,43.42977643528243325587596883354820430828268092415719195,1.652832857799919237417463412684000998300770976012341991e-57,1,ROOT_OK
kepler,kepler_0002537,cal,high_e,0.934998899841747999062135932035744190216064453125,0.6964867805151171558036532065303824923258943626965312973,0,0,0,0,1.62985552157145936139877908246887980774371178118607433,0.9476982521570013803640789440792063298343401398407167249,1.019578823124769457298483454571335555578306915323276023e-56,1,ROOT_OK
kepler,kepler_0002538,test,ordinary,0.09808552341059405266232573694651364348828792572021484375,0.3739784888668930823052307416545073138957932531563540811,0,0,0,0,0.4133801337521558359759391866401732373298195232118000395,1.098688130269782243121274386080513844697541569130284873,5.097894115623847286492417272856677777891534576616380115e-57,1,ROOT_OK
kepler,kepler_0002539,test,ordinary,0.51629914532532250603935608523897826671600341796875,0.210258971811928011835391376445053611158910537191959815,0,0,0,0,0.4214853441032113520087346132125120449126140742814348553,1.890765970489107400757033044795562691103491493124341694,0.0,1,ROOT_OK
kepler,kepler_0002540,dev,difficult,0.9999999978293171591199685679754181109250677885196533174,0.0000003128442098971279456976405270637287793581773243626450128,0,0,0,0,0.01233526549991994164073305036239048221295381564285941328,13143.95638040820560889982104137840834375147440654500926,9.810972524002956222669313484787727123055569434749465058e-60,1,ROOT_OK
kepler,kepler_0002541,dev,high_e,0.93589369390723564645639953596401028335094451904296875,1.302380686031811859154343127284594316450574711038942337,0,0,0,0,2.106949764766726453127559395828228111901071445209493351,0.6765509167770103553321744921951702450673669197674371663,4.078315292499077829193933818285342222313227661293104092e-56,1,ROOT_OK
kepler,kepler_0002542,dev,ordinary,0.8115531139447018649235587872681207954883575439453125,1.726234842565785259865292114464434433774299674499007841,0,0,0,0,2.320308828969018178445879009895730048402340515343218609,0.6439579140306067573151689799867142460007034300568231818,2.039157646249538914596966909142671111156613830646552046e-56,1,ROOT_OK
kepler,kepler_0002543,dev,ordinary,0.55783467165787270491961180596263147890567779541015625,1.912531715395755689239147265813868102197100532769824935,0,0,0,0,2.32072156263335044144651302804843926938210098743386906,0.724526788145956025769859792625531204817136950675988831,4.078315292499077829193933818285342222313227661293104092e-56,1,ROOT_OK
kepler,kepler_0002544,dev,difficult,0.9999999963785546084052521362541950936260297333961126901,0.002372011450160786941902787923209896849430498032882297124,0,0,0,0,0.2425764164638299158254329594016558689634835293970461129,34.15572021775740276317915004069407464493343338247657557,3.186183822264904554057760795535423611182209110385237572e-58,1,ROOT_OK
kepler,kepler_0002545,dev,high_e,0.93604473095299345342112928847200237214565277099609375,0.3868803494050176090509631914065834614910183372693879774,0,0,0,0,1.284941207690288899516131798346415823260590722004250187,1.358592274115705482549753574949574420316693164501290511,1.019578823124769457298483454571335555578306915323276023e-56,1,ROOT_OK
kepler,kepler_0002546,cal,ordinary,0.669943613528403147938661277294158935546875,2.664002074170333305409186262760001204160712216765599766,0,0,0,0,2.854017014354505886229756160914899691875339386688630928,0.6088532436128123929987912430410703078099699198589150962,4.078315292499077829193933818285342222313227661293104092e-56,1,ROOT_OK
kepler,kepler_0002547,cal,ordinary,0.299230638230179979419887104086228646337985992431640625,0.3350900920338310175254245264700572689471666125218009182,0,0,0,0,0.4708285391581199954549404645553275717507812753619372574,1.363646606163563287241744458781509659978746580499718089,5.097894115623847286492417272856677777891534576616380115e-57,1,ROOT_OK
kepler,kepler_0002548,test,difficult,0.9999999890809469442502838129637826598721258737072731929,0.0000246965522165477258739671196962962708700691364042234983,0,0,0,0,0.05291913589013184359935527620871451531635175898948440983,714.3359026144658922725063233364624504988660411413712061,2.80035687503751376821482882420105590826561347592452521e-59,1,ROOT_OK
kepler,kepler_0002549,test,high_e,0.9822837812524698453131577480235137045383453369140625,2.592490483876869226640528505221750635812143931013735899,0,0,0,0,2.862805239529223482836848898412796514437842490522496215,0.5143086731414554624599508681265883007287235511823577256,8.156630584998155658387867636570684444626455322586208185e-56,1,ROOT_OK
kepler,kepler_0002550,dev,ordinary,0.337947012152002346230261764503666199743747711181640625,2.908783853752051338554110502875152590557688121718318539,0,0,0,0,2.967365851958686603946602551113187770368690723180170085,0.7502827891237245065417962508001692143475706035223360378,8.156630584998155658387867636570684444626455322586208185e-56,1,ROOT_OK
kepler,kepler_0002551,dev,ordinary,0.287288827651384026662384485462098382413387298583984375,2.536982142538359697199209228716935402427141088495142139,0,0,0,0,2.66800850906804656365647123436131870473988034104457096,0.796387818017844333660860108371111249054238695505452132,8.156630584998155658387867636570684444626455322586208185e-56,1,ROOT_OK
kepler,kepler_0002552,dev,difficult,0.9999999973590249834755218494430583747465900042855302089,0.0001166119375316666506416959270048108281608878989374797004,0,0,0,0,0.08878811962439080657758212839218173296218687131519756346,253.8664527023322077159044182613458855438364194272966758,7.181359630651757530044249918062263373641151002704226872e-58,1,ROOT_OK
kepler,kepler_0002553,dev,high_e,0.9459537615552076061931074946187436580657958984375,0.993369806826887922294723536151804402284186036112089671,0,0,0,0,1.891186462065136395891904324232034562374939815798581443,0.7704660551568400249889881148222439432638812014426569851,2.039157646249538914596966909142671111156613830646552046e-56,1,ROOT_OK
kepler,kepler_0002554,dev,ordinary,0.49703944912217556950650987346307374536991119384765625,1.099591903534501693422975417251909135491842731250652763,0,0,0,0,1.596467583812978436904841026554086082810510843107589769,0.9874024957746131266430515795654196655385862489280422721,2.039157646249538914596966909142671111156613830646552046e-56,1,ROOT_OK
kepler,kepler_0002555,dev,ordinary,0.852232693990753631396728451363742351531982421875,0.8990247068037552713970937241936099740883908670317220299,0,0,0,0,1.739201190293452620227418698359868058986651447673533229,0.8750110462825169603526011764861369520241127434142283447,1.019578823124769457298483454571335555578306915323276023e-56,1,ROOT_OK
kepler,kepler_0002556,cal,difficult,0.9999999941416952103910865225920216924203520673216820989,0.000001877894468347799998295745088361731590509368594322799388,0,0,0,0,0.02241821302481250803741248047835875650137137395847449917,3979.569363122068810975126849914306114773549189135554573,2.242813599986642103390390335382692902085230570683163142e-58,1,ROOT_OK
kepler,kepler_0002557,cal,high_e,0.986648585434550806638753783772699534893035888671875,0.8315566291578250548523304852330980200804106620018058981,0,0,0,0,1.793778152768019933576384768484876006622800096238866809,0.8208926425585214886893099463553002654326696788145812921,0.0,1,ROOT_OK
kepler,kepler_0002558,test,ordinary,0.1797124834792534209260139732577954418957233428955078125,3.038231965539759378191528633818768765737823751361298464,0,0,0,0,3.053960422498650260113131160941147208295752637471448545,0.8481599594685167027735281202410118959900651839110348389,0.0,1,ROOT_OK
kepler,kepler_0002559,test,ordinary,0.526373569177604139213144662790000438690185546875,0.2661029939156887491527313485594987641733455724947905978,0,0,0,0,0.5340308728556951269972668862975927177778778478156183483,1.828429459701393687252603601867443721097253353354560653,0.0,1,ROOT_OK
kepler,kepler_0002560,dev,difficult,0.9999999998035942948786854022106451821721303000088187766,0.0000008919543444224110918759034845671378047738588478510707726,0,0,0,0,0.01749173740666111533327372261642972903299943463160033662,6536.941726408444861877035844573108661079758217762577925,5.344986716000421244401706266192084836019471276790664958e-59,1,ROOT_OK
kepler,kepler_0002561,dev,high_e,0.9403548323163464228713337433873675763607025146484375,1.212747967115247331089811380173149127703605256457030338,0,0,0,0,2.048034173008440209466249208477714598609596934603331905,0.6983577986425899650549651125409241133371920744499785807,2.039157646249538914596966909142671111156613830646552046e-56,1,ROOT_OK
kepler,kepler_0002562,dev,ordinary,0.075009554553348734007300890880287624895572662353515625,2.917463718110129914894394679106575633670931994210997394,0,0,0,0,2.932997150706802133737471101241728602351381610988342681,0.9316334295142116363939452818751664960491601895540887084,4.078315292499077829193933818285342222313227661293104092e-56,1,ROOT_OK
kepler,kepler_0002563,dev,ordinary,0.8317930375398201459091751530650071799755096435546875,0.8060504059462999873688913837924991556343731063339174374,0,0,0,0,1.636071974892524549896270047285413128997954160000495529,0.9485350676737308139764116477164767061242238939571530386,1.019578823124769457298483454571335555578306915323276023e-56,1,ROOT_OK
kepler,kepler_0002564,dev,difficult,0.9999999927507571931846465066300616594507629320469382878,0.00002594866964981441620565478868015006211118180554803391263,0,0,0,0,0.05379900262216567396247474629695601732931677081784148736,691.1688008206986139614928411401540418215337569483640014,5.622494303547541532404661872590342251373292834439574505e-58,1,ROOT_OK
kepler,kepler_0002565,dev,high_e,0.9720973247116699855752131043118424713611602783203125,0.8954947929106204251644752720800462632480565149509420735,0,0,0,0,1.834091355281300388792122555247295045156935988818974472,0.7980837135418807379480387087627165143927012125134916026,2.039157646249538914596966909142671111156613830646552046e-56,1,ROOT_OK
kepler,kepler_0002566,cal,ordinary,0.041142295309715526396843188194907270371913909912109375,2.916144069489185541251196307458548116485850319003866244,0,0,0,0,2.924986231262322602809040357220040007015852138373975435,0.9613712393990090746487032589718212020537825465002040829,4.078315292499077829193933818285342222313227661293104092e-56,1,ROOT_OK
kepler,kepler_0002567,cal,ordinary,0.48561750845633555595526331671862863004207611083984375,2.966432286171783182808129602553748045301070734280569792,0,0,0,0,3.023599137205508547895669140067289545159048994010324266,0.6746541530424983278309421899091067720050291661574517881,4.078315292499077829193933818285342222313227661293104092e-56,1,ROOT_OK
kepler,kepler_0002568,test,difficult,0.9999999906483368086176962296334783748269857712578682224,0.000005490191776475797899491573789102697063628764973127412928,0,0,0,0,0.03205623080876920620043099558460167462976804806339673423,1946.410201756801527256481788281627032802759621854022974,6.073662911192474306172606516489401258816086116671859122e-58,1,ROOT_OK
kepler,kepler_0002569,test,high_e,0.921591620262756094916767324320971965789794921875,1.433613969044118879527371235391335560057287434660589664,0,0,0,0,2.186154850638974121542321878122013747233335121157375105,0.6527457847271391261020056023813477040047555708699993081,0.0,1,ROOT_OK
kepler,kepler_0002570,dev,ordinary,0.00894638238970435484276322313235141336917877197265625,0.580715075522645993060646160250378716687681527062050666,0,0,0,0,0.5856601854049786047304908145025816598547761023993978874,1.007511445218465683223543363683298365654660054518123208,1.019578823124769457298483454571335555578306915323276023e-56,1,ROOT_OK
kepler,kepler_0002571,dev,ordinary,0.455448451914936380813259120259317569434642791748046875,0.3282319598653811595311722811097588285348716994687284489,0,0,0,0,0.576489821060015268085767921428521320960086915361916726,1.617702581736412575620788180137840146908386914044057667,5.097894115623847286492417272856677777891534576616380115e-57,1,ROOT_OK
kepler,kepler_0002572,dev,difficult,0.9999999202131632736167306909620061039750433694842985637,0.009431182462844073624758171703019668260777706462862968248,0,0,0,0,0.3848672972271780891237180514543268539673564192915830245,13.6702014177834419300914848165018475188226748667694466,1.274473528905961821623104318214169444472883644154095029e-57,1,ROOT_OK
kepler,kepler_0002573,dev,high_e,0.9850892085437352729826443464844487607479095458984375,2.29084972988623898908858308891627004719556898291325573,0,0,0,0,2.706267247500634922206476890270630316059115515435544946,0.5282026516314409323938975183676146904206446035218722725,4.078315292499077829193933818285342222313227661293104092e-56,1,ROOT_OK
kepler,kepler_0002574,dev,ordinary,0.4807854442558736618451575850485824048519134521484375,0.3897016142680460459968472128251442613182218519316683252,0,0,0,0,0.6991016192114774400214746961675565929339360997552301936,1.582286237939773661029071538352980755108298195976439192,1.019578823124769457298483454571335555578306915323276023e-56,1,ROOT_OK
kepler,kepler_0002575,dev,ordinary,0.0757341507994160056949084491861867718398571014404296875,2.449814634947583671602732643597599450634947986637004129,0,0,0,0,2.495417005860694788044259430970654622480537842652131447,0.942982051147957733479469573301580874266214495338708587,0.0,1,ROOT_OK
kepler,kepler_0002576,cal,difficult,0.9999999944756702887950124028054683853189147157429270837,0.00001580001855503220199529640670470818255388649004693265963,0,0,0,0,0.04559833921890851509285660850096476928834563402775712914,962.0660517838802803844672120870731063180722103686015108,9.645673680684769646073299283359192572914890861517809056e-60,1,ROOT_OK
kepler,kepler_0002577,cal,high_e,0.979314740597916344455597936757840216159820556640625,1.713052746853401601924314425559594777635356186149620228,0,0,0,0,2.385175845352254891152139671296434073965619229610209078,0.5840249882229284863123645206228588665297180593085289599,4.078315292499077829193933818285342222313227661293104092e-56,1,ROOT_OK
kepler,kepler_0002578,test,ordinary,0.828647051063785777813563981908373534679412841796875,2.897950447238206969176427519613616762105387264381589409,0,0,0,0,3.00817713916469026511770165442072525716339263239230984,0.549063444793974618480563938157390309410327317104830832,0.0,1,ROOT_OK
kepler,kepler_0002579,test,ordinary,0.328455451070475579200547144864685833454132080078125,0.006648610247292115633703566766092548968347821477895775891,0,0,0,0,0.009900396235970631201599546676788987786415204206491933301,1.489068792056149193924209360310339891963894994230881017,7.96545955566226138514440198883855902795552277596309393e-59,1,ROOT_OK
kepler,kepler_0002580,dev,difficult,0.999999999788157447986747553820010368076464547746413277,0.0003739269908206081704211820857339480986832949200978644376,0,0,0,0,0.1309493859595313939231339648889794680219117340377506704,116.8002409216799535049009984268300056525241176151735277,2.529033408922767989783347631456242491375878481368282323e-57,1,ROOT_OK
kepler,kepler_0002581,dev,high_e,0.94469384482609652931017762966803275048732757568359375,1.395469850515959239988034886175130108136184030559240488,0,0,0,0,2.173639556890630886008254435997841499953925477470220013,0.651198977562231567483316319468077791184089823196041779,2.039157646249538914596966909142671111156613830646552046e-56,1,ROOT_OK
kepler,kepler_0002582,dev,ordinary,0.50203631459651487656259405412129126489162445068359375,1.365184813870517530024677391078798583263478695702764921,0,0,0,0,1.848048902061707663049654123382685081721479436202324058,0.8791869948495140945242536527500278090270573722158127399,2.039157646249538914596966909142671111156613830646552046e-56,1,ROOT_OK
kepler,kepler_0002583,dev,ordinary,0.2422639850978812459114664079606882296502590179443359375,2.884527960581091879111345457945417443412650759727941642,0,0,0,0,2.934371635810526613984672256460292495898603088708134741,0.8083544421562693018915879041180629134840935211598798701,8.156630584998155658387867636570684444626455322586208185e-56,1,ROOT_OK
kepler,kepler_0002584,dev,difficult,0.9999999293157840920999102091453910965469611456309030666,0.0000003163556410988178136109397960658065854500767295559447095,0,0,0,0,0.01237018113363281629085428276590425206110399287672995675,13058.17259899036484371681764467235186048382125649676344,1.284809568344034311677313912103494869578739016115580342e-58,1,ROOT_OK
kepler,kepler_0002585,dev,high_e,0.94852873133001291972021817855420522391796112060546875,0.3347377487236466980408159155660816562493869643278813753,0,0,0,0,1.228116848221847910095129882568723402375888545057331059,1.467818849329206484986165019503207076427481450102380639,1.019578823124769457298483454571335555578306915323276023e-56,1,ROOT_OK
kepler,kepler_0002586,cal,ordinary,0.00626275488612126896015297461417503654956817626953125,1.199270749805390496763294958019175685070970563827155133,0,0,0,0,1.205119423406703562593627272303129778517815178090716819,1.002244471809967689494585542976090664031635748977123397,0.0,1,ROOT_OK
kepler,kepler_0002587,cal,ordinary,0.108218742344019680512445802378351800143718719482421875,1.224049200619838190243792891475998824966664596998234486,0,0,0,0,1.329122982597284173870506704759793147668765262411454552,1.026588371989119939666446172018004621099562973193035717,0.0,1,ROOT_OK
kepler,kepler_0002588,test,difficult,0.9999999990950411271599683905372077897104987060972656135,0.00002705224795581229132971700595421141855281567744166764052,0,0,0,0,0.05455143080037101623170548239594396338204807564427556642,672.2412259291673233434006858407094470688394506981906756,5.504257013268179839968924655568519890802078043233872329e-58,1,ROOT_OK
kepler,kepler_0002589,test,high_e,0.90860779631825849822490681617637164890766143798828125,1.454315453561532723955000522055111315936424432563372603,0,0,0,0,2.192768926068082305570787662292745501909554316123122761,0.6538551258372991242933023749475967172272382199073156859,4.078315292499077829193933818285342222313227661293104092e-56,1,ROOT_OK
kepler,kepler_0002590,dev,ordinary,0.59144270598012382844643752832780592143535614013671875,1.552972838942624135973379746205056015863647933684324892,0,0,0,0,2.071743763018761177199446914613257462353149223284359583,0.778789288905043454985761788583232719716128239578306343,2.039157646249538914596966909142671111156613830646552046e-56,1,ROOT_OK
kepler,kepler_0002591,dev,ordinary,0.2305911890344724268775422615362913347780704498291015625,0.2002377119095587631493840144217581817699301829457673775,0,0,0,0,0.2593800633547493522965688076763066008956781987549151523,1.286798780092132539492824902062182057418778619201872152,0.0,1,ROOT_OK
kepler,kepler_0002592,dev,difficult,0.9999999990222081320802634501098081714459371952859500658,0.00003353305262821705215971706738241244013700159095280234968,0,0,0,0,0.05860023926133867938757607804337940584659039859178115815,582.5795744774104853724218992001264030977892034353809787,2.707011645869596642607667863394354044656759693393707703e-58,1,ROOT_OK
kepler,kepler_0002593,dev,high_e,0.906330160978316978770408240961842238903045654296875,2.717690787459892248133604071997484839438916329468739984,0,0,0,0,2.918347829649396124502633576394040518700249551989703827,0.5308309679436584831263730712008987528001018216726064092,8.156630584998155658387867636570684444626455322586208185e-56,1,ROOT_OK
kepler,kepler_0002594,dev,ordinary,0.591736548740389167733155773021280765533447265625,2.055832892508216803493424514201085280866938146329963039,0,0,0,0,2.438457218419048852237367755422165096377418576612345025,0.6889958256393124043804599950024914097513038621924107643,0.0,1,ROOT_OK
kepler,kepler_0002595,dev,ordinary,0.59899745247121349844832138842321000993251800537109375,1.93079012003465549751921292945248585975893073942189002,0,0,0,0,2.354895230912323530944785853012447340114774331256795263,0.7027384687427485250914611250597003777539766331301941367,2.039157646249538914596966909142671111156613830646552046e-56,1,ROOT_OK
kepler,kepler_0002596,cal,difficult,0.9999999999764312988967789660912591719731020536131198086,0.000001172078122660396558256570423595645682895877931105920465,0,0,0,0,0.01915895737394522059002521764083683579737513607659207766,5448.782621574637568728360270765134833324973528334533851,2.351716367349212083265411456323845076295559983635783567e-58,1,ROOT_OK
kepler,kepler_0002597,cal,high_e,0.96196885566274337175940445376909337937831878662109375,1.425965104725815160118890627234234854315009424545815111,0,0,0,0,2.202369731056171238243154279424238441055418027843311317,0.6377708797588416567415205117427674083081035099466582368,2.039157646249538914596966909142671111156613830646552046e-56,1,ROOT_OK
kepler,kepler_0002598,test,ordinary,0.1342296918256007665082307767079328186810016632080078125,0.5282487734754345632299594576484343763553202876381299386,0,0,0,0,0.6045430775690954939307501259572300307642942943464773119,1.124150097107650438956962278820718142295498579336147557,0.0,1,ROOT_OK
kepler,kepler_0002599,test,ordinary,0.878531970317777410883763877791352570056915283203125,0.5139814183910665286883964496811957583748906271286999575,0,0,0,0,1.375876868286437820051098363846500163487965120348655807,1.20505256069155361988925868871260473786835707108948727,1.019578823124769457298483454571335555578306915323276023e-56,1,ROOT_OK
kepler,kepler_0002600,dev,difficult,0.9999999786508727759252434445295831681398764343972478166,0.0000006782214183322291705396147724763814695067142965930759693,0,0,0,0,0.01596258927670666973850249275493667248373470431929634318,7848.01413881326796361545290004259093373643923253840804,2.850821639556418964246200218637179103279150052105248425e-58,1,ROOT_OK
kepler,kepler_0002601,dev,high_e,0.93443364986588239862186355821904726326465606689453125,2.007410466262828667364807922392157538294697142876112748,0,0,0,0,2.537886233375563342911571662438594204609309137649382319,0.565207895503900157747300723958129358077987298875948933,4.078315292499077829193933818285342222313227661293104092e-56,1,ROOT_OK
kepler,kepler_0002602,dev,ordinary,0.58956235775536303123089965083636343479156494140625,0.2136425936343210653327566707941461655193736226728133477,0,0,0,0,0.4923033395650866684581285997745350475858104726591853663,2.081381036493881330048854318848701628650077433012577705,2.548947057811923643246208636428338888945767288308190058e-57,1,ROOT_OK
kepler,kepler_0002603,dev,ordinary,0.39549655369562441986630574319860897958278656005859375,2.874233913446040842065804300518471507536103037294256431,0,0,0,0,2.949672547022865716529165828290414367676765384601709577,0.7203390545882785569739698085910165987557965627273226149,0.0,1,ROOT_OK
kepler,kepler_0002604,dev,difficult,0.9999999913481528239407913525170619316663208056641774665,0.00000002221836207949560862029213230661574767109366190649122569,0,0,0,0,0.00510504867714628279685227852561218653945614361100098448,76690.73683560207340014459119313185151342746792017084346,6.06549520364028155768197993241881484575031141070041259e-59,1,ROOT_OK
kepler,kepler_0002605,dev,high_e,0.9057845818315450880930939092650078237056732177734375,2.346672434707436479359590149022787307899163492619682106,0,0,0,0,2.718539219455946107971249776321924914902145340266206184,0.5476660412623127120402706730529505151922773545901040961,0.0,1,ROOT_OK
kepler,kepler_0002606,cal,ordinary,0.53487818741411008449659902908024378120899200439453125,0.1812289172921740968099792147259428993949040000283085197,0,0,0,0,0.3792571314420743841820376041347935205822523649653806071,1.987556714409895263687879852527604830312870273770430703,2.548947057811923643246208636428338888945767288308190058e-57,1,ROOT_OK
kepler,kepler_0002607,cal,ordinary,0.2146242210073187328678301355466828681528568267822265625,1.227399778178626944913827252993012323187022085770526894,0,0,0,0,1.440196242973368185353690266848529013804663518034320979,1.028754011662557750928441332999724301043348298411149178,2.039157646249538914596966909142671111156613830646552046e-56,1,ROOT_OK
kepler,kepler_0002608,test,difficult,0.99999999495051773590801963954061143731816395153860134,0.00000896097767201551638838160068284556323071347427021092473,0,0,0,0,0.03774355313622496857703138692929333888745263657537841331,1404.083426197260441918449231021938508352958958009326935,2.409862666351727126091538804826353112168575152337271972e-58,1,ROOT_OK
kepler,kepler_0002609,test,high_e,0.91078871320122722909928825174574740231037139892578125,1.646190886113034181870912204421524362543342306839183563,0,0,0,0,2.315737175141213408800526859826118677299391410535229265,0.6182573360580242686288109600919621973675517892383348009,0.0,1,ROOT_OK
kepler,kepler_0002610,dev,ordinary,0.71908864804374328372205127379857003688812255859375,0.6169109188732851636050299955431435611757771954532329033,0,0,0,0,1.312064943694028195092298191194328166072031295975618955,1.225463119712404291580745727548933408493712199576804993,2.039157646249538914596966909142671111156613830646552046e-56,1,ROOT_OK
kepler,kepler_0002611,dev,ordinary,0.08345855875937206735937223811561125330626964569091796875,1.952037483736580423626120057214147884399472373845810102,0,0,0,0,2.026962241468140304999751865469910770383808835674022736,0.9645394105793720117879416417888990575853438931497258028,2.039157646249538914596966909142671111156613830646552046e-56,1,ROOT_OK
kepler,kepler_0002612,dev,difficult,0.9999999986305781659404695599455544651136834791741140028,0.0000005881873937426017456345290608689859609257077875706550093,0,0,0,0,0.01522482119042606931954294549968964548487055167845952601,8628.371828434169589202919613383637298417958710525130303,1.421472817922687978386548006284556816768576507102105349e-58,1,ROOT_OK
kepler,kepler_0002613,dev,high_e,0.9892027755832148994130648134159855544567108154296875,0.1400878830960034905462768861537417565017340003347833145,0,0,0,0,0.9374169047634048469145065007502095960802030968447755298,2.412437441760171256003493226683804457260077010717437535,7.646841173435770929738625909285016666837301864924570173e-57,1,ROOT_OK
kepler,kepler_0002614,dev,ordinary,0.1876050027807414644076544618656043894588947296142578125,1.537162928494841760397866128160137849568244683176650955,0,0,0,0,1.72261017241924538506098854302803505597041662883290623,0.9724109884092223738227988235657599498111180132873150818,0.0,1,ROOT_OK
kepler,kepler_0002615,dev,ordinary,0.254967654173173408072017309677903540432453155517578125,2.808356767780416762718379708786439415599134498559279128,0,0,0,0,2.87542294167325892099058578544717910029060097410484729,0.8025752448839634921972234925086037010766317595102973919,0.0,1,ROOT_OK
kepler,kepler_0002616,cal,difficult,0.999999999958394423903460693576979514618175315407663993,0.00001294689365242928578512229258790907943137341041669018434,0,0,0,0,0.04266961940693713086342425054192647166773873078334379426,1098.647398512367454473955406651943530637448609685710897,5.04219812888699006821347789957534566593825181970632567e-58,1,ROOT_OK
kepler,kepler_0002617,cal,high_e,0.97979689291193583500216846005059778690338134765625,1.908446344814573918072317387604847440115934900368553266,0,0,0,0,2.497100785896590635375699007747846101136374050205021686,0.5607723949071151055377968604974495918477202503078674312,4.078315292499077829193933818285342222313227661293104092e-56,1,ROOT_OK
kepler,kepler_0002618,test,ordinary,0.48833034190389412732002938355435617268085479736328125,0.1128919660004102350292292407846574963072268818980620449,0,0,0,0,0.2189684691604420326510392781983125386636315842488469094,1.910840232441582800611061505434727867305804639489735249,0.0,1,ROOT_OK
kepler,kepler_0002619,test,ordinary,0.2111145640446546456470144903505570255219936370849609375,3.115049374610703162100669255652455889220734772977855331,0,0,0,0,3.119675941350392853430703239462794815606245525987827448,0.8257202869365283757175515121609818323200374996897243292,4.078315292499077829193933818285342222313227661293104092e-56,1,ROOT_OK
kepler,kepler_0002620,dev,difficult,0.9999999971695299733194319357682559323779791285791077712,0.003480489047906585571315897126672368607371447048717803356,0,0,0,0,0.2757279671099637269585302146346238918107131343392775687,26.47412050913993365791257378606609247795703849467910179,2.628601653368546257097652656316724479225322516067820997e-57,1,ROOT_OK
kepler,kepler_0002621,dev,high_e,0.97770166196460994711969760828651487827301025390625,2.728626214590241528784886318672750647046040815066633075,0,0,0,0,2.932024676300402583039177271264285941990055248940060168,0.5111663228236892952504429005790514857841081630547571878,8.156630584998155658387867636570684444626455322586208185e-56,1,ROOT_OK
kepler,kepler_0002622,dev,ordinary,0.49166907233515166897319659256027080118656158447265625,0.1461227512951809473242311077241752175732014776837781811,0,0,0,0,0.2837864999642691094932038450094207453009175391553428339,1.89395143549778800940377164748639034099227957797348046,0.0,1,ROOT_OK
kepler,kepler_0002623,dev,ordinary,0.304794478351036846053290219060727395117282867431640625,1.622234494132201516573455636392213847174526415439150686,0,0,0,0,1.909692894112678855800955658675222353336027864527016431,0.9079947983706624327206048570702046288788204096642435725,2.039157646249538914596966909142671111156613830646552046e-56,1,ROOT_OK
kepler,kepler_0002624,dev,difficult,0.9999999866693036153219425395861968976183152679183243149,0.0006602652056475123438150770683627342905480420802563865001,0,0,0,0,0.1582963153180729884067558454125270879552317424063349926,79.98250197034040257660222482273739418683655712655602233,3.285752066710682821372065820395905599031653145084776246e-58,1,ROOT_OK
kepler,kepler_0002625,dev,high_e,0.9848550291379167820338125238777138292789459228515625,0.1441518745376896076217999431497250609074286655498385013,0,0,0,0,0.9387567923749541600260814725875581180764568340173543499,2.391452056069184350854545492742331707094154914730977087,1.019578823124769457298483454571335555578306915323276023e-56,1,ROOT_OK
kepler,kepler_0002626,cal,ordinary,0.01884372335317630042794689870788715779781341552734375,2.562557539476944651876311763388302836792053538009061341,0,0,0,0,2.572708507667045698303431335234884036519577765743862724,0.984372218922603563517038124741392883526761373372553028,0.0,1,ROOT_OK
kepler,kepler_0002627,cal,ordinary,0.353224870531071044599258357266080565750598907470703125,1.510970249586452964665380303033381562793731870704269141,0,0,0,0,1.850470700585565616806571993400459738099231757525320623,0.9111574613358213611669455824153994029011297748960222524,2.039157646249538914596966909142671111156613830646552046e-56,1,ROOT_OK
kepler,kepler_0002628,test,difficult,0.9999999999812709461710357829246427732531097896601770713,0.000003379884907226353139315180719334188235975296242142552286,0,0,0,0,0.02727028949811928396349232805702049531517670850484041128,2689.536183820136419607185644656502468289931182045529695,2.382636974511084631122783524591065068615992799099116866e-58,1,ROOT_OK
kepler,kepler_0002629,test,high_e,0.90104670203648529192008709287620149552822113037109375,0.4950357389057011662226552530169004536141716948505341462,0,0,0,0,1.379676258574061343793426957351319726808996383464507067,1.206507878439907763280281015461077959460911937834167035,5.097894115623847286492417272856677777891534576616380115e-57,1,ROOT_OK
kepler,kepler_0002630,dev,ordinary,0.2165404576601673014568660846634884364902973175048828125,2.834225625910315939778836688482417661259559028472266326,0,0,0,0,2.88845635150055151342129451541425561263819367392644131,0.8266924531843092776638231926180160357766211905089267789,0.0,1,ROOT_OK
kepler,kepler_0002631,dev,ordinary,0.62022892099616588890143020762479864060878753662109375,0.2977912515328289945518757558875580411977257886790420774,0,0,0,0,0.6949557347072902087334523718158471272275402692400780075,1.909806339172484682796944793274441934165661842261118169,5.097894115623847286492417272856677777891534576616380115e-57,1,ROOT_OK
kepler,kepler_0002632,dev,difficult,0.9999999747272313727805530329386768816710969471891204885,0.0000002108434114316761145200375721771747356626059730973614028,0,0,0,0,0.01081061085328823993418962010925248367479162317037175883,17105.90183505921138227391460381734430459084205526124047,1.008541722121800422998828412215951463350972547765908216e-58,1,ROOT_OK
kepler,kepler_0002633,dev,high_e,0.90532806009733934882177663894253782927989959716796875,2.184437275943748841160289347337998368221470484259144741,0,0,0,0,2.628689673364585061776686682851407354877585164937578075,0.5590234382557487914836479721825917760039034841274661511,4.078315292499077829193933818285342222313227661293104092e-56,1,ROOT_OK
kepler,kepler_0002634,dev,ordinary,0.57673161347547985400296965963207185268402099609375,2.805305047267194801091172639841507682378563501870299209,0,0,0,0,2.927716142762158310687688132447767266551651778754932582,0.6395534155635000802798708435295554433907606661446140165,0.0,1,ROOT_OK
kepler,kepler_0002635,dev,ordinary,0.2215371003441922448384815425015403889119625091552734375,0.9437155790219127233071088741774316511508642314182497935,0,0,0,0,1.145519130117640292974602640886178139854507173096541807,1.100594676069141639504264844646076616620333654114323894,0.0,1,ROOT_OK
kepler,kepler_0002636,cal,difficult,0.9999999726664086825656963505687421611515315529222743961,0.000005095866121131903048777719165868901859539176082704504017,0,0,0,0,0.03126841631349809286238218491288027532441748504686160701,2045.640612041942648522326507323750602637679030815306076,4.035625407692950397082925538876410570022778531415676886e-58,1,ROOT_OK
kepler,kepler_0002637,cal,high_e,0.9204298281788843016926193740800954401493072509765625,0.09821520871854235044704815298214086472980521369620269392,0,0,0,0,0.6692427502809340988524828523010743479077143582118813318,3.595640828656204142876750470856557258217256713459208589,8.921314702341732751361730227499186111310185509078665202e-57,1,ROOT_OK
kepler,kepler_0002638,test,ordinary,0.8583819861237518278329616805422119796276092529296875,1.96028819810430564271234130763709376090979365426933261,0,0,0,0,2.484561275693324732785097600762495678767291614732351329,0.5953534584573062876644399673131992871728791282255834503,0.0,1,ROOT_OK
kepler,kepler_0002639,test,ordinary,0.51739762508608289071077024345868267118930816650390625,0.9954744782395503938147854002916402143715456158959988609,0,0,0,0,1.511977348233523980868004272798257223707267108290639669,1.031369362078864280073995492764633232808363868867434445,1.019578823124769457298483454571335555578306915323276023e-56,1,ROOT_OK
kepler,kepler_0002640,dev,difficult,0.9999999924944721108537473126099087924054857872802875354,0.0000006081545379715170436913633361360835584512840873681851253,0,0,0,0,0.01539439446630642579849344646195099724372787851552936828,8438.900104163245667771902080588060029593582935718824525,6.459295389192431931337190235822088332850163305752298948e-59,1,ROOT_OK
kepler,kepler_0002641,dev,high_e,0.9894488587745950969321029333514161407947540283203125,2.003047800966985711659119709249627251899279690245546839,0,0,0,0,2.552660396665707077676864090465375876018914184250682367,0.5486183916355269468012567185961304697709654444429873929,4.078315292499077829193933818285342222313227661293104092e-56,1,ROOT_OK
kepler,kepler_0002642,dev,ordinary,0.6302154827473811504745526690385304391384124755859375,1.693229077562724542587686589038558620401408795029282934,0,0,0,0,2.202009654765828371184761632126497723195189615740188852,0.7289130523499017421289000569076653799661465586848298223,2.039157646249538914596966909142671111156613830646552046e-56,1,ROOT_OK
kepler,kepler_0002643,dev,ordinary,0.81182767023000323991510640553315170109272003173828125,2.001372087315707226395024364981004118712749156066055696,0,0,0,0,2.4922525624260488361338196114572072353774624374491564,0.607309479993223223649192858397622239679334961509952209,4.078315292499077829193933818285342222313227661293104092e-56,1,ROOT_OK
kepler,kepler_0002644,dev,difficult,0.9999999998038989836809244173742541739172108079774192349,0.000004452591642465581052535786246960049935679743426211408723,0,0,0,0,0.02989470810395174238473107832193416781225230497846119947,2238.069221278484260028833213299274697874914186994491355,5.74073159382690322484039908961216461194450762564527668e-59,1,ROOT_OK
kepler,kepler_0002645,dev,high_e,0.94948441696563568026334678506827913224697113037109375,2.344721007102600294833120577033358509441398286920384346,0,0,0,0,2.727101437215448944470877079926368302443101258144982052,0.5350216197641868840607485639662080589076305782337138694,8.156630584998155658387867636570684444626455322586208185e-56,1,ROOT_OK
kepler,kepler_0002646,cal,ordinary,0.78494469293385005226326711635920219123363494873046875,2.104245038692311790975581904081360286549482877516540023,0,0,0,0,2.545150455183992576209931918390973082852786395313187757,0.6062753481906327076648692556495841801549801474301030609,0.0,1,ROOT_OK
kepler,kepler_0002647,cal,ordinary,0.57921822978399750692091174641973339021205902099609375,2.014548872474521033295348332339183725548658975164602412,0,0,0,0,2.404054516814361741218336445845706703118870072723927577,0.6999396222488972031623372165496048300723379105565371876,8.156630584998155658387867636570684444626455322586208185e-56,1,ROOT_OK
kepler,kepler_0002648,test,difficult,0.9999999669285994162223230516983306183014160382134075831,0.000001728474975460526830454328149067838803215698808168474599,0,0,0,0,0.02180458477671620871810288671198578920814960415488597034,4206.212002052597346464897533348345037614443187989633883,5.16510268062474761692957316463750311968990930003856872e-59,1,ROOT_OK
kepler,kepler_0002649,test,high_e,0.90325280202606184065672323413309641182422637939453125,2.349411844598984008593417182679462821484365468973743966,0,0,0,0,2.719471340034515463004368727769554201321428428206699586,0.5482555373057893732761540056515883120123576746590774685,4.078315292499077829193933818285342222313227661293104092e-56,1,ROOT_OK
kepler,kepler_0002650,dev,ordinary,0.478464674968416769917922692911815829575061798095703125,1.230129002046646380896803248998958688437837466730301456,0,0,0,0,1.704333950632570780587870947117674904514909464447888651,0.9401117670160748727830243440846575713435152154990594243,0.0,1,ROOT_OK
kepler,kepler_0002651,dev,ordinary,0.1049884625686314520986996967621962539851665496826171875,0.664762648432377939339373951816967481860689476158555083,0,0,0,0,0.7351806298913591048141381219476912314682827644513169181,1.084446913509307186563584458660961430804016751285323991,1.019578823124769457298483454571335555578306915323276023e-56,1,ROOT_OK
kepler,kepler_0002652,dev,difficult,0.9999999999661405897207971709496815785041231049389588726,0.002217886331695828403426150763152444905387097755704803083,0,0,0,0,0.2371942206791808990052324732431869679027297194986950144,35.71567821873047533571142913322997428780472969654614433,1.871882995580631425508934467377061371569547852351327074e-57,1,ROOT_OK
kepler,kepler_0002653,dev,high_e,0.946706305353455235263027134351432323455810546875,0.3995774039069338118357132929966747575763513170764483872,0,0,0,0,1.315630808753833511201161851034508090260626400543127547,1.313980926741055252978887930294182226368996341714116382,0.0,1,ROOT_OK
kepler,kepler_0002654,dev,ordinary,0.8558756439006265370750270449207164347171783447265625,2.764056833144583321317383584279320464699099422788706413,0,0,0,0,2.937513394510036990922368769751500393446747076906864584,0.5440357454339250394007679657341433885522840893337299566,0.0,1,ROOT_OK
kepler,kepler_0002655,dev,ordinary,0.555941009553390319553045628708787262439727783203125,0.4022846344314245209061685512415157229454808207382457169,0,0,0,0,0.8017818181138669925894018615568082887854625253302299711,1.63030173796816174021625774530252869328633968398496831,0.0,1,ROOT_OK
kepler,kepler_0002656,cal,difficult,0.999999999800654010322413623687625327257492251513231429,0.000009041587850133062570115954786707183668468943858765877956,0,0,0,0,0.03785665507759580958946043137112115460844228813161925441,1395.716670883151458290207358211561166089086745379908326,3.73380916671668502428643843226807454435415130123270028e-59,1,ROOT_OK
kepler,kepler_0002657,cal,high_e,0.9321538652977088279527606573537923395633697509765625,0.2271796234776332281845841575681740163815975545054684776,0,0,0,0,1.022874447478109721891883303362790323592337155482779177,1.943908219633713255138982434944361202332539116257972049,1.019578823124769457298483454571335555578306915323276023e-56,1,ROOT_OK
kepler,kepler_0002658,test,ordinary,0.88136371446481753810786585745518095791339874267578125,0.5343589407554754038174434741802926006566681292218355037,0,0,0,0,1.403403380201193202033339836651585397455728868291545342,1.172121383484228218675309730805225306466039124024655746,1.019578823124769457298483454571335555578306915323276023e-56,1,ROOT_OK
kepler,kepler_0002659,test,ordinary,0.1161998264712582884516933745544520206749439239501953125,2.846366996656849231234540544552598705632975006652622644,0,0,0,0,2.876779818311904014379382043681937073030432521771554191,0.8991598719765329594679313670610992681061164174913788201,4.078315292499077829193933818285342222313227661293104092e-56,1,ROOT_OK
kepler,kepler_0002660,dev,difficult,0.9999999847753409662476935748985552130827690507407423912,0.000000250562267841716704332397302265391335423986693146721905,0,0,0,0,0.01145308490279795255662463703196932552074730768417473401,15243.65063394245237341230691988490711513002732066968278,1.266237757124167466895055845942994811298227482299553109e-58,1,ROOT_OK
kepler,kepler_0002661,dev,high_e,0.9217119331509266988433637379785068333148956298828125,1.223030801995529274612928575704981471448546631835277371,0,0,0,0,2.043618570248456824040396477191927024571371586753886973,0.7043502201949592608571288869231566434197266501821537508,4.078315292499077829193933818285342222313227661293104092e-56,1,ROOT_OK
kepler,kepler_0002662,dev,ordinary,0.355040302833626364442665135356946848332881927490234375,2.240853611254335657091002948858370396436085077922482358,0,0,0,0,2.463557587635301634885330673575086127512125318331144959,0.7833873096741197675746271909620254977826323549038861099,4.078315292499077829193933818285342222313227661293104092e-56,1,ROOT_OK
kepler,kepler_0002663,dev,ordinary,0.7135591978468924789780203354894183576107025146484375,1.123614278984076796551358868443689082409615586643818334,0,0,0,0,1.815854602890118751166710965845220899052891164140043634,0.8524287038735979730671588506626921223086532371459905997,0.0,1,ROOT_OK
kepler,kepler_0002664,dev,difficult,0.9999999999685807570019175746652646673908363359267084759,0.00004633288653645224544763859150641471638484259314360734754,0,0,0,0,0.0652696121788094444562483024963268733043231532335981,469.6367882227188814842481737420015425096269484633657337,2.731903706981041209436244119609474541619120702068592371e-58,1,ROOT_OK
kepler,kepler_0002665,dev,high_e,0.98846577761296539055280163665884174406528472900390625,0.9493116402216804804080001299741848627657860373668313636,0,0,0,0,1.888354748569018508069840769164145473839908005840609432,0.7641483276002802480865126526975409545676036313020401507,2.039157646249538914596966909142671111156613830646552046e-56,1,ROOT_OK
kepler,kepler_0002666,cal,ordinary,0.4134705613619960029581079652416519820690155029296875,3.088154737858261929979676691355989998178485729629296429,0,0,0,0,3.103783843513475573195478554731786494493728033827700438,0.7076264103425092147509572949673751476424261532248810962,4.078315292499077829193933818285342222313227661293104092e-56,1,ROOT_OK
kepler,kepler_0002667,cal,ordinary,0.384795700426054765319605621698428876698017120361328125,2.058764790044165904010304737411818773269749144361398758,0,0,0,0,2.336233178520255239574753179041939898904386542082534673,0.7895111876043727382141062397227468035894146021083570021,4.078315292499077829193933818285342222313227661293104092e-56,1,ROOT_OK
kepler,kepler_0002668,test,difficult,0.9999999995237626846499417084540248457174101428607740571,0.000164152198258601622212269771452395833618941818549934185,0,0,0,0,0.09951096850927275051807113196869572276649371018315125202,202.1372990651934638947882064641501114154581277987040788,6.496827950087031942258402872146449707176223264144898487e-58,1,ROOT_OK
kepler,kepler_0002669,test,high_e,0.947205623974969324052608499187044799327850341796875,2.691437090429975840097352871574969972645205926617650376,0,0,0,0,2.909400189333327127480141776046228620443871134542935009,0.5203491309131615698214358406477770342714923296123375386,4.078315292499077829193933818285342222313227661293104092e-56,1,ROOT_OK
kepler,kepler_0002670,dev,ordinary,0.364309189653284570820090948473080061376094818115234375,0.1717968587231660536938850702055920800583491541316751635,0,0,0,0,0.2684118248387075598802252419309063805870015693127996437,1.541460220920881760493859297916217377631252683197314346,2.548947057811923643246208636428338888945767288308190058e-57,1,ROOT_OK
kepler,kepler_0002671,dev,ordinary,0.416085368790741705335989308878197334706783294677734375,1.471229751902395566114803406363140336161976133114172174,0,0,0,0,1.868956805211377961465472194116145996757637600018674758,0.8910827632528664597290608992586215440010681157598338957,2.039157646249538914596966909142671111156613830646552046e-56,1,ROOT_OK
kepler,kepler_0002672,dev,difficult,0.9999999992598271784161093028482535433535048067343677605,0.0001550802003600128351639328402720755419240815065260201256,0,0,0,0,0.09764233224995976612956950049892551218069497726099092471,209.9417027412893423534480630978773189388587363013823669,8.81178963345137665731599470015265592467579707090917266e-58,1,ROOT_OK
kepler,kepler_0002673,dev,high_e,0.92876771947266789641872719585080631077289581298828125,1.940639352699212290190764453171588347005639117553573182,0,0,0,0,2.497981641055005682473865931576364362716778826157718609,0.5737389605002778880758925506602570221583183186750945146,6.117472938748616743790900727428013333469841491939656139e-56,1,ROOT_OK
kepler,kepler_0002674,dev,ordinary,0.395518257431825837056038608352537266910076141357421875,0.2232469200959310786399033803280172228069786882040378318,0,0,0,0,0.3640909728573191168126742521256022475953065338410863677,1.586272237603540135255742611851743107696572571456756445,0.0,1,ROOT_OK
kepler,kepler_0002675,dev,ordinary,0.10905795197655920869550527640967629849910736083984375,2.556502504886963312637261783924283965422699536351984207,0,0,0,0,2.611631299288843910839394205285346143306710308403849178,0.9139948214910824653445845933094532798448348444232593947,0.0,1,ROOT_OK
kepler,kepler_0002676,cal,difficult,0.9999999998378725759019064470851130363610916779215540032,0.000001985983575445445637771608416831716095874509940476488393,0,0,0,0,0.02284086116080817100085021872497868992434735535700138758,3833.748853791568253950633189984263004537993059583272463,2.09404464100027418445397755409701180695861985477467274e-58,1,ROOT_OK
kepler,kepler_0002677,cal,high_e,0.90916970636600724642306659006862901151180267333984375,0.1604622673002332048536096633023837657190218634572896108,0,0,0,0,0.8335270579410995456615497506451002330414995097719288955,2.572059227788406590263497349086651622635314260781614118,5.097894115623847286492417272856677777891534576616380115e-57,1,ROOT_OK
kepler,kepler_0002678,test,ordinary,0.81896243964228976341956922624376602470874786376953125,0.5198829894724270945789566932434067346182574256005248193,0,0,0,0,1.31145954252933615207362297512750307577222143530051204,1.265845820261553101350083559255341417434236127573791746,0.0,1,ROOT_OK
kepler,kepler_0002679,test,ordinary,0.09849317744702813792745388354887836612761020660400390625,1.485363682347176001538065278642610082537062965089405212,0,0,0,0,1.583848470340727431291722420073116162894328288917528959,0.9987161398258506378824242659658448015845388034972265337,2.039157646249538914596966909142671111156613830646552046e-56,1,ROOT_OK
kepler,kepler_0002680,dev,difficult,0.999999995974313256098221528896618514687834806170027153,0.0009805102472276753288239888238131679544590420077088613709,0,0,0,0,0.1806219419400373894700226333958977603782461947383418199,61.47094772694975382271447954091368129726397989126893297,1.792228400024008811657490447488675781289992624591696134e-57,1,ROOT_OK
kepler,kepler_0002681,dev,high_e,0.98272877201090513832326678311801515519618988037109375,1.461825565193741915820966137814180562065487779370693575,0,0,0,0,2.235394772186266383811270440646822929976403002756654065,0.6226296557661217483652578172225333631013617787226612541,6.117472938748616743790900727428013333469841491939656139e-56,1,ROOT_OK
kepler,kepler_0002682,dev,ordinary,0.0006960939246268394537883739126016280351905152201652526855,0.5273445020115906072150540711736421192980694266060911255,0,0,0,0,0.5276950154038449708781105627893685436598803080781007701,1.000601766189545653141650035616707739015075809922579113,1.019578823124769457298483454571335555578306915323276023e-56,1,ROOT_OK
kepler,kepler_0002683,dev,ordinary,0.6160905442715101099082630753400735557079315185546875,2.547380916879770583558026698501740916708786510098299543,0,0,0,0,2.770688193882531346602763462089454440932538929788009353,0.6352447814782911635601811957135356997425514115598011041,8.156630584998155658387867636570684444626455322586208185e-56,1,ROOT_OK
kepler,kepler_0002684,dev,difficult,0.9999999975341648371265557000189596507876663451335539949,0.0000126018306831365551333428893255454964256914888357524353,0,0,0,0,0.04228698380338957135758808145498721868563772222894908806,1118.613606578207429804432743724533573354903924848587879,2.156274793778885601525418194634813049364522376461884412e-58,1,ROOT_OK
kepler,kepler_0002685,dev,high_e,0.97376229120967094932126428830088116228580474853515625,0.05678668778321368220198724347909056464817771836431010823,0,0,0,0,0.6322152311450484951991241832165324862251544450058110216,4.663177285209767831126028982873262828936315379529907833,9.558551466794713662173282386606270833546627331155712716e-57,1,ROOT_OK
kepler,kepler_0002686,cal,ordinary,0.7386488798154144941321419537416659295558929443359375,1.085668000605133784944031845608636241236325910189418129,0,0,0,0,1.804275384188610959173140879374173704025390397154048894,0.8540464887188873712427539676522735066713570320798963279,2.039157646249538914596966909142671111156613830646552046e-56,1,ROOT_OK
kepler,kepler_0002687,cal,ordinary,0.45933991606175539335055191259016282856464385986328125,1.53595143023993018885203287479842923280210759404161349,0,0,0,0,1.960798670809681169297223780552951210587561292379111249,0.8513270452284091515701842179274517296020942792755095554,2.039157646249538914596966909142671111156613830646552046e-56,1,ROOT_OK
kepler,kepler_0002688,test,difficult,0.9999999994859673860401743436104317722866486534372878737,0.0009151281300725577355264098884259482332570095511825599954,0,0,0,0,0.1765102349249377504799659426888739320732787258568067775,64.36029955155958090183337489718854513173947327416018804,7.069345355650256979315656765094221137310526463667245863e-58,1,ROOT_OK
kepler,kepler_0002689,test,high_e,0.90387577494057091964663186445250175893306732177734375,2.301902965954349578930986449809071776028683822644638748,0,0,0,0,2.693502582532963174758696714364381092879696863788787163,0.5510729641954728340955047488344680676930594410593435088,8.156630584998155658387867636570684444626455322586208185e-56,1,ROOT_OK
kepler,kepler_0002690,dev,ordinary,0.6314814505320451853975782796624116599559783935546875,0.8499590215789848377200118277616175591797729675149582111,0,0,0,0,1.478768300881495698407407562102503595940737331551223294,1.061607184520141604879152267982152812158001266108077024,1.019578823124769457298483454571335555578306915323276023e-56,1,ROOT_OK
kepler,kepler_0002691,dev,ordinary,0.51085422269515345927715088691911660134792327880859375,1.069716755714786395385144031156695139930695537930370006,0,0,0,0,1.580546695227417230959064381550366221275773506100989277,0.9950437488166621719104620650687433750382888020354809714,2.039157646249538914596966909142671111156613830646552046e-56,1,ROOT_OK
kepler,kepler_0002692,dev,difficult,0.9999999999711095476907156013954061643456525789720770921,0.00000002700434592341713801958187196618258411232996397448092434,0,0,0,0,0.005451646348451418097749758573289665168360761969089414617,67293.77266857435769875882691779925031448784911749160779,8.988124605426395102408272202676566163899397419471295107e-60,1,ROOT_OK
kepler,kepler_0002693,dev,high_e,0.94750322809015175007374409688054583966732025146484375,2.61589063077632310244952073510975371033023001159990232,0,0,0,0,2.870038467635936675419581749741442376703008817283751517,0.5227986901725278782412331673494259306232477863311637503,0.0,1,ROOT_OK
kepler,kepler_0002694,dev,ordinary,0.74951742134386989402372591939638368785381317138671875,0.0883099962854816131184629020736378826130303004133058703,0,0,0,0,0.3340693419296387103592700890520861668671926621684542521,3.425607841208680863540660551011629788182347667743124989,1.274473528905961821623104318214169444472883644154095029e-57,1,ROOT_OK
kepler,kepler_0002695,dev,ordinary,0.77141678396640378512216784656629897654056549072265625,1.950903665778746165137336331401814636871780658234509775,0,0,0,0,2.445534443633979031905904633030791919175751488882234943,0.6281539512218920837754495943272402687846211188645650049,6.117472938748616743790900727428013333469841491939656139e-56,1,ROOT_OK
kepler,kepler_0002696,cal,difficult,0.9999999967497745100776810373716506272919633063988258762,0.000002079318814537737105157558617924208190182888115418926791,0,0,0,0,0.02319295526186832461181543477408458755803624754820757565,3718.193916010073318535689103682049538223172654897311979,9.645673680684769646073299283359192572914890861517809056e-60,1,ROOT_OK
kepler,kepler_0002697,cal,high_e,0.94666915588167965811550175203592516481876373291015625,1.710502292006727625471482577854946140211514204037368126,0,0,0,0,2.370353620887569719879458838472048782697192038845092638,0.5956611453117037767299730245869365528802676050747397254,0.0,1,ROOT_OK
kepler,kepler_0002698,test,ordinary,0.49186023437010817360715009272098541259765625,0.8912119483870458344156937790091698000138954678706464472,0,0,0,0,1.373533376895331452848152605243213512367587040566606027,1.106681640495040718908064925584661100208954243342117258,0.0,1,ROOT_OK
kepler,kepler_0002699,test,ordinary,0.33221223999252369463164313856395892798900604248046875,1.525901222918931106888335834987592053439539259743830683,0,0,0,0,1.845644359142962514429933616388841557062347694901944178,0.9172943335098881139917159776589335363710273711791996478,2.039157646249538914596966909142671111156613830646552046e-56,1,ROOT_OK
kepler,kepler_0002700,dev,difficult,0.9999999993643203761590712501308765559323437201479637066,0.0000003516372741015583227884418502669017611828700791403520915,0,0,0,0,0.0128256648158189826159501191248537915916526056241329536,12158.29903927867553864820418540083873226020950290153681,1.58463249973910978752073143569460444920155218115076345e-58,1,ROOT_OK
kepler,kepler_0002701,dev,high_e,0.9131119537761460680513891929876990616321563720703125,1.585866980520552302911723893136798860635145181814372492,0,0,0,0,2.279253648335086661703474185305166021406474515509601717,0.6273021034826947017302621082053525947101486472122048622,6.117472938748616743790900727428013333469841491939656139e-56,1,ROOT_OK
kepler,kepler_0002702,dev,ordinary,0.73003486037791798235474516332033090293407440185546875,2.348516349936505774674466323859282049705054776389116498,0,0,0,0,2.676161762332703342457940734219412043311353006719874888,0.6051877482189284295239533765787428933926783921818356449,4.078315292499077829193933818285342222313227661293104092e-56,1,ROOT_OK
kepler,kepler_0002703,dev,ordinary,0.2319563866680206254411444888319238089025020599365234375,2.707291011199854990763388390696029813836178676199836902,0,0,0,0,2.787680228660028051837423334542620230360270565602434093,0.8213008316281664355451893201867236951746584560387761489,8.156630584998155658387867636570684444626455322586208185e-56,1,ROOT_OK
kepler,kepler_0002704,dev,difficult,0.9999999973038828616267603944579002470272511019044910724,0.00003059450083721408302637646733351524994787026221220708387,0,0,0,0,0.05683565435812704385889321373374112768242902537355780463,619.3048113824120975628073217882201309140900857194107015,1.232157025016506058014524682648464599636869929406791092e-58,1,ROOT_OK
kepler,kepler_0002705,dev,high_e,0.964029736780689372466213171719573438167572021484375,2.196640970008432282559729828554915054124947251120416645,0,0,0,0,2.650914797717939050574501248479809070213177601014948406,0.5404565867068554178457865123104070939698444365084913115,4.078315292499077829193933818285342222313227661293104092e-56,1,ROOT_OK
kepler,kepler_0002706,cal,ordinary,0.83984114406383614248596813922631554305553436279296875,0.7040547720654151149577186896487044083940894821678156354,0,0,0,0,1.543585002537214506841119756043003504017303526080464505,1.023384718972169297422266121257416897726577937653962486,0.0,1,ROOT_OK
kepler,kepler_0002707,cal,ordinary,0.21334131979097337161732639287947677075862884521484375,2.230355070642664086630158690594461433062197974249958179,0,0,0,0,2.377900433444591477662890784138558542239973756438229995,0.8664807322552823568682842667852799610220234986675994886,0.0,1,ROOT_OK
kepler,kepler_0002708,test,difficult,0.9999999783575058960662583900553908959292161477372365271,0.0000008035951750698581722029940646894131123205611582843416976,0,0,0,0,0.0168914028794590614524253458967128716424492979915653697,7008.789360880885617686397710884245020275411121168498396,1.599023222569163677718502083818970986507917139290931148e-58,1,ROOT_OK
kepler,kepler_0002709,test,high_e,0.9390361692628725887033169783535413444042205810546875,2.607266540977021113938274444284559498576238912343226848,0,0,0,0,2.864315897128610037548859232055687886786348593434387456,0.5254393639851139628333850472873738415988890381001437676,4.078315292499077829193933818285342222313227661293104092e-56,1,ROOT_OK
kepler,kepler_0002710,dev,ordinary,0.337972525560331360505728071075282059609889984130859375,0.311546426638785376246486149079637664021968297788086711,0,0,0,0,0.4622782462351417848980186802592201007093691746332619551,1.433688686975298241231678211064057696077460895715599841,5.097894115623847286492417272856677777891534576616380115e-57,1,ROOT_OK
kepler,kepler_0002711,dev,ordinary,0.55197345315786627839571565345977433025836944580078125,2.392668511665573838709122281253279053680715888013872419,0,0,0,0,2.652163466320426288502589362096036193618967399149822494,0.6724169445339930959239294515541852151534214953877044198,4.078315292499077829193933818285342222313227661293104092e-56,1,ROOT_OK
kepler,kepler_0002712,dev,difficult,0.9999999992321680568048561102443785814280767050183040621,0.0005952263621919813463607842848593936909394880337662811259,0,0,0,0,0.1529139223154706021675292275244684107008155272467672937,85.70029615328681945193216149755270865710557115314269807,1.125121162237294420651646780923446462698717592104787018e-57,1,ROOT_OK
kepler,kepler_0002713,dev,high_e,0.98256857272792530455518544840742833912372589111328125,2.529646290446337312700677182680273881211043030841304882,0,0,0,0,2.830453276990491834209169824645548179053910146806811823,0.5166914829231239679907941502162191573138374283924461108,4.078315292499077829193933818285342222313227661293104092e-56,1,ROOT_OK
kepler,kepler_0002714,dev,ordinary,0.551243953168017331023520455346442759037017822265625,1.294507644666515305831649024787860672440421719269424782,0,0,0,0,1.82766536599539411208494259482073854076142662475599622,0.877157978515946211688447384702679427427227716253774364,2.039157646249538914596966909142671111156613830646552046e-56,1,ROOT_OK
kepler,kepler_0002715,dev,ordinary,0.5669928908681729495810941443778574466705322265625,0.7423815691894961107683912814773168853602257583962640436,0,0,0,0,1.28663667529116833039963370147340098609010011975163766,1.188999804209550129431124015708304269322990137208951733,0.0,1,ROOT_OK
kepler,kepler_0002716,cal,difficult,0.9999999975468293999199446349606110158923909296966659481,0.000006345979922641900949006135974915682654600728132508059477,0,0,0,0,0.03364260563901924751852703429643269418315321813357066542,1767.216781163029763115784848646588579140611619940882323,6.237017062236329275985138197901129520131580236100789759e-58,1,ROOT_OK
kepler,kepler_0002717,cal,high_e,0.9674706906614576329417332090088166296482086181640625,1.538737334446341032504975164809888700879078194331915345,0,0,0,0,2.275659786207797921361985428365935064387830572633391869,0.6146836405057408095591083956674307205110926009069657614,4.078315292499077829193933818285342222313227661293104092e-56,1,ROOT_OK
kepler,kepler_0002718,test,ordinary,0.60136900771058832138038496850640513002872467041015625,0.8208091684140569706348731534161044225394616740217071341,0,0,0,0,1.414883707863874354175328166272986228782383860073850633,1.102999906679184151337314783102746560885845528844033854,2.039157646249538914596966909142671111156613830646552046e-56,1,ROOT_OK
kepler,kepler_0002719,test,ordinary,0.2287786438877801586944116252198000438511371612548828125,2.750635000923878525212140539571990779152300925509679818,0,0,0,0,2.822421164085600707230443425834302189931701021759590471,0.8215412439974681643044220802020528736510985141695730627,4.078315292499077829193933818285342222313227661293104092e-56,1,ROOT_OK
kepler,kepler_0002720,dev,difficult,0.9999999999575171560426692937271946955661792516178743002,0.0000004621675614298458801040554542132219100303868603513534085,0,0,0,0,0.01404919623147643090346791144955093525080041981613328761,10132.90556248578887783684755584468045596381145447359793,1.507185129913853547368540076025293996738581308457225799e-58,1,ROOT_OK
kepler,kepler_0002721,dev,high_e,0.9419534859898692769064609819906763732433319091796875,0.3361752035043027911910385867209440899539259935671306904,0,0,0,0,1.221127534514596668258356429842804407672636996104342208,1.476452138080176481326906641118475761925619624392824844,0.0,1,ROOT_OK
kepler,kepler_0002722,dev,ordinary,0.58749012043355064438543422511429525911808013916015625,1.699007558672319563897583454773000428187932007364211895,0,0,0,0,2.180606537169209337014705129864788239083173022951195773,0.7482439220043349465035123576875928376582502493861118993,2.039157646249538914596966909142671111156613830646552046e-56,1,ROOT_OK
kepler,kepler_0002723,dev,ordinary,0.1557728443540424001501065731645212508738040924072265625,0.4141381014248100939680643560881367855771797190909740398,0,0,0,0,0.4870419497286460356907700682238375325373772473486810591,1.159635080155921102250979216274133630525392767628403893,0.0,1,ROOT_OK
kepler,kepler_0002724,dev,difficult,0.9999999994918746893025604046907494012850325575121232406,0.00001978124173219998329290454777202323955285898839059311787,0,0,0,0,0.04914570469503269435927761775587743846691637479256260097,828.2207252406990266694288011798674776389615686784635079,6.129670048693224581536903092973422376981398386190349626e-58,1,ROOT_OK
kepler,kepler_0002725,dev,high_e,0.978978465287343890821603054064325988292694091796875,1.343336858100290724097930485715128225307799119070704756,0,0,0,0,2.158213792057047549267317669585213333632532726641287252,0.6482718139142655365982027249365229703109812822277455187,2.039157646249538914596966909142671111156613830646552046e-56,1,ROOT_OK
kepler,kepler_0002726,cal,ordinary,0.1879728778440611647315705567962140776216983795166015625,2.109222682616153688531668998098175668812695664730093364,0,0,0,0,2.254899103551660311703394358951618483250512847664619388,0.893819027583413820894450932007582144732236053721982363,0.0,1,ROOT_OK
kepler,kepler_0002727,cal,ordinary,0.7480234119175059870343602597131393849849700927734375,1.377904486382150073273886254545602670999319316315784028,0,0,0,0,2.043798418326209678602059232491473858205946806526376008,0.7458399926755329769646946489307587408602747591729435039,0.0,1,ROOT_OK
kepler,kepler_0002728,test,difficult,0.9999999700351227564318073046920773465515362664658194544,0.009972042595146244524609369310683371317614132251555353816,0,0,0,0,0.3921252390786939482587774228484597576201046960932381063,13.17504878168657643293885442930582622185948447383831958,3.823420586717885464869312954642508333418650932462285087e-57,1,ROOT_OK
kepler,kepler_0002729,test,high_e,0.94739470564572381139356593848788179457187652587890625,1.983711671412495589126800077771057156323978006587126103,0,0,0,0,2.528692805016848222474138634497044132202303370449784971,0.5633951710700050629045861558596361419788989184657558208,6.117472938748616743790900727428013333469841491939656139e-56,1,ROOT_OK
kepler,kepler_0002730,dev,ordinary,0.65194615748169504332309998062555678188800811767578125,0.3198330716122539020765664481571185180573567720393030188,0,0,0,0,0.7768895459421791852842201641145750570468054290043371495,1.868813931159813148317693751235674416485121003606932566,5.097894115623847286492417272856677777891534576616380115e-57,1,ROOT_OK
kepler,kepler_0002731,dev,ordinary,0.262865181884463450234790116155636496841907501220703125,2.349586804238170221515732748912229485850674165461750525,0,0,0,0,2.505701127037710908925529897218887948586179413174268139,0.8254324167313037013107032153488301033595513063519229012,4.078315292499077829193933818285342222313227661293104092e-56,1,ROOT_OK
kepler,kepler_0002732,dev,difficult,0.9999999960729515209454836833922030702585915634213644414,0.000003974102916119009504525394033620806205080653647706687905,0,0,0,0,0.02878273105319412176729007289277156529206376117530583392,2414.303495301807064403561272900922465562983835510443951,2.367079436316431776854923364456614758014517168677313948e-58,1,ROOT_OK
kepler,kepler_0002733,dev,high_e,0.9794278874213511176805013747070915997028350830078125,2.097282821575311479525658334016707996588032380630205854,0,0,0,0,2.601184653724045557262621160788511174020566200814077298,0.5435201237820145998376164586684160881664073021223733172,8.156630584998155658387867636570684444626455322586208185e-56,1,ROOT_OK
kepler,kepler_0002734,dev,ordinary,0.2288057109222692009353750108857639133930206298828125,0.5807660671041238790945594124261752964334508683440028434,0,0,0,0,0.734036653002822765843275490711131209885188616089248329,1.204649239389157681678370994542327221424037723710841962,0.0,1,ROOT_OK
kepler,kepler_0002735,dev,ordinary,0.72655877043969929740541147111798636615276336669921875,1.18389888974659361709986745003754392171741926389856759,0,0,0,0,1.87672240853490654369222918749065753237651568452208121,0.820464117693067743245024111700834867759179725061877251,2.039157646249538914596966909142671111156613830646552046e-56,1,ROOT_OK
kepler,kepler_0002736,cal,difficult,0.9999999980493865693621094486815249407337279474399693283,0.0002071107399750298806722417207434944828974872312031727334,0,0,0,0,0.1075312862447918728492080054915344420856529595390142633,173.1325345680158834972512549817618617109546479379170204,1.219710994460783774600236554540904351155689425069348758e-58,1,ROOT_OK
kepler,kepler_0002737,cal,high_e,0.9659252711967354354527515170047990977764129638671875,2.922783216223029313788569961968035540630581835965751719,0,0,0,0,3.030178477382126248500322821811433691811241841732683918,0.5102206383992359301712674263366150168487552511049653018,8.156630584998155658387867636570684444626455322586208185e-56,1,ROOT_OK
kepler,kepler_0002738,test,ordinary,0.64169565886460844250649415698717348277568817138671875,2.511063419262567050838715950112392518848817409379314349,0,0,0,0,2.753748557824049049908910064588472974414664741686843935,0.6273389097821423699964190261482059836363755483685113413,4.078315292499077829193933818285342222313227661293104092e-56,1,ROOT_OK
kepler,kepler_0002739,test,ordinary,0.7797756831133899613206494905170984566211700439453125,3.004673381098078258032951603236445705870421693073631361,0,0,0,0,3.064628738928765828409871176927793009253520796067542626,0.5625982403307446174046388221493164507804873678398102422,4.078315292499077829193933818285342222313227661293104092e-56,1,ROOT_OK
kepler,kepler_0002740,dev,difficult,0.9999999847443173817356752295711939046796512939123711855,0.0000005619523670224339726309720784970499589400359334010088595,0,0,0,0,0.01499315206069885649740413689705786809617377299967618146,8895.969858245521431838624340483991678844990311276290665,8.970865461491702092204864837527410350575885391972107495e-59,1,ROOT_OK
kepler,kepler_0002741,dev,high_e,0.930271502399181660081239897408522665500640869140625,2.17482579726036719488543715714603374633585101871195265,0,0,0,0,2.630141155320571453220189500635642965500981251497856731,0.5521112068214117391531717496816269799727400779386776109,0.0,1,ROOT_OK
kepler,kepler_0002742,dev,ordinary,0.02992146503876427429680084912888560211285948753356933594,0.008177823241745689796850787645222456076505497055752188249,0,0,0,0,0.00843005999970423106319458176903000526683100039127600015,1.030843244104847105956918521237387200739722938055914519,1.593091911132452277028880397767711805591104555192618786e-58,1,ROOT_OK
kepler,kepler_0002743,dev,ordinary,0.33064727096486523638674270841875113546848297119140625,2.040917221719387773876329146350698800845322729271036801,0,0,0,0,2.289731706039172089796642727451240383349756226655079713,0.8211805639886992750548897602000689458051637749549910716,0.0,1,ROOT_OK
kepler,kepler_0002744,dev,difficult,0.9999999995466157414083125541568744922038266624132746149,0.00000002948280737906969703025977822076552742317240004176564801,0,0,0,0,0.005613422868615452552363583204674747069749216140805912779,63469.21394338839635637415240563211103261062593164484541,1.95797087626727728605098659879604426606891640134709886e-59,1,ROOT_OK
kepler,kepler_0002745,dev,high_e,0.927563733192801276317140946048311889171600341796875,2.005662464646439004143004619921517883658590143439038559,0,0,0,0,2.53468214605917758008640886463275834478466824988562341,0.5675646524820683518175941067316561183965366016241987428,4.078315292499077829193933818285342222313227661293104092e-56,1,ROOT_OK
kepler,kepler_0002746,cal,ordinary,0.2354497021855550265012624322480405680835247039794921875,0.1075573413227827025088136091712450029569087497432502632,0,0,0,0,0.1405382007218574986676965858354481022660853695397768683,1.303999167637224115003431656208739754896368824791180765,1.274473528905961821623104318214169444472883644154095029e-57,1,ROOT_OK
kepler,kepler_0002747,cal,ordinary,0.8347952046206883469636750305653549730777740478515625,2.776655218459754154815341718977045245712786957016168414,0,0,0,0,2.94209357281456376856321599648975986211988165670545921,0.5499830499004201148543395008621345055229348149445254622,4.078315292499077829193933818285342222313227661293104092e-56,1,ROOT_OK
kepler,kepler_0002748,test,difficult,0.999999977379309572196125014993201438545523164696883493,0.00000001109599581154161329448375526014107454426743500462848131,0,0,0,0,0.004041800417963761535685432572377978773361032909457942922,122089.9152130161094624176863025028789509051351096880034,4.669661937921984357481409275980838443211276186703614472e-59,1,ROOT_OK
kepler,kepler_0002749,test,high_e,0.93358129656275234964368792134337127208709716796875,0.009769277849426126116148019422489259656411066113835757488,0,0,0,0,0.1405836644840489877295747374079192408926063876719788237,13.22243052596721447638172106898086259845401407201945737,1.752401102245697504731768437544482986150215010711880665e-57,1,ROOT_OK
kepler,kepler_0002750,dev,ordinary,0.84482088443495317875431283027864992618560791015625,2.574553622113897029382343409359789929310376165098363009,0,0,0,0,2.831969953606872024319509035980138390415616543924667643,0.5541245384029950819278559275086138261003599941341852681,0.0,1,ROOT_OK
kepler,kepler_0002751,dev,ordinary,0.7408795111700843261104409975814633071422576904296875,1.334021208599953619933356056554817501062298335411027091,0,0,0,0,2.005877344987510108918928758094989089739133327267492957,0.7620390167710455226703631744756550896033322193761108018,0.0,1,ROOT_OK
kepler,kepler_0002752,dev,difficult,0.9999999903322212451156405217067570332619026339745278718,0.00000005664012617652789916125493754405214552235826432325947239,0,0,0,0,0.006975677150607783442811184933422695578595007607391256596,41085.30153556831642395033375533579768125552834877382585,3.66714268468725462924017829294193395556579674430802137e-59,1,ROOT_OK
kepler,kepler_0002753,dev,high_e,0.96102899637396443921488753403536975383758544921875,2.7241421255768930710142467019304485898689153438386716,0,0,0,0,2.927924517989457114217971175977120731952474539229622139,0.5156832458444876564934849686315585502070425724565600466,8.156630584998155658387867636570684444626455322586208185e-56,1,ROOT_OK
kepler,kepler_0002754,dev,ordinary,0.75711317128381983021512269260711036622524261474609375,0.3787898076757171463390817912562623271850965370649158119,0,0,0,0,1.026490089486838344695727449184475746277652579788425125,1.644877275251235397131719353913899307682467003448145798,5.097894115623847286492417272856677777891534576616380115e-57,1,ROOT_OK
kepler,kepler_0002755,dev,ordinary,0.51423742168942865315983681284706108272075653076171875,3.038951808269124595075243797743161103303011503198611385,0,0,0,0,3.073791164094200612875371648790794863538984099688275197,0.6609141191184733660779620931317804338315090590696497994,8.156630584998155658387867636570684444626455322586208185e-56,1,ROOT_OK
kepler,kepler_0002756,cal,difficult,0.999999999972414972755652199357506388077832042578966944,0.0000001234822744383343545443806238203201723417134714773683791,0,0,0,0,0.009048687506102854682416465030960310938020282369658888858,24426.51367829591508146271610386596160046344563963140364,3.4666570655303805424055272449593106169944369600833033e-59,1,ROOT_OK
kepler,kepler_0002757,cal,high_e,0.94580732343863171962539126980118453502655029296875,1.978870306653140153042968011689675964035594369750050552,0,0,0,0,2.525446759153844787139948107907605604781282503709537962,0.5643708731854611986138441901327167025271769292802884316,4.078315292499077829193933818285342222313227661293104092e-56,1,ROOT_OK
kepler,kepler_0002758,test,ordinary,0.59055312509325741388011010712943971157073974609375,0.4336191632376295772685748201293567294128112403085687419,0,0,0,0,0.8940070491455093928715925228302114054106715069920178497,1.586947462810799330936125517976971666355294077613788083,5.097894115623847286492417272856677777891534576616380115e-57,1,ROOT_OK
kepler,kepler_0002759,test,ordinary,0.79423610406759037605439743856550194323062896728515625,0.996029958162466860287800697713165721202904177976495106,0,0,0,0,1.773935114627863046394275172112105783740545533270300745,0.8618959771806756633248951353987367622208065403787393615,0.0,1,ROOT_OK
kepler,kepler_0002760,dev,difficult,0.9999999999782483744920661922789632131666126201185785986,0.0001420465070126983120405187005224762206315096757461877447,0,0,0,0,0.09482561917307614546461259682450724199717515383508748536,222.5891911338233497075588213229981418639094221909344199,1.075337040014405286994494268493205468773995574755017681e-57,1,ROOT_OK
kepler,kepler_0002761,dev,high_e,0.907329710768822739197503324248827993869781494140625,1.828619100920630432226281001681942304474209532796313637,0,0,0,0,2.424745063899112409525900556465850335601291459781936373,0.5938177735844196501516891300652104673272986672165724478,6.117472938748616743790900727428013333469841491939656139e-56,1,ROOT_OK
kepler,kepler_0002762,dev,ordinary,0.0301117891773057255733192505431361496448516845703125,0.9856284353954468295607651848857325457248770730914799,0,0,0,0,1.011146400532077991022773491028346371580354618723822451,1.016245739571154386625379973451677431712776147197857268,0.0,1,ROOT_OK
kepler,kepler_0002763,dev,ordinary,0.71238578479669012466501953895203769207000732421875,2.113386615929814420005651733670683057421963524693288623,0,0,0,0,2.525208596243743048028508271677565729760741595269351999,0.6323957238522132892311114529130476161503533887902594429,0.0,1,ROOT_OK
kepler,kepler_0002764,dev,difficult,0.9999999966175317951852919184521404759274843017737790964,0.000006919797483959176927523308784941624300147585622734587049,0,0,0,0,0.0346274975773851664475581321757210140006610923340308902,1668.125523965983030544039653619787715222014010980585649,4.89829090058645116623577141833168029287460223830464868e-58,1,ROOT_OK
kepler,kepler_0002765,dev,high_e,0.92238089453691374242083611534326337277889251708984375,1.901980557781524106770680964224623706818151341462977484,0,0,0,0,2.473433963557740603194782096852230536162655984052961606,0.580034433274168322841021370685764311230376827009234425,6.117472938748616743790900727428013333469841491939656139e-56,1,ROOT_OK
kepler,kepler_0002766,cal,ordinary,0.415209537472910394928504729250562377274036407470703125,0.452050439613268262815349330380525646182427869250310747,0,0,0,0,0.7284661763655979500191821418320642546707926462837564925,1.448913881846447498168034291162893183019546044846362756,0.0,1,ROOT_OK
kepler,kepler_0002767,cal,ordinary,0.8634407647438517852123140983167104423046112060546875,1.401982485664738219127067776891326434940575261969830585,0,0,0,0,2.132674415635228434934565270381460152422126350295356806,0.6849216872286061345791484996064430642625173685142508038,2.039157646249538914596966909142671111156613830646552046e-56,1,ROOT_OK
kepler,kepler_0002768,test,difficult,0.9999999998869812589945274906400543358507015530868929571,0.0000209703061014231665288224517187596497222851973513697906,0,0,0,0,0.05011143168666368657859418073723202428562892503609288764,796.6126870080187106823324471683382936815342835157047429,5.718951040354389228865394865423934177102441743054752595e-58,1,ROOT_OK
kepler,kepler_0002769,test,high_e,0.9413867385430745304830679742735810577869415283203125,2.69917054890742970828212973235744189569633783074606651,0,0,0,0,2.912736750574364034569121478792157441773215395781578199,0.5216915233694141435469634163012973475805206387098868494,4.078315292499077829193933818285342222313227661293104092e-56,1,ROOT_OK
kepler,kepler_0002770,dev,ordinary,0.04086846284881852364723187065465026535093784332275390625,2.149973727649436703759846438121344470718607328731518065,0,0,0,0,2.183410171955781546752622452535379722707385833836843877,0.9770398656715825285542119872559209368373747555172442996,0.0,1,ROOT_OK
kepler,kepler_0002771,dev,ordinary,0.02659885631770853020583444958901964128017425537109375,2.82966415263314608650614184486648972938471928836171104,0,0,0,0,2.837625401310543549039453904144998967163275937648325672,0.9752487013930860338958240605444836030755692506243186341,0.0,1,ROOT_OK
kepler,kepler_0002772,dev,difficult,0.9999999995311070160672069846242102903994172050120458716,0.00000001114911051540613490002099714326382351883163458425720408,0,0,0,0,0.004059188572407557014822557111170668518459211295829794155,121374.4907073017047712784347929857254392447783343443415,1.509749692850628353814257649297457290126793306909569874e-59,1,ROOT_OK
kepler,kepler_0002773,dev,high_e,0.915606172784915184337251048418693244457244873046875,1.56849050301366287242710449199715757091924999552353274,0,0,0,0,2.269530699624173383843918810461717825168791670088987692,0.6293413114286180550518445500219584728257860016879226474,6.117472938748616743790900727428013333469841491939656139e-56,1,ROOT_OK
kepler,kepler_0002774,dev,ordinary,0.74649227411306851021066677276394329965114593505859375,1.619906465711960491961178426372571036002207934868900226,0,0,0,0,2.216232473137719687566399594954942061834406613544624746,0.690107255647540145696861580588030634852058728012751941,6.117472938748616743790900727428013333469841491939656139e-56,1,ROOT_OK
kepler,kepler_0002775,dev,ordinary,0.6590219305776157110443591591320000588893890380859375,0.04820159173970145711879533731847616444277347818842065621,0,0,0,0,0.1404707603259353380929801135813338789726811575055699972,2.877952038650041921417056204672635306542494804270739497,1.274473528905961821623104318214169444472883644154095029e-57,1,ROOT_OK
kepler,kepler_0002776,cal,difficult,0.9999999979558130647203672910247310207001332280058875324,0.00463982144979150075347265522267906631123752463656635163,0,0,0,0,0.3035413111351528805668464328747694688999010100346387538,21.87416535799565617279607730625007279545753225762227979,4.938584924510602058789529233079906597332424121097118237e-57,1,ROOT_OK
kepler,kepler_0002777,cal,high_e,0.953116157899413618537209913483820855617523193359375,2.930481537380172488072588428921333820980899906238119828,0,0,0,0,3.033400328600502413133200383697792736926297447493498471,0.5134674267532904315904373925570301206098426347808144468,4.078315292499077829193933818285342222313227661293104092e-56,1,ROOT_OK
kepler,kepler_0002778,test,ordinary,0.362057531094479301270183668748359195888042449951171875,1.937049173358486473951910723776270438968637860668342475,0,0,0,0,2.224470342495321420399125961529725693039052419446659285,0.8195580853458376763854577694305044247194550398004074427,0.0,1,ROOT_OK
kepler,kepler_0002779,test,ordinary,0.310343851626245503805279213338508270680904388427734375,2.550890534356109270964155699538117706173877489007398567,0,0,0,0,2.68712620425587733664477583780361147648986912226118196,0.7819571118611180934962359355324958542156478129649213122,0.0,1,ROOT_OK
kepler,kepler_0002780,dev,difficult,0.9999999999209294834523681631952184496761296316810053163,0.000002306332898198344633184981170303158785822644620639385593,0,0,0,0,0.02400832166090281354810394567374499269483173102692648204,3469.981305676784530756553624312821681890360635359315582,2.978101748911422628225131153737150706887472553493623546e-58,1,ROOT_OK
kepler,kepler_0002781,dev,high_e,0.9404916178173008400875687584630213677883148193359375,0.7783085436312669471867825361243383592853889755164166625,0,0,0,0,1.709736903087318209459033829794945952700553616613008172,0.8847581100584904711768948388462165053227591235090181339,0.0,1,ROOT_OK
kepler,kepler_0002782,dev,ordinary,0.60737783981639748009939694384229369461536407470703125,2.941719350529823810374870732458464489319862896433180078,0,0,0,0,3.017123875268322714279141729802782260095581694817815776,0.6239552581502268990291558398967002563278303776052072338,4.078315292499077829193933818285342222313227661293104092e-56,1,ROOT_OK
kepler,kepler_0002783,dev,ordinary,0.1697976765296669576787991218225215561687946319580078125,0.4272632031949774186323945889190722053622397137107422787,0,0,0,0,0.5101814537087998673958828182470072467484620640426578462,1.173949974304815453578449214921249303749009000573407588,5.097894115623847286492417272856677777891534576616380115e-57,1,ROOT_OK
kepler,kepler_0002784,dev,difficult,0.9999999999606198202369947177081258945715314877597907561,0.00003698843740453458343068836671331283967381109016125814269,0,0,0,0,0.06054787953778129103035857411425071775209422102828223043,545.7136193647986373347530618295935169312948064082000616,9.770133986241992480216180564434795057726695904892232399e-59,1,ROOT_OK
kepler,kepler_0002785,dev,high_e,0.95229033584247491095453597154119051992893218994140625,2.203144656524847059226768200570639466670554120602737721,0,0,0,0,2.651442935386304808305359163988278788493902331557755745,0.5434280690100808896363660447754082801023714115574436929,4.078315292499077829193933818285342222313227661293104092e-56,1,ROOT_OK
kepler,kepler_0002786,cal,ordinary,0.258779866507154510113508649737923406064510345458984375,0.1887255864053063920287768158575785563265697727990498906,0,0,0,0,0.2536680177201820675583763993164034102326485984441063819,1.334220150042794309602444141997755595549229244821800504,5.097894115623847286492417272856677777891534576616380115e-57,1,ROOT_OK
kepler,kepler_0002787,cal,ordinary,0.1799937236443388821616196082686656154692173004150390625,3.025697690386465829411814547671486744733254611812808366,0,0,0,0,3.043351967663400420697993872028891641499437467711911764,0.8480858996706092833496133650615168038846881062774011557,4.078315292499077829193933818285342222313227661293104092e-56,1,ROOT_OK
kepler,kepler_0002788,test,difficult,0.999999965987110929519141445234916916920436669370797389,0.00003494332229218368447547433843832480423326684922283046163,0,0,0,0,0.05940946782106563713540981037757970946906455178000007811,566.8107176468323560647554225676693120011261457830483172,4.4494559236707163206080057984527888320220303006356345e-58,1,ROOT_OK
kepler,kepler_0002789,test,high_e,0.97313360662582748528137699395301751792430877685546875,0.06941634285425648048299024087164136059766207212360255843,0,0,0,0,0.6853720562424026986810435574471680767754754318417851645,4.0548883032223570199070716111313704091071756820984945,2.548947057811923643246208636428338888945767288308190058e-57,1,ROOT_OK
kepler,kepler_0002790,dev,ordinary,0.2498381303481891080320309583839843980967998504638671875,0.3753394188949679311385515956091461524851510594120898796,0,0,0,0,0.4937442739682004061100103128538150366660449315786260794,1.282048972230084521412985224222800982554022808205974762,5.097894115623847286492417272856677777891534576616380115e-57,1,ROOT_OK
kepler,kepler_0002791,dev,ordinary,0.1292708008359048366120447326466091908514499664306640625,1.730442982308228417130194865514132343582821109860744409,0,0,0,0,1.854544609701163121458903963756023803343991942652664672,0.9650738451797912997947377702771511145971078069209198223,2.039157646249538914596966909142671111156613830646552046e-56,1,ROOT_OK
kepler,kepler_0002792,dev,difficult,0.9999999999874508667352097963572200815281782405604748804,0.000006661239758996400963774741746290401822097794499144091195,0,0,0,0,0.03419090195611942887925493644983283258363597493003780422,1711.004609892509535939570794496843414044308146280838416,5.047643267255118567207228955622403274648768290353956691e-58,1,ROOT_OK
kepler,kepler_0002793,dev,high_e,0.905957732496773804342637959052808582782745361328125,1.719593745810310334522112227643032025341136514457308845,0,0,0,0,2.358636390551126752281580081533640260932337216079214476,0.60894988963399915009639190605368033830471176926371016,4.078315292499077829193933818285342222313227661293104092e-56,1,ROOT_OK
kepler,kepler_0002794,dev,ordinary,0.7722392926997956319468130459426902234554290771484375,2.234616365989685060145558678415274334633860481126758149,0,0,0,0,2.619636764205720085477497360266282521961852584328172968,0.5990132001160132274003271961733524732535967837663715653,4.078315292499077829193933818285342222313227661293104092e-56,1,ROOT_OK
kepler,kepler_0002795,dev,ordinary,0.2267800127687353561878325081124785356223583221435546875,2.575134427254861638523930545871185626499022888200757064,0,0,0,0,2.676788130592157679765149042827572245577220395907946561,0.8314482040573096505955711715538177148860689229853768304,0.0,1,ROOT_OK
kepler,kepler_0002796,cal,difficult,0.9999999999701394224834827022673427692888979941680362027,0.00003563559679960940398069854377215215125853939877024619065,0,0,0,0,0.05980042994312313131249579352816866723446064913766223524,559.4365055937258062970546230566308173777578244713338734,4.468124969504299745729437990614129204743801057141798002e-58,1,ROOT_OK
kepler,kepler_0002797,cal,high_e,0.98453235165735419887056423249305225908756256103515625,2.562845857243608272585663607058561862501879670584712488,0,0,0,0,2.847877799083108427869138289741163576192764143951939443,0.5148350362129371457983536133627082149766394815781842565,8.156630584998155658387867636570684444626455322586208185e-56,1,ROOT_OK
kepler,kepler_0002798,test,ordinary,0.87083424341727655448863743004039861261844635009765625,1.387329251963734385019096337838452221005765388124551287,0,0,0,0,2.126930659772608224697897321911922336938335323587316036,0.6850631140394349088914809731967744096034960425952010065,8.156630584998155658387867636570684444626455322586208185e-56,1,ROOT_OK
kepler,kepler_0002799,test,ordinary,0.2656425319826605235817851280444301664829254150390625,0.430290538711909416307516853627005274003293655990318839,0,0,0,0,0.5746862366266563990006038976343194850667713930249550002,1.286952401180749434945668998958714633868727269304547702,0.0,1,ROOT_OK
kepler,kepler_0002800,dev,difficult,0.9999999996467183569272289741589634477825006815884377838,0.000001651619765200587367342636239949344283794555880888237621,0,0,0,0,0.02147944794091192456117126260510948192147104532889454224,4335.106768239930826110564874770851694851278417913388997,4.410562078184084184938355398116663055518341224581127206e-59,1,ROOT_OK
kepler,kepler_0002801,dev,high_e,0.92728096194722786638209299781010486185550689697265625,1.322772789763161066675152663807891088628993087726768829,0,0,0,0,2.1157421089435185500913089321778247930452290008727857,0.6753670907468463945289202506953153499730151432970469263,6.117472938748616743790900727428013333469841491939656139e-56,1,ROOT_OK
kepler,kepler_0002802,dev,ordinary,0.85941679377473068068837847022223286330699920654296875,0.241248831542820000604817871079264301020716775319876851,0,0,0,0,0.9303587464511252296139807144587678792294026565782016233,2.055673313491677959818410869380985283217737852637957242,7.646841173435770929738625909285016666837301864924570173e-57,1,ROOT_OK
kepler,kepler_0002803,dev,ordinary,0.51924603846120531702723610578686930239200592041015625,2.890662138563241566349012691237517105189473757635396683,0,0,0,0,2.976167343975288227257589724834020945376962055171706617,0.6613067737594213414017355601210952854718641685364782955,0.0,1,ROOT_OK
kepler,kepler_0002804,dev,difficult,0.9999999997537068131863822707877048899030791877242694977,0.00000003287228312613460434544165335301324858517509782814823863,0,0,0,0,0.00582086648698605474099731582554446871921953492140879452,59026.85336489432465852931202422135962428278490442912565,5.422409777172248339469104094361185209872127343811668541e-59,1,ROOT_OK
kepler,kepler_0002805,dev,high_e,0.94266906395026317522223280320758931338787078857421875,1.767243856613857861209526182179501385919223611914906708,0,0,0,0,2.402348123433885798588842028619774088777485404151203354,0.5894101390392049962025140971774037109973387486931096811,4.078315292499077829193933818285342222313227661293104092e-56,1,ROOT_OK
kepler,kepler_0002806,cal,ordinary,0.251053521998893136579766860450035892426967620849609375,0.3212946383063883707555735886924650193443659035349239917,0,0,0,0,0.4247526445885021076899045120514833466708496765876536943,1.296588163902320692644753946349335147075956622654784812,0.0,1,ROOT_OK
kepler,kepler_0002807,cal,ordinary,0.7813268300919202768994864527485333383083343505859375,1.503624751644503262268340821534573955617803016435538266,0,0,0,0,2.155258376385870423944448740433807996890662286417456741,0.6987643078838561327677965936524897655935386356750155997,0.0,1,ROOT_OK
kepler,kepler_0002808,test,difficult,0.9999999984537278395982720929578169244989844717390325855,0.001196828421134350727576580892883410852414672576313418343,0,0,0,0,0.1930474669163542509204458815228217429525056693601361579,53.83328896314015434236768626887806763471798398552562586,6.372367644529809108115521591070847222364418220770475144e-58,1,ROOT_OK
kepler,kepler_0002809,test,high_e,0.9360086618931493518402930931188166141510009765625,0.4299032473070192744121910228668203308599165333475750567,0,0,0,0,1.341389935856645499538884861544146247888938860955711407,1.27040251757445401290703714412338274031610069298429164,5.097894115623847286492417272856677777891534576616380115e-57,1,ROOT_OK
kepler,kepler_0002810,dev,ordinary,0.74058730032968000944748609981616027653217315673828125,1.754031163203289916655328003803925930868843412002701543,0,0,0,0,2.304209145190562625299681626445759000258031326430325822,0.6685583642963656802226070133670400376626018222191176851,4.078315292499077829193933818285342222313227661293104092e-56,1,ROOT_OK
kepler,kepler_0002811,dev,ordinary,0.320035025519899873902573972372920252382755279541015625,2.74338980878152342085705999448071248088992174544873418,0,0,0,0,2.838815385063598962917306854235227989830274044860517838,0.766003365087450409420062407295829932185233715065431946,4.078315292499077829193933818285342222313227661293104092e-56,1,ROOT_OK
kepler,kepler_0002812,dev,difficult,0.9999999983507083535471086025421608283729082210119937712,0.00003006349565865929783757553327783637489461475330640721208,0,0,0,0,0.05650491653030516670183638234518808789624464124274106049,626.5743708667564118694526563496196510744370838149492807,1.624206987521757985564600718036612426794055816036224622e-58,1,ROOT_OK
kepler,kepler_0002813,dev,high_e,0.932107679088100216091561378561891615390777587890625,2.959728622434904132518772910348563978031495510576256156,0,0,0,0,3.04739820976403053875527745658698513348412732783245514,0.5186787554362632423853781721903708427902806557776200327,4.078315292499077829193933818285342222313227661293104092e-56,1,ROOT_OK
kepler,kepler_0002814,dev,ordinary,0.2199065397424096734990683899013674817979335784912109375,0.9456027408821528366424308199197244010245176174820641286,0,0,0,0,1.145961049216735001736062717585846616731743579578233293,1.099673328304265573848006464308104877945436195048759838,0.0,1,ROOT_OK
kepler,kepler_0002815,dev,ordinary,0.60847193961266210493477046838961541652679443359375,2.610722246801761550696658884278867983260568971588126006,0,0,0,0,2.809244489607592652890470124313737248318696721953818392,0.6348498368324622229493749958715508796238999593011915791,4.078315292499077829193933818285342222313227661293104092e-56,1,ROOT_OK
kepler,kepler_0002816,cal,difficult,0.9999999882776089759265790025678018779941750682352086702,0.0009939637157068328311127914117054110083043322375656125447,0,0,0,0,0.1814451071189680829170652791441050633979542865001601313,60.91594607815501241411687600802718430306257414885794186,1.354128124462584435474548338102555034752438871913725968e-57,1,ROOT_OK
kepler,kepler_0002817,cal,high_e,0.9256814634377967809797382869874127209186553955078125,0.6908911682722669835114753011411947897453483956921931996,0,0,0,0,1.615641954664140963256771113325084911766529123837295878,0.9601546817765340256099245153699225412180703096041450219,1.019578823124769457298483454571335555578306915323276023e-56,1,ROOT_OK
kepler,kepler_0002818,test,ordinary,0.09975777421781491238750305683424812741577625274658203125,0.9319885125011187273132013812963715437727392727049273011,0,0,0,0,1.016826812950442363335985883340598197141593098460752054,1.055385907260552249303843374418027378984042162201062127,2.039157646249538914596966909142671111156613830646552046e-56,1,ROOT_OK
kepler,kepler_0002819,test,ordinary,0.03412236371074004598336060212204756680876016616821289063,3.030244625563073112678535830792582373507636594987767626,0,0,0,0,3.033911852415978786473366670612109417510290577796273912,0.9671883969573100122785696056296519795182454560387653002,4.078315292499077829193933818285342222313227661293104092e-56,1,ROOT_OK
kepler,kepler_0002820,dev,difficult,0.9999999922620753588618291338128365532696998646277335794,0.002997696817384501435744629749618183020782665507502568361,0,0,0,0,0.2623076514077545358721281864141754717428017920930842476,29.23476177017468769623348123444050335555570957118326207,4.61996654228411160338375315352636423621420321005859448e-57,1,ROOT_OK
kepler,kepler_0002821,dev,high_e,0.92469633737633161185698327244608663022518157958984375,1.180455119956979196764124423901343267115050459860310175,0,0,0,0,2.015295243961497170619876540826301787036328700492173171,0.7154997378575728611636363626203440541934698712589534513,2.039157646249538914596966909142671111156613830646552046e-56,1,ROOT_OK
kepler,kepler_0002822,dev,ordinary,0.73513231765680597806777996083837933838367462158203125,2.167588991753305447367977438231085577123403538742128972,0,0,0,0,2.567079271488196358360320007778021297450297115705589173,0.6183864135737919950659474197955985998558904359940443502,4.078315292499077829193933818285342222313227661293104092e-56,1,ROOT_OK
kepler,kepler_0002823,dev,ordinary,0.56575014703753223610505074248067103326320648193359375,1.262252057868363762861258751224451532240980425231158105,0,0,0,0,1.811669082273187204923663481544201270025310625660429919,0.8810884337061122660736875791678713355999700920035627701,0.0,1,ROOT_OK
kepler,kepler_0002824,dev,difficult,0.9999999998252020747907469203242728806309775135543457993,0.0000007376112359378103095726473221545989691158809516686589821,0,0,0,0,0.01641827954657529190816015458207336248111285765544366386,7419.658151702791285714925757724718790506744944372784524,2.111255167628108904487797856245747463061502270928792218e-58,1,ROOT_OK
kepler,kepler_0002825,dev,high_e,0.949502158419949449097430260735563933849334716796875,2.363403107020830072529136315018881403061435692769142853,0,0,0,0,2.737090371142689250990159947364344351856157254739976227,0.5339382330292752524298486624302911422266393825887784374,8.156630584998155658387867636570684444626455322586208185e-56,1,ROOT_OK
kepler,kepler_0002826,cal,ordinary,0.78658057700048777949319855906651355326175689697265625,0.7964188028494562451301962357224773344502932328143494677,0,0,0,0,1.58294136943498521619811639285959692309788259606178755,0.990537573059374384293589215146744533678051205567352837,1.019578823124769457298483454571335555578306915323276023e-56,1,ROOT_OK
kepler,kepler_0002827,cal,ordinary,0.5453087699933354404180363417253829538822174072265625,1.045454348251618352521102997123714563251178346502445696,0,0,0,0,1.590655589529886635029794020525669917618745723893785711,0.9892872866433302282300405382892423377970076778095463434,2.039157646249538914596966909142671111156613830646552046e-56,1,ROOT_OK
kepler,kepler_0002828,test,difficult,0.9999999965590526396437812033204210235556599423074626139,0.0001267970755534083045934440921858747739997050523187385803,0,0,0,0,0.09130196893721153817611737761610826184050050851845846404,240.0883376111712280160923935638025228975503524321193297,1.164948460015605727577368790867639257838495205984602487e-57,1,ROOT_OK
kepler,kepler_0002829,test,high_e,0.9372327470990280406937245061271823942661285400390625,1.517158626778158895954983833023930401300836725295300604,0,0,0,0,2.247729292701870728887590516970153502283073295801649389,0.6300849855284378378531952984722183586282387517639707431,4.078315292499077829193933818285342222313227661293104092e-56,1,ROOT_OK
kepler,kepler_0002830,dev,ordinary,0.434327506763746817863847127227927558124065399169921875,2.062767770614092420295520599653720879069256851066210897,0,0,0,0,2.366654513730079960063772316725304496740188203559185225,0.7631773023041139023077956795289026384871802081721679042,4.078315292499077829193933818285342222313227661293104092e-56,1,ROOT_OK
kepler,kepler_0002831,dev,ordinary,0.481810195909287586335523201341857202351093292236328125,1.064796707926276469308646869380232013514977927504413109,0,0,0,0,1.546464283410083196485566390648205584160556476305579571,1.011861311310065602237299132494010010893572741578306421,2.039157646249538914596966909142671111156613830646552046e-56,1,ROOT_OK
kepler,kepler_0002832,dev,difficult,0.9999999750996646352338600383223728889230127146993798142,0.0000022831574429313423886282804136098149856932683253309554,0,0,0,0,0.02392555779860711441999265223331131225957519695162290714,3493.725640437624984089958114595548519900371150641566978,2.396249820431405878607161164708709090392283975718194419e-58,1,ROOT_OK
kepler,kepler_0002833,dev,high_e,0.91803064994468208670497233470086939632892608642578125,1.525342401515576475144134971083351412466229004128097655,0,0,0,0,2.243417789649463819511362721027886366747945336041043748,0.6361450463587636401390711616704128261566794782157381154,2.039157646249538914596966909142671111156613830646552046e-56,1,ROOT_OK
kepler,kepler_0002834,dev,ordinary,0.38536251736367843623298767852247692644596099853515625,2.109378926385276203066222487523856214292775319644349418,0,0,0,0,2.376329792132800434530764115497103588176495539117157376,0.7825194178231202757014714404994634389461587905971187871,0.0,1,ROOT_OK
kepler,kepler_0002835,dev,ordinary,0.28164348221422164098015628042048774659633636474609375,1.046772357446774759139457239655387435119179288962620377,0,0,0,0,1.319574914680518750102268721198206388805970047891092603,1.075283812311956346000323175073583283003327293029307941,0.0,1,ROOT_OK
kepler,kepler_0002836,cal,difficult,0.9999999984869471864795205317984727052874486410141160871,0.00001279676293666592790910086895184403312928914682324727033,0,0,0,0,0.04250396783360861464086477417386823558335363635710179024,1107.224542869481487656248203995045433617006906630042811,1.723775231967536252878905742897094414643499850735763296e-58,1,ROOT_OK
kepler,kepler_0002837,cal,high_e,0.9142922005345825997579822796978987753391265869140625,1.096135972531084785943592478746569476804003547725078033,0,0,0,0,1.946616790489063910455931632330853529740126637150733678,0.7487394868996487558329568308133541710156476989795608891,4.078315292499077829193933818285342222313227661293104092e-56,1,ROOT_OK
kepler,kepler_0002838,test,ordinary,0.84059135353380354249708261704654432833194732666015625,0.9197028405751323290907260638887462532448643916735391764,0,0,0,0,1.747242880221088328592407349069714785792775693067826694,0.8714209424785475305322842638112579060325422599835723051,2.039157646249538914596966909142671111156613830646552046e-56,1,ROOT_OK
kepler,kepler_0002839,test,ordinary,0.1090924616675318647995851506493636406958103179931640625,0.7856430540718824019314845513281746013970644799982932855,0,0,0,0,0.8689517969482581597248031980687859192954703278634476189,1.075769777212563039620577495659778676752683650470406828,1.019578823124769457298483454571335555578306915323276023e-56,1,ROOT_OK
kepler,kepler_0002840,dev,difficult,0.9999999999639745802330317666108181448135603407968998477,0.002947776821724160294173255571670682832227313385766643716,0,0,0,0,0.2608401623807283784314468784508328525053461192349721041,29.56275005441270648312305366050951996162761018887055107,8.363732533445374454401622088280486979353298914761248627e-58,1,ROOT_OK
kepler,kepler_0002841,dev,high_e,0.9667847359152386133018808322958648204803466796875,2.050829754951979040401068637361883407599952986810778647,0,0,0,0,2.572113652001413153340428917219394474434238137893540589,0.5512044971480118040546919696496264577065788347738646158,0.0,1,ROOT_OK
kepler,kepler_0002842,dev,ordinary,0.03596878824326767837282758932815340813249349594116210938,2.674147510653615054854041089444666980664821869106764009,0,0,0,0,2.689849138971162232587697915641920841830081298600441183,0.9686537220489528444627861526994212876973244928259189737,4.078315292499077829193933818285342222313227661293104092e-56,1,ROOT_OK
kepler,kepler_0002843,dev,ordinary,0.08522731464536904832929309350220137275755405426025390625,0.0787068855062064260349393387424987662393447222348471452,0,0,0,0,0.08602994577817787349611088562884493852682910544394943747,1.092791217917669486875732685787286423263766557911538587,1.274473528905961821623104318214169444472883644154095029e-57,1,ROOT_OK
kepler,kepler_0002844,dev,difficult,0.9999999144870561390967822832800466141274393084982215118,0.0003490640033093758739990051109195553737602388400575622827,0,0,0,0,0.1279772568779711015215346692299393044689630271351277885,122.2792382026422013488705575507620362957297996294383793,1.219710994460783774600236554540904351155689425069348758e-57,1,ROOT_OK
kepler,kepler_0002845,dev,high_e,0.945236929086304744629387641907669603824615478515625,3.020227636441641722298798355967161149293284727570536297,0,0,0,0,3.079182103614700985203989087513845679293203989015927396,0.5145629969318973205982230088604726471601037915742120447,4.078315292499077829193933818285342222313227661293104092e-56,1,ROOT_OK
kepler,kepler_0002846,cal,ordinary,0.75539395846054480099240890922374092042446136474609375,0.764669581326726595634719361450873911344222073364292063,0,0,0,0,1.519052511017227391230483436719994862634614797063446274,1.040658015505832104669802813238431763826486485866871955,1.019578823124769457298483454571335555578306915323276023e-56,1,ROOT_OK
kepler,kepler_0002847,cal,ordinary,0.53882604666754485567281562907737679779529571533203125,0.5950984917792956665428382785807960277344902374684122712,0,0,0,0,1.066971259274787556917994845063045054350805250506832941,1.351595755403079473842948364688383720549822565508364972,1.019578823124769457298483454571335555578306915323276023e-56,1,ROOT_OK
kepler,kepler_0002848,test,difficult,0.9999999999692415651936842685184895674840695324964340039,0.000005174123537345171372550753200908653386373162418727269393,0,0,0,0,0.03142942755514227453662567662875123684402196469035594756,2024.849629461196003103022366106178102844614438810183745,4.581694998325265581884817159595616472134573159220959302e-58,1,ROOT_OK
kepler,kepler_0002849,test,high_e,0.93981698609548292022708437798428349196910858154296875,2.234852422428376543522984442818908948798939848293876716,0,0,0,0,2.665543489313500276550164088548566506769199650393953443,0.5448638141529780093651823937526315916378693979222005409,4.078315292499077829193933818285342222313227661293104092e-56,1,ROOT_OK
kepler,kepler_0002850,dev,ordinary,0.2463481352659786793868335053048213012516498565673828125,1.590078645640629465840762050797918741224140671151269857,0,0,0,0,1.828304110525135723415785690305741910193341924503563401,0.9409658707862574846633758103765324523533483806607821694,0.0,1,ROOT_OK
kepler,kepler_0002851,dev,ordinary,0.787776622558538530682881173561327159404754638671875,1.322841967902303800119225874652339974267614969364138389,0,0,0,0,2.029265670357776855705356316847365398998684042724489618,0.7414816417418977846573787910637700133571530569319944803,2.039157646249538914596966909142671111156613830646552046e-56,1,ROOT_OK
kepler,kepler_0002852,dev,difficult,0.9999999865338170844652838763602583644582792562785073017,0.000000161357834356017646432349575910941342189610186460735797,0,0,0,0,0.009889969329690926204755970145329393069605289830229977069,20442.03297384186295062037152936886916117776991933044153,6.857714218896119871103171524265276755909828278585658047e-59,1,ROOT_OK
kepler,kepler_0002853,dev,high_e,0.948731457117581111759818668360821902751922607421875,0.4200322175989704420761747877248628533535891632248141774,0,0,0,0,1.344595128856235707292061532858890450957497944057363741,1.270290929183049501317208193809710448661701951169366454,5.097894115623847286492417272856677777891534576616380115e-57,1,ROOT_OK
kepler,kepler_0002854,dev,ordinary,0.299628509590412372975976040834211744368076324462890625,1.22830053297872978854552608108661761253959099023708914,0,0,0,0,1.527650193287431202970185702700966226760917838765729973,1.013093012493812787857779929309776944267446758542378446,2.039157646249538914596966909142671111156613830646552046e-56,1,ROOT_OK
kepler,kepler_0002855,dev,ordinary,0.64375684368273533575433020814671181142330169677734375,0.8831300820713415692738296929874850683568579275966284569,0,0,0,0,1.526248253740441871583040491638756856529861239781112189,1.029514791405564990742680614826332749832264332169514259,2.039157646249538914596966909142671111156613830646552046e-56,1,ROOT_OK
kepler,kepler_0002856,cal,difficult,0.9999999999849214555360728656822545684546064631898788201,0.00000009367731186430107076561068289895655488454726743511922323,0,0,0,0,0.008252689853646796509671758081221149125245484522787155526,29365.75830871009994493098247041589431203530465847787534,1.797746464352424745905622098036363625831453512256929357e-59,1,ROOT_OK
kepler,kepler_0002857,cal,high_e,0.98938058250593574616260639231768436729907989501953125,1.878999340893315720937992760892364617157990070230133997,0,0,0,0,2.483844030382284863030994270993073064190705391405117601,0.5608629736354814700678155758206839791704943495486230066,0.0,1,ROOT_OK
kepler,kepler_0002858,test,ordinary,0.39646753364095344007722587775788269937038421630859375,1.545332633618951099544731619562608960216337119254434734,0,0,0,0,1.918125218615803071393293031593694406155205631795548078,0.8810940951139093227756585513160240686624143883136430903,2.039157646249538914596966909142671111156613830646552046e-56,1,ROOT_OK
kepler,kepler_0002859,test,ordinary,0.5730499266222957022165473972563631832599639892578125,2.420684286585306879281375726588418931584888692710175187,0,0,0,0,2.677293764725288325581839315770597793267344636805813282,0.6612075518634489057151979855470667876746101656519323772,4.078315292499077829193933818285342222313227661293104092e-56,1,ROOT_OK
kepler,kepler_0002860,dev,difficult,0.9999999998415036336051120460124857253586975356309689103,0.0009166452122505263964373774208848782197149071272843169596,0,0,0,0,0.1766078249827550275540450884545309272711991420065331219,64.28937686454121944224491507642580327783831755298319452,1.702616980022808371074615925114241992225492993362111328e-57,1,ROOT_OK
kepler,kepler_0002861,dev,high_e,0.9048196805082573401790568823344074189662933349609375,1.411735970402878624270519412679189048612106735346079807,0,0,0,0,2.16265199896453754708110899248982711283434861885646393,0.6645398179130447174098766334822406683219977265406387778,4.078315292499077829193933818285342222313227661293104092e-56,1,ROOT_OK
kepler,kepler_0002862,dev,ordinary,0.5738627452615705504257448410498909652233123779296875,1.04752142055183711142080501984700047448670658737176255,0,0,0,0,1.620670588602199492854945416775023835721819531796196073,0.9721866000378951833956270889116296103718733349665876584,2.039157646249538914596966909142671111156613830646552046e-56,1,ROOT_OK
kepler,kepler_0002863,dev,ordinary,0.01238173479056017302346592856565621332265436649322509766,1.342243357559238607241701465508353816113459306712311247,0,0,0,0,1.354336150055234421521223491025304079789768568366836677,1.002666362300307759812153763870600058428946200489686469,0.0,1,ROOT_OK
kepler,kepler_0002864,dev,difficult,0.9999999995482610069069554348048995728790329827043368411,0.002489852620622936368528560691127133596826699707350430959,0,0,0,0,0.246536711496255147676546345175867406924830495352528788,33.07254540731044047447818459352051100295358534729477316,6.372367644529809108115521591070847222364418220770475144e-58,1,ROOT_OK
kepler,kepler_0002865,dev,high_e,0.96660162292049933707716036224155686795711517333984375,1.469517416832661361041092446183396513925579813796081012,0,0,0,0,2.232258080845065824936651978446730913920584465870571972,0.6274488869821239779153586612572403225228226680640347004,0.0,1,ROOT_OK
kepler,kepler_0002866,cal,ordinary,0.56961896620941276925265128738828934729099273681640625,1.804732201244065313069309531243146463655167189086908807,0,0,0,0,2.248480607817684256894663357258290107717786948210862228,0.7368405106209842169918149396342516073548068326717436311,2.039157646249538914596966909142671111156613830646552046e-56,1,ROOT_OK
kepler,kepler_0002867,cal,ordinary,0.7680284668109889079090635277680121362209320068359375,2.299592574971978273883277240227817167102535616049830466,0,0,0,0,2.657224490177377914029817813920377472769644052584468831,0.5953509123315031762301789441135296209333742858697793826,8.156630584998155658387867636570684444626455322586208185e-56,1,ROOT_OK
kepler,kepler_0002868,test,difficult,0.9999999995973500789151504610507762204211028011823480981,0.00001238614061083063043421642269463733174171070298947108562,0,0,0,0,0.04204441843291409569261764275943762899564874635895739855,1131.55866883084578466882696511942032340558095198146031,3.032164194137841296805945210204365536227600369209388686e-58,1,ROOT_OK
kepler,kepler_0002869,test,high_e,0.9521720088974863216435551294125616550445556640625,2.312129929303163637815628137097653293593927948852840702,0,0,0,0,2.71023623890417932416916063332473254670010174088993293,0.5362066740086920044089077954612003860443514396104644932,0.0,1,ROOT_OK
kepler,kepler_0002870,dev,ordinary,0.007307514802799797322407915345365836401470005512237548828,2.580760052120798180874603536136681292189362410999847171,0,0,0,0,2.584622923930725774917627813618173158245475726264907359,0.9938351775106188991074902451334297466715986636545948932,0.0,1,ROOT_OK
kepler,kepler_0002871,dev,ordinary,0.789367123664803660432198739727027714252471923828125,2.710207329689457983497711862409503522268471245194719431,0,0,0,0,2.899469474896023611870891834856373429430231941561549485,0.5661417285363485645502004367564799503512318992504371074,4.078315292499077829193933818285342222313227661293104092e-56,1,ROOT_OK
kepler,kepler_0002872,dev,difficult,0.9999999869775648962560471378395496095775176053257763395,0.000004331067205328291337741644277651800790394194452528403329,0,0,0,0,0.02961934952731344046043445324696884712515047443781225659,2279.805647123041377821828009385215120650141538538925377,2.996381856290139731989866841895129821844206419239241975e-58,1,ROOT_OK
kepler,kepler_0002873,dev,high_e,0.96570954723932367347316585437511093914508819580078125,1.909914056623643677330195032995227982312372242853027477,0,0,0,0,2.493150210530961775170621455582925347356498738742335124,0.5650690960738976195035776341119948677392854119701424447,8.156630584998155658387867636570684444626455322586208185e-56,1,ROOT_OK
kepler,kepler_0002874,dev,ordinary,0.57331770080481536666638930910266935825347900390625,1.464165757880119252010129883172761147146548701228739422,0,0,0,0,1.988249499246641831835599623267307342681723868753227979,0.8113970189674655768504740629424350669896538181921766469,0.0,1,ROOT_OK
kepler,kepler_0002875,dev,ordinary,0.351699392345942440929462691201479174196720123291015625,0.3359190770071400174015619050439553471917531970824365336,0,0,0,0,0.5065510724065259349631897281845550490043707792609830034,1.444114303563933207507949375922000410802358116073369071,5.097894115623847286492417272856677777891534576616380115e-57,1,ROOT_OK
kepler,kepler_0002876,cal,difficult,0.9999999706857739926383642967751445277238184560952302723,0.000550357807395511428692547522716080903907791317646272584,0,0,0,0,0.1489675287997034698002237661948944242165666641520978311,90.29192486605119829653136666816229357288982936820526542,2.987047333373348019429150745814459635483321040986160224e-59,1,ROOT_OK
kepler,kepler_0002877,cal,high_e,0.9311027505922810920679921764531172811985015869140625,2.529560625149053987457706451582558956846657618299392988,0,0,0,0,2.822050087728003794566935934923939139426042504650530854,0.530794128624320806390254663515273887787641499674235813,8.156630584998155658387867636570684444626455322586208185e-56,1,ROOT_OK
kepler,kepler_0002878,test,ordinary,0.2081054576850771831164621517018531449139118194580078125,2.697218419474827911720602152522489028334636881570280596,0,0,0,0,2.772329566426098621538318808708169053537210292355852934,0.8374663610077016507728589378902493625491260938794157005,4.078315292499077829193933818285342222313227661293104092e-56,1,ROOT_OK
kepler,kepler_0002879,test,ordinary,0.85734361398097813644625375673058442771434783935546875,0.7912267041321697558548720477656991858588803612501997522,0,0,0,0,1.646138159799727226023636811361366424035004367645603649,0.9393792751406607988858601070121140315467047587906082238,0.0,1,ROOT_OK
kepler,kepler_0002880,dev,difficult,0.9999999996423838018723033971893564552768111155953079252,0.000005719369727796973611771086859271101307205691067649833175,0,0,0,0,0.03249679200358840464680716223847357352093476004325435567,1894.030376722982849855696468177740550687979164349559536,8.292167857749971324769465351662015550586511014820955205e-59,1,ROOT_OK
kepler,kepler_0002881,dev,high_e,0.96852223727849573453596576655399985611438751220703125,2.909345432957988780824978073641394071719884917682688569,0,0,0,0,3.023477130536479170705345421715010549331335205211441001,0.5097427053532728886119330648403826831047543095110154193,4.078315292499077829193933818285342222313227661293104092e-56,1,ROOT_OK
kepler,kepler_0002882,dev,ordinary,0.64063476989289858121168208526796661317348480224609375,1.613421541858157701987204773376672557725773462224636269,0,0,0,0,2.149680139731337672590447274949264758252973417386060696,0.7404748048712722379462337142336707634234814109299785649,2.039157646249538914596966909142671111156613830646552046e-56,1,ROOT_OK
kepler,kepler_0002883,dev,ordinary,0.39820040137662005008678534068167209625244140625,2.087397703779190020885062056340970619546635345208256059,0,0,0,0,2.366150642995657340147747861586808813174135535831215371,0.7785981685179639921905185794163984825402401742567613162,0.0,1,ROOT_OK
kepler,kepler_0002884,dev,difficult,0.9999999998415867982175148445476372423615723650467373164,0.0001520081872258958486996359517356459308414921049002329839,0,0,0,0,0.09699309652313243864966132082254414314750658394504209031,212.7594374832831432942193368677287558217059325689786067,4.605031305617244863286607399797291938036786604853663678e-58,1,ROOT_OK
kepler,kepler_0002885,dev,high_e,0.90903723744293307706954010427580215036869049072265625,0.02373764052087560441929265754702070446424967977947385667,0,0,0,0,0.2384439807827016065415212225098328905383382568726021613,8.570268819274392452604160565626606105099842518786232179,0.0,1,ROOT_OK
kepler,kepler_0002886,cal,ordinary,0.6551869776372443165968206812976859509944915771484375,0.5915966856250479505919855810986036325892540247457932014,0,0,0,0,1.202955579458327463013300454543798669644831923462673689,1.308226194402060524623219434254342189263751596080461143,1.019578823124769457298483454571335555578306915323276023e-56,1,ROOT_OK
kepler,kepler_0002887,cal,ordinary,0.2063179260635623346598066518708947114646434783935546875,2.253139313883607108768905434648296277794622133288391763,0,0,0,0,2.39348733483656968496820527015846833686415773741659057,0.868638632259520243308315768921435734840167543303318252,0.0,1,ROOT_OK
kepler,kepler_0002888,test,difficult,0.9999999852897058419141720016084192727999249951199753328,0.00000006120604333718852633475750269608649483396002377913442201,0,0,0,0,0.007157032622949882898650028215605453526722759280440242603,39022.6259258932441277896729875351186914702784837819198,5.257718650189790389992928180437902624989318912393364216e-59,1,ROOT_OK
kepler,kepler_0002889,test,high_e,0.94065205882293601025168072737869806587696075439453125,0.7869674398931377669085794589861254414584792818445171878,0,0,0,0,1.717513449091324464145617786576442838444602099086923914,0.8791091591553140499448066420742900333508598071359372917,0.0,1,ROOT_OK
kepler,kepler_0002890,dev,ordinary,0.2451494836694917689445816222360008396208286285400390625,0.5575633143929737945992703763049683528428982322247333077,0,0,0,0,0.7190327890820883400719953736255716225246451375911758415,1.226183000916073577709809692791802945301410174564275861,1.019578823124769457298483454571335555578306915323276023e-56,1,ROOT_OK
kepler,kepler_0002891,dev,ordinary,0.0824390357258133199547245339999790303409099578857421875,2.124378706290316672373399804899201679811572478655298445,0,0,0,0,2.191443068511377180579804251893274106278651427921944073,0.9542500449412753007887072667383127884954646057692379059,4.078315292499077829193933818285342222313227661293104092e-56,1,ROOT_OK
kepler,kepler_0002892,dev,difficult,0.9999999999455317335241260840908419785365228502154845812,0.003726280977105861676109448570358005989420963925772805134,0,0,0,0,0.2820882379185173544408661702151037361576524377906103041,25.30124092565542144155313507026716004032371466987267172,4.58013924450580029645803114358217144107442559617877901e-57,1,ROOT_OK
kepler,kepler_0002893,dev,high_e,0.9122944314587879688360771979205310344696044921875,0.9974848967881851783401652939754577147342592673333754519,0,0,0,0,1.869406825941418783207808438915534002149051848180528311,0.7884009430619244762394715854239823939607511856875374728,0.0,1,ROOT_OK
kepler,kepler_0002894,dev,ordinary,0.02881318262462833137971252028819435508921742439270019531,0.2628385356698942128669071479303783738025019661814643376,0,0,0,0,0.2705388804879502380911813436140844226135273256124474832,1.028558081038076549345925747220897887073474555636745052,5.097894115623847286492417272856677777891534576616380115e-57,1,ROOT_OK
kepler,kepler_0002895,dev,ordinary,0.376595350915254478696425621819798834621906280517578125,0.3730209201191315993087115116405712461906845190651974332,0,0,0,0,0.5791300758189237196959240670445539510767329766476528217,1.460253428552391378225865608347154773231913959668372129,5.097894115623847286492417272856677777891534576616380115e-57,1,ROOT_OK
kepler,kepler_0002896,cal,difficult,0.9999999997252246279398026589303913155145880719599011205,0.0000000419855976052614590059654389284137796801531861417881872,0,0,0,0,0.006315554710017086260466825978058884327521013643019708332,50142.09233630958545730628799906118780323143236996356401,4.586678272278240324267491117138682587249108322090443049e-59,1,ROOT_OK
kepler,kepler_0002897,cal,high_e,0.95342520135716501972211744941887445747852325439453125,1.176747311369076793841777351454597832156768069242500633,0,0,0,0,2.030986032074101992658771009229075075837389251864391089,0.702526734248414638461589134569256718618350059204775637,4.078315292499077829193933818285342222313227661293104092e-56,1,ROOT_OK
kepler,kepler_0002898,test,ordinary,0.42454377333410586725648272476973943412303924560546875,2.545600706653565145768649813531641063923367300139854656,0,0,0,0,2.719517082029280547335582407845512995770980909880558013,0.7208318547057857129605268378556454564425483476718808234,0.0,1,ROOT_OK
kepler,kepler_0002899,test,ordinary,0.10072838543285644874458739650435745716094970703125,1.430336698761973031473965416742715952092800816044871534,0,0,0,0,1.530985271514567057844820462776133881562817589430413464,1.004025181251704427304761383105961151450985627949077379,2.039157646249538914596966909142671111156613830646552046e-56,1,ROOT_OK
kepler,kepler_0002900,dev,difficult,0.9999999975932465561770496143689648335183339075203325213,0.000006556244279569742739963978529077152344523937490124912482,0,0,0,0,0.03401016125152410803586968519684846981614151530748177018,1729.229634488889921625512910730488658210662015872863083,2.2815129762458410783816924837171380497064012013573979e-58,1,ROOT_OK
kepler,kepler_0002901,dev,high_e,0.90742227099681349589133105837390758097171783447265625,0.6471206907989414602168498984607511121008305002186043021,0,0,0,0,1.55442130581502464134327927524325081215339022796553384,1.015082496363211675464599109939620251810328527190070199,1.019578823124769457298483454571335555578306915323276023e-56,1,ROOT_OK
kepler,kepler_0002902,dev,ordinary,0.77187426622752586258258133966592140495777130126953125,1.8768644098517877233157312329063233157208973664438926,0,0,0,0,2.39887630612603462288283686800372061761948439916729813,0.6375156227803396810379117208699957021507050016565795396,2.039157646249538914596966909142671111156613830646552046e-56,1,ROOT_OK
kepler,kepler_0002903,dev,ordinary,0.05802877789937717356583135597247746773064136505126953125,2.952428420559880308403908398090931239643746426400298943,0,0,0,0,2.962751141440797594911548485859385510127403238548519732,0.9459813934799149894031533653074263218355169626200869664,0.0,1,ROOT_OK
kepler,kepler_0002904,dev,difficult,0.9999999979246930230472689068589468223825335029053010754,0.0000001736098784680061828024176917708183900858442344182840642,0,0,0,0,0.01013658724744153978102450543177169577201449219457227265,19464.02467543304188764947267496629283755418423022150415,5.668534893142342323003610533988231139309534778219097515e-59,1,ROOT_OK
kepler,kepler_0002905,dev,high_e,0.98839533047917516039859719967353157699108123779296875,0.4151113236860290254455925605944788907949633960178912832,0,0,0,0,1.386827972376497860841292825609793410090428305440007837,1.220717317037903093642935789690230393919073761272554756,1.019578823124769457298483454571335555578306915323276023e-56,1,ROOT_OK
kepler,kepler_0002906,cal,ordinary,0.298269586049257295901071529442560859024524688720703125,1.341992343863000708470926513020107596912347364561064376,0,0,0,0,1.639557091997525206787139260056957521268467471677341429,0.9799184456848087866634340824820020063969864526269996552,0.0,1,ROOT_OK
kepler,kepler_0002907,cal,ordinary,0.67525965451085789847951446063234470784664154052734375,1.550327152956273811481415788284885182825119141471082575,0,0,0,0,2.124641250889275796248084885695019122134127686117129371,0.7379200214853750988261400077279529227567250835560748967,2.039157646249538914596966909142671111156613830646552046e-56,1,ROOT_OK
kepler,kepler_0002908,test,difficult,0.9999999991452166545286016283076570321612047185416375364,0.007094898365030173163888681555417786999043296235790588721,0,0,0,0,0.3498796423822307437808270353372606197872820552198608286,16.50545666205819645898326834451791706572410042299025563,4.699621137840734217235197173414749826493758437818225419e-57,1,ROOT_OK
kepler,kepler_0002909,test,high_e,0.93927135857394994378211094954167492687702178955078125,1.134571111145505939568673738439247819172562371503636687,0,0,0,0,1.991817750387991039432417182213803599045927578597253045,0.7226093863819036193782303374979481910463391428417653341,4.078315292499077829193933818285342222313227661293104092e-56,1,ROOT_OK
kepler,kepler_0002910,dev,ordinary,0.16191250731769202264587192985345609486103057861328125,1.31698552740427648912020459226929874823327579293771643,0,0,0,0,1.478204472114249398415338072680814959426895410288502345,1.015197885065900919654225008982443717877162899159444433,0.0,1,ROOT_OK
kepler,kepler_0002911,dev,ordinary,0.062413957955284204981438733739196322858333587646484375,2.924929797557077178798821864669161189259046818047143718,0,0,0,0,2.937575184035582705569221259358779059360756817358483277,0.9424009042767651525279938993188117195329239323248926204,4.078315292499077829193933818285342222313227661293104092e-56,1,ROOT_OK
kepler,kepler_0002912,dev,difficult,0.9999999890556007245988161867657311367821519198482341504,0.0000000748626456156761537504547250864891567934410502638856671,0,0,0,0,0.007655562788240055208911205039305908927699119795969428206,34112.66937407389708788671546321072753999164544261581624,2.763650808359504690176596258883837206690256910398083951e-59,1,ROOT_OK
kepler,kepler_0002913,dev,high_e,0.91575595042170820914151363467681221663951873779296875,1.528614626495271349187724054811282936087165257780070541,0,0,0,0,2.244368189590897043264128594897784258912493813563695627,0.636443320600389502719143272740882239853182444430562214,6.117472938748616743790900727428013333469841491939656139e-56,1,ROOT_OK
kepler,kepler_0002914,dev,ordinary,0.0794416043547591932405538273087586276233196258544921875,2.414335075416691289170872632670135684750143072773805777,0,0,0,0,2.46413047595075305858693817349349162724662302328716128,0.9417098591700853658479920016707173793418891120925535701,4.078315292499077829193933818285342222313227661293104092e-56,1,ROOT_OK
kepler,kepler_0002915,dev,ordinary,0.59147723633794668796070936878095380961894989013671875,0.4763698855428213536515019972487025659372439070513742051,0,0,0,0,0.9613659670360012250860703735039625681941992337904924521,1.511857141213120829537755190781329804491050129866537996,5.097894115623847286492417272856677777891534576616380115e-57,1,ROOT_OK
kepler,kepler_0002916,cal,difficult,0.9999999999880052355273525564271496188117838206764449784,0.0000004551741590373054446493756939685667911592077168991350907,0,0,0,0,0.01397797664627675185313053482561381359127623243077821781,10236.42697166197134745558622588288407653733774374165413,6.876918055105144488090061409431238858058524759887571023e-59,1,ROOT_OK
kepler,kepler_0002917,cal,high_e,0.9835241407794175216849907883442938327789306640625,1.308735491326290530354572215242821463711403286093900573,0,0,0,0,2.138161146530800266197590182631908673242861825147609429,0.6542116549151848841601678656623037768157481564268182377,4.078315292499077829193933818285342222313227661293104092e-56,1,ROOT_OK
kepler,kepler_0002918,test,ordinary,0.07954803026313235492228415068893809802830219268798828125,2.124961516069370255465252902082106882630558629811713158,0,0,0,0,2.189752170006781105557467215516369910949105734472868525,0.9558835134004860067989765119854322533987157241696663437,4.078315292499077829193933818285342222313227661293104092e-56,1,ROOT_OK
kepler,kepler_0002919,test,ordinary,0.83952386635760001265538221559836529195308685302734375,2.523041747893418406753444642059717747509010805329346781,0,0,0,0,2.802384954547997676438435353270841857965644125191092998,0.5581333209071239033369338672103798887489521301640449618,4.078315292499077829193933818285342222313227661293104092e-56,1,ROOT_OK
kepler,kepler_0002920,dev,difficult,0.9999999997398031047117190400167147421784234036241704431,0.00000001757376469096454305157256214363255801638369311903276906,0,0,0,0,0.004724204850952076227625223530352726499670407393931736738,89611.39428223486622823917848531023001604050774898997391,3.551980439066679790030822810696686539199404870677878678e-59,1,ROOT_OK
kepler,kepler_0002921,dev,high_e,0.90749399296497024192120761654223315417766571044921875,1.476596190435750342851746735426469225624824596780227694,0,0,0,0,2.206704658198650845832649319169827048788342408750976408,0.6497859072844269717892262153267893875127027369435277291,4.078315292499077829193933818285342222313227661293104092e-56,1,ROOT_OK
kepler,kepler_0002922,dev,ordinary,0.458417457883142420715927300989278592169284820556640625,0.5489576891158181706801875072258692713438857113664114518,0,0,0,0,0.9112241249048703859541255811034872487403385928169102187,1.390643644526839685402276618698937120302691545737584452,1.019578823124769457298483454571335555578306915323276023e-56,1,ROOT_OK
kepler,kepler_0002923,dev,ordinary,0.01108111862135958795849699498603513347916305065155029297,0.4064037394627442285843472403097432934695219899548010172,0,0,0,0,0.4108292021432724274061932024869908364883517295169645898,1.010263324229021429551145063275501401251729283144762415,5.097894115623847286492417272856677777891534576616380115e-57,1,ROOT_OK
kepler,kepler_0002924,dev,difficult,0.9999999591512502175485753318290896820366665775128220786,0.0000001303413572912399644237825695096311270245965661315192244,0,0,0,0,0.009204359777043193877499459561948872600647230007077954861,23584.53442110484411261700667848525062982243044950075886,1.11844114427496535135038432466571686058420899329242539e-58,1,ROOT_OK
kepler,kepler_0002925,dev,high_e,0.9490098511435081096720978166558779776096343994140625,0.03268002209913716039092993647566795394331133543177125275,0,0,0,0,0.4173579075584247991917733315380639324284976249609123165,7.550006374796585333180037533387609396723287312787607167,3.823420586717885464869312954642508333418650932462285087e-57,1,ROOT_OK
kepler,kepler_0002926,cal,ordinary,0.50782239215854951819295592940761707723140716552734375,1.98096569889777680011243869083007063243528382131077806,0,0,0,0,2.344297035034408112015867403847480273285407416370228672,0.7381233278099003752856700281444523785854795726487027073,6.117472938748616743790900727428013333469841491939656139e-56,1,ROOT_OK
kepler,kepler_0002927,cal,ordinary,0.53574064289894363088961881658178754150867462158203125,1.803423833454692542078507801276736231708140992841239336,0,0,0,0,2.227677247926836383364001673341783175903641884509267176,0.7534943696428314601513576305133645546522917347098403374,0.0,1,ROOT_OK
kepler,kepler_0002928,test,difficult,0.9999999911781346649639979879693678970649138210152863943,0.00000009999998320363712065755582520642940982219271271637666515,0,0,0,0,0.008432244300041239079219800258888427150013038671218903317,28121.49836112530811972457616239210386278000149735140123,5.77561451149772642151911679241362741774625376573166291e-59,1,ROOT_OK
kepler,kepler_0002929,test,high_e,0.962834060711174277713553237845189869403839111328125,2.046861466406531098072583001455098037332385200876283841,0,0,0,0,2.568744343630236837628379107246273693458457864940304468,0.5527525673646033595490031773320036296020302037960383445,4.078315292499077829193933818285342222313227661293104092e-56,1,ROOT_OK
kepler,kepler_0002930,dev,ordinary,0.787857594608310396466777092427946627140045166015625,0.6059631304771198321472102859888803554905538706731113991,0,0,0,0,1.379440117979715351878852499023520815798711167937642168,1.176253394439669708081653615077410233865744716390564529,1.019578823124769457298483454571335555578306915323276023e-56,1,ROOT_OK
kepler,kepler_0002931,dev,ordinary,0.5116459689551653422512345059658400714397430419921875,1.874519813825592241922134226943581957016977227924384811,0,0,0,0,2.2670728278607105633017446931509701067929797724926288,0.7529258754448617836075993564219552492959178350474570454,6.117472938748616743790900727428013333469841491939656139e-56,1,ROOT_OK
kepler,kepler_0002932,dev,difficult,0.99999998973652517161645662576211112297359898231396764,0.000002652912216686905384012303946443715421765401564962679148,0,0,0,0,0.02515447182629342274714802418648202103286637365305373944,3160.88288625738154391275466456242272479652887975182554,1.089416612080566120106907713414882999868331020286749321e-58,1,ROOT_OK
kepler,kepler_0002933,dev,high_e,0.942654103499556139666992748971097171306610107421875,0.9820732809243358958711639172051825714204152858966834049,0,0,0,0,1.880017981278927473352912896466267463736314664079976791,0.7770817147494218022521717538048286672184687202669717685,1.019578823124769457298483454571335555578306915323276023e-56,1,ROOT_OK
kepler,kepler_0002934,dev,ordinary,0.823300668048802197773738953401334583759307861328125,1.380427694234941840791248521684644001264539748818336376,0,0,0,0,2.093709180105368444690164219843642841926426065555551301,0.7086362760204687243110987173520053050329804069787092227,2.039157646249538914596966909142671111156613830646552046e-56,1,ROOT_OK
kepler,kepler_0002935,dev,ordinary,0.83373624132527390795388555488898418843746185302734375,2.558926474194905058338726446606232245745171732122739692,0,0,0,0,2.821369006507233943959713412098557063776685910229221618,0.5582371734558412390468503185850095516340871519691577602,4.078315292499077829193933818285342222313227661293104092e-56,1,ROOT_OK
kepler,kepler_0002936,cal,difficult,0.9999999939549076876312493933024221247354209278388288192,0.00000005957990814149645579091932573810667816109066847276353975,0,0,0,0,0.007095447682986803607046464732727641971398114455027525443,39716.22244245833172379858830008378011980972193486297315,6.400529219527473688848827834064223292414120592401191832e-59,1,ROOT_OK
kepler,kepler_0002937,cal,high_e,0.96659903065961538803918529083603061735630035400390625,1.698348598635177629499863866485621141749485535530988986,0,0,0,0,2.371379880365306797855882585773592091727370860387131056,0.5903924596625245388659433888164039737805456892666720963,4.078315292499077829193933818285342222313227661293104092e-56,1,ROOT_OK
kepler,kepler_0002938,test,ordinary,0.253351946971374808459387395487283356487751007080078125,0.3541053969141273153814472696331055000860142655169967937,0,0,0,0,0.4685078419658666560725703082647221805690098450451034203,1.292075668565853094887353268103613048813262731471521425,5.097894115623847286492417272856677777891534576616380115e-57,1,ROOT_OK
kepler,kepler_0002939,test,ordinary,0.5849643536865369863875230294070206582546234130859375,1.761578940105598106606317150238141551180452019401409458,0,0,0,0,2.2255658306591742500538219562515227330630785446175921,0.7373383310560187058816718963239940297687685983114109841,2.039157646249538914596966909142671111156613830646552046e-56,1,ROOT_OK
kepler,kepler_0002940,dev,difficult,0.9999999981078847038552380671468370381248844004552478582,0.00000003849042636507838270910471228893240864990904869232107894,0,0,0,0,0.006134670863571923817247991104064188662140482161476656977,53137.99418942771753811303028056291838166732755443446457,7.645193046733274892989624473570773337057958040326760427e-59,1,ROOT_OK
kepler,kepler_0002941,dev,high_e,0.908657048142263334966628463007509708404541015625,1.412863776912592212584480561850383770213905681596619078,0,0,0,0,2.165511686844500057719099669390973556811989107372264596,0.6626483593802076992900063915704276549995631637704585653,2.039157646249538914596966909142671111156613830646552046e-56,1,ROOT_OK
kepler,kepler_0002942,dev,ordinary,0.354015407675834559153571490242029540240764617919921875,1.459293941064040193464055530503905223703733322487616539,0,0,0,0,1.803747189536650169596742107829527488683700136043714958,0.9244499350120598820780017525420760667874087123151665741,2.039157646249538914596966909142671111156613830646552046e-56,1,ROOT_OK
kepler,kepler_0002943,dev,ordinary,0.08923313680168114270241375152181717567145824432373046875,0.7202711660913502971171127034399799507314927287586612995,0,0,0,0,0.7832316745390845837051785926809653587804607142296663577,1.067502344704694250687312184997195947245713091747845028,1.019578823124769457298483454571335555578306915323276023e-56,1,ROOT_OK
kepler,kepler_0002944,dev,difficult,0.9999999989466736168714794815579139071650822353552472788,0.00006775676416518189167674205775908071568655055193730095351,0,0,0,0,0.07408680495307770174746450274616903133088722391845573504,364.5413141710108450149133278213366533968891793605374322,6.758194591757199893958453562405214925281013855231187507e-58,1,ROOT_OK
kepler,kepler_0002945,dev,high_e,0.94112865505278875399852722694049589335918426513671875,1.331700610078166369078704334264321203152173922021626343,0,0,0,0,2.129649476058352226318542448473655022431391391208559606,0.6671115179091610122377386032282965790311895879584303097,4.078315292499077829193933818285342222313227661293104092e-56,1,ROOT_OK
kepler,kepler_0002946,cal,ordinary,0.44796937670561509658995191784924827516078948974609375,1.140427931863795476327352281995127823312337272565822966,0,0,0,0,1.588328462861235206563188622537793505566708212320303864,0.9922077384720945255843108106938266868067983009084729649,2.039157646249538914596966909142671111156613830646552046e-56,1,ROOT_OK
kepler,kepler_0002947,cal,ordinary,0.470116692738213715063722020204295404255390167236328125,2.693998314532872073915665515999057212690122604996912342,0,0,0,0,2.835611188714936543567234919770386328360639068294662756,0.690473930406016340596501445865491711916555246610143548,4.078315292499077829193933818285342222313227661293104092e-56,1,ROOT_OK
kepler,kepler_0002948,test,difficult,0.9999999945812704556456629870901543541318191502478056847,0.00000001084733032297597849006090865865621914065048379107448432,0,0,0,0,0.004019763496476095933419908167659658167684542821885889125,123691.0840871310262690190487058650699245171883152205021,6.175188002239298752812790827116794574795872008010390194e-59,1,ROOT_OK
kepler,kepler_0002949,test,high_e,0.9469380320379234827754544312483631074428558349609375,1.942821709300126096396802694144618739237448547543587051,0,0,0,0,2.505418664340176682625166409752094674779972157807895429,0.5676357750830740700134493602281598457148758012315156953,2.039157646249538914596966909142671111156613830646552046e-56,1,ROOT_OK
kepler,kepler_0002950,dev,ordinary,0.8668562844902336639307804944110102951526641845703125,0.4323145364720318911984749418437327355196931169285375392,0,0,0,0,1.256782916416944273526452628874625652124688001925716967,1.365659539111033162398284133996351943994033262415089068,1.529368234687154185947725181857003333367460372984914035e-56,1,ROOT_OK
kepler,kepler_0002951,dev,ordinary,0.257823540092367464726663683904916979372501373291015625,2.012582961964920638016195500529058226370683880168737849,0,0,0,0,2.218231606310887568352668533478981163088590038891247602,0.8654229402726889056751985420658614642080098119835801852,0.0,1,ROOT_OK
kepler,kepler_0002952,dev,difficult,0.9999999719127783106209305582317590970535531964748434602,0.0002610855207008013114573940822922297197579195240045219563,0,0,0,0,0.1161646219875168943146965299880107258449554116171964271,148.3777762221468062279889643125540487796324643053950326,8.264164288999596187087317063420004991503854880061709953e-58,1,ROOT_OK
kepler,kepler_0002953,dev,high_e,0.9343546973833503077599971220479346811771392822265625,2.734691388861143987375894624144999990692959777992505003,0,0,0,0,2.930481843887053479157649152701843259293548483241235076,0.5225722859381578616130639724999304980665505073293222918,4.078315292499077829193933818285342222313227661293104092e-56,1,ROOT_OK
kepler,kepler_0002954,dev,ordinary,0.8469630770006608688760252334759570658206939697265625,1.030478075206792187002144477149001977006035382459446395,0,0,0,0,1.845650265864682250495709879540741070876165777297016648,0.8130932953779201251186183896800505309400911987129272875,2.039157646249538914596966909142671111156613830646552046e-56,1,ROOT_OK
kepler,kepler_0002955,dev,ordinary,0.8172536323469830055188367623486556112766265869140625,2.575030823204293130134750439665360212050035372854635753,0,0,0,0,2.827513677957491035879651747055336349246715756684684664,0.5626592325224444418349809316778929490120337101549593719,4.078315292499077829193933818285342222313227661293104092e-56,1,ROOT_OK
kepler,kepler_0002956,cal,difficult,0.9999999827209391186070706508500850375010122907206689667,0.0005682098586778930346078439441247705012474789914833081135,0,0,0,0,0.1505624824051438318842638022451142187579973915614194657,88.39269644680802429584643236904441941341249485606864153,4.58013924450580029645803114358217144107442559617877901e-58,1,ROOT_OK
kepler,kepler_0002957,cal,high_e,0.9670639225439803254857906722463667392730712890625,3.003500670886699790188891615584695791001025896243280673,0,0,0,0,3.071362195393120798552225085441381794557307518198153543,0.5089887490406831662794170407483295411720414062740482245,4.078315292499077829193933818285342222313227661293104092e-56,1,ROOT_OK
kepler,kepler_0002958,test,ordinary,0.79297823814291412691801497203414328396320343017578125,0.8096178221408046120046580308117603583022188885905060033,0,0,0,0,1.602204955154136117801614850778699539145823308392113221,0.9757027915459701849007518275136789217142562937291151225,1.019578823124769457298483454571335555578306915323276023e-56,1,ROOT_OK
kepler,kepler_0002959,test,ordinary,0.270075780372423412956095489789731800556182861328125,1.677240733196085344641085432910048065097198555327416014,0,0,0,0,1.930072588947972489689829189341059184426294619330440518,0.9132772229676549546633370986244840687901262856500480372,0.0,1,ROOT_OK
kepler,kepler_0002960,dev,difficult,0.9999999999110086282596755383098054286647166010792255265,0.0002727946084148310655340124764027772637060134878516793,0,0,0,0,0.117877137932180342918978492811410877974280368137922906,144.1032450318426038678553018031329136676347877618934755,4.928628100066024232058098730593858398547479717627164369e-58,1,ROOT_OK
kepler,kepler_0002961,dev,high_e,0.957493770246176101323953844257630407810211181640625,2.547189256160502239835980476535520905677489021049912784,0,0,0,0,2.835612834105894030941904153780920738578499655227415153,0.5227335924229915425080827920158253910694232851257131242,4.078315292499077829193933818285342222313227661293104092e-56,1,ROOT_OK
kepler,kepler_0002962,dev,ordinary,0.67342359714788380120609190271352417767047882080078125,1.754667852277897423194226986938505440132045110689959699,0,0,0,0,2.270052975906423792751909788723954410513466554508952673,0.6976184144049328855903429603705362896594042507448469271,6.117472938748616743790900727428013333469841491939656139e-56,1,ROOT_OK
kepler,kepler_0002963,dev,ordinary,0.44761408677941372236119832450640387833118438720703125,1.61298481590521605076186010884929548032145705266562062,0,0,0,0,2.016810455560528235576957256077670471045896212043612618,0.8381606909113025568644314478433235348673745032004640787,2.039157646249538914596966909142671111156613830646552046e-56,1,ROOT_OK
kepler,kepler_0002964,dev,difficult,0.9999999907810174621488505152529566866258069335578214966,0.0001766449141241193578723259167674719804041062270802859747,0,0,0,0,0.1019745890344577720942391590255565533736156588742927835,192.4959868601342029728812536455253795347349276938914616,1.092761482792416483774497647843789816647648280827436949e-57,1,ROOT_OK
kepler,kepler_0002965,dev,high_e,0.90050257732553606881964469721424393355846405029296875,2.445355256191863447890603416685852504708873643263922086,0,0,0,0,2.771265518132101817706894523409643577683480574704026041,0.5436388098940760969855989951285291201038124416047848565,0.0,1,ROOT_OK
kepler,kepler_0002966,cal,ordinary,0.88779121174244135517028553294949233531951904296875,0.8865960481571073834469135366947716718383856111630698457,0,0,0,0,1.758751762121813505073649529463998326593741612328521513,0.8577179425021445266005370250956745952364877871213750461,1.019578823124769457298483454571335555578306915323276023e-56,1,ROOT_OK
kepler,kepler_0002967,cal,ordinary,0.440553006763237942067235053400509059429168701171875,1.903427561659907059914336126478039664307278338060658742,0,0,0,0,2.24703036373050157704329889364387513211848464705396554,0.7838682300050574166927629913781750399878185394777810821,0.0,1,ROOT_OK
kepler,kepler_0002968,test,difficult,0.9999999997788447004452975833744663497767694339107643625,0.009293219158623755884673259015665643731271250019327716174,0,0,0,0,0.3829725189514021224669611506245073592009329109117269384,13.8041403047136637529386087787913505599719670475404667,3.664111395604640237166424914865737152859540476943023208e-57,1,ROOT_OK
kepler,kepler_0002969,test,high_e,0.9135671797274691474655128331505693495273590087890625,2.014147721585643879910133480432376507043604706970297554,0,0,0,0,2.534969247424359728673336010798901415332374034128203759,0.5712436823105045600369792857900075442000490497951811276,4.078315292499077829193933818285342222313227661293104092e-56,1,ROOT_OK
kepler,kepler_0002970,dev,ordinary,0.75981696798999520670037099989713169634342193603515625,2.961691507978499412805435012973914719425378862562901794,0,0,0,0,3.039288453086638559925785232276501938986459405752056046,0.5695265948123201760630088995220177331260353338137173821,4.078315292499077829193933818285342222313227661293104092e-56,1,ROOT_OK
kepler,kepler_0002971,dev,ordinary,0.620796582514835382227147420053370296955108642578125,1.518770365633082472669220678581459320796594405474811165,0,0,0,0,2.06522139065537967300722117212226319750792137360998064,0.7724489699221634564334048294412394384900547467499513574,0.0,1,ROOT_OK
kepler,kepler_0002972,dev,difficult,0.9999999999209174393236703049353555737825321021485676884,0.00004695925515500625161703708125806247347912393313376765072,0,0,0,0,0.06556246102205269687459430234793819996133315660454495479,465.4521665850324480884893312170198257632708889263583065,1.19481893334933920777166029832578385419332841639446409e-58,1,ROOT_OK
kepler,kepler_0002973,dev,high_e,0.9151816506452956634376505462569184601306915283203125,2.463030474726978364161889318722290810792171570375107096,0,0,0,0,2.783656762231026130831004439995341571945346542997861112,0.5384509918299522474935791994853534545762126506985114388,4.078315292499077829193933818285342222313227661293104092e-56,1,ROOT_OK
kepler,kepler_0002974,dev,ordinary,0.644775374583587801424755525658838450908660888671875,2.725562046411214752316811859633333410960607620361635126,0,0,0,0,2.88758465770105142641062088574516117595676784312445793,0.6157307515178930498337043244614074519992748839451998492,0.0,1,ROOT_OK
kepler,kepler_0002975,dev,ordinary,0.7843396718392006139453087598667480051517486572265625,2.495091710324675314182802420504922217883206406540277629,0,0,0,0,2.775708723040828607686534586056091814958317544570025728,0.5772263768026587862718747338277844828427327814368999414,4.078315292499077829193933818285342222313227661293104092e-56,1,ROOT_OK
kepler,kepler_0002976,cal,difficult,0.9999999374914801444016059993462932339154169784381469101,0.000005618147173809569517139602203703581635275616321148135307,0,0,0,0,0.03230008364511621119167194497742235492191165674463226592,1916.939669261397578538363453145524430173250012323918081,4.665705704576390994931262024321648149382541563498695058e-58,1,ROOT_OK
kepler,kepler_0002977,cal,high_e,0.91405216004434974852443929194123484194278717041015625,1.745203693744313401554107115809966894377857255851181396,0,0,0,0,2.377572341693434748777419733676469289490343731467915679,0.6024092964488989842835855722270303242814624081320870312,4.078315292499077829193933818285342222313227661293104092e-56,1,ROOT_OK
kepler,kepler_0002978,test,ordinary,0.53217859980767323602179885710938833653926849365234375,0.9252112426147893291558890236896356842052507305356762002,0,0,0,0,1.453748529357434841476355173963238598082984777244136431,1.066266545243849953497601313670967191350922592832127093,0.0,1,ROOT_OK
kepler,kepler_0002979,test,ordinary,0.7817600690739963109621157855144701898097991943359375,0.08471338333660173633472591594362494672136901447891912166,0,0,0,0,0.3603998098125159119720606372711505128164757563772837104,3.72490256368161140864760024460530129384492092089625197,1.274473528905961821623104318214169444472883644154095029e-57,1,ROOT_OK
kepler,kepler_0002980,dev,difficult,0.9999999999637381631066085173601447763745273259225091992,0.0001670403858660331617944743879131139196641308452311596971,0,0,0,0,0.1000913985311279679708250282390732069966146740918088052,199.8016552321118284353735270093056845584925545009773509,6.223015277861141707144064053780124240590252168721167133e-58,1,ROOT_OK
kepler,kepler_0002981,dev,high_e,0.97469775888787102413601814987487159669399261474609375,1.699243565951566944486215100058896567261949670912656082,0,0,0,0,2.375221376904324269580029982418760263259057176975459473,0.587473833002838601383844607904543987176606147502092128,0.0,1,ROOT_OK
kepler,kepler_0002982,dev,ordinary,0.76377558191594474568120176627417095005512237548828125,1.363798375563400870266562520414942859666766696067249671,0,0,0,0,2.043736504222860160557371068248598622499385831344858488,0.7418925284693591139527934614117142551774547058824127611,2.039157646249538914596966909142671111156613830646552046e-56,1,ROOT_OK
kepler,kepler_0002983,dev,ordinary,0.8082016413504551355373450860497541725635528564453125,1.718565692998514894123097192006454769987077743855077737,0,0,0,0,2.313772601032181539026281308233528256319930070877428901,0.6465233628716428864723391089926946208991312401899981186,0.0,1,ROOT_OK
kepler,kepler_0002984,dev,difficult,0.9999999998667747172617217081539859297489645443938674679,0.000002842453259076330636981209219778667290660628201923628793,0,0,0,0,0.02574064837615606360568636435239920236397600615899858743,3018.664425390093058639251254825854549271454951495808774,2.684842153942216325275967135202762352049656920042638545e-58,1,ROOT_OK
kepler,kepler_0002985,dev,high_e,0.96165339574421559998285147230490110814571380615234375,1.739432954921766493858942204531343742670229437867632203,0,0,0,0,2.393552744181143091201628277358108490351549337707612765,0.5865396518954951572569165852613990000413563054492925803,0.0,1,ROOT_OK
kepler,kepler_0002986,cal,ordinary,0.8114724497178753548354279701015911996364593505859375,0.8766757741714273369288913876708893399834923797053742575,0,0,0,0,1.683041707643655430752531003045635316814813708295564847,0.9166802776641336257340425687695109700723271394634510812,1.019578823124769457298483454571335555578306915323276023e-56,1,ROOT_OK
kepler,kepler_0002987,cal,ordinary,0.8690734277440086419375120385666377842426300048828125,2.755631107317580896839475786121209536645745574735039607,0,0,0,0,2.934406034112491290198273058167492151961184567768915697,0.540398282422175872806496543549196472594154311504439593,4.078315292499077829193933818285342222313227661293104092e-56,1,ROOT_OK
kepler,kepler_0002988,test,difficult,0.9999999996608584606448863166527434961240130882903234391,0.002013284812529439130732014816996727130844894479698144242,0,0,0,0,0.229650421864582900112936294854939773460111421142082077,38.08947916582375553133859661891603142624726631817943501,2.349810568920367108617598586707374913246879218909112709e-57,1,ROOT_OK
kepler,kepler_0002989,test,high_e,0.989502443191537128797108380240388214588165283203125,0.3048531991809562224431728507539347533367775726871080702,0,0,0,0,1.241043698388934990730412674951643297282547678682732242,1.471474996255528664927240517029758710774683455360327845,1.019578823124769457298483454571335555578306915323276023e-56,1,ROOT_OK
kepler,kepler_0002990,dev,ordinary,0.145726863115483940003258567230659537017345428466796875,1.720657018604973116864919856036681426308454058025261931,0,0,0,0,1.860318776711061948915811371578592097634270781608821696,0.9600575450557018932554111640063362389938635545148258947,2.039157646249538914596966909142671111156613830646552046e-56,1,ROOT_OK
kepler,kepler_0002991,dev,ordinary,0.74766423460495612385301456015440635383129119873046875,1.827336833971656487080584350009954677120122766336847335,0,0,0,0,2.356077258531324496517304766278776796358615946047591403,0.6541863314802376323363340551846101868644767231993605043,0.0,1,ROOT_OK
kepler,kepler_0002992,dev,difficult,0.9999999950760262254197688919998891574881982812103671573,0.002549961175578049188192101825032717235299254075246111976,0,0,0,0,0.2485088806640208152251445507209286490741076523143354488,32.55234662487779586530655773345369505690695728710756161,1.672746506689074890880324417656097395870659782952249725e-57,1,ROOT_OK
kepler,kepler_0002993,dev,high_e,0.93011104844618730513872151277610100805759429931640625,0.9867218546950317658919013682982515118441425612696959106,0,0,0,0,1.874317514669738313458949244282481610417627394464364762,0.7824764601694681310175322800926041796852792552231908694,1.019578823124769457298483454571335555578306915323276023e-56,1,ROOT_OK
kepler,kepler_0002994,dev,ordinary,0.325368701113369629407401362186647020280361175537109375,1.010588521189725800050204401522267560024610901398829543,0,0,0,0,1.326278889745826896408477756496094507749071239905234517,1.085502779892191950312660174759184868186566553812472525,0.0,1,ROOT_OK
kepler,kepler_0002995,dev,ordinary,0.6799191479928261561127555978600867092609405517578125,2.849562014591465491350478771307773157498580372912803466,0,0,0,0,2.967400530909935287017384045371546876591761977144295509,0.5989351483191490088928179840625107104936769604089117742,4.078315292499077829193933818285342222313227661293104092e-56,1,ROOT_OK
kepler,kepler_0002996,cal,difficult,0.9999999999284280546719892939910186644571894893128504606,0.00001129493346859150567201281911089118279089401413202494922,0,0,0,0,0.04077152638979474229148981906305929539131304263554342623,1203.306268063150431379151901801430144249472954902197924,2.496984880241783109991555701579274851536838682699368312e-58,1,ROOT_OK
kepler,kepler_0002997,cal,high_e,0.94933897054407234694650696837925352156162261962890625,1.812801244628141261990705384990030336395870915263907411,0,0,0,0,2.431604161035549213200711275952403860825325482562535669,0.5814123843751048170534193942725751278261628000778550515,4.078315292499077829193933818285342222313227661293104092e-56,1,ROOT_OK
kepler,kepler_0002998,test,ordinary,0.5218203862380723645486568784690462052822113037109375,2.918794692033516138580534164278380314628308828800750835,0,0,0,0,2.995010584998023872705588368627283997731039800337496374,0.6595329727892740039545529783678857724181319985661559727,4.078315292499077829193933818285342222313227661293104092e-56,1,ROOT_OK
kepler,kepler_0002999,test,ordinary,0.06851263613938836372074803193754632957279682159423828125,0.2029139458474285920593928683298918086147469976465176195,0,0,0,0,0.2177124446839966233482625404735972127938928829159207181,1.07169113679705099419629646910293567366228485938295597,2.548947057811923643246208636428338888945767288308190058e-57,1,ROOT_OK
