sample_id,source_index,split,node,vx,vy,theta,hint,region,root_count_region,roots,target_root,residual_abs,fphi_left,fphi_right,fvx,gradient_vx_left,gradient_vx_right,polar_knot_distance_deg,bisection_error,brent_error,status
bemreal_000000,17838,dev,5,5.7716689072684115,25.298471060870384,0.17735934903571687,0.1837494082239993,0,1,0.186086738551849698424211986593016850194510964765971140911302,0.186086738551849698424211986593016850194510964765971140911302,4.121784718735359955e-70,2.00450519450512084291670599931,2.00450519450512084281394324316,-0.0385660293727204112896691532306,0.0192396754463096942271057785961,0.0192396754463096942280921178093,4.258544121416019e-05,8.875796926355384e-12,1.4234680435051368e-15,ROOT_OK
bemreal_000001,20704,dev,15,4.80488049309816,73.7214312155526,0.005986880614790249,0.003825533138504663,0,1,0.00598655058873708732678740696919722194979883377143268952341737,0.00598655058873708732678740696919722194979883377143268952341737,4.2977096137537585081e-70,1.08860858115667408004345047393,1.08860858115667407996026906045,-0.0135389637450994419185637212508,0.0124369438009701810259702738176,0.0124369438009701810269205901963,1.890921310215808e-05,2.9495320511365925e-11,1.9744321653549623e-12,ROOT_OK
bemreal_000002,46505,dev,10,7.411880124406264,52.74990745595238,0.07333619520539181,0.06558262662558856,0,1,0.0733367081445687157893994399639147017765489740325421144588933,0.0733367081445687157893994399639147017765489740325421144588933,4.5216944613436071381e-71,1.16417581720793591110271582632,1.16417581720793591104028913443,-0.0188114337354951444279256474488,0.0161585848610143345407767399241,0.0161585848610143345416432129977,2.938925509904027e-05,3.4429943895336855e-10,8.927857881014594e-14,ROOT_OK
bemreal_000003,46927,dev,7,6.444679960786303,35.85317268446222,0.13618229632707063,0.12887921141650496,0,1,0.127455672422185407324100156600022934716372857976336615583608,0.127455672422185407324100156600022934716372857976336615583608,1.4426571218007429483e-69,1.660268721687081349722942891,1.66026872168708134962376258982,-0.0274864677226101246678771799482,0.016555433083555150202447405486,0.0165554330835551502034363856541,1.280492721411619e-06,2.0099134303428588e-11,6.2723889991712716e-12,ROOT_OK
bemreal_000004,47769,dev,16,6.930512142209125,77.28213666082854,0.0013586721896336935,0.03565940988658703,0,1,0.0362654023570039579045231223956121535054640225165185497116228,0.0362654023570039579045231223956121535054640225165185497116228,1.1025813079108178491e-69,1.21329513024383067186378988422,1.21329513024383067186331277951,-0.0128987884242928794878463842159,0.0106312043152276279201278994979,0.0106312043152276279201320800122,8.315266260883192e-06,1.4654638772881748e-10,1.2907645134963954e-12,ROOT_OK
bemreal_000005,51670,dev,7,5.191595039735579,34.780383135805174,0.13606789018066165,0.10989418934308676,0,1,0.109888742838222146550625759337355182294137217092399634506796,0.109888742838222146550625759337355182294137217092399634506796,8.9935329993449332238e-70,1.82805866382642489960814302187,1.82805866382642489946119691412,-0.0284576395977663679645155486947,0.0155671369638652008411871395862,0.0155671369638652008424384835561,4.5346065294271654e-05,2.536265825614786e-10,6.667677043542633e-13,ROOT_OK
bemreal_000006,56938,cal,5,6.41034620115699,26.079319113670337,0.17742118748871144,0.19313186654391204,0,1,0.194874988432383785406850839259908691665077987446331909412237,0.194874988432383785406850839259908691665077987446331909412237,6.3060269269901637981e-71,1.91141464366552370577874327857,1.91141464366552370569080785354,-0.037275863296015896536473566887,0.0195017148265286377300615700444,0.0195017148265286377309587545396,2.9130701181268037e-05,1.2451297424073935e-10,2.9199788379705838e-12,ROOT_OK
bemreal_000007,63523,cal,11,5.1636939516869935,54.52719405318746,0.05482845777385865,0.0429386939599921,0,1,0.0373744100070866023466679387564673944485105204578469997730202,0.0373744100070866023466679387564673944485105204578469997730202,7.7235715228378534081e-70,1.2592864489200692092348130337,1.2592864489200692091375344434,-0.018278107683667375958163519925,0.0145146544690782611348185803669,0.0145146544690782611359398225804,4.328721787993928e-05,1.9903345297553074e-10,2.5764728191937905e-10,ROOT_OK
bemreal_000008,76646,test,10,7.056735591877144,50.21757310124853,0.07337094623716495,0.0798994157700739,0,1,0.0733708827235378512822033411164783076863003451060090606982688,0.0733708827235378512822033411164783076863003451060090606982688,6.1835242969135878897e-70,1.1763947651096938844674163671,1.17639476510969388440367268303,-0.0197599936050819562180136576862,0.0167970771301752771569889884404,0.0167970771301752771578991485412,3.640960528325406e-06,2.566371993316769e-10,3.312205892235294e-11,ROOT_OK
bemreal_000009,113364,test,8,7.090419007859651,41.70355460250269,0.11450001175188498,0.11774765018899785,0,1,0.114500416389870174900275144193694082476043842666540123281763,0.114500416389870174900275144193694082476043842666540123281763,1.2518177611006314193e-69,1.44336898504870232794049118211,1.44336898504870232786716339307,-0.0236739272882543626291749224185,0.0164018539496714723707922696001,0.0164018539496714723716255365601,2.318404940215609e-05,2.540566818099078e-10,1.0821337140755747e-14,ROOT_OK
bemreal_000010,122257,dev,10,8.360744909004696,52.18514394741436,0.0734849010982384,0.09209891390711611,0,1,0.0909389648639865395564256578463120300056406007519941862021346,0.0909389648639865395564256578463120300056406007519941862021346,8.7459106929580224652e-70,1.05941497865207295929333238137,1.05941497865207295924543581303,-0.0189644834468240982492193249873,0.0179009017514111493618673949482,0.017900901751411149362676701765,4.4189302283337284e-05,1.8552000603652563e-11,3.014151038630143e-12,ROOT_OK
bemreal_000011,134348,dev,14,6.531328990349313,69.8846264289244,0.014850509779726656,0.03090707495201313,0,1,0.0323045711230753540851510033779292296008729234458312673220416,0.0323045711230753540851510033779292296008729234458312673220416,6.5696256116897168673e-70,0.982080971938749241822524988035,0.982080971938749241781526603997,-0.0142625993210227452490350530206,0.0145228343981317661318119273047,0.0145228343981317661324182039347,4.406729882000526e-05,1.5718000370510545e-10,2.96051466645332e-10,ROOT_OK
bemreal_000012,147706,dev,10,6.0197097270338675,50.55334701043059,0.07373557729404587,0.061195629826956165,0,1,0.0562824600212157677211228115255052444675395361667835891534244,0.0562824600212157677211228115255052444675395361667835891534244,6.7207602295525145196e-70,1.28940156610872664004831980487,1.28940156610872663996097577551,-0.0196744262930471693670750555117,0.0152585717360515103719657780477,0.0152585717360515103729993933098,1.0042567245349687e-05,3.4331070234503164e-10,2.8750589153106422e-11,ROOT_OK
bemreal_000013,180092,dev,11,7.586552024702526,56.63252069059699,0.05462229594661155,0.06653214421322033,0,1,0.0720748182252202743374911302143946838966114258840990342176119,0.0720748182252202743374911302143946838966114258840990342176119,8.6415090989158641347e-70,1.0156671307312438025015527128,1.01566713073124380244990453785,-0.0175325934731479002552794134875,0.0172621451877890973677829213656,0.0172621451877890973686607269652,4.413157769334042e-05,4.3117562553189006e-11,2.800764806602874e-16,ROOT_OK
bemreal_000014,186192,dev,8,7.527793181731226,41.28066169786497,0.11417100374982704,0.11919535304474395,0,1,0.122898035333799512724898640830484084302251301464301883181682,0.122898035333799512724898640830484084302251301464301883181682,2.0630731972727261872e-70,1.40162858142146641455190076341,1.40162858142146641449087057819,-0.0238708333828858084920347361709,0.0170307838319600484041285780404,0.0170307838319600484048701381838,2.207706545487298e-05,4.336957759594936e-11,6.519459749757907e-12,ROOT_OK
bemreal_000015,190828,dev,3,7.785813985339946,16.41349849706088,0.23227354123592206,0.3192329075171704,0,1,0.319539597761293090715815045333298747129241854891454739398497,0.319539597761293090715815045333298747129241854891454739398497,8.7067428452836290266e-70,1.91000720452358149232869820409,1.91000720452358149228399409653,-0.0554680288265374562251137981694,0.0290407432470250832297393996529,0.0290407432470250832304191041623,2.3266346124373172e-05,4.908401267602388e-11,6.680883424601043e-16,ROOT_OK
bemreal_000016,201718,cal,13,8.282455172062136,67.89870932967744,0.027168910954664692,0.05370193896592856,0,1,0.0620752269353507436695075841904009494100838877521958957344,0.0620752269353507436695075841904009494100838877521958957344,6.5437706619976703308e-70,0.905728679140174980453886895706,0.905728679140174980420087643808,-0.0146428478338770785457008810916,0.0161669252295044972487347254181,0.0161669252295044972493380296866,1.5415956629460936e-05,2.9557291518038504e-10,8.752375118756786e-18,ROOT_OK
bemreal_000017,207252,cal,5,7.212767926654821,25.860006531196316,0.17736245627348998,0.2109753718050696,0,1,0.212268773737568602259131573277076197468895855442030519168922,0.212268773737568602259131573277076197468895855442030519168922,1.3864825917001642979e-69,1.77563437175329033613514744388,1.77563437175329033606838241092,-0.0373145969088681622463733975092,0.0210147975858470912135314580183,0.0210147975858470912143216283797,1.5330964500792632e-05,1.9912441780831508e-11,7.429963545027389e-17,ROOT_OK
bemreal_000018,211503,test,6,6.18750740198793,31.149629673239843,0.1573024774039576,0.1599986318898924,0,1,0.157301740220231410158663499210558983274758544178292937538826,0.157301740220231410158663499210558983274758544178292937538826,1.3828112587768288098e-69,1.85640944765096193421103841975,1.85640944765096193410665569698,-0.0315116056677923179457700100282,0.0169744911111425573238922287076,0.0169744911111425573248466752615,4.223751501733508e-05,8.228359833742354e-11,2.1290260915173854e-14,ROOT_OK
bemreal_000019,214205,test,5,6.4560569607079215,24.58152668127336,0.17735330601416316,0.20261980791305054,0,1,0.203533761482943746414959391953567251019965882949005094731952,0.203533761482943746414959391953567251019965882949005094731952,1.533281070589920111e-70,1.83095433393653673205427735264,1.83095433393653673197858431598,-0.0394025055313612359091429451356,0.0215202011328410215827274034809,0.0215202011328410215836170648685,2.9604594030230302e-05,6.515651745048832e-11,8.773899893115626e-12,ROOT_OK
bemreal_000020,214683,dev,7,6.9369408716982806,35.74380938568758,0.13609468731018523,0.1339727397387174,0,1,0.136094343319331250693027438883890822473638960064936937377796,0.136094343319331250693027438883890822473638960064936937377796,3.8413544889031633396e-70,1.58570065326048742341942143018,1.58570065326048742333803637617,-0.0275069343756455623958465919343,0.0173468645037676744633681688364,0.0173468645037676744642584853673,1.9701262678270486e-05,1.265712417837241e-10,1.3895344378833644e-10,ROOT_OK
bemreal_000021,226620,dev,10,5.616051054130314,52.46641694748821,0.0732025555769767,0.05069276044586405,0,1,0.0470223986935546497937489814698382444846777869447162972082677,0.0470223986935546497937489814698382444846777869447162972082677,4.3051964682744258413e-71,1.39010690932146112799974667988,1.39010690932146112788778539222,-0.0189777035526922078697930087754,0.0136519741218721105350269494781,0.0136519741218721105361264998736,1.2496410356721555e-05,2.3469605286799106e-10,1.708357541926684e-15,ROOT_OK
bemreal_000022,229305,dev,9,5.737131882112424,46.21672156814357,0.09394790881444755,0.0681893289346537,0,1,0.0677682953827967978544770304626258579213756207029700250829157,0.0677682953827967978544770304626258579213756207029700250829157,1.152788197071412307e-69,1.45245055263377091661427272128,1.45245055263377091649540338326,-0.0215045881200196311669671628456,0.0148057282094903229645346893775,0.014805728209490322965746398174,1.864108240234863e-05,9.004100500745474e-11,1.3620224100498778e-16,ROOT_OK
bemreal_000023,232886,dev,3,6.782373119525684,14.298288027485363,0.23226536691628671,0.31894203252105147,0,1,0.319531713254640541430776692327507593164732952545820148704226,0.319531713254640541430776692327507593164732952545820148704226,1.5204515822557732483e-70,1.91001010716791293994002498806,1.91001010716791293989531940955,-0.0636738316338878601412440773513,0.0333369082157899606728206763884,0.0333369082157899606736009580015,6.660431050242721e-06,6.207627300176204e-11,1.4911223358123835e-11,ROOT_OK
bemreal_000024,237121,dev,5,7.500893109512506,25.44306694774283,0.17739949826009066,0.22103172040113528,0,1,0.221032992580038500883162378427075261161324098439183394203981,0.221032992580038500883162378427075261161324098439183394203981,1.1917140384369831652e-69,1.72742495919123836236179146666,1.72742495919123836230261670174,-0.0377806824889246998837506435385,0.0218710991107904367767969982534,0.021871099110790436777546215834,1.5079472582613107e-05,6.04115090934128e-11,1.6635642866758378e-10,ROOT_OK
bemreal_000025,237955,dev,6,6.081784597438949,30.616764014714928,0.15730744949781206,0.15757669708314015,0,1,0.157306800466430118387254551248267685460155277765645954126922,0.157306800466430118387254551248267685460155277765645954126922,1.4735158826708595017e-69,1.85639175870298845802850084947,1.85639175870298845792412385496,-0.0320600191142805583387612698272,0.0172700718821764436729785794958,0.0172700718821764436739496020128,3.7186757711750486e-05,6.876096413676792e-11,2.1727611706283303e-14,ROOT_OK
bemreal_000026,247510,cal,7,7.067450835861655,36.39980287194343,0.1362378846563151,0.13625108297241273,0,1,0.136237183502993135894748655695224213930175149013764123566853,0.136237183502993135894748655695224213930175149013764123566853,7.3242958705066110144e-70,1.58557697482817386283200779493,1.58557697482817386275072907006,-0.0270106758332666586620896809329,0.0170352346572097246991041439414,0.0170352346572097246999773920857,4.0170127772036966e-05,2.8461516959638615e-10,5.233138439513778e-11,ROOT_OK
bemreal_000027,260802,cal,5,7.305580233273986,26.192789038308362,0.17735983620888754,0.21487504206366156,0,1,0.212267138678347376762557802923213452974740801794512036288425,0.212267138678347376762557802923213452974740801794512036288425,1.6071948529557292149e-71,1.7756329129039707082824215403,1.77563291290397070821565613706,-0.0368405158359086659276019976463,0.0207478221248206073272594403146,0.0207478221248206073280395771888,4.110568663984182e-05,2.6849025341312133e-10,8.765789356124642e-17,ROOT_OK
bemreal_000028,274103,test,12,8.26692120556562,60.760635431636956,0.04051855576148536,0.07248908451547145,0,1,0.0754249920651407293994278388475731765133911834154952656757981,0.0754249920651407293994278388475731765133911834154952656757981,8.2233042566233469961e-70,0.911576790129027794372182093275,0.911576790129027794332042423129,-0.0163362464699832094747403889115,0.0179208670590120219327644071397,0.0179208670590120219335535207945,8.522354273843291e-06,1.3293773715485068e-10,6.91088164160581e-12,ROOT_OK
bemreal_000029,276085,test,5,6.544308704352602,24.914890946721087,0.1773879135186301,0.20252785656695022,0,1,0.203568650648103531555090717623763216475697312906038841106598,0.203568650648103531555090717623763216475697312906038841106598,1.1710252835630301279e-69,1.83087792747336935947306233715,1.83087792747336935939739061861,-0.0388750097970427750002212274656,0.021232988400647056837508079187,0.0212329884006470568383856563854,4.574256482059447e-05,2.6206614794701343e-10,8.80592959453329e-12,ROOT_OK
bemreal_000030,279365,dev,4,6.900207213661442,21.830788789910148,0.2003724290378709,0.2362842959712639,0,1,0.235279046088335705138834099873548941607492839457717732458675,0.235279046088335705138834099873548941607492839457717732458675,5.431018813459592459e-70,1.96750719851753724263261462437,1.96750719851753724255822602323,-0.0437869143322385516860970888298,0.0222550211583626183008595032687,0.0222550211583626183017009334265,1.8343674157428325e-06,1.9187322534665692e-10,5.172876310948369e-12,ROOT_OK
bemreal_000031,281296,dev,14,6.771108428861316,71.8183934997588,0.016403628183478323,0.025459586529285823,0,1,0.0338576379908511843385541328138896078906187669472452792656291,0.0338576379908511843385541328138896078906187669472452792656291,5.8317566204439963803e-72,0.97881174543602597493512872336,0.97881174543602597489635550811,-0.0138778269623507349211285645006,0.0141782391017065844402424771958,0.014178239101706584440804113199,4.1105263654861446e-05,2.5664845502030944e-10,1.3476110946160545e-10,ROOT_OK
bemreal_000032,281391,dev,7,7.043951005949689,36.280627920424664,0.136221047426678,0.13529632396654667,0,1,0.136220636332087784029944022186301865328640366500047277906603,0.136220636332087784029944022186301865328640366500047277906603,5.252471457179788154e-70,1.58558963554564181521305632203,1.58558963554564181513176554593,-0.0270994616548214756782416093352,0.0170910940935205218297708703281,0.017091094093520521830647104804,2.3545565318820282e-05,1.769650300003102e-10,1.469511694180957e-10,ROOT_OK
bemreal_000033,287105,dev,9,6.029296566434052,44.215399477789624,0.09362246714161265,0.07690347287943815,0,1,0.0761686119132592363333665065511283538143182826702619613931801,0.0761686119132592363333665065511283538143182826702619613931801,1.1322614734494938675e-69,1.36266866877399313407456805824,1.36266866877399313398041492983,-0.0224478902319771173541540419919,0.0164734764557063696155214318304,0.0164734764557063696166596610857,3.224856701233847e-05,3.1009835680266143e-10,1.352632937089802e-10,ROOT_OK
bemreal_000034,288362,dev,8,7.478822829576231,40.97570878500551,0.1144620506410626,0.12070950815381516,0,1,0.123189502598542060491165460039931036682675249520392915398089,0.123189502598542060491165460039931036682675249520392915398089,3.2839306580969750678e-70,1.40188613094820369685747690879,1.40188613094820369679655537446,-0.0240476128219404075590043681554,0.0171537561368662321917944755949,0.0171537561368662321925399235456,4.616213198138652e-05,1.326865789848922e-10,1.6314995982330248e-11,ROOT_OK
bemreal_000035,292456,dev,5,6.393681777964851,24.345081002900113,0.1773419992279291,0.20413017229459623,0,1,0.203521221550421455960104200893613090394215922308075470296473,0.203521221550421455960104200893613090394215922308075470296473,1.2717402348705603602e-69,1.84661254873851903952794463826,1.84661254873851903945074578675,-0.039785307522623462426934632986,0.0215450217479579553138745621164,0.0215450217479579553147752659137,4.104998651266456e-05,1.016989316639478e-10,3.236205366934963e-17,ROOT_OK
bemreal_000036,301442,cal,15,7.710511920265925,75.67942260753043,0.007773115978095006,0.03230261092909914,0,1,0.042679373037188725527960293015844590749419914177264606334582,0.042679373037188725527960293015844590749419914177264606334582,8.0265648874825607519e-70,1.009589516894691330965186406,1.00958951689469133096769431558,-0.0131619504122869563038039197807,0.0130369325275589785235238571757,0.0130369325275589785234914722833,1.879213780986433e-05,9.881843419304063e-11,3.8854005366658904e-12,ROOT_OK
bemreal_000037,308591,cal,7,6.633429248395597,34.18519548567427,0.13604340272684304,0.13517875195907833,0,1,0.136044103647725066336192271504876696550328264223149223489914,0.136044103647725066336192271504876696550328264223149223489914,9.4309272580986824965e-70,1.54189467770078354423418823648,1.54189467770078354415912343569,-0.028761260183793199342485062396,0.0186531937620284995034350710928,0.0186531937620284995043431735036,4.015980879792148e-05,2.1888492268630584e-11,8.466699498540125e-15,ROOT_OK
bemreal_000038,317321,test,16,5.558930570260399,79.50524509256554,0.0027681308494473026,0.015512163146623088,0,1,0.0202216023393787934737234658805378504483650341941434338321356,0.0202216023393787934737234658805378504483650341941434338321356,1.0074013255347686057e-69,1.16710633702730334154061244955,1.16710633702730334161374040851,-0.0125532617078231246047115973872,0.0107558851405066554780849809121,0.0107558851405066554774110440974,1.0254226913808395e-05,8.910014460010684e-11,3.369593930512933e-14,ROOT_OK
bemreal_000039,319717,test,15,6.332625450274868,75.49356020244883,0.007084437801687162,0.029505149662252886,0,1,0.0245378964806799826430514700131572977884226484705362541484241,0.0245378964806799826430514700131572977884226484705362541484241,7.8685631209713304851e-70,1.00105030944564388207318223052,1.00105030944564388206649179148,-0.0132107271831791777165507772717,0.0131968663897571155411514039566,0.0131968663897571155412396041492,9.520212810976147e-06,4.28703410278368e-10,9.519461414900711e-15,ROOT_OK
bemreal_000040,322538,dev,14,7.741585565114323,70.13400737207438,0.015216645018725071,0.05200957921619745,0,1,0.0501235107193286935282333379846895969830109013771540596319171,0.0501235107193286935282333379846895969830109013771540596319171,2.3368471069644459379e-70,0.934520756115774244470512885677,0.934520756115774244451248656445,-0.0141927093341915729041869631592,0.0151871526034177156209336182152,0.0151871526034177156212466864774,1.608067456349005e-05,8.647083406901177e-11,3.8060306600017525e-17,ROOT_OK
bemreal_000041,342147,dev,5,6.464814511334658,24.614863594082372,0.17735460074824658,0.20396986651834123,0,1,0.203534555592968756955981906348929494648089783340474462396599,0.203534555592968756955981906348929494648089783340474462396599,1.0186274345592486975e-69,1.83095494791042468425812397247,1.83095494791042468418243116554,-0.0393491388219815015160949119078,0.0214910469899265750998921243078,0.0214910469899265751007805774467,9.209491214079435e-07,1.765446336584789e-10,8.787171799398958e-12,ROOT_OK
bemreal_000042,342504,dev,5,6.819823126734075,24.451658971008776,0.17735414448762896,0.2165472520507996,0,1,0.212261000999474990199132265756846768034097873954528547386772,0.212261000999474990199132265756846768034097873954528547386772,1.2386506671445442262e-69,1.77564501558088353302391562168,1.77564501558088353295714698334,-0.0394638763082730957493925525742,0.0222250933953501426500583896349,0.0222250933953501426508941080414,1.5554197523748314e-05,2.757255435341794e-10,1.487438932498708e-16,ROOT_OK
bemreal_000043,345307,dev,3,5.272921770108657,14.676438472245145,0.2322638562480473,0.27024952935679747,0,1,0.267170684923713340371426576070094307017027789206044668861627,0.267170684923713340371426576070094307017027789206044668861627,1.2935737239042147616e-69,2.25525247402480020424534325674,2.25525247402480020416110996078,-0.0643177250925195451672864488667,0.0285190797187048185742832014527,0.0285190797187048185753483842249,1.3959307513466968e-05,1.370610084909403e-10,9.795647999924668e-14,ROOT_OK
bemreal_000044,346034,dev,16,5.359965085265108,77.86933921195111,0.0014572666833072183,0.028602586766955405,0,1,0.0189103199967061061334192164098378383544209860035844137668189,0.0189103199967061061334192164098378383544209860035844137668189,5.8418010212308972738e-70,1.15526310340508246780726355556,1.15526310340508246789282684884,-0.0128176539820417085192008366476,0.011095008525990563973849989168,0.0110950085259905639730282495437,1.3705526232477006e-05,2.8249669047988066e-10,1.4066382189885819e-14,ROOT_OK
bemreal_000045,349305,dev,6,5.7063604635490375,31.388823683874783,0.1573519216580226,0.14544502594102043,0,1,0.148625592428872134589636151017231787365027452746659873847846,0.148625592428872134589636151017231787365027452746659873847846,5.665754534027404652e-70,1.95003474959776049819242819805,1.95003474959776049806868371745,-0.03135998448412106765968581984,0.0160817567433553609648872352515,0.0160817567433553609659077445711,1.8164528037989403e-05,5.472488976174659e-11,1.3725440637864764e-16,ROOT_OK
bemreal_000046,349834,cal,8,7.030514184266815,41.395061865855155,0.11417086140473169,0.1182928792770534,0,1,0.114171039369563187031057921090770155385052622822679171334314,0.114171039369563187031057921090770155385052622822679171334314,1.0164575879508323197e-69,1.44317326112732696088764778077,1.4431732611273269608141362423,-0.0238512633143543249563022647167,0.0165269576126452343345939890045,0.0165269576126452343354358297682,1.0196634351604416e-05,9.173607758577576e-11,1.056151426995258e-14,ROOT_OK
bemreal_000047,352318,cal,10,5.569410252409223,51.97503579274994,0.07345230158265942,0.04678641405728464,0,1,0.0472715346335216115957693048225650645643774595423514624652198,0.0472715346335216115957693048225650645643774595423514624652198,1.7629023800044159474e-70,1.38952017548719397051651461611,1.38952017548719397040458795437,-0.0191568970144028450205839333615,0.0137866994321878400822057599857,0.0137866994321878400833162866777,4.745060101263299e-05,1.8988624813093787e-10,3.145833654296884e-15,ROOT_OK
bemreal_000048,370335,test,7,5.958567488807917,36.14287802937005,0.1360173440413544,0.11981240056451815,0,1,0.118564282700810090434095791558864973136331710821786971606772,0.118564282700810090434095791558864973136331710821786971606772,1.0126262684505666204e-69,1.71750736526355190860895706245,1.71750736526355190849201534113,-0.0273269172963613376686002041447,0.0159108006457765703909567586943,0.0159108006457765703920400940282,1.325042809641186e-05,1.396431788781237e-10,8.419859956801958e-11,ROOT_OK
bemreal_000049,371068,test,9,8.03714500339983,44.669655075021026,0.09377835200824677,0.10839768901859569,0,1,0.111232354247937269823666269255580009323520220533639477640516,0.111232354247937269823666269255580009323520220533639477640516,5.3509841706639359285e-70,1.14628311880754031117814200018,1.14628311880754031115625601557,-0.0220820027945568097319263041124,0.0192640041820805650216266517251,0.0192640041820805650219944593741,4.0664457320316316e-05,7.142788111720188e-11,8.921575430263944e-12,ROOT_OK
bemreal_000050,382869,dev,12,7.43240258523065,62.241486135277725,0.0405578076359185,0.05522492028056574,0,1,0.058011449180518913990962680290103526440083243495837881199569,0.058011449180518913990962680290103526440083243495837881199569,3.4692124455584775472e-70,0.988762632600156026383157584792,0.988762632600156026331791210055,-0.0159787712972866945830810429109,0.0161603713272084399954015566423,0.016160371327208439996241090482,1.9997598021070928e-05,1.3157830178928573e-10,7.291618068739112e-13,ROOT_OK
bemreal_000051,393971,dev,13,7.038643952267586,66.66778401698267,0.02727624051903323,0.037485537796745266,0,1,0.0447289893452556497807865016129303657093126467286164245056407,0.0447289893452556497807865016129303657093126467286164245056407,4.1285183606345580924e-70,0.974840659217727477737186424815,0.974840659217727477688165387149,-0.0149371373369014336787510294241,0.0153226449837329495652278721781,0.0153226449837329495659983898517,3.114640624635179e-05,1.9044900818413423e-10,8.638171173717067e-11,ROOT_OK
bemreal_000052,395848,dev,3,6.2395546338568835,15.62084953952146,0.23227896901698225,0.2837140906627923,0,1,0.284638611605983780584695873298093026861839170843397469856293,0.284638611605983780584695873298093026861839170843397469856293,5.8046121890386507942e-70,2.0685180377091324220534626709,2.06851803770913242198892366023,-0.0597212818014691508334704391056,0.0288715305898951716116302050869,0.0288715305898951716125310142589,1.347063942347404e-05,5.5679104050655844e-11,1.3618193067773826e-10,ROOT_OK
bemreal_000053,403109,dev,5,8.038308314635914,24.71333904323805,0.1773523631214065,0.23843530699091164,0,1,0.238438337716412208171751476356242730206523189993797857585616,0.238438337716412208171751476356242730206523189993797857585616,1.1386421172841302556e-69,1.62228593240651328205429044835,1.62228593240651328200924637165,-0.0385911443855343282390540874969,0.0237881273668494947592448291552,0.023788127366849494759905325688,3.1469201776435085e-05,1.3643530813370356e-10,1.6388141481888087e-11,ROOT_OK
bemreal_000054,403959,dev,5,7.384983113028882,25.053168632641615,0.177349925668143,0.2212716451431066,0,1,0.220983259495784619924456685506721693024773957513221865581059,0.220983259495784619924456685506721693024773957513221865581059,4.4107092414034571882e-70,1.72748828990685485326136501401,1.72748828990685485320217003177,-0.0383690934884692707556431713691,0.0222109137946967557043465531709,0.0222109137946967557051076435095,5.878428793515411e-06,3.598482932203992e-11,7.015391355074783e-11,ROOT_OK
bemreal_000055,409606,dev,8,5.254191796869534,41.14421541920599,0.1141996791579069,0.09073461505343952,0,1,0.0880195521275081290659918839639167939092989316362647341243843,0.0880195521275081290659918839639167939092989316362647341243843,8.7373735739900450215e-71,1.76693722375124935030621352059,1.76693722375124935013539829935,-0.0241273081652617219526527015369,0.0136548757029629373834803717818,0.0136548757029629373848004303458,1.0785958213466174e-05,5.511208245632068e-11,1.4769052168175067e-17,ROOT_OK
bemreal_000056,409727,cal,10,7.119340693011223,50.70360895113064,0.07309365278165332,0.07280572754593151,0,1,0.0730937884078784203480286072208870665528147033069563296451626,0.0730937884078784203480286072208870665528147033069563296451626,3.5086407854634230563e-70,1.16469966994757091749549573564,1.16469966994757091743305508612,-0.0195709774082587106313485214568,0.016803454069098946607495783036,0.0168034540690989466083966320817,7.770838532725639e-06,3.4582005514109865e-10,4.929370310388828e-13,ROOT_OK
bemreal_000057,410461,cal,13,5.972216330724915,67.93446857768488,0.02774716143054101,0.025392052994562805,0,1,0.0277465264973956118514549510200053730085848118742792339346147,0.0277465264973956118514549510200053730085848118742792339346147,5.7531496106830679016e-70,1.07605159924997962029835865389,1.0760515992499796202272849309,-0.0146772948645130495780238802318,0.0136399545103072133705833547889,0.0136399545103072133714842803106,3.6378989503823385e-05,3.353348010744321e-10,6.420013769175111e-18,ROOT_OK
bemreal_000058,418393,test,6,5.736708494216902,31.556856598943277,0.15734477337397781,0.14908931181945598,0,1,0.148618201386860114246883296815358009386471813555722954696247,0.148618201386860114246883296815358009386471813555722954696247,1.5525121732580010189e-70,1.95006981243104833152597566417,1.95006981243104833140222012151,-0.0311930358323262011698879317916,0.0159958559603768760596749580739,0.0159958559603768760606900888257,4.255521074192359e-06,7.027322227138486e-11,1.8488222794347514e-16,ROOT_OK
bemreal_000059,434001,test,8,7.863490258442825,40.385012159311955,0.11442046714761388,0.12600740743377636,0,1,0.131872938319517005322897544465074370582274835124328808423789,0.131872938319517005322897544465074370582274835124328808423789,6.9965090265018175407e-70,1.35667410076713188185318624065,1.35667410076713188180359768179,-0.0243496559164211362280083919983,0.0179480509745506412397085234518,0.0179480509745506412403645527677,4.7055471870560694e-05,2.4434120019467233e-10,7.512494778527974e-11,ROOT_OK
bemreal_000060,442464,dev,5,5.88597476809161,25.799358868777855,0.17736134392013275,0.19075835792127385,0,1,0.186088519345674334951815897412666679601297560860149411330107,0.186088519345674334951815897412666679601297560860149411330107,1.4585632811874108425e-69,2.0044998657727225232443665262,2.00449986577272252314160535808,-0.03781726900071627434448163965,0.0188661868461327867641129700582,0.0188661868461327867650801496681,3.0318953892161105e-05,4.8254738208789695e-11,1.2443344208141832e-15,ROOT_OK
bemreal_000061,451423,dev,5,6.321628786072812,25.724841537596493,0.1773476068346731,0.19713649974124717,0,1,0.194800467091949447211934164334044333563849393889822788730324,0.194800467091949447211934164334044333563849393889822788730324,1.1745854295529008359e-69,1.92788653887571187627830694161,1.92788653887571187618868106322,-0.0377900777528600584893926773053,0.0196018162847374554218825965525,0.0196018162847374554227938690612,2.4766826440925094e-05,1.8310217808132428e-10,2.833239816546845e-16,ROOT_OK
bemreal_000062,460520,dev,7,5.613045472064529,37.590598514767805,0.1361472349245046,0.10810712918450438,0,1,0.109967836795873880622562755514833858912611019041897820809847,0.109967836795873880622562755514833858912611019041897820809847,1.2573158868320640474e-69,1.82774456356540070620920981199,1.82774456356540070606242812051,-0.0263299602044255296568614231771,0.0144057111312443993902937765084,0.0144057111312443993914506639034,3.097706164623126e-05,9.74109548739977e-11,4.3408275366635546e-13,ROOT_OK
bemreal_000063,468661,dev,5,5.1728663106586446,24.629953848457614,0.17737031796716715,0.17635766604517866,0,1,0.177370071345042160253858882375040084828789758340139759149836,0.177370071345042160253858882375040084828789758340139759149836,7.7727549509158574854e-70,2.18136161018670179100850945736,2.18136161018670179088017527375,-0.0397515591710069760329594376419,0.0182232780596173861247988116331,0.0182232780596173861258709261792,1.4130406504232533e-05,1.347769480845264e-10,6.84715137792487e-15,ROOT_OK
bemreal_000064,477007,dev,4,5.632481446881687,20.18620956829261,0.2003607303267619,0.21841125552157595,0,1,0.217813863227615123756534020342070833905937105088582665786115,0.217813863227615123756534020342070833905937105088582665786115,1.8645957347154321639e-69,2.13416779963236308029720820039,2.1341677996323630802000624797,-0.047786508463952053829869013832,0.022391167401262390727579473696,0.022391167401262390728598702875,9.145408249922049e-06,1.1834592251066843e-10,1.6046824935802682e-12,ROOT_OK
bemreal_000065,497474,dev,3,6.505001890958626,13.7135016794274,0.23226778202757328,0.3206092724125464,0,1,0.319533981346208191690646187582876896459014719354658289856792,0.319533981346208191690646187582876896459014719354658289856792,1.6000918274785185361e-69,1.91000943914571853480932542961,1.91000943914571853476462025999,-0.0663890335278401772308582480348,0.0347584845222197992468076818988,0.0347584845222197992476212296825,1.5084894764427759e-05,1.4116923894639996e-10,6.146382994964892e-16,ROOT_OK
bemreal_000066,509045,cal,14,7.855821828572909,70.7744723226638,0.016428158330005115,0.04017696636915365,0,1,0.0513353279051629397634130831221555356102724490077037820082255,0.0513353279051629397634130831221555356102724490077037820082255,7.8389995779625166862e-71,0.933480476475562096092013671679,0.933480476475562096072764387064,-0.0140633335698944259291161805257,0.0150654822723146633878362401807,0.0150654822723146633881469052277,3.349242201666769e-05,5.337506152148301e-10,1.776742435615611e-11,ROOT_OK
bemreal_000067,517229,cal,4,6.686021182270684,21.152271996648434,0.20039043174358115,0.2341712582265182,0,1,0.235296634683952099784782064251262999517573072881825309533715,0.235296634683952099784782064251262999517573072881825309533715,1.7549515714236373392e-69,1.96747349571793946957174867432,1.9674734957179394694973688963,-0.0451913104897682297979496499878,0.022969209286998668241759131066,0.0229692092869986682426274755147,2.1892399352463343e-05,1.2675963644081562e-10,5.06577525694567e-12,ROOT_OK
bemreal_000068,526162,test,12,6.237210442403494,61.68347915359489,0.040331745910293176,0.05558029985288217,0,1,0.0403315901707446045018717881541856866805135811724124088034798,0.0403315901707446045018717881541856866805135811724124088034798,7.1772831607323223357e-70,1.09119334474554535613124461045,1.0911933447455453560628875751,-0.0161499718248099976042271156186,0.0148002843882593498564619166614,0.0148002843882593498573890700096,8.923218837520663e-06,1.1561771873696169e-10,1.886908240742947e-17,ROOT_OK
bemreal_000069,531717,test,8,7.174469347693522,39.334344534143625,0.11424457476229499,0.11946058614765126,0,1,0.12297154967851856340216945654007584739234546621563734169151,0.12297154967851856340216945654007584739234546621563734169151,9.7571887275101118229e-70,1.40169519911227985495698579558,1.4016951991122798548959827844,-0.0250517658260998848742325732638,0.017872477441576202259197719276,0.0178724774415762022599755452555,1.8829906628270443e-05,2.440221604071361e-10,1.2383416918621799e-11,ROOT_OK
bemreal_000070,558692,dev,4,6.934785026723762,20.772310244381742,0.20038697508267597,0.241491524949463,0,1,0.244020743746631224582396284465755808256381051858801018091542,0.244020743746631224582396284465755808256381051858801018091542,1.0828320790947453545e-69,1.91505509978278759896687905232,1.9150550997827875989001605729,-0.0458034746645967956978779750122,0.0239175753584280628105022894031,0.0239175753584280628113355522473,3.078916752352612e-05,2.3878859997997764e-11,8.250222724773822e-12,ROOT_OK
bemreal_000071,563378,dev,15,7.563446617740896,74.21558052640304,0.007816540484363517,0.03577222563703414,0,1,0.0427239098973148407032947289296420978443581483227580988130384,0.0427239098973148407032947289296420978443581483227580988130384,8.9802154503596510515e-70,1.00963788615826392680908628572,1.00963788615826392681153990512,-0.0134215271028315139731565807244,0.0132934067618057343961067891702,0.0132934067618057343960744835673,4.494111226405195e-05,1.1061075386415139e-10,2.686215164579701e-12,ROOT_OK
bemreal_000072,574571,dev,5,6.875995087565282,26.177545895012862,0.17739127209506847,0.2014319385428845,0,1,0.203571188623643106282424142961422710457138815317968404636437,0.203571188623643106282424142961422710457138815317968404636437,9.3837412381026466802e-70,1.84649810217158579698609729974,1.84649810217158579690892985811,-0.0369998888053376437892600085472,0.0200378699343496156524459143843,0.0200378699343496156532833217755,1.2852801800633529e-06,8.318311640943498e-11,1.8103064557072378e-10,ROOT_OK
bemreal_000073,577902,dev,4,8.142248931806744,19.51133011719689,0.20036172837604863,0.2858255656543703,0,1,0.287627504024596180324064253904399360512975440233201140959471,0.287627504024596180324064253904399360512975440233201140959471,9.2086716136223460525e-70,1.70299666820270649306519187086,1.70299666820270649302623363075,-0.0475747041978292281652056763138,0.0279358762621879919364553964729,0.0279358762621879919370944655888,3.935916222186364e-05,6.597567766735746e-12,4.197321098647389e-12,ROOT_OK
bemreal_000074,579693,dev,10,8.94602250670077,50.15363963373673,0.07331257799863276,0.10435471795980597,0,1,0.108218826219641503718955868075634766161397291599792597815582,0.108218826219641503718955868075634766161397291599792597815582,1.9135675034920218331e-71,1.02274746952894432794318398908,1.02274746952894432794401366208,-0.0196747824933376369288064482708,0.0192371852089738458467182165519,0.0192371852089738458467026109664,1.9298300161896265e-05,8.305391075736222e-11,1.4091279489671205e-17,ROOT_OK
bemreal_000075,584803,dev,3,8.082008785802671,14.023913373142836,0.23226764022261612,0.37635049045027225,0,1,0.371894181141502973699175585956496744253779192805872519145818,0.371894181141502973699175585956496744253779192805872519145818,3.093829523425030855e-70,1.53927590096115628435597256998,1.5392759009611562843397727537,-0.0624918165505050215058351322495,0.0405981906891960144321315300226,0.0405981906891960144325587979545,1.1502666994900324e-05,3.0800250503233425e-10,7.132447805696332e-14,ROOT_OK
bemreal_000076,585671,cal,4,7.720141669589187,19.24190730696505,0.2003586483194015,0.2791654036490901,0,1,0.278898312277005595057635067049002486687972587698933316637304,0.278898312277005595057635067049002486687972587698933316637304,6.4271287520782569869e-70,1.74547990681003961699168853864,1.74547990681003961694790184457,-0.048487866385762439724671277209,0.0277791031547173053763309632516,0.0277791031547173053770278232307,8.731528001071354e-06,1.3020979147925873e-12,1.1771612059310277e-11,ROOT_OK
bemreal_000077,587768,cal,10,6.62255519467362,51.03523184471405,0.07297262501827861,0.06739704322869292,0,1,0.064246000990625160724963729330280685899766080952318891622021,0.064246000990625160724963729330280685899766080952318891622021,7.0719677852733183531e-70,1.23588896514753918870649342346,1.23588896514753918863191804805,-0.0194675750784550516267874409795,0.015751880328611099770198519648,0.015751880328611099771149011498,1.2748192996792085e-06,2.2705282304951515e-10,1.747595330208532e-11,ROOT_OK
bemreal_000078,594651,test,8,7.693353968300739,39.50576787011954,0.11446485439903281,0.12870523348509016,0,1,0.131918634582315537033043499959159502046577249979708413862657,0.131918634582315537033043499959159502046577249979708413862657,9.583402306679746587e-70,1.3321166376131295348584113558,1.33211663761312953481251223681,-0.0248914287558248097266861818253,0.018685622604657930287941031221,0.0186856226046579302885848589394,2.7941167741296624e-05,7.522657603876248e-11,2.0345103787169427e-12,ROOT_OK
bemreal_000079,601639,test,9,7.437586049395227,46.750641763296386,0.09390781476827535,0.09375819919706595,0,1,0.0939075736968448468119172134567773452528410610318927311805386,0.0939075736968448468119172134567773452528410610318927311805386,1.0622285678870118708e-69,1.22972630768369716753029390389,1.2297263076836971674640599192,-0.0211675576937784880581162756951,0.01721322668427703541843412313,0.0172132266842770354193612404776,1.3812375517610702e-05,2.7415788392750414e-10,2.0126047301393263e-16,ROOT_OK
bemreal_000080,620707,dev,3,8.088207371598898,15.340970805145087,0.2322788270810699,0.34537474238050747,0,1,0.345725151531622689615887735159987550865213454559345622300616,0.345725151531622689615887735159987550865213454559345622300616,6.0809101669846071729e-70,1.75735630484402634423944402963,1.75735630484402634420855166539,-0.058226981378886037670609487586,0.0331332816335466795018201211993,0.033133281633546679502402567344,4.4053130832111265e-06,6.038431767924982e-11,4.186074611374017e-11,ROOT_OK
bemreal_000081,631917,dev,10,8.172052494821694,51.04237304934989,0.07319141846485017,0.09606458651452908,0,1,0.0906443371817345437224754308662266198613892887325850080044248,0.0906443371817345437224754308662266198613892887325850080044248,3.6931862347991005471e-70,1.07139924732833968762601785214,1.07139924732833968757723313366,-0.0193895981220329702990159990163,0.0180974535593367446622043475638,0.0180974535593367446630283906824,2.141733762728304e-05,3.242701466610408e-10,3.1104673515447947e-16,ROOT_OK
bemreal_000082,639953,dev,5,9.51370049605236,24.812681965646483,0.177355868528928,0.27323162566036524,0,1,0.273349629955142181859944599011674316794173123474180203287751,0.273349629955142181859944599011674316794173123474180203287751,5.3394569981491263477e-70,1.519219487430838283888013873,1.51921948743083828385819573937,-0.0377932673669863209649713908853,0.0248767657864228395622632747618,0.0248767657864228395627515378025,3.740306217814293e-05,3.230774095933138e-10,2.400592943416162e-10,ROOT_OK
bemreal_000083,642920,dev,14,7.772877536849937,70.49803370889217,0.014969489919971015,0.05481472875604971,0,1,0.049876074972108940010557293877567395089579199288798281689573,0.049876074972108940010557293877567395089579199288798281689573,7.8756740772446936406e-70,0.934729749078391468687559596421,0.934729749078391468668280454702,-0.0141196132974955834284303599365,0.0151055567787555637615641882791,0.0151055567787555637618757458926,7.019553827092295e-10,6.185583160295886e-11,9.155836584926307e-17,ROOT_OK
bemreal_000084,647329,dev,3,9.28128208117137,13.566998462659146,0.23226491289565107,0.44151013962907776,0,1,0.441703810125439158002789075969876287050334996350628066026884,0.441703810125439158002789075969876287050334996350628066026884,1.0544510229636619673e-69,1.17964562764822704338247275448,1.17964562764822704338623240483,-0.0616049316336948286708941448196,0.0522232526360582219314294098236,0.0522232526360582219312629690167,3.5122858955460856e-05,1.7180992407190612e-10,2.4431299129053178e-17,ROOT_OK
bemreal_000085,648472,dev,7,7.722731040472114,34.99332771752989,0.13615387797653153,0.1495905608254664,0,1,0.153606495744664451161617438870827763269319657904543213690336,0.153606495744664451161617438870827763269319657904543213690336,4.3447395837937708483e-70,1.45186249801730778644287364092,1.4518624980173077863890888663,-0.0279619319602841674893788906347,0.0192593527269073594635637471719,0.0192593527269073594642772169029,3.866043094691296e-05,2.285810433686553e-10,1.106361590752696e-16,ROOT_OK
bemreal_000086,649540,cal,4,9.725280446013159,20.27179172540682,0.20038298007083474,0.318520777406566,0,1,0.322555195742380861602760020496346773817844375577534011504815,0.322555195742380861602760020496346773817844375577534011504815,1.0448290509361178925e-69,1.58350338960177064116299894039,1.58350338960177064113768172395,-0.0448246122324657602149546131699,0.0283072411002154751867868286097,0.0283072411002154751872394077164,4.766825949875653e-05,1.5187330014066405e-11,2.0005376887908306e-14,ROOT_OK
bemreal_000087,650163,cal,15,7.66138069335922,75.17484136872737,0.007822297740001252,0.037619292306894446,0,1,0.0427284387830663238173258466559718117543847765373076500643059,0.0427284387830663238173258466559718117543847765373076500643059,5.9735495844263285821e-70,1.009643825165307644828699497,1.00964382516530764483114697402,-0.0132502603828030731429913009843,0.0131236977363117390221822754616,0.0131236977363117390221504623133,2.5439291585271917e-05,4.183733675022026e-10,2.576018957110202e-12,ROOT_OK
bemreal_000088,651241,test,5,7.485012786651441,26.83524177465968,0.1773749183611915,0.2153277033334169,0,1,0.212280738224908715389916439595714051225078817165701108712385,0.212280738224908715389916439595714051225078817165701108712385,5.5719132175871055262e-70,1.77561657911521446510801371802,1.77561657911521446504125438216,-0.03595843520440267150487608249,0.0202512387118623743538013891722,0.0202512387118623743545627918662,4.384136509072434e-05,5.813639097140252e-12,1.6015733765049396e-17,ROOT_OK
bemreal_000089,654459,test,10,7.631943110553811,50.743297911919925,0.07300820191876863,0.08804219783583693,0,1,0.0817341212666121279309077959708017870508125758775855006908858,0.0817341212666121279309077959708017870508125758775855006908858,5.2389737304022940659e-70,1.11536533249385899044886273814,1.11536533249385899039411458404,-0.0195307500103805458168787180656,0.0175106303211984390459146993609,0.0175106303211984390467742156639,4.1649457153625224e-05,1.9220160199038108e-10,8.030853625686198e-12,ROOT_OK
bemreal_000090,679248,dev,13,9.012991013539848,65.65548628049207,0.026777003733588062,0.08001404868306657,0,1,0.0791365158467275076292336864016568631176097869500216779089847,0.0791365158467275076292336864016568631176097869500216779089847,2.8757830986419955259e-70,0.855626284834213000270230211145,0.855626284834213000242343904491,-0.0151141442339417548389208974586,0.0176644225426878820748617286,0.017664422542687882075437441984,2.093923336099479e-05,4.870800057499724e-10,1.1874552475711484e-11,ROOT_OK
bemreal_000091,680585,dev,7,8.647705306448263,37.0669137465484,0.13622476521923474,0.16253493636738553,0,1,0.162405529091259552683100055106868974669305864925574654658693,0.162405529091259552683100055106868974669305864925574654658693,4.3078258207373809534e-70,1.41354422059987814305456727241,1.4135442205998781430088717511,-0.0263314313797198656160317391362,0.0186279502232660011352075130312,0.018627950223266001135809697161,4.7291423127315824e-05,7.054445487098181e-11,2.9893165291339415e-10,ROOT_OK
bemreal_000092,688607,dev,5,8.800534726173513,23.8337867647017,0.17739263658621468,0.26132180211212985,0,1,0.264658525794856648057973010360842066593403985879341990324188,0.264658525794856648057973010360842066593403985879341990324188,6.3264200246719671494e-70,1.53990742366348144289820421113,1.53990742366348144286533746317,-0.0395163509463818265820087934662,0.0256615107759993506995393762901,0.0256615107759993507000870783105,3.285288857579616e-05,1.218554599192176e-10,6.575068295766238e-17,ROOT_OK
bemreal_000093,761692,dev,7,4.783294720690051,36.13946105475067,0.13601076944655693,0.10258524407793775,0,1,0.101103933784417937334303024467121159369411500029084258770248,0.101103933784417937334303024467121159369411500029084258770248,4.9995651049005281616e-70,1.99094417249763385386239270505,1.99094417249763385366975437675,-0.027444106324282407961191674589,0.0137844680445528786051454511915,0.0137844680445528786064791987256,1.4359573938360626e-05,1.6429800276768618e-10,4.079960719786816e-13,ROOT_OK
bemreal_000094,767571,dev,4,5.561613594877267,21.43810025933382,0.20038266297786886,0.20754442750437194,0,1,0.209109408930397155744973242182646014275731625706517823431775,0.209109408930397155744973242182646014275731625706517823431775,1.130869257681205477e-69,2.21453038654464898090764137531,2.21453038654464898079791289408,-0.0451964630203576221362517210996,0.0204090507382371286416742457405,0.0204090507382371286426855003859,5.7123565160299705e-06,2.3206545898266265e-12,6.8726026767332135e-12,ROOT_OK
bemreal_000095,775819,dev,7,5.360340568436967,35.89859324827429,0.13614742287305273,0.10698280499006624,0,1,0.109967146983639677106550337955954713518312624024757826987361,0.109967146983639677106550337955954713518312624024757826987361,1.9543236605414343227e-70,1.84569749743176011465588702888,1.84569749743176011450586610849,-0.0275709731481082807658007119962,0.0149379696220385898313125214285,0.0149379696220385898325267008672,1.9320345131301764e-05,5.09202597883254e-11,9.413705104506478e-11,ROOT_OK
bemreal_000096,794216,cal,10,7.448119173933048,49.49849934723499,0.07318213863532011,0.08136301373713109,0,1,0.0819089987411059895065129115864389848373059121807308570577152,0.0819089987411059895065129115864389848373059121807308570577152,2.8791542961204997644e-70,1.11499489858926875890728061856,1.11499489858926875885254076504,-0.020021623269543050725153592665,0.0179566949542774781157517682587,0.0179566949542774781166333389751,1.225207734256717e-05,8.827566129334269e-11,6.724395552955513e-12,ROOT_OK
bemreal_000097,799095,cal,10,5.835573828630269,49.14528158814995,0.07297828614238253,0.05925523903789881,0,1,0.055525171266160458697817348355514980094660874645479381557977,0.055525171266160458697817348355514980094660874645479381557977,6.086691889317212938e-70,1.29114183849718037528788744922,1.29114183849718037520046375948,-0.0202389808493418186664244445673,0.0156752575479227776646595721156,0.0156752575479227776657209495813,1.0178947662975446e-05,2.341818764757105e-10,1.2429877767713094e-11,ROOT_OK
bemreal_000098,800725,test,8,6.634847988323191,39.05773448903713,0.1142343962832969,0.11452563565441036,0,1,0.114233747767391533215434670060210182529993728512782786344637,0.114233747767391533215434670060210182529993728512782786344637,6.1921044131925812625e-70,1.48563305257959821352794815404,1.48563305257959821344712274415,-0.0252784109130342781768664864566,0.0170152453656990073213366034724,0.01701524536569900732226231267,3.7157222775645164e-05,3.3452190758893987e-10,2.7036514179194122e-14,ROOT_OK
bemreal_000099,801515,test,16,7.237087356569378,79.41928463379028,0.002983490460078181,0.02908704230236561,0,1,0.0378905471909124465433950915015139038595739170446839916528676,0.0378905471909124465433950915015139038595739170446839916528676,6.9466620060417462223e-70,1.21313951194120963838758964599,1.21313951194120963838285944438,-0.0125504443064054346413771116741,0.0103454253883156399418226178034,0.0103454253883156399418629560723,2.7030652767656704e-05,1.650416982047407e-10,8.294208637359726e-11,ROOT_OK
bemreal_000100,802301,dev,3,6.1803050081238275,14.135239985483336,0.23227148322230262,0.3017769020447834,0,1,0.302084753489251367196313187310532261687428170665931504968723,0.302084753489251367196313187310532261687428170665931504968723,9.8719958333577328691e-70,1.99061526453631441037549608553,1.99061526453631441032138373194,-0.0652150549671425225950106255793,0.0327612553409879756923473422341,0.0327612553409879756932379154476,5.7503864114849534e-06,1.2413094966208455e-10,1.760005810772936e-10,ROOT_OK
bemreal_000101,806207,dev,16,3.72078994708551,78.24600008023661,0.0019748113265906364,-0.005278220065792534,1,1,-0.0154780346198821015722922136681702546690873159498850969753551,-0.0154780346198821015722922136681702546690873159498850969753551,2.0300153279743517538e-69,5.61686427326781087532327918561,5.61686427326781088124807685319,-0.0127662163659050790214852594693,0.00227283689703220795319794940203,0.00227283689703220795080050874988,2.5586775104224913e-05,3.438198454319234e-11,2.1379680433560842e-17,ROOT_OK
bemreal_000102,812518,dev,3,5.26695498822034,13.863349048572875,0.23226510556045488,0.27596206969642856,0,1,0.27589788608425526726321621751280096544859318969036349099013,0.27589788608425526726321621751280096544859318969036349099013,1.3143197044472856233e-69,2.19837879138552124311778226243,2.19837879138552124304123816817,-0.0676872675628071249299340174917,0.0307896290794123972478333158295,0.0307896290794123972489053623212,2.5837672208872675e-05,6.661070019518476e-11,1.7639325010023258e-10,ROOT_OK
bemreal_000103,828256,dev,16,6.974917167045458,77.22989859150559,0.0020726120822695277,0.03827602601378135,0,1,0.0369788441538799293876368501828697170703871951165540690919783,0.0369788441538799293876368501828697170703871951165540690919783,5.1530705873970015493e-70,1.21332581817272825684071942507,1.2133258181727282568383253476,-0.0129069563267004172178047568356,0.0106376672558887158666259417835,0.0106376672558887158666469315284,2.022351878361306e-05,3.9324637003699624e-10,1.2870716855443042e-12,ROOT_OK
bemreal_000104,843963,dev,15,6.158817142576256,73.91039992488605,0.00614286525241259,0.03597149745433406,0,1,0.0235953829574831982553967560661390942183854087102468544380754,0.0235953829574831982553967560661390942183854087102468544380754,8.5017942575078501237e-70,1.00011545458438451541623700862,1.00011545458438451540700382151,-0.0134940537811679795549218665724,0.0134924960106487603700036213319,0.0134924960106487603701281856906,4.4386189653300434e-05,2.261563330554467e-10,1.297208210790962e-10,ROOT_OK
bemreal_000105,851844,dev,8,6.772872325873588,39.884418007112444,0.11412326154073801,0.11678263932187173,0,1,0.114122748587910193589300234883513523707045272266379454014245,0.114122748587910193589300234883513523707045272266379454014245,4.3869312728859108532e-70,1.48560459955126328090879070745,1.48560459955126328082788950814,-0.0247547825183292773514379427366,0.0166631030395346268712936593799,0.016663103039534626872201077828,2.938976097580402e-05,4.3245398133406156e-11,4.732418030984519e-12,ROOT_OK
bemreal_000106,853989,cal,11,8.301663095158968,54.93043493453934,0.05466270194589297,0.08993269967330272,0,1,0.089569058729085381414889541874365267411762334961273079026224,0.089569058729085381414889541874365267411762334961273079026224,1.1111698115573555346e-71,0.936692367094546280999556576365,0.936692367094546280957512584887,-0.0180333452433624150512118393038,0.0192521535104408463014272640864,0.0192521535104408463022914083952,1.3078145225220439e-05,1.0298831138436448e-10,5.457282192600316e-17,ROOT_OK
bemreal_000107,857504,cal,7,8.43825695724714,34.3304134179456,0.1362163830052143,0.16834224380193494,0,1,0.171123035232514478881775023109514701122794679366161532490182,0.171123035232514478881775023109514701122794679366161532490182,3.8529235727719076183e-70,1.36857518342696757015916203903,1.36857518342696757012147108642,-0.0283559785851941172922894911258,0.0207193429550502303500247981432,0.0207193429550502303505954147835,3.84957306120981e-06,1.0262034897969109e-10,3.1111992414188816e-13,ROOT_OK
bemreal_000108,862108,test,4,8.840412316028456,20.40502833076257,0.20036039623742283,0.29992207136161064,0,1,0.296353480999989808369853805050799151405339860402143548211509,0.296353480999989808369853805050799151405339860402143548211509,7.1110789748062238234e-70,1.67929753543607263616807308126,1.67929753543607263613245621647,-0.0452545336057608941355204524127,0.0269484904555698016086291535687,0.0269484904555698016092007144271,1.380301055675659e-06,2.482481614166703e-11,6.323060458591257e-12,ROOT_OK
bemreal_000109,877433,test,12,6.141369861334168,60.74462661389753,0.04030010948383704,0.04542792720087676,0,1,0.0403004357358592728342278346735068940435381496028506494397646,0.0403004357358592728342278346735068940435381496028506494397646,7.1132333601899754116e-70,1.09129728266062712977198647893,1.09129728266062712970362153835,-0.016399601750913043429672323643,0.0150276208064315415650578606782,0.0150276208064315415659992745531,1.8692863931067364e-05,2.5299781616381075e-10,7.915693129016212e-18,ROOT_OK
bemreal_000110,885431,dev,3,8.557935516884553,15.735149719584776,0.2322818162405092,0.3550354552229839,0,1,0.354454730721978455357755528499299758534013642626127925324455,0.354454730721978455357755528499299758534013642626127925324455,7.2161391379614203534e-70,1.6918628772695453614557797253,1.69186287726954536142970358192,-0.0564102712737120206937966289616,0.0333421059304469925425743575692,0.0333421059304469925430882488227,7.629399068065368e-06,6.699311598019487e-11,1.2830519001039089e-16,ROOT_OK
bemreal_000111,885434,dev,6,9.413419589272424,30.064059184937964,0.15741730971928908,0.2263630949418804,0,1,0.227229904575546195257422769298214938997830984952312836354887,0.227229904575546195257422769298214938997830984952312836354887,1.0904220943674451105e-69,1.44630474930931129680411883498,1.44630474930931129677134927875,-0.031835080710033164134811356389,0.0220113228040190949645607067472,0.0220113228040190949650594268687,3.2957879749773156e-05,7.181189887001783e-11,4.6409147617321364e-17,ROOT_OK
bemreal_000112,908196,dev,5,6.971745297888349,24.996245452240018,0.1773572016348668,0.21212883161601476,0,1,0.212263443444701505191247870144302925461833149574199666187755,0.212263443444701505191247870144302925461833149574199666187755,1.2557838082215181153e-69,1.77564356027571045411866378795,1.77564356027571045405189608426,-0.0386040719721915104695240785271,0.0217408903655175702683837891875,0.0217408903655175702692012895903,1.96656333812939e-05,1.7176897667600542e-10,1.2226844661189812e-16,ROOT_OK
bemreal_000113,910366,dev,16,8.815185897404035,78.65104535656589,0.002859604520301375,0.0527945187523747,0,1,0.055220032931665083226553894193402999955229786586768034773148,0.055220032931665083226553894193402999955229786586768034773148,9.6866679973120594102e-70,1.18417708292670279643561456187,1.18417708292670279640741672881,-0.0126515665842534238536721702268,0.0106838468390090605648730775488,0.0106838468390090605651274831897,3.156146788985126e-05,2.477606774455671e-10,2.382622784016477e-15,ROOT_OK
bemreal_000114,914674,dev,6,7.1973350856942195,29.445292656163357,0.15725870315021978,0.18121840826614452,0,1,0.183438361818335888759848346445702530119100918803217313381604,0.183438361818335888759848346445702530119100918803217313381604,1.3902883259696833133e-69,1.61835841020815116587026329806,1.61835841020815116580819740181,-0.0330424015436766420555043170471,0.020417233497385026781044274555,0.0204172334973850267818272988146,1.604923186238061e-05,4.211341934730332e-11,1.3957827778303212e-13,ROOT_OK
bemreal_000115,919507,dev,11,8.630120808894258,57.13575058318956,0.05442157600078337,0.09163355551318834,0,1,0.0893275240837664411592618888064667626670037419539718151546947,0.0893275240837664411592618888064667626670037419539718151546947,8.0428998123977596991e-70,0.937298349040503744528462968811,0.937298349040503744486406763443,-0.0173376764422004822428851765113,0.0184975002462649853856675028575,0.018497500246264985386497478361,3.649494229707173e-05,5.013209128985415e-10,1.1345970642531004e-16,ROOT_OK
bemreal_000116,919663,cal,14,6.608149209523871,70.70432456331403,0.014856795957859879,0.03255213758753516,0,1,0.0323105110112370409095391716091349992058203348307192227998059,0.0323105110112370409095391716091349992058203348307192227998059,5.0670274621922677077e-70,0.982068527866231117437307850503,0.982068527866231117396318088943,-0.0140972457413386986848641255707,0.0143546456701633591049618334811,0.0143546456701633591055609703912,2.4226327390630686e-05,4.4675216130132177e-10,2.9574476721219077e-10,ROOT_OK
bemreal_000117,930312,cal,4,7.471517189062763,20.302922533284352,0.20038555484247295,0.25991928959998717,0,1,0.261472252523915076094439920130584426994446842370750498716187,0.261472252523915076094439920130584426994446842370750498716187,1.1082313905286459685e-69,1.82888096613907805525463835204,1.82888096613907805520027816187,-0.0464161075998323462878292779108,0.0253795126414490843502747841509,0.0253795126414490843510291444176,9.961538229408262e-06,1.4109576419458831e-10,7.350793381075544e-17,ROOT_OK
bemreal_000118,935026,test,9,6.862097709539119,46.4095108189766,0.09353348679160296,0.08202471902277338,0,1,0.084806955386004728370175526639769796604886468394340391339845,0.084806955386004728370175526639769796604886468394340391339845,1.1282898683672050977e-69,1.29100462746002864871465804858,1.29100462746002864863674668056,-0.0213562731079487741610478710961,0.016542367590088281807558854299,0.0165423675900882818085571764287,6.588078853841939e-06,4.5701168194056226e-11,1.2929396754327537e-10,ROOT_OK
bemreal_000119,935292,test,3,7.693055952313468,15.628411273421088,0.2322778864682584,0.327324000519037,0,1,0.32827052183290287942277350711291939427843960775563613442228,0.32827052183290287942277350711291939427843960775563613442228,1.0771295835648170454e-69,1.84889492841385153389505209369,1.84889492841385153385580129222,-0.0578899161651734410401889176127,0.0313105494939275003003470160114,0.0313105494939275003010117180144,2.7129267623493547e-05,9.520313884955735e-11,3.982428429852943e-17,ROOT_OK
bemreal_000120,949952,dev,9,7.372457207493974,46.330241983067914,0.09401426275025719,0.09054824153749465,0,1,0.0940146339585517372270260282015453783754195922395599567001692,0.0940146339585517372270260282015453783754195922395599567001692,1.474785966254211237e-70,1.2155089594759284022323633534,1.21550895947592840216769919302,-0.0213594138273332025863127441614,0.017572403445337334359532984468,0.017572403445337334360467823085,2.126891396647042e-05,5.525259818327303e-12,4.282492014574753e-12,ROOT_OK
bemreal_000121,949974,dev,14,5.375798797012538,71.18335744233775,0.014951501225918833,0.021333370033772114,0,1,0.0149521586339287306892070683168739628269891664222975496841882,0.0149521586339287306892070683168739628269891664222975496841882,1.8228177038838263609e-70,1.08496708938673038750653842951,1.0849670893867303874297313941,-0.0140161053765812619293909782608,0.0129184613189546253393529694979,0.01291846131895462534026749375,3.7666617209715264e-05,2.493339030612162e-11,1.5214998242934963e-12,ROOT_OK
bemreal_000122,957332,dev,11,5.3889472716613245,56.75573536167902,0.0553373414466484,0.037104162985160546,0,1,0.0378843385277365418149916428155998981443450718668512426534682,0.0378843385277365418149916428155998981443450718668512426534682,1.26484469618980638e-70,1.25093695116912768949311784455,1.25093695116912768939710903101,-0.017560069991369457933898620667,0.0140375340059767106849869597378,0.0140375340059767106860643337684,1.6593289737021344e-05,2.0506716136083046e-10,6.508207359825815e-12,ROOT_OK
bemreal_000123,958264,dev,8,7.2985593365699,40.02750531991243,0.11413806947187526,0.12412401453119991,0,1,0.122865396337823834105162920151833705417360993245616456010184,0.122865396337823834105162920151833705417360993245616456010184,5.4816276782160761944e-70,1.40159707249520767832278407427,1.40159707249520767826174213855,-0.0246182658569169411261857358562,0.0175644386964150965480121578664,0.0175644386964150965487771190373,3.8995850170309154e-05,1.197287487262999e-10,3.156219885450626e-15,ROOT_OK
bemreal_000124,968127,dev,11,7.380133818317792,55.07557068285341,0.054718632658984974,0.07273085975596674,0,1,0.0721724044471228864236064334290515161667714344458989309245913,0.0721724044471228864236064334290515161667714344458989309245913,8.1202144990937506223e-70,1.01540578933910444200227013923,1.01540578933910444195063197202,-0.0180280993232241198424865932302,0.017754576064568275012192496966,0.0177545760645682750130954007875,2.745848197904799e-05,5.2445197557773e-11,2.7276483222884127e-11,ROOT_OK
bemreal_000125,998865,dev,13,7.00081476834192,66.59303216463948,0.026340717559503672,0.040906273478234376,0,1,0.0437934956365123331271197617825874038291768433983826802376828,0.0437934956365123331271197617825874038291768433983826802376828,5.0557649823703497424e-70,0.977588842146358360041915478232,0.977588842146358359992334510774,-0.0149545319231040736556488661906,0.0152973635524219461305506797284,0.015297363552421946131326525413,2.9475408937051917e-05,3.896141301781194e-10,3.0980517227693955e-16,ROOT_OK
bemreal_000126,999660,cal,9,6.801054123867994,45.96392620023582,0.09382492887188922,0.08660445308930627,0,1,0.0850982363118508510414892662338033922091182616754825328397267,0.0850982363118508510414892662338033922091182616754825328397267,7.8147222297004743573e-70,1.27576643030680155970996279358,1.27576643030680155963398617235,-0.0215627681847846851252271725614,0.0169018149972790724099337780788,0.0169018149972790724109403438306,2.652812044701136e-06,4.81051098046146e-11,2.378996090522087e-13,ROOT_OK
bemreal_000127,1003279,cal,7,6.790084543666854,34.993160912781676,0.1360388214655555,0.137723077249983,0,1,0.136039037999858773209357926478267113638414731399858350364986,0.136039037999858773209357926478267113638414731399858350364986,7.5881352000083075872e-70,1.54190070571501995369408524422,1.54190070571501995361901664125,-0.0280972059563253159321913624662,0.0182224483406639999969757642032,0.0182224483406639999978629378938,1.2406502189912143e-05,3.1686642942815586e-10,8.583911106890466e-15,ROOT_OK
bemreal_000128,1008112,test,12,6.229391450170813,61.47087185199141,0.04078875290115725,0.042838806073748,0,1,0.0407883280543235850772045215873152553513478670088101979874478,0.0407883280543235850772045215873152553513478670088101979874478,2.3452368429215841206e-70,1.08964849197433616427915942504,1.08964849197433616421092453479,-0.0162055280464483716851554041722,0.014872252993335075200356570622,0.0148722529933350752012878861409,2.4341930512451515e-05,2.0108893625399375e-10,6.847451843774445e-17,ROOT_OK
bemreal_000129,1011594,test,9,9.180224446994549,45.87595430962332,0.09384436396407654,0.12422677753566627,0,1,0.128750590476482043387181308443428888879873295726523061606276,0.128750590476482043387181308443428888879873295726523061606276,8.6255461399910054686e-70,1.12977781154718395027996960138,1.12977781154718395026459550617,-0.021424773352348848527749855971,0.018963705193509251358469712827,0.0189637051935092513587277722492,2.0537263522690807e-05,4.41343825565736e-10,8.461326380884543e-11,ROOT_OK
bemreal_000130,1014430,dev,6,9.062289344284636,30.236461888373913,0.15725194811895155,0.21541853688190185,0,1,0.218337727114141343104227351866306303745424777540788652785611,0.218337727114141343104227351866306303745424777540788652785611,8.3101785654389894422e-70,1.44833873419208168928921778397,1.44833873419208168925438226879,-0.0317646164662578128416038673691,0.0219317592745159044203746214073,0.0219317592745159044209021251708,4.2675330879315965e-05,8.893879938617527e-11,4.2149478892877456e-13,ROOT_OK
bemreal_000131,1021357,dev,14,7.846311320158787,71.17107314672924,0.014948015641038996,0.04209663283423821,0,1,0.0498546805146641252272368261127713783664387800380457360310961,0.0498546805146641252272368261127713783664387800380457360310961,7.8698445252288454862e-70,0.93474766723140362019229029422,0.934747667231403620173009714072,-0.0139861053309027218878823914824,0.0149624394060566927763330710438,0.0149624394060566927766416939185,4.574136278190366e-06,4.5802163643055243e-11,5.154002248543284e-17,ROOT_OK
bemreal_000132,1031588,dev,11,8.659687278834355,57.25994110652091,0.05496242036965119,0.0891610275389449,0,1,0.0898686646233943057278451097893936488671250592467116631593867,0.0898686646233943057278451097893936488671250592467116631593867,3.5019079782111204803e-70,0.935941488157079705915411389983,0.935941488157079705873381890281,-0.017299224595256074498035463865,0.0184832329949591183149060885158,0.0184832329949591183157360987733,1.9525607736659012e-05,4.315067573297596e-10,1.7426469978897023e-17,ROOT_OK
bemreal_000133,1065559,dev,16,7.0290362689636705,78.14052752461802,0.0016674195883980313,0.03735254115942907,0,1,0.0365745404688069998686290196398057850522077512850452694038053,0.0365745404688069998686290196398057850522077512850452694038053,5.4547486699804243587e-70,1.21332779469687779351066248738,1.21332779469687779350934502286,-0.0127568544406498944541063402559,0.0105139390166504038982538483614,0.010513939016650403898265264684,3.0701417935041775e-05,4.1129592383251585e-10,3.056195432554043e-13,ROOT_OK
bemreal_000134,1066416,dev,6,7.558895788620161,29.20023623980504,0.15724170557206318,0.19155585052281207,0,1,0.192148253789644814844768585969267559991571843693311681460998,0.192148253789644814844768585969267559991571843693311681460998,5.069476845875262876e-70,1.58531823983816153943464701711,1.58531823983816153937937442308,-0.0332155840085439683914369223005,0.0209519976329388649651319648223,0.0209519976329388649658624624791,2.109417976736694e-06,1.6676063508601227e-10,6.015963497711472e-12,ROOT_OK
bemreal_000135,1078605,dev,6,7.887857313788502,30.45835681493668,0.15738828867687854,0.19530245432001783,0,1,0.192294995506049260840314464581536891952260370943682189994976,0.192294995506049260840314464581536891952260370943682189994976,1.05581168687624232e-69,1.55909840447798609468434303912,1.55909840447798609463177742937,-0.0318426514899501368036942530347,0.0204237599105308708694495941989,0.0204237599105308708701381892163,6.9785004366273995e-06,2.5576993945432563e-10,8.525340651416268e-12,ROOT_OK
bemreal_000136,1079592,cal,7,7.781529950280977,35.27429268764134,0.13600496681615695,0.15218178492566653,0,1,0.153458387099776991214888417929360700695320709380492114836726,0.153458387099776991214888417929360700695320709380492114836726,9.836697140025883265e-70,1.42576896955014801050951916898,1.42576896955014801045902008394,-0.0277398502882590549702067955599,0.0194560625744375706444002796684,0.0194560625744375706450893908634,7.320882948302909e-06,3.0777446991103137e-10,9.834857815810786e-12,ROOT_OK
bemreal_000137,1091542,cal,6,7.783857847849344,30.067448077429397,0.1572637230919003,0.19349765592647541,0,1,0.192170007766921050063505873123255735390141450628905263534742,0.192170007766921050063505873123255735390141450628905263534742,1.3741967357073939534e-69,1.58530137449052614886267696447,1.58530137449052614880741286219,-0.0322574361989074784964662709351,0.020347825793864692551558452554,0.0203478257938646925522677841322,1.7209639111115393e-05,1.7513347145790745e-10,2.579709631338746e-16,ROOT_OK
bemreal_000138,1091695,test,6,7.777325812930904,30.04225965753639,0.15726090676240778,0.19414186556512097,0,1,0.19216823658117185554892005063702159420155266673948246205226,0.19216823658117185554892005063702159420155266673948246205226,5.9313334474698149496e-70,1.55918420179677053327529433506,1.55918420179677053322268229622,-0.0322844876381085028177207055499,0.0207060125422670070798220519783,0.0207060125422670070805207414179,4.267334627705566e-05,2.3257515621230953e-10,1.1517895114689465e-11,ROOT_OK
bemreal_000139,1096810,test,4,7.18150579412675,20.446075820739512,0.20039272800798053,0.25232424220283706,0,1,0.252753031648224348566960543841339385331672954291403614943019,0.252753031648224348566960543841339385331672954291403614943019,6.7802704677602135849e-70,1.83488902840302487804646262074,1.83488902840302487798896193191,-0.0463127239579473075912398701678,0.0252400680591867009844051089473,0.0252400680591867009851960675705,2.4417388924113936e-05,2.2242615718859816e-10,8.341752652362766e-11,ROOT_OK
bemreal_000140,1097037,dev,10,8.082071966644897,50.48067110341686,0.07318976402809678,0.09342547105455065,0,1,0.0906423307260170044151772256244869405876258394871321453151933,0.0906423307260170044151772256244869405876258394871321453151933,4.5839564240861215043e-71,1.07140431193413869834309507059,1.07140431193413869829431008286,-0.0196053516077438681912612412401,0.0182987424909197557816042569621,0.0182987424909197557824374661604,4.1586538588545e-05,2.6031764327350345e-10,1.9345757975518982e-16,ROOT_OK
bemreal_000141,1113726,dev,5,8.459872009769343,24.865387328655977,0.17734186380064199,0.246008241157758,0,1,0.247155032521074061465212749760482063883092469236739150365944,0.247155032521074061465212749760482063883092469236739150365944,1.7201805800862256438e-70,1.61709273406788823660892831838,1.61709273406788823656650794101,-0.0381978785807346150311457836396,0.0236213284346691058085947475421,0.0236213284346691058092143939267,7.844363647535602e-08,1.6092806837853747e-10,9.758630300068531e-12,ROOT_OK
bemreal_000142,1128896,dev,11,8.449615370078403,55.93538586631056,0.05445906983885952,0.0888153607849453,0,1,0.0893663675325852128292151487081969461794987815213875196254055,0.0893663675325852128292151487081969461794987815213875196254055,4.0476405345909506965e-70,0.93719889432704723122835131406,0.937198894327047231186297593858,-0.0177096768807132848817479232634,0.0188963911373686197287206356942,0.018896391137368619729568549142,4.083205724692007e-05,1.7479025303829907e-10,2.233660541751809e-16,ROOT_OK
bemreal_000143,1156961,dev,9,7.402983247140626,46.56195735741226,0.09362321884993166,0.09391868207915438,0,1,0.0936237185670447133194233401909846774471245264842708437445825,0.0936237185670447133194233401909846774471245264842708437445825,4.9689151808045997129e-70,1.21613017203411559121260862416,1.21613017203411559114796034576,-0.0212539051183416559848074402544,0.0174766695269077075997992776912,0.0174766695269077076007283201763,2.8632171638215915e-05,3.887792745808955e-10,8.554030565678897e-12,ROOT_OK
bemreal_000144,1174182,dev,9,7.599991960472207,44.816806164793604,0.09374418731333434,0.09742287785909336,0,1,0.102470759689370010658999014127360846715571264794549229264951,0.102470759689370010658999014127360846715571264794549229264951,3.1922084206396947643e-70,1.18000522745795978106283212795,1.18000522745795978103200541222,-0.0220462768781181961286493105461,0.0186832027224249242247933560003,0.0186832027224249242252814400916,4.2332377002129995e-06,2.334408720788313e-11,8.660833676550651e-17,ROOT_OK
bemreal_000145,1179884,dev,16,8.7049325579411,77.9461772262714,0.002392038008664533,0.049826744877897455,0,1,0.0547521471341984292594292490217345689538366062669348466506226,0.0547521471341984292594292490217345689538366062669348466506226,1.0033299176419237529e-69,1.18575243549810150212406884392,1.18575243549810150209654117391,-0.0127664525723155967030278048399,0.0107665413033309657990774615949,0.0107665413033309657993274107304,1.3266096967168295e-05,3.1324707600890824e-10,2.8633045426081566e-11,ROOT_OK
bemreal_000146,1202978,cal,7,8.43330292564793,34.31057378077129,0.13621440493699563,0.1652683864264438,0,1,0.171120345780552143786620966226308255201753173384605063046065,0.171120345780552143786620966226308255201753173384605063046065,6.5032769332152467184e-70,1.38033241217922205601686763359,1.38033241217922205597783193316,-0.0283723910275324305749195953531,0.0205547524474478293858756780283,0.0205547524474478293864569649356,3.691303403807744e-05,2.2503650326339564e-10,5.7650786864768653e-11,ROOT_OK
bemreal_000147,1211321,cal,3,7.1268118613452875,15.024077492412275,0.23227876288257482,0.3154014452332196,0,1,0.319545300164173389415588975947022129343910505046770203923458,0.319545300164173389415588975947022129343910505046770203923458,1.3662055012179191787e-69,1.87288394298829708027046623408,1.87288394298829708022791492288,-0.0605975609386671788930881862123,0.0323552140886958468447930271486,0.0323552140886958468455281270403,4.282829454638204e-06,1.6267940627927926e-12,6.759319307270187e-11,ROOT_OK
bemreal_000148,1214727,test,9,7.704858737405083,45.41388435430477,0.09395392789128239,0.09622441232186445,0,1,0.102680996313046209654406554154824468426186753779495771506595,0.102680996313046209654406554154824468426186753779495771506595,7.3494549452674379693e-71,1.1810061381147838912103475955,1.18100613811478389117939388058,-0.021755948902800479046541281064,0.0184215375353840737499642197233,0.01842153753538407375044704111,2.4188088982413092e-05,1.7225674346149577e-12,3.339676651837453e-16,ROOT_OK
bemreal_000149,1229793,test,13,9.05273179137112,65.65213178663139,0.02831206018874733,0.07026595023758925,0,1,0.0806715616188705785741905546545556610000136481988583635675403,0.0806715616188705785741905546545556610000136481988583635675403,3.5877050843105746631e-70,0.852257826935220387815377533296,0.8522578269352203877871395572,-0.0151129687200444006744592914571,0.0177328599895546966534422371601,0.0177328599895546966540297824553,2.1550644743406622e-05,2.1594390559675072e-10,6.544132876654642e-17,ROOT_OK
bemreal_000150,1229887,dev,5,8.588541918403571,24.19757912831242,0.17743250857052145,0.2527179111968708,0,1,0.255972880021626388441041639588974251487221599131119292899814,0.255972880021626388441041639588974251487221599131119292899814,1.4669307633168766887e-70,1.56347699174648079926307521087,1.56347699174648079922673694789,-0.0390874418212497469151759469265,0.0250003306908834963975520668544,0.0250003306908834963981331234328,3.180579596051558e-05,1.613707574394773e-10,4.5006147535609544e-12,ROOT_OK
bemreal_000151,1259489,dev,10,9.688843168169228,49.37800627717857,0.07331240596342926,0.12256851929176843,0,1,0.125671519052763820385060354826760279777706281410352050357296,0.125671519052763820385060354826760279777706281410352050357296,6.0802670850903947866e-70,1.0124283060634134476093615762,1.01242830606341344761301918847,-0.0199191256643946363969705301468,0.0196746036683282953845168772933,0.0196746036683282953844457986091,4.380100689038713e-05,1.0663285825834735e-11,1.2905965026067878e-12,ROOT_OK
bemreal_000152,1260818,dev,13,10.10492297593846,66.05591412458881,0.02769966359096661,0.09497299134270326,0,1,0.0975122929657305152644858242706193936570021557597693846922288,0.0975122929657305152644858242706193936570021557597693846922288,7.1579809505516885635e-70,0.906686079904999378151875900692,0.906686079904999378188870965997,-0.0149866831878809125024373741807,0.0165290760716776251906522010808,0.0165290760716776251899777733353,3.098011550539681e-05,2.9332499469842675e-10,8.942695980941887e-15,ROOT_OK
bemreal_000153,1267666,dev,10,6.545166381388146,50.42817309990653,0.07303530351673725,0.07093866338387082,0,1,0.0643093571136394988812018258086390920341804496687438332529263,0.0643093571136394988812018258086390920341804496687438332529263,3.823305874211573424e-70,1.23574735049558476062912470018,1.23574735049558476055455494787,-0.0197018458096169855642170374479,0.0159432636466634923928732558544,0.0159432636466634923938353337587,4.010167532320086e-05,1.4819495556328056e-10,4.9396055946222e-11,ROOT_OK
bemreal_000154,1268460,dev,5,8.712189217296748,25.602968484549876,0.17741129280615964,0.24569826676839648,0,1,0.247224947739734050687236099745783413714743772375920490690491,0.247224947739734050687236099745783413714743772375920490690491,4.1697605661813643853e-70,1.6039007344329568476254438875,1.60390073443295684758406127579,-0.037096785866824894937112831979,0.0231291033605892665285787211071,0.0231291033605892665291754804221,2.7780147462408422e-05,2.2261888334536885e-11,1.2386773846593037e-12,ROOT_OK
bemreal_000155,1286574,dev,14,9.192951048312189,72.13276454790054,0.0171123306503742,0.06994927201872309,0,1,0.0694714831044892044676873273309407328303781155734927975617598,0.0694714831044892044676873273309407328303781155734927975617598,7.1692699427297811266e-70,0.901851156208899129780475945147,0.901851156208899129760461418534,-0.0137738300751901311555836826939,0.0152728418435377021185453986043,0.0152728418435377021188843444463,4.154796110666936e-05,5.212719750579166e-10,4.3003914844793425e-11,ROOT_OK
bemreal_000156,1289539,cal,4,7.6473636336717545,19.87431544243675,0.2003556142582512,0.27168149063749725,0,1,0.270169068647486014287871891871288433184828963081482864608773,0.270169068647486014287871891871288433184828963081482864608773,1.1792181275973281955e-70,1.77668358032055849368179603612,1.77668358032055849363363834168,-0.0471822108241297154600714454504,0.0265563386450708659930902610961,0.0265563386450708659938100809087,1.628986365709295e-05,6.085464747500502e-11,2.293894476102953e-12,ROOT_OK
bemreal_000157,1289863,cal,5,9.059786128169495,25.52549398530141,0.17742940446450028,0.2546391295794648,0,1,0.255969361563721517153006410251651047112577120717109807836764,0.255969361563721517153006410251651047112577120717109807836764,7.8937357839150256777e-71,1.56347861353844001787300720023,1.56347861353844001783666821317,-0.0370540308218642714968851098642,0.0236997362810126172606309383731,0.0236997362810126172611817769983,8.06518230600517e-06,2.077915305688601e-11,4.509618020328268e-12,ROOT_OK
bemreal_000158,1298378,test,3,7.542003464746157,15.899520017791783,0.23227164207212078,0.31853694708717006,0,1,0.319538324338722668165835836613186464785517857339237143607547,0.319538324338722668165835836613186464785517857339237143607547,5.0150876979081358108e-70,1.87288611978571925411238449161,1.87288611978571925406983194382,-0.0572611370166350918729340618794,0.0305737419972905005632104240636,0.0305737419972905005639050688706,1.2589816581254354e-05,9.645997356917457e-11,6.68661568287593e-11,ROOT_OK
bemreal_000159,1299129,test,6,7.780719649011221,31.816873196939,0.15741481262796023,0.18419511622957022,0,1,0.183594959525501875861357682936958683924437806491897883911755,0.183594959525501875861357682936958683924437806491897883911755,1.1621748853531502078e-69,1.63179235153199522140780183407,1.63179235153199522134436103174,-0.0305785713662101062461574243498,0.0187392540095568278958835500921,0.0187392540095568278966120945716,1.1926398385098125e-05,7.892459868793969e-11,3.7293020173885e-11,ROOT_OK
bemreal_000160,1312713,dev,7,8.17853730082046,37.04250906105816,0.13630910944196398,0.15381734783243317,0,1,0.153761854026500849901906457166599717529357062284554568703919,0.153761854026500849901906457166599717529357062284554568703919,2.8420360404368846223e-70,1.45189336568472379346655630362,1.45189336568472379341282510627,-0.0264144431572662594879067962198,0.0181931013541128828795199300227,0.018193101354112882880193214399,3.139438620303192e-05,2.9717022234150545e-10,5.378802267217498e-16,ROOT_OK
bemreal_000161,1326788,dev,6,9.799692250491875,30.06678793656895,0.1572952426794807,0.2318575189974846,0,1,0.235834445367715240837397695608760236033798420126695784408512,0.235834445367715240837397695608760236033798420126695784408512,1.1429228179341686263e-69,1.40333461377621353306669967138,1.40333461377621353303913764645,-0.0317215891818236292190308570566,0.0226044372243227489879884221154,0.0226044372243227489884323818498,3.515966214706623e-05,1.9800262426350992e-10,3.5806472197840287e-13,ROOT_OK
bemreal_000162,1327942,dev,4,7.699099588221725,18.449427433444583,0.20035762207862606,0.28861787618059975,0,1,0.287624838301784167253968406480964596982644596589606808280556,0.287624838301784167253968406480964596982644596589606808280556,1.2798096677156931346e-69,1.70299328495979667728790738703,1.70299328495979667724894902172,-0.0503130049127259056358348506633,0.0295438657081455651206881613571,0.0295438657081455651213640188153,4.317968417577589e-05,2.9317485302306253e-10,4.217217426175522e-12,ROOT_OK
bemreal_000163,1333928,dev,6,7.60299127414101,31.08923465204696,0.15742586305091125,0.18491290048881184,0,1,0.183605225938311291160677811543834438389528625568171479730937,0.183605225938311291160677811543834438389528625568171479730937,7.1540421960833069755e-70,1.61816676624305988420796166082,1.61816676624305988414597677488,-0.0312942016713767278127056998856,0.0193392932818866961125974012726,0.0193392932818866961133382049483,3.2996217542269335e-05,2.6539837934650256e-10,1.2192084461072766e-13,ROOT_OK
bemreal_000164,1335409,dev,8,8.507340059327387,41.198240703846025,0.1146012637643652,0.14460088849816186,0,1,0.140780937455897074671210700665628576719847436848882462912285,0.140780937455897074671210700665628576719847436848882462912285,4.4428239872021204266e-70,1.29869266208907780501750069993,1.29869266208907780497968722624,-0.0238183853654299116001484142533,0.0183402786977448863342727300438,0.0183402786977448863348067360224,1.518920839349569e-05,3.0254019703764085e-10,1.3314165024550673e-11,ROOT_OK
bemreal_000165,1343974,dev,5,8.696743976893742,24.506960682101738,0.17734769621307206,0.25701829941529486,0,1,0.255887447983234855119269725952122263402232758373883500358717,0.255887447983234855119269725952122263402232758373883500358717,8.6371984914629153434e-70,1.57626825901021669998481279326,1.57626825901021669994750431534,-0.0385948804854388504171439969194,0.0244849696521032939406992217385,0.0244849696521032939412787531377,3.6995127361549862e-06,3.750695938352894e-11,9.040719958133805e-13,ROOT_OK
bemreal_000166,1357641,cal,4,8.125335391557746,20.250867535979168,0.20038231242247279,0.2809219509319044,0,1,0.278922652005173803483862309937133495498804325324953460423751,0.278922652005173803483862309937133495498804325324953460423751,8.316451741734862286e-70,1.72982905979250478635929243204,1.72982905979250478631657096238,-0.046071712640216411159963747113,0.0266336794259559798136878338972,0.0266336794259559798143456040515,2.9979614334152416e-05,6.8814791713257e-11,2.242199372782293e-14,ROOT_OK
bemreal_000167,1358172,cal,8,8.38887926957724,40.673942561187104,0.11416995708077876,0.1441798679927976,0,1,0.140349298635301164043794911519505767413002647569000751787242,0.140349298635301164043794911519505767413002647569000751787242,4.4669638465248438235e-70,1.29806326284299094300846672002,1.29806326284299094297061644301,-0.0241268985791644137985988383531,0.0185868433918406922452138277159,0.0185868433918406922457558022031,3.4219676527946774e-05,2.31907374377841e-10,2.0631837386871934e-11,ROOT_OK
bemreal_000168,1360383,test,9,9.415452670523749,47.00711271871169,0.09422890875718935,0.13165199638893207,0,1,0.129134837502991703489559974103730578019358157915827789547554,0.129134837502991703489559974103730578019358157915827789547554,4.6364125449975378016e-70,1.13112407478625037898984707916,1.13112407478625037897432295622,-0.0209081659056724102238559887597,0.0184844141962263925404417464897,0.0184844141962263925406954360051,3.7602881139742195e-05,2.5266288793961095e-10,1.1369234768922182e-16,ROOT_OK
bemreal_000169,1401968,test,12,8.351454523735903,61.36690247083739,0.040606548895973774,0.08282375822153337,0,1,0.075512301667025052466621827498785244297086840849571279553478,0.075512301667025052466621827498785244297086840849571279553478,1.4186725942655205462e-70,0.91135208685067030022103448525,0.911352086850670300180905945536,-0.0161747467748519949421188882362,0.0177480767402931397614727837919,0.01774807674029313976225426486,4.768587429504478e-05,3.4016374666085085e-10,6.677827226022527e-12,ROOT_OK
bemreal_000170,1413832,dev,10,8.61694965849458,50.91721416267469,0.07304745241280475,0.09931706659884638,0,1,0.0992273692127430676963767430685534821500452571837348348525073,0.0992273692127430676963767430685534821500452571837348348525073,8.0138738599874567298e-70,1.02206066485866086398220743151,1.02206066485866086393883011878,-0.0194097473003266570823755966114,0.018990797677367614982407562995,0.0189907976773676149832135521091,1.2593692633178222e-06,1.4101443522189226e-11,1.635206876754458e-13,ROOT_OK
bemreal_000171,1419526,dev,9,8.415827445466899,44.31993961061294,0.0935219733728379,0.12215709755190217,0,1,0.119702697972348103270932854320759759430124441149542242565089,0.119702697972348103270932854320759759430124441149542242565089,1.4200295758141877135e-70,1.14144670026290729056942601545,1.14144670026290729055039528541,-0.0222183772560530383837183809369,0.0194651027077615809570128730901,0.0194651027077615809573374043317,4.502414633500429e-05,1.5813129805739707e-10,1.1779481626193954e-15,ROOT_OK
bemreal_000172,1430930,dev,6,10.146739471077655,29.944137996910573,0.15735755352433603,0.2408820789651374,0,1,0.24462467300079455932163728705890164064512449935357955048418,0.24462467300079455932163728705890164064512449935357955048418,1.2649579846229309e-70,1.38528672378486469388406015622,1.38528672378486469385939992584,-0.0317358450588008510016401990794,0.0229092248658043402327617460829,0.0229092248658043402331695654557,3.763627926911539e-05,1.769365074649404e-10,2.493980771550852e-13,ROOT_OK
bemreal_000173,1437171,dev,8,8.24250278458547,39.9640154010291,0.11416912271255111,0.14550571145192961,0,1,0.140349648729299029070467864571493616008729546941441509416709,0.140349648729299029070467864571493616008729546941441509416709,7.9495524373510145825e-70,1.32123931941462397228334773602,1.32123931941462397224224674484,-0.0245554884202367818620773435769,0.0185851935068932921338488904814,0.0185851935068932921344270369709,3.3646192123315544e-05,2.2473581101608167e-10,3.3534312402390707e-16,ROOT_OK
bemreal_000174,1439773,dev,9,8.365581942223256,44.05326079999821,0.09354520221031737,0.12172906936648083,0,1,0.119724551701586074294637888578569587520657788970510336544193,0.119724551701586074294637888578569587520657788970510336544193,6.0680595557676447079e-70,1.13032438114175932594703567251,1.13032438114175932592984169716,-0.0223528206816478645307821549021,0.0197755804038031199315761880401,0.0197755804038031199318770050867,3.377080313748948e-05,2.2647420560929357e-10,1.2305955743506933e-10,ROOT_OK
bemreal_000175,1441147,dev,6,8.669570219848307,27.698288497772236,0.1572638951178553,0.22805118929385892,0,1,0.22707733048723729412802992091750162779282259791027465303683,0.22707733048723729412802992091750162779282259791027465303683,6.4894976372659658194e-70,1.42382925126068429447153954341,1.42382925126068429444065526833,-0.0345554195488412345188166469708,0.0242693563980689665357266172862,0.0242693563980689665362530438071,1.5200194160236435e-05,1.2054981429347672e-10,3.826222953654688e-12,ROOT_OK
bemreal_000176,1441898,cal,9,7.354005180948739,46.257923588401844,0.09358754784937927,0.10103958514480903,0,1,0.0935869691578547891691776032128714966157845309725518108523126,0.0935869691578547891691776032128714966157845309725518108523126,5.1996526476586454954e-70,1.23022295283201554038877342991,1.23022295283201554032255376026,-0.0213936742300841189176966252838,0.0173900789127979974589691982041,0.0173900789127979974599052604667,3.3156581977453166e-05,2.0622724202725272e-10,2.6526612451911584e-16,ROOT_OK
bemreal_000177,1451619,cal,6,8.043904737620512,29.492369730635122,0.15725061315450553,0.20556297057491613,0,1,0.200883516620277608341950677935244802926753889608175481991435,0.200883516620277608341950677935244802926753889608175481991435,1.3817987510759851359e-70,1.52111605239580394312908470506,1.52111605239580394308302657179,-0.0327822208498263591999258813261,0.0215514265319818080510997766774,0.0215514265319818080517523360097,1.8783517737208655e-05,1.330261072272093e-10,1.4345789867310153e-13,ROOT_OK
bemreal_000178,1466433,test,13,8.986713772599128,65.48271172033886,0.026680651660867062,0.08913549600249651,0,1,0.0790397884623867874754015677365887576648850476627234870622047,0.0790397884623867874754015677365887576648850476627234870622047,5.814892132007542231e-71,0.85583518496804961241112872095,0.855835184968049612383262494315,-0.0151541445146546205160680651632,0.01770684914668513098030940358,0.0177068491466851309808859434091,4.244315121049169e-05,2.5362842994039064e-10,1.442338527948444e-11,ROOT_OK
bemreal_000179,1469501,test,4,8.769942214388607,21.01400264842641,0.2004004488708998,0.2847191962733788,0,1,0.287666344168800488849023402702018640741448224070869297476293,0.287666344168800488849023402702018640741448224070869297476293,4.4196767914478503237e-70,1.70298897890126623627733664183,1.70298897890126623623838514666,-0.0441721990719947766559286600203,0.0259380416545583159244146940196,0.0259380416545583159250079600458,3.250377589125719e-05,3.570082817528761e-11,3.907155384332093e-12,ROOT_OK
bemreal_000180,1473176,dev,7,9.250828015193632,37.641735074231235,0.1361587034689513,0.17509740497150997,0,1,0.171066063827356389317798319127227227929049385952653362421798,0.171066063827356389317798319127227227929049385952653362421798,7.5853391253494208145e-70,1.36853133042922145734198118813,1.36853133042922145730428156995,-0.0258617749147645111519436009507,0.018897466458917906584115723833,0.018897466458917906584636301809,4.4422501008778426e-05,1.6312674106811285e-10,3.860590266394565e-13,ROOT_OK
bemreal_000181,1477486,dev,16,8.643409665569823,77.11551247375891,0.0028657567594040745,0.04580887218061431,0,1,0.0552253142348756200098784254237886679646547856631247699040798,0.0552253142348756200098784254237886679646547856631247699040798,3.3338624965221970086e-70,1.18415842066593219708323522056,1.18415842066593219705502943937,-0.0129034808801687235428109436027,0.0108967522039088531808018858179,0.0108967522039088531810614384276,1.833948193352697e-05,7.78143278833084e-11,1.5484127170075463e-14,ROOT_OK
bemreal_000182,1484539,dev,14,7.873442665069865,71.46711224287482,0.014798155022976404,0.06127739881826224,0,1,0.0497041141193814874371692405067878084038645324243338557080801,0.0497041141193814874371692405067878084038645324243338557080801,3.885978520146798994e-70,0.934874843367116038576198108709,0.934874843367116038556906012192,-0.013928284263931782734355474435,0.0148985549913468836869991195213,0.0148985549913468836873065664089,3.5863919700007685e-05,7.650727568309422e-11,7.338407327560597e-17,ROOT_OK
bemreal_000183,1484690,dev,12,8.364898563379729,61.51963084775665,0.04029519276982705,0.08586778398986995,0,1,0.0752020789818613627150089822151132682091338678538852002655669,0.0752020789818613627150089822151132682091338678538852002655669,7.3999183503633018003e-70,0.912152241008921656016314521556,0.912152241008921655976145574927,-0.0161349734402277196359855609283,0.0176889040171419206314694748454,0.0176889040171419206322484507767,1.725548719155867e-05,3.847224056344767e-10,7.0821970162815145e-12,ROOT_OK
bemreal_000184,1487814,dev,8,9.586615361159039,41.76750926054065,0.11471903691204675,0.15407587064533756,0,1,0.158351927303610964878968073324557389900413026810050537828756,0.158351927303610964878968073324557389900413026810050537828756,9.4127524434539347821e-70,1.25788224499372125984345586818,1.25788224499372125981588670981,-0.0233881702358604042190894787288,0.0185932906907173545962496544824,0.0185932906907173545966571658989,1.953260644338428e-05,4.404746087940251e-12,9.151783567346845e-17,ROOT_OK
bemreal_000185,1490005,dev,6,8.651648294453887,31.70978314053428,0.1573781631706204,0.19842011233112158,0,1,0.201011054291617213255195909631073856104409636141788464070042,0.201011054291617213255195909631073856104409636141788464070042,9.6465085107036462476e-70,1.52106544483239407446953673894,1.52106544483239407442351574772,-0.0304890108835334384779831591344,0.0200445095818300027572120776556,0.020044509581830002757818539529,1.9490826569601438e-05,1.010463773956734e-10,2.361605164106807e-13,ROOT_OK
bemreal_000186,1532542,cal,9,8.548511792978443,47.49472493011604,0.0939340801853351,0.1118539794640217,0,1,0.11138767443106511720252024433822334853521020547872930625496,0.11138767443106511720252024433822334853521020547872930625496,4.9658117795880328127e-70,1.14697006353116167787818462975,1.14697006353116167785620995954,-0.0207681637527792506267053601403,0.0181069797836227542963603309807,0.0181069797836227542967072405662,1.7288154086303464e-05,6.568441915444515e-11,9.423673092536032e-12,ROOT_OK
bemreal_000187,1534266,cal,16,8.834541742349906,78.25155980316728,0.003822397458020731,0.050720030191145286,0,1,0.0561819366060046706216616967128403449239010320363624785211426,0.0561819366060046706216616967128403449239010320363624785211426,7.2693275407759921283e-70,1.18080017805744573878080353302,1.18080017805744573875122610538,-0.0127151694936749697480362648783,0.010768265223835678314798991854,0.0107682652238356783150687221534,1.938957052738388e-05,1.3807358154443964e-10,3.041137901020636e-16,ROOT_OK
bemreal_000188,1558041,test,8,7.437507501956925,40.78504013430785,0.11417782924956627,0.12367352651590201,0,1,0.122903820147505941499603217490829432824782319598617274879076,0.122903820147505941499603217490829432824782319598617274879076,1.1529087908700372445e-70,1.38846964523092093822118733532,1.38846964523092093816227534981,-0.0241608980027232524301203873826,0.0174010991783007069497635694649,0.0174010991783007069505018883084,3.7565826143726166e-05,3.3811001956712446e-10,2.853204682223314e-10,ROOT_OK
bemreal_000189,1559278,test,4,8.050364518156627,21.875858654818465,0.2003855938084803,0.256949071642459,0,1,0.261472361352291591161700619405171698144869642576724385413945,0.261472361352291591161700619405171698144869642576724385413945,8.6219934839341656691e-70,1.82888062147165529768933764377,1.82888062147165529763497750887,-0.0430786559992708220484481518582,0.0235546571457498882976021233421,0.0235546571457498882983022424887,1.3964357132856264e-05,6.563407362994989e-11,1.4665099134356698e-16,ROOT_OK
bemreal_000190,1562493,dev,6,8.73866764090226,30.49101112898692,0.15744499799008055,0.20679103619609618,0,1,0.209805581087999229946321870721389781988883763392559485656864,0.209805581087999229946321870721389781988883763392559485656864,5.2921082088254375212e-70,1.47577482635872883008138023505,1.47577482635872883004204630776,-0.0316031785493922735565521557517,0.0214146345261687142821335268551,0.0214146345261687142827042925725,4.0427251697838784e-05,2.9936208284138603e-10,5.05608688842592e-11,ROOT_OK
bemreal_000191,1567212,dev,16,8.584712769015285,77.22269073490304,0.0017992350345638324,0.05846952740649573,0,1,0.0541586933416108477266057772669976598956359730187327544284017,0.0541586933416108477266057772669976598956359730187327544284017,8.9447363453068527208e-70,1.18768818852500960616243486278,1.18768818852500960613575779248,-0.0128866676067937698176859168978,0.0108502111339489929687438217737,0.010850211133948992968987532074,2.402629770337228e-05,2.8726230107989603e-10,8.52191196274419e-11,ROOT_OK
bemreal_000192,1601799,dev,8,7.750494920872459,39.83306094029477,0.11417431259093282,0.13280764083481042,0,1,0.13162714787655223778957440481392324185488522189203894207977,0.13162714787655223778957440481392324185488522189203894207977,6.0913459685462272455e-70,1.35638607063880671161888930763,1.35638607063880671156924648586,-0.0246878693378337749883402067266,0.0182012111980822090832976530334,0.0182012111980822090839638051733,2.6200037642754026e-05,2.585458332016591e-10,4.259713846872819e-11,ROOT_OK
bemreal_000193,1607081,dev,3,9.066345841368072,14.589446062509126,0.23226476348562466,0.3993592281911239,0,1,0.39807047114245434689436971914975368624877555546410759682903,0.39807047114245434689436971914975368624877555546410759682903,2.043623199342554168e-70,1.48415589493204475747617763126,1.4841558949320447574650745126,-0.0589511793025444112265563266492,0.0397203417133235971015122571055,0.0397203417133235971018094089538,3.273208368348435e-05,1.0585947181383101e-10,2.935841776704984e-16,ROOT_OK
bemreal_000194,1619699,dev,7,9.155502906896176,35.5121389102724,0.13599464403294192,0.18150948410762255,0,1,0.179627564097853118011099927310665499555787092007055821982281,0.179627564097853118011099927310665499555787092007055821982281,8.0501942082931737915e-70,1.34150387990783697422925550721,1.34150387990783697419679507759,-0.0273399510743760759091307066082,0.0203800760354523651336706049552,0.0203800760354523651341637425701,1.7832448882870722e-05,3.063456293609213e-10,3.46886169832293e-16,ROOT_OK
bemreal_000195,1632751,dev,3,8.547809908456712,16.212658240985515,0.23228019881905945,0.3478329855907646,0,1,0.345726712581639665210602646101975161043050439693141326649871,0.345726712581639665210602646101975161043050439693141326649871,1.1112995297998746096e-69,1.70475119862462286522334326737,1.70475119862462286519522433817,-0.0550963216899552057647250571623,0.0323192743518270564765120234446,0.0323192743518270564770451120198,6.442325925171133e-06,5.63381491226527e-11,5.685008743860417e-11,ROOT_OK
bemreal_000196,1636662,cal,4,9.354788749892098,20.830304267977922,0.2004079978240358,0.30300522078146247,0,1,0.30512845647319075762692739465466150460676054347563798970114,0.30512845647319075762692739465466150460676054347563798970114,6.1431113133316190409e-70,1.62930029165734690458528165021,1.62930029165734690455442529264,-0.0440947359951558058187424699491,0.0270636028367134381534971712067,0.0270636028367134381540097128239,4.03125013148653e-05,2.173636835318613e-10,5.6382453337729085e-11,ROOT_OK
bemreal_000197,1655464,cal,4,9.648012353075176,18.91484053427713,0.20036129967542815,0.341187549547191,0,1,0.339987374154365558358893536650048651765718267378999181760439,0.339987374154365558358893536650048651765718267378999181760439,4.7070977578267574361e-70,1.54682230624648706098633331615,1.54682230624648706096547452381,-0.0475070519039574658785319464559,0.030712675730179953005392980975,0.0307126757301799530058071392933,1.522237758333489e-05,2.3333032590023716e-10,1.3739643745276372e-16,ROOT_OK
bemreal_000198,1655844,test,10,9.364379577356754,52.42840308766928,0.07392814744040198,0.10817775738971437,0,1,0.108834527417813585245620931976340421574604776876171349482094,0.108834527417813585245620931976340421574604776876171349482094,3.7578705260954677281e-71,1.02639943236547795276297308376,1.02639943236547795276315960878,-0.0188198591556672392184893123508,0.0183358043294064361776803764917,0.0183358043294064361776770443714,1.174774384704591e-05,2.592372589085259e-11,2.5665168826205198e-11,ROOT_OK
bemreal_000199,1664666,test,9,9.262553663047838,44.151856891705805,0.093573808120694,0.13701170050135578,0,1,0.137206884182782177946996362970202279244331376126260239494323,0.137206884182782177946996362970202279244331376126260239494323,8.6207805562123960826e-70,1.10049123389042778522470284759,1.10049123389042778521498797296,-0.0222203382608344567466221912031,0.0201912905587459328842918617981,0.0201912905587459328844701057044,8.894191583674882e-06,4.786862421702332e-11,4.842627812856712e-12,ROOT_OK
bemreal_000200,1669199,dev,3,8.678722453882301,14.311392914967566,0.2322656947321645,0.3854079185114658,0,1,0.389345564739551362215304233396655766231809553207897619506404,0.389345564739551362215304233396655766231809553207897619506404,1.6038542881737169762e-70,1.48476752874275300878262403633,1.48476752874275300877071495596,-0.0604792711708251434153785820011,0.0407331585585231544333826622079,0.0407331585585231544337093762891,1.3611905117727474e-05,1.5925342347646178e-10,2.44664546095412e-10,ROOT_OK
bemreal_000201,1673318,dev,8,10.81739239788412,39.69501778282292,0.11417727257037263,0.19171383815696907,0,1,0.192717328112025451460579011967454189114105071622938369350675,0.192717328112025451460579011967454189114105071622938369350675,7.8061616222516226865e-70,1.07209173162080307187219194435,1.07209173162080307187004724831,-0.0243712348360989840319330087561,0.0227324156294482515490049110091,0.022732415629448251549050386709,1.3705260712981726e-05,1.9573441458943534e-10,1.630659861290847e-14,ROOT_OK
bemreal_000202,1678966,dev,12,8.211677348549589,60.357956169913976,0.04049880228966718,0.07065724048850851,0,1,0.0754053137316469737960619791695963876856308551578287398070101,0.0754053137316469737960619791695963876856308551578287398070101,4.6953569153640626917e-70,0.911627540325871312302681668085,0.911627540325871312262539448275,-0.0164452587678497146596352271147,0.0180394492711038278335063993938,0.0180394492711038278343007408391,4.2172476781843216e-06,2.7621759013397856e-11,6.950558217853904e-12,ROOT_OK
bemreal_000203,1681600,dev,11,8.437452867142808,55.74323999777447,0.05533197618016577,0.09807005631940831,0,1,0.0902379645139251666816318434818791971145768432922141739664086,0.0902379645139251666816318434818791971145768432922141739664086,3.7298127134999147562e-70,0.937209979422456186126516116001,0.937209979422456186146029501939,-0.0177693167054882119672697420812,0.0189598031344462731605016378589,0.0189598031344462731601068811193,3.418874270000316e-05,1.1074422282012248e-10,3.816366361078209e-17,ROOT_OK
bemreal_000204,1681723,dev,15,8.761183977530287,73.82445160586138,0.006345464632528184,0.05142326483623337,0,1,0.0587054873724154508669986099675905497114382427039429722989019,0.0587054873724154508669986099675905497114382427039429722989019,5.7712100236056439222e-70,1.00362425511714109556218636207,1.00362425511714109555082253041,-0.013471939798550091156440610622,0.0134232903697386949027851805527,0.0134232903697386949029371697173,8.32697346986322e-06,1.346286023522087e-10,1.530463904801533e-10,ROOT_OK
bemreal_000205,1683013,dev,13,9.359378873881983,67.76905969278423,0.02886206797365572,0.09098221905937408,0,1,0.0812222474478054647133031539738068594342898430997518297735033,0.0812222474478054647133031539738068594342898430997518297735033,3.5313282378998821986e-70,0.851021896738637553043596516782,0.85102189673863755301521840696,-0.0146401927672562074900290141784,0.0172030741199041615696282643854,0.0172030741199041615702019167539,1.7298416296718244e-05,5.351072422628409e-10,1.0505858758050408e-16,ROOT_OK
bemreal_000206,1689177,cal,6,8.155958918022636,29.896141154065358,0.1573396627679323,0.20125951242639015,0,1,0.200972193895179263209001112661829592073671748876013683155378,0.200972193895179263209001112661829592073671748876013683155378,2.17902550564618327e-70,1.52108220360254248611326709268,1.52108220360254248606723464383,-0.0323388805643308267180592746933,0.0212604423927511476530391706307,0.0212604423927511476536825745339,4.0116948628377e-05,2.804585672953984e-10,2.2815656821175043e-13,ROOT_OK
bemreal_000207,1691322,cal,9,9.007364714172908,42.935461572394175,0.09357401712172202,0.13604437062249186,0,1,0.137206930832183269019448049473693233804327705708004183605147,0.137206930832183269019448049473693233804327705708004183605147,7.3752570163382788578e-70,1.10049205557732259616250657932,1.10049205557732259615279158595,-0.0228498580314285321938299427002,0.0207633102989020706625093161472,0.0207633102989020706626926118111,1.8196254625291175e-05,1.1609996541989632e-10,4.842240165008901e-12,ROOT_OK
bemreal_000208,1692086,test,8,10.711202846466366,39.30448674108065,0.11418626037923486,0.18842325416872716,0,1,0.192726253802268447254175688626960338571499856947498047043346,0.192726253802268447254175688626960338571499856947498047043346,3.708048184102443397e-70,1.07211048580026324650957094915,1.07211048580026324650742466759,-0.0246133450393644953388547347931,0.0229578437720364023386874620352,0.0229578437720364023387334218475,1.014612594474329e-05,1.0698973552958345e-10,1.5306214851117133e-14,ROOT_OK
bemreal_000209,1692806,test,14,7.7230945697878015,70.02839148212804,0.015025380567792006,0.04551568086916668,0,1,0.0499320349201189219347155493561237927288437164216370473863302,0.0499320349201189219347155493561237927288437164216370473863302,7.5398652504671667034e-70,0.934682567317906498128703465012,0.934682567317906498109428055551,-0.014214262673958499253797418886,0.0152075829495212033983654620968,0.0152075829495212033986790791455,3.97131030194231e-06,2.5334414103670625e-10,6.61513973717537e-17,ROOT_OK
bemreal_000210,1694559,dev,16,9.014301111423574,80.23210544047123,0.0031804171400014875,0.05565395024625853,0,1,0.0555400196490234030642779315173935543154375326985205612824022,0.0555400196490234030642779315173935543154375326985205612824022,1.0612240111727381744e-69,1.18307388568690369047200644461,1.1830738856869036904433497697,-0.0124019354656366267011326985516,0.0104828072157437130294966855886,0.0104828072157437130297506024421,1.5735448151144027e-05,2.6445260127837264e-10,4.1542845989352153e-10,ROOT_OK
bemreal_000211,1695034,dev,15,8.743644052086593,73.09811409715012,0.007858927170880537,0.06676536481042593,0,1,0.0602183274006054272555630835330608660391430569196629412552339,0.0602183274006054272555630835330608660391430569196629412552339,8.273232013950265604e-70,1.00202222535512185294747010243,1.00202222535512185293416222454,-0.0136042881886024840316515794738,0.0135768327731264184485538599565,0.0135768327731264184487341741533,2.7351874806402776e-05,2.186657936741204e-11,5.0166962237906234e-11,ROOT_OK
bemreal_000212,1695696,dev,14,8.873735342000671,69.87174096680107,0.01619764835126358,0.07458689997445223,0,1,0.0685575627871198358332479449974373415094162385881786615878257,0.0685575627871198358332479449974373415094162385881786615878257,2.8895034347796181596e-70,0.903295066774235462745150740067,0.903295066774235462725749251752,-0.0142205436253460139732273527491,0.0157429661119805688394370687834,0.0157429661119805688397752052177,2.1128406806347755e-06,4.850327696915387e-10,7.752791887805402e-17,ROOT_OK
bemreal_000213,1711709,dev,13,8.21642584563618,67.03589092691172,0.028517267754507362,0.07731539948475,0,1,0.0634236976534000707050117531703225097805110639717916011571434,0.0634236976534000707050117531703225097805110639717916011571434,2.0210371617644625151e-72,0.90281321115446257180529908327,0.902813211154462571771754617818,-0.0148300191968504022154140744925,0.0164264534608290418207165169496,0.0164264534608290418213268498444,8.887423348813428e-06,3.937715020730573e-10,2.6194422188061967e-11,ROOT_OK
bemreal_000214,1717927,dev,9,8.79618061926572,41.92131978147776,0.09364560667614853,0.13668444905191207,0,1,0.13727869898942988147130447052532304116722766829959880539718,0.13727869898942988147130447052532304116722766829959880539718,2.2814194345010890876e-70,1.10073257991059249388268080637,1.10073257991059249387293838598,-0.0234023968100430445120379621941,0.021260746921785412104824104182,0.0212607469217854121050122798915,7.963094798224546e-06,2.1963029173069e-10,4.354011596239529e-12,ROOT_OK
bemreal_000215,1745480,dev,5,7.517394671356754,25.496275224213818,0.17744027226834208,0.22836695057233836,0,1,0.221074080520571960798185503874859327709616255584387837081152,0.221074080520571960798185503874859327709616255584387837081152,1.4197462698100186563e-70,1.72737194050325026814431003131,1.72737194050325026808515203365,-0.0377014819336671533120166603795,0.021825920086836221952187117963,0.0218259200868362219529345989769,3.307267441554629e-05,1.2583665465502419e-10,2.746893465990404e-10,ROOT_OK
bemreal_000216,1758279,cal,3,10.305373114086914,16.993709045723524,0.23226867840700272,0.38432467185127356,0,1,0.38934839926199182349895750743051311144177481407248570769389,0.38934839926199182349895750743051311144177481407248570769389,1.2966875115129459399e-69,1.48477064423302456592987839876,1.48477064423302456591796932144,-0.0509330582914731163404770904099,0.0343036538938195240086259496957,0.0343036538938195240089010931114,5.067860554319736e-06,4.005374340644834e-11,2.753532455113282e-10,ROOT_OK
bemreal_000217,1759707,cal,3,9.936816321721667,17.733877247950325,0.2322728364747411,0.3624687061308932,0,1,0.363172243907860108042256040703027409218555601646644951124397,0.363172243907860108042256040703027409218555601646644951124397,1.39007479259254629e-69,1.66411218083698095056655148757,1.66411218083698095054314980446,-0.0497335615435383868553728062885,0.029885942856643487817414869628,0.0298859428566434878178351425953,1.6404169765671384e-05,2.980445476504322e-11,1.5968222996628023e-10,ROOT_OK
bemreal_000218,1764919,test,13,8.286387309311094,67.52551664608704,0.02886006721425153,0.07801470566757497,0,1,0.0637661941678039086951903094592865450826989632637812614831133,0.0637661941678039086951903094592865450826989632637812614831133,1.1087171319378754493e-70,0.902073141514613766082182191133,0.902073141514613766048693701987,-0.0147221557689664559192711834681,0.0163203570657778574806777090449,0.0163203570657778574812835846389,2.624555037034071e-05,7.276116413388741e-13,1.5066253026675232e-11,ROOT_OK
bemreal_000219,1784698,test,4,7.637743729989311,20.75388506791968,0.20040402622561324,0.26649304389716866,0,1,0.261490311491810780021044927804191045205217800527864383663813,0.261490311491810780021044927804191045205217800527864383663813,5.0696374339958059369e-70,1.79588716788989019679459056752,1.79588716788989019674264002542,-0.0454073093349164587890564385579,0.0252840546704660685414821509565,0.0252840546704660685422135556739,1.366821450110578e-05,1.6200319821106326e-10,1.7419303563641443e-12,ROOT_OK
bemreal_000220,1793324,dev,11,8.15912711574526,54.002047474987606,0.05454166018203012,0.08631312856244867,0,1,0.0894490397398481228883440752088689560867922359186834403498463,0.0894490397398481228883440752088689560867922359186834403498463,7.4678130908895500496e-71,0.936991577901678524965231645456,0.936991577901678524923182100493,-0.0183435674964257872509242154724,0.019577088982490977647367542016,0.0195770889824909776482461066722,4.552252421419212e-05,3.531212560590305e-10,5.711077195822334e-17,ROOT_OK
bemreal_000221,1801176,dev,9,7.638643996756661,48.02918419951778,0.09376965635146453,0.09117159191054741,0,1,0.0937688941377051617077986873798406437114770645566706023007336,0.0937688941377051617077986873798406437114770645566706023007336,1.6325626115711555639e-70,1.22994277408827877330920505948,1.2299427740882787732429768929,-0.020604346324631795312709976934,0.0167522804789883049810032439826,0.0167522804789883049819052963752,4.3671631494084254e-05,3.855513026852853e-10,7.980157422358869e-17,ROOT_OK
bemreal_000222,1804192,dev,16,7.318407801673876,79.64856476908899,0.003839640129516456,0.04820265269824849,0,1,0.0387455711672459137245793297831514701651890033040636709531943,0.0387455711672459137245793297831514701651890033040636709531943,6.261181065566838456e-70,1.21274347703026187677705714051,1.21274347703026187677023999645,-0.0125136536128342681227136280423,0.0103184670541188257771958812554,0.0103184670541188257772538840216,3.747351046157199e-05,2.8977339545709794e-10,3.39827012757409e-11,ROOT_OK
bemreal_000223,1807290,dev,3,7.8102222559497765,14.813724261087344,0.232278563432154,0.3523281977308527,0,1,0.345724809926426346127883514462035325732108606591950049746215,0.345724809926426346127883514462035325732108606591950049746215,1.5033222540688279392e-69,1.75735639132327683268353720816,1.75735639132327683265264479541,-0.060299391716224077101640699311,0.0343125572103328824923661246314,0.0343125572103328824929693020433,8.872806943394096e-06,7.427397607106859e-11,2.566402667203197e-11,ROOT_OK
bemreal_000224,1814911,dev,8,7.711055739776339,42.26286775920308,0.1143498582826148,0.1218852097320175,0,1,0.123076245639835602505549241937548779221342571002185268461713,0.123076245639835602505549241937548779221342571002185268461713,3.1956407030999140501e-70,1.38863977674062378398868890143,1.38863977674062378392983539972,-0.023315549861315922841983425163,0.0167902074042855991907483158286,0.0167902074042855991914599204627,1.4834035113375776e-05,1.8956128278404797e-10,3.234077425498595e-15,ROOT_OK
bemreal_000225,1834729,dev,4,8.651644078966696,19.969522006853182,0.20035599494319434,0.2945200877374008,0,1,0.296348521341593837869870479286474767536467561675667313352413,0.296348521341593837869870479286474767536467561675667313352413,1.4128229314181228946e-69,1.67929910313669228524744835219,1.67929910313669228521183063897,-0.0462415493182369012680545942298,0.0275362198621223895502937737364,0.0275362198621223895508778133399,3.337221035426552e-05,2.614353409775065e-11,6.3392647621846456e-12,ROOT_OK
bemreal_000226,1854656,cal,7,8.64133162195332,35.14808516014866,0.13631194807351063,0.17523953642428244,0,1,0.171217952952125594795448409692730952378246128407587568386903,0.171217952952125594795448409692730952378246128407587568386903,1.1891087599422205523e-69,1.38039566556279963809556351207,1.38039566556279963805654483871,-0.0276958581499963621406673690953,0.0200637098774897365986452604571,0.0200637098774897365992123872321,3.324298443252438e-05,5.7961956184656786e-11,3.825991063408314e-11,ROOT_OK
bemreal_000227,1855871,cal,15,9.042555446209878,75.72814262636032,0.007522639399782148,0.05635878206352925,0,1,0.0598832267814442629269711454548075141532609941709257055922352,0.0598832267814442629269711454548075141532609941709257055922352,2.1886669655886754372e-71,1.00240949827099997573817995212,1.00240949827099997572530221369,-0.0131321393144175458432649200223,0.013100573505207639943169619194,0.0131005735052076399433379194337,4.066657069001778e-05,4.745777468848222e-10,5.627819910732138e-11,ROOT_OK
bemreal_000228,1864088,test,4,9.12864325852229,20.328610390558744,0.2003540854426501,0.30175912590049886,0,1,0.305074406583421179727413193575530226919373645785915725153955,0.305074406583421179727413193575530226919373645785915725153955,2.733885801200384125e-70,1.62929052023227116755278946538,1.62929052023227116752192693248,-0.0451837593010037582126845711382,0.027732168535886635520400284602,0.0277321685358866355209255960509,3.2433924240571343e-05,2.0154948098440703e-11,5.765603178313556e-11,ROOT_OK
bemreal_000229,1868575,test,3,9.939791697847813,15.99479363468506,0.23227264726309782,0.3952256959665811,0,1,0.398078642866373949483740534003454773111568946150081542616109,0.398078642866373949483740534003454773111568946150081542616109,6.1569762766678365411e-70,1.48416429997099189419483496852,1.4841642999709918941837319018,-0.0537713603795334135623829681227,0.0362300591522005878672579514779,0.0362300591522005878675289893702,1.6233967595979948e-05,2.9061203531430648e-11,4.9872308681540174e-17,ROOT_OK
bemreal_000230,1869103,dev,4,9.605707045955764,19.402624651251887,0.2003930664603386,0.33607545147830603,0,1,0.331292151979393595736713955315437706943840563402912348224776,0.331292151979393595736713955315437706943840563402912348224776,1.4224385727282414643e-69,1.58442070734005462646082892541,1.58442070734005462643673877862,-0.0465723514203727372157533207128,0.0293939300367760185533107352185,0.0293939300367760185537576519282,3.485423630600337e-05,3.010263740184342e-11,5.933792866268135e-11,ROOT_OK
bemreal_000231,1892756,dev,10,9.304544365113381,52.06391014880733,0.07418192481947346,0.11756523673541171,0,1,0.109089116576454498535574742012990436777639862891414627649954,0.109089116576454498535574742012990436777639862891414627649954,3.0568796126398946862e-70,1.0073578156861200503443028593,1.00735781568612005034794226811,-0.0189510810974726205468931240806,0.0188126610052306752897667745935,0.018812661005230675289698807717,3.476364715293556e-05,4.735209897349427e-10,2.300836956017426e-11,ROOT_OK
bemreal_000232,1900117,dev,10,9.60585362694693,53.86288874854955,0.07322479711643008,0.09974089214214492,0,1,0.108131568013292786385948769747929612514594534388501364132209,0.108131568013292786385948769747929612514594534388501364132209,8.8614068500989425761e-70,1.00151740859407687152182800033,1.00151740859407687152652901674,-0.0183200599174573116583303980185,0.0182923030196498366880983217188,0.0182923030196498366880124595901,1.0652667742583333e-05,3.687160492998226e-10,6.71501133071123e-11,ROOT_OK
bemreal_000233,1904101,dev,16,7.38060639625094,80.8033825945121,0.0032274372558277775,0.04298748820112499,0,1,0.0381332748563629985774411771441057048690934900379887187228079,0.0381332748563629985774411771441057048690934900379887187228079,6.0901543793966898556e-70,1.21304852145546304046466572177,1.21304852145546304045933280365,-0.0123352808372204520487630535152,0.0101688272307690543569584823187,0.0101688272307690543570031874744,4.281779514170303e-05,1.7874889313621548e-10,1.278477021979477e-10,ROOT_OK
bemreal_000234,1911625,dev,9,9.927244927378368,47.251640729423,0.09415569163216096,0.14071907499609865,0,1,0.137789156846469645284223776462938620246710634022015336708556,0.137789156846469645284223776462938620246710634022015336708556,7.681059070661271325e-70,1.10243260272606016898333785671,1.10243260272606016897340278431,-0.0207609571308019529370869169921,0.0188319513405762134422637072688,0.0188319513405762134424334199565,1.3402357197822568e-05,2.62578243095741e-11,8.101803175359631e-13,ROOT_OK
bemreal_000235,1930463,dev,11,10.350357127918251,55.75971896398874,0.05555722097933623,0.13185253643638634,0,1,0.125369633805405708155019639146077809132395843946067363732305,0.125369633805405708155019639146077809132395843946067363732305,8.6937987008111297314e-70,0.990107061922176525076851765002,0.990107061922176525085940342693,-0.0176627536586747226247758193388,0.0178392361169352349992330919204,0.0178392361169352349990693386359,4.338738146492105e-05,4.662959050711935e-10,1.043318614394351e-12,ROOT_OK
bemreal_000236,1931714,cal,4,10.402450271830007,22.393476943646874,0.2004064194517426,0.3146441829250461,0,1,0.313852828421546908588320039300862151668122902466509838174559,0.313852828421546908588320039300862151668122902466509838174559,1.5238321625750863064e-70,1.59791891715612119584441773926,1.59791891715612119581691660551,-0.0407978695897520270676540560597,0.0255318772133704953597153104552,0.0255318772133704953601547292283,4.3517120484892757e-07,7.072703800352483e-12,4.997419411571909e-12,ROOT_OK
bemreal_000237,1938158,cal,5,10.774760011478676,25.360062701455565,0.17735267066612023,0.2934744891942778,0,1,0.299526017824734057995817743033154395778822042096967371898291,0.299526017824734057995817743033154395778822042096967371898291,1.2782999822527093478e-70,1.45032408944506132523513753676,1.45032408944506132521380718712,-0.0364827388907509473145797440426,0.0251548872119405856989065379399,0.0251548872119405856992764983806,1.71714610779361e-05,1.413715041777777e-10,1.7952243103987934e-10,ROOT_OK
bemreal_000238,1958007,test,15,9.983182059577798,73.34582483098319,0.0064156520192953734,0.06298655966619837,0,1,0.0762286097454447084365041829836391337641722266336506656681316,0.0762286097454447084365041829836391337641722266336506656681316,3.7923839912352231587e-70,0.9723641636464481857078742772,0.97236416364644818568154087343,-0.0135325237281277387475274388185,0.0139171354046817455724353980796,0.0139171354046817455728122996147,1.2167109709526613e-05,5.055177806667616e-10,2.5010269100205816e-12,ROOT_OK
bemreal_000239,1965324,test,5,10.826617152462683,26.324941464725327,0.17734878385727326,0.28459435191934684,0,1,0.29079515742326610550841200547081071365109945174610287714159,0.29079515742326610550841200547081071365109945174610287714159,9.9226761017070342538e-70,1.46284760770129792864672919688,1.46284760770129792862342523999,-0.0353059173645802079513429804398,0.0241350617649500240306457680466,0.0241350617649500240310302526887,1.5975451690408704e-06,3.295966374196896e-10,6.878457948425284e-11,ROOT_OK
bemreal_000240,1966449,dev,8,10.420185688087578,41.49114305851837,0.11421766153464027,0.1643065743945657,0,1,0.175303736755694281326172620613217378850637729641151646842439,0.175303736755694281326172620613217378850637729641151646842439,1.0241195929304016651e-69,1.21394932499293878040111408216,1.21394932499293878038204055341,-0.0234342470356552134196180933135,0.0193041394341493819664425740682,0.0193041394341493819667458800226,2.5713144330197224e-05,1.6719489702991614e-12,1.802820756590377e-10,ROOT_OK
bemreal_000241,1968843,dev,5,10.342582830179804,26.973059697231864,0.17738515699850968,0.2665490504570471,0,1,0.273377553514517388609906952055226992800745532203899804914673,0.273377553514517388609906952055226992800745532203899804914673,7.2761817187402588319e-70,1.51922694823422729675699258749,1.51922694823422729672717758465,-0.034765987656625288654908523231,0.0228839987975682165674458869768,0.0228839987975682165678949880739,4.079802718592873e-05,2.925464669411003e-10,2.837777034480059e-10,ROOT_OK
bemreal_000242,1974000,dev,11,8.664497462812989,57.18509959620423,0.05576734574034867,0.10118629842849734,0,1,0.0906736937474659878700123094948789900338482161806290158281535,0.0906736937474659878700123094948789900338482161806290158281535,8.3943914911733820092e-70,0.940865771951641037071566997253,0.940865771951641037090220730191,-0.017320592174681614526238534236,0.0184092063831309878443130758068,0.0184092063831309878439480923738,1.3580977284544105e-05,5.184746345599478e-10,1.7540361358887938e-17,ROOT_OK
bemreal_000243,1975815,dev,7,9.536072683828527,38.804793591705,0.13613602724846874,0.16690199755224525,0,1,0.171042805202675387004228042874893847460134387697410615473833,0.171042805202675387004228042874893847460134387697410615473833,1.0818791315526333289e-69,1.36851694918344574426484938252,1.36851694918344574422714578754,-0.0250867488717074204272376381013,0.0183313395472931144535008499733,0.0183313395472931144540058911437,1.1053200395849672e-05,1.4232158950704231e-10,4.197292578628261e-13,ROOT_OK
bemreal_000244,1976854,dev,9,10.232591171745069,44.5440464693638,0.09427319076397593,0.1633197752126481,0,1,0.155360425906482778180549210326024523509092302834588658852181,0.155360425906482778180549210326024523509092302834588658852181,4.2524620562323266413e-70,0.988230883412768791243575301921,0.988230883412768791250150528473,-0.0219342006512103089138199875877,0.0221954211504324458097449494458,0.0221954211504324458095972714842,4.075582767493202e-05,2.02064730071004e-10,6.769822363820386e-13,ROOT_OK
bemreal_000245,1981756,dev,15,8.473926243887654,71.27163889937071,0.006698508921687915,0.05015605275927585,0,1,0.0590589593880567130361304098427755730757676558487231389958916,0.0590589593880567130361304098427755730757676558487231389958916,2.5150711555736773103e-71,1.00328358273122781593461695978,1.00328358273122781592279816722,-0.0139541184047401205242663327127,0.0139084488622379109555625090291,0.0139084488622379109557263521087,3.285258532370605e-05,2.1884536556311404e-10,4.792427703455448e-10,ROOT_OK
bemreal_000246,1985552,cal,3,9.783454957112674,11.651085863952883,0.2322784303607994,0.5475893385620919,0,1,0.546437923714863382649738717947470152848909307420567667718242,0.546437923714863382649738717947470152848909307420567667718242,5.6618325444263508596e-70,1.2068141825754331220770455677,1.20681418257543312208243099362,-0.0664963891702697490647318985522,0.0551007687267657098907409683888,0.0551007687267657098904950804033,1.3063158800008523e-05,1.1917239429904224e-10,4.7129091299872166e-14,ROOT_OK
bemreal_000247,2000711,cal,15,7.719153726048765,75.46982173804516,0.008416463577774041,0.056461274965259406,0,1,0.0433224107364580555991837124023222391698493592456603966494824,0.0433224107364580555991837124023222391698493592456603966494824,4.4031059961957588058e-70,1.01027065971829925404302593454,1.0102706597182992540447349712,-0.0131980524699931252872309097614,0.0130638778262383957740325138934,0.0130638778262383957740104142255,3.6547859513680336e-05,1.5645579706550365e-10,7.195051474964593e-13,ROOT_OK
bemreal_000248,2001991,test,3,9.991167614089326,10.972027714698708,0.2322702650784193,0.5967866891426507,0,1,0.590063105860505662560074804161084594063508658840718131569504,0.590063105860505662560074804161084594063508658840718131569504,4.3415339974794992313e-70,1.22170298629334497327050715228,1.22170298629334497327643122302,-0.0681387403273900831496959879005,0.0557735727029066833728448786164,0.055773572702906683372574431058,1.9716810822245634e-05,3.390978245767139e-10,1.8021938200738705e-14,ROOT_OK
bemreal_000249,2010229,test,13,8.98501276418274,65.08973421775691,0.02869429163750136,0.09046363701070169,0,1,0.0810538808847314050946118551739855303071855020500204953929815,0.0810538808847314050946118551739855303071855020500204953929815,3.7878445533868019379e-70,0.851401541699480453314693667776,0.851401541699480453286359069064,-0.015243054538148575928470643072,0.0179034847737319731760127113568,0.0179034847737319731766085383923,1.6519095149547525e-05,1.1161765670210084e-10,3.061294566789979e-17,ROOT_OK
bemreal_000250,2031667,dev,14,9.9758998539091,70.2316033703727,0.015038717077814562,0.07053444780636195,0,1,0.0848522554502816721028620476233796450435222527471041833379824,0.0848522554502816721028620476233796450435222527471041833379824,7.1356240091405150384e-70,0.868990810863048013354336361826,0.868990810863048013412029664705,-0.0141194304006057767787383239273,0.0162480779130252314349278633962,0.0162480779130252314338491347508,2.1101616987095895e-05,3.738691062575703e-11,1.149362680179434e-17,ROOT_OK
bemreal_000251,2041807,dev,5,9.129920703318318,26.82916814220978,0.17743743041396542,0.25288696725426707,0,1,0.247249911281206676065255488872731879350002564984191290593976,0.247249911281206676065255488872731879350002564984191290593976,1.4075866306252721823e-69,1.6170547191696439569914095221,1.61705471916964395694901070616,-0.0354010965923340231901799038533,0.0218923306506983587058386458051,0.0218923306506983587064126578573,3.9499386331964814e-05,7.588711180174537e-11,1.818120835145179e-10,ROOT_OK
bemreal_000252,2049583,dev,12,7.811571833413645,65.3637841273926,0.04078329885148881,0.05250610426821905,0,1,0.0582361940990313843467932820403839032173697896125873175512261,0.0582361940990313843467932820403839032173697896125873175512261,7.6966611793367409431e-70,0.988105412779084223864468653898,0.988105412779084223813155056673,-0.015215297400382524354028176759,0.0153984556744699121900694154224,0.0153984556744699121908690772218,2.276203375295438e-05,3.491071608298254e-10,3.2715902082224396e-14,ROOT_OK
bemreal_000253,2085278,dev,7,9.399229256571843,34.86410583569971,0.13600476477552545,0.1797193262648413,0,1,0.188364850295520164203638216922320005702657332936608807518584,0.188364850295520164203638216922320005702657332936608807518584,4.5142178515213748522e-70,1.30898254142987768615211945639,1.30898254142987768612501031416,-0.0277720278871068409507407166359,0.0212164998448106429627365945961,0.0212164998448106429631759901524,1.1919931319326338e-05,1.8836568419420878e-10,8.18833057239903e-11,ROOT_OK
bemreal_000254,2105011,dev,3,9.548000088363857,13.488258037266613,0.23226513638928756,0.45653116614178013,0,1,0.459157158969042937183447738818781731634735953020014574544155,0.459157158969042937183447738818781731634735953020014574544155,4.4479092990479911213e-70,1.12872707436133966684357578283,1.12872707436133966684965463858,-0.0612638706920990999092282595944,0.0542769568336647185001152070401,0.0542769568336647184998228938683,4.470113876209325e-05,1.3604781017656592e-10,2.5433249319371406e-12,ROOT_OK
bemreal_000255,2105385,dev,3,9.051729404960046,17.74737930387893,0.23227321193237874,0.33770040386765543,0,1,0.336993229005069605334077669525607845823524108364617769198689,0.336993229005069605334077669525607845823524108364617769198689,2.0923075486136447389e-70,1.77414305001657513781868618322,1.77414305001657513778532048642,-0.0506531534909870252110359284506,0.0285507718729410191767862585895,0.0285507718729410191773232031148,1.500928813591429e-05,7.035898509700804e-11,8.465239827992371e-12,ROOT_OK
bemreal_000256,2121544,cal,12,8.017722666971151,58.87706448570583,0.040828584519775,0.08137194596500653,0,1,0.0757356924506357813060926834538015240826620305361998066792157,0.0757356924506357813060926834538015240826620305361998066792157,7.4924485321721291834e-70,0.910773109435033763349999088749,0.910773109435033763309899817472,-0.0168584666192572201221362355225,0.0185100618854620994747246963366,0.0185100618854620994755396523176,2.995912027170533e-05,8.184138551011448e-11,5.6844482927783295e-12,ROOT_OK
bemreal_000257,2122250,cal,4,7.597768207975938,17.536631898446487,0.20036477668712638,0.2966515482683965,0,1,0.296358533350251537889542318335156090380150009191255352416133,0.296358533350251537889542318335156090380150009191255352416133,1.4938024016266079025e-69,1.67929567912463419959462571775,1.67929567912463419955900973927,-0.0526565415783817294299302092885,0.0313563252933694108104487031956,0.0313563252933694108111137356974,3.711676420348198e-05,1.3880875061992402e-10,6.30600292702478e-12,ROOT_OK
bemreal_000258,2129111,test,14,9.150297953928593,71.73584386292245,0.017340383947713183,0.0772249748955102,0,1,0.0696995699911098254252828171233817695661354063632094874693313,0.0696995699911098254252828171233817695661354063632094874693313,7.1960881698032737651e-71,0.901477937303937315080733080593,0.901477937303937315060562421324,-0.0138497973069520655996315325824,0.0153634345709811249054551350174,0.015363434570981124905798893407,3.962291718151434e-05,7.495179144339725e-11,3.393081981712177e-11,ROOT_OK
bemreal_000259,2132298,test,5,7.249886794491952,25.991255034892973,0.1773883652736691,0.21287150163273239,0,1,0.212294399137107297541999202161465748824355316684381793716745,0.212294399137107297541999202161465748824355316684381793716745,1.2967835825570043908e-69,1.77559294706258958901668799885,1.77559294706258958894993551517,-0.0371259632683721419409709714121,0.0209090508777873924725615837169,0.0209090508777873924733476484958,3.1580084259186236e-05,1.7995261342647668e-10,2.2699214212940345e-17,ROOT_OK
bemreal_000260,2134659,dev,3,6.9129985521414365,13.554088553267109,0.2322711090341378,0.33986399371940657,0,1,0.336991254446408465458309911716020231500559123241913927579069,0.336991254446408465458309911716020231500559123241913927579069,6.4372467727692868552e-70,1.77414260989047018208711675643,1.77414260989047018205375084473,-0.0663239978419529896028801852571,0.0373836902807083915267881415978,0.0373836902807083915274912084775,2.2362609933601618e-05,8.500071054463897e-11,8.561780543411622e-12,ROOT_OK
bemreal_000261,2140699,dev,8,8.784760633337035,42.55776750823337,0.11446589800380563,0.14074587097320548,0,1,0.14064608320162899726559780052452171483484172182823772164594,0.14064608320162899726559780052452171483484172182823772164594,3.4439786494499516077e-71,1.32162812399515352378425975994,1.32162812399515352374319707458,-0.0230579396936201444142991183757,0.0174466169983718498930996242365,0.0174466169983718498936416866603,1.4118706161525552e-05,5.610596236405254e-12,2.2112986974601842e-16,ROOT_OK
bemreal_000262,2141480,dev,7,6.150160661560249,34.22262361020732,0.13611425224735668,0.13001772004806889,0,1,0.12738823172150729176242708462589630805396868458720915275257,0.12738823172150729176242708462589630805396868458720915275257,1.3977833801223022087e-69,1.6603769470008538784455492158,1.66037694700085387834629810249,-0.0287963183767226855364388062003,0.0173432415023212656760308654609,0.0173432415023212656770675794617,3.585192433908091e-05,1.699201030194301e-10,6.356340035748021e-16,ROOT_OK
bemreal_000263,2147649,dev,5,7.246377890800695,23.353959004944002,0.17734153976001052,0.22748071738905631,0,1,0.229702200021135769902746195899882353653810122795241805687358,0.229702200021135769902746195899882353653810122795241805687358,1.4140677498800880581e-69,1.65736529906010108299518159625,1.65736529906010108294481785195,-0.0409996372911459492905818449956,0.0247378398198616914124535615317,0.0247378398198616914132052909422,4.48455205810383e-05,1.3037153395720675e-10,6.935415021400021e-13,ROOT_OK
bemreal_000264,2151941,dev,13,7.138764274391635,67.62997923133275,0.027228377691527885,0.04176806330433553,0,1,0.0446823842162011406759270418133956874136448357984738228259033,0.0446823842162011406759270418133956874136448357984738228259033,9.9022031492926098098e-71,0.974974248383724528536352696868,0.974974248383724528487304634478,-0.0147246518967062312259185520226,0.0151026059622766476119004490616,0.015102605962276647612660216369,4.091449449750151e-05,3.1582341777972485e-10,8.791080882638687e-11,ROOT_OK
bemreal_000265,2157679,dev,5,7.859889979219053,25.32928298099559,0.17737413137841798,0.2277087023492938,0,1,0.229734075138378816741956701627317264221788367028426594339182,0.229734075138378816741956701627317264221788367028426594339182,3.6046085655962493569e-70,1.6573418474662462220802773881,1.65734184746624622202992338739,-0.0378019676203661792743420772739,0.022808793296421040390031140461,0.0228087932964210403907241260364,3.793019361708616e-06,2.683669134992414e-10,5.455095561387779e-13,ROOT_OK
bemreal_000266,2163687,cal,12,8.370957378645329,61.47647999114662,0.040796669862623224,0.07433078845069044,0,1,0.0757039288280069598468465295097270616765640415972314967904362,0.0757039288280069598468465295097270616765640415972314967904362,2.4651021091974508187e-70,0.910854977551097665494171390311,0.9108549775510976654540681197,-0.0161456778768722679874743203476,0.0177258490921146868080492895469,0.0177258490921146868088297261043,3.86127510942913e-05,1.017005076076664e-10,5.857302273143022e-12,ROOT_OK
bemreal_000267,2174003,cal,9,7.026853584022156,44.21286903839516,0.0934521013724723,0.09399027214454896,0,1,0.0934527226675790515190834155031861326722353314430283309246158,0.0934527226675790515190834155031861326722353314430283309246158,6.7057919110967407317e-70,1.21640225422971589677305983135,1.21640225422971589670841831458,-0.0223835142878534869476135116527,0.0184014080950777249917572821499,0.0184014080950777249927351617336,3.5599103752155395e-05,1.6905664171855567e-10,2.6464481417008918e-11,ROOT_OK
bemreal_000268,2178403,test,6,8.157173321991174,31.501167971560697,0.157355122380951,0.1896523077687,0,1,0.192262283653273307222399632865451353800938131738655140653403,0.192262283653273307222399632865451353800938131738655140653403,3.4366830068236665509e-70,1.55911937955113671233766387482,1.55911937955113671228508642051,-0.0307887320748959851115778119954,0.0197475141921203745508003401561,0.0197475141921203745514662763498,3.3016216700154644e-05,2.3500891059789245e-11,9.252261006174369e-12,ROOT_OK
bemreal_000269,2181376,test,4,7.101040907884643,19.29757990044336,0.2003522778711354,0.25951675812900327,0,1,0.261438271354139464983726453689724155061112098526844198928672,0.261438271354139464983726453689724155061112098526844198928672,1.0890187350044007462e-69,1.79593159411655380753218481924,1.79593159411655380748021928312,-0.048834704327591375003589120129,0.0271918510078964963265582520326,0.0271918510078964963273450521091,3.038614149009078e-05,7.528580274536473e-11,1.4185015807107232e-12,ROOT_OK
bemreal_000270,2187665,dev,3,7.120214149413406,15.615512618306003,0.23227234509216002,0.3120335066873818,0,1,0.310812511983098025605150037960306431293742468324661013929257,0.310812511983098025605150037960306431293742468324661013929257,4.2664746330634570356e-70,1.93862894438041065473552912328,1.93862894438041065468696496489,-0.0586685992817228115414414040074,0.0302629337356114853843116388775,0.0302629337356114853850697488353,2.0085594007568375e-05,2.095259319691056e-10,8.554470274484405e-12,ROOT_OK
bemreal_000271,2215313,dev,9,7.980815038824494,44.386439779596614,0.09348930618351942,0.1135810530584047,0,1,0.110942490833043151644428945647607895876677692243161932640501,0.110942490833043151644428945647607895876677692243161932640501,2.8886424309633663645e-70,1.15707802144874722098421993329,1.15707802144874722096034877786,-0.0222236263829229436944923128348,0.019206679213470255497241142906,0.0192066792134702554976373872528,6.180519763865355e-06,2.2163199195803033e-10,1.9570913028138332e-16,ROOT_OK
bemreal_000272,2219336,dev,3,7.475365916740101,14.17872476142659,0.2322722485945987,0.34465665118765876,0,1,0.345718652302396663996146373810712257743915483443792072621993,0.345718652302396663996146373810712257743915483443792072621993,4.0566364449926957621e-70,1.70474875670209642327697007066,1.70474875670209642324885040723,-0.0630000662022292572737728939668,0.0369556311183973908971739367342,0.0369556311183973908977835162425,1.3672311549584037e-07,2.7727627194662086e-10,5.810198211830422e-11,ROOT_OK
bemreal_000273,2229298,dev,3,7.924567767327438,12.752095023495745,0.2322658274750832,0.39833071784083124,0,1,0.398071464406498394790171752994103999993745021727291801264058,0.398071464406498394790171752994103999993745021727291801264058,2.071656572608960522e-71,1.48415703148230399839074830606,1.48415703148230399837964518471,-0.0674449713094305601307641329077,0.0454432852311253053409421589546,0.0454432852311253053412821245376,3.678435144038872e-05,4.871627155675157e-11,2.5925264906427295e-16,ROOT_OK
bemreal_000274,2237428,dev,7,7.981872700802778,36.179932441925146,0.13603181585489668,0.15701530542945052,0,1,0.153484441714622630797660774363267170351945623032049417950823,0.153484441714622630797660774363267170351945623032049417950823,2.897241496213266367e-70,1.45183712882466425495156229796,1.45183712882466425489773550946,-0.0270453715427973148615562009874,0.0186283784908379591959667853928,0.0186283784908379591966574315881,3.8212903080814264e-05,9.157820674320449e-12,2.8075815943742303e-10,ROOT_OK
bemreal_000275,2256483,dev,5,7.532946745383372,25.55040746607808,0.17742115537653064,0.2197748470267522,0,1,0.2210542631516536584956259824008908818594726710620520020447,0.2210542631516536584956259824008908818594726710620520020447,3.1838477557158273599e-70,1.72739964610228181692230311492,1.72739964610228181686313681404,-0.0376217816503872373980931806063,0.0217794311439609948890510861147,0.0217794311439609948897970677288,7.064882835638997e-06,1.7291923029343828e-10,2.1926846868975466e-10,ROOT_OK
bemreal_000276,2261165,cal,12,8.284572623749067,60.758999285358655,0.04128398363098359,0.06869502067357643,0,1,0.0761902109242643309375908368032029112531612675441620148723437,0.0761902109242643309375908368032029112531612675441620148723437,5.1732912413632234013e-70,0.909600014914623122676272485792,0.909600014914623122636229709291,-0.0163357245203887706914255042426,0.0179592395036647778412331413507,0.0179592395036647778420237501917,2.049751371568931e-05,7.122010413563526e-11,2.4969658444306855e-12,ROOT_OK
bemreal_000277,2264328,cal,13,8.293367730361481,67.7835355498865,0.028015077329069656,0.05196137538907824,0,1,0.0629217979481642363500995739598831093686757106500006648028575,0.0629217979481642363500995739598831093686757106500006648028575,7.2117606599725260678e-70,0.903897726058541262343938183345,0.903897726058541262310305322883,-0.0146669262398137049922573224043,0.0162263116910018603395400856339,0.0162263116910018603401438456182,7.770121072336877e-06,6.521950321721729e-11,3.498800535658401e-11,ROOT_OK
bemreal_000278,2265855,test,10,7.417076989608984,52.74497253900995,0.07361403363954136,0.06499228588149375,0,1,0.0736138757415228080415816740550012851882137967957191953677935,0.0736138757415228080415816740550012851882137967957191953677935,4.1694207237084849217e-70,1.17588215649474551680790816041,1.17588215649474551674417722226,-0.0188128088556123442764728894282,0.0159988896435783360517361537131,0.0159988896435783360526032680244,9.046386232622724e-06,7.989321965889061e-11,8.793385305507537e-12,ROOT_OK
bemreal_000279,2268813,test,10,6.994407240887166,53.817994854211975,0.07344149404701714,0.06506177387580259,0,1,0.0647155830609341891250216981010258635244999604820768598390952,0.0647155830609341891250216981010258635244999604820768598390952,4.0754528545045605299e-70,1.23486292224806964517443110373,1.23486292224806964509989086355,-0.0184604034785840642851581469521,0.0149493544149636256062527604739,0.014949354414963625607155150892,4.212809081022284e-05,1.4191511086797635e-10,3.517280524823081e-15,ROOT_OK
bemreal_000280,2270953,dev,8,6.458516609958494,41.29022797990517,0.11421024512245594,0.11032605682910714,0,1,0.10548336397331951525702192373217186364462362443252873643718,0.10548336397331951525702192373217186364462362443252873643718,1.3401871264139441448e-70,1.53171276254990006754669257009,1.53171276254990006744981100005,-0.02395741437586420182812416215,0.0156409314863848164159044598874,0.0156409314863848164168937563379,1.3458378374853197e-05,1.2321569792961368e-10,3.849847392435042e-12,ROOT_OK
bemreal_000281,2280288,dev,10,9.224147060118355,49.244558168494535,0.07341951589751462,0.10912341468304008,0,1,0.11705327798832878179386135388771151930803055456009850115344,0.11705327798832878179386135388771151930803055456009850115344,6.4145003753698552506e-70,1.00797232692544067788426634906,1.00797232692544067788820974488,-0.0200060680429546979258879148298,0.0198478346166288541573909245673,0.0198478346166288541573132757411,3.04120990071155e-05,6.847443907926071e-11,3.0419648538732144e-13,ROOT_OK
bemreal_000282,2286508,dev,8,8.78817096117703,42.572482604400726,0.11448091945558107,0.13443297888615685,0,1,0.140661130693029590692102361287724467309182564289815304770707,0.140661130693029590692102361287724467309182564289815304770707,6.3329229464577204889e-70,1.32164750107894675644216165693,1.32164750107894675640110096499,-0.0230499201417522180179001649773,0.0174402933633476929832776238157,0.0174402933633476929838194555163,1.5610666780574434e-05,7.549723015239716e-11,1.7709874465646218e-16,ROOT_OK
bemreal_000283,2287085,dev,7,8.050275053400481,36.49294941552516,0.13600021377431776,0.16128227332441583,0,1,0.153453933684400918423496004882132530607192839094177197237957,0.153453933684400918423496004882132530607192839094177197237957,8.063958788014097708e-70,1.42576579459258855054475164193,1.42576579459258855049425142209,-0.0268135148789341311844314096082,0.0188063951180678113255701461118,0.01880639511806781132623626329,2.4488164397151735e-05,1.4186825169037984e-11,8.956634202117488e-12,ROOT_OK
bemreal_000284,2291672,dev,4,7.960066515967095,19.074546674789143,0.200368353533333,0.288721132693526,0,1,0.287634025353913576885563445601521019605686826842786772694626,0.287634025353913576885563445601521019605686826842786772694626,6.1837656427718946182e-70,1.70299571187358827678823116172,1.7029957118735882767492740253,-0.0486640103278375458680348001902,0.0285755330964977956729335671128,0.0285755330964977956735872510495,4.530806929903264e-05,8.892850255255258e-13,4.1489070602234344e-12,ROOT_OK
bemreal_000285,2293190,dev,9,7.750856755397564,45.72836239612677,0.09352831776783219,0.10952974553455468,0,1,0.10225443946458040572142732686247580347015884100925268814791,0.10225443946458040572142732686247580347015884100925268814791,7.5777267903186698951e-71,1.17896520533938739797676207816,1.17896520533938739794606860194,-0.0216072872303752093338416849393,0.0183273324204297816166821211937,0.0183273324204297816171592595683,3.005525877913806e-05,9.024252296008681e-12,1.9301840171578018e-16,ROOT_OK
bemreal_000286,2300326,cal,5,8.002476673531694,22.548223871535633,0.177395015196573,0.25183994015700645,0,1,0.25593513898033098714696430679020027008428227591516785036071,0.25593513898033098714696430679020027008428227591516785036071,1.2325430728942990648e-69,1.56348286990424309544384651957,1.56348286990424309540750153553,-0.0419470321341638494674741394711,0.0268292239982987040396514807617,0.0268292239982987040402751573858,1.7615504982693153e-05,2.0498286164089374e-10,4.54819752898251e-12,ROOT_OK
bemreal_000287,2334228,cal,9,8.158195063258507,48.087790358355214,0.093938011816421,0.09747822691515542,0,1,0.102664632402347697731185060903057829283085700322953466787715,0.102664632402347697731185060903057829283085700322953466787715,9.0123445701803371613e-70,1.18093168678821657685733471691,1.18093168678821657682639018058,-0.0205462520546143523822461115593,0.0173983408900594878973265418088,0.0173983408900594878977824391294,1.471014398624071e-06,2.861088540691035e-10,3.5170244183665e-16,ROOT_OK
bemreal_000288,2340080,test,13,8.346739999120059,68.28004657978573,0.027765197399895008,0.05594310994588417,0,1,0.0626722814385333984672271333673359187040699780454620253143822,0.0626722814385333984672271333673359187040699780454620253143822,4.9714735803273437539e-71,0.904436687487109997560786620095,0.904436687487109997527107112537,-0.0145605084883291183272640048523,0.0160989803816827523636393220506,0.0160989803816827523642388175586,2.8590522477944802e-05,1.4832734848100267e-10,3.0723248448448626e-16,ROOT_OK
bemreal_000289,2341841,test,6,6.6280854945476815,28.84487640782428,0.15736478132125628,0.17044059261199485,0,1,0.174817456113660558732036029919148740379427414237855940241301,0.174817456113660558732036029919148740379427414237855940241301,1.5008713388817314253e-69,1.68574218136698102405128583966,1.68574218136698102397793548046,-0.0338317382601817839420964709824,0.020069343126211252970719151159,0.0200693431262112529715924125292,3.5392537142797664e-05,1.7994278730826355e-10,1.1235239376517861e-11,ROOT_OK
bemreal_000290,2355042,dev,15,6.260343510849712,74.50945301084062,0.007318067545390885,0.0226305585738045,0,1,0.0247718588519862554359365891778610436253017020089135073966796,0.0247718588519862554359365891778610436253017020089135073966796,6.2943151424146189967e-70,1.00131416410007771709747617297,1.00131416410007771709135703099,-0.0133851226013594129062605194645,0.0133675554398945049524555896941,0.0133675554398945049525372803089,2.8578877070639663e-05,1.8110021933578663e-10,8.849332170904613e-12,ROOT_OK
bemreal_000291,2356348,dev,12,9.350713572304322,61.480281692751674,0.04157619257421776,0.0881650530501285,0,1,0.0939356535257327986687324161718858787088363637242202981299557,0.0939356535257327986687324161718858787088363637242202981299557,7.3506004524179902239e-70,0.898121924352148607538065193396,0.898121924352148607570528123557,-0.0161066110406156501613868011475,0.0179336575624005562330788316992,0.0179336575624005562324306133925,2.3869898096773312e-05,3.1044404566467937e-10,9.434953175835292e-16,ROOT_OK
bemreal_000292,2357618,dev,7,7.334225269136686,35.327247089526864,0.13623960235831922,0.14213748894356246,0,1,0.144966729110437357362408577013908235415176075361699116917781,0.144966729110437357362408577013908235415176075361699116917781,4.6717463271734167667e-70,1.4994904353935589656115640511,1.4994904353935589655474963319,-0.0277652926365415949853335244159,0.0185164853213980429128128459977,0.0185164853213980429136039874109,2.752988662557687e-05,1.1046109975436859e-10,4.9821686093819584e-12,ROOT_OK
bemreal_000293,2363049,dev,15,6.145068715461979,73.74031532433781,0.0061508440827072524,0.03415940799446504,0,1,0.0236044213776394358964408587869566336368743737190316004632349,0.0236044213776394358964408587869566336368743737190316004632349,2.5427940040351958608e-70,1.00012153474696255402763361233,1.00012153474696255401842730368,-0.0135251745741493299585292282088,0.0135235309952317842071971913391,0.01352353099523178420732167801,1.632375046667356e-05,8.674694761719196e-12,1.2820302967088553e-10,ROOT_OK
bemreal_000294,2374365,dev,9,6.9731139820725705,47.120937379664056,0.09387683518417886,0.07921015845795237,0,1,0.0851497978772695729644272578495316850349289183752686554341832,0.0851497978772695729644272578495316850349289183752686554341832,4.0058104205915148486e-70,1.27568827932410435206072177556,1.27568827932410435198474171729,-0.0210332218528115545646521196691,0.0164877440623312373934473072555,0.0164877440623312373944293181236,2.2405352606669204e-05,3.441436136276412e-10,2.3542003799298394e-13,ROOT_OK
bemreal_000295,2399593,dev,9,6.904387664099261,46.65288315991778,0.09390515176263486,0.07887148032035893,0,1,0.0851791221252421782264657671285617334349036247899477637549807,0.0851791221252421782264657671285617334349036247899477637549807,1.0082902332823310491e-69,1.29044096992881233956956012641,1.29044096992881233949162589056,-0.0212441865339771670716501035671,0.0164627340800789288293438112881,0.0164627340800789288303380532802,3.5331478330569155e-05,3.2667801349000216e-10,2.8047504279917208e-11,ROOT_OK
bemreal_000296,2407328,cal,9,6.350294721207327,46.54392722724775,0.0938176345026318,0.06866450675900516,0,1,0.076364950710985138989516227396455882786817511132212982842963,0.076364950710985138989516227396455882786817511132212982842963,8.2070524455494033187e-70,1.34664080649041102167825060687,1.34664080649041102158656329144,-0.0213245301149455366327096281857,0.0158353512029099360818393703847,0.0158353512029099360829175352775,3.4877574829672575e-05,1.7819764342660207e-10,2.1924894470047003e-13,ROOT_OK
bemreal_000297,2413272,cal,3,4.226038252362224,15.896353889231126,0.23227648955054508,0.23186649490333763,0,1,0.232277206225731366400614701178710543582057863728071456643637,0.232277206225731366400614701178710543582057863728071456643637,2.1143903023023650916e-69,2.7272228163582830003514277605,2.72722281635828300020957945169,-0.0608188816998756941291862077564,0.022300664740363386962870553998,0.0223006647403633869640304561372,4.10624634826144e-05,1.567660374442499e-12,4.695528816280603e-16,ROOT_OK
bemreal_000298,2439337,test,7,5.466454482191523,36.63006434689257,0.13602112188127335,0.11269581977008089,0,1,0.109840581286262944575980642165679008145384946712980758063264,0.109840581286262944575980642165679008145384946712980758063264,1.620288877801686494e-69,1.84622741208001849361028724069,1.84622741208001849345999436921,-0.0270207842730443323996030489685,0.0146356749424502682759096370179,0.0146356749424502682771010599156,3.448905960312665e-05,1.500763898533249e-10,1.3255052020889465e-10,ROOT_OK
bemreal_000299,2447925,test,10,7.327824902915277,52.13779835782894,0.07343112256048256,0.06568727717970253,0,1,0.0734307686308199340786991005705623663622407979636828729316706,0.0734307686308199340786991005705623663622407979636828729316706,2.1810666163280231591e-70,1.17626946212669964369611472246,1.1762694621266996436323739364,-0.0190321529236054604447794965173,0.0161800960888632234467986441125,0.0161800960888632234476754262414,2.0277913578143802e-05,3.789729528803938e-10,1.3305257034881697e-11,ROOT_OK
