sample_id,branch,e,M_rad,orekit_E_rad,mpmath_E_rad,absolute_error,orekit_residual
kepler_0000000,difficult,0.9999999944459812,3.3264331109642693e-08,0.0058420999870762271,0.005842099987057597,1.863006277025292e-14,2.8657506885777133e-19
kepler_0000001,high_e,0.90744631114140994,1.6448262182461104,2.3133698703318122,2.3133698703318122,0,2.2204460492503131e-16
kepler_0000002,ordinary,0.7170206841023713,1.0657379255843633,1.7687552247078564,1.7687552247078564,0,0
kepler_0000003,ordinary,0.47283590958521365,2.6279484944182254,2.7905471727464262,2.7905471727464262,0,4.4408920985006262e-16
kepler_0000004,difficult,0.9999999799100906,0.0014701504011163649,0.20676644804373687,0.20676644804373698,1.1102230246251565e-16,8.6736173798840355e-19
kepler_0000005,high_e,0.92550836865474206,2.4666608994130499,2.7875380944125365,2.7875380944125361,4.4408920985006262e-16,4.4408920985006262e-16
kepler_0000006,ordinary,0.46594830018676014,2.7821557832015826,2.8956159427894912,2.8956159427894912,0,0
kepler_0000007,ordinary,0.27002773477125219,2.4041418069512104,2.5538645622804359,2.5538645622804363,4.4408920985006262e-16,4.4408920985006262e-16
kepler_0000008,difficult,0.9999999999721727,1.3907257958617533e-06,0.020283076997077553,0.020283076997081952,4.3992587350771828e-15,4.2266944067989587e-19
kepler_0000009,high_e,0.9263906419151392,2.161974465567067,2.6219734249194557,2.6219734249194557,0,4.4408920985006262e-16
kepler_0000010,ordinary,0.25739585329276976,2.3060586474112466,2.4668524198286828,2.4668524198286828,0,0
kepler_0000011,ordinary,0.85086619062026858,1.302589111344518,2.0554617810292597,2.0554617810292597,0,2.2204460492503131e-16
kepler_0000012,difficult,0.9999999898036328,4.2368985568738049e-05,0.063351944631743262,0.063351944631744164,9.0205620750793969e-16,6.4374503991326826e-19
kepler_0000013,high_e,0.94267882293566962,0.64723137302036016,1.589741036348516,1.589741036348516,0,0
kepler_0000014,ordinary,0.35046689108234341,0.4709218590124743,0.69548674808899646,0.69548674808899658,1.1102230246251565e-16,0
kepler_0000015,ordinary,0.78672896162674189,2.9838862620484212,3.0532766967370999,3.0532766967370999,0,4.4408920985006262e-16
kepler_0000016,difficult,0.99999999711403764,9.8219666708646107e-07,0.018062502248829604,0.018062502248830842,1.2385925618474403e-15,1.0001341524705151e-18
kepler_0000017,high_e,0.97602240789299199,0.042328865999537987,0.56446844781470862,0.56446844781470862,0,1.3877787807814457e-17
kepler_0000018,ordinary,0.66524180592553073,2.1425522858089829,2.5264478761721518,2.5264478761721518,0,0
kepler_0000019,ordinary,0.59231491618116949,1.4573139124637078,1.996711909918705,1.996711909918705,0,0
kepler_0000020,difficult,0.9999999891712168,0.0084921708194314795,0.37158328338945351,0.37158328338945362,1.1102230246251565e-16,8.6736173798840355e-18
kepler_0000021,high_e,0.93410895328877752,1.4386418660324325,2.1960377862862002,2.1960377862861997,4.4408920985006262e-16,4.4408920985006262e-16
kepler_0000022,ordinary,0.7797548486148127,1.8984237207503145,2.4159069083491489,2.4159069083491489,0,2.2204460492503131e-16
kepler_0000023,ordinary,0.28310093147597698,1.3485126147187758,1.6310989668557672,1.6310989668557672,0,0
kepler_0000024,difficult,0.99999999986603028,1.5237287938348877e-05,0.045050637551344565,0.045050637551342226,2.338407245616736e-15,8.2331602473117993e-19
kepler_0000025,high_e,0.95634301190553006,0.087204431443343708,0.71211000214176134,0.71211000214176123,1.1102230246251565e-16,4.163336342344337e-17
kepler_0000026,ordinary,0.75818534853200892,1.1720897258818572,1.891595322252317,1.891595322252317,0,2.2204460492503131e-16
kepler_0000027,ordinary,0.82467541289840585,0.60858412693634834,1.4244433519927471,1.4244433519927471,0,1.1102230246251565e-16
kepler_0000028,difficult,0.99999999987741173,1.9600910317701874e-06,0.022741164591250199,0.022741164591248884,1.3149203947904198e-15,2.4907003814012701e-18
kepler_0000029,high_e,0.91821652693093259,1.7863804334209337,2.4039336641851228,2.4039336641851228,0,0
kepler_0000030,ordinary,0.58063713810607376,0.93465916157716089,1.5143722649760574,1.5143722649760574,0,1.1102230246251565e-16
kepler_0000031,ordinary,0.79226813120302442,0.74845355340559927,1.5403546164170516,1.5403546164170516,0,1.1102230246251565e-16
kepler_0000032,difficult,0.99999999969309883,6.1379782355520786e-07,0.015442803307170043,0.015442803307176445,6.402864349830395e-15,2.7909735612029196e-19
kepler_0000033,high_e,0.97586842233465632,1.2039125009418372,2.0636425895782136,2.0636425895782136,0,0
kepler_0000034,ordinary,0.67772593647614654,2.9714864751749919,3.040131447969574,3.040131447969574,0,0
kepler_0000035,ordinary,0.45573060436444218,1.4596601534693112,1.8920724850340098,1.8920724850340098,0,0
kepler_0000036,difficult,0.99999999979623111,3.2496090977163766e-05,0.057989818012561381,0.057989818012562235,8.5348395018058909e-16,5.4887734982078662e-19
kepler_0000037,high_e,0.94606826896937002,2.8668272962051011,3.0001737353343172,3.0001737353343172,0,4.4408920985006262e-16
kepler_0000038,ordinary,0.41137469032653512,1.7850605844256695,2.1330963735635855,2.1330963735635855,0,2.2204460492503131e-16
kepler_0000039,ordinary,0.59574331438361827,2.0538966804415963,2.4389072695592691,2.4389072695592691,0,0
kepler_0000040,difficult,0.99999994288900396,6.4014676941922982e-05,0.072695211890023592,0.072695211890023606,1.3877787807814457e-17,1.1207939958068902e-17
kepler_0000041,high_e,0.91602706977463733,2.2558125350946527,2.671083997843148,2.671083997843148,0,0
kepler_0000042,ordinary,0.71126714186037032,0.74581797285409512,1.4520787477503088,1.4520787477503088,0,0
kepler_0000043,ordinary,0.52745575461040828,2.2039991637529943,2.5138038069318562,2.5138038069318562,0,4.4408920985006262e-16
kepler_0000044,difficult,0.99999999910313808,5.2541367701934287e-05,0.068064016393651228,0.068064016393651172,5.5511151231257827e-17,6.6542908336297835e-18
kepler_0000045,high_e,0.98162584159269106,2.6729966917403729,2.9040182578189873,2.9040182578189873,0,4.4408920985006262e-16
kepler_0000046,ordinary,0.061902310419186611,1.9773403420216977,2.0327541518050292,2.0327541518050292,0,0
kepler_0000047,ordinary,0.41491966503700128,0.058105684129712468,0.099197004477227971,0.099197004477227971,0,0
kepler_0000048,difficult,0.99999999845340692,8.3192482574924081e-06,0.036820295311431238,0.036820295311429108,2.1302404284995191e-15,1.7669107279724705e-18
kepler_0000049,high_e,0.9670998734947398,0.041907323317134454,0.53484837849535538,0.53484837849535549,1.1102230246251565e-16,2.7755575615628914e-17
kepler_0000050,ordinary,0.082806467401511111,2.099094196848998,2.1675870255729173,2.1675870255729177,4.4408920985006262e-16,4.4408920985006262e-16
kepler_0000051,ordinary,0.095071872899242418,2.9172689599480095,2.9366199319886839,2.9366199319886839,0,0
kepler_0000052,difficult,0.99999999992979627,0.00018956052701601923,0.10440275147625173,0.10440275147625186,1.2490009027033011e-16,2.1684043449710089e-19
kepler_0000053,high_e,0.9555399781952213,2.9658775495759437,3.0516784480035337,3.0516784480035337,0,0
kepler_0000054,ordinary,0.25149992864326426,0.2967791503180266,0.39312234531318146,0.39312234531318146,0,0
kepler_0000055,ordinary,0.24523765866537792,1.3669590389851216,1.6119886663553993,1.6119886663553995,2.2204460492503131e-16,2.2204460492503131e-16
kepler_0000056,difficult,0.99999999917583748,0.00023385498807437471,0.11197558257793766,0.11197558257793676,9.0205620750793969e-16,3.1712913545201005e-18
kepler_0000057,high_e,0.90513649395250739,0.87289255066271809,1.7616023485321159,1.7616023485321159,0,1.1102230246251565e-16
kepler_0000058,ordinary,0.16920426230392635,3.0699527486471183,3.0803147443773975,3.0803147443773979,4.4408920985006262e-16,4.4408920985006262e-16
kepler_0000059,ordinary,0.79993588100040502,1.4602941656575803,2.1358765361252368,2.1358765361252368,0,0
kepler_0000060,difficult,0.99999995093547944,2.5246119506286474e-06,0.024739074401774756,0.024739074401777347,2.5916768731093498e-15,6.8779075317049188e-19
kepler_0000061,high_e,0.93772820100386101,1.5009353569481976,2.2377294625271595,2.2377294625271595,0,2.2204460492503131e-16
kepler_0000062,ordinary,0.87995871437019946,0.65479583899036531,1.5341642056709393,1.5341642056709393,0,0
kepler_0000063,ordinary,0.67753147075770992,2.2657019874460156,2.6094616795509156,2.6094616795509156,0,0
kepler_0000064,difficult,0.99999993899833961,8.3364214385770539e-07,0.017094821097910776,0.017094821097905093,5.68295410730002e-15,8.9573734172142261e-20
kepler_0000065,high_e,0.971282234189631,1.4187288131032203,2.2025480129967727,2.2025480129967727,0,2.2204460492503131e-16
kepler_0000066,ordinary,0.79145231664234905,2.9419448879433361,3.0300458758847904,3.0300458758847904,0,0
kepler_0000067,ordinary,0.27907264979098845,2.2025828402973033,2.3926031421227147,2.3926031421227147,0,0
kepler_0000068,difficult,0.99999998882125585,0.00019481549013126051,0.10535885788283621,0.10535885788283593,2.7755575615628914e-16,4.526544070126981e-18
kepler_0000069,high_e,0.96242221652986759,0.43878421919057914,1.3845652435468361,1.3845652435468361,0,5.5511151231257827e-17
kepler_0000070,ordinary,0.42092877130526218,2.8255310898154038,2.9186135666819282,2.9186135666819282,0,0
kepler_0000071,ordinary,0.88479759348799358,3.109811932516223,3.1247306689542844,3.124730668954284,4.4408920985006262e-16,4.4408920985006262e-16
kepler_0000072,difficult,0.99999999295848518,1.8722932658284534e-05,0.048252809183799532,0.048252809183800094,5.620504062164855e-16,5.1364077921500773e-18
kepler_0000073,high_e,0.93810450890264663,1.9934438138190467,2.531174691625901,2.531174691625901,0,2.2204460492503131e-16
kepler_0000074,ordinary,0.82693079254211432,2.4891011731166666,2.7809245663381748,2.7809245663381752,4.4408920985006262e-16,4.4408920985006262e-16
kepler_0000075,ordinary,0.55513142697214146,1.6755632065012391,2.1424368279905694,2.1424368279905694,0,2.2204460492503131e-16
kepler_0000076,difficult,0.99999999365434034,2.2785752595072287e-05,0.051517566933973129,0.051517566933972754,3.7470027081099033e-16,5.2990381180229029e-18
kepler_0000077,high_e,0.90505691205437389,2.8857448795714093,3.007100925578003,3.007100925578003,0,4.4408920985006262e-16
kepler_0000078,ordinary,0.23133344959376875,1.4577050715446851,1.6874658757938656,1.6874658757938654,2.2204460492503131e-16,0
kepler_0000079,ordinary,0.60559078233079955,2.1382874555826334,2.5004825236654815,2.5004825236654815,0,4.4408920985006262e-16
kepler_0000080,difficult,0.99999999988164301,0.00018863522652159631,0.10423253822495346,0.10423253822495251,9.4368957093138306e-16,3.2797115717686509e-18
kepler_0000081,high_e,0.91634601324771747,1.0967250222176699,1.9484861100993571,1.9484861100993573,2.2204460492503131e-16,2.2204460492503131e-16
kepler_0000082,ordinary,0.48542176062088643,2.3705586510834671,2.614666833622568,2.6146668336225676,4.4408920985006262e-16,4.4408920985006262e-16
kepler_0000083,ordinary,0.83014491044700034,1.4950331904920138,2.1771767138068472,2.1771767138068472,0,0
kepler_0000084,difficult,0.9999999994951686,0.004718405319043324,0.30525070796705672,0.30525070796705639,3.3306690738754696e-16,4.3368086899420177e-18
kepler_0000085,high_e,0.94760797404158592,0.68606663778303167,1.6319058038407939,1.6319058038407939,0,0
kepler_0000086,ordinary,0.36929288150882417,0.76523632971432298,1.093207463468723,1.093207463468723,0,0
kepler_0000087,ordinary,0.83819062929763088,0.55158505165154215,1.3735178213800008,1.3735178213800008,0,0
kepler_0000088,difficult,0.99999999998954803,3.0328061744330631e-06,0.026302899763604851,0.026302899763608969,4.11823353196894e-15,2.6258021364883311e-19
kepler_0000089,high_e,0.97532710591700045,0.65730315084388213,1.6308708343430853,1.6308708343430853,0,0
kepler_0000090,ordinary,0.88987900750101012,2.3701349614153089,2.7278781145080138,2.7278781145080138,0,0
kepler_0000091,ordinary,0.51724246665337481,1.0139493054211175,1.5307776468001775,1.5307776468001775,0,0
kepler_0000092,difficult,0.99999999994192901,5.2921036035975328e-08,0.0068222209789374471,0.0068222209789380239,5.7679555576228836e-16,4.3503082775388831e-20
kepler_0000093,high_e,0.9643951554438166,1.8028689311220687,2.4315358239729035,2.4315358239729035,0,2.2204460492503131e-16
kepler_0000094,ordinary,0.095825991206927405,2.4744109220169173,2.5294728849758155,2.5294728849758155,0,0
kepler_0000095,ordinary,0.37101077202241101,2.6535829651600205,2.7835875554248477,2.7835875554248477,0,4.4408920985006262e-16
kepler_0000096,difficult,0.99999999983082744,0.0033111421764386822,0.27117021748006437,0.27117021748006398,3.8857805861880479e-16,3.903127820947816e-18
kepler_0000097,high_e,0.91040243460002601,0.80711946222905961,1.7088589491689745,1.7088589491689743,2.2204460492503131e-16,1.1102230246251565e-16
kepler_0000098,ordinary,0.055509120104712921,0.68166420577773257,0.71819049442626182,0.71819049442626182,0,0
kepler_0000099,ordinary,0.14550431326757826,1.2601996674740363,1.4036768154153292,1.4036768154153294,2.2204460492503131e-16,2.2204460492503131e-16
kepler_0000100,difficult,0.99999999989087285,7.305858371926335e-08,0.0075963728841784506,0.0075963728841643378,1.4112842838809314e-14,5.0649923267846991e-20
kepler_0000101,high_e,0.90673615069949598,1.3741348435408622,2.1385930911162983,2.1385930911162983,0,4.4408920985006262e-16
kepler_0000102,ordinary,0.27831806507134482,2.7274126209824741,2.816346851598535,2.8163468515985355,4.4408920985006262e-16,0
kepler_0000103,ordinary,0.82519891004699319,1.1430057103359665,1.9187519136366669,1.9187519136366669,0,0
kepler_0000104,difficult,0.99999999998340972,0.00015959838887091016,0.098581841784569968,0.098581841784569413,5.5511151231257827e-16,5.5565361339882102e-18
kepler_0000105,high_e,0.92678391327653087,0.20412005572939357,0.96707533498728826,0.96707533498728826,0,5.5511151231257827e-17
kepler_0000106,ordinary,0.022617814469345056,0.45256597260851761,0.46266100278791006,0.46266100278791006,0,0
kepler_0000107,ordinary,0.7705553118615408,2.8865462569177924,2.9973262736595143,2.9973262736595143,0,0
kepler_0000108,difficult,0.99999999997990319,6.9314445380052175e-06,0.034647109508834442,0.034647109508834775,3.3306690738754696e-16,9.8255821881498839e-20
kepler_0000109,high_e,0.92367566931802059,2.5576694478572355,2.8357687497642936,2.8357687497642936,0,4.4408920985006262e-16
kepler_0000110,ordinary,0.41112398730709931,0.76719975961489317,1.1409182814353569,1.1409182814353569,0,1.1102230246251565e-16
kepler_0000111,ordinary,0.25449461799046097,2.961174029385242,2.9976741955011246,2.9976741955011246,0,0
kepler_0000112,difficult,0.99999998576851179,0.0014466131628183684,0.20565554064030903,0.20565554064030941,3.8857805861880479e-16,1.3010426069826053e-17
kepler_0000113,high_e,0.91325221916091193,1.9171645023705666,2.4789787474187284,2.4789787474187288,4.4408920985006262e-16,4.4408920985006262e-16
kepler_0000114,ordinary,0.68535031625993714,1.3328556218857275,1.9655077015164382,1.9655077015164382,0,2.2204460492503131e-16
kepler_0000115,ordinary,0.7503905663074325,2.012433106104329,2.4758857596954926,2.4758857596954931,4.4408920985006262e-16,4.4408920985006262e-16
kepler_0000116,difficult,0.99999999972623899,6.0336525540166406e-07,0.015354813556498655,0.015354813556494278,4.3767073298894843e-15,7.1034300539113762e-19
kepler_0000117,high_e,0.97562716822407114,3.0470092441298737,3.0937084870725067,3.0937084870725067,0,0
kepler_0000118,ordinary,0.37221850552343294,0.94070636242432493,1.2992897406091528,1.2992897406091528,0,1.1102230246251565e-16
kepler_0000119,ordinary,0.86075690641071023,0.47165573343429679,1.3013567194908364,1.3013567194908364,0,0
kepler_0000120,difficult,0.99999999791792016,2.1952466378230134e-07,0.010961349097392152,0.010961349097395023,2.8709673527416157e-15,1.7612991346969108e-19
kepler_0000121,high_e,0.93314363375353893,0.86393095235124506,1.7772570309829925,1.7772570309829923,2.2204460492503131e-16,2.2204460492503131e-16
kepler_0000122,ordinary,0.45958845802936771,1.4673658462258112,1.9019794809126622,1.9019794809126622,0,0
kepler_0000123,ordinary,0.081962389528003637,2.3288581127778847,2.3851141984414399,2.3851141984414395,4.4408920985006262e-16,4.4408920985006262e-16
kepler_0000124,difficult,0.99999999996735378,0.0027965992160247977,0.25629254924551875,0.25629254924551881,5.5511151231257827e-17,3.3393426912553537e-17
kepler_0000125,high_e,0.96782563319263959,2.2586792639466173,2.6852066678236581,2.6852066678236581,0,0
kepler_0000126,ordinary,0.14386792387430433,0.171512742898416,0.20011046204758473,0.20011046204758473,0,2.7755575615628914e-17
kepler_0000127,ordinary,0.47986311624693928,2.472909579820568,2.6846348337388588,2.6846348337388588,0,0
kepler_0000128,difficult,0.99999999618393232,3.7196177368634066e-07,0.013067675682053734,0.013067675682056072,2.338407245616736e-15,5.9620531574862065e-19
kepler_0000129,high_e,0.96876030653244316,0.11708939826603032,0.83565148221234264,0.83565148221234264,0,5.5511151231257827e-17
kepler_0000130,ordinary,0.62085230250922185,2.8169009561698446,2.940754948333109,2.940754948333109,0,0
kepler_0000131,ordinary,0.48257036280640786,3.0072855087864769,3.0509615456161612,3.0509615456161612,0,4.4408920985006262e-16
kepler_0000132,difficult,0.99999996266389612,2.1101646147101968e-08,0.005006504847409974,0.005006504847409967,6.9388939039072284e-18,3.4861361479924841e-19
kepler_0000133,high_e,0.9666835585588367,0.6579299030940774,1.6232822698187799,1.6232822698187799,0,1.1102230246251565e-16
kepler_0000134,ordinary,0.23134514475495174,2.3502704991154957,2.4904819143304491,2.4904819143304491,0,0
kepler_0000135,ordinary,0.098360251332672566,0.91267222013693461,0.99518253773644039,0.99518253773644028,1.1102230246251565e-16,1.1102230246251565e-16
kepler_0000136,difficult,0.99999997790978112,3.4170654785031113e-08,0.0058891088666892469,0.0058891088666864497,2.7972416050126014e-15,1.381060750718535e-19
kepler_0000137,high_e,0.94780652752933436,0.22929213892670519,1.0527223487907018,1.0527223487907018,0,0
kepler_0000138,ordinary,0.84217893221551188,2.2791546235892586,2.665290409330848,2.665290409330848,0,4.4408920985006262e-16
kepler_0000139,ordinary,0.80714861724848685,1.7821710683615601,2.3541034953839413,2.3541034953839413,0,0
kepler_0000140,difficult,0.99999999717099441,0.0016129484872899611,0.21326508315953316,0.21326508315953357,4.163336342344337e-16,2.1684043449710089e-19
kepler_0000141,high_e,0.93114385301144598,2.7534536645500745,2.939945920120679,2.9399459201206795,4.4408920985006262e-16,4.4408920985006262e-16
kepler_0000142,ordinary,0.33067478178939586,0.18583087954134997,0.27591612131571386,0.27591612131571386,0,0
kepler_0000143,ordinary,0.23510493645872962,0.091502257564489112,0.11953975858963285,0.11953975858963285,0,0
kepler_0000144,difficult,0.99999999892423241,6.7482891001789977e-08,0.0073977269914150762,0.0073977269914272106,1.2134390714457766e-14,3.0837293235976872e-21
kepler_0000145,high_e,0.91426092469011788,2.4770593140976045,2.7910356792338082,2.7910356792338082,0,0
kepler_0000146,ordinary,0.81968437489911317,1.7680748217901281,2.3507983655350815,2.3507983655350815,0,2.2204460492503131e-16
kepler_0000147,ordinary,0.61519901605680927,1.7886357702010478,2.262455269934295,2.262455269934295,0,2.2204460492503131e-16
kepler_0000148,difficult,0.99999999998642064,0.00043120375899656716,0.13732441702132736,0.13732441702132694,4.163336342344337e-16,1.1763593571467723e-17
kepler_0000149,high_e,0.94315861735259765,0.72863934253088247,1.6674004363751584,1.6674004363751582,2.2204460492503131e-16,2.2204460492503131e-16
kepler_0000150,ordinary,0.75633872990001338,0.49747520049164645,1.2033178974283933,1.2033178974283933,0,5.5511151231257827e-17
kepler_0000151,ordinary,0.50350493646184069,2.9813462016001728,3.034943060309883,3.034943060309883,0,0
kepler_0000152,difficult,0.99999999986812738,1.5311942490254659e-08,0.0045122002800463273,0.0045122002800495982,3.2708211139542698e-15,2.7574562027822709e-19
kepler_0000153,high_e,0.90153113156792875,1.1878062957680113,2.0054930520784846,2.0054930520784846,0,2.2204460492503131e-16
kepler_0000154,ordinary,0.81849197923510675,2.6502803602288183,2.8699183503890962,2.8699183503890962,0,4.4408920985006262e-16
kepler_0000155,ordinary,0.59876053431258491,0.50124063263660346,1.0074888187138631,1.0074888187138631,0,0
kepler_0000156,difficult,0.9999999999802216,1.977257466256807e-07,0.01058616883336711,0.010586168833371908,4.7982451345518484e-15,7.0084035451412844e-19
kepler_0000157,high_e,0.94536380760078209,2.4767365428002548,2.7965200409462949,2.7965200409462949,0,4.4408920985006262e-16
kepler_0000158,ordinary,0.8219195054956131,0.015194539270526211,0.084854182205581885,0.084854182205582274,3.8857805861880479e-16,7.4593109467002705e-17
kepler_0000159,ordinary,0.10488918819777517,3.1376793029191985,3.1380508038829396,3.1380508038829396,0,4.4408920985006262e-16
kepler_0000160,difficult,0.99999999510195015,0.0034045903484133952,0.27370387175814187,0.27370387175814154,3.3306690738754696e-16,8.6736173798840355e-19
kepler_0000161,high_e,0.94757560245255357,0.31854005543007119,1.2026110893641866,1.2026110893641866,0,5.5511151231257827e-17
kepler_0000162,ordinary,0.19031744102575293,1.4560242292765924,1.6458065081587385,1.6458065081587383,2.2204460492503131e-16,2.2204460492503131e-16
kepler_0000163,ordinary,0.13777821046413236,2.4833666691151475,2.5591533251414083,2.5591533251414083,0,0
kepler_0000164,difficult,0.99999999411123586,1.3291478576848041e-05,0.043044615556522677,0.043044615556521254,1.4224732503009818e-15,2.3276465390548173e-18
kepler_0000165,high_e,0.96896398976334941,1.82511158024447,2.4460361062463645,2.4460361062463645,0,0
kepler_0000166,ordinary,0.16439524667153574,2.2161354027843321,2.3348364594294835,2.3348364594294835,0,0
kepler_0000167,ordinary,0.096914113757335871,0.7247845620339175,0.79389283796809307,0.79389283796809307,0,0
kepler_0000168,difficult,0.99999999920120153,2.6850592846519555e-05,0.054415535635213903,0.054415535635213168,7.3552275381416621e-16,4.1911190230142781e-18
kepler_0000169,high_e,0.97235807639831506,0.12315497520366744,0.8601348620213638,0.86013486202136391,1.1102230246251565e-16,8.3266726846886741e-17
kepler_0000170,ordinary,0.28327413014155589,1.2330266420532525,1.5158736310212639,1.5158736310212639,0,0
kepler_0000171,ordinary,0.33373968746314459,2.1668200293912796,2.3937761888617146,2.3937761888617146,0,0
kepler_0000172,difficult,0.99999999450472898,1.2050680479926052e-06,0.019336485819002151,0.019336485819002252,1.0061396160665481e-16,1.1019898643778447e-18
kepler_0000173,high_e,0.91235320641037043,1.8368311929338936,2.4315578819189829,2.4315578819189829,0,0
kepler_0000174,ordinary,0.5036490275374701,1.6418126332757081,2.0812563928794523,2.0812563928794523,0,0
kepler_0000175,ordinary,0.59599698457592742,2.5883458786003528,2.7923101726800019,2.7923101726800019,0,0
kepler_0000176,difficult,0.99999999991703337,1.9248224275546087e-06,0.022603942688879559,0.022603942688876597,2.9629076969683865e-15,1.0956371172734375e-18
kepler_0000177,high_e,0.92163428338884712,1.7678714340797714,2.3942791689307645,2.3942791689307645,0,2.2204460492503131e-16
kepler_0000178,ordinary,0.35826208531802889,3.123423380938517,3.1282156950662112,3.1282156950662112,0,0
kepler_0000179,ordinary,0.035606443238407226,1.6034638550384694,1.6389875446200466,1.6389875446200466,0,0
kepler_0000180,difficult,0.99999999991225108,1.2884775227726603e-06,0.019773277780087077,0.019773277780082574,4.5033421436357912e-15,7.2993064229639332e-19
kepler_0000181,high_e,0.91046706758167883,2.2954029963930855,2.6915004115797911,2.6915004115797911,0,0
kepler_0000182,ordinary,0.68198214606617891,0.39430820330467309,0.94841266418325176,0.94841266418325176,0,0
kepler_0000183,ordinary,0.32820428856664363,0.90546703726010935,1.2128716741121892,1.2128716741121892,0,1.1102230246251565e-16
kepler_0000184,difficult,0.99999994087847854,0.00045965148517936884,0.14028130997685004,0.14028130997684995,8.3266726846886741e-17,5.4210108624275222e-18
kepler_0000185,high_e,0.90821149365697218,2.218732180322406,2.6485756958234079,2.6485756958234075,4.4408920985006262e-16,4.4408920985006262e-16
kepler_0000186,ordinary,0.77666844095561727,0.20678549925049802,0.71737320212555367,0.71737320212555356,1.1102230246251565e-16,2.7755575615628914e-17
kepler_0000187,ordinary,0.59689016880605383,0.2156198694704792,0.50374281297986068,0.50374281297986057,1.1102230246251565e-16,2.7755575615628914e-17
kepler_0000188,difficult,0.99999999986760468,0.00030354882397663372,0.12215219222296424,0.12215219222296431,6.9388939039072284e-17,3.903127820947816e-18
kepler_0000189,high_e,0.9874213056272495,2.9244124698248437,3.032206964753787,3.032206964753787,0,0
kepler_0000190,ordinary,0.42902668335917155,1.8503645402382876,2.1977885700308741,2.1977885700308741,0,2.2204460492503131e-16
kepler_0000191,ordinary,0.63075262822711775,0.93969842692712824,1.5704510175492556,1.5704510175492556,0,1.1102230246251565e-16
kepler_0000192,difficult,0.99999996645219125,1.5327647600119276e-05,0.045138040534386678,0.045138040534387108,4.3021142204224816e-16,2.5648157642860214e-18
kepler_0000193,high_e,0.98605807297482628,0.4833440125509077,1.4637588301921995,1.4637588301921995,0,5.5511151231257827e-17
kepler_0000194,ordinary,0.44565607276213837,0.77519832196912442,1.1887190904012053,1.1887190904012055,2.2204460492503131e-16,1.1102230246251565e-16
kepler_0000195,ordinary,0.064472266587615693,1.9489377777944388,2.007363104936041,2.007363104936041,0,2.2204460492503131e-16
kepler_0000196,difficult,0.99999999998018663,4.521565271499652e-06,0.030048297330834223,0.030048297330836547,2.3245294578089215e-15,2.9883322379131716e-18
kepler_0000197,high_e,0.98504601853221729,2.0857291542004042,2.5964852758117201,2.5964852758117205,4.4408920985006262e-16,4.4408920985006262e-16
kepler_0000198,ordinary,0.24899442750071105,2.1998687585541763,2.3729582788340746,2.3729582788340746,0,4.4408920985006262e-16
kepler_0000199,ordinary,0.62857246000451894,0.0019080722385037864,0.0051370935938568289,0.005137093593856828,8.6736173798840355e-19,0
kepler_0000200,difficult,0.99999999801629758,5.5694462338837477e-07,0.014950245741069951,0.014950245741073081,3.12944115066216e-15,3.3066048678439749e-19
kepler_0000201,high_e,0.91783543589061067,0.65513409121477129,1.5729673640422073,1.5729673640422073,0,1.1102230246251565e-16
kepler_0000202,ordinary,0.4511667235115891,2.2421542437928168,2.5089274297211261,2.5089274297211266,4.4408920985006262e-16,4.4408920985006262e-16
kepler_0000203,ordinary,0.40507781770182211,2.56396633525749,2.7271011245012264,2.7271011245012264,0,0
kepler_0000204,difficult,0.99999999995626754,0.0016963209263489351,0.21688370214157443,0.21688370214157465,2.2204460492503131e-16,1.9732479539236181e-17
kepler_0000205,high_e,0.93465574007442753,0.069074946437800808,0.58586551016033461,0.58586551016033428,3.3306690738754696e-16,6.9388939039072284e-17
kepler_0000206,ordinary,0.46310505291486714,2.112898741401557,2.4191222798895167,2.4191222798895167,0,0
kepler_0000207,ordinary,0.68913871093741019,2.9743164045905588,3.0424960164562735,3.0424960164562735,0,0
kepler_0000208,difficult,0.99999999997638134,0.0036937085920585862,0.28126171300414055,0.28126171300414066,1.1102230246251565e-16,4.3368086899420177e-19
kepler_0000209,high_e,0.96724954137009589,2.0362925327902222,2.564231546787358,2.564231546787358,0,0
kepler_0000210,ordinary,0.1777308112823186,1.5177250545930954,1.6941063465984729,1.6941063465984729,0,0
kepler_0000211,ordinary,0.63838740623372281,2.2647697827322415,2.5960290065892888,2.5960290065892888,0,0
kepler_0000212,difficult,0.99999999960777897,0.00095383309016204511,0.17896703581470338,0.17896703581470289,4.9960036108132044e-16,1.3335686721571705e-17
kepler_0000213,high_e,0.95272048469365633,0.089876241083145514,0.71320166688836339,0.71320166688836328,1.1102230246251565e-16,0
kepler_0000214,ordinary,0.67312959745172796,2.8108647656172301,2.9434014619237741,2.9434014619237745,4.4408920985006262e-16,4.4408920985006262e-16
kepler_0000215,ordinary,0.67499341944237667,3.0026198214966553,3.0585850719746865,3.0585850719746865,0,4.4408920985006262e-16
kepler_0000216,difficult,0.99999999782183269,1.1617240414029343e-08,0.0041143997040202262,0.0041143997040229219,2.6957602816679582e-15,4.1444230230744346e-19
kepler_0000217,high_e,0.94786269028220771,0.1242898790231817,0.81234601711760124,0.81234601711760113,1.1102230246251565e-16,8.3266726846886741e-17
kepler_0000218,ordinary,0.069958337281877808,2.3492765622980283,2.3967007820415756,2.396700782041576,4.4408920985006262e-16,4.4408920985006262e-16
kepler_0000219,ordinary,0.77962216567081111,1.5314529918147088,2.1736459112823603,2.1736459112823607,4.4408920985006262e-16,4.4408920985006262e-16
kepler_0000220,difficult,0.99999999392657202,4.8580000669618956e-06,0.030775435602159527,0.030775435602161925,2.3973878437999474e-15,1.6237621598864937e-18
kepler_0000221,high_e,0.93391078418028506,2.6462551880386416,2.8840904368482629,2.8840904368482629,0,0
kepler_0000222,ordinary,0.52446714180577747,1.1715798850607859,1.692187541233791,1.692187541233791,0,0
kepler_0000223,ordinary,0.014327576056012526,1.8923246510812877,1.9058554829439696,1.9058554829439693,2.2204460492503131e-16,0
kepler_0000224,difficult,0.99999999995381605,4.170237385238277e-06,0.029248941554076216,0.02924894155407903,2.8137214780343811e-15,5.5311251455705812e-19
kepler_0000225,high_e,0.91103616054685832,1.4465244068624414,2.1889651761784514,2.1889651761784514,0,2.2204460492503131e-16
kepler_0000226,ordinary,0.88783263227819875,1.5892034983260757,2.2691793210917188,2.2691793210917188,0,2.2204460492503131e-16
kepler_0000227,ordinary,0.52222726607025793,2.2409789486180109,2.5375784404758277,2.5375784404758277,0,4.4408920985006262e-16
kepler_0000228,difficult,0.99999999928744832,0.0028004728783343797,0.25641108224427728,0.25641108224427706,2.2204460492503131e-16,2.3852447794681098e-17
kepler_0000229,high_e,0.90796166400087797,2.3446604591098343,2.7179274560884203,2.7179274560884203,0,4.4408920985006262e-16
kepler_0000230,ordinary,0.30041651017995513,0.74526458427023989,0.99767893497290216,0.99767893497290216,0,0
kepler_0000231,ordinary,0.25528065816926804,0.54149216746201667,0.70738611907903415,0.70738611907903415,0,0
kepler_0000232,difficult,0.99999996966922755,1.921786293468641e-06,0.022589373763672174,0.022589373763667417,4.7566117711284051e-15,1.1439179952669326e-18
kepler_0000233,high_e,0.93269265534275592,2.6465522868817892,2.8840835401760052,2.8840835401760052,0,0
kepler_0000234,ordinary,0.066291150950089958,2.8795060031887081,2.8956462016792122,2.8956462016792117,4.4408920985006262e-16,4.4408920985006262e-16
kepler_0000235,ordinary,0.30141050005197739,2.6578780602436187,2.7679075647930356,2.767907564793036,4.4408920985006262e-16,4.4408920985006262e-16
kepler_0000236,difficult,0.9999999992903551,2.1967735225590538e-06,0.023621915571166392,0.023621915571164082,2.310651670001107e-15,1.0994487655360818e-18
kepler_0000237,high_e,0.92056793517515945,0.12021673916539803,0.74294163639335997,0.74294163639335986,1.1102230246251565e-16,6.9388939039072284e-17
kepler_0000238,ordinary,0.32229327213751535,0.36091677926277765,0.52146844455166941,0.52146844455166941,0,0
kepler_0000239,ordinary,0.0083734727943733499,2.1844414151394549,2.1912541759746014,2.1912541759746014,0,0
kepler_0000240,difficult,0.99999999875891987,0.0031275205973534535,0.26604974370641937,0.26604974370641976,3.8857805861880479e-16,1.4311468676808659e-17
kepler_0000241,high_e,0.98534108562723921,1.6892149782006085,2.3736727290411146,2.3736727290411146,0,4.4408920985006262e-16
kepler_0000242,ordinary,0.68230355442498269,0.74753330926006778,1.4223310159386302,1.4223310159386302,0,0
kepler_0000243,ordinary,0.85187606570489849,0.23487569652652429,0.90460408260617664,0.90460408260617664,0,0
kepler_0000244,difficult,0.9999999997661595,0.0030517663970910272,0.26387904205684659,0.2638790420568462,3.8857805861880479e-16,1.0842021724855044e-17
kepler_0000245,high_e,0.97881707697669829,0.011960567118046049,0.31806856897265312,0.31806856897265312,0,1.7347234759768071e-18
kepler_0000246,ordinary,0.12130155977299327,2.8313067217501908,2.8644910632217302,2.8644910632217302,0,0
kepler_0000247,ordinary,0.3314870800413891,1.1534137880093815,1.4836427179889029,1.4836427179889031,2.2204460492503131e-16,0
kepler_0000248,difficult,0.99999999844837584,5.4526806067657547e-07,0.014845081394573512,0.014845081394567973,5.5389720587939451e-15,6.1155778791760484e-19
kepler_0000249,high_e,0.97137959274292585,2.986652790880798,3.0629580985471199,3.0629580985471199,0,0
kepler_0000250,ordinary,0.070169232793946587,2.9087889722453992,2.9239411173468119,2.9239411173468124,4.4408920985006262e-16,4.4408920985006262e-16
kepler_0000251,ordinary,0.55770541291130127,1.1199052152653515,1.674608159296616,1.674608159296616,0,0
kepler_0000252,difficult,0.99999999994616562,4.7049496555119646e-07,0.014133073647042504,0.014133073647045425,2.9212743335449431e-15,6.6608553389710043e-19
kepler_0000253,high_e,0.92342565037080904,1.7010324626498383,2.3548622938885333,2.3548622938885333,0,2.2204460492503131e-16
kepler_0000254,ordinary,0.34547399147908919,1.2750833297578239,1.620136880021912,1.620136880021912,0,0
kepler_0000255,ordinary,0.095360850243404904,2.3903078881766975,2.4510486181016509,2.4510486181016509,0,0
kepler_0000256,difficult,0.99999999273783513,1.4854060124019104e-08,0.0044635735657862202,0.004463573565769533,1.6687172477158896e-14,6.1120706333788236e-19
kepler_0000257,high_e,0.97460874050212309,2.3898572777116889,2.7562184629530542,2.7562184629530542,0,4.4408920985006262e-16
kepler_0000258,ordinary,0.23440769205018194,2.1143083285679314,2.2905720372503606,2.2905720372503602,4.4408920985006262e-16,4.4408920985006262e-16
kepler_0000259,ordinary,0.72554634601461809,0.075882827063801853,0.26803309160136218,0.26803309160136335,1.1657341758564144e-15,3.4694469519536142e-16
kepler_0000260,difficult,0.99999992739605981,3.1040128327693857e-05,0.057107857123984279,0.05710785712398507,7.9103390504542404e-16,2.0938654456126304e-18
kepler_0000261,high_e,0.91985167783277277,0.74548185344246876,1.6615482239382515,1.6615482239382515,0,1.1102230246251565e-16
kepler_0000262,ordinary,0.58227296334279843,1.9328968217849309,2.347990081805889,2.347990081805889,0,0
kepler_0000263,ordinary,0.15353933378701881,1.085169253569785,1.2298717747872183,1.2298717747872183,0,2.2204460492503131e-16
kepler_0000264,difficult,0.99999999950923002,1.8342538389971018e-05,0.04792403032988695,0.047924030329887041,9.0205620750793969e-17,1.9413995151068564e-18
kepler_0000265,high_e,0.9743231511237419,0.051094861455204268,0.60627114820461592,0.60627114820461592,0,1.3877787807814457e-17
kepler_0000266,ordinary,0.64148924067115953,0.93862769026883885,1.5800892322459905,1.5800892322459905,0,0
kepler_0000267,ordinary,0.73906947196791706,0.50366796841708772,1.1897202659508104,1.1897202659508104,0,1.1102230246251565e-16
kepler_0000268,difficult,0.99999999998880684,4.13703332299232e-05,0.062850491731142419,0.062850491731141336,1.0824674490095276e-15,5.468444707473763e-18
kepler_0000269,high_e,0.97063816970079897,2.6123864630686215,2.871434304552094,2.871434304552094,0,4.4408920985006262e-16
kepler_0000270,ordinary,0.74197570125638834,2.8394468657775613,2.9677703257586265,2.9677703257586265,0,4.4408920985006262e-16
kepler_0000271,ordinary,0.38381328241982138,2.0531052490778698,2.3312001397938698,2.3312001397938698,0,0
kepler_0000272,difficult,0.99999999998274536,5.0815701615874473e-06,0.031240893140623848,0.031240893140622075,1.7728873924482969e-15,2.3056236824262055e-18
kepler_0000273,high_e,0.97153044008757727,2.8859408986244262,3.0117412576927012,3.0117412576927012,0,4.4408920985006262e-16
kepler_0000274,ordinary,0.63773834360943638,3.0875847313670555,3.1086131884428054,3.1086131884428054,0,0
kepler_0000275,ordinary,0.40144169198692897,1.1767030400079346,1.5781339251627884,1.5781339251627886,2.2204460492503131e-16,0
kepler_0000276,difficult,0.99999992960804296,1.572825336545567e-05,0.04552634259021697,0.045526342590215513,1.457167719820518e-15,2.4767243377715742e-18
kepler_0000277,high_e,0.9275656140877595,0.38480212623401489,1.2709934093957611,1.2709934093957613,2.2204460492503131e-16,1.1102230246251565e-16
kepler_0000278,ordinary,0.13690528511948324,2.949832448709456,2.9728277368585032,2.9728277368585028,4.4408920985006262e-16,0
kepler_0000279,ordinary,0.48169642854562761,0.085963141554155686,0.16515795455553173,0.16515795455553173,0,1.3877787807814457e-17
kepler_0000280,difficult,0.99999999839067577,8.5469750959512095e-05,0.080051116948153991,0.080051116948153103,8.8817841970012523e-16,4.4994390158148434e-18
kepler_0000281,high_e,0.94457996183515902,2.1734824674408419,2.6332434261281619,2.6332434261281619,0,0
kepler_0000282,ordinary,0.31315403812522519,2.8646810159672627,2.930343582713673,2.930343582713673,0,0
kepler_0000283,ordinary,0.7048039887397215,3.0239427166956387,3.0725591613174723,3.0725591613174723,0,0
kepler_0000284,difficult,0.99999998491379827,0.0036592446426300601,0.2803817960853241,0.28038179608532399,1.1102230246251565e-16,6.0715321659188248e-18
kepler_0000285,high_e,0.95544821530811519,3.0784413648792133,3.1092948647797769,3.1092948647797769,0,0
kepler_0000286,ordinary,0.24111019756701238,2.3551054415407995,2.4994997840488962,2.4994997840488962,0,0
kepler_0000287,ordinary,0.10210630750221215,0.40366733011617484,0.44788555023677423,0.44788555023677418,5.5511151231257827e-17,0
kepler_0000288,difficult,0.99999999988091748,8.3459590114792962e-07,0.017108460491570845,0.017108460491570148,6.9735883734267645e-16,1.8894128679691237e-18
kepler_0000289,high_e,0.9320126569583318,0.22652012770891114,1.0213565719999138,1.0213565719999138,0,2.7755575615628914e-17
kepler_0000290,ordinary,0.37876635797409652,1.2256771869644136,1.60423184676763,1.60423184676763,0,2.2204460492503131e-16
kepler_0000291,ordinary,0.57086510424440984,1.0343295474861747,1.6048634202081971,1.6048634202081971,0,0
kepler_0000292,difficult,0.99999999818097041,3.2725362787054647e-07,0.012521882730677097,0.012521882730685585,8.4880019679545171e-15,1.2493206576408896e-18
kepler_0000293,high_e,0.90855307106739436,1.3477499323886744,2.1218248574652487,2.1218248574652487,0,2.2204460492503131e-16
kepler_0000294,ordinary,0.86749466640580197,0.42095187453157223,1.2419671140341935,1.2419671140341935,0,1.1102230246251565e-16
kepler_0000295,ordinary,0.69619652086398154,2.1662213446585659,2.5528375076335994,2.5528375076335998,4.4408920985006262e-16,4.4408920985006262e-16
kepler_0000296,difficult,0.9999999998864868,1.1972309350234114e-06,0.019295031418666876,0.019295031418667275,3.9898639947466563e-16,2.5554984018662241e-18
kepler_0000297,high_e,0.97583636757165615,0.38823468275021111,1.3376746589865405,1.3376746589865403,2.2204460492503131e-16,1.1102230246251565e-16
kepler_0000298,ordinary,0.28668605572228933,2.2056216404517381,2.3993953115060913,2.3993953115060913,0,0
kepler_0000299,ordinary,0.42760242121750525,1.5794535243513852,1.972943061989491,1.972943061989491,0,0
kepler_0000300,difficult,0.99999999420284069,0.0001900775592090284,0.10449751089336799,0.10449751089336769,3.0531133177191805e-16,8.6194072712597603e-18
kepler_0000301,high_e,0.91989807374304744,0.63852389002505661,1.5583507217625967,1.5583507217625967,0,0
kepler_0000302,ordinary,0.51123332960350409,2.933461926435605,3.0037226071398444,3.0037226071398444,0,0
kepler_0000303,ordinary,0.026166016033451624,1.6554650656336667,1.6814709929583429,1.6814709929583429,0,0
kepler_0000304,difficult,0.99999999979400434,6.970230884667905e-07,0.016111426501371696,0.016111426501377514,5.818262538426211e-15,7.3162470819090192e-19
kepler_0000305,high_e,0.97672888846714701,1.4438051023472771,2.2211525387391924,2.2211525387391924,0,0
kepler_0000306,ordinary,0.86070836451381738,0.83225767451804511,1.6871467251073393,1.6871467251073393,0,0
kepler_0000307,ordinary,0.51979373050553845,0.84657336911943992,1.3542246532011915,1.3542246532011915,0,0
kepler_0000308,difficult,0.99999998659838563,0.0016608319519759909,0.21535805449319703,0.21535805449319745,4.163336342344337e-16,8.6736173798840355e-18
kepler_0000309,high_e,0.93633599978427173,2.9596996566711504,3.047589044597554,3.047589044597554,0,4.4408920985006262e-16
kepler_0000310,ordinary,0.71329806743747637,0.70457053045669338,1.4084943821782634,1.4084943821782634,0,1.1102230246251565e-16
kepler_0000311,ordinary,0.83332936838170957,1.8792115239514637,2.425956779508041,2.4259567795080406,4.4408920985006262e-16,4.4408920985006262e-16
kepler_0000312,difficult,0.9999999999202821,3.4376822360298842e-06,0.027424855340019705,0.027424855340023702,3.9968028886505635e-15,1.6983010592448722e-19
kepler_0000313,high_e,0.90965253175657823,1.9276132617043811,2.4837703234604511,2.4837703234604511,0,0
kepler_0000314,ordinary,0.048276705774915732,2.617826701270427,2.6409970180022935,2.6409970180022935,0,0
kepler_0000315,ordinary,0.89823323824419044,1.8077079160170526,2.4086676473909043,2.4086676473909043,0,2.2204460492503131e-16
kepler_0000316,difficult,0.99999999255118865,8.5743511987511152e-07,0.017262271905851074,0.017262271905846751,4.3229309021342033e-15,1.011145580784821e-18
kepler_0000317,high_e,0.95614199183914628,0.60383155126205246,1.5599169588671611,1.5599169588671609,2.2204460492503131e-16,1.1102230246251565e-16
kepler_0000318,ordinary,0.17547525741763312,2.2240591233187632,2.3490252312390711,2.3490252312390711,0,0
kepler_0000319,ordinary,0.24834180926991192,2.5106666010207372,2.6318464173599949,2.6318464173599949,0,0
kepler_0000320,difficult,0.99999999993448441,0.00022250616731938727,0.11013336097819389,0.11013336097819441,5.2735593669694936e-16,4.4994390158148434e-18
kepler_0000321,high_e,0.95771558955561742,2.1131733813255971,2.6037753269063852,2.6037753269063852,0,4.4408920985006262e-16
kepler_0000322,ordinary,0.44905842546875097,1.9535879924608315,2.2911021258711557,2.2911021258711557,0,2.2204460492503131e-16
kepler_0000323,ordinary,0.14856065095088763,0.59970634229835207,0.6948221222424722,0.69482212224247208,1.1102230246251565e-16,0
kepler_0000324,difficult,0.9999999963825551,2.6522462293673715e-07,0.011674356865763218,0.011674356865758391,4.8277354336434541e-15,8.6159132603523363e-19
kepler_0000325,high_e,0.96984522912076787,0.044949622537319066,0.56066132280733982,0.56066132280733993,1.1102230246251565e-16,2.0816681711721685e-17
kepler_0000326,ordinary,0.59932354165721846,1.1689490271903162,1.7578214029159371,1.7578214029159371,0,0
kepler_0000327,ordinary,0.25604498414928351,1.513213005736785,1.7644708794217985,1.7644708794217983,2.2204460492503131e-16,2.2204460492503131e-16
kepler_0000328,difficult,0.99999999986329136,0.0024610649439323492,0.24558095049251011,0.24558095049250986,2.4980018054066022e-16,1.5178830414797062e-17
kepler_0000329,high_e,0.94620671988337179,0.54507715293445891,1.4880460983170349,1.4880460983170347,2.2204460492503131e-16,1.1102230246251565e-16
kepler_0000330,ordinary,0.30479577013566572,0.67658838956125777,0.91887685479843284,0.91887685479843284,0,0
kepler_0000331,ordinary,0.65946154303649496,3.0154723468688425,3.0655628123972791,3.0655628123972791,0,4.4408920985006262e-16
kepler_0000332,difficult,0.99999999963741026,4.590528671329641e-05,0.065068164571304654,0.065068164571303294,1.3600232051658168e-15,5.5497598704101758e-18
kepler_0000333,high_e,0.94206263186596106,1.3110571759561314,2.1163635101900606,2.1163635101900606,0,2.2204460492503131e-16
kepler_0000334,ordinary,0.67037370105724459,1.8435590386636074,2.3298889130151781,2.3298889130151781,0,2.2204460492503131e-16
kepler_0000335,ordinary,0.28292172339731414,0.1109717768031777,0.15451317253868938,0.15451317253868938,0,0
kepler_0000336,difficult,0.9999999996491542,6.5673534476807681e-05,0.073319484258054402,0.073319484258055373,9.7144514654701197e-16,9.3241386833753381e-18
kepler_0000337,high_e,0.96115689134062077,0.043783739682462589,0.52812392151620513,0.52812392151620491,2.2204460492503131e-16,1.3877787807814457e-17
kepler_0000338,ordinary,0.25028004928132719,2.0096783478753633,2.2104749397832117,2.2104749397832117,0,0
kepler_0000339,ordinary,0.25511865024312164,1.1996401479699341,1.4529905507024876,1.4529905507024876,0,0
kepler_0000340,difficult,0.99999997491395953,6.522133638904515e-07,0.015755336917191338,0.015755336917187591,3.7470027081099033e-15,1.1035780511539466e-18
kepler_0000341,high_e,0.98445509077256677,1.7982809013436365,2.4363917345154591,2.4363917345154591,0,2.2204460492503131e-16
kepler_0000342,ordinary,0.49273928153397634,3.1193476926181267,3.126690364202438,3.126690364202438,0,4.4408920985006262e-16
kepler_0000343,ordinary,0.30251325660079265,2.4486345960391067,2.6036368266274494,2.603636826627449,4.4408920985006262e-16,4.4408920985006262e-16
kepler_0000344,difficult,0.99999999974673814,0.0096387758737370641,0.38768512912651903,0.38768512912651881,2.2204460492503131e-16,6.9388939039072284e-18
kepler_0000345,high_e,0.9346602968480483,3.0614526259513286,3.1001636214829227,3.1001636214829227,0,0
kepler_0000346,ordinary,0.31146197428139366,2.9703944679548751,3.0109645466430619,3.0109645466430619,0,4.4408920985006262e-16
kepler_0000347,ordinary,0.11893827931208488,0.67194086409182419,0.75330060066002991,0.7533006006600298,1.1102230246251565e-16,1.1102230246251565e-16
kepler_0000348,difficult,0.9999999994810832,0.0040777494066330184,0.29071608630400159,0.29071608630400159,0,6.0715321659188248e-18
kepler_0000349,high_e,0.94186255078571635,0.0053176521650442543,0.089529978461272322,0.089529978461272849,5.2735593669694936e-16,3.3827107781547738e-17
kepler_0000350,ordinary,0.18724105600485369,0.57177928345414197,0.69112799420365301,0.69112799420365312,1.1102230246251565e-16,1.1102230246251565e-16
kepler_0000351,ordinary,0.7515034924436329,2.8995336739356214,3.0032026193054167,3.0032026193054171,4.4408920985006262e-16,4.4408920985006262e-16
kepler_0000352,difficult,0.99999994704127138,3.5181265655021765e-07,0.012819639228678554,0.01281963922868329,4.7357950894166834e-15,1.3954338410422564e-18
kepler_0000353,high_e,0.95600817343637734,0.20300568832831906,1.0152340977396332,1.0152340977396335,2.2204460492503131e-16,5.5511151231257827e-17
kepler_0000354,ordinary,0.29818647889966415,1.7273782603255208,1.9986817975763973,1.9986817975763973,0,2.2204460492503131e-16
kepler_0000355,ordinary,0.37298205186344857,1.3831604449826196,1.7501589691368364,1.7501589691368364,0,0
kepler_0000356,difficult,0.99999999995921385,0.00074660740665692942,0.16492179800359286,0.16492179800359325,3.8857805861880479e-16,1.1167282376600696e-17
kepler_0000357,high_e,0.91960766644052117,2.6523102300066017,2.8853672858732757,2.8853672858732757,0,4.4408920985006262e-16
kepler_0000358,ordinary,0.31709842435192642,1.9508727509388339,2.2061021764502162,2.2061021764502162,0,2.2204460492503131e-16
kepler_0000359,ordinary,0.85018001898524209,2.2844376523715324,2.6703864996645095,2.6703864996645095,0,4.4408920985006262e-16
kepler_0000360,difficult,0.99999993553036393,0.0011033562791395596,0.18787814698846816,0.18787814698846833,1.6653345369377348e-16,1.2793585635328952e-17
kepler_0000361,high_e,0.9118690451834458,2.5415246567523408,2.8252234999967469,2.8252234999967474,4.4408920985006262e-16,4.4408920985006262e-16
kepler_0000362,ordinary,0.71729339972061157,0.9251639325907266,1.6407052474007962,1.6407052474007964,2.2204460492503131e-16,1.1102230246251565e-16
kepler_0000363,ordinary,0.52388710421582496,1.2281436957672061,1.7441763194095647,1.7441763194095647,0,2.2204460492503131e-16
kepler_0000364,difficult,0.99999998399760737,2.1157807427589495e-06,0.023326649737198307,0.023326649737199681,1.3739009929736312e-15,1.3848988687607811e-19
kepler_0000365,high_e,0.91031345722989954,2.0521869299232747,2.5556082884746361,2.5556082884746361,0,0
kepler_0000366,ordinary,0.42500376574573262,1.1919259331750822,1.6164861653702107,1.6164861653702107,0,0
kepler_0000367,ordinary,0.23770991422995166,1.3652290417955546,1.6028171008878203,1.6028171008878203,0,0
kepler_0000368,difficult,0.99999997107952798,1.0188975537623553e-06,0.018281894845099862,0.018281894845103033,3.1710745140856034e-15,6.0351097491868899e-20
kepler_0000369,high_e,0.93511793617256767,1.5106878333916751,2.2426031326935316,2.2426031326935316,0,0
kepler_0000370,ordinary,0.32563438257186172,1.1041052798850959,1.4263483490884337,1.4263483490884337,0,0
kepler_0000371,ordinary,0.77720108767606266,1.963554649269093,2.4557661121489889,2.4557661121489889,0,2.2204460492503131e-16
kepler_0000372,difficult,0.99999999994847488,4.6522106158640228e-05,0.065358355387130737,0.065358355387129724,1.0130785099704553e-15,9.5003215364042326e-18
kepler_0000373,high_e,0.90544923909671671,1.7922061653636632,2.4022799439250733,2.4022799439250733,0,2.2204460492503131e-16
kepler_0000374,ordinary,0.58494872328193115,2.6853735769297966,2.8522643990667307,2.8522643990667307,0,4.4408920985006262e-16
kepler_0000375,ordinary,0.085354731970919501,2.2118780643454214,2.2768281089095725,2.2768281089095725,0,0
kepler_0000376,difficult,0.99999999980385679,2.3629462129199634e-05,0.052146037808383686,0.052146037808385171,1.4849232954361469e-15,5.6242987697685543e-19
kepler_0000377,high_e,0.98690077113165742,2.6183171686590634,2.8766966113457317,2.8766966113457317,0,0
kepler_0000378,ordinary,0.24195028551149847,1.1746703387371868,1.413638868361611,1.413638868361611,0,0
kepler_0000379,ordinary,0.38898918614154177,0.36791192050719262,0.58161130788802684,0.58161130788802684,0,5.5511151231257827e-17
kepler_0000380,difficult,0.99999999402391293,1.2329502064334303e-08,0.0041950557404361087,0.0041950557404178534,1.8255362499441929e-14,8.105228493774348e-19
kepler_0000381,high_e,0.97619339901038216,2.7563779299029463,2.9460506178766677,2.9460506178766677,0,4.4408920985006262e-16
kepler_0000382,ordinary,0.66702552223073819,1.4026807962100716,2.0071930600248855,2.0071930600248855,0,2.2204460492503131e-16
kepler_0000383,ordinary,0.26459129131779319,1.3713554903282463,1.6353949069710025,1.6353949069710025,0,0
kepler_0000384,difficult,0.99999998594739248,2.574337007851462e-08,0.0053602069629170562,0.0053602069629354538,1.8397609824472028e-14,3.7126512869340052e-19
kepler_0000385,high_e,0.98301939039874386,2.9417471403821374,3.0407295231842832,3.0407295231842828,4.4408920985006262e-16,4.4408920985006262e-16
kepler_0000386,ordinary,0.62338130350039556,1.1303787562948722,1.7443908119461613,1.7443908119461613,0,2.2204460492503131e-16
kepler_0000387,ordinary,0.27131988445774635,0.87014002074836594,1.1135927664132192,1.1135927664132192,0,1.1102230246251565e-16
kepler_0000388,difficult,0.99999997638538984,9.5353248021835566e-05,0.083025054376454743,0.083025054376455368,6.2450045135165055e-16,3.9166803481038848e-18
kepler_0000389,high_e,0.90861089789717853,1.9131166501774302,2.4749541101339094,2.4749541101339094,0,2.2204460492503131e-16
kepler_0000390,ordinary,0.028520574867590721,1.8628480166545247,1.8899285317943668,1.8899285317943668,0,0
kepler_0000391,ordinary,0.8807311192215328,2.2760056022943314,2.6734318095361327,2.6734318095361327,0,0
kepler_0000392,difficult,0.99999999993408695,8.1207981217035883e-05,0.07869759756686244,0.07869759756686194,4.9960036108132044e-16,1.1777146098623792e-17
kepler_0000393,high_e,0.98512599544733093,1.7179332721644527,2.3903375156282314,2.3903375156282314,0,0
kepler_0000394,ordinary,0.8795727553359951,2.0586315070818855,2.5495115015182841,2.5495115015182837,4.4408920985006262e-16,4.4408920985006262e-16
kepler_0000395,ordinary,0.44855105797472322,0.71278969404754278,1.1156833573142351,1.1156833573142351,0,0
kepler_0000396,difficult,0.99999999684190988,0.00034143617716225327,0.12703895471756088,0.1270389547175611,2.2204460492503131e-16,4.3368086899420177e-18
kepler_0000397,high_e,0.95862099031409886,1.3065771273951816,2.1228129305692911,2.1228129305692915,4.4408920985006262e-16,4.4408920985006262e-16
kepler_0000398,ordinary,0.087494765824017648,0.53300352708302856,0.58102796014938574,0.58102796014938562,1.1102230246251565e-16,0
kepler_0000399,ordinary,0.26252088249174538,0.79381669264845367,1.0171156137808866,1.0171156137808866,0,0
kepler_0000400,difficult,0.99999999980970311,2.9713997366672031e-06,0.026124148353356139,0.026124148353355817,3.2265856653168612e-16,2.3771979664691939e-18
kepler_0000401,high_e,0.91420734876291943,2.2745863810950833,2.6809628464433612,2.6809628464433617,4.4408920985006262e-16,4.4408920985006262e-16
kepler_0000402,ordinary,0.015206439810785288,2.1236815264922817,2.1365188264331891,2.1365188264331891,0,0
kepler_0000403,ordinary,0.62037709063162072,0.65077542051682713,1.2368883140717641,1.2368883140717641,0,0
kepler_0000404,difficult,0.99999995964921262,8.1836883630781524e-08,0.0078789875809995163,0.0078789875810081102,8.5938200999891023e-15,5.5440953375754127e-20
kepler_0000405,high_e,0.98008760493206903,0.85761184006872138,1.8098322965588933,1.8098322965588935,2.2204460492503131e-16,2.2204460492503131e-16
kepler_0000406,ordinary,0.79333156101748881,1.0259180261392666,1.7987303200277007,1.7987303200277005,2.2204460492503131e-16,0
kepler_0000407,ordinary,0.18589525140458157,1.0706426566481559,1.2468700597431215,1.2468700597431215,0,0
kepler_0000408,difficult,0.99999999871070711,1.6800633374030157e-08,0.0046534396502420231,0.004653439650262171,2.0147945811732626e-14,5.6503053282272214e-20
kepler_0000409,high_e,0.94832616728577102,1.8149791774903505,2.4324868610753922,2.4324868610753922,0,0
kepler_0000410,ordinary,0.13239874726276632,2.827391883516563,2.863711354400444,2.863711354400444,0,0
kepler_0000411,ordinary,0.11838972435212779,1.879656370945336,1.9878962636468103,1.9878962636468103,0,0
kepler_0000412,difficult,0.99999999884791491,0.0064825237532327266,0.33946840056676414,0.33946840056676425,1.1102230246251565e-16,1.0408340855860843e-17
kepler_0000413,high_e,0.96852910519688329,1.2695059905949733,2.1037231374081018,2.1037231374081018,0,2.2204460492503131e-16
kepler_0000414,ordinary,0.29742473121235191,2.1730850101736796,2.378625956137423,2.378625956137423,0,0
kepler_0000415,ordinary,0.61880624041936283,2.8855366211503002,2.9831637895787901,2.9831637895787901,0,0
kepler_0000416,difficult,0.99999999087816061,2.637819448125315e-08,0.0054058182956575633,0.0054058182956612825,3.7192471324942744e-15,1.2005037666104601e-19
kepler_0000417,high_e,0.97968915645785204,0.69349402500856083,1.6685098943287942,1.6685098943287942,0,1.1102230246251565e-16
kepler_0000418,ordinary,0.12749705711198298,1.8921107400504018,2.0076350160596941,2.0076350160596941,0,0
kepler_0000419,ordinary,0.16626708480476424,2.106140351309314,2.2368686220820635,2.2368686220820635,0,0
kepler_0000420,difficult,0.99999992698722961,1.181748954853134e-07,0.0089007742310293972,0.0089007742310249129,4.4842601854000463e-15,2.7372399086114749e-19
kepler_0000421,high_e,0.98271727829085465,0.15133409975967929,0.95161199851165679,0.95161199851165668,1.1102230246251565e-16,8.3266726846886741e-17
kepler_0000422,ordinary,0.68626312920034749,1.3500077704655931,1.9796948926407827,1.9796948926407827,0,2.2204460492503131e-16
kepler_0000423,ordinary,0.19112387777292975,2.303409464469945,2.4284459338153486,2.4284459338153486,0,0
kepler_0000424,difficult,0.99999999998942146,1.3446868204201587e-06,0.020056740482453265,0.020056740482453733,4.6837533851373792e-16,1.6792428179316504e-19
kepler_0000425,high_e,0.95250018133061898,1.4191219380145654,2.1930770602154137,2.1930770602154142,4.4408920985006262e-16,2.2204460492503131e-16
kepler_0000426,ordinary,0.49188166108197995,0.72644194165216491,1.1815236390154611,1.1815236390154611,0,0
kepler_0000427,ordinary,0.1117749370584272,0.14294292099041561,0.16084380919518856,0.16084380919518854,2.7755575615628914e-17,0
kepler_0000428,difficult,0.99999999952537932,0.00064148061523099965,0.15677958087101634,0.15677958087101593,4.163336342344337e-16,2.2551405187698492e-17
kepler_0000429,high_e,0.98817321283510751,2.1859836523948406,2.6512993014194808,2.6512993014194808,0,0
kepler_0000430,ordinary,0.79752840891835153,2.225447906554427,2.6216702357179429,2.6216702357179429,0,0
kepler_0000431,ordinary,0.26743651489513909,0.63950768912943101,0.83835931298979072,0.83835931298979061,1.1102230246251565e-16,1.1102230246251565e-16
kepler_0000432,difficult,0.99999991274780731,1.2617735287195579e-07,0.0090949051374524664,0.0090949051374410693,1.1397133237167623e-14,3.8539999100070665e-19
kepler_0000433,high_e,0.96744285609984637,2.9164253609594981,3.0270228108543016,3.0270228108543016,0,0
kepler_0000434,ordinary,0.36156601538039773,1.3207354978996046,1.6801421331196467,1.6801421331196467,0,0
kepler_0000435,ordinary,0.3549509665292217,0.70408268733378687,1.0034172432189579,1.0034172432189576,2.2204460492503131e-16,0
kepler_0000436,difficult,0.99999999990555266,1.4105910021121112e-08,0.0043904934849846962,0.0043904934849753521,9.3440880033490714e-15,3.4673095172507772e-19
kepler_0000437,high_e,0.91700956987983351,2.6099890085073536,2.8625584826119459,2.8625584826119455,4.4408920985006262e-16,8.8817841970012523e-16
kepler_0000438,ordinary,0.031062106672271772,0.10857349000941935,0.11204661609806278,0.11204661609806278,0,0
kepler_0000439,ordinary,0.045257379647391148,0.22282964465021099,0.23329233237029726,0.23329233237029723,2.7755575615628914e-17,0
kepler_0000440,difficult,0.99999999961507913,6.42749610586867e-06,0.033786172403701208,0.033786172403701964,7.5633943552588789e-16,6.5645053412208276e-19
kepler_0000441,high_e,0.98377183765147247,2.9570957902072581,3.0485229853867035,3.0485229853867035,0,0
kepler_0000442,ordinary,0.42950621827697433,0.064434843053889107,0.11276592669451078,0.1127659266945108,1.3877787807814457e-17,0
kepler_0000443,ordinary,0.78692053729480926,2.7414723151090108,2.9168454055224737,2.9168454055224737,0,0
kepler_0000444,difficult,0.99999990461224442,0.0032926551535178736,0.27066266413789658,0.27066266413789664,5.5511151231257827e-17,3.0791341698588326e-17
kepler_0000445,high_e,0.97318189013120393,1.7083163898318472,2.3799324456148936,2.3799324456148931,4.4408920985006262e-16,4.4408920985006262e-16
kepler_0000446,ordinary,0.31116672277645196,0.76478774851894293,1.0318459164155103,1.0318459164155103,0,1.1102230246251565e-16
kepler_0000447,ordinary,0.33482449587001373,0.011449251230281256,0.017211948748921933,0.017211948748921933,0,0
kepler_0000448,difficult,0.99999999939938389,0.00012003448021286907,0.089648672734677831,0.089648672734678081,2.4980018054066022e-16,5.3668007538032469e-18
kepler_0000449,high_e,0.97908645997748756,2.5312086538211775,2.8307101650674462,2.8307101650674462,0,4.4408920985006262e-16
kepler_0000450,ordinary,0.72341463022345365,2.1466940352189035,2.5500815971808053,2.5500815971808053,0,4.4408920985006262e-16
kepler_0000451,ordinary,0.58875624662931758,2.7150224768032114,2.8718922630449804,2.8718922630449804,0,0
kepler_0000452,difficult,0.99999999993441646,7.6163825901741714e-06,0.035752729941552423,0.035752729941553277,8.5348395018058909e-16,2.6020852139652106e-18
kepler_0000453,high_e,0.94521023895691891,2.0327195455346354,2.5555138694772199,2.5555138694772199,0,0
kepler_0000454,ordinary,0.74568575984906305,2.4281705036302714,2.7279184916575234,2.7279184916575234,0,4.4408920985006262e-16
kepler_0000455,ordinary,0.63822856669653316,2.126082295323124,2.505319166016025,2.5053191660160246,4.4408920985006262e-16,4.4408920985006262e-16
kepler_0000456,difficult,0.99999999458127087,0.0024569011700762743,0.24544205446338574,0.24544205446338585,1.1102230246251565e-16,4.3368086899420177e-18
kepler_0000457,high_e,0.95845462611230292,0.16774053118561325,0.94400747006915253,0.94400747006915264,1.1102230246251565e-16,2.7755575615628914e-17
kepler_0000458,ordinary,0.71321756731413588,0.3451146746064635,0.90679818186005168,0.90679818186005157,1.1102230246251565e-16,0
kepler_0000459,ordinary,0.23734320931503045,0.01190465291538842,0.015609252575544815,0.015609252575544815,0,0
kepler_0000460,difficult,0.99999999756687585,3.0976271762611849e-07,0.012294586090472707,0.012294586090477327,4.6195686165262373e-15,5.2944853159314111e-19
kepler_0000461,high_e,0.93092452471628462,0.23452429243355716,1.0349833209299197,1.0349833209299197,0,5.5511151231257827e-17
kepler_0000462,ordinary,0.32383586068276837,2.1806512499659951,2.3995079280109866,2.3995079280109861,4.4408920985006262e-16,4.4408920985006262e-16
kepler_0000463,ordinary,0.54154435411806201,1.9393757277769426,2.3316048163039254,2.3316048163039254,0,0
kepler_0000464,difficult,0.99999999997942879,2.479255955277339e-06,0.02459396517674671,0.024593965176747914,1.2038980923279041e-15,1.4272505161234961e-19
kepler_0000465,high_e,0.9692155939799455,0.73383614135943431,1.695522629416238,1.695522629416238,0,1.1102230246251565e-16
kepler_0000466,ordinary,0.37494836843938606,2.0483296399387116,2.3222924917541463,2.3222924917541463,0,0
kepler_0000467,ordinary,0.55646648314009783,1.8987891887610513,2.3100151697941218,2.3100151697941214,4.4408920985006262e-16,4.4408920985006262e-16
kepler_0000468,difficult,0.99999990456996835,6.2052008198516671e-06,0.033386387556272948,0.033386387556275272,2.3245294578089215e-15,4.3156328662606602e-18
kepler_0000469,high_e,0.91002561478579735,2.3781056542338619,2.736636306744046,2.736636306744046,0,0
kepler_0000470,ordinary,0.32446284139226916,2.5430918594720038,2.6858867516989431,2.6858867516989431,0,4.4408920985006262e-16
kepler_0000471,ordinary,0.67478598651463295,0.71934193738826846,1.3821574851503173,1.3821574851503173,0,1.1102230246251565e-16
kepler_0000472,difficult,0.99999995602322711,1.1747264547842902e-07,0.0088895685225080061,0.0088895685225174135,9.4074054102222249e-15,7.4844625312778029e-19
kepler_0000473,high_e,0.93348819904539271,1.2160790733940989,2.0460955520888868,2.0460955520888868,0,2.2204460492503131e-16
kepler_0000474,ordinary,0.71870988853785733,2.7624744523509124,2.9202557717391233,2.9202557717391233,0,0
kepler_0000475,ordinary,0.16297774867297368,1.0736416913255262,1.2270870657811028,1.2270870657811028,0,0
kepler_0000476,difficult,0.99999996891449716,4.2876330248338502e-07,0.013697684103833596,0.013697684103830172,3.4243441415782172e-15,5.6820028893002535e-19
kepler_0000477,high_e,0.92549047974295273,2.8935901308801637,3.0126212807359938,3.0126212807359938,0,0
kepler_0000478,ordinary,0.89642249997739698,2.0286742062256122,2.5377049250893737,2.5377049250893737,0,0
kepler_0000479,ordinary,0.36779334493091626,2.3726072656252475,2.5712014585001794,2.5712014585001794,0,0
kepler_0000480,difficult,0.99999999711608867,9.1254700427794165e-06,0.03797322930567737,0.037973229305676655,7.1470607210244452e-16,1.7753810574450135e-18
kepler_0000481,high_e,0.90395404692746906,2.2408062235914725,2.6597278532775142,2.6597278532775142,0,0
kepler_0000482,ordinary,0.55522446829542149,3.0663878682761951,3.0932296979951452,3.0932296979951452,0,4.4408920985006262e-16
kepler_0000483,ordinary,0.80492153125135357,0.21965539681771398,0.79330116384235894,0.79330116384235883,1.1102230246251565e-16,8.3266726846886741e-17
kepler_0000484,difficult,0.99999998384407163,2.5626865957642983e-05,0.053575323829416384,0.053575323829417043,6.591949208711867e-16,3.2390539903004445e-18
kepler_0000485,high_e,0.96245674111954593,1.701084436528673,2.3712921173344035,2.371292117334403,4.4408920985006262e-16,4.4408920985006262e-16
kepler_0000486,ordinary,0.38826673697636821,1.9780039298605525,2.2741309716328439,2.2741309716328439,0,2.2204460492503131e-16
kepler_0000487,ordinary,0.52695809668780647,2.3101541305509885,2.5874479934219892,2.5874479934219892,0,0
kepler_0000488,difficult,0.9999999983746608,3.9591243143243465e-06,0.028746682761057581,0.028746682761055218,2.3626933742804113e-15,3.2695471764015993e-19
kepler_0000489,high_e,0.92521843372119628,1.2153769779731012,2.040427064649001,2.040427064649001,0,2.2204460492503131e-16
kepler_0000490,ordinary,0.60280500028675954,1.8058570103859617,2.2679941027705333,2.2679941027705333,0,2.2204460492503131e-16
kepler_0000491,ordinary,0.41611717616615973,1.2208317619744247,1.6360629780936111,1.6360629780936109,2.2204460492503131e-16,0
kepler_0000492,difficult,0.9999999963609042,3.9191297860338441e-08,0.0061711238856142006,0.0061711238856065366,7.6640083168655337e-15,5.5207357570769152e-19
kepler_0000493,high_e,0.90662242039554652,1.8589496114218902,2.4424305728011881,2.4424305728011881,0,2.2204460492503131e-16
kepler_0000494,ordinary,0.73674666778739151,0.34331983084876522,0.93696331599214688,0.93696331599214677,1.1102230246251565e-16,5.5511151231257827e-17
kepler_0000495,ordinary,0.092345956383471581,1.6247091827334541,1.7160822332899606,1.7160822332899606,0,0
kepler_0000496,difficult,0.99999999983540089,2.9389524464716233e-08,0.0056075990164308961,0.0056075990164275525,3.3436794999452957e-15,3.9865804185870658e-19
kepler_0000497,high_e,0.91982458863998118,0.080420223966954293,0.59913659621914328,0.59913659621914339,1.1102230246251565e-16,4.163336342344337e-17
kepler_0000498,ordinary,0.10137540510531495,0.91541918125676058,1.0007655499730861,1.0007655499730863,2.2204460492503131e-16,1.1102230246251565e-16
kepler_0000499,ordinary,0.17720672747320632,0.49790192746276291,0.59761062966211653,0.59761062966211653,0,5.5511151231257827e-17
kepler_0000500,difficult,0.99999999985895782,0.00012857792958931674,0.091727617730551284,0.091727617730550798,4.8572257327350599e-16,1.0164395367051604e-17
kepler_0000501,high_e,0.94444388601692064,1.1631523111559516,2.0156691368636359,2.0156691368636359,0,2.2204460492503131e-16
kepler_0000502,ordinary,0.20315798908883362,1.5650332895633301,1.7643958941862414,1.7643958941862417,2.2204460492503131e-16,2.2204460492503131e-16
kepler_0000503,ordinary,0.5485222406535426,0.78557792586778019,1.316453590877493,1.316453590877493,0,0
kepler_0000504,difficult,0.99999999998384959,0.00037217728646978031,0.13074470374121372,0.13074470374121319,5.2735593669694936e-16,1.4419888894057209e-17
kepler_0000505,high_e,0.9194087141306706,0.21260629255530683,0.97210661865682424,0.97210661865682402,2.2204460492503131e-16,1.1102230246251565e-16
kepler_0000506,ordinary,0.87942395597411871,1.1859020723975773,1.9893957953553862,1.9893957953553862,0,0
kepler_0000507,ordinary,0.13020188487050682,0.9828180191428536,1.0987829324324192,1.0987829324324192,0,1.1102230246251565e-16
kepler_0000508,difficult,0.99999999662218275,1.5459275559050833e-06,0.021010836638661413,0.021010836638661528,1.1449174941446927e-16,6.2955723804675873e-19
kepler_0000509,high_e,0.9862558673011792,1.9640634344739063,2.5301903611808174,2.5301903611808174,0,2.2204460492503131e-16
kepler_0000510,ordinary,0.86730398712283396,3.0490082331973127,3.0920013453543733,3.0920013453543733,0,4.4408920985006262e-16
kepler_0000511,ordinary,0.23866478481442385,1.8800184596309468,2.0875233611286617,2.0875233611286617,0,2.2204460492503131e-16
kepler_0000512,difficult,0.99999999995172262,2.6095376341809637e-07,0.011611961929698624,0.01161196192970451,5.8859167539893065e-15,1.0314214319597208e-18
kepler_0000513,high_e,0.95354714614357949,1.2508201585188994,2.0823151985850883,2.0823151985850883,0,2.2204460492503131e-16
kepler_0000514,ordinary,0.46375890723026175,2.8664198089666333,2.9532499356451094,2.9532499356451094,0,0
kepler_0000515,ordinary,0.11695875501370759,0.72564699788133469,0.81039018310776145,0.81039018310776134,1.1102230246251565e-16,0
kepler_0000516,difficult,0.99999999996461464,2.1668958251613776e-07,0.010914328774211928,0.010914328774217037,5.1087606367516969e-15,7.5020649347129313e-19
kepler_0000517,high_e,0.98182097976228033,0.32196265229973653,1.2553336437646057,1.2553336437646057,0,1.1102230246251565e-16
kepler_0000518,ordinary,0.89367676479068214,2.747186158422902,2.9326007300848462,2.9326007300848462,0,4.4408920985006262e-16
kepler_0000519,ordinary,0.87645865934778033,1.1897184376874894,1.9902118815551235,1.9902118815551235,0,0
kepler_0000520,difficult,0.99999999700461917,0.005517812890400299,0.32165355042263599,0.32165355042263566,3.3306690738754696e-16,3.4694469519536142e-17
kepler_0000521,high_e,0.91976616971453296,2.0530162997913779,2.5590357110373261,2.5590357110373261,0,4.4408920985006262e-16
kepler_0000522,ordinary,0.42176900163503594,2.1019698310710924,2.3899656491767165,2.3899656491767165,0,0
kepler_0000523,ordinary,0.47018968873662054,3.0348916929213039,3.0689959428249103,3.0689959428249098,4.4408920985006262e-16,4.4408920985006262e-16
kepler_0000524,difficult,0.99999999848364129,3.53557910909537e-05,0.059643435167819135,0.059643435167817782,1.3530843112619095e-15,3.7337212314969559e-18
kepler_0000525,high_e,0.90318057554040543,3.0883793402467785,3.1136307224545545,3.1136307224545545,0,4.4408920985006262e-16
kepler_0000526,ordinary,0.057303020315964313,0.26647318825899835,0.28244373398537115,0.28244373398537115,0,0
kepler_0000527,ordinary,0.41538207552415918,1.3157431171623337,1.7261243409080766,1.7261243409080766,0,2.2204460492503131e-16
kepler_0000528,difficult,0.99999999997817146,8.9524086112968537e-06,0.037731784085875464,0.037731784085876165,7.0082828429463007e-16,2.9307339974998792e-19
kepler_0000529,high_e,0.92907108221100965,1.0325140342091335,1.908965816650108,1.908965816650108,0,0
kepler_0000530,ordinary,0.81343593035208617,0.58977559439786709,1.3899451593356376,1.3899451593356376,0,1.1102230246251565e-16
kepler_0000531,ordinary,0.6991890270100608,3.0488309014582127,3.0869897113131355,3.0869897113131355,0,0
kepler_0000532,difficult,0.99999999900997094,2.5503340483529495e-06,0.024826710087470935,0.024826710087475227,4.2917058795666208e-15,1.0007694271809559e-18
kepler_0000533,high_e,0.92667291984563904,1.7316534340372314,2.3746836725881444,2.3746836725881444,0,2.2204460492503131e-16
kepler_0000534,ordinary,0.69459270265328665,2.9862518061661323,3.0498714170764294,3.0498714170764294,0,4.4408920985006262e-16
kepler_0000535,ordinary,0.49341768655776364,0.030663224477318368,0.060493668823274199,0.060493668823274192,6.9388939039072284e-18,0
kepler_0000536,difficult,0.99999997608544478,5.5960270528951594e-06,0.032260017295100731,0.032260017295104013,3.282096816548119e-15,3.0298368523286323e-18
kepler_0000537,high_e,0.968021348899753,2.1224885410497798,2.6117359333739096,2.6117359333739096,0,0
kepler_0000538,ordinary,0.8178013705507764,2.1966545768992041,2.610705941731593,2.610705941731593,0,0
kepler_0000539,ordinary,0.45294546383122014,1.7279898220926464,2.1154071943136548,2.1154071943136543,4.4408920985006262e-16,2.2204460492503131e-16
kepler_0000540,difficult,0.9999999919029614,1.8889336446898701e-06,0.022461859068366279,0.022461859068361689,4.5900783174346316e-15,1.4395324938586834e-18
kepler_0000541,high_e,0.91381146461365903,0.1566284191946046,0.83249540321410043,0.83249540321410054,1.1102230246251565e-16,1.3877787807814457e-16
kepler_0000542,ordinary,0.41084220890162337,0.20211758358180676,0.33857676719881508,0.33857676719881508,0,0
kepler_0000543,ordinary,0.34710027079264427,3.0687432680223417,3.0875071943072787,3.0875071943072787,0,0
kepler_0000544,difficult,0.99999999709891285,2.0372786167017235e-06,0.023035606523404865,0.023035606523401093,3.7712888367735786e-15,7.7461163026405766e-19
kepler_0000545,high_e,0.95397616372534955,2.4517206863033585,2.7848615610170482,2.7848615610170482,0,4.4408920985006262e-16
kepler_0000546,ordinary,0.61318039787391032,2.0236433689117113,2.4259517694696311,2.4259517694696311,0,0
kepler_0000547,ordinary,0.45084912404388844,2.5143712164712864,2.7050104080739015,2.7050104080739015,0,0
kepler_0000548,difficult,0.99999999992581812,0.0083662449752560878,0.36972904331718137,0.36972904331718121,1.6653345369377348e-16,2.2551405187698492e-17
kepler_0000549,high_e,0.90770639230399019,2.2832746912035344,2.6841598578909038,2.6841598578909038,0,0
kepler_0000550,ordinary,0.47194917641121525,0.28547849916704088,0.51996726281669758,0.51996726281669747,1.1102230246251565e-16,5.5511151231257827e-17
kepler_0000551,ordinary,0.7452715000152863,0.74581559169757639,1.4885689962766686,1.4885689962766688,2.2204460492503131e-16,1.1102230246251565e-16
kepler_0000552,difficult,0.99999999967960629,0.00032901137855466205,0.12547812051183171,0.12547812051183169,2.7755575615628914e-17,1.2034644114589099e-17
kepler_0000553,high_e,0.91497331553758909,3.0112041221271131,3.0734785391459827,3.0734785391459827,0,0
kepler_0000554,ordinary,0.50647928107360862,1.8399687503884319,2.2378752242417428,2.2378752242417428,0,2.2204460492503131e-16
kepler_0000555,ordinary,0.88729580640798666,2.5818803989490635,2.8429464401630709,2.8429464401630709,0,0
kepler_0000556,difficult,0.99999999523343186,2.1760756803122968e-08,0.005071242410705259,0.0050712424107223104,1.7051464407114025e-14,1.3859245727203468e-19
kepler_0000557,high_e,0.94051367913399286,2.8642771617371938,2.9984476731017953,2.9984476731017953,0,0
kepler_0000558,ordinary,0.14615552050354833,2.005535495443461,2.129469414072644,2.129469414072644,0,0
kepler_0000559,ordinary,0.41359306532608603,0.72535576071435015,1.0925439198464988,1.0925439198464988,0,0
kepler_0000560,difficult,0.99999999998958289,1.9377472239219878e-07,0.010515183188603096,0.010515183188602818,2.7755575615628914e-16,1.0303361709960513e-18
kepler_0000561,high_e,0.97509335288964527,0.48560955762919183,1.4540673024576134,1.4540673024576134,0,5.5511151231257827e-17
kepler_0000562,ordinary,0.71882945516149932,2.2953599229981396,2.6406068382183574,2.6406068382183574,0,0
kepler_0000563,ordinary,0.66845139741198623,0.09048112467296493,0.26656256426832564,0.26656256426832597,3.3306690738754696e-16,1.1102230246251565e-16
kepler_0000564,difficult,0.99999997892949288,1.1896278565573138e-07,0.008932208071453368,0.0089322080714422415,1.1126516374915241e-14,3.7093425644837931e-19
kepler_0000565,high_e,0.94532481223478082,0.38394927726820205,1.2930436340867733,1.2930436340867735,2.2204460492503131e-16,1.1102230246251565e-16
kepler_0000566,ordinary,0.43331036913986715,0.27277351628838287,0.46839261054853837,0.46839261054853837,0,0
kepler_0000567,ordinary,0.07753342046813215,2.517737352935427,2.5603106322794864,2.5603106322794864,0,4.4408920985006262e-16
kepler_0000568,difficult,0.99999999994282052,2.1778560107083951e-06,0.023553967092157794,0.023553967092160115,2.3210600108569679e-15,8.7752613335545515e-19
kepler_0000569,high_e,0.93809073346222238,0.75575200785623464,1.687465479350009,1.6874654793500088,2.2204460492503131e-16,1.1102230246251565e-16
kepler_0000570,ordinary,0.4935046313635586,3.0088040745643498,3.0526431860930887,3.0526431860930887,0,4.4408920985006262e-16
kepler_0000571,ordinary,0.48886251408593923,1.2355781200840457,1.7190761844020559,1.7190761844020559,0,0
kepler_0000572,difficult,0.99999998489393782,0.00029030813617567189,0.12034851996659071,0.12034851996659118,4.7184478546569153e-16,9.2157184661267877e-19
kepler_0000573,high_e,0.9659844215523159,2.4791911263919646,2.801457521862559,2.801457521862559,0,4.4408920985006262e-16
kepler_0000574,ordinary,0.89428166479941751,1.0204017428212522,1.8739136563949272,1.8739136563949272,0,0
kepler_0000575,ordinary,0.83674507653177166,2.2910522021888995,2.670681871719518,2.6706818717195184,4.4408920985006262e-16,4.4408920985006262e-16
kepler_0000576,difficult,0.9999999995231722,0.0011060703286432845,0.18803293051852432,0.18803293051852463,3.0531133177191805e-16,9.3241386833753381e-18
kepler_0000577,high_e,0.94839911784139852,1.2480883840869132,2.077376840332823,2.077376840332823,0,2.2204460492503131e-16
kepler_0000578,ordinary,0.25575620137335914,1.5414809425107985,1.7910581454886156,1.7910581454886156,0,0
kepler_0000579,ordinary,0.50896795882219015,0.58684552578218152,1.0207375560203376,1.0207375560203376,0,0
kepler_0000580,difficult,0.99999999041082144,4.1619696680782484e-07,0.013565614360402682,0.013565614360402311,3.7123082385903672e-16,9.6852923562608904e-19
kepler_0000581,high_e,0.921965476458384,3.1369638678969802,3.1391842919953747,3.1391842919953747,0,0
kepler_0000582,ordinary,0.52902435623152444,2.252255359864249,2.5481121104736926,2.5481121104736921,4.4408920985006262e-16,4.4408920985006262e-16
kepler_0000583,ordinary,0.66770523753688782,0.049220280805404949,0.14705842618106219,0.1470584261810623,1.1102230246251565e-16,4.8572257327350599e-17
kepler_0000584,difficult,0.99999999977367227,0.0079308578964365824,0.36317167222321539,0.36317167222321539,0,2.2551405187698492e-17
kepler_0000585,high_e,0.92553487217515773,0.68423247500963225,1.6090888656298936,1.6090888656298936,0,0
kepler_0000586,ordinary,0.1314353637878386,1.6960667233042288,1.8233331778509672,1.8233331778509672,0,0
kepler_0000587,ordinary,0.017072735689390838,1.9675998452902752,1.9832409235833333,1.9832409235833335,2.2204460492503131e-16,2.2204460492503131e-16
kepler_0000588,difficult,0.999999997093732,3.9552885185097674e-06,0.02873730655490616,0.028737306554903565,2.5951463200613034e-15,1.3289946942419972e-18
kepler_0000589,high_e,0.93691571257936479,2.3539224989920564,2.7293295171927925,2.7293295171927925,0,0
kepler_0000590,ordinary,0.40935455184700781,2.9584700287424717,3.0115526091209723,3.0115526091209723,0,0
kepler_0000591,ordinary,0.82506184669508931,2.9088345833650568,3.0139015649386178,3.0139015649386183,4.4408920985006262e-16,4.4408920985006262e-16
kepler_0000592,difficult,0.99999999992069455,8.2981369640435651e-08,0.0079258036268650602,0.0079258036268698481,4.7878367936959876e-15,1.6306707723625366e-19
kepler_0000593,high_e,0.91147054939148087,1.0177322541695313,1.8846720790179539,1.8846720790179541,2.2204460492503131e-16,2.2204460492503131e-16
kepler_0000594,ordinary,0.18770465626406477,0.062026976422557271,0.076342996679182845,0.076342996679182845,0,0
kepler_0000595,ordinary,0.81861284049356831,0.5910671339356911,1.3974051857780967,1.3974051857780967,0,0
kepler_0000596,difficult,0.99999996647474843,1.6613436971135045e-05,0.046366637271810139,0.046366637271811909,1.7694179454963432e-15,3.4389537658524594e-18
kepler_0000597,high_e,0.95049483592862494,1.2521675430400021,2.0814180463000684,2.0814180463000684,0,2.2204460492503131e-16
kepler_0000598,ordinary,0.89325758448360215,2.4285325807727851,2.760645583791137,2.760645583791137,0,0
kepler_0000599,ordinary,0.84721862711290308,2.0755021368287827,2.5488151021561332,2.5488151021561332,0,0
kepler_0000600,difficult,0.99999999995452515,6.9475037241076211e-05,0.074707993344340085,0.074707993344341417,1.3322676295501878e-15,5.4752209710517974e-18
kepler_0000601,high_e,0.91389318011000109,1.701120101453957,2.3508102114510034,2.3508102114510034,0,2.2204460492503131e-16
kepler_0000602,ordinary,0.6339206941954969,2.8411203966326375,2.9572920721387401,2.9572920721387397,4.4408920985006262e-16,4.4408920985006262e-16
kepler_0000603,ordinary,0.87385776595740883,1.9951106812807706,2.5106234893437027,2.5106234893437027,0,2.2204460492503131e-16
kepler_0000604,difficult,0.99999999991393029,0.00028654020367437343,0.11982557720450601,0.11982557720450519,8.1878948066105295e-16,2.6020852139652106e-18
kepler_0000605,high_e,0.9024698218967786,2.8627598450982839,2.9947791470287299,2.9947791470287295,4.4408920985006262e-16,4.4408920985006262e-16
kepler_0000606,ordinary,0.27007425016527831,3.0622766190962709,3.0791341005995387,3.0791341005995383,4.4408920985006262e-16,4.4408920985006262e-16
kepler_0000607,ordinary,0.62070120774152682,1.463964844015595,2.0224312882961719,2.0224312882961719,0,2.2204460492503131e-16
kepler_0000608,difficult,0.99999994453416152,0.002556883431845838,0.2487336090893574,0.24873360908935707,3.3306690738754696e-16,1.9081958235744878e-17
kepler_0000609,high_e,0.95944474757277365,1.0569541787289793,1.9487004898049909,1.9487004898049911,2.2204460492503131e-16,0
kepler_0000610,ordinary,0.60542845977232473,3.1412282136080401,3.1413656487795105,3.1413656487795101,4.4408920985006262e-16,4.4408920985006262e-16
kepler_0000611,ordinary,0.33290355355076079,0.43171883071881423,0.62705386898823512,0.62705386898823501,1.1102230246251565e-16,1.1102230246251565e-16
kepler_0000612,difficult,0.99999999978245202,0.0011058171204385318,0.18801856670213168,0.18801856670213188,1.9428902930940239e-16,2.6020852139652106e-18
kepler_0000613,high_e,0.9785449271307235,1.4015922810082786,2.1953891744991596,2.1953891744991596,0,2.2204460492503131e-16
kepler_0000614,ordinary,0.6104972408949616,1.7660034687994917,2.2434983304069256,2.243498330406926,4.4408920985006262e-16,4.4408920985006262e-16
kepler_0000615,ordinary,0.59773532636297133,1.7193173553773498,2.2019110788723815,2.2019110788723815,0,2.2204460492503131e-16
kepler_0000616,difficult,0.99999999994807465,1.5632293512203551e-05,0.045436643172383259,0.045436643172381282,1.9775847626135601e-15,1.3620289791849149e-18
kepler_0000617,high_e,0.90496965176400745,2.7108277624754695,2.914541376228184,2.914541376228184,0,0
kepler_0000618,ordinary,0.39099680715674912,2.8861181125548212,2.9576385980472435,2.9576385980472435,0,0
kepler_0000619,ordinary,0.33062865611935821,2.8107810209335762,2.8923403211866834,2.8923403211866834,0,0
kepler_0000620,difficult,0.99999999974320497,4.0725648089772977e-07,0.013469139012921749,0.013469139012918763,2.985459102156085e-15,4.334691107573882e-19
kepler_0000621,high_e,0.94189669755555483,2.8738213281250733,3.0034882783515111,3.0034882783515111,0,4.4408920985006262e-16
kepler_0000622,ordinary,0.38492857138579695,1.7677236162338164,2.0999979608177664,2.0999979608177659,4.4408920985006262e-16,2.2204460492503131e-16
kepler_0000623,ordinary,0.26838354689060318,2.0353184479882196,2.2449835859239782,2.2449835859239782,0,0
kepler_0000624,difficult,0.99999999998623001,3.048692085896975e-06,0.02634874569478611,0.026348745694789771,3.660266534311063e-15,5.8360570065821293e-19
kepler_0000625,high_e,0.96709389746641961,0.71243245708531011,1.6743461243627704,1.6743461243627704,0,1.1102230246251565e-16
kepler_0000626,ordinary,0.52447548284119894,0.014173110575005109,0.029800350631488295,0.029800350631488295,0,0
kepler_0000627,ordinary,0.64861405526352389,1.5897340521055825,2.1370947229219688,2.1370947229219688,0,0
kepler_0000628,difficult,0.99999999996583844,0.0044293801185392636,0.29886702439061025,0.29886702439061053,2.7755575615628914e-16,8.6736173798840355e-18
kepler_0000629,high_e,0.93961396306376055,2.7599033787426945,2.944186551221792,2.944186551221792,0,0
kepler_0000630,ordinary,0.62826184405448238,1.8041820748929587,2.2806796741709014,2.2806796741709014,0,2.2204460492503131e-16
kepler_0000631,ordinary,0.14269762689584711,0.111416754380722,0.12990126901102642,0.12990126901102642,0,1.3877787807814457e-17
kepler_0000632,difficult,0.99999999974502773,3.9103427399735251e-07,0.013287870354111511,0.013287870354108076,3.434752482434078e-15,1.0953194799182171e-19
kepler_0000633,high_e,0.93673347397409101,0.15203516995512253,0.86494541045027007,0.86494541045027007,0,2.7755575615628914e-17
kepler_0000634,ordinary,0.43337433617768362,1.729420288244724,2.102881161095103,2.102881161095103,0,2.2204460492503131e-16
kepler_0000635,ordinary,0.36575713342709615,3.0124100757276855,3.0469680680147033,3.0469680680147033,0,0
kepler_0000636,difficult,0.99999999987739452,0.0047492130538326375,0.30591569697798404,0.30591569697798382,2.2204460492503131e-16,5.2909066017292616e-17
kepler_0000637,high_e,0.96404790062010193,0.90969520290832773,1.8392205553623251,1.8392205553623251,0,0
kepler_0000638,ordinary,0.014124977658839289,2.8782686282701353,2.8818957478470035,2.8818957478470035,0,0
kepler_0000639,ordinary,0.55276342807950707,1.3057367991711735,1.8387715441823345,1.8387715441823342,2.2204460492503131e-16,2.2204460492503131e-16
kepler_0000640,difficult,0.99999999922747695,1.4023047379465018e-07,0.0094404131282568027,0.0094404131282647234,7.9207473913101012e-15,9.1863370107689041e-19
kepler_0000641,high_e,0.93439343467364011,0.67634937654426053,1.6100239771014955,1.6100239771014955,0,1.1102230246251565e-16
kepler_0000642,ordinary,0.42461973460370339,2.2386832348335406,2.4946295660778599,2.4946295660778603,4.4408920985006262e-16,4.4408920985006262e-16
kepler_0000643,ordinary,0.43866466938190102,2.0858527578836417,2.3864956675699447,2.3864956675699442,4.4408920985006262e-16,4.4408920985006262e-16
kepler_0000644,difficult,0.99999999987635046,7.4479440819571324e-06,0.035487187629235126,0.035487187629235965,8.3960616237277463e-16,2.0133973156234719e-18
kepler_0000645,high_e,0.95074842297347406,0.46146396334282003,1.3980641608661766,1.3980641608661766,0,0
kepler_0000646,ordinary,0.078352136408914877,0.58852730138701559,0.63500429802135894,0.63500429802135883,1.1102230246251565e-16,0
kepler_0000647,ordinary,0.29418700168261896,0.67642514880117677,0.90839719193414059,0.90839719193414059,0,0
kepler_0000648,difficult,0.99999999899497438,1.8589599430488581e-06,0.022343041501828385,0.022343041501832694,4.3090531143263888e-15,3.2509124515620047e-18
kepler_0000649,high_e,0.95123865538849539,0.69883763907916396,1.6472943520057934,1.6472943520057932,2.2204460492503131e-16,2.2204460492503131e-16
kepler_0000650,ordinary,0.13582404805711451,2.7414390282566972,2.7884176570293753,2.7884176570293757,4.4408920985006262e-16,4.4408920985006262e-16
kepler_0000651,ordinary,0.32315616806648062,0.80974554539361665,1.0973561533892198,1.0973561533892198,0,0
kepler_0000652,difficult,0.99999999232615688,0.00023462856834243167,0.11209884611419653,0.11209884611419607,4.5796699765787707e-16,1.1492543028346347e-17
kepler_0000653,high_e,0.96724679645590306,2.879667324017591,3.0082554710042735,3.0082554710042735,0,4.4408920985006262e-16
kepler_0000654,ordinary,0.06695085242674105,0.49479073511909349,0.52855300097202973,0.52855300097202973,0,0
kepler_0000655,ordinary,0.55298120128367523,1.5882724436372948,2.0729792303876518,2.0729792303876518,0,0
kepler_0000656,difficult,0.99999998984793814,0.0049607193017088044,0.31040547522149725,0.31040547522149697,2.7755575615628914e-16,2.2551405187698492e-17
kepler_0000657,high_e,0.93058099636232405,1.8641766547167462,2.4544633229429387,2.4544633229429387,0,2.2204460492503131e-16
kepler_0000658,ordinary,0.17970323334241312,0.78555101661236804,0.92955711773776273,0.92955711773776273,0,0
kepler_0000659,ordinary,0.1821644081513131,0.83374991525913833,0.98560314917557124,0.98560314917557124,0,0
kepler_0000660,difficult,0.99999999363284642,5.9110372363255764e-06,0.032855469147237672,0.032855469147234549,3.1225022567582528e-15,3.8319770533784547e-18
kepler_0000661,high_e,0.91896467937023452,1.2090975610404067,2.0320329991256605,2.0320329991256605,0,2.2204460492503131e-16
kepler_0000662,ordinary,0.73504953101161863,1.6521494337681173,2.2321997836815477,2.2321997836815477,0,2.2204460492503131e-16
kepler_0000663,ordinary,0.83215653032263048,1.321041078871789,2.0568283435262589,2.0568283435262589,0,2.2204460492503131e-16
kepler_0000664,difficult,0.99999997790057327,3.0817521095340617e-05,0.056972756728068501,0.05697275672806746,1.0408340855860843e-15,2.2971533529536625e-18
kepler_0000665,high_e,0.93262828645218554,1.8068029693229031,2.4216932377969496,2.4216932377969496,0,4.4408920985006262e-16
kepler_0000666,ordinary,0.44226566932564948,1.5495366282996976,1.9589088005936852,1.9589088005936852,0,2.2204460492503131e-16
kepler_0000667,ordinary,0.75059735545161665,0.5223142283986969,1.2296579853659808,1.2296579853659808,0,0
kepler_0000668,difficult,0.99999999876428824,8.4995699294247118e-08,0.0079891341551020217,0.0079891341550929543,9.0673996089307707e-15,4.9048501601944329e-19
kepler_0000669,high_e,0.93090190416403684,0.47827003848028921,1.3947903362805472,1.3947903362805472,0,5.5511151231257827e-17
kepler_0000670,ordinary,0.48493110725315008,1.7103290854061861,2.1231476261107316,2.1231476261107316,0,0
kepler_0000671,ordinary,0.80389225846976209,0.16961611880907232,0.66680827525619335,0.66680827525619346,1.1102230246251565e-16,2.7755575615628914e-17
kepler_0000672,difficult,0.9999999998237793,7.0231093488303883e-07,0.01615207026769859,0.016152070267692678,5.9119376061289586e-15,6.9869630236639099e-19
kepler_0000673,high_e,0.95466019904249577,1.0585377954968251,1.9465815481546933,1.9465815481546931,2.2204460492503131e-16,2.2204460492503131e-16
kepler_0000674,ordinary,0.087863583560216826,0.26661303113120804,0.29189753554044251,0.29189753554044251,0,0
kepler_0000675,ordinary,0.072154649424354664,1.1126071909736801,1.1793026298689315,1.1793026298689315,0,0
kepler_0000676,difficult,0.9999999128052518,4.2658216917571283e-08,0.0063217231290339593,0.0063217231290484755,1.4516166046973922e-14,4.7571487900169643e-19
kepler_0000677,high_e,0.93936648167865999,3.0556395522233251,3.0972654276089551,3.0972654276089551,0,4.4408920985006262e-16
kepler_0000678,ordinary,0.48548093799816167,0.75288946930210687,1.2065127900857366,1.2065127900857364,2.2204460492503131e-16,1.1102230246251565e-16
kepler_0000679,ordinary,0.38215748841474556,1.8984318584466762,2.2060406433419342,2.2060406433419342,0,0
kepler_0000680,difficult,0.99999999997414335,6.8269822079529371e-08,0.0074266564187372352,0.0074266564187243089,1.2926291981241178e-14,1.4983218743540522e-19
kepler_0000681,high_e,0.93839324035909533,0.037699981440799855,0.42236486528712869,0.42236486528712874,5.5511151231257827e-17,2.0816681711721685e-17
kepler_0000682,ordinary,0.57233895844637106,1.4149938089308609,1.9472535302291434,1.9472535302291434,0,0
kepler_0000683,ordinary,0.29647007087121102,0.99936905066383586,1.283705070660452,1.283705070660452,0,1.1102230246251565e-16
kepler_0000684,difficult,0.99999999952613661,1.5344900766616326e-06,0.020959167139638531,0.02095916713963774,7.9103390504542404e-16,2.597426532755312e-18
kepler_0000685,high_e,0.95249202683909096,2.6179434972183322,2.8718066306339494,2.8718066306339494,0,4.4408920985006262e-16
kepler_0000686,ordinary,0.21459495335433815,2.6480885012642879,2.7332932369252751,2.7332932369252756,4.4408920985006262e-16,4.4408920985006262e-16
kepler_0000687,ordinary,0.69138135509991983,1.6028673793512016,2.1727322243705878,2.1727322243705878,0,2.2204460492503131e-16
kepler_0000688,difficult,0.99999996377711031,5.9955903686930377e-06,0.033009586704169834,0.033009586704168953,8.81239525796218e-16,8.8938459461701536e-20
kepler_0000689,high_e,0.91916316039933954,0.60524288785553493,1.5233726402006447,1.5233726402006447,0,1.1102230246251565e-16
kepler_0000690,ordinary,0.82896860796335403,0.030775728340505834,0.17557642379606353,0.17557642379606883,5.3013149425851225e-15,9.8532293435482643e-16
kepler_0000691,ordinary,0.55732617675888807,1.5089578156964594,2.0127377758767695,2.0127377758767695,0,0
kepler_0000692,difficult,0.99999999997637112,1.782899738472306e-06,0.022034144631817614,0.022034144631821614,4.0002723356025172e-15,1.1752582143153417e-18
kepler_0000693,high_e,0.95105584698955248,1.5206845748191529,2.2566727215912716,2.2566727215912716,0,0
kepler_0000694,ordinary,0.83756394232444265,1.0576399522946893,1.8603397406026034,1.8603397406026037,2.2204460492503131e-16,0
kepler_0000695,ordinary,0.72563340912051388,0.85468257433133665,1.5802833290282177,1.5802833290282177,0,0
kepler_0000696,difficult,0.99999999985213583,0.0014420137862683341,0.20543718356363116,0.20543718356363122,5.5511151231257827e-17,1.3877787807814457e-17
kepler_0000697,high_e,0.92637208271886773,0.93657067169313091,1.831612658868752,1.831612658868752,0,0
kepler_0000698,ordinary,0.17455674901929047,3.0181747248181545,3.0364877365043434,3.0364877365043434,0,0
kepler_0000699,ordinary,0.46099105762006809,1.4886180272380598,1.9215423941515264,1.9215423941515266,2.2204460492503131e-16,2.2204460492503131e-16
kepler_0000700,difficult,0.99999998964304893,0.0010288059330166499,0.18354328070662557,0.1835432807066259,3.3306690738754696e-16,7.8062556418956319e-18
kepler_0000701,high_e,0.98639523075860114,0.49264030067563253,1.4744620518680236,1.4744620518680236,0,5.5511151231257827e-17
kepler_0000702,ordinary,0.33215109459580172,1.1950706424847446,1.5269018058863992,1.5269018058863992,0,0
kepler_0000703,ordinary,0.64497121644059663,1.8591526706158625,2.3279249548474077,2.3279249548474072,4.4408920985006262e-16,4.4408920985006262e-16
kepler_0000704,difficult,0.99999999986823396,0.0051002188690218407,0.3132977259873696,0.31329772598736932,2.7755575615628914e-16,3.4694469519536142e-18
kepler_0000705,high_e,0.92590269730499652,1.8164683717986398,2.4247756492071666,2.4247756492071666,0,0
kepler_0000706,ordinary,0.22054126205226557,1.7975923180123148,1.9982868540850542,1.9982868540850542,0,0
kepler_0000707,ordinary,0.089325311657876161,2.5327239368931629,2.580272201725565,2.580272201725565,0,0
kepler_0000708,difficult,0.99999994820690064,5.1806206481753163e-07,0.014587066352433887,0.014587066352431474,2.4130003550837387e-15,7.2993064229639332e-19
kepler_0000709,high_e,0.97050642887381033,1.6766836667905705,2.3601887851505334,2.3601887851505334,0,4.4408920985006262e-16
kepler_0000710,ordinary,0.89020696415611489,0.079625604287743873,0.52850987712277064,0.52850987712277075,1.1102230246251565e-16,2.7755575615628914e-17
kepler_0000711,ordinary,0.61511045013491306,0.90412896539715992,1.5183950962616484,1.5183950962616484,0,1.1102230246251565e-16
kepler_0000712,difficult,0.99999993184901959,0.00017976855006420912,0.10257122036308043,0.10257122036308114,7.0776717819853729e-16,4.0928632011327792e-18
kepler_0000713,high_e,0.95802085361397604,2.3206887121127351,2.7161163177153664,2.7161163177153664,0,0
kepler_0000714,ordinary,0.20895131600489023,2.9681116071202998,2.9980103411737287,2.9980103411737287,0,0
kepler_0000715,ordinary,0.076459936557564209,2.808434470435281,2.8317479277951159,2.8317479277951159,0,0
kepler_0000716,difficult,0.9999999978556201,6.4732052325856331e-07,0.015718742253545193,0.015718742253540793,4.3992587350771828e-15,1.8685546816429865e-18
kepler_0000717,high_e,0.97172917622449617,0.48776865994365531,1.4527332907387689,1.4527332907387689,0,5.5511151231257827e-17
kepler_0000718,ordinary,0.6912303119554728,2.4990127892259819,2.757822545344585,2.757822545344585,0,0
kepler_0000719,ordinary,0.32628242489245479,3.0456328995624609,3.0692246895755648,3.0692246895755648,0,0
kepler_0000720,difficult,0.99999999998381861,0.00010291769042939949,0.085166001919324844,0.085166001919323664,1.1796119636642288e-15,2.6427427954334171e-18
kepler_0000721,high_e,0.93212349098082636,2.1552545127209894,2.6198318126631364,2.6198318126631364,0,4.4408920985006262e-16
kepler_0000722,ordinary,0.4846981580334731,2.2970618693112992,2.562372006755762,2.562372006755762,0,0
kepler_0000723,ordinary,0.06436675744603601,2.741646832272274,2.7653000089392075,2.7653000089392075,0,0
kepler_0000724,difficult,0.99999998123878253,2.5397768692267687e-05,0.053415079676479037,0.053415079676478655,3.8163916471489756e-16,1.6771252355635147e-18
kepler_0000725,high_e,0.9484383482369938,2.2950437401328587,2.7002084565460969,2.7002084565460973,4.4408920985006262e-16,8.8817841970012523e-16
kepler_0000726,ordinary,0.50038126224278079,2.6483691917856826,2.8108607009788273,2.8108607009788273,0,0
kepler_0000727,ordinary,0.58280371295735023,0.44410846707094981,0.90099427548440436,0.90099427548440436,0,0
kepler_0000728,difficult,0.99999999991178423,0.0044908282206455302,0.3002468647997753,0.30024686479977536,5.5511151231257827e-17,2.9490299091605721e-17
kepler_0000729,high_e,0.95320261549817875,2.8669960168298538,3.0007778800378722,3.0007778800378722,0,0
kepler_0000730,ordinary,0.21983545211823499,1.6390178125194919,1.8503207387097806,1.8503207387097809,2.2204460492503131e-16,0
kepler_0000731,ordinary,0.21427733447677197,0.28744296647763778,0.36366103131016697,0.36366103131016697,0,0
kepler_0000732,difficult,0.99999999996886213,8.1317868019852404e-07,0.016960854672606135,0.016960854672611572,5.4366233737113134e-15,6.0054635960329894e-19
kepler_0000733,high_e,0.97367357807616273,1.8755463812551758,2.4764612393308378,2.4764612393308378,0,0
kepler_0000734,ordinary,0.75511771500005398,0.42638226620167508,1.099008947205435,1.099008947205435,0,1.1102230246251565e-16
kepler_0000735,ordinary,0.56195647937659488,2.2468240466737184,2.5569626835423511,2.5569626835423511,0,0
kepler_0000736,difficult,0.99999999400684447,1.9943829581697502e-06,0.022872507157489605,0.022872507157490868,1.2628786905111156e-15,5.8741734892085729e-19
kepler_0000737,high_e,0.90925745388404267,2.0582431599668203,2.5587204408578059,2.5587204408578059,0,0
kepler_0000738,ordinary,0.54291718829747948,0.79331400491797055,1.3191284523953302,1.3191284523953302,0,0
kepler_0000739,ordinary,0.19679333549293371,1.9366524813211217,2.1059338177700857,2.1059338177700857,0,2.2204460492503131e-16
kepler_0000740,difficult,0.99999999998130118,0.002521113087782773,0.24756629446296652,0.24756629446296677,2.4980018054066022e-16,4.3368086899420177e-19
kepler_0000741,high_e,0.94744597648834306,0.7428137929608849,1.6841765461900191,1.6841765461900191,0,0
kepler_0000742,ordinary,0.22373828551877395,2.9175434758608949,2.9583195228265802,2.9583195228265802,0,0
kepler_0000743,ordinary,0.68102297061624917,0.84613969049020299,1.5264944638130356,1.5264944638130353,2.2204460492503131e-16,1.1102230246251565e-16
kepler_0000744,difficult,0.99999999996905087,4.519419673893028e-07,0.013944809209628645,0.013944809209635095,6.4497018836817688e-15,4.7396787354798443e-19
kepler_0000745,high_e,0.96415796811517662,0.20737366641062727,1.0377839138773641,1.0377839138773641,0,0
kepler_0000746,ordinary,0.32227150439659863,1.7975115815371721,2.0790470435636035,2.0790470435636039,4.4408920985006262e-16,2.2204460492503131e-16
kepler_0000747,ordinary,0.042008221128781512,2.6424360283388966,2.6618258600075695,2.661825860007569,4.4408920985006262e-16,4.4408920985006262e-16
kepler_0000748,difficult,0.99999999839337683,7.3838211275317406e-08,0.0076229056902962083,0.0076229056903040007,7.7923778540878175e-15,1.4915720805556195e-20
kepler_0000749,high_e,0.92216904306116099,2.4921995255493443,2.8005967036478601,2.8005967036478601,0,4.4408920985006262e-16
kepler_0000750,ordinary,0.065418122647389054,0.075648847510266681,0.080937872055036622,0.080937872055036622,0,0
kepler_0000751,ordinary,0.36564107808474511,1.5926022859838758,1.9343453236106103,1.9343453236106105,2.2204460492503131e-16,2.2204460492503131e-16
kepler_0000752,difficult,0.99999999567377917,1.1719734010933917e-06,0.019157937599258327,0.019157937599259794,1.4675760606763788e-15,1.7618285302889447e-19
kepler_0000753,high_e,0.94401969056348345,1.1709255701087253,2.0209161553941932,2.0209161553941932,0,0
kepler_0000754,ordinary,0.79332211503104633,0.45688164728309727,1.1947774946926963,1.1947774946926963,0,5.5511151231257827e-17
kepler_0000755,ordinary,0.64587724549177028,1.5082728944219912,2.0740675400019613,2.0740675400019613,0,2.2204460492503131e-16
kepler_0000756,difficult,0.99999994328577768,0.0012387373112272236,0.19527721236072856,0.19527721236072895,3.8857805861880479e-16,4.5536491244391186e-18
kepler_0000757,high_e,0.90646742409728687,1.1500851934813912,1.9812583231461125,1.9812583231461125,0,0
kepler_0000758,ordinary,0.74321097942330128,2.4824993296227378,2.7595681966511227,2.7595681966511227,0,0
kepler_0000759,ordinary,0.13614498655406218,1.3172542063331221,1.4524468410296354,1.4524468410296354,0,0
kepler_0000760,difficult,0.99999999997653533,3.8863607034914037e-07,0.013260684501264386,0.013260684501257884,6.501743587961073e-15,5.0017295535366435e-19
kepler_0000761,high_e,0.95388022812302387,2.3023003847367582,2.7053500405792357,2.7053500405792357,0,0
kepler_0000762,ordinary,0.37919792136089725,1.2152647573533928,1.5943574323285497,1.5943574323285494,2.2204460492503131e-16,0
kepler_0000763,ordinary,0.58719121669438734,1.062163164896984,1.6476223620873895,1.6476223620873895,0,0
kepler_0000764,difficult,0.99999999944596574,1.5160364339942239e-08,0.0044970734693158022,0.0044970734693051241,1.0678090356375236e-14,1.6843713377294792e-19
kepler_0000765,high_e,0.97759312595567016,1.1262962378182746,2.0107814422418837,2.0107814422418837,0,0
kepler_0000766,ordinary,0.040756076800360086,0.83603147965680191,0.86710635138144909,0.86710635138144909,0,0
kepler_0000767,ordinary,0.15628846375946354,0.47769423333794686,0.56082122346530816,0.56082122346530816,0,5.5511151231257827e-17
kepler_0000768,difficult,0.99999999997053868,1.4096420723512253e-06,0.020374625946142894,0.020374625946145097,2.203098814490545e-15,2.5029823591364575e-19
kepler_0000769,high_e,0.91284504456093607,0.73010066699042564,1.6407153231209834,1.6407153231209834,0,1.1102230246251565e-16
kepler_0000770,ordinary,0.89161319642176318,0.19921629503877861,0.89468565874889627,0.89468565874889627,0,2.7755575615628914e-17
kepler_0000771,ordinary,0.32896993550954379,2.7940565414219316,2.8793432231657521,2.8793432231657521,0,0
kepler_0000772,difficult,0.99999999998915834,1.3620221433029898e-08,0.0043395507909064135,0.0043395507909291739,2.2760439366553697e-14,5.6140417301728967e-19
kepler_0000773,high_e,0.93173774889119998,2.931968286161776,3.0329737415218831,3.0329737415218831,0,0
kepler_0000774,ordinary,0.027558039307882833,1.1538597952091896,1.1793331177540882,1.1793331177540882,0,0
kepler_0000775,ordinary,0.37120856943856034,0.10972399819182777,0.17398243950544598,0.17398243950544598,0,0
kepler_0000776,difficult,0.99999999997401545,1.5901564802577081e-07,0.0098445871182754521,0.0098445871182664384,9.0136231811754897e-15,8.2850410153311252e-20
kepler_0000777,high_e,0.91214085886645391,0.3731775152803003,1.2341040165072847,1.2341040165072847,0,0
kepler_0000778,ordinary,0.67996505540263319,3.0033646934218972,3.0592747786035144,3.0592747786035148,4.4408920985006262e-16,0
kepler_0000779,ordinary,0.59550532285676339,0.98742527633473876,1.582887072412607,1.582887072412607,0,0
kepler_0000780,difficult,0.99999999344707891,3.5359088060727481e-06,0.027683153204681506,0.027683153204682068,5.620504062164855e-16,1.7410762230812143e-18
kepler_0000781,high_e,0.96295738622661675,2.7919821008036729,2.9630238551089958,2.9630238551089958,0,0
kepler_0000782,ordinary,0.24364632038251358,1.2393180191910966,1.4820045184275803,1.4820045184275803,0,0
kepler_0000783,ordinary,0.2534150233934116,2.0771670381569622,2.2709624206991688,2.2709624206991688,0,0
kepler_0000784,difficult,0.99999999573910736,7.6009369700170597e-07,0.016582932273247017,0.016582932273244626,2.3904489498960402e-15,2.2658131339052534e-18
kepler_0000785,high_e,0.9789514292913335,1.5536864743011558,2.2901103779848597,2.2901103779848593,4.4408920985006262e-16,6.6613381477509392e-16
kepler_0000786,ordinary,0.7028425666979502,2.0554106648670478,2.484640821965014,2.4846408219650145,4.4408920985006262e-16,4.4408920985006262e-16
kepler_0000787,ordinary,0.34067671720259557,1.7473605091634286,2.0497097816902499,2.0497097816902499,0,0
kepler_0000788,difficult,0.9999999997865654,0.00029296004682772105,0.12071428877048039,0.12071428877048015,2.3592239273284576e-16,3.903127820947816e-18
kepler_0000789,high_e,0.91200780154044636,0.50939355636856221,1.4095743101355631,1.4095743101355631,0,0
kepler_0000790,ordinary,0.022603722024733399,0.83740633547704013,0.85445435056705799,0.85445435056705787,1.1102230246251565e-16,1.1102230246251565e-16
kepler_0000791,ordinary,0.021101034083429029,2.8208238588138985,2.8273461869001379,2.8273461869001379,0,0
kepler_0000792,difficult,0.99999998787532673,4.7546085405361308e-07,0.014180920946450494,0.01418092094644711,3.3844455016307506e-15,9.9579310861583684e-19
kepler_0000793,high_e,0.95223660095742924,0.58641581263277776,1.5381448602681849,1.5381448602681849,0,0
kepler_0000794,ordinary,0.7710532931820564,1.2053345813500822,1.9277775789930409,1.9277775789930409,0,0
kepler_0000795,ordinary,0.68460723378877786,0.52017498743906798,1.1431213879709767,1.1431213879709765,2.2204460492503131e-16,1.1102230246251565e-16
kepler_0000796,difficult,0.9999999364865656,2.0118885505554803e-06,0.022934222598765888,0.022934222598770204,4.3159920082302961e-15,2.490276864927643e-19
kepler_0000797,high_e,0.90504574918759018,1.1167409615055013,1.9556019842057275,1.9556019842057275,0,2.2204460492503131e-16
kepler_0000798,ordinary,0.86485845219730406,3.1365774376587234,3.1389033241509705,3.1389033241509705,0,0
kepler_0000799,ordinary,0.55406748673243511,0.8458177538121513,1.3909486603317307,1.3909486603317307,0,0
kepler_0000800,difficult,0.99999999238524961,4.0279336729720136e-08,0.0062264565994074794,0.0062264565994133428,5.863365348801608e-15,4.5329497567905917e-21
kepler_0000801,high_e,0.9838897593882231,0.43655969564619801,1.4073339571051275,1.4073339571051275,0,0
kepler_0000802,ordinary,0.43310370713501356,2.5265933555821509,2.7083982741302459,2.7083982741302459,0,0
kepler_0000803,ordinary,0.11576159841464952,2.9105185307160144,2.9343391386044746,2.9343391386044746,0,0
kepler_0000804,difficult,0.99999993644853569,5.6844846838262855e-08,0.0069686538222407945,0.0069686538222380476,2.746934624209274e-15,7.304997425578298e-20
kepler_0000805,high_e,0.92569887774384474,0.71926574614405081,1.6425805935475772,1.6425805935475772,0,1.1102230246251565e-16
kepler_0000806,ordinary,0.84512767740630179,3.0993685539468805,3.1187076314201123,3.1187076314201123,0,0
kepler_0000807,ordinary,0.27439847015966801,0.83569522667894447,1.0773609433893732,1.0773609433893732,0,1.1102230246251565e-16
kepler_0000808,difficult,0.99999999896232372,3.3315467114890986e-05,0.05847320122176615,0.058473201221766177,2.7755575615628914e-17,3.4287893704854078e-18
kepler_0000809,high_e,0.96974167431777614,2.0190798159771748,2.5554743591806193,2.5554743591806193,0,4.4408920985006262e-16
kepler_0000810,ordinary,0.40041456260692143,3.1367428371829429,3.1381295225226307,3.1381295225226307,0,0
kepler_0000811,ordinary,0.79185839919944523,2.7961692143660568,2.9482877869633142,2.9482877869633142,0,0
kepler_0000812,difficult,0.99999999840675713,5.0561493428506813e-05,0.067197960654272276,0.067197960654272346,6.9388939039072284e-17,4.0928632011327792e-18
kepler_0000813,high_e,0.9685009086615386,0.10997268866418608,0.81433112453316858,0.81433112453316869,1.1102230246251565e-16,1.1102230246251565e-16
kepler_0000814,ordinary,0.69742108121866186,2.3440239484870733,2.6643632998513449,2.6643632998513449,0,4.4408920985006262e-16
kepler_0000815,ordinary,0.62000040562719072,0.34110737827638671,0.7748772580763631,0.7748772580763631,0,5.5511151231257827e-17
kepler_0000816,difficult,0.99999999996342781,8.2666043498426186e-05,0.079165901188854249,0.079165901188853707,5.4123372450476381e-16,3.97089045672816e-18
kepler_0000817,high_e,0.96021781661907257,0.88859009432620994,1.8193092969484768,1.8193092969484768,0,0
kepler_0000818,ordinary,0.44229643623389658,1.5676572819132222,1.974413583043104,1.974413583043104,0,2.2204460492503131e-16
kepler_0000819,ordinary,0.35204476600532963,2.9563080175732686,3.0044404870757924,3.0044404870757924,0,0
kepler_0000820,difficult,0.99999999989464494,0.0093303228291454002,0.38348402872020587,0.38348402872020598,1.1102230246251565e-16,3.4694469519536142e-17
kepler_0000821,high_e,0.96886739843284464,1.8902217801343548,2.4830979140086304,2.4830979140086304,0,4.4408920985006262e-16
kepler_0000822,ordinary,0.36596689133571186,2.6270566214659463,2.7624946309332201,2.7624946309332201,0,0
kepler_0000823,ordinary,0.66808656945780609,0.9321517893957082,1.5999543780613683,1.5999543780613683,0,0
kepler_0000824,difficult,0.99999999998461819,0.00011009234192860842,0.087101245683119624,0.0871012456831185,1.124100812432971e-15,8.077306185017008e-18
kepler_0000825,high_e,0.94629591746674757,2.7804224600393481,2.955503388572053,2.955503388572053,0,0
kepler_0000826,ordinary,0.48537200605661301,3.1223502813311126,3.1286379539897524,3.1286379539897524,0,0
kepler_0000827,ordinary,0.59206309986748085,0.83895870516572535,1.4247158651741814,1.4247158651741814,0,1.1102230246251565e-16
kepler_0000828,difficult,0.99999999271923901,0.00022712637818670401,0.11089060930172055,0.11089060930171968,8.7430063189231078e-16,5.6649563512367607e-18
kepler_0000829,high_e,0.94813425633073767,2.3798981397180263,2.7456087911790301,2.7456087911790297,4.4408920985006262e-16,4.4408920985006262e-16
kepler_0000830,ordinary,0.20492614649953389,1.0707930375335015,1.2662916766952539,1.2662916766952539,0,0
kepler_0000831,ordinary,0.17456426776954617,2.5093491469676268,2.5994234874985032,2.5994234874985032,0,0
kepler_0000832,difficult,0.99999999885494251,4.4343637845007442e-05,0.064321657842484684,0.06432165784248374,9.4368957093138306e-16,7.7181642153811847e-18
kepler_0000833,high_e,0.97130261133396179,2.0675751212849027,2.5826484866157249,2.5826484866157249,0,4.4408920985006262e-16
kepler_0000834,ordinary,0.86483183040012679,0.11433275331222373,0.60919835860991212,0.60919835860991223,1.1102230246251565e-16,2.7755575615628914e-17
kepler_0000835,ordinary,0.19347648277587159,1.9799191092361905,2.1426168094311553,2.1426168094311553,0,2.2204460492503131e-16
kepler_0000836,difficult,0.99999999936029471,8.0406256131835997e-07,0.016897163940287934,0.016897163940294072,6.1374516580059435e-15,1.0397329427546537e-18
kepler_0000837,high_e,0.98544222026318884,2.4857527069991234,2.8082204092094631,2.8082204092094631,0,0
kepler_0000838,ordinary,0.62666828279974562,0.42646302289980592,0.92810013703978322,0.92810013703978322,0,5.5511151231257827e-17
kepler_0000839,ordinary,0.36904094521818315,2.7791172693629038,2.875987888036085,2.875987888036085,0,0
kepler_0000840,difficult,0.99999999706617293,0.00089502846571774505,0.17520701370586741,0.17520701370586711,3.0531133177191805e-16,1.702197410802242e-17
kepler_0000841,high_e,0.97926741851384136,0.17144625097367427,0.99030088616861278,0.99030088616861289,1.1102230246251565e-16,0
kepler_0000842,ordinary,0.57418944457182952,1.1429847638456332,1.7114998285230045,1.7114998285230048,2.2204460492503131e-16,0
kepler_0000843,ordinary,0.55114326647068246,1.3102659382859247,1.8413589800620571,1.8413589800620571,0,0
kepler_0000844,difficult,0.99999999966951503,1.3569522365754812e-06,0.020117506826178928,0.020117506826175413,3.5145497623290112e-15,1.9947625907838773e-19
kepler_0000845,high_e,0.95980548762765161,1.617215701091405,2.3200093483887443,2.3200093483887443,0,2.2204460492503131e-16
kepler_0000846,ordinary,0.32453350028978539,3.0612884743095066,3.0809552770710797,3.0809552770710797,0,0
kepler_0000847,ordinary,0.73035295217274454,2.4235837809617107,2.7214727742750737,2.7214727742750737,0,0
kepler_0000848,difficult,0.99999998797384648,0.0001759514811796644,0.10184087593759991,0.10184087593759968,2.3592239273284576e-16,5.2041704279304213e-18
kepler_0000849,high_e,0.98942167110556256,1.4899729214911601,2.2560445209370421,2.2560445209370421,0,4.4408920985006262e-16
kepler_0000850,ordinary,0.30787442023450917,2.4877565729615183,2.6366839171362626,2.636683917136263,4.4408920985006262e-16,4.4408920985006262e-16
kepler_0000851,ordinary,0.10900111985420702,1.6783489627264379,1.784862161414617,1.7848621614146167,2.2204460492503131e-16,2.2204460492503131e-16
kepler_0000852,difficult,0.99999999952751428,0.0011027690787101551,0.18784545168966968,0.18784545168967007,3.8857805861880479e-16,2.1684043449710089e-18
kepler_0000853,high_e,0.90101133990676385,2.2174500113653246,2.6459602438601881,2.6459602438601881,0,0
kepler_0000854,ordinary,0.6492379331913174,1.6248858337317236,2.1634159551174399,2.1634159551174403,4.4408920985006262e-16,2.2204460492503131e-16
kepler_0000855,ordinary,0.015885299443973166,1.8561504342523154,1.8713237623334595,1.8713237623334595,0,0
kepler_0000856,difficult,0.99999999848448085,3.5720103516076885e-05,0.059847619137512978,0.059847619137514269,1.2906342661267445e-15,3.7404974950749903e-18
kepler_0000857,high_e,0.98882314545502603,1.3826324625203545,2.1886472127507117,2.1886472127507117,0,0
kepler_0000858,ordinary,0.77953816896472794,1.3411369675102089,2.0373581791978963,2.0373581791978963,0,0
kepler_0000859,ordinary,0.026453218283447856,0.99208102114430141,1.0145461792058446,1.0145461792058446,0,1.1102230246251565e-16
kepler_0000860,difficult,0.99999999247914495,4.2565868018360206e-06,0.02944893954869213,0.029448939548689171,2.9594382500164329e-15,1.3603349132904063e-18
kepler_0000861,high_e,0.95615536383329225,2.8487312024990534,2.9916053093860988,2.9916053093860988,0,4.4408920985006262e-16
kepler_0000862,ordinary,0.038043589848345293,1.9833747402306976,2.0176823434084112,2.0176823434084117,4.4408920985006262e-16,2.2204460492503131e-16
kepler_0000863,ordinary,0.64877340235398184,2.8907671039130061,2.9892323959472114,2.9892323959472109,4.4408920985006262e-16,4.4408920985006262e-16
kepler_0000864,difficult,0.99999996325714036,6.6176923733174751e-06,0.034114076191484058,0.034114076191482115,1.9428902930940239e-15,1.3535586497123719e-18
kepler_0000865,high_e,0.92342007346597865,1.2350487882327852,2.053123250541999,2.053123250541999,0,0
kepler_0000866,ordinary,0.044969208190391068,2.4476898615239731,2.4754779508934135,2.4754779508934135,0,0
kepler_0000867,ordinary,0.51749365718761786,0.0079239834819322223,0.016421756210626189,0.016421756210626189,0,0
kepler_0000868,difficult,0.99999999989504351,1.0039035757891242e-07,0.0084452722651255259,0.0084452722651367669,1.124100812432971e-14,8.7522326253010752e-20
kepler_0000869,high_e,0.97387637048323372,0.74646991595198142,1.7108152980180558,1.7108152980180555,2.2204460492503131e-16,1.1102230246251565e-16
kepler_0000870,ordinary,0.74019074235969617,0.81428112292038002,1.5543720315315472,1.5543720315315472,0,1.1102230246251565e-16
kepler_0000871,ordinary,0.88902111265240813,0.25898498477328868,1.0134748634876221,1.0134748634876221,0,0
kepler_0000872,difficult,0.99999999846091114,6.3917464015210136e-06,0.033723345488531793,0.033723345488530634,1.1587952819525071e-15,2.6080144445959907e-18
kepler_0000873,high_e,0.93409122853174398,1.0534305868863278,1.928422318714281,1.9284223187142813,2.2204460492503131e-16,2.2204460492503131e-16
kepler_0000874,ordinary,0.49726572086188059,1.5613457715326484,2.0111688302110968,2.0111688302110968,0,2.2204460492503131e-16
kepler_0000875,ordinary,0.195281542446478,0.75360050587401883,0.90747260547153019,0.90747260547153019,0,1.1102230246251565e-16
kepler_0000876,difficult,0.99999999995419064,0.0090162878423360147,0.37911139310695985,0.37911139310695979,5.5511151231257827e-17,3.1225022567582528e-17
kepler_0000877,high_e,0.94192969111571589,2.5816548438817342,2.8512820616906041,2.8512820616906041,0,4.4408920985006262e-16
kepler_0000878,ordinary,0.40234403447434774,2.0795568291191588,2.3623114393303042,2.3623114393303042,0,0
kepler_0000879,ordinary,0.30760512391279915,3.0707241680809836,3.087389249694708,3.087389249694708,0,0
kepler_0000880,difficult,0.99999999998665678,3.3445409223501621e-08,0.0058545811685624541,0.0058545811685599925,2.4615726124110893e-15,1.3115114048150764e-19
kepler_0000881,high_e,0.91840653087605395,1.9908629075191968,2.523249909887626,2.523249909887626,0,2.2204460492503131e-16
kepler_0000882,ordinary,0.2001438417636785,2.3187025067000859,2.4468345243592728,2.4468345243592728,0,0
kepler_0000883,ordinary,0.31176666815207987,1.3833317668131666,1.6927816987479025,1.6927816987479025,0,0
kepler_0000884,difficult,0.99999998863866091,1.3497303956007397e-07,0.0093186526852487676,0.009318652685243253,5.5146859301302698e-15,9.0209008882582986e-19
kepler_0000885,high_e,0.92635775022496214,1.4654552825810139,2.2093063559127879,2.2093063559127875,4.4408920985006262e-16,4.4408920985006262e-16
kepler_0000886,ordinary,0.66280522963645716,2.0179352828978265,2.4438040456831023,2.4438040456831023,0,0
kepler_0000887,ordinary,0.37305431008034001,1.1585050540009003,1.5312679548045467,1.5312679548045465,2.2204460492503131e-16,2.2204460492503131e-16
kepler_0000888,difficult,0.99999999808403084,0.0032169367496696325,0.26856744195833598,0.2685674419583356,3.8857805861880479e-16,2.4719809532669501e-17
kepler_0000889,high_e,0.98763763871944565,0.37438721250462254,1.334604136163748,1.3346041361637477,2.2204460492503131e-16,1.6653345369377348e-16
kepler_0000890,ordinary,0.68931010213138022,0.97537322550262029,1.661829151631492,1.661829151631492,0,0
kepler_0000891,ordinary,0.0015047923295820054,2.1580128260617695,2.1592645002116599,2.1592645002116599,0,0
kepler_0000892,difficult,0.9999999998135406,0.00021172384508325815,0.10832414323609121,0.1083241432360911,1.1102230246251565e-16,6.0986372202309624e-18
kepler_0000893,high_e,0.90438310561947588,1.3513913774468975,2.121885047067583,2.1218850470675825,4.4408920985006262e-16,2.2204460492503131e-16
kepler_0000894,ordinary,0.46182026683540467,0.36446349376861642,0.64041365662426908,0.64041365662426908,0,0
kepler_0000895,ordinary,0.6572041596791024,2.9397108683405544,3.01965218985071,3.01965218985071,0,4.4408920985006262e-16
kepler_0000896,difficult,0.99999999993783406,0.00076140947997983734,0.16600556672782388,0.16600556672782452,6.3837823915946501e-16,1.474514954580286e-17
kepler_0000897,high_e,0.92399496276965143,3.1212732187634131,3.1310314948418982,3.1310314948418982,0,0
kepler_0000898,ordinary,0.54007049095643755,2.7189036174238468,2.8659119074612587,2.8659119074612587,0,0
kepler_0000899,ordinary,0.34477741366338105,2.7975858071741766,2.8850641704431026,2.8850641704431026,0,0
kepler_0000900,difficult,0.99999997732311152,0.00035914226105899041,0.12919892566373656,0.12919892566373584,7.2164496600635175e-16,2.4069288229178198e-17
kepler_0000901,high_e,0.96940669535660318,2.8771969311651406,3.0071419823747743,3.0071419823747743,0,0
kepler_0000902,ordinary,0.83940826021555481,1.5964503225482685,2.2497193502894195,2.2497193502894195,0,0
kepler_0000903,ordinary,0.65502042363055601,1.3539476784484306,1.9599840780463309,1.9599840780463309,0,0
kepler_0000904,difficult,0.99999999885404611,1.4048749627430081e-06,0.020351522416184469,0.020351522416184039,4.3021142204224816e-16,1.5985629297056783e-18
kepler_0000905,high_e,0.93913058426928342,1.4455337520329821,2.203100321785616,2.203100321785616,0,2.2204460492503131e-16
kepler_0000906,ordinary,0.67265934687170492,1.4303777688337904,2.0325817289718597,2.0325817289718597,0,0
kepler_0000907,ordinary,0.80294886646599806,3.016344040969384,3.0720989939971339,3.0720989939971339,0,0
kepler_0000908,difficult,0.99999997193297141,2.2788846657487286e-05,0.051519055870651503,0.051519055870649352,2.1510571102112408e-15,4.2995392402628285e-18
kepler_0000909,high_e,0.94188948471113221,0.9422970129309014,1.8481823421281114,1.8481823421281114,0,1.1102230246251565e-16
kepler_0000910,ordinary,0.72104413195591333,0.054648687735407916,0.19282169158530169,0.19282169158530268,9.9920072216264089e-16,2.9143354396410359e-16
kepler_0000911,ordinary,0.55456019643396037,0.057016466241388404,0.12756995701157112,0.12756995701157112,0,6.9388939039072284e-18
kepler_0000912,difficult,0.99999999996931255,8.8540536069507671e-07,0.017448840872713929,0.017448840872716375,2.445960101127298e-15,4.0255240818260624e-19
kepler_0000913,high_e,0.90133567543882631,1.5501267668667578,2.2509140650750106,2.2509140650750106,0,0
kepler_0000914,ordinary,0.20935432701641127,1.3368437431608338,1.5461344076797736,1.5461344076797736,0,0
kepler_0000915,ordinary,0.30692825625723352,1.5939786505793281,1.8858041785696329,1.8858041785696327,2.2204460492503131e-16,2.2204460492503131e-16
kepler_0000916,difficult,0.99999999991910049,0.00036500044299760673,0.12989836378692401,0.12989836378692468,6.6613381477509392e-16,1.9461428996114805e-17
kepler_0000917,high_e,0.98802178889135306,0.82559782341449783,1.7899812006613243,1.7899812006613243,0,1.1102230246251565e-16
kepler_0000918,ordinary,0.74939137808621281,2.35769030609623,2.6868478076317581,2.6868478076317581,0,4.4408920985006262e-16
kepler_0000919,ordinary,0.81562598818998777,1.2333947670951484,1.9812686886056989,1.9812686886056989,0,0
kepler_0000920,difficult,0.9999999990782148,2.7623467072468256e-07,0.011834187410430319,0.011834187410434563,4.2431336222392702e-15,4.1456968812177662e-19
kepler_0000921,high_e,0.9757030090721448,0.24510046109911462,1.125768872046675,1.125768872046675,0,2.7755575615628914e-17
kepler_0000922,ordinary,0.60781697017878977,0.72096581126577552,1.307898815615878,1.307898815615878,0,0
kepler_0000923,ordinary,0.13079304578806569,1.865341037256415,1.9850701509769388,1.9850701509769386,2.2204460492503131e-16,2.2204460492503131e-16
kepler_0000924,difficult,0.99999999992228294,1.0348825787771551e-07,0.0085312704190129134,0.0085312704190010288,1.1884590533917105e-14,1.315918623118759e-18
kepler_0000925,high_e,0.96856326226188694,0.93575404651520211,1.8632042620433014,1.8632042620433014,0,1.1102230246251565e-16
kepler_0000926,ordinary,0.85419175785112367,1.7161979436690915,2.3336594747628863,2.3336594747628863,0,0
kepler_0000927,ordinary,0.07652331986137581,1.2016724673408954,1.274869491698817,1.274869491698817,0,0
kepler_0000928,difficult,0.99999992118245196,0.0013323940586015346,0.20008570824384062,0.20008570824384056,5.5511151231257827e-17,7.589415207398531e-18
kepler_0000929,high_e,0.9770832670025289,1.6529671272760462,2.3488944743252587,2.3488944743252587,0,2.2204460492503131e-16
kepler_0000930,ordinary,0.36336109156327995,3.0438492477209542,3.0698833081672876,3.0698833081672876,0,0
kepler_0000931,ordinary,0.62596101717032993,2.235772938241452,2.572881870268926,2.572881870268926,0,0
kepler_0000932,difficult,0.9999999086953244,1.4066976219812199e-06,0.020351464101702708,0.020351464101704755,2.0469737016526324e-15,2.2016503881507402e-18
kepler_0000933,high_e,0.95541996225195513,0.35217301093559478,1.2625658263529063,1.2625658263529063,0,5.5511151231257827e-17
kepler_0000934,ordinary,0.38918076399388041,2.5804286690873157,2.7345157589451223,2.7345157589451223,0,0
kepler_0000935,ordinary,0.25194866325887,0.52039527244216455,0.67853084329060143,0.67853084329060143,0,0
kepler_0000936,difficult,0.9999999893775523,4.0394557379024327e-08,0.0062314278194122831,0.0062314278194027265,9.5565916291562303e-15,5.6175489759701215e-19
kepler_0000937,high_e,0.93798770525007824,2.2651510960796721,2.6815797812077111,2.6815797812077111,0,0
kepler_0000938,ordinary,0.30823558954165664,2.6484791285387792,2.7625390603721898,2.7625390603721893,4.4408920985006262e-16,4.4408920985006262e-16
kepler_0000939,ordinary,0.27043333509561962,2.1020243881113068,2.3031240508442119,2.3031240508442119,0,0
kepler_0000940,difficult,0.99999999423793595,4.0093601485866184e-05,0.062196910755367707,0.062196910755368026,3.1918911957973251e-16,1.3552527156068805e-19
kepler_0000941,high_e,0.9038557405542903,1.8142706148935368,2.4148365399171579,2.4148365399171579,0,2.2204460492503131e-16
kepler_0000942,ordinary,0.76930985948481712,0.27471907459623335,0.85543998268579546,0.85543998268579535,1.1102230246251565e-16,1.1102230246251565e-16
kepler_0000943,ordinary,0.4784201906827702,0.6066333009504995,1.0123789329526136,1.0123789329526134,2.2204460492503131e-16,1.1102230246251565e-16
kepler_0000944,difficult,0.9999999986762087,6.6804479640900611e-06,0.03422365912585644,0.034223659125854088,2.3522850334245504e-15,1.3349239248727773e-18
kepler_0000945,high_e,0.93428244321629839,3.0199661247577088,3.0786932196485597,3.0786932196485601,4.4408920985006262e-16,4.4408920985006262e-16
kepler_0000946,ordinary,0.82815655531803034,2.8813086140203077,2.9989988371961456,2.9989988371961456,0,0
kepler_0000947,ordinary,0.017919299726633999,2.5974657521117681,2.6066016084667507,2.6066016084667507,0,0
kepler_0000948,difficult,0.99999999991053989,1.219595240215834e-06,0.019414439005642221,0.019414439005647568,5.3464177529605195e-15,8.5719734262135194e-19
kepler_0000949,high_e,0.91512577545049534,0.37141565170277491,1.2356154285242924,1.2356154285242926,2.2204460492503131e-16,1.1102230246251565e-16
kepler_0000950,ordinary,0.18881272961897577,1.4036541262666853,1.5924227037327687,1.5924227037327687,0,0
kepler_0000951,ordinary,0.093908780915697612,0.22159608355094532,0.24431152369146147,0.24431152369146147,0,0
kepler_0000952,difficult,0.99999999182120347,1.1444407753056408e-06,0.019006310023406071,0.019006310023403295,2.7755575615628914e-15,1.0357095362551957e-18
kepler_0000953,high_e,0.93100355739476959,2.5105299778517884,2.8119236458576538,2.8119236458576542,4.4408920985006262e-16,4.4408920985006262e-16
kepler_0000954,ordinary,0.87940983450934529,2.3264732723226067,2.7012896743160946,2.701289674316095,4.4408920985006262e-16,4.4408920985006262e-16
kepler_0000955,ordinary,0.67710114927012932,0.0509642649969353,0.15649566780741123,0.15649566780741139,1.6653345369377348e-16,4.8572257327350599e-17
kepler_0000956,difficult,0.99999999886401891,1.0968042963249631e-08,0.0040367610657445381,0.004036761065725784,1.8754095498785261e-14,1.8882051842747963e-19
kepler_0000957,high_e,0.97179023458929947,0.09851174136525212,0.78627011382365053,0.78627011382365064,1.1102230246251565e-16,2.7755575615628914e-17
kepler_0000958,ordinary,0.18832759150739162,0.10677424147110244,0.13146066318572033,0.13146066318572033,0,0
kepler_0000959,ordinary,0.47583399691761386,0.55949557110886794,0.94521844028556268,0.94521844028556257,1.1102230246251565e-16,0
kepler_0000960,difficult,0.99999999865781886,2.1411499931924928e-05,0.050460407508272187,0.050460407508272596,4.0939474033052647e-16,3.2187251995663413e-18
kepler_0000961,high_e,0.9840943122704946,2.7204675908771163,2.9285445538671429,2.9285445538671429,0,4.4408920985006262e-16
kepler_0000962,ordinary,0.14217309322391433,2.6175185352703489,2.6807440904546196,2.6807440904546196,0,0
kepler_0000963,ordinary,0.091620035557921115,2.2575143838996468,2.3243306039994334,2.3243306039994334,0,4.4408920985006262e-16
kepler_0000964,difficult,0.99999997796708473,0.0017067330084610652,0.21732704020595767,0.21732704020595756,1.1102230246251565e-16,1.5829351718288365e-17
kepler_0000965,high_e,0.98596114374678601,2.8284966337639856,2.9836121567567098,2.9836121567567098,0,0
kepler_0000966,ordinary,0.341358041553044,2.3356014406675447,2.5312501685221926,2.5312501685221926,0,0
kepler_0000967,ordinary,0.43247671002791099,2.046648715364932,2.353330502463356,2.353330502463356,0,0
kepler_0000968,difficult,0.9999999999814051,0.0094631870699161853,0.38530472529660403,0.38530472529660376,2.7755575615628914e-16,1.7347234759768071e-17
kepler_0000969,high_e,0.92294469390514366,1.3308532698841229,2.1186971745948564,2.1186971745948564,0,0
kepler_0000970,ordinary,0.8751057982576953,2.3484002947869604,2.7124913465170577,2.7124913465170577,0,4.4408920985006262e-16
kepler_0000971,ordinary,0.81637505131276733,1.6521161505674851,2.2745406378476241,2.2745406378476241,0,0
kepler_0000972,difficult,0.99999999904467807,2.2946564299501513e-08,0.005163276441350219,0.0051632764413592136,8.9945412229397448e-15,2.2634308537411007e-19
kepler_0000973,high_e,0.97419004496071326,0.0034787925085973796,0.12306802996023779,0.12306802996023782,2.7755575615628914e-17,1.3010426069826053e-18
kepler_0000974,ordinary,0.31417606333720338,2.0759871851526297,2.3084852914035983,2.3084852914035983,0,0
kepler_0000975,ordinary,0.51599409886401126,2.741745245803568,2.8767904038751588,2.8767904038751588,0,4.4408920985006262e-16
kepler_0000976,difficult,0.99999999984635968,1.9419932725807555e-05,0.048844635187185445,0.048844635187184994,4.5102810375396984e-16,1.5551524911588954e-18
kepler_0000977,high_e,0.93855951638074697,0.85691031939895113,1.7758139552947254,1.7758139552947254,0,0
kepler_0000978,ordinary,0.55953914856617926,1.7819452850573174,2.22571452727425,2.22571452727425,0,0
kepler_0000979,ordinary,0.71520746964306647,0.15584466935982977,0.4965929837088886,0.49659298370888871,1.1102230246251565e-16,5.5511151231257827e-17
kepler_0000980,difficult,0.99999999892532931,2.7297835205578215e-07,0.011787474707105854,0.011787474707096776,9.0778079497866315e-15,6.5057424305050605e-19
kepler_0000981,high_e,0.94652729769306421,1.2434267678999547,2.0730553701917898,2.0730553701917898,0,2.2204460492503131e-16
kepler_0000982,ordinary,0.015442766555925381,3.056013673132755,3.0573136341522318,3.0573136341522318,0,0
kepler_0000983,ordinary,0.8432226555792236,1.9591435820966803,2.4783169197292931,2.4783169197292927,4.4408920985006262e-16,4.4408920985006262e-16
kepler_0000984,difficult,0.99999999995848832,4.3008471578454691e-05,0.063669448309547808,0.063669448309547946,1.3877787807814457e-16,6.9117888495950908e-19
kepler_0000985,high_e,0.96733297066936907,1.4389873063042644,2.2133836947123222,2.2133836947123222,0,2.2204460492503131e-16
kepler_0000986,ordinary,0.36016141041389954,1.1727020132659809,1.5326007352997959,1.5326007352997959,0,0
kepler_0000987,ordinary,0.74307847983530462,2.3050370915650804,2.6534987250404938,2.6534987250404942,4.4408920985006262e-16,0
kepler_0000988,difficult,0.99999999996395361,3.0623994048489737e-07,0.012248189712126101,0.012248189712134639,8.5383089487578445e-15,4.8497930186229034e-19
kepler_0000989,high_e,0.93861906201113632,2.3682781852946468,2.7374081035663256,2.737408103566326,4.4408920985006262e-16,4.4408920985006262e-16
kepler_0000990,ordinary,0.35184818935868811,1.5450049249519096,1.8801509666923595,1.8801509666923595,0,0
kepler_0000991,ordinary,0.10426184047148329,0.30617816200402398,0.34105147361409222,0.34105147361409227,5.5511151231257827e-17,5.5511151231257827e-17
kepler_0000992,difficult,0.9999999993567259,0.0010437587933419489,0.18442933302558553,0.1844293330255859,3.6082248300317588e-16,4.5536491244391186e-18
kepler_0000993,high_e,0.97933107793989294,3.0874463320656975,3.1142350962656336,3.1142350962656336,0,0
kepler_0000994,ordinary,0.050411092922515797,0.54204604127901557,0.56921620930195738,0.56921620930195738,0,0
kepler_0000995,ordinary,0.82594538041186005,1.5698295160143361,2.2251625371273192,2.2251625371273192,0,0
kepler_0000996,difficult,0.9999999998189022,0.0018749973918013431,0.22425803614271581,0.22425803614271606,2.4980018054066022e-16,1.5395670849294163e-17
kepler_0000997,high_e,0.9092021214806506,2.3622663447764958,2.7278232880317637,2.7278232880317637,0,0
kepler_0000998,ordinary,0.18983063773166509,2.3997634489122439,2.5116000408983665,2.511600040898367,4.4408920985006262e-16,4.4408920985006262e-16
kepler_0000999,ordinary,0.78310140418898377,2.4888562416530737,2.7718499389938169,2.7718499389938169,0,0
kepler_0001000,difficult,0.99999990691435625,0.00056294471606685881,0.15009463073644672,0.15009463073644719,4.7184478546569153e-16,4.4452289071905682e-18
kepler_0001001,high_e,0.95836322972499532,1.9839932792471888,2.532385454587923,2.532385454587923,0,0
kepler_0001002,ordinary,0.70145155072114385,0.7914092162687586,1.4906066751764444,1.4906066751764442,2.2204460492503131e-16,1.1102230246251565e-16
kepler_0001003,ordinary,0.081774226273549647,1.0544483058285625,1.1283481803599504,1.1283481803599504,0,2.2204460492503131e-16
kepler_0001004,difficult,0.9999999999707907,5.4605200347743254e-06,0.031998955697875184,0.031998955697871784,3.4000580129145419e-15,3.601584091725285e-18
kepler_0001005,high_e,0.98214976038557922,1.6079879393876604,2.3242796479229866,2.3242796479229866,0,2.2204460492503131e-16
kepler_0001006,ordinary,0.69482522922379053,1.5686269547182929,2.150090809858352,2.150090809858352,0,0
kepler_0001007,ordinary,0.29852059780481699,0.76942181321682523,1.0244930066685052,1.0244930066685052,0,0
kepler_0001008,difficult,0.99999995687627075,0.00046182673611424576,0.14050262590206061,0.14050262590206006,5.5511151231257827e-16,5.6378512969246231e-18
kepler_0001009,high_e,0.90003446656638697,2.6666509860648127,2.8903802204780487,2.8903802204780482,4.4408920985006262e-16,4.4408920985006262e-16
kepler_0001010,ordinary,0.39491005054625378,1.3371077968542058,1.727197663113794,1.727197663113794,0,0
kepler_0001011,ordinary,0.1897548037200876,1.8825034396713336,2.050813483744677,2.0508134837446774,4.4408920985006262e-16,2.2204460492503131e-16
kepler_0001012,difficult,0.99999999640010961,2.6010793797610788e-06,0.02499008880305667,0.024990088803054398,2.2724877535296173e-15,1.1011428314305904e-20
kepler_0001013,high_e,0.90841006426158066,2.5214692016436691,2.8138728222337899,2.8138728222337899,0,0
kepler_0001014,ordinary,0.15274187106044043,2.1222375286949036,2.2418590491226986,2.2418590491226986,0,4.4408920985006262e-16
kepler_0001015,ordinary,0.41220886347684937,0.79524406101002809,1.1756954174927801,1.1756954174927801,0,0
kepler_0001016,difficult,0.99999999984547516,7.7240899085127844e-08,0.0077386353437666686,0.0077386353437764541,9.7855751279851688e-15,5.1068145785553801e-19
kepler_0001017,high_e,0.92548506843436562,0.54780380363218084,1.4684455598913559,1.4684455598913559,0,1.1102230246251565e-16
kepler_0001018,ordinary,0.48580279527113118,2.4201021053269915,2.6495910049489684,2.6495910049489684,0,0
kepler_0001019,ordinary,0.67606055839588197,1.3309908673472302,1.9572045605346371,1.9572045605346371,0,2.2204460492503131e-16
kepler_0001020,difficult,0.99999999733978429,1.0102093448945045e-07,0.0084623139389409536,0.0084623139389296883,1.1265294252993385e-14,3.182593950410025e-19
kepler_0001021,high_e,0.97145043916169382,3.0361550774994632,3.0880978477739585,3.0880978477739585,0,4.4408920985006262e-16
kepler_0001022,ordinary,0.51220445631921441,0.67337434344124858,1.138447931000232,1.138447931000232,0,1.1102230246251565e-16
kepler_0001023,ordinary,0.54161367551479778,2.3642644586604407,2.6296063269055923,2.6296063269055927,4.4408920985006262e-16,4.4408920985006262e-16
kepler_0001024,difficult,0.99999999666209205,4.6853579660666965e-06,0.030406626015175207,0.030406626015176803,1.5959455978986625e-15,6.1409888675936775e-19
kepler_0001025,high_e,0.96248556806654462,1.8864844684141835,2.4787554767623274,2.4787554767623274,0,2.2204460492503131e-16
kepler_0001026,ordinary,0.49875006196261956,2.4420996831879025,2.6690892326550442,2.6690892326550442,0,0
kepler_0001027,ordinary,0.1382217940638831,3.0519862522351313,3.062857874086983,3.0628578740869825,4.4408920985006262e-16,0
kepler_0001028,difficult,0.99999999782501514,1.1452918263411467e-05,0.040960648348135557,0.040960648348136196,6.3837823915946501e-16,3.5914196963582334e-19
kepler_0001029,high_e,0.9630450585049346,1.3126319803821347,2.1293273910208383,2.1293273910208383,0,4.4408920985006262e-16
kepler_0001030,ordinary,0.30379633899054348,1.3110858765141611,1.6145909263965703,1.6145909263965705,2.2204460492503131e-16,0
kepler_0001031,ordinary,0.3933807910838506,2.6503146765414813,2.7869267935341187,2.7869267935341187,0,0
kepler_0001032,difficult,0.99999999998188871,0.0022448183406945069,0.23815225928783426,0.23815225928783396,3.0531133177191805e-16,3.0357660829594124e-18
kepler_0001033,high_e,0.94196170561551884,3.1133774120788322,3.1270631585098374,3.1270631585098374,0,0
kepler_0001034,ordinary,0.53252305591588434,1.4885610839705157,1.9776206913160872,1.9776206913160874,2.2204460492503131e-16,2.2204460492503131e-16
kepler_0001035,ordinary,0.53668050855945493,0.32467471200520831,0.64906822508057871,0.64906822508057871,0,0
kepler_0001036,difficult,0.99999998345926722,6.6516279577588563e-05,0.073631389278280265,0.073631389278281542,1.27675647831893e-15,2.6834003769016235e-18
kepler_0001037,high_e,0.9522145818779435,2.1454826749153533,2.6199642177613569,2.6199642177613565,4.4408920985006262e-16,4.4408920985006262e-16
kepler_0001038,ordinary,0.73205429606821204,0.1991814314547348,0.63114350861190527,0.63114350861190527,0,2.7755575615628914e-17
kepler_0001039,ordinary,0.031884986327024203,1.6195624699388711,1.6513440782333042,1.6513440782333042,0,0
kepler_0001040,difficult,0.99999998065680495,4.8985578467587566e-06,0.03085998788908122,0.030859987889083947,2.7269853042355408e-15,6.7847339075069457e-19
kepler_0001041,high_e,0.96388495424890408,2.6415572872226356,2.8856096174157821,2.8856096174157821,0,0
kepler_0001042,ordinary,0.40232742052654574,0.52911016686848278,0.82450322401987375,0.82450322401987364,1.1102230246251565e-16,0
kepler_0001043,ordinary,0.55080494104537536,0.67522763147639875,1.1856909960050395,1.1856909960050395,0,1.1102230246251565e-16
kepler_0001044,difficult,0.99999999866441769,0.0063849460971620274,0.33774995484545223,0.33774995484545245,2.2204460492503131e-16,3.1225022567582528e-17
kepler_0001045,high_e,0.96921613934666362,0.81043049246988985,1.7619863451613076,1.7619863451613076,0,0
kepler_0001046,ordinary,0.2484140432674882,1.9986459158149732,2.1995530909045633,2.1995530909045629,4.4408920985006262e-16,2.2204460492503131e-16
kepler_0001047,ordinary,0.10563465533954401,1.3435379687275855,1.4483821318763972,1.4483821318763972,0,0
kepler_0001048,difficult,0.99999994330363118,8.439847356949946e-08,0.0079564606039635739,0.0079564606039758193,1.2245413016920281e-14,1.5018158852614762e-18
kepler_0001049,high_e,0.98247713120978797,0.40500761480393399,1.3671905523858574,1.3671905523858574,0,1.1102230246251565e-16
kepler_0001050,ordinary,0.048583227449104385,1.9640197587737243,2.0080325391399665,2.0080325391399665,0,2.2204460492503131e-16
kepler_0001051,ordinary,0.11382751295217673,0.26502665932619296,0.29850206050058359,0.29850206050058353,5.5511151231257827e-17,0
kepler_0001052,difficult,0.99999999974305365,0.0024188770992554075,0.24416677660479014,0.24416677660479022,8.3266726846886741e-17,1.214306433183765e-17
kepler_0001053,high_e,0.96022734912307095,2.499106964940236,2.8108953284876947,2.8108953284876947,0,0
kepler_0001054,ordinary,0.54770940621382014,1.0870575223437999,1.6336842209904552,1.633684220990455,2.2204460492503131e-16,0
kepler_0001055,ordinary,0.12283637766681989,2.6472303474759999,2.6997553152431468,2.6997553152431464,4.4408920985006262e-16,4.4408920985006262e-16
kepler_0001056,difficult,0.99999999998510003,3.3178667285221199e-05,0.058393083096025276,0.05839308309602436,9.1593399531575415e-16,6.9795514853754348e-19
kepler_0001057,high_e,0.91864407633418188,1.675044332884843,2.3369827191901402,2.3369827191901407,4.4408920985006262e-16,4.4408920985006262e-16
kepler_0001058,ordinary,0.8093629800906984,0.48640812685304397,1.2559980964236037,1.2559980964236037,0,5.5511151231257827e-17
kepler_0001059,ordinary,0.80240366124646301,0.019651862689617789,0.098802135346420336,0.098802135346420863,5.2735593669694936e-16,1.1449174941446927e-16
kepler_0001060,difficult,0.9999999997490332,3.9507992677000827e-05,0.06189274472149945,0.061892744721500845,1.3947176746853529e-15,3.3949080525952358e-18
kepler_0001061,high_e,0.94363410358626587,1.0120706909861856,1.9038504606207001,1.9038504606207001,0,0
kepler_0001062,ordinary,0.78010775768778939,2.2061160155313928,2.6049492917889263,2.6049492917889263,0,0
kepler_0001063,ordinary,0.63845413254714467,2.600970862451959,2.8092636435534102,2.8092636435534102,0,0
kepler_0001064,difficult,0.99999999998899625,0.0015909037605286291,0.21228758781688153,0.2122875878168819,3.6082248300317588e-16,1.214306433183765e-17
kepler_0001065,high_e,0.90908148077516482,2.0054868672578205,2.5285412906186355,2.5285412906186355,0,4.4408920985006262e-16
kepler_0001066,ordinary,0.69004842620394458,2.4574836521458185,2.7321748790679306,2.7321748790679301,4.4408920985006262e-16,4.4408920985006262e-16
kepler_0001067,ordinary,0.12945388725041748,0.39127294677199542,0.44726149798366127,0.44726149798366127,0,0
kepler_0001068,difficult,0.99999998600708084,3.1424935777921455e-06,0.026615207413458259,0.026615207413459411,1.1518563880485999e-15,1.2785962338803664e-18
kepler_0001069,high_e,0.91049892283190137,2.142684766220059,2.6067619059059051,2.6067619059059051,0,0
kepler_0001070,ordinary,0.27690871223323416,0.32061716553926578,0.43808303327200676,0.43808303327200676,0,0
kepler_0001071,ordinary,0.72675065457937704,2.4603435449238935,2.7426473969368823,2.7426473969368828,4.4408920985006262e-16,4.4408920985006262e-16
kepler_0001072,difficult,0.99999999996519018,0.00022883657305883015,0.11116848336575359,0.11116848336575294,6.5225602696727947e-16,2.4936649967166602e-18
kepler_0001073,high_e,0.96105942370671316,2.443671162955861,2.7819269404887756,2.7819269404887761,4.4408920985006262e-16,4.4408920985006262e-16
kepler_0001074,ordinary,0.084580106523229087,0.49568372776260444,0.53910441713228141,0.53910441713228141,0,5.5511151231257827e-17
kepler_0001075,ordinary,0.68108559265895696,1.2013877606212773,1.8551274286752317,1.8551274286752317,0,0
kepler_0001076,difficult,0.99999999997497946,2.5359726342679544e-05,0.053389095347742908,0.053389095347740945,1.9637069748057456e-15,3.4626706883755798e-18
kepler_0001077,high_e,0.91870427353319295,2.8387921420899791,2.9834624003888259,2.9834624003888259,0,4.4408920985006262e-16
kepler_0001078,ordinary,0.45969496979231472,2.6215148846801921,2.7828936968043694,2.7828936968043694,0,0
kepler_0001079,ordinary,0.52219177434291308,2.6904180160307489,2.8436897316228751,2.8436897316228751,0,4.4408920985006262e-16
kepler_0001080,difficult,0.99999999001211815,0.0046667978740958464,0.30413021141635344,0.3041302114163531,3.3306690738754696e-16,5.2041704279304213e-18
kepler_0001081,high_e,0.98718361672668253,2.0238665415373585,2.5633854977311907,2.5633854977311907,0,0
kepler_0001082,ordinary,0.77950376950525369,1.1669855882798019,1.903694107547921,1.9036941075479212,2.2204460492503131e-16,2.2204460492503131e-16
kepler_0001083,ordinary,0.48036333012242377,1.0648217196889489,1.5450255460356981,1.5450255460356981,0,0
kepler_0001084,difficult,0.99999999997666833,2.4571686305611356e-07,0.011381413063269211,0.011381413063271199,1.9879931034694209e-15,6.1568707353546956e-20
kepler_0001085,high_e,0.94453106331574066,1.2032865388757963,2.0440179963206266,2.0440179963206266,0,0
kepler_0001086,ordinary,0.48877901551530778,1.942773266371868,2.3054711389856664,2.3054711389856664,0,2.2204460492503131e-16
kepler_0001087,ordinary,0.79030894918263117,2.2333641583908936,2.6242375896685894,2.6242375896685894,0,0
kepler_0001088,difficult,0.9999999999018937,0.00015778983349603177,0.098207930507184044,0.098207930507184252,2.0816681711721685e-16,4.1741783640691921e-18
kepler_0001089,high_e,0.92245913469768837,2.2486806136059845,2.6687697184220243,2.6687697184220243,0,0
kepler_0001090,ordinary,0.84436049304665795,1.4145903360822489,2.1302320504989329,2.1302320504989329,0,0
kepler_0001091,ordinary,0.43467425242493879,1.5717701200878871,1.9719380915158053,1.9719380915158056,2.2204460492503131e-16,0
kepler_0001092,difficult,0.99999999991039701,2.6138869851149218e-06,0.025031320635023179,0.02503132063502107,2.1094237467877974e-15,9.1013690182474571e-19
kepler_0001093,high_e,0.97900103002657013,2.2365734804638895,2.6760524805341634,2.6760524805341634,0,4.4408920985006262e-16
kepler_0001094,ordinary,0.81404166954033852,1.3984799736510318,2.1008278917142653,2.1008278917142653,0,0
kepler_0001095,ordinary,0.26565770996323468,1.3524362242622423,1.6178005169928678,1.6178005169928678,0,0
kepler_0001096,difficult,0.99999999872663825,6.0449999428173538e-05,0.071321278387138268,0.0713212783871396,1.3322676295501878e-15,9.6493993351209895e-18
kepler_0001097,high_e,0.96563951699611505,0.4215455421657503,1.3672503373738365,1.3672503373738365,0,5.5511151231257827e-17
kepler_0001098,ordinary,0.77685828918476474,2.8212945807637579,2.9609025822079493,2.9609025822079493,0,0
kepler_0001099,ordinary,0.083578836240216656,0.49993156555671325,0.54312636021780081,0.5431263602178007,1.1102230246251565e-16,5.5511151231257827e-17
kepler_0001100,difficult,0.99999999998746225,1.2093748513420246e-08,0.0041709683514709224,0.0041709683514605167,1.0405738770646877e-14,3.7234873529584498e-19
kepler_0001101,high_e,0.91351412440315649,1.9034789316259753,2.4711064629294821,2.4711064629294821,0,4.4408920985006262e-16
kepler_0001102,ordinary,0.7592931050623557,0.75597623577259598,1.5140470234957462,1.5140470234957462,0,0
kepler_0001103,ordinary,0.87022972698832401,0.28605601492452848,1.0338002346710891,1.0338002346710891,0,1.1102230246251565e-16
kepler_0001104,difficult,0.99999999997517952,2.4357693926469828e-05,0.052676375325870439,0.052676375325868864,1.5751289161869408e-15,4.6383524191645487e-18
kepler_0001105,high_e,0.97473158005985139,1.7280266767328942,2.3920880814923864,2.3920880814923864,0,4.4408920985006262e-16
kepler_0001106,ordinary,0.50793894523728744,0.43728645396972515,0.80256664464181071,0.80256664464181071,0,5.5511151231257827e-17
kepler_0001107,ordinary,0.040619094141117418,0.36658358096272797,0.38171469307054462,0.38171469307054462,0,0
kepler_0001108,difficult,0.999999999962769,2.5222466384842519e-06,0.024735307280225671,0.024735307280230052,4.3819115003174147e-15,1.0185571190732962e-18
kepler_0001109,high_e,0.90894056913115462,1.7698439137440722,2.3902833034828306,2.3902833034828306,0,4.4408920985006262e-16
kepler_0001110,ordinary,0.70145913311691532,1.6148662307167416,2.18722189643906,2.1872218964390595,4.4408920985006262e-16,2.2204460492503131e-16
kepler_0001111,ordinary,0.56777287303800428,1.1942595501877495,1.752668072413863,1.752668072413863,0,2.2204460492503131e-16
kepler_0001112,difficult,0.99999999977012022,0.0035157410653214286,0.27665813067072847,0.27665813067072831,1.6653345369377348e-16,3.0357660829594124e-18
kepler_0001113,high_e,0.97018872419189617,0.73311085856965386,1.6957370194867114,1.6957370194867114,0,1.1102230246251565e-16
kepler_0001114,ordinary,0.22962625848388074,0.92041653420414027,1.1278857161091131,1.1278857161091131,0,1.1102230246251565e-16
kepler_0001115,ordinary,0.11853598395278822,0.044877065492941272,0.050909008607067714,0.050909008607067714,0,0
kepler_0001116,difficult,0.99999998984838345,0.0011590351044880457,0.19099107997623985,0.19099107997624024,3.8857805861880479e-16,1.3660947373317356e-17
kepler_0001117,high_e,0.9712115307251683,2.9517224440234084,3.04519755559431,3.04519755559431,0,0
kepler_0001118,ordinary,0.16665863943146536,2.6646314550582333,2.7311333405288094,2.7311333405288094,0,0
kepler_0001119,ordinary,0.8981428234572153,2.6117622574088211,2.8607212074195516,2.8607212074195516,0,0
kepler_0001120,difficult,0.99999999997249867,5.242965749755864e-06,0.031568209227751699,0.03156820922775249,7.9103390504542404e-16,2.3386579673691232e-18
kepler_0001121,high_e,0.908628811955144,1.4504508666445575,2.1902517034413225,2.1902517034413225,0,2.2204460492503131e-16
kepler_0001122,ordinary,0.19955793796583948,3.1317650797387171,3.1333999754129387,3.1333999754129382,4.4408920985006262e-16,4.4408920985006262e-16
kepler_0001123,ordinary,0.33694558588211471,1.2928839272589672,1.6292539559403605,1.6292539559403605,0,0
kepler_0001124,difficult,0.99999994938786463,8.1603150427921894e-07,0.016974708622141212,0.016974708622143869,2.6575963651964685e-15,1.6114801821513064e-19
kepler_0001125,high_e,0.9173556849090263,2.6587375913878346,2.8884697033482811,2.8884697033482807,4.4408920985006262e-16,4.4408920985006262e-16
kepler_0001126,ordinary,0.65536696453672605,1.9704335243122826,2.4088268800395602,2.4088268800395602,0,2.2204460492503131e-16
kepler_0001127,ordinary,0.48803299752300788,2.260547265948047,2.5376837762229014,2.5376837762229019,4.4408920985006262e-16,4.4408920985006262e-16
kepler_0001128,difficult,0.999999974069536,9.0984750979323262e-07,0.017605007529192734,0.017605007529186874,5.8598959018496544e-15,1.3935809564701376e-18
kepler_0001129,high_e,0.98845195422805088,1.4292629856631514,2.2178892507440828,2.2178892507440828,0,2.2204460492503131e-16
kepler_0001130,ordinary,0.015176494391601958,1.1899320188064864,1.2040995304739039,1.2040995304739039,0,0
kepler_0001131,ordinary,0.26627038852651175,0.25025740700610122,0.33873836999663165,0.33873836999663165,0,0
kepler_0001132,difficult,0.99999999996596045,2.8535938472002516e-05,0.055531164554441813,0.055531164554439884,1.9290125052862095e-15,2.1243586317137853e-18
kepler_0001133,high_e,0.97375787080590259,2.0013732510788431,2.5469139420602325,2.546913942060232,4.4408920985006262e-16,8.8817841970012523e-16
kepler_0001134,ordinary,0.0075879686215022503,1.8095537905722281,1.8169131021266705,1.8169131021266707,2.2204460492503131e-16,0
kepler_0001135,ordinary,0.25529156790626251,1.5245358906134066,1.7745466534884473,1.7745466534884473,0,2.2204460492503131e-16
kepler_0001136,difficult,0.99999999282393448,2.4517928374810132e-06,0.024502231486341008,0.024502231486338837,2.1718737919229625e-15,7.8096437736846491e-19
kepler_0001137,high_e,0.9212895393802305,1.0868539969917872,1.9445431409558083,1.9445431409558083,0,2.2204460492503131e-16
kepler_0001138,ordinary,0.088217004847178357,2.2776950314992139,2.341013615138146,2.341013615138146,0,0
kepler_0001139,ordinary,0.75765015084183485,1.2414291308553271,1.9462910075959092,1.9462910075959092,0,0
kepler_0001140,difficult,0.99999999105542547,5.7725035344465907e-05,0.070232686686534831,0.070232686686534054,7.7715611723760958e-16,6.024098320872584e-18
kepler_0001141,high_e,0.98521165410419809,2.0251254956067304,2.563484797335867,2.563484797335867,0,0
kepler_0001142,ordinary,0.52534143664095623,1.7345659697777656,2.1687539060948744,2.1687539060948744,0,2.2204460492503131e-16
kepler_0001143,ordinary,0.14131287588512223,2.6882252542433824,2.7430635695079637,2.7430635695079642,4.4408920985006262e-16,0
kepler_0001144,difficult,0.99999999872505618,3.3504475518442459e-07,0.012620567733752128,0.01262056773375704,4.9127368839663177e-15,1.2186686528621246e-19
kepler_0001145,high_e,0.95936373022696497,1.901210628226311,2.486037894703045,2.486037894703045,0,2.2204460492503131e-16
kepler_0001146,ordinary,0.08851264467327119,1.15320365997439,1.2368258285698777,1.2368258285698777,0,2.2204460492503131e-16
kepler_0001147,ordinary,0.72656425382853107,1.8145477505830552,2.3377130034599136,2.3377130034599136,0,2.2204460492503131e-16
kepler_0001148,difficult,0.9999999990771451,1.5370358438493233e-07,0.0097335360266393549,0.0097335360266352384,4.1164988084929632e-15,4.6981211815051802e-19
kepler_0001149,high_e,0.97585574509973527,0.4002171338250734,1.3530243924274643,1.3530243924274643,0,0
kepler_0001150,ordinary,0.37569417083517082,0.30883044218184119,0.48347521238185287,0.48347521238185293,5.5511151231257827e-17,0
kepler_0001151,ordinary,0.55637107814130438,2.5605555014045565,2.7651075616034473,2.7651075616034473,0,0
kepler_0001152,difficult,0.9999999997938005,0.0036905708087898552,0.28118183519298823,0.28118183519298812,1.1102230246251565e-16,1.7347234759768071e-17
kepler_0001153,high_e,0.92925829556386463,2.5803787761381893,2.8486877858268316,2.8486877858268316,0,4.4408920985006262e-16
kepler_0001154,ordinary,0.26759428893072684,1.0351326459705608,1.2924257488621265,1.2924257488621267,2.2204460492503131e-16,2.2204460492503131e-16
kepler_0001155,ordinary,0.76785464454004682,2.9069742829037848,3.0087093335572437,3.0087093335572437,0,0
kepler_0001156,difficult,0.99999999716481414,1.7713369827439142e-07,0.010204567140775079,0.010204567140783922,8.8436202805297626e-15,9.4248297249801931e-19
kepler_0001157,high_e,0.93219717637455068,2.7713900410240346,2.9494263949333961,2.9494263949333961,0,0
kepler_0001158,ordinary,0.43699519671513704,1.3067546452276544,1.7376788425032093,1.7376788425032095,2.2204460492503131e-16,2.2204460492503131e-16
kepler_0001159,ordinary,0.84191888071576493,1.1949226419942629,1.970483732117704,1.970483732117704,0,0
kepler_0001160,difficult,0.99999997849050237,7.377238499654269e-08,0.0076154164071076322,0.0076154164071217693,1.4137128967472989e-14,5.6342249371191906e-19
kepler_0001161,high_e,0.97295387666785849,1.371845665406908,2.1734167895790679,2.1734167895790679,0,2.2204460492503131e-16
kepler_0001162,ordinary,0.52260092864628005,0.64145448291866058,1.1094103412695546,1.1094103412695546,0,0
kepler_0001163,ordinary,0.80513474925637207,1.2417366301767274,1.9803012655085759,1.9803012655085759,0,2.2204460492503131e-16
kepler_0001164,difficult,0.9999999998811453,1.0276490512752339e-08,0.0039505617732205952,0.0039505617732429133,2.2318084880179612e-14,3.5054259998772207e-20
kepler_0001165,high_e,0.94433749135959422,0.40767336602155679,1.3232164264003152,1.3232164264003152,0,1.1102230246251565e-16
kepler_0001166,ordinary,0.41825325354199894,2.5633572870081274,2.7304970835521667,2.7304970835521667,0,4.4408920985006262e-16
kepler_0001167,ordinary,0.19534395839526161,1.901865487832888,2.0730814806349196,2.0730814806349196,0,2.2204460492503131e-16
kepler_0001168,difficult,0.99999999979244725,0.00022719680470413358,0.11090220178984178,0.11090220178984272,9.4368957093138306e-16,2.0328790734103208e-18
kepler_0001169,high_e,0.91659954317628911,0.50267595927181719,1.4070083893754226,1.4070083893754226,0,1.1102230246251565e-16
kepler_0001170,ordinary,0.74049879938564656,0.45144547274297758,1.116996897466108,1.116996897466108,0,5.5511151231257827e-17
kepler_0001171,ordinary,0.63596185888890533,1.1948265946486709,1.8123282009244577,1.8123282009244577,0,2.2204460492503131e-16
kepler_0001172,difficult,0.99999999983513854,1.889059969139011e-06,0.022463066029575915,0.022463066029579225,3.3098523921637479e-15,2.7105054312137611e-19
kepler_0001173,high_e,0.90406607754025936,1.78431437878023,2.3969849435905068,2.3969849435905068,0,2.2204460492503131e-16
kepler_0001174,ordinary,0.80709046694985909,2.885861498004199,2.9998655430746832,2.9998655430746832,0,4.4408920985006262e-16
kepler_0001175,ordinary,0.30637362646391775,2.3684378269079005,2.5414623391233593,2.5414623391233593,0,0
kepler_0001176,difficult,0.99999999996527333,0.00058181612627634406,0.15175594051047619,0.15175594051047644,2.4980018054066022e-16,8.565197162635485e-18
kepler_0001177,high_e,0.94485694434508471,2.5396663973741576,2.8296503475289967,2.8296503475289967,0,4.4408920985006262e-16
kepler_0001178,ordinary,0.19622036724304079,2.5384742357083296,2.6338736792913506,2.6338736792913506,0,0
kepler_0001179,ordinary,0.32190010848771533,2.7805545567838714,2.8676407820828138,2.8676407820828143,4.4408920985006262e-16,0
kepler_0001180,difficult,0.9999999962968833,0.0016338707022460809,0.21418463621256603,0.21418463621256581,2.2204460492503131e-16,4.5536491244391186e-18
kepler_0001181,high_e,0.90918439292139375,2.0049371318544393,2.5282599538511383,2.5282599538511383,0,4.4408920985006262e-16
kepler_0001182,ordinary,0.21667222181115464,0.6332438134686178,0.78664514167652977,0.78664514167652966,1.1102230246251565e-16,0
kepler_0001183,ordinary,0.53743999445424373,1.4769394757251275,1.9717538626232296,1.9717538626232296,0,2.2204460492503131e-16
kepler_0001184,difficult,0.9999999946285385,1.8901578735645298e-05,0.048405875513848597,0.04840587551385056,1.9637069748057456e-15,8.3348042009823153e-19
kepler_0001185,high_e,0.90376247919332697,0.35217189485058903,1.1918002716221767,1.1918002716221767,0,5.5511151231257827e-17
kepler_0001186,ordinary,0.24849919688646971,0.80697030768573685,1.0185266143617682,1.0185266143617682,0,0
kepler_0001187,ordinary,0.41437396503818258,0.58145447639952486,0.90812747783275893,0.90812747783275882,1.1102230246251565e-16,0
kepler_0001188,difficult,0.99999994628523015,0.00024637719588008233,0.11393949780009563,0.11393949780009612,4.8572257327350599e-16,3.2526065174565133e-19
kepler_0001189,high_e,0.97047748151420077,2.9130771690402866,3.0254946898104937,3.0254946898104933,4.4408920985006262e-16,4.4408920985006262e-16
kepler_0001190,ordinary,0.89941999693398844,0.82363182228058052,1.7138628330479893,1.7138628330479893,0,1.1102230246251565e-16
kepler_0001191,ordinary,0.59446308193914066,2.0773465883416549,2.4544382649924423,2.4544382649924423,0,0
kepler_0001192,difficult,0.9999999505648639,2.0571146191154001e-06,0.023106103413440063,0.023106103413444604,4.541506060107281e-15,6.348511939670981e-19
kepler_0001193,high_e,0.95198460368047266,3.001669824075254,3.0698803418153546,3.0698803418153546,0,4.4408920985006262e-16
kepler_0001194,ordinary,0.58919544287318537,0.24327166907708442,0.55248274227015348,0.55248274227015348,0,0
kepler_0001195,ordinary,0.87599755598512363,0.76710460359322941,1.6409475654360381,1.6409475654360381,0,0
kepler_0001196,difficult,0.99999999775421577,4.2532744283998081e-07,0.013665193678272264,0.013665193678266177,6.0871446772026161e-15,1.4340797192607339e-18
kepler_0001197,high_e,0.9066770289164211,2.5871458963434377,2.8488200755322088,2.8488200755322088,0,0
kepler_0001198,ordinary,0.58270157878168916,0.41604412717980932,0.85618759208452422,0.85618759208452433,1.1102230246251565e-16,5.5511151231257827e-17
kepler_0001199,ordinary,0.48072060691801105,0.91056024071126196,1.3828119485412609,1.3828119485412609,0,1.1102230246251565e-16
kepler_0001200,difficult,0.99999999985809362,4.275515227469832e-08,0.006353950227924338,0.0063539502279165074,7.8305417705593072e-15,2.0820466890204728e-19
kepler_0001201,high_e,0.93314270702968638,1.1748604616843616,2.0167439879886015,2.0167439879886015,0,0
kepler_0001202,ordinary,0.079959997260474147,1.7276326797877435,1.8054022547016131,1.8054022547016131,0,0
kepler_0001203,ordinary,0.19515737958702456,1.8018424215597542,1.9808232255450673,1.9808232255450673,0,0
kepler_0001204,difficult,0.99999999998590205,2.8779501548779789e-08,0.0055685826376348189,0.005568582637626651,8.1679454866367962e-15,3.9402252170595941e-19
kepler_0001205,high_e,0.91402598844656258,2.9807091504823364,3.057490298845122,3.057490298845122,0,4.4408920985006262e-16
kepler_0001206,ordinary,0.84014094293323238,0.62185702272552623,1.4565180087697454,1.4565180087697454,0,0
kepler_0001207,ordinary,0.75482211988734016,3.0220682601220488,3.073458011897356,3.0734580118973556,4.4408920985006262e-16,4.4408920985006262e-16
kepler_0001208,difficult,0.99999993716360946,2.5149426380593153e-06,0.024706324932892952,0.02470632493288942,3.5318969970887792e-15,6.4289800696601396e-19
kepler_0001209,high_e,0.91574684557284436,0.073515874323753116,0.55976775124569922,0.55976775124569911,1.1102230246251565e-16,5.5511151231257827e-17
kepler_0001210,ordinary,0.5370525695557401,0.99675811975197326,1.5334359239951727,1.5334359239951727,0,1.1102230246251565e-16
kepler_0001211,ordinary,0.68092955411794887,1.5294007824674032,2.1127536234033975,2.1127536234033975,0,2.2204460492503131e-16
kepler_0001212,difficult,0.99999996051804352,2.6272874834973719e-07,0.011631453976187131,0.011631453976187619,4.8745729674948279e-16,9.9515783390539611e-19
kepler_0001213,high_e,0.9036097027930784,0.17074100760947783,0.84902125440329612,0.8490212544032959,2.2204460492503131e-16,2.7755575615628914e-17
kepler_0001214,ordinary,0.42697399293246069,2.1939670925722266,2.4622327812573799,2.4622327812573799,0,0
kepler_0001215,ordinary,0.14826604503709315,2.7455215659258152,2.7957782644093006,2.7957782644093006,0,0
kepler_0001216,difficult,0.99999999887471458,0.00042536119969076899,0.13670096713810864,0.13670096713810792,7.2164496600635175e-16,1.9840899756484731e-17
kepler_0001217,high_e,0.91485584907147111,0.44962362242791648,1.3402802676482481,1.3402802676482481,0,5.5511151231257827e-17
kepler_0001218,ordinary,0.62947809506583741,1.5416373748788927,2.0885970854194249,2.0885970854194245,4.4408920985006262e-16,2.2204460492503131e-16
kepler_0001219,ordinary,0.68693338856866093,1.7265005255759882,2.2576627460081711,2.2576627460081711,0,0
kepler_0001220,difficult,0.99999999982643428,6.3961161349881081e-05,0.072676510504857253,0.072676510504857086,1.6653345369377348e-16,1.9109063290057016e-18
kepler_0001221,high_e,0.90686054003060335,0.69582868274612852,1.6022409247601996,1.6022409247601996,0,0
kepler_0001222,ordinary,0.17693775987596533,1.2254826590164012,1.3998411472356243,1.3998411472356243,0,0
kepler_0001223,ordinary,0.72745004761343013,0.015227362594458038,0.055792742917741375,0.055792742917741375,0,1.7347234759768071e-18
kepler_0001224,difficult,0.99999999800368922,4.5515147231208859e-07,0.013977460491001464,0.013977460490995427,6.0368376963992887e-15,6.4903899583360763e-20
kepler_0001225,high_e,0.96399739664085127,0.68496456820549012,1.6462212154776583,1.6462212154776583,0,1.1102230246251565e-16
kepler_0001226,ordinary,0.26347763619725029,0.7464384161183174,0.96268149798525382,0.96268149798525382,0,0
kepler_0001227,ordinary,0.1650463827397676,0.018182327505282467,0.0217761119725806,0.021776111972580604,3.4694469519536142e-18,0
kepler_0001228,difficult,0.99999999993036359,7.3312824897716288e-05,0.076059289587427775,0.076059289587429121,1.3461454173580023e-15,4.6620693416876691e-18
kepler_0001229,high_e,0.93131662634104806,1.4785246230301858,2.2202426502088048,2.2202426502088048,0,0
kepler_0001230,ordinary,0.61742082158679934,1.0033810207139364,1.6200529945620377,1.6200529945620377,0,0
kepler_0001231,ordinary,0.47533056802377299,2.3274171278624705,2.5803902299642139,2.5803902299642134,4.4408920985006262e-16,4.4408920985006262e-16
kepler_0001232,difficult,0.99999999988027166,3.2590116691816934e-07,0.01250487981666684,0.012504879816668866,2.0261570199409107e-15,3.6687114527951883e-19
kepler_0001233,high_e,0.90095480624819968,1.4510445559507195,2.1865358849775798,2.1865358849775798,0,2.2204460492503131e-16
kepler_0001234,ordinary,0.63748863328225236,3.0225754489575452,3.0688849539905219,3.0688849539905219,0,4.4408920985006262e-16
kepler_0001235,ordinary,0.25301219469693725,2.1171942838649449,2.3050184362239685,2.3050184362239685,0,0
kepler_0001236,difficult,0.99999999607886869,6.2798618091127374e-08,0.0072216349649866464,0.0072216349649973878,1.074140776324839e-14,1.2721376076575523e-19
kepler_0001237,high_e,0.90598467196257182,1.2634708959460579,2.0622361860378593,2.0622361860378593,0,2.2204460492503131e-16
kepler_0001238,ordinary,0.20631814451418085,0.048707997989210806,0.061359668514487778,0.061359668514487785,6.9388939039072284e-18,6.9388939039072284e-18
kepler_0001239,ordinary,0.86896956038771656,0.23456953464951258,0.93239513410221919,0.93239513410221908,1.1102230246251565e-16,1.1102230246251565e-16
kepler_0001240,difficult,0.99999999748485657,0.00026686663294286093,0.11701659686099936,0.1170165968609987,6.5225602696727947e-16,5.5294310796760726e-18
kepler_0001241,high_e,0.957361887795807,1.4646343902992616,2.2245781258639656,2.2245781258639656,0,0
kepler_0001242,ordinary,0.11248789648140033,1.3652587417046609,1.4772548620665868,1.4772548620665868,0,0
kepler_0001243,ordinary,0.056842775307839211,2.7898741818852573,2.8084619519799969,2.8084619519799969,0,0
kepler_0001244,difficult,0.99999999887139746,3.5029659676948766e-07,0.012809266738576335,0.012809266738574947,1.3877787807814457e-15,1.1768464010914435e-19
kepler_0001245,high_e,0.95443454021120533,2.657213117780318,2.8925025059859433,2.8925025059859433,0,4.4408920985006262e-16
kepler_0001246,ordinary,0.50639033225391938,0.69735694017259309,1.1620258986548131,1.1620258986548131,0,1.1102230246251565e-16
kepler_0001247,ordinary,0.71661466950760366,1.6329306302703523,2.2086439945983187,2.2086439945983187,0,0
kepler_0001248,difficult,0.99999999746274237,2.9808674568203047e-05,0.056344767480618986,0.056344767480620665,1.6792123247455493e-15,3.9132922163148676e-18
kepler_0001249,high_e,0.90541188791557903,1.0078851687406907,1.872422049517654,1.8724220495176538,2.2204460492503131e-16,0
kepler_0001250,ordinary,0.54945243074229433,2.135379937585379,2.4750787575062057,2.4750787575062057,0,4.4408920985006262e-16
kepler_0001251,ordinary,0.31659028488324592,0.90183609773625339,1.1965082495525272,1.1965082495525272,0,0
kepler_0001252,difficult,0.99999999984052623,1.6036207989772574e-07,0.0098722678021044372,0.0098722678020997726,4.6646714269016343e-15,1.3612084160172623e-18
kepler_0001253,high_e,0.93374915574735451,1.8127112139012842,2.4255958986798198,2.4255958986798198,0,0
kepler_0001254,ordinary,0.84255952935594491,2.3599193948037422,2.7113464263173306,2.7113464263173306,0,4.4408920985006262e-16
kepler_0001255,ordinary,0.48962028549231218,0.20178024749916187,0.38621102019194015,0.38621102019194015,0,0
kepler_0001256,difficult,0.99999998329406536,0.00026011307358778232,0.11602034902856942,0.1160203490285686,8.1878948066105295e-16,1.3010426069826053e-18
kepler_0001257,high_e,0.98757663796524431,2.309084344717534,2.7164295017557216,2.7164295017557221,4.4408920985006262e-16,4.4408920985006262e-16
kepler_0001258,ordinary,0.78884631424549967,1.0691988074060836,1.8314078268531706,1.8314078268531706,0,2.2204460492503131e-16
kepler_0001259,ordinary,0.61848123228025642,2.198999724081673,2.5459784139145958,2.5459784139145958,0,4.4408920985006262e-16
kepler_0001260,difficult,0.99999999994983646,1.0145614993600305e-05,0.039338794691464785,0.039338794691463536,1.2490009027033011e-15,4.7772658225142539e-19
kepler_0001261,high_e,0.94803506150932904,0.7436836529656361,1.6854900159204882,1.6854900159204882,0,1.1102230246251565e-16
kepler_0001262,ordinary,0.42132729475998953,1.6513165380731614,2.0291545028389351,2.0291545028389351,0,0
kepler_0001263,ordinary,0.70461181756061353,1.6698487943567988,2.2277850364152036,2.2277850364152032,4.4408920985006262e-16,2.2204460492503131e-16
kepler_0001264,difficult,0.99999999785416871,1.5154052322906482e-07,0.0096874059176394085,0.0096874059176404285,1.0200174038743626e-15,1.4073981814222234e-19
kepler_0001265,high_e,0.97457702248969202,2.71966700972491,2.9271038008766701,2.9271038008766701,0,0
kepler_0001266,ordinary,0.28611969533983705,0.19328947519270656,0.26945678876067947,0.26945678876067947,0,0
kepler_0001267,ordinary,0.51637104078602869,2.5735309588761988,2.7639382331441915,2.7639382331441915,0,4.4408920985006262e-16
kepler_0001268,difficult,0.99999999980127696,4.5711029766965324e-05,0.064976244096466851,0.06497624409646767,8.1878948066105295e-16,5.1770653736182837e-18
kepler_0001269,high_e,0.95149524314880096,1.3939624076032964,2.1762977728345829,2.1762977728345825,4.4408920985006262e-16,2.2204460492503131e-16
kepler_0001270,ordinary,0.67060476607262942,1.5139839097459169,2.0946568788845026,2.0946568788845026,0,2.2204460492503131e-16
kepler_0001271,ordinary,0.87218352311227165,0.35521998627617174,1.1520443410676555,1.1520443410676555,0,5.5511151231257827e-17
kepler_0001272,difficult,0.99999996439736227,5.7355044262299096e-05,0.070081525620804025,0.070081525620802498,1.5265566588595902e-15,1.8905775382715984e-18
kepler_0001273,high_e,0.94603589407893884,0.89630427418746739,1.8144069385802166,1.8144069385802166,0,1.1102230246251565e-16
kepler_0001274,ordinary,0.20733152109960903,0.76099447283379529,0.92679778964947568,0.92679778964947579,1.1102230246251565e-16,1.1102230246251565e-16
kepler_0001275,ordinary,0.86454630674414146,0.56454393044525975,1.4191712289506599,1.4191712289506599,0,0
kepler_0001276,difficult,0.99999998588461381,4.485043586208073e-08,0.0064517673403409696,0.0064517673403261542,1.4815405846579921e-14,3.3220235144619634e-19
kepler_0001277,high_e,0.90292059084151277,3.1314686876119184,3.136272416535129,3.136272416535129,0,0
kepler_0001278,ordinary,0.6716428701349979,2.453761678856877,2.7253344424002783,2.7253344424002783,0,4.4408920985006262e-16
kepler_0001279,ordinary,0.77893539887668717,2.7299573348013206,2.9092860248616716,2.9092860248616716,0,4.4408920985006262e-16
kepler_0001280,difficult,0.99999999933028239,0.00011299620036127282,0.087860599890159277,0.087860599890158084,1.1934897514720433e-15,5.1499603193061461e-19
kepler_0001281,high_e,0.94570162753228226,2.2577874311857649,2.6794470724953614,2.6794470724953614,0,0
kepler_0001282,ordinary,0.22334350207462023,2.4267555214460015,2.5511055290757714,2.5511055290757714,0,0
kepler_0001283,ordinary,0.85659036236656394,2.3674097730602082,2.7188428579703947,2.7188428579703947,0,0
kepler_0001284,difficult,0.99999999996631506,5.4936347064843865e-06,0.03206351193281165,0.032063511932810922,7.2858385991025898e-16,3.2356658585114273e-19
kepler_0001285,high_e,0.90209805058805481,0.059416848454124045,0.45948619449015526,0.45948619449015543,1.6653345369377348e-16,6.9388939039072284e-18
kepler_0001286,ordinary,0.31454323774259452,0.73121389884461652,0.99504809700346619,0.9950480970034663,1.1102230246251565e-16,1.1102230246251565e-16
kepler_0001287,ordinary,0.64171488381651831,1.1605957103614024,1.7873258641479044,1.7873258641479042,2.2204460492503131e-16,2.2204460492503131e-16
kepler_0001288,difficult,0.9999999662166329,1.3792166401728591e-08,0.0043422357874311895,0.0043422357874565278,2.5338238451855233e-14,2.8715740400900866e-19
kepler_0001289,high_e,0.95010075374089142,0.79245647023702426,1.7304710441578788,1.730471044157879,2.2204460492503131e-16,1.1102230246251565e-16
kepler_0001290,ordinary,0.35097812139323653,1.6429793443661884,1.9667957953226243,1.9667957953226245,2.2204460492503131e-16,0
kepler_0001291,ordinary,0.29403496937454615,1.2137972872085958,1.5072385662764127,1.5072385662764125,2.2204460492503131e-16,2.2204460492503131e-16
kepler_0001292,difficult,0.99999997319203815,0.0001646511656690154,0.099611198213320776,0.099611198213319721,1.0547118733938987e-15,6.5323180892251642e-18
kepler_0001293,high_e,0.9086461507735808,0.63523401076129671,1.5435427300801063,1.5435427300801066,2.2204460492503131e-16,1.1102230246251565e-16
kepler_0001294,ordinary,0.59663003676382842,0.60270648341526001,1.1464105557491062,1.1464105557491064,2.2204460492503131e-16,1.1102230246251565e-16
kepler_0001295,ordinary,0.50347730345067221,2.1461358897934155,2.4624019648651587,2.4624019648651587,0,0
kepler_0001296,difficult,0.9999999999570427,1.8652562078862716e-05,0.048192565146998108,0.04819256514699926,1.1518563880485999e-15,8.5042107904331754e-19
kepler_0001297,high_e,0.94151264986300442,0.17993938201282852,0.94059682789032217,0.94059682789032217,0,2.7755575615628914e-17
kepler_0001298,ordinary,0.59473558547277261,2.5518441927577329,2.7685795243499594,2.7685795243499594,0,0
kepler_0001299,ordinary,0.33105804788260984,0.83952681077573366,1.1403913181704495,1.1403913181704495,0,1.1102230246251565e-16
kepler_0001300,difficult,0.99999999311779053,3.9762114364673266e-05,0.062024965782789356,0.062024965782789106,2.4980018054066022e-16,2.927345865710862e-18
kepler_0001301,high_e,0.90493644296320952,3.0308795425404731,3.0834580427761895,3.0834580427761895,0,0
kepler_0001302,ordinary,0.03884221585412994,0.49963783236644638,0.51890069074151135,0.51890069074151135,0,5.5511151231257827e-17
kepler_0001303,ordinary,0.4953286666281384,2.6173464952262577,2.7885899799492475,2.7885899799492471,4.4408920985006262e-16,0
kepler_0001304,difficult,0.99999999990674193,2.9334342608563933e-05,0.056044359841604538,0.056044359841605246,7.0776717819853729e-16,1.5009423825346202e-18
kepler_0001305,high_e,0.94393154369001697,1.5903645745100379,2.2964730375066629,2.2964730375066633,4.4408920985006262e-16,2.2204460492503131e-16
kepler_0001306,ordinary,0.67813267724642323,2.8893810449758837,2.9910702158705056,2.9910702158705056,0,0
kepler_0001307,ordinary,0.49730485828017817,0.69289526662114176,1.1460012681272169,1.1460012681272167,2.2204460492503131e-16,1.1102230246251565e-16
kepler_0001308,difficult,0.99999999658000716,1.3886115710166235e-06,0.020272458677345562,0.020272458677340233,5.3290705182007514e-15,8.9933723174725339e-19
kepler_0001309,high_e,0.97439213668811664,2.2013108177066303,2.656049080834193,2.656049080834193,0,0
kepler_0001310,ordinary,0.80721043291587069,0.84179339384944263,1.646680800056336,1.646680800056336,0,0
kepler_0001311,ordinary,0.32754694159537412,2.3365104726290924,2.5257238366902586,2.5257238366902586,0,0
kepler_0001312,difficult,0.99999999956774055,3.0212556935590428e-07,0.012193024922088843,0.012193024922083871,4.9717174821495291e-15,8.2056316765260345e-21
kepler_0001313,high_e,0.9341874833274415,2.2635596577345551,2.6797947458519213,2.6797947458519213,0,0
kepler_0001314,ordinary,0.73597620098567762,2.346024363596011,2.6762670489180929,2.6762670489180929,0,4.4408920985006262e-16
kepler_0001315,ordinary,0.80737336226473377,1.9017337771748617,2.429367882462266,2.429367882462266,0,0
kepler_0001316,difficult,0.99999999924823646,4.4200977011642292e-07,0.013841793056561139,0.013841793056556884,4.2552766865711078e-15,3.8783521072406277e-19
kepler_0001317,high_e,0.90509839768099043,2.2648029886146581,2.6733173085056796,2.6733173085056796,0,0
kepler_0001318,ordinary,0.87164682354367817,0.76322982433935549,1.6331810376316329,1.6331810376316327,2.2204460492503131e-16,0
kepler_0001319,ordinary,0.71468313810232298,2.3281920033548,2.6595267234857296,2.6595267234857296,0,4.4408920985006262e-16
kepler_0001320,difficult,0.99999990867285582,0.0018633479220585829,0.22379103778713988,0.2237910377871398,8.3266726846886741e-17,6.5052130349130266e-19
kepler_0001321,high_e,0.97453251331119795,0.90646815445300843,1.8446781257544294,1.8446781257544294,0,0
kepler_0001322,ordinary,0.5671802031681582,0.30360241734290028,0.64425045524542979,0.64425045524542979,0,5.5511151231257827e-17
kepler_0001323,ordinary,0.18791880960737062,2.7594092847557454,2.8189868740034023,2.8189868740034019,4.4408920985006262e-16,0
kepler_0001324,difficult,0.99999993869627812,6.7501586729665588e-05,0.073992037460698906,0.073992037460700349,1.4432899320127035e-15,3.1441863002079629e-18
kepler_0001325,high_e,0.98615604547520874,2.2602126628651211,2.6903021444513215,2.6903021444513215,0,4.4408920985006262e-16
kepler_0001326,ordinary,0.039579436426229353,0.58885817942461172,0.61158328590685418,0.61158328590685418,0,0
kepler_0001327,ordinary,0.5316511404431139,1.202142880336533,1.7272966086622421,1.7272966086622419,2.2204460492503131e-16,2.2204460492503131e-16
kepler_0001328,difficult,0.99999993510063057,2.0342989705995705e-05,0.049604025111870509,0.049604025111868837,1.672273430841642e-15,1.5890338090490674e-18
kepler_0001329,high_e,0.98803178392302693,1.3307808977319979,2.1549670820481164,2.1549670820481164,0,2.2204460492503131e-16
kepler_0001330,ordinary,0.3705175463804381,0.10805957296449803,0.17117285916422637,0.17117285916422634,2.7755575615628914e-17,1.3877787807814457e-17
kepler_0001331,ordinary,0.45040290345271267,2.7686383673798223,2.8835681185404849,2.8835681185404849,0,0
kepler_0001332,difficult,0.99999999388600258,7.5277659114501481e-05,0.076732762855132863,0.076732762855132766,9.7144514654701197e-17,1.0083080204115191e-17
kepler_0001333,high_e,0.95673100046645632,0.029422763129397428,0.41633935148872481,0.41633935148872486,5.5511151231257827e-17,2.7755575615628914e-17
kepler_0001334,ordinary,0.6849883258612548,1.8380938210004427,2.3333780499298613,2.3333780499298613,0,2.2204460492503131e-16
kepler_0001335,ordinary,0.79992109322015437,2.7095790235268122,2.9005400945893998,2.9005400945893998,0,0
kepler_0001336,difficult,0.99999994082977217,1.7407545692135569e-06,0.021853725689397915,0.021853725689396104,1.8110513089197866e-15,8.133633876009419e-19
kepler_0001337,high_e,0.96127395975483443,1.1918286814079779,2.0464118530758268,2.0464118530758268,0,2.2204460492503131e-16
kepler_0001338,ordinary,0.37416878010056587,0.8357211802889708,1.1819583434974239,1.1819583434974241,2.2204460492503131e-16,2.2204460492503131e-16
kepler_0001339,ordinary,0.074454526012835448,0.89933255875593554,0.96033957543520709,0.96033957543520709,0,0
kepler_0001340,difficult,0.99999999768679659,1.0755971082214323e-07,0.0086411974218514095,0.008641197421847012,4.397524011601206e-15,1.6109243167796708e-18
kepler_0001341,high_e,0.98862628475288117,2.0231649518874617,2.5634330171178816,2.5634330171178816,0,0
kepler_0001342,ordinary,0.59561025842395665,2.2514258999527978,2.5724208692717405,2.5724208692717401,4.4408920985006262e-16,4.4408920985006262e-16
kepler_0001343,ordinary,0.46020279661866653,2.1917502261067079,2.4759538455042867,2.4759538455042867,0,0
kepler_0001344,difficult,0.99999999958845687,7.4314443860454973e-07,0.016459203022077058,0.016459203022078386,1.3287981825982342e-15,1.4579554604614645e-19
kepler_0001345,high_e,0.92718397557728616,1.1515122260306849,1.996097546557895,1.996097546557895,0,0
kepler_0001346,ordinary,0.37485837590681481,0.87064972713140598,1.2230732098895392,1.2230732098895392,0,0
kepler_0001347,ordinary,0.65805306959344823,2.2669868688910664,2.6039718303286881,2.6039718303286881,0,0
kepler_0001348,difficult,0.99999999983072119,2.9632246717641144e-07,0.012114495628735681,0.012114495628738892,3.2109731540330699e-15,1.3764285392882381e-19
kepler_0001349,high_e,0.97839470182341448,2.9891656713487942,3.0645091235117716,3.0645091235117716,0,0
kepler_0001350,ordinary,0.26044752440437846,2.9263630164302157,2.9706643981722003,2.9706643981722003,0,0
kepler_0001351,ordinary,0.05924609439060468,0.43475479763240465,0.46111623070532665,0.4611162307053267,5.5511151231257827e-17,0
kepler_0001352,difficult,0.99999999988956934,2.2611209311887787e-06,0.023850397910023542,0.02385039791002376,2.1857515797307769e-16,1.7491230360801302e-19
kepler_0001353,high_e,0.96509676469853267,2.2900625220821014,2.7013484988356899,2.7013484988356899,0,0
kepler_0001354,ordinary,0.6849640562544469,2.2880709558256846,2.625870202674188,2.625870202674188,0,0
kepler_0001355,ordinary,0.70518031900600708,2.5480848866375077,2.7905681824026871,2.7905681824026871,0,0
kepler_0001356,difficult,0.99999999456267785,0.0016139050047021309,0.21330727161476457,0.21330727161476429,2.7755575615628914e-16,4.5536491244391186e-18
kepler_0001357,high_e,0.97160665789441092,1.2450913735982623,2.0890918938530421,2.0890918938530421,0,2.2204460492503131e-16
kepler_0001358,ordinary,0.43307839627690525,1.7403064511233988,2.111585677785758,2.111585677785758,0,0
kepler_0001359,ordinary,0.782056837483598,3.0520007280240211,3.0913089065190826,3.0913089065190826,0,0
kepler_0001360,difficult,0.99999999979691068,2.076456586228929e-05,0.049946993929268331,0.049946993929268324,6.9388939039072284e-18,4.7366082410460475e-18
kepler_0001361,high_e,0.9317995419801598,1.0519533383907236,1.9256872351201284,1.9256872351201284,0,0
kepler_0001362,ordinary,0.19034654749706009,1.4194789199388027,1.6096815776079016,1.6096815776079016,0,0
kepler_0001363,ordinary,0.0052953250026799847,3.11079258321847,3.1109547952554686,3.110954795255469,4.4408920985006262e-16,0
kepler_0001364,difficult,0.99999999998844957,2.3719986420510561e-08,0.0052210164081851976,0.0052210164081961368,1.0939166239509746e-14,7.0341784930284367e-19
kepler_0001365,high_e,0.97175489327550724,2.7526933160525906,2.9437224187615869,2.9437224187615865,4.4408920985006262e-16,4.4408920985006262e-16
kepler_0001366,ordinary,0.89380890147533465,1.3121663561573265,2.0887417127279289,2.0887417127279289,0,2.2204460492503131e-16
kepler_0001367,ordinary,0.52894063089577747,0.0892402763959117,0.18820062164654455,0.18820062164654455,0,0
kepler_0001368,difficult,0.99999999982389176,5.6722596890928216e-07,0.015041924818345358,0.015041924818346276,9.1766871879173095e-16,8.966902537870837e-19
kepler_0001369,high_e,0.93134522026423405,1.6521988621778845,2.328648167506536,2.328648167506536,0,0
kepler_0001370,ordinary,0.47643184746696743,1.4171937111131776,1.8721547589104643,1.8721547589104643,0,0
kepler_0001371,ordinary,0.36195045510142926,2.8506722804893418,2.9275536270525784,2.9275536270525788,4.4408920985006262e-16,4.4408920985006262e-16
kepler_0001372,difficult,0.99999999668796502,0.00037728615332774558,0.13134052174988539,0.13134052174988459,8.0491169285323849e-16,1.7347234759768071e-18
kepler_0001373,high_e,0.95590455715354794,1.3888767398749087,2.1753518303974539,2.1753518303974539,0,0
kepler_0001374,ordinary,0.65487900354833317,2.5592628157614139,2.7867783920758549,2.7867783920758544,4.4408920985006262e-16,4.4408920985006262e-16
kepler_0001375,ordinary,0.58186201180525576,1.7766132891733624,2.2348351613270836,2.2348351613270836,0,0
kepler_0001376,difficult,0.9999999901475084,0.00015649642870950011,0.097938571619976364,0.097938571619976988,6.2450045135165055e-16,4.3097036356298801e-18
kepler_0001377,high_e,0.94462480936546467,0.023862608409904118,0.32963959223049893,0.32963959223049893,0,0
kepler_0001378,ordinary,0.79142910406076172,0.89307723723223686,1.6798084646514173,1.6798084646514171,2.2204460492503131e-16,1.1102230246251565e-16
kepler_0001379,ordinary,0.44292747632691987,2.8808751629321061,2.9606033509866494,2.9606033509866494,0,0
kepler_0001380,difficult,0.99999999551062468,0.0042191302206126182,0.29404734279589195,0.29404734279589162,3.3306690738754696e-16,1.9081958235744878e-17
kepler_0001381,high_e,0.92125372527411109,1.2696371286789314,2.0758644904524752,2.0758644904524752,0,2.2204460492503131e-16
kepler_0001382,ordinary,0.32521601148770934,0.21718388509374295,0.31925637804867757,0.31925637804867757,0,0
kepler_0001383,ordinary,0.27525388574703313,0.47623720166982764,0.64079247940123318,0.64079247940123318,0,0
kepler_0001384,difficult,0.99999999961852715,0.00078027735295131163,0.16736687258438518,0.16736687258438529,1.1102230246251565e-16,8.6736173798840355e-18
kepler_0001385,high_e,0.93533346916961302,0.32334614711704146,1.1925719002506456,1.1925719002506456,0,0
kepler_0001386,ordinary,0.47301980585799247,2.4030802215463734,2.6332947324768581,2.6332947324768581,0,0
kepler_0001387,ordinary,0.11610010910592421,1.4886283657905397,1.6046619049643742,1.6046619049643742,0,2.2204460492503131e-16
kepler_0001388,difficult,0.99999990932731242,6.0491405010029964e-08,0.0071077380646992587,0.0071077380646850383,1.4220395694319876e-14,4.691768434400773e-20
kepler_0001389,high_e,0.95427170411318185,1.6618847479278174,2.3445009208086431,2.3445009208086431,0,2.2204460492503131e-16
kepler_0001390,ordinary,0.50555367573558829,0.81870658982123556,1.3067369872849492,1.3067369872849492,0,0
kepler_0001391,ordinary,0.016989466874881943,0.28634142821580544,0.29121945321738768,0.29121945321738768,0,0
kepler_0001392,difficult,0.99999993609687976,3.6774064240070263e-08,0.0060215522990952836,0.0060215522991061126,1.0829011298785218e-14,1.4801900753268898e-19
kepler_0001393,high_e,0.91503039522575436,1.5082283080741969,2.2309877860567857,2.2309877860567857,0,2.2204460492503131e-16
kepler_0001394,ordinary,0.79885096378566522,2.6322529563021568,2.8567416387559068,2.8567416387559068,0,0
kepler_0001395,ordinary,0.89362531482146146,1.9696619467663634,2.5026050087783243,2.5026050087783243,0,0
kepler_0001396,difficult,0.99999999941684414,1.6370531408440876e-05,0.046140948182524628,0.046140948182526342,1.7139067942650854e-15,1.1282478857427281e-18
kepler_0001397,high_e,0.92891034304421405,0.12517046176335186,0.77542781216913914,0.77542781216913936,2.2204460492503131e-16,8.3266726846886741e-17
kepler_0001398,ordinary,0.71791258165850336,2.0513053963655112,2.4878896710267178,2.4878896710267178,0,4.4408920985006262e-16
kepler_0001399,ordinary,0.22437923128563328,3.0754515069905888,3.0875676907128402,3.0875676907128402,0,0
kepler_0001400,difficult,0.99999999997041833,0.0021285130390484262,0.23395845434726084,0.23395845434726098,1.3877787807814457e-16,2.4286128663675299e-17
kepler_0001401,high_e,0.95219548270111531,2.8231865497355693,2.9781365585451511,2.9781365585451511,0,4.4408920985006262e-16
kepler_0001402,ordinary,0.27551566412542816,2.8339247530782261,2.8998751023001752,2.8998751023001752,0,0
kepler_0001403,ordinary,0.64869866376020513,2.103308763402763,2.4944270607995085,2.4944270607995085,0,0
kepler_0001404,difficult,0.99999999998871181,8.4129969253401681e-05,0.079630582062901828,0.079630582062900995,8.3266726846886741e-16,3.1170812458958252e-19
kepler_0001405,high_e,0.96580313040036825,1.8118263003384809,2.4372302670273029,2.4372302670273029,0,2.2204460492503131e-16
kepler_0001406,ordinary,0.15997934459849633,2.9066854846977441,2.9388918220726725,2.9388918220726725,0,0
kepler_0001407,ordinary,0.80503672215269151,0.024250459561888572,0.12310190221942047,0.12310190221942194,1.4710455076283324e-15,2.9837243786801082e-16
kepler_0001408,difficult,0.99999999990917154,8.7459152300455938e-07,0.017377505282990941,0.017377505282993193,2.2516710718178956e-15,1.0317920088741446e-18
kepler_0001409,high_e,0.95269370359309369,2.0900143647671037,2.5895959307645722,2.5895959307645722,0,0
kepler_0001410,ordinary,0.40575688200402077,1.8588474139144759,2.1894105831888737,2.1894105831888737,0,0
kepler_0001411,ordinary,0.59281119123749904,0.21782578731648147,0.50423557455983603,0.50423557455983603,0,2.7755575615628914e-17
kepler_0001412,difficult,0.99999999993786171,0.0091332041045464069,0.3807509437324284,0.3807509437324284,0,2.6020852139652106e-17
kepler_0001413,high_e,0.91298444072571594,0.29124051707910936,1.1083137551972428,1.1083137551972428,0,0
kepler_0001414,ordinary,0.6367132257296948,2.0495979485735289,2.4538031231109687,2.4538031231109683,4.4408920985006262e-16,4.4408920985006262e-16
kepler_0001415,ordinary,0.46228724724995429,1.332749564443469,1.7845189123886425,1.7845189123886422,2.2204460492503131e-16,0
kepler_0001416,difficult,0.99999999983853816,0.0033091968305252544,0.27111697110601807,0.27111697110601773,3.3306690738754696e-16,1.951563910473908e-17
kepler_0001417,high_e,0.9293736761704513,0.010516355227060604,0.1425542998057866,0.14255429980578863,2.0261570199409107e-15,1.457167719820518e-16
kepler_0001418,ordinary,0.58596797057961203,0.84110270927775843,1.4204615430561331,1.4204615430561331,0,0
kepler_0001419,ordinary,0.62576999779020426,2.2823533352131316,2.6032137192899318,2.6032137192899323,4.4408920985006262e-16,4.4408920985006262e-16
kepler_0001420,difficult,0.99999999249069649,1.7365247589905833e-05,0.047056955612421583,0.047056955612422145,5.620504062164855e-16,5.6920614055488983e-19
kepler_0001421,high_e,0.9421467842575455,1.0575451697821017,1.9371655684984022,1.9371655684984022,0,2.2204460492503131e-16
kepler_0001422,ordinary,0.40775335213845421,2.8958695551267661,2.9667853557194355,2.9667853557194355,0,4.4408920985006262e-16
kepler_0001423,ordinary,0.20654958788518146,2.6340786975088575,2.7188234029643978,2.7188234029643983,4.4408920985006262e-16,0
kepler_0001424,difficult,0.99999999993316691,2.0694002533600723e-07,0.010748113644715796,0.010748113644707416,8.3804491124439551e-15,2.0079974805847257e-19
kepler_0001425,high_e,0.98848993037633681,1.1195368272655715,2.0129611644291132,2.0129611644291132,0,0
kepler_0001426,ordinary,0.85583873898046925,0.47599999016909361,1.3008431456407612,1.3008431456407612,0,5.5511151231257827e-17
kepler_0001427,ordinary,0.63338723662382324,1.002144198303266,1.634256477293236,1.6342564772932358,2.2204460492503131e-16,2.2204460492503131e-16
kepler_0001428,difficult,0.99999999997940781,3.2624758673428874e-05,0.058066268683287917,0.05806626868328784,7.6327832942979512e-17,4.2487172634275705e-18
kepler_0001429,high_e,0.9265209150729482,2.8624515832903152,2.9964539778388235,2.9964539778388231,4.4408920985006262e-16,4.4408920985006262e-16
kepler_0001430,ordinary,0.40982220749919751,2.5354916445959921,2.7077607415358127,2.7077607415358127,0,0
kepler_0001431,ordinary,0.24637852400833818,0.51089933073056182,0.66243084086055626,0.66243084086055615,1.1102230246251565e-16,0
kepler_0001432,difficult,0.9999999996097747,2.9411434335885166e-05,0.056093407003160914,0.056093407003161767,8.5348395018058909e-16,1.5551524911588954e-18
kepler_0001433,high_e,0.98146041638606729,1.3346289473964044,2.1539068963670918,2.1539068963670918,0,0
kepler_0001434,ordinary,0.54338826161056997,3.1104602245561921,3.121420689632092,3.121420689632092,0,0
kepler_0001435,ordinary,0.21095122164828053,0.22488122304942437,0.28398653220971676,0.28398653220971676,0,0
kepler_0001436,difficult,0.99999999994677624,0.0058413948985160937,0.32784408324309211,0.32784408324309228,1.6653345369377348e-16,8.6736173798840355e-19
kepler_0001437,high_e,0.9480463869001633,1.9798738317226774,2.5267417877052734,2.5267417877052734,0,4.4408920985006262e-16
kepler_0001438,ordinary,0.29704343584827442,2.8126916287920634,2.8873902020776381,2.8873902020776381,0,0
kepler_0001439,ordinary,0.31020901127725808,0.72219499086650463,0.9797857284001722,0.97978572840017231,1.1102230246251565e-16,0
kepler_0001440,difficult,0.99999999997889999,1.141606062454184e-07,0.0088150104643130583,0.008815010464316585,3.5266928266608488e-15,1.1254817937743507e-18
kepler_0001441,high_e,0.96363363469759789,1.4003976446490782,2.1868703977651656,2.1868703977651656,0,0
kepler_0001442,ordinary,0.53522790927174801,0.60896117344181033,1.0813496501157827,1.0813496501157827,0,0
kepler_0001443,ordinary,0.51170011669394555,1.4385126842861964,1.9194292332142209,1.9194292332142207,2.2204460492503131e-16,0
kepler_0001444,difficult,0.99999999693038888,2.5183073295286469e-07,0.011474506892396272,0.011474506892399724,3.4520997171938461e-15,2.2711070898255928e-19
kepler_0001445,high_e,0.98701614537952143,1.3394369982331191,2.1600167240397283,2.1600167240397283,0,2.2204460492503131e-16
kepler_0001446,ordinary,0.19933339197299349,0.94197600529610526,1.1215286249268255,1.1215286249268255,0,0
kepler_0001447,ordinary,0.85159631891446375,2.5993669255048526,2.8467950181012571,2.8467950181012576,4.4408920985006262e-16,4.4408920985006262e-16
kepler_0001448,difficult,0.99999999990555577,5.1570583355483401e-05,0.067642170076068597,0.067642170076068542,5.5511151231257827e-17,6.2951488639939601e-18
kepler_0001449,high_e,0.93230020359783716,2.4209603565410238,2.7643665954565382,2.7643665954565382,0,0
kepler_0001450,ordinary,0.082459757211899729,2.475955207103957,2.5237240724027759,2.5237240724027754,4.4408920985006262e-16,4.4408920985006262e-16
kepler_0001451,ordinary,0.4477158612931541,2.2334152119832424,2.5010013722508311,2.5010013722508311,0,0
kepler_0001452,difficult,0.99999995290916199,1.6858238752788046e-07,0.010028803146924805,0.01002880314692604,1.2351231148954867e-15,7.4462136997533509e-19
kepler_0001453,high_e,0.92067890685329989,0.56540289719962056,1.4824947950632308,1.4824947950632308,0,0
kepler_0001454,ordinary,0.64013834725189322,2.2718609879605198,2.6011965872193028,2.6011965872193028,0,0
kepler_0001455,ordinary,0.086588455986809323,2.6448177293347412,2.6831385238923473,2.6831385238923477,4.4408920985006262e-16,4.4408920985006262e-16
kepler_0001456,difficult,0.99999999949921448,0.0020744273687225401,0.2319561840620474,0.23195618406204771,3.0531133177191805e-16,2.1684043449710089e-18
kepler_0001457,high_e,0.98846933995589192,2.9393824991631461,3.0398139872657985,3.0398139872657985,0,0
kepler_0001458,ordinary,0.17764143221869114,1.722374066253997,1.8909869503184142,1.8909869503184142,0,0
kepler_0001459,ordinary,0.41533978707268571,0.68051717477374762,1.0383633779568557,1.038363377956856,2.2204460492503131e-16,1.1102230246251565e-16
kepler_0001460,difficult,0.99999998293954706,9.2248429607360416e-05,0.082113901432151581,0.082113901432151248,3.3306690738754696e-16,7.6165202617106686e-18
kepler_0001461,high_e,0.96985815171759926,2.1662733821057794,2.6360005036433476,2.6360005036433476,0,0
kepler_0001462,ordinary,0.20533222492230582,2.1535972965782837,2.3059042012325182,2.3059042012325177,4.4408920985006262e-16,0
kepler_0001463,ordinary,0.29473126325317317,1.2008200099021784,1.4946983039218042,1.4946983039218045,2.2204460492503131e-16,0
kepler_0001464,difficult,0.99999990981709064,1.939901290876618e-05,0.048823401503865459,0.048823401503863384,2.0747292772682613e-15,5.5091022889419694e-18
kepler_0001465,high_e,0.90284705254867315,0.69108357064820081,1.5936939516307715,1.5936939516307715,0,0
kepler_0001466,ordinary,0.20543441504058582,2.2103112591037051,2.355653842514807,2.355653842514807,0,0
kepler_0001467,ordinary,0.4121413939411338,2.122933217533197,2.401011888375816,2.401011888375816,0,0
kepler_0001468,difficult,0.99999998519800359,0.0029246991741080663,0.26015602872342292,0.26015602872342319,2.7755575615628914e-16,2.5587171270657905e-17
kepler_0001469,high_e,0.92514470210153976,1.5499986043434959,2.2625053202245886,2.2625053202245886,0,2.2204460492503131e-16
kepler_0001470,ordinary,0.62921572424354966,3.0479609026704368,3.0841099857964167,3.0841099857964167,0,0
kepler_0001471,ordinary,0.22513959544932258,0.2808320283954473,0.36018105512190463,0.36018105512190463,0,0
kepler_0001472,difficult,0.99999999933132211,9.2829812679126067e-06,0.038190592877779601,0.0381905928777811,1.4988010832439613e-15,8.8599646282799815e-19
kepler_0001473,high_e,0.9251189366425755,0.62424973430630193,1.5491519806025738,1.5491519806025738,0,0
kepler_0001474,ordinary,0.766829787227997,1.0338139210017856,1.7833814184220746,1.7833814184220744,2.2204460492503131e-16,2.2204460492503131e-16
kepler_0001475,ordinary,0.34119755793460305,2.13120376673518,2.3692874393303365,2.3692874393303365,0,0
kepler_0001476,difficult,0.99999999530685169,7.0581182863293518e-08,0.007508298174875719,0.0075082981748855627,9.8436883644303919e-15,5.8925699860317522e-19
kepler_0001477,high_e,0.98424653868579048,1.4809040201485317,2.2479721005470883,2.2479721005470883,0,2.2204460492503131e-16
kepler_0001478,ordinary,0.80160602352757371,2.575156925193852,2.8248417609113701,2.8248417609113701,0,0
kepler_0001479,ordinary,0.5270143522970312,0.010288442092330811,0.021750212476418673,0.021750212476418673,0,0
kepler_0001480,difficult,0.99999999983992371,0.0029421194335004439,0.26067280673758014,0.26067280673757981,3.3306690738754696e-16,2.0816681711721685e-17
kepler_0001481,high_e,0.90892275957123314,1.0899916448019324,1.9382419853527089,1.9382419853527089,0,0
kepler_0001482,ordinary,0.21332226728103984,1.0948250581222974,1.3003960592823149,1.3003960592823152,2.2204460492503131e-16,0
kepler_0001483,ordinary,0.75389417888025667,0.43869261910223434,1.1159309873514478,1.1159309873514478,0,1.1102230246251565e-16
kepler_0001484,difficult,0.99999999921934912,3.5933205844835276e-06,0.027832601645151354,0.027832601645150303,1.0512424264419451e-15,1.3040072222979954e-18
kepler_0001485,high_e,0.91046967883849705,2.32910087931739,2.7099817624480496,2.7099817624480496,0,4.4408920985006262e-16
kepler_0001486,ordinary,0.021076894076635311,0.49136923647313296,0.5015018048174581,0.5015018048174581,0,5.5511151231257827e-17
kepler_0001487,ordinary,0.36183213078209697,1.9906983005538073,2.2680758853055116,2.2680758853055116,0,0
kepler_0001488,difficult,0.99999998210959729,1.0173864724458072e-05,0.039374368706327489,0.039374368706326122,1.366962099069724e-15,2.8409485050909233e-18
kepler_0001489,high_e,0.9267606798193827,0.70157468663404998,1.6268783287534161,1.6268783287534161,0,0
kepler_0001490,ordinary,0.4767505688221178,2.3571274141505545,2.6020535485910856,2.6020535485910856,0,0
kepler_0001491,ordinary,0.84916009748719823,1.6920512907646359,2.3160896884889088,2.3160896884889088,0,0
kepler_0001492,difficult,0.99999999970564202,3.6128081873718841e-05,0.060074675945465533,0.06007467594546461,9.2287288921966137e-16,6.2341624917916505e-19
kepler_0001493,high_e,0.95518037243385567,2.0317859512462628,2.5580638288580291,2.5580638288580291,0,4.4408920985006262e-16
kepler_0001494,ordinary,0.26150549230845466,0.75130985278373397,0.9665038475918647,0.9665038475918647,0,1.1102230246251565e-16
kepler_0001495,ordinary,0.20119475264639633,1.1855396965010117,1.3832047359168527,1.3832047359168527,0,0
kepler_0001496,difficult,0.99999999850012822,5.5203389068359713e-06,0.032115291349389341,0.032115291349392783,3.4416913763379853e-15,9.0632525356210136e-19
kepler_0001497,high_e,0.92552228954457394,0.57999867638032665,1.5034210922271662,1.5034210922271662,0,0
kepler_0001498,ordinary,0.72483888842564548,2.6101648762040357,2.8314095971682867,2.8314095971682867,0,4.4408920985006262e-16
kepler_0001499,ordinary,0.53444680851107973,0.46988371828678888,0.88273112780433094,0.88273112780433094,0,0
kepler_0001500,difficult,0.99999998223605835,0.0031919899356558363,0.26786961862709868,0.26786961862709868,0,4.3368086899420177e-19
kepler_0001501,high_e,0.93764124231351598,2.5077933863399142,2.8116121763540289,2.8116121763540289,0,4.4408920985006262e-16
kepler_0001502,ordinary,0.55643866174964784,1.5405736178978078,2.0375037364638864,2.0375037364638864,0,0
kepler_0001503,ordinary,0.66362848595327839,2.930106940931235,3.0143325798794218,3.0143325798794218,0,0
kepler_0001504,difficult,0.99999999992854305,0.00011069842126052965,0.087260828773831733,0.087260828773831095,6.3837823915946501e-16,1.07742590890747e-17
kepler_0001505,high_e,0.95421676913655362,1.703418682950717,2.3692711429986226,2.3692711429986222,4.4408920985006262e-16,4.4408920985006262e-16
kepler_0001506,ordinary,0.29480941418227996,3.0101128583289936,3.0400091514410912,3.0400091514410916,4.4408920985006262e-16,0
kepler_0001507,ordinary,0.5452788901105784,0.21326627841154297,0.45087172373683265,0.45087172373683265,0,0
kepler_0001508,difficult,0.99999999830597841,3.4022042775537588e-08,0.0058874651981612224,0.0058874651981682654,7.0429773124658368e-15,4.9552750903356655e-19
kepler_0001509,high_e,0.96298293416728686,1.4690189863957184,2.2301496663269385,2.2301496663269385,0,2.2204460492503131e-16
kepler_0001510,ordinary,0.10662128262684559,2.8116994813596206,2.8430588458488275,2.8430588458488271,4.4408920985006262e-16,4.4408920985006262e-16
kepler_0001511,ordinary,0.31891001247632189,1.3056466130654443,1.6241036148103527,1.6241036148103527,0,0
kepler_0001512,difficult,0.9999999999844672,0.0037583195915974242,0.28289655194252367,0.28289655194252394,2.7755575615628914e-16,2.3418766925686896e-17
kepler_0001513,high_e,0.9436628208251181,2.7559374403494954,2.9425389931946828,2.9425389931946828,0,0
kepler_0001514,ordinary,0.017547790129665342,2.9389509146618416,2.9424228435745663,2.9424228435745663,0,0
kepler_0001515,ordinary,0.23882272008245378,1.5464540800676505,1.7800663624588307,1.7800663624588307,0,2.2204460492503131e-16
kepler_0001516,difficult,0.99999997443262267,2.0019259585062158e-05,0.049341035160901561,0.049341035160903331,1.7694179454963432e-15,4.2554935270056049e-18
kepler_0001517,high_e,0.93101144282685278,1.5155209338874764,2.2436278940532048,2.2436278940532048,0,2.2204460492503131e-16
kepler_0001518,ordinary,0.49511475564011376,1.243668686909563,1.7323373450108512,1.732337345010851,2.2204460492503131e-16,2.2204460492503131e-16
kepler_0001519,ordinary,0.4443633448831642,2.2424986479299354,2.5062187395316284,2.5062187395316284,0,0
kepler_0001520,difficult,0.99999993397394182,0.0017951471998563396,0.22102236409178344,0.2210223640917833,1.3877787807814457e-16,1.1058862159352145e-17
kepler_0001521,high_e,0.98541201321290806,0.64182358040314891,1.62574814263246,1.62574814263246,0,0
kepler_0001522,ordinary,0.81748641892341944,1.0293599189074096,1.82132552406014,1.82132552406014,0,0
kepler_0001523,ordinary,0.54840683754706421,0.67998478497319248,1.1888800952620873,1.1888800952620873,0,0
kepler_0001524,difficult,0.99999999995871924,1.6930615511141239e-07,0.010052522236958459,0.010052522236969043,1.05835479269345e-14,2.1665514603988901e-19
kepler_0001525,high_e,0.95623287717740924,1.1311885469107312,2.0004925386073866,2.0004925386073866,0,2.2204460492503131e-16
kepler_0001526,ordinary,0.6309800669985639,2.0792294373504081,2.4712357218902614,2.4712357218902614,0,0
kepler_0001527,ordinary,0.79317782130961467,2.6857735478249389,2.8861719194464674,2.8861719194464674,0,0
kepler_0001528,difficult,0.99999999971792353,0.00056858745157631427,0.15059607678014,0.15059607678014042,4.163336342344337e-16,8.6736173798840355e-19
kepler_0001529,high_e,0.98590734680415504,2.2516272785061071,2.6856929798617597,2.6856929798617601,4.4408920985006262e-16,4.4408920985006262e-16
kepler_0001530,ordinary,0.27992885579994964,0.22246169147284003,0.30707674492285075,0.3070767449228507,5.5511151231257827e-17,2.7755575615628914e-17
kepler_0001531,ordinary,0.18962930604695169,1.2314484412791751,1.4188941724926614,1.4188941724926614,0,0
kepler_0001532,difficult,0.99999999800476036,5.4003273459153929e-07,0.01479735578004478,0.014797355780044147,6.3317406873153459e-16,1.9735867671025198e-19
kepler_0001533,high_e,0.93230259651043457,0.0096430493759943302,0.13659864318814588,0.13659864318814763,1.7486012637846216e-15,1.3530843112619095e-16
kepler_0001534,ordinary,0.53197845352735995,2.4366395026928025,2.6756424698615251,2.6756424698615247,4.4408920985006262e-16,4.4408920985006262e-16
kepler_0001535,ordinary,0.79735642966902232,1.8803754433082214,2.4119160527667267,2.4119160527667267,0,2.2204460492503131e-16
kepler_0001536,difficult,0.99999999998179945,5.8204577314936905e-05,0.070426919896246651,0.070426919896248191,1.5404344466674047e-15,1.2061749168901237e-18
kepler_0001537,high_e,0.97630987149307713,2.6130612671572724,2.8725617855699386,2.8725617855699381,4.4408920985006262e-16,4.4408920985006262e-16
kepler_0001538,ordinary,0.047687572383559806,2.959946742638961,2.9681752110270647,2.9681752110270643,4.4408920985006262e-16,4.4408920985006262e-16
kepler_0001539,ordinary,0.71498347332382095,0.24056400665165198,0.7025763539855574,0.7025763539855574,0,2.7755575615628914e-17
kepler_0001540,difficult,0.99999999960460828,5.907595979680864e-05,0.070776682586430675,0.070776682586431869,1.1934897514720433e-15,8.4838819996990722e-18
kepler_0001541,high_e,0.90011246789649102,1.7781291529572985,2.3916457374441769,2.3916457374441773,4.4408920985006262e-16,2.2204460492503131e-16
kepler_0001542,ordinary,0.43400363795771557,1.9024827788036907,2.2422673969784355,2.2422673969784355,0,2.2204460492503131e-16
kepler_0001543,ordinary,0.80209897752526627,1.6477038920252085,2.264449977863435,2.264449977863435,0,2.2204460492503131e-16
kepler_0001544,difficult,0.99999997964170195,6.9642958711391384e-07,0.01610435002674598,0.016104350026742223,3.7574110489657642e-15,8.5656206791091122e-20
kepler_0001545,high_e,0.90555947957455685,0.61730404173180209,1.52177569954193,1.52177569954193,0,0
kepler_0001546,ordinary,0.68173874524511413,0.96206401060947866,1.6420718063029349,1.6420718063029349,0,1.1102230246251565e-16
kepler_0001547,ordinary,0.89144728266273676,1.3095216356406418,2.0854803951003738,2.0854803951003738,0,0
kepler_0001548,difficult,0.99999999936072848,3.181169525432282e-08,0.0057574411995687793,0.0057574411995868985,1.811918670657775e-14,2.5295844876361629e-19
kepler_0001549,high_e,0.91431213290445446,2.4221091469695071,2.7614053035045445,2.7614053035045445,0,0
kepler_0001550,ordinary,0.24760570645753238,1.195425083594176,1.4409462771531567,1.4409462771531567,0,0
kepler_0001551,ordinary,0.51308731622382153,0.73149409440181068,1.2118878961751038,1.2118878961751038,0,0
kepler_0001552,difficult,0.99999999992916555,1.8728568405367265e-06,0.022398664229758163,0.022398664229758697,5.3429483060085659e-16,7.1849569750846026e-19
kepler_0001553,high_e,0.98669780489651426,2.1754339266447427,2.6452831798669667,2.6452831798669667,0,4.4408920985006262e-16
kepler_0001554,ordinary,0.29559942984024756,0.92931522413639345,1.2053998162106787,1.2053998162106785,2.2204460492503131e-16,1.1102230246251565e-16
kepler_0001555,ordinary,0.52302249233117548,2.9333569946300067,3.004720763365015,3.004720763365015,0,0
kepler_0001556,difficult,0.99999998987467442,0.00026120809488555896,0.11618311528036168,0.11618311528036088,8.0491169285323849e-16,2.3310346708438345e-18
kepler_0001557,high_e,0.92656105628786645,0.43509387870644362,1.3362953407603373,1.3362953407603373,0,5.5511151231257827e-17
kepler_0001558,ordinary,0.23384834826049675,2.2246502173456015,2.3851494573024854,2.3851494573024854,0,0
kepler_0001559,ordinary,0.4090811951789658,2.9301209514442084,2.9913510180776774,2.9913510180776774,0,0
kepler_0001560,difficult,0.99999991398602284,4.0760783678197053e-05,0.062537493959136811,0.062537493959136353,4.5796699765787707e-16,4.4723339615027058e-18
kepler_0001561,high_e,0.96797117185149584,1.4566533629069094,2.2248553820400518,2.2248553820400518,0,2.2204460492503131e-16
kepler_0001562,ordinary,0.45931643241846914,0.94701932777433029,1.3996231280314659,1.3996231280314657,2.2204460492503131e-16,1.1102230246251565e-16
kepler_0001563,ordinary,0.63291449902861796,2.8229883293815332,2.9459962657010506,2.9459962657010506,0,4.4408920985006262e-16
kepler_0001564,difficult,0.9999999986773529,0.00039046842567429653,0.13285362754587979,0.13285362754588045,6.6613381477509392e-16,9.7578195523695399e-18
kepler_0001565,high_e,0.96234723685963897,0.49058977137951859,1.4453782049755202,1.4453782049755202,0,5.5511151231257827e-17
kepler_0001566,ordinary,0.87852681513668895,0.77596321433749005,1.6516219775856424,1.6516219775856424,0,0
kepler_0001567,ordinary,0.32946185323607668,1.3280725487860998,1.656329964610582,1.656329964610582,0,0
kepler_0001568,difficult,0.99999999323702038,8.8705199863151104e-08,0.0081023524764412495,0.0081023524764283188,1.293062878993112e-14,1.149039897619861e-18
kepler_0001569,high_e,0.98886043254039813,0.62942413409628273,1.6172192188853833,1.6172192188853831,2.2204460492503131e-16,1.1102230246251565e-16
kepler_0001570,ordinary,0.38205383720891312,1.8445622380548197,2.1618105636940559,2.1618105636940559,0,2.2204460492503131e-16
kepler_0001571,ordinary,0.69699124101027965,1.9520335734741603,2.4150417269977882,2.4150417269977882,0,2.2204460492503131e-16
kepler_0001572,difficult,0.99999999954754992,2.2997467277219126e-06,0.023985414851638111,0.023985414851636536,1.5751289161869408e-15,1.5585406229479126e-19
kepler_0001573,high_e,0.92705366865559791,2.0929218302314467,2.5837020343180099,2.5837020343180099,0,0
kepler_0001574,ordinary,0.035231172323161829,0.48745029173392002,0.50447933896374042,0.50447933896374042,0,5.5511151231257827e-17
kepler_0001575,ordinary,0.46766174577548048,1.9511031550572433,2.2998787380757291,2.2998787380757291,0,0
kepler_0001576,difficult,0.99999997983984312,7.5545894361238316e-08,0.0076764002422943164,0.0076764002422970703,2.7538735181131813e-15,7.1886627442288402e-19
kepler_0001577,high_e,0.95295263146206477,0.54072128456133739,1.4906120434129964,1.4906120434129966,2.2204460492503131e-16,1.1102230246251565e-16
kepler_0001578,ordinary,0.15339877098600488,1.4344925631416929,1.5878689786833846,1.5878689786833846,0,0
kepler_0001579,ordinary,0.51694159917598348,2.3481697135828776,2.6101459248965884,2.6101459248965884,0,4.4408920985006262e-16
kepler_0001580,difficult,0.99999991246998143,8.7960576746753767e-05,0.080819362693422117,0.080819362693422922,8.0491169285323849e-16,8.1450688207973521e-18
kepler_0001581,high_e,0.91352295753953461,2.9114226179676281,3.0211677896086919,3.0211677896086919,0,4.4408920985006262e-16
kepler_0001582,ordinary,0.21509444063419608,2.1559007100308012,2.3142406944982841,2.3142406944982845,4.4408920985006262e-16,0
kepler_0001583,ordinary,0.62927321688724502,1.1357697069817345,1.7544593671516107,1.7544593671516107,0,0
kepler_0001584,difficult,0.99999999293539121,2.3173812527444168e-07,0.011160094933783064,0.011160094933781917,1.1466522176206695e-15,1.555099551599692e-19
kepler_0001585,high_e,0.9705268291568131,0.14369194045072506,0.90981819625574234,0.90981819625574234,0,2.7755575615628914e-17
kepler_0001586,ordinary,0.69167191043804244,0.42352548065630952,1.0088212391996054,1.0088212391996054,0,5.5511151231257827e-17
kepler_0001587,ordinary,0.37649457058094637,1.0196158808958828,1.3899720011178125,1.3899720011178125,0,0
kepler_0001588,difficult,0.99999998788298983,1.2089168796741346e-06,0.019356367358962241,0.019356367358959018,3.2231162183649076e-15,1.2855842556952143e-18
kepler_0001589,high_e,0.92427646908447736,0.72137994876874434,1.6432326302725333,1.6432326302725333,0,0
kepler_0001590,ordinary,0.010459395103483805,0.44323967000422987,0.44776811487947066,0.44776811487947066,0,5.5511151231257827e-17
kepler_0001591,ordinary,0.29906021375852038,1.0283501707566911,1.3178976396159956,1.3178976396159956,0,0
kepler_0001592,difficult,0.99999994321863062,0.00274867126517784,0.25481634906386402,0.25481634906386436,3.3306690738754696e-16,3.5561831257524545e-17
kepler_0001593,high_e,0.97719669321156988,0.36537446053087491,1.3093676876826963,1.3093676876826963,0,5.5511151231257827e-17
kepler_0001594,ordinary,0.6613213283564997,0.4512586694626245,1.0119830162317898,1.0119830162317898,0,0
kepler_0001595,ordinary,0.23865979333880052,0.71240146377486435,0.89923682873071653,0.89923682873071653,0,0
kepler_0001596,difficult,0.99999999976735199,5.1229169628608862e-05,0.067492541680575863,0.067492541680577417,1.5543122344752192e-15,7.7046116882251159e-18
kepler_0001597,high_e,0.93349201121366454,0.94781007212764057,1.8461393107291277,1.846139310729128,2.2204460492503131e-16,1.1102230246251565e-16
kepler_0001598,ordinary,0.34281801662303213,2.7965136192935462,2.883885592080853,2.8838855920808535,4.4408920985006262e-16,4.4408920985006262e-16
kepler_0001599,ordinary,0.25758585732676875,2.3786433077560298,2.5271437054034513,2.5271437054034509,4.4408920985006262e-16,4.4408920985006262e-16
kepler_0001600,difficult,0.99999999809027784,7.2317040558741369e-06,0.035140253768254588,0.035140253768254803,2.1510571102112408e-16,1.6025863362051362e-18
kepler_0001601,high_e,0.97760972205934826,0.061291998771522631,0.66297910836830953,0.6629791083683092,3.3306690738754696e-16,6.2450045135165055e-17
kepler_0001602,ordinary,0.28723475380828911,0.38333517583071625,0.52806114514362468,0.52806114514362468,0,5.5511151231257827e-17
kepler_0001603,ordinary,0.49600719971823592,1.532315505584315,1.9861491929047448,1.986149192904745,2.2204460492503131e-16,2.2204460492503131e-16
kepler_0001604,difficult,0.99999999903183923,2.4725867711706903e-07,0.0114050030903948,0.011405003090392938,1.861358289723114e-15,9.4560640649101954e-19
kepler_0001605,high_e,0.96223266223659398,1.8937446593057872,2.4827929115914902,2.4827929115914902,0,0
kepler_0001606,ordinary,0.86128376100097526,2.8770340960863132,2.9992326897319046,2.9992326897319046,0,0
kepler_0001607,ordinary,0.012921765644304374,0.8309232806323924,0.8405501278023263,0.8405501278023263,0,0
kepler_0001608,difficult,0.99999999880037627,2.0450189672056568e-06,0.02306489184151005,0.023064891841509224,8.2572837456496018e-16,2.4818065354551e-19
kepler_0001609,high_e,0.97753302350706417,1.3338356471596147,2.1512580648448467,2.1512580648448467,0,2.2204460492503131e-16
kepler_0001610,ordinary,0.044853166136348654,1.5985541477464134,1.6432895079337249,1.6432895079337251,2.2204460492503131e-16,0
kepler_0001611,ordinary,0.66464592345845697,2.0154286040066967,2.4429267141560489,2.4429267141560489,0,0
kepler_0001612,difficult,0.99999999982003984,1.7639740012206591e-05,0.047303935123962845,0.047303935123964413,1.5681900222830336e-15,4.4892746204477918e-18
kepler_0001613,high_e,0.97125598648071509,1.7010951967052419,2.3749064082198061,2.3749064082198057,4.4408920985006262e-16,4.4408920985006262e-16
kepler_0001614,ordinary,0.15001151581424246,2.2059052916546653,2.3161417997334666,2.3161417997334666,0,0
kepler_0001615,ordinary,0.82745345150754068,3.0227963914288676,3.076565456951903,3.0765654569519025,4.4408920985006262e-16,4.4408920985006262e-16
kepler_0001616,difficult,0.99999997793935991,3.5091686744837362e-05,0.059493845337971973,0.059493845337972258,2.8449465006019636e-16,1.7686047938669791e-18
kepler_0001617,high_e,0.91968511807203701,0.57314127377165136,1.489812194674784,1.489812194674784,0,0
kepler_0001618,ordinary,0.258295873876492,2.4738952216204231,2.6057682085198239,2.6057682085198239,0,0
kepler_0001619,ordinary,0.75769964469939255,1.1492355256725579,1.8726723089674731,1.8726723089674731,0,0
kepler_0001620,difficult,0.99999999992620325,1.8828481599520721e-08,0.0048341442902707487,0.0048341442902634134,7.3352782181679288e-15,1.5765400730770665e-19
kepler_0001621,high_e,0.9197489459883722,2.3784012963028864,2.7388719271643898,2.7388719271643898,0,4.4408920985006262e-16
kepler_0001622,ordinary,0.57828655370972848,1.8415233924861247,2.2802716013582853,2.2802716013582853,0,2.2204460492503131e-16
kepler_0001623,ordinary,0.48329155136347507,0.72507264582581177,1.1700784149440429,1.1700784149440431,2.2204460492503131e-16,1.1102230246251565e-16
kepler_0001624,difficult,0.99999999082701219,1.280496829777771e-06,0.019731447289150387,0.019731447289147226,3.1606661732297425e-15,2.7295636725269828e-19
kepler_0001625,high_e,0.92955311226222148,1.9841375519893889,2.5230997768777588,2.5230997768777588,0,2.2204460492503131e-16
kepler_0001626,ordinary,0.27267148971235255,1.1691244021710054,1.4394471238025801,1.4394471238025801,0,0
kepler_0001627,ordinary,0.50110406869231383,1.8523123342390637,2.2440682934547311,2.2440682934547311,0,2.2204460492503131e-16
kepler_0001628,difficult,0.99999991990058923,5.0360946018688345e-08,0.0066865315308355664,0.0066865315308497287,1.4162282457874653e-14,2.5185333546524544e-19
kepler_0001629,high_e,0.94451053232429905,1.1417707834881996,2.0004391049293004,2.0004391049293004,0,2.2204460492503131e-16
kepler_0001630,ordinary,0.68245531165534257,0.9307392167280828,1.6125983508544839,1.6125983508544839,0,0
kepler_0001631,ordinary,0.52273139203722974,2.7379296121435832,2.8754261817468838,2.8754261817468838,0,4.4408920985006262e-16
kepler_0001632,difficult,0.99999999977793008,1.7343757969326561e-06,0.021832385795940393,0.021832385795936805,3.5874081483200371e-15,1.1250715121905244e-18
kepler_0001633,high_e,0.90863312130653862,2.0825754226510997,2.5723349778514342,2.5723349778514342,0,0
kepler_0001634,ordinary,0.71233072366952621,2.4042300809096289,2.7052686734823488,2.7052686734823488,0,4.4408920985006262e-16
kepler_0001635,ordinary,0.39979182228641919,2.9569268973319742,3.0095594564070249,3.0095594564070249,0,0
kepler_0001636,difficult,0.99999999989210153,0.00048744426800830475,0.14305626094150897,0.14305626094150845,5.2735593669694936e-16,1.8973538018496328e-17
kepler_0001637,high_e,0.93116033761534467,0.41182397410445737,1.311967807752179,1.311967807752179,0,1.1102230246251565e-16
kepler_0001638,ordinary,0.39769353415790726,2.8652452252474792,2.9435080373348446,2.9435080373348446,0,0
kepler_0001639,ordinary,0.72537824393424422,1.0257985886697958,1.7407286409848408,1.7407286409848408,0,0
kepler_0001640,difficult,0.999999978329981,0.00016346262449520133,0.099370958183320382,0.099370958183321298,9.1593399531575415e-16,6.5594231435373018e-18
kepler_0001641,high_e,0.97098788598821417,2.0833446355644325,2.5911959503981032,2.5911959503981032,0,0
kepler_0001642,ordinary,0.50889112591077068,0.33973915985862463,0.64615195506605738,0.64615195506605738,0,5.5511151231257827e-17
kepler_0001643,ordinary,0.19163245201689463,1.1969588146532379,1.38530391823948,1.38530391823948,0,0
kepler_0001644,difficult,0.99999999980734611,3.2359161134966433e-07,0.012475258487793468,0.012475258487787201,6.267555918704204e-15,5.1256081220725849e-19
kepler_0001645,high_e,0.91959905613833803,2.9106116401341753,3.0211254297262031,3.0211254297262031,0,0
kepler_0001646,ordinary,0.51107154770869612,1.4801773160996619,1.9541524979479379,1.9541524979479377,2.2204460492503131e-16,2.2204460492503131e-16
kepler_0001647,ordinary,0.73178817917362526,1.8389444603381229,2.3563278383180326,2.3563278383180326,0,2.2204460492503131e-16
kepler_0001648,difficult,0.99999999997869238,0.00028427215744738712,0.11950843822447844,0.11950843822447794,4.9960036108132044e-16,3.415236843329339e-18
kepler_0001649,high_e,0.96396485466012005,0.89301496944131564,1.8258060205049276,1.8258060205049276,0,0
kepler_0001650,ordinary,0.88530438810955847,2.4853516379578666,2.7901336228804019,2.7901336228804015,4.4408920985006262e-16,4.4408920985006262e-16
kepler_0001651,ordinary,0.58814988326353734,1.7584940805341474,2.2251548553234421,2.2251548553234421,0,0
kepler_0001652,difficult,0.99999999998939715,0.0017718216012317836,0.22005992261859258,0.22005992261859234,2.4980018054066022e-16,9.7578195523695399e-18
kepler_0001653,high_e,0.90009565483832588,0.48024089076249138,1.3605081612409919,1.3605081612409919,0,1.6653345369377348e-16
kepler_0001654,ordinary,0.62752985078279122,1.916094469801868,2.3587082498051313,2.3587082498051313,0,2.2204460492503131e-16
kepler_0001655,ordinary,0.23402962102989253,0.70511359553653008,0.88644687641301334,0.88644687641301323,1.1102230246251565e-16,0
kepler_0001656,difficult,0.99999993741199678,4.8517480684578782e-07,0.014269800968942401,0.014269800968942115,2.8622937353617317e-16,1.5564230405797769e-20
kepler_0001657,high_e,0.927066381365654,2.2796735987856476,2.6868609215960624,2.6868609215960624,0,0
kepler_0001658,ordinary,0.22757006034409458,2.6542934737073449,2.7426845158153741,2.7426845158153745,4.4408920985006262e-16,0
kepler_0001659,ordinary,0.49618871955576499,0.4355181333286588,0.78690473747450762,0.78690473747450762,0,0
kepler_0001660,difficult,0.99999999833094277,0.0006994869726453728,0.16137344527935926,0.16137344527935887,3.8857805861880479e-16,7.2641545556528797e-18
kepler_0001661,high_e,0.91695098916354412,0.50849165788337225,1.4142264638680129,1.4142264638680131,2.2204460492503131e-16,1.1102230246251565e-16
kepler_0001662,ordinary,0.11646017472593019,0.81336023747779862,0.90494337491661692,0.90494337491661692,0,0
kepler_0001663,ordinary,0.081932771295096574,0.67454800283126781,0.7291335598006462,0.7291335598006462,0,0
kepler_0001664,difficult,0.99999999640426618,1.028300127880067e-05,0.039515396972035398,0.039515396972036834,1.4363510381087963e-15,4.3368086899420177e-18
kepler_0001665,high_e,0.98363331813832144,2.1000179209748668,2.6038410387549829,2.6038410387549829,0,4.4408920985006262e-16
kepler_0001666,ordinary,0.13897203862773058,0.7658758513381253,0.87230222959697779,0.87230222959697779,0,0
kepler_0001667,ordinary,0.83582398817549186,1.0687626262565233,1.8679544958172163,1.8679544958172163,0,2.2204460492503131e-16
kepler_0001668,difficult,0.99999999937340545,0.0029261481120639336,0.26019918885436583,0.26019918885436616,3.3306690738754696e-16,2.6020852139652106e-18
kepler_0001669,high_e,0.93132957996454035,2.3886546644626505,2.7468320847036352,2.7468320847036352,0,0
kepler_0001670,ordinary,0.03554978886540977,1.9482865663514983,1.9808887087314273,1.9808887087314273,0,0
kepler_0001671,ordinary,0.0031298213088116755,2.8979784503246355,2.8987311134213267,2.8987311134213267,0,0
kepler_0001672,difficult,0.99999999989185606,4.6305265037565835e-06,0.030287754692032882,0.030287754692029746,3.1363800445660672e-15,8.0044613515531382e-19
kepler_0001673,high_e,0.95427348067615603,1.0110120985496367,1.91069129483408,1.9106912948340802,2.2204460492503131e-16,2.2204460492503131e-16
kepler_0001674,ordinary,0.44239976560391686,1.2515274161783756,1.6907482686530129,1.6907482686530129,0,0
kepler_0001675,ordinary,0.89673577445254715,0.0073881099769873369,0.071027211831093187,0.071027211831093451,2.6367796834847468e-16,2.2551405187698492e-17
kepler_0001676,difficult,0.99999999934266448,0.00010965063487436567,0.086984557576461188,0.086984557576460717,4.7184478546569153e-16,1.4501204056993622e-18
kepler_0001677,high_e,0.97291267339118326,3.1191058609252909,3.1301947680837277,3.1301947680837277,0,0
kepler_0001678,ordinary,0.55514469337313699,0.08840361398131022,0.19713412764931271,0.19713412764931273,2.7755575615628914e-17,0
kepler_0001679,ordinary,0.41289666958837107,2.5258087899307435,2.70165462541534,2.70165462541534,0,0
kepler_0001680,difficult,0.99999990183279641,6.714711448793735e-07,0.015899781187691791,0.015899781187689241,2.5500435096859064e-15,1.3796049128404417e-18
kepler_0001681,high_e,0.98814522659508885,0.040394736189781455,0.59089433427380689,0.59089433427380689,0,5.5511151231257827e-17
kepler_0001682,ordinary,0.79221320700354758,1.2461808944033586,1.9746601393301804,1.9746601393301801,2.2204460492503131e-16,2.2204460492503131e-16
kepler_0001683,ordinary,0.56946790119782387,3.1022300298434411,3.1165114645104803,3.1165114645104803,0,0
kepler_0001684,difficult,0.99999999865615186,3.3505090880463842e-06,0.027190954711209914,0.027190954711210056,1.4224732503009818e-16,1.1727171154735788e-18
kepler_0001685,high_e,0.98712394711170892,1.2101998283658608,2.0746516271254651,2.0746516271254651,0,2.2204460492503131e-16
kepler_0001686,ordinary,0.15598666789606058,1.3224261050847472,1.4777378472963307,1.477737847296331,2.2204460492503131e-16,0
kepler_0001687,ordinary,0.1242313727490999,1.1587583079776524,1.2776913857444396,1.2776913857444396,0,0
kepler_0001688,difficult,0.99999999965369357,2.2943740669997965e-07,0.011124238470517179,0.011124238470515271,1.9081958235744878e-15,3.1779617389797281e-19
kepler_0001689,high_e,0.931193618228769,2.9581551330342477,3.046537058931106,3.046537058931106,0,0
kepler_0001690,ordinary,0.38862267840954035,0.066560007112157274,0.10873283915809108,0.10873283915809105,2.7755575615628914e-17,1.3877787807814457e-17
kepler_0001691,ordinary,0.087857793380619137,0.69193782815601235,0.75195037022092714,0.75195037022092714,0,0
kepler_0001692,difficult,0.9999999718661764,1.0683196419340856e-08,0.003988006648402629,0.003988006648398045,4.5840067852687127e-15,1.7612660474724086e-19
kepler_0001693,high_e,0.90498677517755233,0.074978450665403137,0.54118148583863979,0.54118148583864001,2.2204460492503131e-16,1.3877787807814457e-17
kepler_0001694,ordinary,0.42718580420386021,2.8101306657710241,2.9087156665971508,2.9087156665971508,0,0
kepler_0001695,ordinary,0.68111129390923497,0.47523079032252735,1.074007772987309,1.074007772987309,0,0
kepler_0001696,difficult,0.99999994327800612,9.8966220662656361e-05,0.084060169000863216,0.0840601690008623,9.1593399531575415e-16,4.3368086899420177e-18
kepler_0001697,high_e,0.91840320470394843,2.0229464437604641,2.5415489939515306,2.5415489939515306,0,0
kepler_0001698,ordinary,0.32914667678313425,2.0709703913964064,2.3134459536814398,2.3134459536814402,4.4408920985006262e-16,4.4408920985006262e-16
kepler_0001699,ordinary,0.70496575708630682,1.876607602288987,2.3687804357057898,2.3687804357057898,0,0
kepler_0001700,difficult,0.9999999998896657,6.8565028595720536e-08,0.0074373229196245437,0.0074373229196340674,9.5236318831126709e-15,9.0129599543777895e-21
kepler_0001701,high_e,0.91400714341403333,3.135576908814651,3.1384496405004345,3.138449640500435,4.4408920985006262e-16,4.4408920985006262e-16
kepler_0001702,ordinary,0.7475830280743172,1.6582661233046665,2.2431456398990832,2.2431456398990832,0,2.2204460492503131e-16
kepler_0001703,ordinary,0.55774143135047483,1.13837804823591,1.6920260335795319,1.6920260335795316,2.2204460492503131e-16,2.2204460492503131e-16
kepler_0001704,difficult,0.99999992994281794,0.00015005134427132887,0.096573514707386399,0.096573514707386537,1.3877787807814457e-16,3.06287113727155e-18
kepler_0001705,high_e,0.94565154267126406,1.6197319565254493,2.3152311825419805,2.3152311825419805,0,0
kepler_0001706,ordinary,0.20152915163948609,0.4397083647993334,0.54401490820849185,0.54401490820849197,1.1102230246251565e-16,0
kepler_0001707,ordinary,0.88051521392198284,2.4980972633417293,2.7962054279171125,2.7962054279171125,0,4.4408920985006262e-16
kepler_0001708,difficult,0.99999999994483979,1.0774161379629973e-05,0.040134994271978683,0.040134994271975956,2.7269853042355408e-15,2.541098841762901e-20
kepler_0001709,high_e,0.95675538873014643,2.1020713193492302,2.5974054608999961,2.5974054608999966,4.4408920985006262e-16,4.4408920985006262e-16
kepler_0001710,ordinary,0.55658333967104634,1.9293489089626363,2.3322302971824738,2.3322302971824738,0,2.2204460492503131e-16
kepler_0001711,ordinary,0.87938230435886244,2.1904032046526472,2.6248571771269549,2.6248571771269549,0,4.4408920985006262e-16
kepler_0001712,difficult,0.99999999229051606,0.00019409387690260429,0.10522862809093673,0.10522862809093605,6.8001160258290838e-16,8.077306185017008e-18
kepler_0001713,high_e,0.92378007594281564,0.92813105316436406,1.822745797710152,1.822745797710152,0,0
kepler_0001714,ordinary,0.44034496843162307,2.6237905444412513,2.7796946507850664,2.7796946507850664,0,0
kepler_0001715,ordinary,0.04682539677634389,0.88060901488753907,0.91780090291172334,0.91780090291172323,1.1102230246251565e-16,1.1102230246251565e-16
kepler_0001716,difficult,0.99999999995565225,4.9618081404504006e-05,0.066777374681426568,0.066777374681426374,1.9428902930940239e-16,5.400682071693419e-18
kepler_0001717,high_e,0.9397016091372673,0.77832846985071702,1.7090620493008357,1.7090620493008355,2.2204460492503131e-16,1.1102230246251565e-16
kepler_0001718,ordinary,0.37108431555401233,2.601284268374358,2.7447212685622282,2.7447212685622282,0,0
kepler_0001719,ordinary,0.41417352117653367,1.2684294607870874,1.6801299640627667,1.6801299640627667,0,0
kepler_0001720,difficult,0.99999998348509533,9.7022902827320493e-05,0.083507136548908609,0.083507136548907457,1.1518563880485999e-15,5.4210108624275222e-18
kepler_0001721,high_e,0.92880125403350233,2.2143780190802236,2.6515394964683714,2.6515394964683714,0,4.4408920985006262e-16
kepler_0001722,ordinary,0.14552228612907456,0.037303280152288738,0.043653874273443617,0.043653874273443617,0,0
kepler_0001723,ordinary,0.77561414311354282,2.7247594226784777,2.9058875483809961,2.9058875483809961,0,0
kepler_0001724,difficult,0.99999999997367783,1.186683528857284e-05,0.041448403777961773,0.04144840377796391,2.1371793224034263e-15,8.4533888135979174e-19
kepler_0001725,high_e,0.93322904202338708,2.713595434080371,2.9193215262365704,2.9193215262365704,0,0
kepler_0001726,ordinary,0.33981008353715997,0.21564642183167299,0.32374727927207375,0.32374727927207375,0,0
kepler_0001727,ordinary,0.081698043458376043,1.9745934133106109,2.0471945740923028,2.0471945740923028,0,2.2204460492503131e-16
kepler_0001728,difficult,0.99999999996164157,8.3437288139114541e-08,0.0079403029299095762,0.0079403029299037007,5.8755084131334456e-15,2.923322459211404e-19
kepler_0001729,high_e,0.9876760928777466,0.2214367898308536,1.1030018900149492,1.1030018900149492,0,2.7755575615628914e-17
kepler_0001730,ordinary,0.34193410135158403,0.019992460421669796,0.030378208172193978,0.030378208172193978,0,3.4694469519536142e-18
kepler_0001731,ordinary,0.184430779104653,1.844104124324522,2.0109556597364664,2.0109556597364664,0,0
kepler_0001732,difficult,0.99999996566421123,0.00093568982476458624,0.17782343818795926,0.17782343818795948,2.2204460492503131e-16,2.1033522146218786e-17
kepler_0001733,high_e,0.97809086495801412,2.4475925323357077,2.787101126824957,2.787101126824957,0,0
kepler_0001734,ordinary,0.65930740441974767,0.49324418250128127,1.0723226398834964,1.0723226398834964,0,5.5511151231257827e-17
kepler_0001735,ordinary,0.26318547389603258,2.2055289661775381,2.3860004630197125,2.386000463019712,4.4408920985006262e-16,0
kepler_0001736,difficult,0.99999999430045694,0.00024676141580848082,0.1139995638606808,0.1139995638606799,9.0205620750793969e-16,1.1709383462843448e-17
kepler_0001737,high_e,0.9186884436375039,0.69718844322981155,1.6149802905491484,1.6149802905491484,0,0
kepler_0001738,ordinary,0.24359909213440106,0.77210082946075975,0.97352662939743895,0.97352662939743895,0,1.1102230246251565e-16
kepler_0001739,ordinary,0.6556104111013652,0.84858033693531021,1.5026699246726354,1.5026699246726354,0,1.1102230246251565e-16
kepler_0001740,difficult,0.99999999995035771,3.3507340637334694e-07,0.012621121648280071,0.012621121648280668,5.9674487573602164e-16,2.5966853789264645e-19
kepler_0001741,high_e,0.93807919200462231,2.7533529875297234,2.9406172399197223,2.9406172399197219,4.4408920985006262e-16,4.4408920985006262e-16
kepler_0001742,ordinary,0.22545956881107665,0.61684664222097019,0.77452833713334979,0.77452833713334979,0,0
kepler_0001743,ordinary,0.34726472564435701,0.16425453709305382,0.25025500294592845,0.25025500294592845,0,0
kepler_0001744,difficult,0.99999999198276479,5.2777558084331414e-07,0.014683720705057189,0.014683720705062336,5.1469245532231866e-15,1.1914577194315802e-18
kepler_0001745,high_e,0.93304921497518867,0.46071615317705911,1.3761448699050238,1.3761448699050238,0,5.5511151231257827e-17
kepler_0001746,ordinary,0.30375975336514377,0.53670667127844729,0.74196962352640594,0.74196962352640594,0,0
kepler_0001747,ordinary,0.24264178619725016,1.4995456871058728,1.7387723319286239,1.7387723319286239,0,2.2204460492503131e-16
kepler_0001748,difficult,0.99999999997168698,2.3385085209313891e-06,0.024119459476961352,0.024119459476957057,4.2951753265185744e-15,1.2959604092990795e-19
kepler_0001749,high_e,0.90594488363658121,1.9389931812752517,2.4890736752665128,2.4890736752665128,0,2.2204460492503131e-16
kepler_0001750,ordinary,0.82208412496567052,0.94189669238160667,1.7507114610716961,1.7507114610716961,0,0
kepler_0001751,ordinary,0.2106575906770965,0.84745527636085682,1.0278143499006316,1.0278143499006316,0,0
kepler_0001752,difficult,0.999999999959165,0.0048228589351922181,0.30749383048618001,0.30749383048618006,5.5511151231257827e-17,3.1225022567582528e-17
kepler_0001753,high_e,0.94017387583716261,2.6788404492644449,2.9019739879404773,2.9019739879404773,0,4.4408920985006262e-16
kepler_0001754,ordinary,0.73955620927516497,1.7615581236577038,2.3087275880639209,2.3087275880639209,0,2.2204460492503131e-16
kepler_0001755,ordinary,0.71366712149358613,0.43098040629975159,1.0500493752152662,1.0500493752152662,0,5.5511151231257827e-17
kepler_0001756,difficult,0.99999999950518248,0.00048800447838745633,0.14311107592512468,0.14311107592512484,1.6653345369377348e-16,1.463672932855431e-18
kepler_0001757,high_e,0.96039245793911043,1.45339020664832,2.2189910771117494,2.2189910771117494,0,2.2204460492503131e-16
kepler_0001758,ordinary,0.50853445701139666,1.5379615936228097,2.0003059075198948,2.0003059075198948,0,0
kepler_0001759,ordinary,0.70507406244241433,2.6788897084036076,2.8688310194068554,2.8688310194068554,0,0
kepler_0001760,difficult,0.99999998239754284,2.7529535575095616e-06,0.025466220843006985,0.025466220843009785,2.7998436902265667e-15,6.0351097491868899e-19
kepler_0001761,high_e,0.9827102570594809,0.48828994567958584,1.4655640365420937,1.4655640365420939,2.2204460492503131e-16,1.1102230246251565e-16
kepler_0001762,ordinary,0.35060937342116194,3.0888682576827149,3.1025525923610116,3.1025525923610111,4.4408920985006262e-16,4.4408920985006262e-16
kepler_0001763,ordinary,0.61296077990125108,1.2630408935829327,1.8519366383470255,1.8519366383470253,2.2204460492503131e-16,0
kepler_0001764,difficult,0.99999996955113257,0.00092275357884504807,0.17699931896502938,0.1769993189650296,2.2204460492503131e-16,5.5294310796760726e-18
kepler_0001765,high_e,0.92239751614517029,1.7762409725665187,2.3995753265558086,2.3995753265558086,0,2.2204460492503131e-16
kepler_0001766,ordinary,0.61593869762415776,2.566664377050536,2.7828935929872025,2.7828935929872025,0,4.4408920985006262e-16
kepler_0001767,ordinary,0.39737720339851973,0.98454092898877588,1.374268839477921,1.3742688394779212,2.2204460492503131e-16,0
kepler_0001768,difficult,0.99999999255322924,1.3589980082700864e-08,0.0043329070801162136,0.0043329070800986772,1.7536319618649543e-14,4.1237600513728599e-19
kepler_0001769,high_e,0.97695779344168887,2.0112499509118957,2.5533575831887054,2.5533575831887054,0,0
kepler_0001770,ordinary,0.64649989865306523,1.9105301417357277,2.364063303903301,2.364063303903301,0,0
kepler_0001771,ordinary,0.23428073549344661,1.2754086916478078,1.5092457845470566,1.5092457845470566,0,0
kepler_0001772,difficult,0.99999998333886408,1.5181205398247145e-05,0.044994560055242251,0.044994560055244617,2.3661628212323649e-15,2.8748298229810954e-18
kepler_0001773,high_e,0.90194894448828378,0.21456302168018715,0.94624934839455865,0.94624934839455865,0,0
kepler_0001774,ordinary,0.27202346567585667,0.97942264343821139,1.2363762279437034,1.2363762279437034,0,0
kepler_0001775,ordinary,0.29106944520102085,0.7933973990014328,1.0451762483129308,1.0451762483129308,0,0
kepler_0001776,difficult,0.9999999923095042,0.00044676837902226133,0.13895813707249074,0.13895813707249052,2.2204460492503131e-16,1.0733601507606494e-17
kepler_0001777,high_e,0.9152379263385737,0.044544899749155042,0.40604290877495908,0.40604290877495919,1.1102230246251565e-16,5.5511151231257827e-17
kepler_0001778,ordinary,0.2677046144568177,0.043024383319372611,0.058740424505570606,0.058740424505570606,0,0
kepler_0001779,ordinary,0.80358276865906342,0.60895297667505566,1.4009763778886175,1.4009763778886177,2.2204460492503131e-16,1.1102230246251565e-16
kepler_0001780,difficult,0.99999999811153084,5.105831308329264e-05,0.067417365205249838,0.067417365205249061,7.7715611723760958e-16,4.5197678065489466e-18
kepler_0001781,high_e,0.96129314531182342,0.3023899802794946,1.1974678722180137,1.1974678722180139,2.2204460492503131e-16,1.1102230246251565e-16
kepler_0001782,ordinary,0.70309676495857987,1.8561483035587274,2.3542691049510109,2.3542691049510109,0,2.2204460492503131e-16
kepler_0001783,ordinary,0.43616506614987299,0.38751496770691368,0.65226028733398456,0.65226028733398456,0,0
kepler_0001784,difficult,0.99999999998042699,1.1265573005880133e-07,0.0087761057753445951,0.0087761057753359788,8.6163715051768008e-15,2.0792011877132904e-20
kepler_0001785,high_e,0.98308551817896472,1.6248488385244173,2.3347448587537096,2.3347448587537096,0,2.2204460492503131e-16
kepler_0001786,ordinary,0.36755214063313829,0.49641338111311267,0.7458266267866388,0.7458266267866388,0,0
kepler_0001787,ordinary,0.075501475443683949,0.76697823965700695,0.82229910657267424,0.82229910657267424,0,0
kepler_0001788,difficult,0.99999998286649916,8.5172783252998257e-05,0.079957887881638115,0.079957887881638837,7.2164496600635175e-16,3.3881317890172014e-19
kepler_0001789,high_e,0.91506347832397361,1.72847000172149,2.3678996465055699,2.3678996465055699,0,2.2204460492503131e-16
kepler_0001790,ordinary,0.88367528129607664,2.3683894953167961,2.7255342032130452,2.7255342032130456,4.4408920985006262e-16,0
kepler_0001791,ordinary,0.83379072187471748,0.81927870098282685,1.6504272509495252,1.650427250949525,2.2204460492503131e-16,1.1102230246251565e-16
kepler_0001792,difficult,0.99999999916920645,1.598480023460552e-07,0.009861570985189104,0.0098615709851984455,9.3414859181351062e-15,6.8281443460537286e-19
kepler_0001793,high_e,0.96412243093997951,1.8342868480858812,2.4495237185820598,2.4495237185820598,0,0
kepler_0001794,ordinary,0.80863165992780961,2.0644203244635904,2.5292262365649543,2.5292262365649543,0,4.4408920985006262e-16
kepler_0001795,ordinary,0.51843817420436122,1.6085267493472124,2.0649454939474405,2.0649454939474405,0,2.2204460492503131e-16
kepler_0001796,difficult,0.99999999992935884,0.00037324167451629093,0.13086929409605158,0.130869294096051,5.8286708792820718e-16,9.3783487919996134e-18
kepler_0001797,high_e,0.95495864852943069,2.161827872076675,2.6296418967793347,2.6296418967793347,0,0
kepler_0001798,ordinary,0.81335649615768613,1.6588703999306089,2.2774563046933145,2.2774563046933149,4.4408920985006262e-16,4.4408920985006262e-16
kepler_0001799,ordinary,0.070513710769475699,2.3518885645368868,2.3995417996392283,2.3995417996392283,0,0
kepler_0001800,difficult,0.9999999934185928,0.0048503383995534104,0.30807853942118107,0.30807853942118107,0,4.5102810375396984e-17
kepler_0001801,high_e,0.95717625874493661,1.7891065850619734,2.4208140432995942,2.4208140432995942,0,0
kepler_0001802,ordinary,0.74334061415468178,3.0450950903298013,3.086228496057843,3.086228496057843,0,0
kepler_0001803,ordinary,0.6359961581159449,0.63507195082136947,1.2356913195297061,1.2356913195297059,2.2204460492503131e-16,1.1102230246251565e-16
kepler_0001804,difficult,0.99999997876916014,0.008444394298790809,0.37088186066666429,0.37088186066666423,5.5511151231257827e-17,1.7347234759768071e-17
kepler_0001805,high_e,0.98845096297753454,2.0728942314963281,2.5904812028274926,2.5904812028274926,0,0
kepler_0001806,ordinary,0.49830880781734205,1.0773546618078145,1.5756575816699685,1.5756575816699685,0,0
kepler_0001807,ordinary,0.64807981047790841,3.0068020225614744,3.0597702932681048,3.0597702932681043,4.4408920985006262e-16,4.4408920985006262e-16
kepler_0001808,difficult,0.9999999058574256,9.0993616089071756e-07,0.017597832067245314,0.017597832067244468,8.4654505627668186e-16,1.9984683599281149e-18
kepler_0001809,high_e,0.91981521443030612,1.9543150416658499,2.5027616542870557,2.5027616542870557,0,2.2204460492503131e-16
kepler_0001810,ordinary,0.57669399555925238,1.5931908796508067,2.0930188850684512,2.0930188850684512,0,0
kepler_0001811,ordinary,0.64000047136684557,1.5172161842911371,2.0769657735541438,2.0769657735541438,0,2.2204460492503131e-16
kepler_0001812,difficult,0.99999994144027182,1.1960994979006376e-07,0.0089400186076805752,0.008940018607670323,1.025221574302293e-14,7.8297608061819388e-20
kepler_0001813,high_e,0.94063474814635606,1.5575257773001272,2.2746328158096421,2.2746328158096421,0,2.2204460492503131e-16
kepler_0001814,ordinary,0.75301903969120776,0.89686931786014334,1.6476647504312392,1.6476647504312392,0,1.1102230246251565e-16
kepler_0001815,ordinary,0.41315420956138449,1.2140958946634948,1.6266068224987007,1.6266068224987007,0,0
kepler_0001816,difficult,0.99999998615092489,8.6682129150972544e-05,0.080427623643982343,0.080427623643981164,1.1796119636642288e-15,2.574980159653073e-19
kepler_0001817,high_e,0.92039819482984253,2.637998628859247,2.8778989224693849,2.8778989224693849,0,4.4408920985006262e-16
kepler_0001818,ordinary,0.022822079792716565,0.49584571438301878,0.50692564743216795,0.50692564743216795,0,5.5511151231257827e-17
kepler_0001819,ordinary,0.28297474487470342,0.13071011955646616,0.18189977996865131,0.18189977996865134,2.7755575615628914e-17,0
kepler_0001820,difficult,0.99999999998298816,0.00063102282408913392,0.15592224703805241,0.15592224703805233,8.3266726846886741e-17,2.2551405187698492e-17
kepler_0001821,high_e,0.90218235884552178,2.3886840034206966,2.7407283973951069,2.7407283973951064,4.4408920985006262e-16,4.4408920985006262e-16
kepler_0001822,ordinary,0.83370086826211243,0.52980561048077235,1.3417290553798629,1.3417290553798631,2.2204460492503131e-16,0
kepler_0001823,ordinary,0.082627488721850828,0.33496533581322069,0.36441391824360347,0.36441391824360347,0,0
kepler_0001824,difficult,0.99999999593342082,0.0039134181886848404,0.28674620013446461,0.28674620013446472,1.1102230246251565e-16,6.9388939039072284e-18
kepler_0001825,high_e,0.93433731731811742,1.8385357731344867,2.4409275572067379,2.4409275572067379,0,0
kepler_0001826,ordinary,0.67867312183259054,3.0327064325261559,3.0767097952562219,3.0767097952562215,4.4408920985006262e-16,4.4408920985006262e-16
kepler_0001827,ordinary,0.50172388800490142,2.3094329344164475,2.5776258701944008,2.5776258701944008,0,0
kepler_0001828,difficult,0.99999993316427715,0.0039949946108197828,0.28873001653106678,0.28873001653106639,3.8857805861880479e-16,2.5153490401663703e-17
kepler_0001829,high_e,0.97562359306827073,1.1139152913175092,2.0007447127188254,2.0007447127188254,0,2.2204460492503131e-16
kepler_0001830,ordinary,0.35117036986642702,0.016405066842075586,0.025282632352200015,0.025282632352200018,3.4694469519536142e-18,0
kepler_0001831,ordinary,0.65565624107315268,2.6229079538806062,2.8262528667264695,2.8262528667264695,0,4.4408920985006262e-16
kepler_0001832,difficult,0.99999998600232676,3.097956964053124e-05,0.057072739989106058,0.05707273998910594,1.1796119636642288e-16,1.6263032587282567e-18
kepler_0001833,high_e,0.95013198447659597,3.1085082892907514,3.1246270646777936,3.1246270646777941,4.4408920985006262e-16,4.4408920985006262e-16
kepler_0001834,ordinary,0.39919377721262833,1.7765888397432832,2.1175805467616913,2.1175805467616913,0,2.2204460492503131e-16
kepler_0001835,ordinary,0.29065761977797122,1.1051847517132918,1.3911656145662621,1.3911656145662619,2.2204460492503131e-16,0
kepler_0001836,difficult,0.99999999979654541,1.0823499283512053e-06,0.018656993470895486,0.018656993470890181,5.3047843895370761e-15,1.5479527111072339e-18
kepler_0001837,high_e,0.96379392365486605,2.9142563646101722,3.0257016005904451,3.0257016005904451,0,0
kepler_0001838,ordinary,0.74123962896053019,2.9311640062045141,3.0206172237151918,3.0206172237151918,0,0
kepler_0001839,ordinary,0.7262946410356701,2.4637338358825414,2.7445719821282468,2.7445719821282468,0,0
kepler_0001840,difficult,0.99999999975615039,0.0091413268157891393,0.38086433267334091,0.38086433267334108,1.6653345369377348e-16,3.1225022567582528e-17
kepler_0001841,high_e,0.97291645096425894,2.2563615184275769,2.6851670660867688,2.6851670660867688,0,0
kepler_0001842,ordinary,0.33122569412467989,1.9582135441623021,2.2217130766233568,2.2217130766233568,0,2.2204460492503131e-16
kepler_0001843,ordinary,0.47011919296382004,3.0429253244831114,3.0744613428703076,3.0744613428703076,0,4.4408920985006262e-16
kepler_0001844,difficult,0.99999999997199351,2.0070314665502065e-05,0.049383983610835985,0.049383983610834216,1.7694179454963432e-15,3.8963515573697816e-18
kepler_0001845,high_e,0.94463895979464119,2.3568250102055637,2.7325432198921007,2.7325432198921007,0,4.4408920985006262e-16
kepler_0001846,ordinary,0.3192277718600135,1.7286721557044085,2.0166879158504951,2.0166879158504956,4.4408920985006262e-16,2.2204460492503131e-16
kepler_0001847,ordinary,0.35755085846447238,0.41158644116419879,0.61906342423351635,0.61906342423351646,1.1102230246251565e-16,5.5511151231257827e-17
kepler_0001848,difficult,0.99999998982847749,1.1647432544419034e-07,0.0088718771634155157,0.0088718771634109465,4.5692616357229099e-15,1.0265112878436061e-18
kepler_0001849,high_e,0.96602211502427349,0.15399365874465878,0.9261429930167423,0.9261429930167423,0,2.7755575615628914e-17
kepler_0001850,ordinary,0.47158265440109204,1.3493264847451285,1.807733777429956,1.807733777429956,0,0
kepler_0001851,ordinary,0.72750495853252151,2.501473306764979,2.7673950921860069,2.7673950921860069,0,0
kepler_0001852,difficult,0.99999999998582123,8.5540085734057216e-08,0.0080064608136703498,0.00800646081366721,3.1398494915180208e-15,6.140327123103635e-19
kepler_0001853,high_e,0.95266522390756558,2.1548222555587442,2.62519850592343,2.62519850592343,0,0
kepler_0001854,ordinary,0.47351657223441285,3.0338325287205397,3.0684404325081385,3.0684404325081385,0,0
kepler_0001855,ordinary,0.83427571376769916,1.6740346201876388,2.2975296385589448,2.2975296385589448,0,4.4408920985006262e-16
kepler_0001856,difficult,0.99999998018950431,0.0015091195820456313,0.20858007956759761,0.20858007956759736,2.4980018054066022e-16,2.190088388420719e-17
kepler_0001857,high_e,0.94362211536397556,1.7892894273398217,2.4156817843445988,2.4156817843445988,0,2.2204460492503131e-16
kepler_0001858,ordinary,0.049921804738089673,2.8166548490152175,2.8318707068425968,2.8318707068425968,0,0
kepler_0001859,ordinary,0.24909853039904778,2.2216169465764826,2.3914399839510669,2.3914399839510669,0,0
kepler_0001860,difficult,0.99999999998025046,1.4173190146873131e-06,0.020411547368987877,0.020411547368984019,3.858025010572419e-15,1.0329566791766193e-18
kepler_0001861,high_e,0.95292359789365666,2.9300227296439232,3.0331540434869022,3.0331540434869022,0,4.4408920985006262e-16
kepler_0001862,ordinary,0.23871432922591815,2.6354853272279404,2.7308103303742923,2.7308103303742928,4.4408920985006262e-16,4.4408920985006262e-16
kepler_0001863,ordinary,0.74979134684104076,2.396144562638701,2.7098784871159491,2.7098784871159491,0,4.4408920985006262e-16
kepler_0001864,difficult,0.99999998302795956,0.0036333611552196213,0.27971739318461919,0.27971739318461947,2.7755575615628914e-16,4.7704895589362195e-18
kepler_0001865,high_e,0.92916232714826474,2.3102788056942876,2.7040112959680269,2.7040112959680269,0,4.4408920985006262e-16
kepler_0001866,ordinary,0.24340889876841218,0.095680828217422687,0.12635498090488267,0.1263549809048827,2.7755575615628914e-17,1.3877787807814457e-17
kepler_0001867,ordinary,0.78288752053881183,1.1257566388531417,1.8731346236960895,1.8731346236960897,2.2204460492503131e-16,2.2204460492503131e-16
kepler_0001868,difficult,0.99999999912792015,0.00027441299465905664,0.11810988003917211,0.11810988003917199,1.2490009027033011e-16,5.4210108624275222e-18
kepler_0001869,high_e,0.92138843480977128,1.4256225053693152,2.1808227580581563,2.1808227580581563,0,2.2204460492503131e-16
kepler_0001870,ordinary,0.1997452989384533,1.3356309888248095,1.535250108598945,1.5352501085989452,2.2204460492503131e-16,0
kepler_0001871,ordinary,0.42508829152695654,0.54423847889864096,0.86882287671671232,0.86882287671671243,1.1102230246251565e-16,0
kepler_0001872,difficult,0.99999999849565002,0.0076454362686528563,0.35874250853394485,0.35874250853394513,2.7755575615628914e-16,2.688821387764051e-17
kepler_0001873,high_e,0.93238661424400548,0.79950512581405486,1.721345399857813,1.721345399857813,0,0
kepler_0001874,ordinary,0.77282078690539269,2.3873189902954897,2.7103547511725408,2.7103547511725408,0,0
kepler_0001875,ordinary,0.74164719548758695,1.7796167534145992,2.3217761534431358,2.3217761534431358,0,2.2204460492503131e-16
kepler_0001876,difficult,0.9999999999858924,3.5720346666544956e-06,0.027777588563367827,0.027777588563371754,3.9274139496114913e-15,7.6487075137063321e-19
kepler_0001877,high_e,0.95414377580959142,0.98453885365203753,1.8903729203471706,1.8903729203471706,0,1.1102230246251565e-16
kepler_0001878,ordinary,0.1045390241716323,1.585179087747465,1.6889887848291294,1.6889887848291292,2.2204460492503131e-16,2.2204460492503131e-16
kepler_0001879,ordinary,0.58846567323264998,1.9356359812044734,2.3530503093209605,2.3530503093209609,4.4408920985006262e-16,2.2204460492503131e-16
kepler_0001880,difficult,0.99999999956217012,2.0059269770304816e-08,0.0049371163876475287,0.0049371163876405404,6.9883335229725674e-15,9.153249786266783e-20
kepler_0001881,high_e,0.98815318239674765,0.9949023050512541,1.9225506018995024,1.9225506018995024,0,1.1102230246251565e-16
kepler_0001882,ordinary,0.64260533685323018,0.79387688629485176,1.4301355814000041,1.4301355814000041,0,0
kepler_0001883,ordinary,0.403190944358152,0.34293445088528873,0.55559814855701284,0.55559814855701284,0,0
kepler_0001884,difficult,0.99999999592307198,1.3172576442164817e-06,0.01991901873805416,0.019919018738051925,2.2343238370581275e-15,8.125163546536876e-19
kepler_0001885,high_e,0.94011317878743383,1.3341578776183904,2.1307144552314408,2.1307144552314408,0,2.2204460492503131e-16
kepler_0001886,ordinary,0.21559354971121289,0.82228550799627764,1.0041874054883519,1.0041874054883519,0,0
kepler_0001887,ordinary,0.36430574414159289,2.811981661609992,2.8993658604137265,2.8993658604137265,0,0
kepler_0001888,difficult,0.99999991504551067,0.0010050714773581467,0.18211844406225286,0.18211844406225339,5.2735593669694936e-16,2.6020852139652106e-18
kepler_0001889,high_e,0.91378914009015311,2.1821915567176089,2.6297507734526029,2.6297507734526024,4.4408920985006262e-16,4.4408920985006262e-16
kepler_0001890,ordinary,0.78053279123928088,1.3065358245753869,2.0122425997458939,2.0122425997458939,0,0
kepler_0001891,ordinary,0.87252233102392562,2.1872851081343669,2.6211552676959915,2.6211552676959919,4.4408920985006262e-16,4.4408920985006262e-16
kepler_0001892,difficult,0.99999999998403433,3.8745887910424658e-07,0.013247282992137259,0.01324728299212965,7.6084971656342759e-15,1.3044307387716225e-19
kepler_0001893,high_e,0.91732433947878678,2.0618713074567383,2.5632865461522227,2.5632865461522227,0,0
kepler_0001894,ordinary,0.37187178172225521,0.75170656843522932,1.0796141326682542,1.0796141326682542,0,0
kepler_0001895,ordinary,0.36740705629202924,1.7479492906153955,2.0704417523411274,2.0704417523411269,4.4408920985006262e-16,2.2204460492503131e-16
kepler_0001896,difficult,0.99999999994738586,0.00031662536700654843,0.12388253080713892,0.12388253080713851,4.0245584642661925e-16,2.6562953225894859e-18
kepler_0001897,high_e,0.97135593006140097,2.4720575123082473,2.798668543212055,2.798668543212055,0,4.4408920985006262e-16
kepler_0001898,ordinary,0.89700022500438858,1.7264173947520431,2.3589452201016265,2.3589452201016265,0,0
kepler_0001899,ordinary,0.24408599872073555,2.5607225519577272,2.6713241753113821,2.6713241753113821,0,0
kepler_0001900,difficult,0.99999990539079175,1.465896290444713e-05,0.044469024781504024,0.044469024781505176,1.1518563880485999e-15,2.7240579583698299e-18
kepler_0001901,high_e,0.96335045598572278,2.7741885617700359,2.9539218859081737,2.9539218859081737,0,4.4408920985006262e-16
kepler_0001902,ordinary,0.26090791961977344,2.6629130710297786,2.760060322834871,2.760060322834871,0,0
kepler_0001903,ordinary,0.83966036468238037,0.73720447064556327,1.5768494526573513,1.5768494526573513,0,1.1102230246251565e-16
kepler_0001904,difficult,0.99999999998522726,0.0022022911377153533,0.23663592097593097,0.23663592097593084,1.3877787807814457e-16,8.6736173798840355e-18
kepler_0001905,high_e,0.91882333959664608,3.0993688916067592,3.1195867747864416,3.1195867747864416,0,4.4408920985006262e-16
kepler_0001906,ordinary,0.05126852509443347,1.6760376781108086,1.7266845221663729,1.7266845221663729,0,0
kepler_0001907,ordinary,0.63723907364603294,0.53536300876182763,1.1045982823125708,1.1045982823125711,2.2204460492503131e-16,1.1102230246251565e-16
kepler_0001908,difficult,0.99999999852442889,0.0003145376854007734,0.12360949322857862,0.12360949322857931,6.9388939039072284e-16,5.8546917314217239e-18
kepler_0001909,high_e,0.95184592362160292,0.58546341936246959,1.5367579878224704,1.5367579878224704,0,1.1102230246251565e-16
kepler_0001910,ordinary,0.38228953999325899,0.15624800797953997,0.25131492778617387,0.25131492778617387,0,0
kepler_0001911,ordinary,0.19262306657262684,2.6371141535371563,2.7165450080197466,2.7165450080197466,0,0
kepler_0001912,difficult,0.99999999986290389,0.0028060093945896309,0.25658032112727008,0.25658032112727003,5.5511151231257827e-17,4.9439619065339002e-17
kepler_0001913,high_e,0.98533706322462167,0.051979427438585683,0.64198919196606352,0.64198919196606352,0,6.2450045135165055e-17
kepler_0001914,ordinary,0.18935310733148158,1.4530672477603461,1.6419413411108894,1.6419413411108894,0,0
kepler_0001915,ordinary,0.080677369660465598,0.4185281098994576,0.45390327306140554,0.45390327306140554,0,0
kepler_0001916,difficult,0.9999999991612093,1.8775209169118628e-07,0.010404935660854752,0.01040493566085113,3.6221026178395732e-15,2.7306224637110507e-19
kepler_0001917,high_e,0.90864519114256426,3.0913421792281492,3.1152633815823498,3.1152633815823498,0,4.4408920985006262e-16
kepler_0001918,ordinary,0.34979174199589441,2.03715796794287,2.2983773263784486,2.2983773263784486,0,0
kepler_0001919,ordinary,0.081095858590768274,0.80498830337464611,0.86680481352186545,0.86680481352186556,1.1102230246251565e-16,1.1102230246251565e-16
kepler_0001920,difficult,0.99999999961633068,0.00016679710602502122,0.10004276027190746,0.10004276027190726,2.0816681711721685e-16,1.1058862159352145e-17
kepler_0001921,high_e,0.98110459511270987,1.6777235120303362,2.365196261092803,2.365196261092803,0,0
kepler_0001922,ordinary,0.3213547504844757,0.70737558824011249,0.97300039336245825,0.97300039336245836,1.1102230246251565e-16,0
kepler_0001923,ordinary,0.4752471433097385,0.67897528367744009,1.1032085147124431,1.1032085147124433,2.2204460492503131e-16,0
kepler_0001924,difficult,0.9999999897770554,3.2621560952866648e-08,0.005802592767859072,0.0058025927678716002,1.2528172943504501e-14,5.1782829834799617e-19
kepler_0001925,high_e,0.92495623066206412,0.29673228809909591,1.1353882526119363,1.1353882526119363,0,0
kepler_0001926,ordinary,0.59336515304431248,1.7764812580812577,2.2413643466866611,2.2413643466866611,0,0
kepler_0001927,ordinary,0.53776975193265042,1.5701854021403947,2.0479013532091188,2.0479013532091188,0,2.2204460492503131e-16
kepler_0001928,difficult,0.99999999996264677,2.1248330368278195e-07,0.01084324478273189,0.010843244782730641,1.2490009027033011e-15,1.5495938374425391e-18
kepler_0001929,high_e,0.97088496535876312,2.7500519063683062,2.942281483433006,2.942281483433006,0,4.4408920985006262e-16
kepler_0001930,ordinary,0.50066696356571194,2.9844190522212779,3.0367928556338315,3.0367928556338315,0,0
kepler_0001931,ordinary,0.86167932235792288,0.82332848433533612,1.6798856869302072,1.6798856869302072,0,1.1102230246251565e-16
kepler_0001932,difficult,0.99999999984938892,0.00017718128737608503,0.10207791197998138,0.10207791197998134,4.163336342344337e-17,5.2854855908668341e-18
kepler_0001933,high_e,0.92337715356429939,2.2853625918849998,2.6890842121981295,2.6890842121981295,0,4.4408920985006262e-16
kepler_0001934,ordinary,0.65894233443526185,1.9662406016831853,2.4076176116598318,2.4076176116598322,4.4408920985006262e-16,2.2204460492503131e-16
kepler_0001935,ordinary,0.30700959959596169,2.2472681932862519,2.4443912779363841,2.4443912779363841,0,0
kepler_0001936,difficult,0.99999999946645346,2.9106581416586661e-05,0.055898903116051037,0.055898903116050266,7.7021722333370235e-16,4.1504614415460717e-18
kepler_0001937,high_e,0.98211660335894957,0.47689828967913078,1.4521051837550372,1.4521051837550369,2.2204460492503131e-16,1.6653345369377348e-16
kepler_0001938,ordinary,0.78130059170576294,1.615656898890921,2.2322035741815403,2.2322035741815403,0,2.2204460492503131e-16
kepler_0001939,ordinary,0.48306281757998887,2.5700804183893449,2.7530734848899354,2.7530734848899354,0,4.4408920985006262e-16
kepler_0001940,difficult,0.99999996425230719,4.9805160125705821e-05,0.066860139551675538,0.066860139551676745,1.2073675392798577e-15,1.4704491964334654e-18
kepler_0001941,high_e,0.9009353906063845,0.60300666852330942,1.5017983594551001,1.5017983594551001,0,0
kepler_0001942,ordinary,0.85450789483961409,0.83887609132812246,1.6875650252278995,1.6875650252278995,0,1.1102230246251565e-16
kepler_0001943,ordinary,0.79143753536887684,3.0276512787842975,3.0779703751205196,3.0779703751205196,0,0
kepler_0001944,difficult,0.99999999996800759,0.0051361983250933774,0.3140351416038839,0.31403514160388418,2.7755575615628914e-16,0
kepler_0001945,high_e,0.96524242844428909,1.3527932092593387,2.1569252511985457,2.1569252511985457,0,2.2204460492503131e-16
kepler_0001946,ordinary,0.56180787542558608,1.4229794810367378,1.9457545809563159,1.9457545809563159,0,0
kepler_0001947,ordinary,0.1558831188611243,2.8314327246249507,2.8728262857924873,2.8728262857924873,0,0
kepler_0001948,difficult,0.99999998034288351,1.64471602801558e-08,0.0046126157105008296,0.0046126157105201692,1.9339564671927434e-14,6.1339412887747257e-19
kepler_0001949,high_e,0.96160603138098055,1.1781756347752934,2.0371118416802947,2.0371118416802947,0,0
kepler_0001950,ordinary,0.39075194044737754,2.8377738475184984,2.9226458352098517,2.9226458352098517,0,0
kepler_0001951,ordinary,0.10486238761253949,0.80089869360612587,0.88184322719803565,0.88184322719803576,1.1102230246251565e-16,0
kepler_0001952,difficult,0.99999999906045711,2.2694319871641714e-06,0.023879515107777187,0.023879515107772736,4.451300439356487e-15,1.9354702844760763e-19
kepler_0001953,high_e,0.95095357291237759,1.1588079808944161,2.0167557057365979,2.0167557057365979,0,2.2204460492503131e-16
kepler_0001954,ordinary,0.62058140379320526,0.95665276055359683,1.5772213552831709,1.5772213552831706,2.2204460492503131e-16,1.1102230246251565e-16
kepler_0001955,ordinary,0.041231153614551007,2.116924899555042,2.1513995823353533,2.1513995823353533,0,0
kepler_0001956,difficult,0.9999999747502698,2.8764481765454275e-07,0.01199088368810737,0.011990883688102884,4.4859949088760231e-15,5.5300663543865133e-19
kepler_0001957,high_e,0.9725452119551149,1.4193990909366161,2.2036208664483476,2.2036208664483476,0,2.2204460492503131e-16
kepler_0001958,ordinary,0.061262010524758825,0.59730690755140325,0.63357587980181118,0.63357587980181129,1.1102230246251565e-16,1.1102230246251565e-16
kepler_0001959,ordinary,0.32953774909837025,0.65862449058629002,0.92100595426623144,0.92100595426623144,0,0
kepler_0001960,difficult,0.99999998596269624,0.00021667447370856067,0.10916202073326046,0.10916202073326128,8.1878948066105295e-16,2.1412992906588713e-18
kepler_0001961,high_e,0.94752175514042003,0.37726351021180937,1.2868418322373791,1.2868418322373791,0,0
kepler_0001962,ordinary,0.49991532977779224,1.2899849573955804,1.779094271460627,1.7790942714606268,2.2204460492503131e-16,2.2204460492503131e-16
kepler_0001963,ordinary,0.17212169210797493,0.73026551559659791,0.86079600930112765,0.86079600930112765,0,0
kepler_0001964,difficult,0.9999999800066115,3.6526903819665834e-05,0.060294297993291876,0.060294297993291612,2.6367796834847468e-16,1.111307226797642e-18
kepler_0001965,high_e,0.92194392040529927,0.31666861303604132,1.1630163406213943,1.1630163406213945,2.2204460492503131e-16,1.1102230246251565e-16
kepler_0001966,ordinary,0.07259646356515144,1.003901304519532,1.0674954628853193,1.067495462885319,2.2204460492503131e-16,0
kepler_0001967,ordinary,0.5232474173580286,1.8203186352963081,2.2329788628573572,2.2329788628573572,0,2.2204460492503131e-16
kepler_0001968,difficult,0.99999999996577682,7.167828987597106e-05,0.075489672067977326,0.07548967206797734,1.3877787807814457e-17,4.9602249391211828e-18
kepler_0001969,high_e,0.97881326169279603,1.6216456301132902,2.3309924592370592,2.3309924592370592,0,2.2204460492503131e-16
kepler_0001970,ordinary,0.60861871931166267,2.5682207764990572,2.7822480860250942,2.7822480860250938,4.4408920985006262e-16,4.4408920985006262e-16
kepler_0001971,ordinary,0.37135548634615834,3.005877135220643,3.0425843660388163,3.0425843660388163,0,0
kepler_0001972,difficult,0.99999999817079388,2.1241289612883305e-06,0.023358507027773541,0.02335850702777275,7.9103390504542404e-16,3.0539772913253799e-18
kepler_0001973,high_e,0.97080197633321152,0.1265278350545275,0.8660807203434675,0.86608072034346761,1.1102230246251565e-16,1.3877787807814457e-16
kepler_0001974,ordinary,0.32098727682974815,2.699364498688674,2.8052900159654595,2.8052900159654595,0,0
kepler_0001975,ordinary,0.53700512588752858,1.1043153153232161,1.6400338002949377,1.6400338002949375,2.2204460492503131e-16,2.2204460492503131e-16
kepler_0001976,difficult,0.99999996214113274,8.6866464627750978e-05,0.080484011374923697,0.080484011374924683,9.8532293435482643e-16,7.03376159399971e-18
kepler_0001977,high_e,0.91190798614085211,1.412795815614428,2.1672481671190371,2.1672481671190371,0,0
kepler_0001978,ordinary,0.68185727604462687,0.014555339197803302,0.045716845642464317,0.045716845642464317,0,0
kepler_0001979,ordinary,0.17929492944546194,1.0394337725881566,1.2069939534559844,1.2069939534559844,0,0
kepler_0001980,difficult,0.99999999977935727,3.2123318585874176e-06,0.026811975999483977,0.026811975999486991,3.0149494012476907e-15,2.7016115852675909e-18
kepler_0001981,high_e,0.95801307814979975,2.7981502694631999,2.9657464112927778,2.9657464112927778,0,0
kepler_0001982,ordinary,0.35658448851820262,2.9327357288747176,2.9874745542085579,2.9874745542085579,0,0
kepler_0001983,ordinary,0.4767926881359264,0.17399496237653297,0.32725965269482826,0.32725965269482826,0,0
kepler_0001984,difficult,0.99999999997345712,2.3243643040958422e-08,0.0051858245565657287,0.0051858245565496253,1.61034380274927e-14,2.8297848755439077e-19
kepler_0001985,high_e,0.90851950931207004,2.7443912759989,2.932751410111837,2.932751410111837,0,4.4408920985006262e-16
kepler_0001986,ordinary,0.065525847095952897,1.606069288967825,1.6712647086112102,1.67126470861121,2.2204460492503131e-16,0
kepler_0001987,ordinary,0.3150160867253175,2.6960932640866906,2.8012490893295543,2.8012490893295543,0,0
kepler_0001988,difficult,0.99999998799860013,0.0022627249083978095,0.23878491881978989,0.23878491881978947,4.163336342344337e-16,1.3444106938820255e-17
kepler_0001989,high_e,0.98476161199050305,1.419645173323715,2.2099914015344297,2.2099914015344297,0,4.4408920985006262e-16
kepler_0001990,ordinary,0.67715709332506024,0.0035183668405574268,0.010897624534639105,0.010897624534639105,0,0
kepler_0001991,ordinary,0.85121042473084318,0.24464097934948748,0.92384120597569075,0.92384120597569064,1.1102230246251565e-16,1.1102230246251565e-16
kepler_0001992,difficult,0.99999999528668737,0.001084422644389122,0.18679664290501741,0.18679664290501757,1.6653345369377348e-16,4.9873299934333204e-18
kepler_0001993,high_e,0.95958977629719611,0.15592193626306472,0.9185005989150683,0.91850059891506841,1.1102230246251565e-16,0
kepler_0001994,ordinary,0.43708802173020228,0.47023713030819825,0.77656204343873814,0.77656204343873825,1.1102230246251565e-16,5.5511151231257827e-17
kepler_0001995,ordinary,0.4880949161859553,0.58145993705077192,0.98934426514431451,0.98934426514431451,0,1.1102230246251565e-16
kepler_0001996,difficult,0.99999999976567111,3.336002410201119e-06,0.027151735573494897,0.027151735573498856,3.9586389721790738e-15,9.9060503181390425e-19
kepler_0001997,high_e,0.98729569203824341,3.0542205599553496,3.0976202929593959,3.0976202929593959,0,0
kepler_0001998,ordinary,0.84930414060946757,1.8211567457933058,2.3968194221935102,2.3968194221935102,0,2.2204460492503131e-16
kepler_0001999,ordinary,0.17010498076302297,1.1207803720817116,1.2839342603764372,1.2839342603764374,2.2204460492503131e-16,2.2204460492503131e-16
kepler_0002000,difficult,0.99999999998429501,0.00023553486077824767,0.11224319143222758,0.11224319143222684,7.3552275381416621e-16,2.1412992906588713e-18
kepler_0002001,high_e,0.93744448293531502,2.2906386692162473,2.6952796666020289,2.6952796666020289,0,0
kepler_0002002,ordinary,0.061107608439693574,2.0761582380450339,2.1280218310252459,2.1280218310252459,0,0
kepler_0002003,ordinary,0.44558612354360594,0.27779284796990722,0.48587280203889238,0.48587280203889244,5.5511151231257827e-17,5.5511151231257827e-17
kepler_0002004,difficult,0.99999999844907639,2.1564918776098681e-07,0.010896554787992894,0.010896554788000359,7.4645151171282009e-15,5.5628888810926175e-19
kepler_0002005,high_e,0.92176224978582255,1.8938827542253627,2.4685092329746086,2.4685092329746086,0,0
kepler_0002006,ordinary,0.81844801906188525,1.6278228129773804,2.2596463006952279,2.2596463006952274,4.4408920985006262e-16,2.2204460492503131e-16
kepler_0002007,ordinary,0.53103856147964423,2.5723124719972206,2.7667430102175246,2.7667430102175246,0,4.4408920985006262e-16
kepler_0002008,difficult,0.99999999916470739,5.690063677996692e-06,0.032441160937856858,0.032441160937859349,2.491062911502695e-15,6.3180187535698262e-18
kepler_0002009,high_e,0.94894787712301243,2.7820433751806575,2.9565959618645579,2.9565959618645579,0,0
kepler_0002010,ordinary,0.4042600948284763,2.1939417575726656,2.4513454160576176,2.4513454160576176,0,0
kepler_0002011,ordinary,0.8547968186829733,2.1076700337732621,2.5700531532373314,2.570053153237331,4.4408920985006262e-16,4.4408920985006262e-16
kepler_0002012,difficult,0.99999999992161093,0.0062652833548113192,0.33561864442818024,0.33561864442818018,5.5511151231257827e-17,1.7347234759768071e-17
kepler_0002013,high_e,0.95087621046258208,3.0314809289374742,3.0851358483422744,3.0851358483422744,0,4.4408920985006262e-16
kepler_0002014,ordinary,0.75800170040742199,2.3305191157372604,2.6729142453294767,2.6729142453294767,0,0
kepler_0002015,ordinary,0.27357461070865113,2.778044773300139,2.8553012842525236,2.8553012842525241,4.4408920985006262e-16,0
kepler_0002016,difficult,0.99999998703462623,0.00080492786565002214,0.16911262308778724,0.1691126230877866,6.3837823915946501e-16,1.5178830414797062e-17
kepler_0002017,high_e,0.92527385992369149,1.204970943138443,2.033111615455701,2.033111615455701,0,2.2204460492503131e-16
kepler_0002018,ordinary,0.74145837078745269,0.69957802033744887,1.4341219899265816,1.4341219899265816,0,0
kepler_0002019,ordinary,0.57871821391748457,0.50615925174017384,0.98997466926986755,0.98997466926986744,1.1102230246251565e-16,1.1102230246251565e-16
kepler_0002020,difficult,0.99999996073280073,8.3541758698472532e-06,0.036869709018715474,0.036869709018717077,1.6028844918025698e-15,1.2925722775100623e-18
kepler_0002021,high_e,0.96359855915840276,2.1503284214511869,2.6256905852137717,2.6256905852137717,0,0
kepler_0002022,ordinary,0.20093102972605223,0.19451652372567851,0.24283062339933648,0.24283062339933645,2.7755575615628914e-17,0
kepler_0002023,ordinary,0.81115871786020766,0.68460273105064573,1.4933286888939334,1.4933286888939334,0,1.1102230246251565e-16
kepler_0002024,difficult,0.99999998373275523,1.4678318060686588e-07,0.0095819971507728752,0.0095819971507663353,6.5399075044325627e-15,2.1369053072449896e-19
kepler_0002025,high_e,0.97432800775089345,0.9322965178480761,1.8648135810362927,1.8648135810362927,0,1.1102230246251565e-16
kepler_0002026,ordinary,0.17683636004188533,2.9708522169986171,2.9964318665995013,2.9964318665995013,0,0
kepler_0002027,ordinary,0.63264740661857533,2.4460462111928116,2.7104407029092381,2.7104407029092381,0,0
kepler_0002028,difficult,0.99999999791678074,3.7284342021403751e-07,0.013078258103770495,0.013078258103775015,4.5206893783955593e-15,5.9821701899834961e-20
kepler_0002029,high_e,0.9810966754865984,1.3892257446439995,2.1888354550824163,2.1888354550824163,0,0
kepler_0002030,ordinary,0.89913404478181158,2.1887425789368233,2.6293993898243349,2.6293993898243349,0,0
kepler_0002031,ordinary,0.51506939825390141,2.7571010335653416,2.8868811355985149,2.8868811355985149,0,4.4408920985006262e-16
kepler_0002032,difficult,0.99999999996555744,3.6212633646886738e-08,0.0060117819616223893,0.0060117819616141051,8.2841719595272423e-15,4.7539724164647607e-20
kepler_0002033,high_e,0.92055143166409159,0.10422427570397086,0.69065291946748963,0.69065291946748975,1.1102230246251565e-16,0
kepler_0002034,ordinary,0.28481231769674326,3.0181332571475004,3.0454684681764759,3.0454684681764759,0,0
kepler_0002035,ordinary,0.42357196415728954,3.0036764084646825,3.0446671024972565,3.0446671024972565,0,0
kepler_0002036,difficult,0.99999994205737563,1.1108127181706516e-07,0.0087217670486508282,0.0087217670486567974,5.9691834808361932e-15,8.9085366738490953e-19
kepler_0002037,high_e,0.91460819580645392,2.2803578678327532,2.6842319952198408,2.6842319952198408,0,4.4408920985006262e-16
kepler_0002038,ordinary,0.26978541552792978,2.2985737206807459,2.4670628499679754,2.4670628499679759,4.4408920985006262e-16,4.4408920985006262e-16
kepler_0002039,ordinary,0.29230461330619834,1.4659060577250607,1.753353355574526,1.753353355574526,0,0
kepler_0002040,difficult,0.99999999962509467,4.4550539756933929e-08,0.0064416015785460625,0.0064416015785391731,6.8894542848418894e-15,3.3703970366840644e-19
kepler_0002041,high_e,0.93343670640354326,1.990417089687174,2.5279420636734109,2.5279420636734105,4.4408920985006262e-16,4.4408920985006262e-16
kepler_0002042,ordinary,0.76822733623077688,1.0964860293360026,1.8375437474652561,1.8375437474652561,0,0
kepler_0002043,ordinary,0.60357372776087892,2.4821088544477159,2.7258653553568211,2.7258653553568211,0,0
kepler_0002044,difficult,0.99999999998559452,7.3498419839973066e-06,0.035330689201454164,0.035330689201456301,2.1371793224034263e-15,2.8206197143568201e-18
kepler_0002045,high_e,0.93719308615331665,2.8880994455451678,3.0105554551329226,3.0105554551329226,0,4.4408920985006262e-16
kepler_0002046,ordinary,0.77790159094006739,0.013368288693529063,0.06006436130409902,0.060064361304099062,4.163336342344337e-17,1.0408340855860843e-17
kepler_0002047,ordinary,0.69556393729807187,2.5625263293093812,2.7973004045360756,2.7973004045360761,4.4408920985006262e-16,4.4408920985006262e-16
kepler_0002048,difficult,0.99999999900477277,1.7608323146709615e-06,0.02194276944210715,0.021942769442111407,4.2570114100470846e-15,1.0390976680442129e-18
kepler_0002049,high_e,0.91040529310553342,2.8311894359514107,2.9787699627734754,2.9787699627734754,0,4.4408920985006262e-16
kepler_0002050,ordinary,0.8235482319187144,1.6069646324898819,2.2485136601107585,2.2485136601107585,0,0
kepler_0002051,ordinary,0.64053119445178142,2.9793761128250011,3.0426491541172065,3.0426491541172065,0,0
kepler_0002052,difficult,0.99999998989054351,1.7219581424341358e-08,0.0046880523589388177,0.004688052358943387,4.5692616357229099e-15,3.91832147443919e-19
kepler_0002053,high_e,0.98249398377162189,3.1382076086368449,3.1398851852212601,3.1398851852212606,4.4408920985006262e-16,4.4408920985006262e-16
kepler_0002054,ordinary,0.61940849530800224,0.68036600815447412,1.272402852531074,1.272402852531074,0,0
kepler_0002055,ordinary,0.45540136691371585,1.8799804763709373,2.2377841507487473,2.2377841507487473,0,0
kepler_0002056,difficult,0.99999999960614827,5.7283545059151006e-08,0.0070046605755983123,0.0070046605755978613,4.5102810375396984e-16,1.6437071388163724e-19
kepler_0002057,high_e,0.90006223404257557,2.6816878722347361,2.8984134278809059,2.8984134278809064,4.4408920985006262e-16,4.4408920985006262e-16
kepler_0002058,ordinary,0.8218581076432917,0.84708678106825741,1.6652792442898123,1.6652792442898123,0,1.1102230246251565e-16
kepler_0002059,ordinary,0.18581170728210014,1.7193350945363928,1.8954407779663414,1.8954407779663416,2.2204460492503131e-16,0
kepler_0002060,difficult,0.99999999929262839,1.0665929126507371e-06,0.018565957867257912,0.018565957867254356,3.5561831257524545e-15,2.490276864927643e-19
kepler_0002061,high_e,0.97753600380141481,2.7475070540417414,2.9416543597581617,2.9416543597581617,0,0
kepler_0002062,ordinary,0.22734465275167667,1.2514500645999667,1.4778126177168152,1.4778126177168152,0,2.2204460492503131e-16
kepler_0002063,ordinary,0.34736084335855305,0.25589137013625168,0.38698454173410812,0.38698454173410812,0,0
kepler_0002064,difficult,0.9999999889872313,1.3689134259071695e-05,0.043469471570246589,0.043469471570245444,1.1449174941446927e-15,5.2685449319217481e-18
kepler_0002065,high_e,0.95634687041010891,1.3183714459877587,2.1293666598434831,2.1293666598434831,0,2.2204460492503131e-16
kepler_0002066,ordinary,0.78973295636070084,0.24594141824695642,0.82723338676494473,0.82723338676494473,0,5.5511151231257827e-17
kepler_0002067,ordinary,0.82616988217795084,1.6839549735668649,2.3000220326631737,2.3000220326631737,0,0
kepler_0002068,difficult,0.99999999993107391,0.00097889650801652093,0.18052273319754511,0.18052273319754486,2.4980018054066022e-16,3.6862873864507151e-18
kepler_0002069,high_e,0.95150809077038534,2.273041170195234,2.6890723935938139,2.6890723935938139,0,4.4408920985006262e-16
kepler_0002070,ordinary,0.38646288267040502,1.8031094367010825,2.1305853849153538,2.1305853849153538,0,2.2204460492503131e-16
kepler_0002071,ordinary,0.87870199694621876,0.15089500563149974,0.74958633137395203,0.74958633137395192,1.1102230246251565e-16,8.3266726846886741e-17
kepler_0002072,difficult,0.99999999558585084,0.0014747375997093679,0.2069817357352742,0.20698173573527448,2.7755575615628914e-16,1.3010426069826053e-18
kepler_0002073,high_e,0.93803147197930514,2.8109314707652442,2.9705727066496261,2.9705727066496261,0,0
kepler_0002074,ordinary,0.38457843770359762,2.4912848777812808,2.6670209042485533,2.6670209042485533,0,0
kepler_0002075,ordinary,0.53676192250892385,0.057645253402985472,0.1240712417775065,0.12407124177750649,1.3877787807814457e-17,0
kepler_0002076,difficult,0.99999990820465523,1.5787505342350187e-08,0.0045182244125929081,0.0045182244126055109,1.2602766052971504e-14,6.1494922842907226e-19
kepler_0002077,high_e,0.98660349850042361,1.9073489445672347,2.4987730253624494,2.4987730253624494,0,0
kepler_0002078,ordinary,0.33200601713143696,3.090618105349622,3.1033213175972363,3.1033213175972363,0,0
kepler_0002079,ordinary,0.53798091244280621,1.8906704392896874,2.2939919163992779,2.2939919163992779,0,0
kepler_0002080,difficult,0.99999999756552393,2.1023471603812501e-06,0.023278335042111097,0.02327833504210941,1.6861512186494565e-15,2.8769474053492311e-18
kepler_0002081,high_e,0.92689251946819018,1.2550213194587874,2.0691683754914574,2.0691683754914574,0,2.2204460492503131e-16
kepler_0002082,ordinary,0.19235980889540066,2.5793242201481656,2.6671947443478636,2.6671947443478636,0,0
kepler_0002083,ordinary,0.6257497617795923,3.0641239596273726,3.0939346538542947,3.0939346538542947,0,4.4408920985006262e-16
kepler_0002084,difficult,0.99999999940318052,2.1500890398584863e-08,0.0050526100175076012,0.0050526100174883293,1.9271910456364338e-14,2.3993862592203163e-19
kepler_0002085,high_e,0.91708961860696869,2.6268164996542951,2.8715079748416885,2.8715079748416885,0,0
kepler_0002086,ordinary,0.68970019502433078,0.17378749968469079,0.51121384765397759,0.5112138476539777,1.1102230246251565e-16,2.7755575615628914e-17
kepler_0002087,ordinary,0.5952377336457999,2.9645295280852904,3.0305126502254787,3.0305126502254787,0,0
kepler_0002088,difficult,0.99999999808559947,1.7200836460573464e-08,0.0046898416936700651,0.0046898416936685785,1.4866580189121237e-15,3.2901605172664208e-19
kepler_0002089,high_e,0.90110282886135229,2.9235434203367836,3.0267769821910124,3.0267769821910124,0,0
kepler_0002090,ordinary,0.036103912658174343,1.804278731821864,1.8390910038262476,1.8390910038262476,0,0
kepler_0002091,ordinary,0.17623012734078297,1.216512879534204,1.3898663630974897,1.3898663630974895,2.2204460492503131e-16,2.2204460492503131e-16
kepler_0002092,difficult,0.99999999074389168,9.6897268848441194e-05,0.083471241898165113,0.083471241898163795,1.3183898417423734e-15,8.8091426514447235e-19
kepler_0002093,high_e,0.94177648697082272,2.9999273086797604,3.0686046651949153,3.0686046651949153,0,0
kepler_0002094,ordinary,0.62404967744299145,0.3658188417553655,0.82363449259164356,0.82363449259164356,0,0
kepler_0002095,ordinary,0.38745402411390811,2.3290664401694321,2.5463240057142271,2.5463240057142271,0,0
kepler_0002096,difficult,0.99999999985399335,0.0035329664102174089,0.27711038033385021,0.27711038033385044,2.2204460492503131e-16,2.2551405187698492e-17
kepler_0002097,high_e,0.93440613647274406,2.393286908567652,2.7499534689000913,2.7499534689000913,0,0
kepler_0002098,ordinary,0.39613846403754105,2.5287776512755462,2.6985856302747404,2.6985856302747409,4.4408920985006262e-16,0
kepler_0002099,ordinary,0.08652916591843611,2.5721690618783319,2.6156120106401533,2.6156120106401537,4.4408920985006262e-16,0
kepler_0002100,difficult,0.9999999992277544,0.0048236332647210618,0.30751033338969397,0.3075103333896943,3.3306690738754696e-16,1.0408340855860843e-17
kepler_0002101,high_e,0.90101413949379561,2.0765518190955423,2.5665710157945512,2.5665710157945512,0,0
kepler_0002102,ordinary,0.15869294489946353,1.4009559213901233,1.5596389888520115,1.5596389888520115,0,0
kepler_0002103,ordinary,0.77994454135553493,1.4352390536686916,2.1060857561441648,2.1060857561441653,4.4408920985006262e-16,2.2204460492503131e-16
kepler_0002104,difficult,0.99999999952138729,3.0268925120011993e-08,0.0056628712228811752,0.0056628712228936348,1.2459651366203417e-14,1.7018744794911013e-19
kepler_0002105,high_e,0.90503908331880056,0.5114149044601628,1.4038747722904281,1.4038747722904281,0,0
kepler_0002106,ordinary,0.069178134492919069,2.8103061848755337,2.8314208879762273,2.8314208879762273,0,0
kepler_0002107,ordinary,0.12840172328756319,0.33556169782933376,0.38361985111989239,0.38361985111989233,5.5511151231257827e-17,5.5511151231257827e-17
kepler_0002108,difficult,0.99999999943318696,0.0044230226953710918,0.2987235389438993,0.29872353894389908,2.2204460492503131e-16,8.6736173798840355e-19
kepler_0002109,high_e,0.95473938973039907,0.14947968611550785,0.8934486608497032,0.89344866084970331,1.1102230246251565e-16,2.7755575615628914e-17
kepler_0002110,ordinary,0.57913571170071843,0.92361259281857577,1.5013524380393899,1.5013524380393899,0,0
kepler_0002111,ordinary,0.37994759060401312,1.8296095660728466,2.1480021066598192,2.1480021066598192,0,2.2204460492503131e-16
kepler_0002112,difficult,0.99999999978450693,5.6594943928801026e-06,0.032382997037044628,0.032382997037042796,1.8318679906315083e-15,1.1638232695274087e-18
kepler_0002113,high_e,0.92085448549770166,0.59011481750443351,1.5092243233248943,1.5092243233248943,0,0
kepler_0002114,ordinary,0.2038794273165018,0.028168025420355413,0.03537971716679799,0.03537971716679799,0,3.4694469519536142e-18
kepler_0002115,ordinary,0.84478964018507807,1.2327622821486239,2.0006859849604126,2.0006859849604126,0,2.2204460492503131e-16
kepler_0002116,difficult,0.99999999972674614,2.0099599055728632e-07,0.010644165212535594,0.01064416521254158,5.9865307155959613e-15,6.5038895459329418e-19
kepler_0002117,high_e,0.95481297618001981,2.8605168359175037,2.9975631241101186,2.9975631241101182,4.4408920985006262e-16,4.4408920985006262e-16
kepler_0002118,ordinary,0.57776708439774593,1.2625224599947049,1.8221361462341279,1.8221361462341279,0,0
kepler_0002119,ordinary,0.64192814309541346,0.6345495494540877,1.2421144027850486,1.2421144027850484,2.2204460492503131e-16,1.1102230246251565e-16
kepler_0002120,difficult,0.99999999659511329,0.0022472899238584559,0.23823976776820424,0.23823976776820452,2.7755575615628914e-16,1.951563910473908e-17
kepler_0002121,high_e,0.90070114251776945,1.0954111345842521,1.9365385980932028,1.9365385980932026,2.2204460492503131e-16,2.2204460492503131e-16
kepler_0002122,ordinary,0.44101813646177812,0.25253815925947215,0.44064086092792326,0.44064086092792326,0,0
kepler_0002123,ordinary,0.59936040326891982,1.6458549782605767,2.1480859783837323,2.1480859783837323,0,2.2204460492503131e-16
kepler_0002124,difficult,0.99999999995171551,0.0031354435550449726,0.26627475637160131,0.2662747563716017,3.8857805861880479e-16,2.6020852139652106e-18
kepler_0002125,high_e,0.94378145536016866,2.8513728520883883,2.9920153366583881,2.9920153366583881,0,4.4408920985006262e-16
kepler_0002126,ordinary,0.069395804307343212,2.5398447956597892,2.5769778286369291,2.5769778286369291,0,4.4408920985006262e-16
kepler_0002127,ordinary,0.70366092611843079,0.27500143267098942,0.75952747413436217,0.75952747413436217,0,0
kepler_0002128,difficult,0.99999999555856489,0.00099280193981043626,0.18137438896192767,0.18137438896192734,3.3306690738754696e-16,3.0357660829594124e-18
kepler_0002129,high_e,0.92113021256819871,1.503385895538206,2.2309722448462659,2.2309722448462659,0,0
kepler_0002130,ordinary,0.54642684740730174,2.6019793574767109,2.7901091824201547,2.7901091824201547,0,0
kepler_0002131,ordinary,0.0675713252329537,1.6393023914260976,1.7062547315784782,1.706254731578478,2.2204460492503131e-16,0
kepler_0002132,difficult,0.99999999826617525,4.3282622896442046e-06,0.029613715815713867,0.029613715815710623,3.2439329000766293e-15,2.0184795133069977e-18
kepler_0002133,high_e,0.93399157373941444,1.5546012844627575,2.2696479454663923,2.2696479454663923,0,2.2204460492503131e-16
kepler_0002134,ordinary,0.60008847856814862,2.0749669248949822,2.4552502221783743,2.4552502221783743,0,0
kepler_0002135,ordinary,0.38049605128067104,2.8204586703233545,2.9083894729979383,2.9083894729979383,0,0
kepler_0002136,difficult,0.99999999998704592,1.2425050635582866e-06,0.019535260433494728,0.019535260433494954,2.2551405187698492e-16,2.8153257584364808e-18
kepler_0002137,high_e,0.95341032219622013,0.33361934248688069,1.2332190327418084,1.2332190327418084,0,5.5511151231257827e-17
kepler_0002138,ordinary,0.82532347901716152,0.24868284628277529,0.89003829910857435,0.89003829910857435,0,2.7755575615628914e-17
kepler_0002139,ordinary,0.75131956193890637,1.4023639027575736,2.0641044821763104,2.0641044821763104,0,2.2204460492503131e-16
kepler_0002140,difficult,0.99999999960500807,4.4781087692604375e-05,0.064532529787478546,0.064532529787479212,6.6613381477509392e-16,7.453889935837843e-18
kepler_0002141,high_e,0.91221466188461187,3.1147215521031364,3.1275400872533754,3.1275400872533754,0,0
kepler_0002142,ordinary,0.45313661070590744,2.5499594558040175,2.7308800389252847,2.7308800389252847,0,0
kepler_0002143,ordinary,0.17660515746336317,2.218577545550827,2.3448632351883791,2.3448632351883791,0,0
kepler_0002144,difficult,0.99999993745431637,1.0024614503584078e-08,0.0038861521319639887,0.0038861521319535925,1.0396197791529005e-14,6.5724462751013367e-20
kepler_0002145,high_e,0.93966887577048852,2.3063719607957891,2.7043058655248098,2.7043058655248102,4.4408920985006262e-16,4.4408920985006262e-16
kepler_0002146,ordinary,0.49760358548528627,0.446714600432699,0.80561432136350208,0.80561432136350208,0,0
kepler_0002147,ordinary,0.064312025323837382,0.90673250649748371,0.95939401439779237,0.95939401439779237,0,0
kepler_0002148,difficult,0.9999999994181179,4.3566143302200119e-05,0.063943478903840389,0.06394347890383871,1.6792123247455493e-15,1.7957098481791167e-18
kepler_0002149,high_e,0.93451964112332808,2.0636934710834627,2.5695759113309391,2.5695759113309391,0,0
kepler_0002150,ordinary,0.0073599658725338026,0.80977921360469418,0.81513593532262296,0.81513593532262296,0,0
kepler_0002151,ordinary,0.37033576303467264,0.94405293368753274,1.3009909856613227,1.3009909856613229,2.2204460492503131e-16,0
kepler_0002152,difficult,0.99999999953337915,2.7142595918873038e-08,0.0054607735682012364,0.0054607735682077,6.4635796714895832e-15,2.4046140406916515e-19
kepler_0002153,high_e,0.93990334212441173,1.8466986134719314,2.447757628834939,2.447757628834939,0,0
kepler_0002154,ordinary,0.040200858964149079,0.65570772310024905,0.68101753696557932,0.68101753696557932,0,0
kepler_0002155,ordinary,0.40038034331527761,0.92898972402360458,1.3164933918973765,1.3164933918973765,0,1.1102230246251565e-16
kepler_0002156,difficult,0.99999999998272071,0.0082699258628552829,0.36829820401723484,0.36829820401723462,2.2204460492503131e-16,1.5612511283791264e-17
kepler_0002157,high_e,0.98240569648525999,1.1228862151139327,2.011446960288406,2.011446960288406,0,0
kepler_0002158,ordinary,0.015761795817993141,2.2763936417913722,2.2882696720776705,2.2882696720776705,0,0
kepler_0002159,ordinary,0.34832930882480095,1.9697629358648738,2.2424359624511374,2.2424359624511374,0,0
kepler_0002160,difficult,0.99999999395008043,0.00014587471359342474,0.095670071681430685,0.095670071681429977,7.0776717819853729e-16,1.0842021724855044e-19
kepler_0002161,high_e,0.91305080763218482,0.98203906479054226,1.8577545377785833,1.8577545377785833,0,0
kepler_0002162,ordinary,0.85648312050293696,2.4052869522210325,2.7400409134102812,2.7400409134102812,0,0
kepler_0002163,ordinary,0.14547753417736986,1.8459350466569855,1.9794343764690379,1.9794343764690381,2.2204460492503131e-16,2.2204460492503131e-16
kepler_0002164,difficult,0.99999999994727939,6.2598722763345418e-08,0.0072150343763822625,0.0072150343763944681,1.2205514376972815e-14,1.8814719340886146e-19
kepler_0002165,high_e,0.93654732596244517,3.0984212920348293,3.1192988059337372,3.1192988059337372,0,0
kepler_0002166,ordinary,0.67345954424710885,1.1971708143186248,1.8453980357051938,1.8453980357051938,0,0
kepler_0002167,ordinary,0.85786885231511423,2.5251730405926036,2.8069358243089972,2.8069358243089972,0,0
kepler_0002168,difficult,0.99999999651481541,7.1462474423611904e-08,0.0075397498540052243,0.0075397498539971613,8.0629947163401994e-15,5.2132230925542016e-19
kepler_0002169,high_e,0.9504398842119216,2.8294918794652402,2.9812426533349918,2.9812426533349923,4.4408920985006262e-16,4.4408920985006262e-16
kepler_0002170,ordinary,0.10095823193160515,1.0572680041039852,1.1493940304803747,1.1493940304803745,2.2204460492503131e-16,2.2204460492503131e-16
kepler_0002171,ordinary,0.14279944145844017,1.2583072778391979,1.399004722582821,1.399004722582821,0,0
kepler_0002172,difficult,0.99999999644096771,1.0274940731555884e-07,0.0085101008017658339,0.0085101008017538643,1.1969591984239969e-14,2.4644688298159885e-19
kepler_0002173,high_e,0.90529236448370998,1.9779068059331424,2.5113976743036703,2.5113976743036703,0,2.2204460492503131e-16
kepler_0002174,ordinary,0.13018405073691491,1.0628958483591653,1.1834344075998657,1.1834344075998657,0,0
kepler_0002175,ordinary,0.15575116181662657,1.2618624595417358,1.415745173163802,1.415745173163802,0,0
kepler_0002176,difficult,0.99999999943736739,4.0664621123145417e-08,0.0062485189828418147,0.0062485189828409742,8.4047352411076304e-16,4.8935343294147075e-19
kepler_0002177,high_e,0.94768437535244721,2.2048536013284159,2.6511927527900192,2.6511927527900188,4.4408920985006262e-16,4.4408920985006262e-16
kepler_0002178,ordinary,0.00072528604012024329,1.0098144760529619,1.0104288367359788,1.0104288367359788,0,0
kepler_0002179,ordinary,0.29649590816493793,1.0035959352490951,1.2883430669627705,1.2883430669627705,0,0
kepler_0002180,difficult,0.99999997776316063,1.0129264028769531e-07,0.008465272769083633,0.0084652727690743383,9.2946483842837324e-15,7.7887326477993086e-20
kepler_0002181,high_e,0.90533012613757302,2.7338257580929999,2.9267958679718529,2.9267958679718529,0,0
kepler_0002182,ordinary,0.65169753323706658,2.7733271098782266,2.9178965346522423,2.9178965346522423,0,0
kepler_0002183,ordinary,0.41131421838256599,2.0403238904310448,2.336763167435882,2.336763167435882,0,0
kepler_0002184,difficult,0.9999999999783683,4.6215826188168567e-08,0.0065209948388240358,0.0065209948388324614,8.4255519228193521e-15,4.4393790858985932e-19
kepler_0002185,high_e,0.97600334442114023,2.9665144666555805,3.0529331342898902,3.0529331342898902,0,0
kepler_0002186,ordinary,0.49404771381416607,1.7339151939712532,2.1479394623557617,2.1479394623557617,0,2.2204460492503131e-16
kepler_0002187,ordinary,0.25661452675686069,0.66622257868190748,0.86083586620529151,0.8608358662052914,1.1102230246251565e-16,1.1102230246251565e-16
kepler_0002188,difficult,0.99999999978519261,6.3450937978947602e-05,0.072482710407868745,0.072482710407869397,6.5225602696727947e-16,3.4694469519536142e-18
kepler_0002189,high_e,0.95032934150973469,1.3604953677360228,2.1538278760589864,2.1538278760589864,0,0
kepler_0002190,ordinary,0.30959486966868949,2.4881079097430483,2.6376151012269458,2.6376151012269458,0,0
kepler_0002191,ordinary,0.10513509659805637,0.89033523330138298,0.97750316113264024,0.97750316113264035,1.1102230246251565e-16,0
kepler_0002192,difficult,0.99999999978507281,4.9725820195307873e-05,0.06682567443402268,0.06682567443402361,9.298117831235686e-16,6.8440262138147467e-18
kepler_0002193,high_e,0.9595290840044598,2.5967778861114672,2.8617781273111822,2.8617781273111822,0,4.4408920985006262e-16
kepler_0002194,ordinary,0.78953849754457994,2.5439703627341923,2.8048473017526927,2.8048473017526927,0,4.4408920985006262e-16
kepler_0002195,ordinary,0.25869047135870937,1.1297750428667872,1.3839636495454763,1.3839636495454763,0,0
kepler_0002196,difficult,0.9999999999519823,2.0651850302070151e-08,0.0049854217961403276,0.0049854217961430346,2.7070359842618075e-15,1.5446439886570218e-19
kepler_0002197,high_e,0.94619960004559966,2.8935234905714071,3.0139609501216453,3.0139609501216453,0,0
kepler_0002198,ordinary,0.13433014485661404,1.1362105146870378,1.2642795836048448,1.2642795836048448,0,0
kepler_0002199,ordinary,0.631314460770248,0.38961934071285187,0.87362293665104562,0.87362293665104573,1.1102230246251565e-16,5.5511151231257827e-17
kepler_0002200,difficult,0.9999999963687537,2.2723181950261202e-05,0.0514704680564761,0.051470468056476024,7.6327832942979512e-17,1.480613591800517e-18
kepler_0002201,high_e,0.94903375450910432,1.3980608227356968,2.177644271205434,2.177644271205434,0,2.2204460492503131e-16
kepler_0002202,ordinary,0.2381847959981892,0.89124745005333095,1.1039439437882594,1.1039439437882594,0,1.1102230246251565e-16
kepler_0002203,ordinary,0.74261548356114104,1.5217029666061521,2.1451578801773814,2.145157880177381,4.4408920985006262e-16,2.2204460492503131e-16
kepler_0002204,difficult,0.99999999995330668,1.9387707998916466e-06,0.022658415894138285,0.022658415894136995,1.2906342661267445e-15,9.5630019745010508e-19
kepler_0002205,high_e,0.91553118637462694,2.9543278501399466,3.0437567994542949,3.0437567994542944,4.4408920985006262e-16,4.4408920985006262e-16
kepler_0002206,ordinary,0.75013877601090917,0.60498929152476921,1.3342367127686787,1.3342367127686787,0,0
kepler_0002207,ordinary,0.57519259373269505,0.0017669133955251029,0.0041593118938390372,0.0041593118938390381,8.6736173798840355e-19,0
kepler_0002208,difficult,0.99999997024271337,2.2547637614567752e-05,0.051336552954510138,0.051336552954508938,1.2004286453759505e-15,2.2632720350634905e-18
kepler_0002209,high_e,0.91416804446981337,2.8256548705154514,2.9761806316480888,2.9761806316480888,0,4.4408920985006262e-16
kepler_0002210,ordinary,0.72187344922876318,1.3211984396925249,1.9826958407831996,1.9826958407831998,2.2204460492503131e-16,4.4408920985006262e-16
kepler_0002211,ordinary,0.8366871251100938,2.9867238746179972,3.0572274500263283,3.0572274500263283,0,4.4408920985006262e-16
kepler_0002212,difficult,0.9999999999410818,2.2651778923642129e-05,0.051416633496522188,0.051416633496522542,3.5388358909926865e-16,4.2080596819593641e-18
kepler_0002213,high_e,0.91540448178928768,0.12530856802327769,0.74782643878883881,0.74782643878883881,0,2.7755575615628914e-17
kepler_0002214,ordinary,0.19822648379591609,1.2173446368926777,1.4131118314605626,1.4131118314605624,2.2204460492503131e-16,0
kepler_0002215,ordinary,0.40427121756783152,2.2853765547967035,2.5205991279893243,2.5205991279893243,0,0
kepler_0002216,difficult,0.99999999827472719,0.0049223011292513644,0.30959956303084973,0.30959956303085001,2.7755575615628914e-16,4.0766001685454967e-17
kepler_0002217,high_e,0.90616765075806605,0.1416176700253623,0.7769187349927742,0.77691873499277408,1.1102230246251565e-16,0
kepler_0002218,ordinary,0.22229908810992846,1.3668979722641399,1.5891595807898766,1.5891595807898764,2.2204460492503131e-16,0
kepler_0002219,ordinary,0.6629827282014803,2.8624432053403992,2.9734163468332291,2.9734163468332291,0,0
kepler_0002220,difficult,0.9999999999744803,0.0032099076283133017,0.26837123214662845,0.268371232146628,4.4408920985006262e-16,4.3368086899420177e-19
kepler_0002221,high_e,0.98114898345526391,0.12865160738219789,0.89280234820773396,0.89280234820773396,0,5.5511151231257827e-17
kepler_0002222,ordinary,0.83096546819800032,2.9101446721313313,3.0150318215410685,3.0150318215410685,0,0
kepler_0002223,ordinary,0.53972392172947614,1.7160629675270493,2.1636752002720376,2.1636752002720376,0,2.2204460492503131e-16
kepler_0002224,difficult,0.99999999900523462,0.0066415521403669535,0.3422326884898873,0.34223268848988758,2.7755575615628914e-16,3.7296554733501353e-17
kepler_0002225,high_e,0.92619612849331867,1.8381454275537166,2.4376240111593632,2.4376240111593632,0,2.2204460492503131e-16
kepler_0002226,ordinary,0.29493408449140329,0.033767185304939759,0.047884585080099969,0.047884585080099976,6.9388939039072284e-18,0
kepler_0002227,ordinary,0.13503349203192755,2.4320437806790953,2.5115975233158156,2.5115975233158156,0,0
kepler_0002228,difficult,0.9999999987392385,4.112504685741424e-05,0.062725974890562364,0.062725974890561531,8.3266726846886741e-16,4.4316763800344994e-18
kepler_0002229,high_e,0.90678781856965318,0.62738443189919912,1.5335431019145986,1.5335431019145986,0,0
kepler_0002230,ordinary,0.38615829497577092,2.8125907597600537,2.903620708784314,2.903620708784314,0,0
kepler_0002231,ordinary,0.68044701195827784,2.3694711083647415,2.6753528657540246,2.6753528657540246,0,0
kepler_0002232,difficult,0.99999996543189718,0.0043123983272165527,0.29620439338049959,0.29620439338049992,3.3306690738754696e-16,2.6020852139652106e-17
kepler_0002233,high_e,0.96793079872433752,3.0506893639014536,3.0953922503079396,3.0953922503079396,0,0
kepler_0002234,ordinary,0.10183010038581251,2.5626196725007877,2.6138957018421514,2.6138957018421514,0,0
kepler_0002235,ordinary,0.51949995642009406,2.9120115241670028,2.9903056524231917,2.9903056524231917,0,0
kepler_0002236,difficult,0.99999999997065181,1.1068322894349582e-05,0.040497002493002414,0.040497002493001408,1.0061396160665481e-15,3.4101546456458132e-18
kepler_0002237,high_e,0.98470506932694868,2.9190052851479775,3.029324357484378,3.029324357484378,0,0
kepler_0002238,ordinary,0.42635799111226835,0.63011544480737502,0.98550716023223894,0.98550716023223905,1.1102230246251565e-16,0
kepler_0002239,ordinary,0.77300992752644737,1.1415235832567456,1.8782783299907506,1.8782783299907506,0,0
kepler_0002240,difficult,0.99999999422509833,0.00013012379463866089,0.092093742570421536,0.092093742570422174,6.3837823915946501e-16,4.5807541787512562e-18
kepler_0002241,high_e,0.91683547646462538,2.5989401587752572,2.8566578876969491,2.8566578876969491,0,4.4408920985006262e-16
kepler_0002242,ordinary,0.8224577482227009,1.3519721779246607,2.0729112231452884,2.0729112231452884,0,0
kepler_0002243,ordinary,0.27777273679724962,0.69418970600008256,0.91420771619299923,0.91420771619299923,0,0
kepler_0002244,difficult,0.99999998492131315,4.2414268723875453e-08,0.0063323042841947072,0.0063323042841775534,1.7153813092196657e-14,6.1045929206413442e-20
kepler_0002245,high_e,0.9175877358477641,1.9749039512103814,2.5138333022382846,2.5138333022382846,0,4.4408920985006262e-16
kepler_0002246,ordinary,0.0031221241375346208,2.6064009526057998,2.6079889877051721,2.6079889877051721,0,0
kepler_0002247,ordinary,0.74096873554151543,0.0038064604800696128,0.014693472351976945,0.014693472351976947,1.7347234759768071e-18,8.6736173798840355e-19
kepler_0002248,difficult,0.99999993562389133,5.7249118978401885e-05,0.070037526421302621,0.070037526421303301,6.8001160258290838e-16,3.903127820947816e-18
kepler_0002249,high_e,0.94807338215792025,0.95158498866353181,1.8602251898160176,1.8602251898160176,0,0
kepler_0002250,ordinary,0.89509094769911823,2.9484844290009722,3.0396100154067422,3.0396100154067422,0,4.4408920985006262e-16
kepler_0002251,ordinary,0.89930717227550339,1.6470574986145303,2.3110274194943843,2.3110274194943843,0,0
kepler_0002252,difficult,0.99999999990048039,3.9163237608145751e-08,0.0061707973576915921,0.0061707973576826678,8.9242849221626841e-15,3.9799298864621395e-19
kepler_0002253,high_e,0.94177799472756452,0.65465266564293423,1.5961284981574104,1.5961284981574102,2.2204460492503131e-16,2.2204460492503131e-16
kepler_0002254,ordinary,0.04975267292649882,0.061575177694054989,0.064796732902230994,0.064796732902230994,0,6.9388939039072284e-18
kepler_0002255,ordinary,0.66351234336219611,1.5669780283918193,2.1295729937755072,2.1295729937755072,0,4.4408920985006262e-16
kepler_0002256,difficult,0.99999999497698699,0.00013986984197834613,0.094338516178069293,0.094338516178068724,5.6898930012039273e-16,2.8189256484623115e-18
kepler_0002257,high_e,0.92995813404244498,1.616219111123973,2.3059775986262312,2.3059775986262312,0,2.2204460492503131e-16
kepler_0002258,ordinary,0.48441816707772023,1.0855772429279076,1.5699952545760223,1.5699952545760225,2.2204460492503131e-16,0
kepler_0002259,ordinary,0.58647784692310712,2.6371821306365191,2.8216413436021615,2.8216413436021615,0,0
kepler_0002260,difficult,0.9999999998928929,9.716533514881917e-08,0.0083538506468377877,0.0083538506468326095,5.1781495757907692e-15,5.1594894399627569e-19
kepler_0002261,high_e,0.91602746473553132,1.8894100160183596,2.4638163692077404,2.4638163692077404,0,2.2204460492503131e-16
kepler_0002262,ordinary,0.010221417446091908,0.88990167440185908,0.89789499335840162,0.89789499335840162,0,0
kepler_0002263,ordinary,0.59900092214279987,1.2236145375221503,1.8061080231970079,1.8061080231970079,0,0
kepler_0002264,difficult,0.99999999457636735,0.00013233650816015996,0.092612976591222695,0.092612976591223889,1.1934897514720433e-15,3.550762114890027e-18
kepler_0002265,high_e,0.91963641126252704,0.56632908218727229,1.4823726318206716,1.4823726318206716,0,0
kepler_0002266,ordinary,0.43452470592402259,2.8699259003173339,2.9518709867581157,2.9518709867581157,0,0
kepler_0002267,ordinary,0.16508354588681712,2.3497771652455963,2.4544896892655217,2.4544896892655212,4.4408920985006262e-16,4.4408920985006262e-16
kepler_0002268,difficult,0.9999999870920071,1.3963965489018338e-08,0.0043698600765900673,0.0043698600766066418,1.6574415451220403e-14,1.0659214809480825e-19
kepler_0002269,high_e,0.98237437019829343,1.5925594196799144,2.3151327395713954,2.3151327395713954,0,2.2204460492503131e-16
kepler_0002270,ordinary,0.46577829023664807,2.5970237239482494,2.7673131859419362,2.7673131859419366,4.4408920985006262e-16,4.4408920985006262e-16
kepler_0002271,ordinary,0.84507851751291796,1.1316881547033333,1.9244637797118807,1.9244637797118807,0,0
kepler_0002272,difficult,0.99999999998381572,1.8021310080093291e-07,0.010263917809364066,0.010263917809368058,3.9915987182226331e-15,6.2714848810300431e-19
kepler_0002273,high_e,0.90066200961137644,2.5528452385153524,2.8294430811080677,2.8294430811080677,0,4.4408920985006262e-16
kepler_0002274,ordinary,0.73737490622191637,2.5417624016323099,2.7933730282784675,2.7933730282784675,0,0
kepler_0002275,ordinary,0.86869945394015691,0.62306317421148449,1.4888473242353624,1.4888473242353626,2.2204460492503131e-16,0
kepler_0002276,difficult,0.99999999997429501,6.6223225504882372e-08,0.0073516897587738396,0.0073516897587635414,1.0298185915136315e-14,6.5115657820174339e-21
kepler_0002277,high_e,0.94411577158186921,0.5270636593423258,1.4659998963248788,1.4659998963248788,0,1.1102230246251565e-16
kepler_0002278,ordinary,0.1817874303637588,2.5566177956465466,2.6434714480930999,2.6434714480930994,4.4408920985006262e-16,4.4408920985006262e-16
kepler_0002279,ordinary,0.6060048365237487,0.98478128103909779,1.5906664890694566,1.5906664890694564,2.2204460492503131e-16,1.1102230246251565e-16
kepler_0002280,difficult,0.99999999975369569,0.00024648415251302521,0.11395692791562531,0.11395692791562542,1.1102230246251565e-16,3.9573379295720912e-18
kepler_0002281,high_e,0.92367249986861089,2.8908611319496988,3.0110748518837429,3.0110748518837429,0,4.4408920985006262e-16
kepler_0002282,ordinary,0.14209789193105138,1.9680837644371321,2.091359273693977,2.091359273693977,0,0
kepler_0002283,ordinary,0.055636744925801417,2.1005812797126224,2.1472278461959933,2.1472278461959933,0,0
kepler_0002284,difficult,0.99999999973217635,6.3993273556362738e-05,0.072688670626678983,0.072688670626678414,5.6898930012039273e-16,7.5623101530863934e-18
kepler_0002285,high_e,0.92848780334644132,1.850408030160263,2.4456617186756979,2.4456617186756979,0,4.4408920985006262e-16
kepler_0002286,ordinary,0.059242633658060838,0.070345726281147838,0.074771245437652289,0.074771245437652276,1.3877787807814457e-17,0
kepler_0002287,ordinary,0.23471588756868614,2.7600672143706753,2.8316553160421165,2.8316553160421161,4.4408920985006262e-16,4.4408920985006262e-16
kepler_0002288,difficult,0.99999999685616936,6.276252857371791e-05,0.072219496563171837,0.072219496563171379,4.5796699765787707e-16,2.5343225781848666e-18
kepler_0002289,high_e,0.97281002105889103,2.99193871912665,3.0656984778029179,3.0656984778029179,0,0
kepler_0002290,ordinary,0.78746319762006123,0.25087646827719506,0.83419401460020604,0.83419401460020604,0,5.5511151231257827e-17
kepler_0002291,ordinary,0.57759524318070354,0.19832339094166421,0.44907754352564611,0.44907754352564616,5.5511151231257827e-17,2.7755575615628914e-17
kepler_0002292,difficult,0.99999997147754049,7.4292779490284184e-08,0.007631471378513807,0.0076314713785165965,2.7894353493707058e-15,5.5238459561801146e-19
kepler_0002293,high_e,0.97407740078773153,2.4919539870665361,2.8095128610747873,2.8095128610747873,0,4.4408920985006262e-16
kepler_0002294,ordinary,0.40219322562178611,2.5814296023102612,2.7390079766363313,2.7390079766363313,0,4.4408920985006262e-16
kepler_0002295,ordinary,0.47635844655259563,0.5743802450780896,0.96633082456949526,0.96633082456949526,0,0
kepler_0002296,difficult,0.99999999991085831,2.5081542115232957e-06,0.024689148598221043,0.024689148598225293,4.2500725161431774e-15,4.8746746114484985e-19
kepler_0002297,high_e,0.95355486817371216,2.9009470241280835,3.0182566897678447,3.0182566897678447,0,4.4408920985006262e-16
kepler_0002298,ordinary,0.3368429591801842,3.0963204201023027,3.107725987546738,3.1077259875467376,4.4408920985006262e-16,4.4408920985006262e-16
kepler_0002299,ordinary,0.39032673786064126,2.592945125620445,2.7440585349365749,2.7440585349365749,0,0
kepler_0002300,difficult,0.99999999964871356,2.3748084258071683e-06,0.024243594556077649,0.024243594556081997,4.3472170307978786e-15,1.198551620364835e-18
kepler_0002301,high_e,0.91928388550645757,0.70349122143737464,1.6215895098205211,1.6215895098205211,0,0
kepler_0002302,ordinary,0.31650226586303182,1.5275116275750733,1.8331813171390965,1.8331813171390967,2.2204460492503131e-16,0
kepler_0002303,ordinary,0.7454677004989485,1.3604631775400473,2.029026160319428,2.029026160319428,0,4.4408920985006262e-16
kepler_0002304,difficult,0.99999999995448097,0.00022212408892496681,0.11007026091315468,0.1100702609131541,5.8286708792820718e-16,1.8973538018496328e-18
kepler_0002305,high_e,0.95716025865034171,2.6118184978759746,2.8692674749558154,2.8692674749558154,0,0
kepler_0002306,ordinary,0.095901227510616222,1.6267505667567519,1.721563898622827,1.721563898622827,0,0
kepler_0002307,ordinary,0.6567691411786577,2.6078763794878062,2.8172064670702701,2.8172064670702701,0,0
kepler_0002308,difficult,0.99999999563768072,1.7184294778003355e-07,0.010101625563761372,0.010101625563767489,6.1166349762942218e-15,5.4826854488994759e-19
kepler_0002309,high_e,0.94655433443371717,0.93752955063813403,1.8479592245000007,1.8479592245000007,0,0
kepler_0002310,ordinary,0.74844887596356235,0.063928687605963999,0.24671385878058583,0.24671385878058794,2.1094237467877974e-15,5.6898930012039273e-16
kepler_0002311,ordinary,0.47765144308733204,0.50426450865069095,0.86905659507850808,0.86905659507850808,0,0
kepler_0002312,difficult,0.99999999156474706,2.9251961448747587e-05,0.055991543164396147,0.055991543164394822,1.3253287356462806e-15,3.8963515573697816e-19
kepler_0002313,high_e,0.97904308708561461,3.1389375287675527,3.1402510328673308,3.1402510328673308,0,0
kepler_0002314,ordinary,0.17254351026976542,2.7544898767921984,2.8105685388411965,2.8105685388411965,0,0
kepler_0002315,ordinary,0.86533564416102016,1.0123075599683176,1.8452553781578416,1.8452553781578416,0,2.2204460492503131e-16
kepler_0002316,difficult,0.99999999411243634,2.558818528879038e-05,0.05354873532457332,0.053548735324571564,1.7555401576885288e-15,8.7413800156643795e-19
kepler_0002317,high_e,0.95138737535155649,3.000315333942571,3.0691633889416199,3.0691633889416199,0,0
kepler_0002318,ordinary,0.8301951378357223,0.25139039153091364,0.90351398091556823,0.90351398091556834,1.1102230246251565e-16,5.5511151231257827e-17
kepler_0002319,ordinary,0.06620543175018008,0.69709792950489236,0.74182878769969507,0.74182878769969507,0,0
kepler_0002320,difficult,0.99999999994547961,1.568047126336776e-06,0.021110891484999318,0.021110891485001702,2.3835100559921329e-15,1.1809756867093082e-18
kepler_0002321,high_e,0.93980642177141727,0.59873128627769301,1.5380333532154837,1.5380333532154837,0,1.1102230246251565e-16
kepler_0002322,ordinary,0.25074221765681953,0.0036969026616478647,0.0049340797371456432,0.0049340797371456432,0,0
kepler_0002323,ordinary,0.72169400437881481,0.23515072332137851,0.70017579323794399,0.70017579323794388,1.1102230246251565e-16,2.7755575615628914e-17
kepler_0002324,difficult,0.99999998265083656,0.0014293326523774443,0.20483218708198672,0.20483218708198722,4.9960036108132044e-16,9.1072982488782372e-18
kepler_0002325,high_e,0.93160528736247528,1.4905209213810509,2.2280485589300261,2.2280485589300261,0,2.2204460492503131e-16
kepler_0002326,ordinary,0.53148982925543731,2.581872084407935,2.7732469866935685,2.7732469866935685,0,0
kepler_0002327,ordinary,0.50507561399138279,1.112950071917979,1.6174755193182653,1.6174755193182653,0,0
kepler_0002328,difficult,0.99999999586218558,2.4355527221493085e-06,0.024448257390917709,0.024448257390915763,1.9463597400459776e-15,1.4594377681191595e-18
kepler_0002329,high_e,0.9831649282331012,2.2441638639851318,2.6810851290473621,2.6810851290473616,4.4408920985006262e-16,4.4408920985006262e-16
kepler_0002330,ordinary,0.86589471895414782,2.6788928440801563,2.8924224080112588,2.8924224080112588,0,4.4408920985006262e-16
kepler_0002331,ordinary,0.57049282199430029,0.84279529375385942,1.4055133457561202,1.4055133457561202,0,0
kepler_0002332,difficult,0.99999999858030852,5.333283780384765e-06,0.03174836663875262,0.03174836663875414,1.519617764955683e-15,4.3029273720518457e-19
kepler_0002333,high_e,0.96521399451853318,2.1198741327257768,2.6095347568623875,2.609534756862387,4.4408920985006262e-16,4.4408920985006262e-16
kepler_0002334,ordinary,0.49153377479421723,3.1244695097902904,3.1301123451699007,3.1301123451699011,4.4408920985006262e-16,0
kepler_0002335,ordinary,0.50159334577654979,2.0348683754533896,2.3807375530940473,2.3807375530940473,0,4.4408920985006262e-16
kepler_0002336,difficult,0.99999999998085498,0.0017123253115273417,0.21756472348695172,0.2175647234869513,4.163336342344337e-16,4.5536491244391186e-18
kepler_0002337,high_e,0.95766704481783171,0.59359561594879151,1.5510764613273385,1.5510764613273385,0,0
kepler_0002338,ordinary,0.70924596332226353,0.069534903824464256,0.23396135534576912,0.23396135534577001,8.8817841970012523e-16,2.7755575615628914e-16
kepler_0002339,ordinary,0.2671005965976852,2.486745401096266,2.6198630882752676,2.619863088275268,4.4408920985006262e-16,4.4408920985006262e-16
kepler_0002340,difficult,0.99999999936141493,0.002158544631644914,0.23505565210395907,0.23505565210395946,3.8857805861880479e-16,1.3010426069826053e-18
kepler_0002341,high_e,0.90405970554826964,0.42678358606795386,1.2972227113726937,1.2972227113726937,0,0
kepler_0002342,ordinary,0.20091077237858776,2.8056769350583699,2.8612633440426309,2.8612633440426309,0,0
kepler_0002343,ordinary,0.083622981464457971,2.1424968444285866,2.2096287455385024,2.2096287455385029,4.4408920985006262e-16,4.4408920985006262e-16
kepler_0002344,difficult,0.99999999996528577,2.499510489184018e-07,0.01144641417322069,0.011446414173217749,2.940356291780688e-15,8.1235753597607742e-19
kepler_0002345,high_e,0.94821891997711261,0.49742267046097438,1.4371911560920236,1.4371911560920236,0,5.5511151231257827e-17
kepler_0002346,ordinary,0.1259273349702166,1.4953150989716977,1.6210832465875862,1.6210832465875862,0,0
kepler_0002347,ordinary,0.12508449597659391,1.6402034851360776,1.7629849922287719,1.7629849922287719,0,0
kepler_0002348,difficult,0.99999999901040759,0.00026766097143419586,0.11713266242816345,0.11713266242816271,7.3552275381416621e-16,9.8662397696180903e-18
kepler_0002349,high_e,0.93751145382119283,1.5844939621326446,2.289884082622752,2.289884082622752,0,2.2204460492503131e-16
kepler_0002350,ordinary,0.74221388609448602,1.8171026190234398,2.3468225790661945,2.3468225790661945,0,4.4408920985006262e-16
kepler_0002351,ordinary,0.11853090706764553,0.60579214796965186,0.68035639871675002,0.68035639871674991,1.1102230246251565e-16,0
kepler_0002352,difficult,0.99999999286339913,7.5603175571421701e-05,0.076843202274956099,0.076843202274955308,7.9103390504542404e-16,4.2283884726934673e-18
kepler_0002353,high_e,0.95824618983883791,0.50060110640391209,1.4521055719843459,1.4521055719843459,0,1.1102230246251565e-16
kepler_0002354,ordinary,0.40296725079594514,1.7102655617235738,2.0650138150511124,2.0650138150511124,0,0
kepler_0002355,ordinary,0.22441004627536668,1.0686821346973037,1.2839211591509618,1.2839211591509621,2.2204460492503131e-16,0
kepler_0002356,difficult,0.99999995352263849,0.00055641915777546614,0.14951259585978222,0.14951259585978291,6.9388939039072284e-16,2.3418766925686896e-17
kepler_0002357,high_e,0.97012269476215363,0.11052505995172324,0.8194858342032395,0.81948583420323928,2.2204460492503131e-16,0
kepler_0002358,ordinary,0.69857672596985876,2.965388819380498,3.0377798421147415,3.0377798421147415,0,4.4408920985006262e-16
kepler_0002359,ordinary,0.0054738651452705071,0.22760948001232281,0.22885127502952093,0.22885127502952093,0,0
kepler_0002360,difficult,0.99999999938125628,1.9719590847914413e-05,0.049094586518198396,0.049094586518198827,4.3021142204224816e-16,7.7588217968493911e-19
kepler_0002361,high_e,0.9142425528426783,0.78679707997260639,1.6940986114386871,1.6940986114386871,0,1.1102230246251565e-16
kepler_0002362,ordinary,0.37680900327993777,1.0162642802988844,1.3867064380632277,1.3867064380632277,0,0
kepler_0002363,ordinary,0.67596460230039257,2.179687721390664,2.5542654588411349,2.5542654588411353,4.4408920985006262e-16,4.4408920985006262e-16
kepler_0002364,difficult,0.99999999990578703,1.6439501736844983e-05,0.046205681701246795,0.04620568170124896,2.1649348980190553e-15,5.3701888855922641e-18
kepler_0002365,high_e,0.94509113088003183,3.0197709401685575,3.078942406643784,3.078942406643784,0,0
kepler_0002366,ordinary,0.34943623037006527,1.036244197967102,1.3792924189720992,1.3792924189720992,0,0
kepler_0002367,ordinary,0.82108891335789247,1.1835604565330928,1.9471746906830831,1.9471746906830831,0,0
kepler_0002368,difficult,0.9999999965437173,1.644427040298119e-07,0.0099546435194472014,0.0099546435194503863,3.1849523018934178e-15,2.8695888066199594e-19
kepler_0002369,high_e,0.91961476669732323,1.9196436993492159,2.4826827400174309,2.4826827400174309,0,2.2204460492503131e-16
kepler_0002370,ordinary,0.4873388188742459,3.0488774887866277,3.0792431426569289,3.0792431426569289,0,0
kepler_0002371,ordinary,0.11678910903835348,0.63623002089215785,0.71258587862645939,0.7125858786264595,1.1102230246251565e-16,1.1102230246251565e-16
kepler_0002372,difficult,0.99999999981202947,4.9856172726989514e-06,0.031042989267295578,0.031042989267295325,2.5326962749261384e-16,1.6999951251393808e-18
kepler_0002373,high_e,0.98730425247910791,2.6872406907376658,2.9119654665792836,2.9119654665792836,0,4.4408920985006262e-16
kepler_0002374,ordinary,0.53860001227275622,2.4808014862166283,2.7073857043473475,2.7073857043473475,0,0
kepler_0002375,ordinary,0.7078368674819846,2.9707615845426925,3.0414956657302548,3.0414956657302552,4.4408920985006262e-16,4.4408920985006262e-16
kepler_0002376,difficult,0.99999999628965086,0.00027412986382331509,0.11806917842732489,0.11806917842732509,1.9428902930940239e-16,1.3010426069826053e-18
kepler_0002377,high_e,0.95819937642527775,2.3108436340162637,2.7108958100381986,2.7108958100381986,0,4.4408920985006262e-16
kepler_0002378,ordinary,0.39553362571903561,0.42668376784429551,0.67333815836079092,0.67333815836079092,0,0
kepler_0002379,ordinary,0.61988736533468647,1.2732489566903034,1.8662726099776439,1.8662726099776441,2.2204460492503131e-16,2.2204460492503131e-16
kepler_0002380,difficult,0.99999999756579772,0.0027877523572518844,0.25602139739425717,0.25602139739425739,2.2204460492503131e-16,1.3010426069826053e-17
kepler_0002381,high_e,0.93933591148757023,2.0876411329484355,2.5843817467545938,2.5843817467545933,4.4408920985006262e-16,4.4408920985006262e-16
kepler_0002382,ordinary,0.26790807064583194,0.13643183650222571,0.18596729966864403,0.18596729966864403,0,0
kepler_0002383,ordinary,0.10050769840283094,1.6788499062208844,1.7772237666145663,1.7772237666145663,0,0
kepler_0002384,difficult,0.9999999217578166,0.005810114863763205,0.3272552694642874,0.32725526946428762,2.2204460492503131e-16,0
kepler_0002385,high_e,0.9525852454986441,0.16220970535994117,0.92020821116833851,0.92020821116833829,2.2204460492503131e-16,1.1102230246251565e-16
kepler_0002386,ordinary,0.8416994647510041,2.6293994429204415,2.8618221743632994,2.8618221743632994,0,4.4408920985006262e-16
kepler_0002387,ordinary,0.77508747863655791,0.45793764562245731,1.172290762079411,1.172290762079411,0,0
kepler_0002388,difficult,0.99999999833829611,0.0046980169157610305,0.304809029981021,0.30480902998102072,2.7755575615628914e-16,1.9081958235744878e-17
kepler_0002389,high_e,0.97702701095670497,2.7634401952921315,2.9497387942727396,2.9497387942727396,0,0
kepler_0002390,ordinary,0.53448149020290858,3.1369103980041668,3.1385412918455513,3.1385412918455513,0,0
kepler_0002391,ordinary,0.33762106888773791,1.5415581182269962,1.8647019141845866,1.8647019141845866,0,2.2204460492503131e-16
kepler_0002392,difficult,0.99999999585289145,2.6186888844590643e-06,0.02504631572349271,0.025046315723492509,2.0122792321330962e-16,1.9947625907838773e-19
kepler_0002393,high_e,0.90525611932497341,2.4781973698582234,2.7899792761851954,2.7899792761851954,0,0
kepler_0002394,ordinary,0.26106388426389754,0.13793427647433257,0.18628604383335207,0.18628604383335204,2.7755575615628914e-17,2.7755575615628914e-17
kepler_0002395,ordinary,0.40643344868124381,1.3457755484104401,1.7459877953304426,1.7459877953304426,0,0
kepler_0002396,difficult,0.99999999996511901,1.0548851839748799e-06,0.018497847832204747,0.018497847832200175,4.5727310826748635e-15,1.8295911660692887e-19
kepler_0002397,high_e,0.94939487311121173,1.0548360010954945,1.940190597230995,1.940190597230995,0,0
kepler_0002398,ordinary,0.73717807653043887,2.7307730158784542,2.9041618988438529,2.9041618988438529,0,4.4408920985006262e-16
kepler_0002399,ordinary,0.55251202688627399,1.2853671651795946,1.8207141609213575,1.8207141609213577,2.2204460492503131e-16,0
kepler_0002400,difficult,0.99999999966058484,5.4989348163033895e-06,0.032073801246474902,0.032073801246473563,1.3392065234540951e-15,3.0179783910670721e-18
kepler_0002401,high_e,0.98777743335239199,1.198349054758663,2.0669978674950489,2.0669978674950489,0,2.2204460492503131e-16
kepler_0002402,ordinary,0.18214027455846526,0.48878420191812749,0.59014134219840286,0.59014134219840286,0,0
kepler_0002403,ordinary,0.15973087142434145,0.2428553555392518,0.28826514638588085,0.28826514638588085,0,0
kepler_0002404,difficult,0.99999999997187794,1.1279780086869096e-07,0.0087797914910991166,0.0087797914911023206,3.2040342601291627e-15,1.0868491504456741e-19
kepler_0002405,high_e,0.91632502941119576,2.7495635708927462,2.9363315206356249,2.9363315206356244,4.4408920985006262e-16,4.4408920985006262e-16
kepler_0002406,ordinary,0.51286571642082224,0.98338185782837062,1.4947659476440698,1.4947659476440696,2.2204460492503131e-16,1.1102230246251565e-16
kepler_0002407,ordinary,0.78097757470054052,0.27539446355646113,0.87465696778978075,0.87465696778978086,1.1102230246251565e-16,0
kepler_0002408,difficult,0.99999999978773324,0.0003830769430729376,0.13200950944078491,0.13200950944078416,7.4940054162198066e-16,2.5424540944785079e-17
kepler_0002409,high_e,0.90586793831620438,2.7346564452243411,2.9272973382325747,2.9272973382325747,0,0
kepler_0002410,ordinary,0.55915812769141593,1.4297963683202695,1.9493634062926348,1.949363406292635,2.2204460492503131e-16,2.2204460492503131e-16
kepler_0002411,ordinary,0.58967350290855391,2.34010380132997,2.6291996730478346,2.6291996730478346,0,0
kepler_0002412,difficult,0.99999999994892319,0.0042330771271382713,0.2943719581199164,0.29437195811991601,3.8857805861880479e-16,2.6020852139652106e-18
kepler_0002413,high_e,0.91835020042296611,1.905769150072359,2.4741843095821126,2.4741843095821126,0,2.2204460492503131e-16
kepler_0002414,ordinary,0.071801371484238333,1.1570830690832532,1.2246250897793969,1.2246250897793971,2.2204460492503131e-16,0
kepler_0002415,ordinary,0.73199331141898238,1.6042257805731555,2.1972305079902776,2.1972305079902776,0,0
kepler_0002416,difficult,0.9999999999585375,0.0041512578098544251,0.29245753250931483,0.29245753250931517,3.3306690738754696e-16,0
kepler_0002417,high_e,0.95811973576018405,2.1410117665351511,2.6191292467630407,2.6191292467630412,4.4408920985006262e-16,4.4408920985006262e-16
kepler_0002418,ordinary,0.77176105010343188,2.0054980923812962,2.4797813475989772,2.4797813475989772,0,0
kepler_0002419,ordinary,0.61398584322019156,0.62264934216000378,1.1934352934138264,1.1934352934138264,0,0
kepler_0002420,difficult,0.9999999556640039,3.133627554369711e-07,0.01233524498559941,0.01233524498559946,5.0306980803327406e-17,1.613174248045815e-18
kepler_0002421,high_e,0.96495097516592321,2.4030122358634887,2.7612443780494771,2.7612443780494771,0,0
kepler_0002422,ordinary,0.11676628432806796,3.0959061754067325,3.1006818459722507,3.1006818459722507,0,0
kepler_0002423,ordinary,0.44827719722131587,2.2391041725205412,2.5054311336959891,2.5054311336959896,4.4408920985006262e-16,4.4408920985006262e-16
kepler_0002424,difficult,0.99999999492962977,2.1174008338875858e-07,0.010829658114186272,0.0108296581141892,2.9282132274488504e-15,1.2731963988416202e-19
kepler_0002425,high_e,0.93553324046051523,0.89382343067074599,1.8040269310380679,1.8040269310380679,0,1.1102230246251565e-16
kepler_0002426,ordinary,0.25390615101274117,1.1778427511883072,1.4292080939291811,1.4292080939291814,2.2204460492503131e-16,0
kepler_0002427,ordinary,0.1885423889752289,1.3294793812605352,1.5177566277667374,1.5177566277667374,0,0
kepler_0002428,difficult,0.9999999999708995,0.0076748615526376785,0.35920414761479558,0.35920414761479563,5.5511151231257827e-17,4.3368086899420177e-17
kepler_0002429,high_e,0.95851185812926154,1.0847474416999405,1.9684636307497909,1.9684636307497909,0,0
kepler_0002430,ordinary,0.67667374705528871,0.35909019975133027,0.88110510527820385,0.88110510527820374,1.1102230246251565e-16,1.1102230246251565e-16
kepler_0002431,ordinary,0.82254086723959219,0.55078782697516415,1.3540902790341036,1.3540902790341036,0,0
kepler_0002432,difficult,0.99999999224017333,0.00021884629931497607,0.10952579693196793,0.10952579693196832,3.8857805861880479e-16,5.7191664598610359e-18
kepler_0002433,high_e,0.90710421109519324,0.81064444059706731,1.7090884178675529,1.7090884178675529,0,0
kepler_0002434,ordinary,0.60296203654076008,0.32620557311312898,0.7269142865281667,0.7269142865281667,0,0
kepler_0002435,ordinary,0.088753837448465586,0.3501728465485216,0.38337113124105476,0.38337113124105482,5.5511151231257827e-17,5.5511151231257827e-17
kepler_0002436,difficult,0.99999997426275478,0.0010027816482499825,0.18198052816366858,0.18198052816366836,2.2204460492503131e-16,7.1557343384043293e-18
kepler_0002437,high_e,0.97369446661733616,2.9064272632787089,3.0223033362684846,3.0223033362684846,0,4.4408920985006262e-16
kepler_0002438,ordinary,0.59363360185256508,0.96238544960644168,1.5559536625283801,1.5559536625283801,0,0
kepler_0002439,ordinary,0.7327224364442112,1.6261802994159873,2.2129500653561101,2.2129500653561105,4.4408920985006262e-16,4.4408920985006262e-16
kepler_0002440,difficult,0.99999996504899125,0.0009263748263105059,0.17723074747454479,0.17723074747454531,5.2735593669694936e-16,2.1684043449710089e-17
kepler_0002441,high_e,0.92559034426539677,1.9953300978211161,2.5281666992539726,2.5281666992539726,0,0
kepler_0002442,ordinary,0.0029838462253962139,0.18437593729740756,0.18492458427650452,0.18492458427650452,0,0
kepler_0002443,ordinary,0.19699175232098329,1.420066130617661,1.6168490247790199,1.6168490247790201,2.2204460492503131e-16,0
kepler_0002444,difficult,0.9999999999769088,0.00060934083280660416,0.15411412021439211,0.15411412021439239,2.7755575615628914e-16,1.1058862159352145e-17
kepler_0002445,high_e,0.96814712523141244,1.9909071578834268,2.5393526438356822,2.5393526438356822,0,4.4408920985006262e-16
kepler_0002446,ordinary,0.59137268838207568,1.5858864370780621,2.0971990940385563,2.0971990940385563,0,2.2204460492503131e-16
kepler_0002447,ordinary,0.80941149252324252,3.0761327999347463,3.1054116948185801,3.1054116948185801,0,0
kepler_0002448,difficult,0.99999999986708754,1.9783890676803096e-08,0.0049145419483639964,0.0049145419483742339,1.0237470593477127e-14,6.6958616224942484e-20
kepler_0002449,high_e,0.93789659095767952,0.65188884232093625,1.5896192879891591,1.5896192879891591,0,0
kepler_0002450,ordinary,0.36751862484391701,0.26427364959410415,0.4111613443225941,0.4111613443225941,0,0
kepler_0002451,ordinary,0.20105040505658944,2.5898364403376779,2.6794738860502663,2.6794738860502663,0,0
kepler_0002452,difficult,0.99999994720009,1.1722923691008157e-05,0.041277604636445163,0.041277604636446093,9.298117831235686e-16,3.7964016695937741e-18
kepler_0002453,high_e,0.91702341844815927,0.076743365761013094,0.57695991930978729,0.57695991930978741,1.1102230246251565e-16,5.5511151231257827e-17
kepler_0002454,ordinary,0.098006825392268404,0.14255833975023807,0.1579768275059576,0.1579768275059576,0,0
kepler_0002455,ordinary,0.18584463102366391,1.0409710746768759,1.215188333164158,1.215188333164158,0,0
kepler_0002456,difficult,0.99999999918089977,1.6859243123344462e-06,0.021627100872596391,0.021627100872598708,2.3175905639050143e-15,1.8270500672275258e-18
kepler_0002457,high_e,0.92471971143878218,1.3848603541150808,2.1558056121756008,2.1558056121756008,0,2.2204460492503131e-16
kepler_0002458,ordinary,0.87524087290298935,1.6131559270874094,2.2783174337520382,2.2783174337520382,0,2.2204460492503131e-16
kepler_0002459,ordinary,0.32539921211003303,1.0847304041854147,1.4057052929577833,1.4057052929577831,2.2204460492503131e-16,2.2204460492503131e-16
kepler_0002460,difficult,0.99999998827791103,6.3268055427529521e-07,0.015598104747805474,0.015598104747804072,1.4016565685892601e-15,4.9202026323634171e-19
kepler_0002461,high_e,0.95785706770758805,1.2183255659229693,2.0626412262559057,2.0626412262559057,0,0
kepler_0002462,ordinary,0.83599348518358829,1.8530188400205645,2.41093012031717,2.41093012031717,0,0
kepler_0002463,ordinary,0.70252223016647142,2.6507772020065614,2.8516358903013623,2.8516358903013623,0,0
kepler_0002464,difficult,0.999999993571551,4.6867154044631235e-05,0.065519370563511314,0.065519370563511453,1.3877787807814457e-16,9.6900569165891959e-19
kepler_0002465,high_e,0.90632262411609832,1.3152029531558513,2.0983177454778805,2.0983177454778805,0,0
kepler_0002466,ordinary,0.061546221479775245,2.8449300467978764,2.8619193669665508,2.8619193669665504,4.4408920985006262e-16,4.4408920985006262e-16
kepler_0002467,ordinary,0.66139842171140784,0.90278205102584086,1.5641659345583316,1.5641659345583316,0,0
kepler_0002468,difficult,0.99999997082357439,1.6963242924707885e-06,0.021668864287561217,0.021668864287562734,1.5161483180037294e-15,4.9149086764430777e-19
kepler_0002469,high_e,0.94537923149190739,0.59432624747905716,1.5392346533878654,1.5392346533878654,0,0
kepler_0002470,ordinary,0.31996431239983886,0.90169477386392405,1.1999027414135128,1.1999027414135128,0,0
kepler_0002471,ordinary,0.38050611692118952,1.6133147278118207,1.9646833177464607,1.9646833177464607,0,0
kepler_0002472,difficult,0.99999999710517662,0.00086278869090373935,0.1730753868551318,0.17307538685513194,1.3877787807814457e-16,1.3010426069826053e-17
kepler_0002473,high_e,0.95593742231494572,0.88030345867995863,1.8092027141021687,1.8092027141021687,0,1.1102230246251565e-16
kepler_0002474,ordinary,0.21394108851548085,1.2773292109498802,1.4905823904730007,1.4905823904730005,2.2204460492503131e-16,0
kepler_0002475,ordinary,0.0050782765028162371,0.29482383446460853,0.29630663938949148,0.29630663938949142,5.5511151231257827e-17,5.5511151231257827e-17
kepler_0002476,difficult,0.99999998522499822,1.370253468943595e-08,0.0043414844430873156,0.0043414844430866226,6.9302202865273443e-16,6.2458753692654014e-20
kepler_0002477,high_e,0.90646068718617956,1.3500292287469555,2.122161608569948,2.122161608569948,0,2.2204460492503131e-16
kepler_0002478,ordinary,0.27248640482164194,0.54206986770735488,0.72219179956789681,0.72219179956789681,0,0
kepler_0002479,ordinary,0.12392242987005235,2.1135887832004285,2.2128353334424213,2.2128353334424213,0,0
kepler_0002480,difficult,0.99999999118964378,4.3060015295567601e-07,0.013720476525258556,0.013720476525262938,4.3819115003174147e-15,3.5003636545283962e-19
kepler_0002481,high_e,0.97969215481589522,1.7508336385633327,2.4072932693274787,2.4072932693274787,0,2.2204460492503131e-16
kepler_0002482,ordinary,0.37831192744976727,2.7897454162204705,2.8855532973733276,2.8855532973733276,0,0
kepler_0002483,ordinary,0.50901255045210969,2.0993298585416476,2.4312526545801711,2.4312526545801711,0,0
kepler_0002484,difficult,0.99999999997010747,4.1623455298766311e-06,0.029230480025990987,0.029230480025993617,2.6298407895808396e-15,9.1140745124562716e-19
kepler_0002485,high_e,0.9480222620211296,1.3642391498539026,2.1550219267144795,2.1550219267144795,0,4.4408920985006262e-16
kepler_0002486,ordinary,0.76924004321294404,1.3211723774537742,2.0155711792036484,2.0155711792036484,0,0
kepler_0002487,ordinary,0.30940564362797274,2.6219645710875961,2.7422620199444383,2.7422620199444383,0,4.4408920985006262e-16
kepler_0002488,difficult,0.99999999869302647,0.00061964723070904006,0.15497883679254124,0.15497883679254096,2.7755575615628914e-16,3.903127820947816e-18
kepler_0002489,high_e,0.96102388344663103,2.2027469707467775,2.6534521562469613,2.6534521562469613,0,0
kepler_0002490,ordinary,0.2711279406470164,2.5322522047278189,2.65825533232027,2.6582553323202704,4.4408920985006262e-16,4.4408920985006262e-16
kepler_0002491,ordinary,0.053786947483954343,0.67465350452589101,0.70970147494592528,0.70970147494592517,1.1102230246251565e-16,0
kepler_0002492,difficult,0.99999999982447274,0.00011295586992643446,0.087850154171225631,0.08785015417122459,1.0408340855860843e-15,9.4867690092481638e-20
kepler_0002493,high_e,0.93707169435026594,0.21287569612578014,1.0028179271781599,1.0028179271781599,0,2.7755575615628914e-17
kepler_0002494,ordinary,0.89091587009241535,1.6206183122655784,2.2905554517224744,2.2905554517224744,0,2.2204460492503131e-16
kepler_0002495,ordinary,0.41557917531112037,2.5938512670491245,2.7517782963083626,2.7517782963083626,0,0
kepler_0002496,difficult,0.9999999472661707,5.7809336046962755e-08,0.0070111288247505848,0.007011128824765127,1.4542186899113574e-14,5.0925870720194681e-19
kepler_0002497,high_e,0.94332640070283291,1.81243309426667,2.4291037276833114,2.4291037276833114,0,2.2204460492503131e-16
kepler_0002498,ordinary,0.1108970574998203,2.1965250344110556,2.2806366745967788,2.2806366745967783,4.4408920985006262e-16,4.4408920985006262e-16
kepler_0002499,ordinary,0.65656743868836753,3.0518958374022769,3.087435972176015,3.087435972176015,0,4.4408920985006262e-16
kepler_0002500,difficult,0.99999994691138816,0.00046463222901643996,0.14078660764406373,0.14078660764406431,5.8286708792820718e-16,2.6562953225894859e-18
kepler_0002501,high_e,0.97402175868298091,0.10873032960761417,0.82262241823019477,0.82262241823019466,1.1102230246251565e-16,2.7755575615628914e-17
kepler_0002502,ordinary,0.74535085101559728,1.2276882310857564,1.9264058074119401,1.9264058074119401,0,2.2204460492503131e-16
kepler_0002503,ordinary,0.74376719824541027,0.29211711352931541,0.85175589811666697,0.85175589811666697,0,5.5511151231257827e-17
kepler_0002504,difficult,0.99999999946530271,1.1455205882945687e-07,0.0088249580634740653,0.0088249580634739075,1.5785983631388945e-16,4.6016388348569951e-19
kepler_0002505,high_e,0.9134152958868077,2.9800397728845316,3.0571130146870535,3.0571130146870535,0,0
kepler_0002506,ordinary,0.79820991670793151,1.6745008349701977,2.2801624759332495,2.2801624759332491,4.4408920985006262e-16,2.2204460492503131e-16
kepler_0002507,ordinary,0.89733433891552172,2.2160302237781999,2.6441891068097356,2.6441891068097356,0,0
kepler_0002508,difficult,0.9999999998693978,0.00025198818008335835,0.11479928722119047,0.11479928722119125,7.7715611723760958e-16,1.1926223897340549e-18
kepler_0002509,high_e,0.96378153611163986,1.440548655448108,2.2125710499934654,2.2125710499934654,0,2.2204460492503131e-16
kepler_0002510,ordinary,0.35062985227618981,0.69147451909719615,0.98331814858050026,0.98331814858050026,0,1.1102230246251565e-16
kepler_0002511,ordinary,0.23627553361841278,0.56424673813840964,0.72005253514431433,0.72005253514431422,1.1102230246251565e-16,1.1102230246251565e-16
kepler_0002512,difficult,0.99999999453954391,0.00022148392081059441,0.10996427617451816,0.10996427617451829,1.2490009027033011e-16,5.4210108624275222e-18
kepler_0002513,high_e,0.92685308845831749,0.45951256212536434,1.3672273267789705,1.3672273267789705,0,5.5511151231257827e-17
kepler_0002514,ordinary,0.11913290347109792,2.0880441820094915,2.1853775501866388,2.1853775501866393,4.4408920985006262e-16,4.4408920985006262e-16
kepler_0002515,ordinary,0.12329865246118109,0.34336810700807968,0.39027633809105866,0.39027633809105861,5.5511151231257827e-17,5.5511151231257827e-17
kepler_0002516,difficult,0.99999999989621136,2.3922468975072362e-07,0.011280264835364236,0.011280264835361646,2.589942149633373e-15,4.4273353361798211e-19
kepler_0002517,high_e,0.95091674609427035,1.0219179906944402,1.9165573848713116,1.9165573848713118,2.2204460492503131e-16,2.2204460492503131e-16
kepler_0002518,ordinary,0.17403118844670457,0.62349305914161679,0.74096402429785813,0.74096402429785824,1.1102230246251565e-16,0
kepler_0002519,ordinary,0.61076584823041125,2.6527957582149759,2.8363474301464602,2.8363474301464602,0,0
kepler_0002520,difficult,0.9999999998713115,1.0089319549165613e-05,0.039265891608720301,0.039265891608718226,2.0747292772682613e-15,4.0826988057657276e-18
kepler_0002521,high_e,0.97874519798379644,0.70558114736083499,1.6786402984206348,1.6786402984206348,0,0
kepler_0002522,ordinary,0.51623713462569409,2.9533039051739176,3.0173021866883345,3.0173021866883345,0,0
kepler_0002523,ordinary,0.32089307738722045,1.1692315457609079,1.4890531240485818,1.4890531240485818,0,0
kepler_0002524,difficult,0.99999999996308608,2.7963120546245325e-07,0.01188264411040999,0.011882644110419152,9.1628094001094951e-15,1.0425916789516369e-18
kepler_0002525,high_e,0.92570375294199403,1.2515777132656281,2.0660544962269261,2.0660544962269261,0,0
kepler_0002526,ordinary,0.693483076885132,1.5257904140783554,2.1180095734824498,2.1180095734824493,4.4408920985006262e-16,4.4408920985006262e-16
kepler_0002527,ordinary,0.22311178363495554,0.76272168648461369,0.9433352992360311,0.9433352992360311,0,0
kepler_0002528,difficult,0.9999999999648731,0.00012570154419479571,0.091038258551014592,0.09103825855101437,2.2204460492503131e-16,3.415236843329339e-18
kepler_0002529,high_e,0.97617201015560084,0.8340622123293332,1.7874198459519888,1.7874198459519888,0,0
kepler_0002530,ordinary,0.021406624969759293,1.9474805755003131,1.9672270113997248,1.9672270113997248,0,0
kepler_0002531,ordinary,0.53718750456946052,1.266191349653597,1.7904695457945625,1.7904695457945625,0,0
kepler_0002532,difficult,0.99999997846469468,0.0049925497587900028,0.31107003553192414,0.31107003553192414,0,1.474514954580286e-17
kepler_0002533,high_e,0.96091776365090442,3.0489746351996687,3.0943520693931577,3.0943520693931577,0,0
kepler_0002534,ordinary,0.79961980013386669,1.2275050704528134,1.9656090201323599,1.9656090201323599,0,2.2204460492503131e-16
kepler_0002535,ordinary,0.12518583218174809,2.3047949971247461,2.3902494674605053,2.3902494674605053,0,0
kepler_0002536,difficult,0.99999999209236168,7.0124339420042496e-07,0.016142924301711308,0.01614292430170804,3.2682190287403046e-15,1.0115690972584482e-18
kepler_0002537,high_e,0.9627053507957789,1.716336628992909,2.3803980886648093,2.3803980886648093,0,2.2204460492503131e-16
kepler_0002538,ordinary,0.00099927783911216714,1.18756092916278,1.1884880651184264,1.1884880651184266,2.2204460492503131e-16,0
kepler_0002539,ordinary,0.34151017045332543,1.7078528795203984,2.01606421024684,2.01606421024684,0,0
kepler_0002540,difficult,0.99999996155697946,0.00014115359118236745,0.094625636572198982,0.094625636572199703,7.2164496600635175e-16,9.405453846311751e-18
kepler_0002541,high_e,0.94838578292847575,2.9023251404825507,3.0186390284559792,3.0186390284559792,0,4.4408920985006262e-16
kepler_0002542,ordinary,0.65140022606565173,2.1566536458121313,2.530436618386104,2.530436618386104,0,0
kepler_0002543,ordinary,0.43910743529885793,0.55078323163848908,0.89276375475694236,0.89276375475694225,1.1102230246251565e-16,0
kepler_0002544,difficult,0.99999999470500656,0.0067044467694296435,0.34331381313442383,0.34331381313442377,5.5511151231257827e-17,3.7296554733501353e-17
kepler_0002545,high_e,0.90629202876723014,1.8760499220276514,2.4523846973263104,2.4523846973263104,0,0
kepler_0002546,ordinary,0.42245199869205413,1.5467939130628772,1.940675863401417,1.940675863401417,0,2.2204460492503131e-16
kepler_0002547,ordinary,0.60835664228527986,0.59094079365401175,1.1449697259219667,1.1449697259219667,0,0
kepler_0002548,difficult,0.99999999609244594,1.8615471287973332e-05,0.04816043723239858,0.048160437232399898,1.3183898417423734e-15,1.9651164376299768e-19
kepler_0002549,high_e,0.97455087843214372,3.0679602061609046,3.1042976548489754,3.1042976548489758,4.4408920985006262e-16,4.4408920985006262e-16
kepler_0002550,ordinary,0.5603765593245561,2.1853976523975769,2.5143092665986613,2.5143092665986613,0,0
kepler_0002551,ordinary,0.081453188113412595,3.119658820017055,3.1213107337864785,3.1213107337864789,4.4408920985006262e-16,0
kepler_0002552,difficult,0.99999999984424093,0.0016072039142094037,0.21301123898112712,0.21301123898112745,3.3306690738754696e-16,4.3368086899420177e-19
kepler_0002553,high_e,0.94950780155712167,2.8840608546849378,3.009303957676515,3.009303957676515,0,0
kepler_0002554,ordinary,0.30889716677215484,0.34408594159654438,0.48925892511139096,0.48925892511139096,0,0
kepler_0002555,ordinary,0.64172916287128223,2.5503917537122183,2.7783829549732357,2.7783829549732357,0,4.4408920985006262e-16
kepler_0002556,difficult,0.99999999523471883,3.0069027104198493e-05,0.05650827192511465,0.056508271925114893,2.4286128663675299e-16,2.9578390518120168e-18
kepler_0002557,high_e,0.98400205820611297,0.34636336077055668,1.2925079555913035,1.2925079555913033,2.2204460492503131e-16,5.5511151231257827e-17
kepler_0002558,ordinary,0.84629619231537889,1.7791345608427134,2.3695257074996174,2.3695257074996174,0,2.2204460492503131e-16
kepler_0002559,ordinary,0.71859524981137879,0.32141641773254565,0.87122830596617706,0.87122830596617717,1.1102230246251565e-16,5.5511151231257827e-17
kepler_0002560,difficult,0.99999998854123906,5.554068835512959e-05,0.069335166693471811,0.069335166693471451,3.6082248300317588e-16,6.7762635780344027e-21
kepler_0002561,high_e,0.94577768351537395,0.61013301859146529,1.555804418876819,1.555804418876819,0,0
kepler_0002562,ordinary,0.058999433689445178,0.62294052350772788,0.65907074312635838,0.65907074312635827,1.1102230246251565e-16,1.1102230246251565e-16
kepler_0002563,ordinary,0.028070780878550562,0.55551466195783439,0.5706785884204898,0.5706785884204898,0,0
kepler_0002564,difficult,0.99999999965541375,0.00030814077452181874,0.12276537050040089,0.12276537050040046,4.3021142204224816e-16,1.3552527156068805e-18
kepler_0002565,high_e,0.98870293072114168,1.7859579205705469,2.4309269090975532,2.4309269090975532,0,2.2204460492503131e-16
kepler_0002566,ordinary,0.29511820977264397,1.4245326983355058,1.7165228520274709,1.7165228520274709,0,2.2204460492503131e-16
kepler_0002567,ordinary,0.68184934288378474,2.1522851118471085,2.5388360421560874,2.5388360421560878,4.4408920985006262e-16,0
kepler_0002568,difficult,0.99999998350022845,2.995297793905454e-08,0.0056374200851021725,0.0056374200850949196,7.2528788530590305e-15,4.2973687183354894e-20
kepler_0002569,high_e,0.94601069690316109,2.5441508722841695,2.8321959934571788,2.8321959934571788,0,0
kepler_0002570,ordinary,0.70948438837311445,0.85903451345666704,1.568517058922875,1.568517058922875,0,0
kepler_0002571,ordinary,0.33452083037996694,1.5620663765909342,1.8806560999866213,1.8806560999866213,0,0
kepler_0002572,difficult,0.99999999907794002,4.9724151963053659e-05,0.066824905855522185,0.066824905855523392,1.2073675392798577e-15,5.8275866771095863e-19
kepler_0002573,high_e,0.97589085926206887,0.71455398278314242,1.6841787416222269,1.6841787416222269,0,0
kepler_0002574,ordinary,0.14409157197652936,0.27665570116907456,0.32229601299493515,0.32229601299493521,5.5511151231257827e-17,5.5511151231257827e-17
kepler_0002575,ordinary,0.73161011890716343,2.1206324944806885,2.5366875055825817,2.5366875055825822,4.4408920985006262e-16,4.4408920985006262e-16
kepler_0002576,difficult,0.99999999998374689,1.4703961123250882e-08,0.0044517212553532486,0.00445172125536758,1.4331417996782392e-14,8.7611661759166479e-20
kepler_0002577,high_e,0.92889308892041345,1.711663807822247,2.3636049997701858,2.3636049997701858,0,0
kepler_0002578,ordinary,0.66625710438572727,1.5989379022476344,2.1547786316815603,2.1547786316815603,0,2.2204460492503131e-16
kepler_0002579,ordinary,0.24746925273783207,1.9719991507447878,2.1755743663846436,2.1755743663846436,0,2.2204460492503131e-16
kepler_0002580,difficult,0.9999999998410114,1.0782881729181888e-05,0.040145814865833185,0.040145814865835051,1.8665624601510444e-15,1.6805133673525319e-18
kepler_0002581,high_e,0.90434999883686484,0.33960232368356652,1.1735199062122461,1.1735199062122461,0,5.5511151231257827e-17
kepler_0002582,ordinary,0.055886202312744174,2.6067522169127231,2.6339209540482136,2.6339209540482136,0,0
kepler_0002583,ordinary,0.3777743883526789,1.1670481644606745,1.5446938639906007,1.5446938639906007,0,0
kepler_0002584,difficult,0.99999992080385802,1.9001495541129656e-07,0.01043157060229551,0.010431570602285459,1.005098781980962e-14,5.1605482311468248e-19
kepler_0002585,high_e,0.91078211546765175,0.54186971105534498,1.445513443378327,1.445513443378327,0,0
kepler_0002586,ordinary,0.3164725676987003,2.5404698776232064,2.6811054247110389,2.6811054247110389,0,0
kepler_0002587,ordinary,0.53262542476448482,1.8842963311887355,2.2863016722888951,2.2863016722888951,0,2.2204460492503131e-16
kepler_0002588,difficult,0.9999999562116263,6.363560469915969e-08,0.007242595959291955,0.0072425959592889661,2.9889285491080386e-15,2.7905765145088942e-19
kepler_0002589,high_e,0.93752042131691515,1.2779127100790575,2.0912837550981602,2.0912837550981602,0,2.2204460492503131e-16
kepler_0002590,ordinary,0.44795848786666409,1.1918865555929568,1.638809365548449,1.638809365548449,0,0
kepler_0002591,ordinary,0.54896676527780885,1.4012841307492123,1.9175726694267368,1.9175726694267368,0,0
kepler_0002592,difficult,0.99999999970746289,1.1329358027290391e-05,0.040812896841828789,0.04081289684182611,2.6784130469081902e-15,2.3445871979999033e-18
kepler_0002593,high_e,0.9615350056025509,1.0257959109846186,1.9269796957547132,1.9269796957547132,0,2.2204460492503131e-16
kepler_0002594,ordinary,0.43800540861585729,1.4768235833741281,1.892375702733557,1.8923757027335573,2.2204460492503131e-16,0
kepler_0002595,ordinary,0.41717463230426521,1.3243434990737877,1.7358486293312585,1.7358486293312585,0,0
kepler_0002596,difficult,0.99999999998870648,0.00076263794000647406,0.16609487941931442,0.16609487941931503,6.106226635438361e-16,2.0599841277224584e-18
kepler_0002597,high_e,0.98646059425143584,2.3194078389918147,2.7216214868170669,2.7216214868170669,0,0
kepler_0002598,ordinary,0.70127199056085721,1.4857447662499375,2.0934094390236093,2.0934094390236093,0,2.2204460492503131e-16
kepler_0002599,ordinary,0.31848046651506917,2.7940325867463485,2.8772450364807955,2.8772450364807955,0,0
kepler_0002600,difficult,0.99999995285705767,1.2121569586944816e-06,0.019370031555254963,0.019370031555249689,5.2735593669694936e-15,1.9937037995998094e-18
kepler_0002601,high_e,0.9645370809367273,2.9509217415849327,3.0444612942086531,3.0444612942086531,0,0
kepler_0002602,ordinary,0.69763146455427649,1.593706058112506,2.1698562179050258,2.1698562179050258,0,2.2204460492503131e-16
kepler_0002603,ordinary,0.88902017186317894,2.0109580583216387,2.5250241361047272,2.5250241361047272,0,0
kepler_0002604,difficult,0.99999999721044142,4.3273259179252471e-06,0.029611508749004405,0.029611508749002188,2.2169766022983595e-15,1.2307388723604984e-18
kepler_0002605,high_e,0.97543487080201619,0.16499714557131911,0.96915098956702395,0.96915098956702384,1.1102230246251565e-16,5.5511151231257827e-17
kepler_0002606,ordinary,0.020507021011525774,2.9237521571440053,2.9280971303934922,2.9280971303934922,0,0
kepler_0002607,ordinary,0.7027479201495368,0.75848356036688158,1.4566589819497562,1.4566589819497562,0,0
kepler_0002608,difficult,0.99999997208716163,0.00012339079432516806,0.090476188545598121,0.090476188545599079,9.5756735873919752e-16,5.8546917314217239e-18
kepler_0002609,high_e,0.92802020740143565,0.08486428651223682,0.63636230268930805,0.63636230268930805,0,5.5511151231257827e-17
kepler_0002610,ordinary,0.72294932825923408,0.19196062149526669,0.60041773523818698,0.60041773523818709,1.1102230246251565e-16,2.7755575615628914e-17
kepler_0002611,ordinary,0.59384012751921367,0.67594596419004027,1.2370115430984026,1.2370115430984026,0,1.1102230246251565e-16
kepler_0002612,difficult,0.99999999653659122,3.6712549580587823e-05,0.060396834635564903,0.060396834635566554,1.6514567491299204e-15,4.1470733097570545e-18
kepler_0002613,high_e,0.91177182564674697,2.8358416053838678,2.9813351964982435,2.9813351964982435,0,0
kepler_0002614,ordinary,0.54857269204604919,2.8317987617005862,2.9410663024566359,2.9410663024566364,4.4408920985006262e-16,4.4408920985006262e-16
kepler_0002615,ordinary,0.090721502092666259,2.0080177948895992,2.0869217213595816,2.0869217213595816,0,0
kepler_0002616,difficult,0.99999999033541298,1.128127764013186e-08,0.0040706545361163362,0.0040706545360896448,2.6691322763117142e-14,6.4913660314588889e-19
kepler_0002617,high_e,0.9297676934478849,3.0345077983637787,3.086087864283495,3.086087864283495,0,0
kepler_0002618,ordinary,0.65004050977165462,0.38529157533058461,0.89071009240878707,0.89071009240878718,1.1102230246251565e-16,5.5511151231257827e-17
kepler_0002619,ordinary,0.31612268582585573,1.0791439782951644,1.3901209975023707,1.3901209975023707,0,0
kepler_0002620,difficult,0.99999999899610947,1.8317167179081923e-06,0.022233354911678792,0.02223335491167755,1.2420620087993939e-15,1.9820570965750628e-19
kepler_0002621,high_e,0.93337308307195788,2.0194418752184262,2.5443431424130121,2.5443431424130125,4.4408920985006262e-16,4.4408920985006262e-16
kepler_0002622,ordinary,0.80235547533840645,2.2772873602267083,2.6535267089821883,2.6535267089821883,0,0
kepler_0002623,ordinary,0.48692869556739982,2.9183792704161942,2.9912904710947386,2.9912904710947386,0,0
kepler_0002624,difficult,0.99999999906682613,2.5575829246588392e-08,0.0053534315351474971,0.0053534315351294421,1.8055001937966608e-14,4.7227049893102562e-19
kepler_0002625,high_e,0.91490323433542375,0.45586235247135848,1.3481908480046259,1.3481908480046259,0,5.5511151231257827e-17
kepler_0002626,ordinary,0.67906250181869598,0.71759042103413972,1.3849609954129456,1.3849609954129458,2.2204460492503131e-16,2.2204460492503131e-16
kepler_0002627,ordinary,0.20346894287068407,0.050688032204390041,0.063625013951849871,0.063625013951849871,0,6.9388939039072284e-18
kepler_0002628,difficult,0.99999999225568359,7.2435783222421889e-05,0.075754511894837187,0.075754511894837034,1.5265566588595902e-16,5.1635128464622149e-18
kepler_0002629,high_e,0.98137329920261807,0.12494438230464315,0.88352859812460016,0.88352859812460038,2.2204460492503131e-16,4.163336342344337e-17
kepler_0002630,ordinary,0.35034606429420151,0.72722577373428232,1.0270423277549074,1.0270423277549074,0,0
kepler_0002631,ordinary,0.51547473957644663,1.8410586271323295,2.244053973148,2.244053973148,0,0
kepler_0002632,difficult,0.99999999981789689,4.3063399000324723e-08,0.0063691710629036674,0.0063691710629086868,5.0194223777388913e-15,5.2588834623671287e-20
kepler_0002633,high_e,0.91656410950864198,0.36460419915330489,1.2277704338172677,1.2277704338172677,0,0
kepler_0002634,ordinary,0.015416147244832302,0.85361099220553283,0.86534762422743949,0.86534762422743949,0,0
kepler_0002635,ordinary,0.14804749346267529,1.4457114929768686,1.5937200887483043,1.5937200887483043,0,0
kepler_0002636,difficult,0.99999999209233881,8.1885244366127814e-08,0.0078887663202062697,0.0078887663202057423,5.2735593669694936e-16,2.6418163531473577e-19
kepler_0002637,high_e,0.91252723914713996,1.9122065339660974,2.4758342415482519,2.4758342415482515,4.4408920985006262e-16,2.2204460492503131e-16
kepler_0002638,ordinary,0.66687810051605689,1.9762833992355846,2.4178739644019229,2.4178739644019229,0,2.2204460492503131e-16
kepler_0002639,ordinary,0.59163482036461812,2.8180923482696945,2.9378192032515997,2.9378192032515993,4.4408920985006262e-16,4.4408920985006262e-16
kepler_0002640,difficult,0.99999999981076426,7.9439626657361333e-07,0.016829231503928441,0.016829231503931341,2.9004576518332215e-15,9.7302909815837751e-20
kepler_0002641,high_e,0.90786840277465342,1.7476375772731216,2.3764581315438873,2.3764581315438873,0,2.2204460492503131e-16
kepler_0002642,ordinary,0.23283758048801054,0.0018649312923280856,0.0024309464168438461,0.0024309464168438457,4.3368086899420177e-19,2.1684043449710089e-19
kepler_0002643,ordinary,0.35236223888739504,0.98104068523935439,1.3226060394599459,1.3226060394599459,0,1.1102230246251565e-16
kepler_0002644,difficult,0.99999991933973553,1.0155816087120285e-05,0.039347879244927567,0.039347879244926581,9.8532293435482643e-16,9.893344823930228e-19
kepler_0002645,high_e,0.97076093275880759,0.7368737711556862,1.6995939373476148,1.6995939373476148,0,0
kepler_0002646,ordinary,0.63264849205636176,1.693758516602264,2.2038247865648062,2.2038247865648057,4.4408920985006262e-16,4.4408920985006262e-16
kepler_0002647,ordinary,0.47718808919572447,0.71424069096672527,1.1497525175715522,1.1497525175715519,2.2204460492503131e-16,1.1102230246251565e-16
kepler_0002648,difficult,0.99999998508442334,1.8925433182642588e-05,0.048425837935690705,0.048425837935692259,1.5543122344752192e-15,4.0251005653524352e-18
kepler_0002649,high_e,0.93539295623683993,2.8459743525173353,2.9885610139988814,2.988561013998881,4.4408920985006262e-16,4.4408920985006262e-16
kepler_0002650,ordinary,0.4782800699377745,0.42947696226781101,0.75842950092771833,0.75842950092771833,0,5.5511151231257827e-17
kepler_0002651,ordinary,0.4350475242854589,1.9107607509880142,2.2494184428286088,2.2494184428286088,0,2.2204460492503131e-16
kepler_0002652,difficult,0.99999994877929732,1.1620164266976272e-08,0.0040909140348083517,0.0040909140348247596,1.640788199752663e-14,4.6750593860272018e-19
kepler_0002653,high_e,0.92500515322430044,0.77965265078829338,1.6972696941314898,1.6972696941314898,0,1.1102230246251565e-16
kepler_0002654,ordinary,0.29026454273161983,0.75672360520242243,1.0011535443348147,1.0011535443348147,0,0
kepler_0002655,ordinary,0.33167404901251768,1.0179113866641083,1.3408557553575962,1.3408557553575962,0,2.2204460492503131e-16
kepler_0002656,difficult,0.9999999990156454,0.003181228425159006,0.26756764974012404,0.2675676497401242,1.6653345369377348e-16,6.5052130349130266e-18
kepler_0002657,high_e,0.95304685265234801,2.3954369864513523,2.7548771692801988,2.7548771692801983,4.4408920985006262e-16,4.4408920985006262e-16
kepler_0002658,ordinary,0.33225841506871295,1.2054171924762436,1.5374913504978955,1.5374913504978955,0,0
kepler_0002659,ordinary,0.35390567541194295,1.1808805149590114,1.5345537843877419,1.5345537843877417,2.2204460492503131e-16,2.2204460492503131e-16
kepler_0002660,difficult,0.99999999998576605,5.6073611916290221e-06,0.032283265606163576,0.032283265606165457,1.8804402479588589e-15,8.8938459461701536e-19
kepler_0002661,high_e,0.92147455104766707,0.82566070452233997,1.7347743253000001,1.7347743253000001,0,1.1102230246251565e-16
kepler_0002662,ordinary,0.28556953758241743,2.9513684701511091,2.9935037486065474,2.9935037486065479,4.4408920985006262e-16,0
kepler_0002663,ordinary,0.11644536500245094,0.29515311201680822,0.33324353693489139,0.33324353693489139,0,0
kepler_0002664,difficult,0.99999995089684734,0.00047035911683718245,0.14136312113347355,0.14136312113347341,1.3877787807814457e-16,1.0842021724855044e-19
kepler_0002665,high_e,0.928191583056027,2.9336930726492847,3.0336708463006925,3.0336708463006925,0,0
kepler_0002666,ordinary,0.83982855053854055,2.4080222117941319,2.7379118534469731,2.7379118534469731,0,4.4408920985006262e-16
kepler_0002667,ordinary,0.2131412800835441,1.1201683835919416,1.3270071408982662,1.3270071408982662,0,0
kepler_0002668,difficult,0.99999994548699733,1.1991387106888306e-06,0.019299639399361621,0.019299639399367307,5.6864235542519737e-15,3.1928906946750851e-18
kepler_0002669,high_e,0.97109890344535854,1.9757311144283172,2.5318428851785231,2.5318428851785231,0,0
kepler_0002670,ordinary,0.14334401761880844,2.2262526835060812,2.3302113406228671,2.3302113406228675,4.4408920985006262e-16,4.4408920985006262e-16
kepler_0002671,ordinary,0.83891000983160735,2.6011934471347957,2.8457634840198227,2.8457634840198232,4.4408920985006262e-16,0
kepler_0002672,difficult,0.99999999994757494,0.00019457470832338783,0.10531562882648081,0.10531562882648038,4.3021142204224816e-16,1.1384122811097797e-18
kepler_0002673,high_e,0.98963955030273509,1.0877370309050609,1.9912021290266668,1.9912021290266668,0,0
kepler_0002674,ordinary,0.37284972116718085,1.7599825573302974,2.0846764149185888,2.0846764149185883,4.4408920985006262e-16,2.2204460492503131e-16
kepler_0002675,ordinary,0.16810291124204726,1.2533092866964533,1.4194916676759728,1.4194916676759728,0,2.2204460492503131e-16
kepler_0002676,difficult,0.99999999994887989,0.0057876460308488378,0.32683183367315094,0.326831833673151,5.5511151231257827e-17,2.0816681711721685e-17
kepler_0002677,high_e,0.98543618910885289,0.98420684281790638,1.9126279296001043,1.9126279296001043,0,1.1102230246251565e-16
kepler_0002678,ordinary,0.62996597691695577,0.92957118910091496,1.559496950709238,1.559496950709238,0,0
kepler_0002679,ordinary,0.87191072690909521,0.97876588214639282,1.8230768734159621,1.8230768734159619,2.2204460492503131e-16,1.1102230246251565e-16
kepler_0002680,difficult,0.99999998746854679,0.00057132411074010795,0.15083732155278456,0.15083732155278465,8.3266726846886741e-17,1.22514845490862e-17
kepler_0002681,high_e,0.90382556030000594,1.9847956792828316,2.5148777460203728,2.5148777460203728,0,2.2204460492503131e-16
kepler_0002682,ordinary,0.48808669369774105,0.012536033683093318,0.024486254344932189,0.024486254344932189,0,0
kepler_0002683,ordinary,0.20619058367341089,1.3741910559320258,1.5803721861402249,1.5803721861402249,0,0
kepler_0002684,difficult,0.9999999996450718,5.4246197229938787e-06,0.031928652701090916,0.03192865270109238,1.4641066137244252e-15,1.8041801776516597e-18
kepler_0002685,high_e,0.95276626184240076,1.3749101046939176,2.1645871946924613,2.1645871946924617,4.4408920985006262e-16,2.2204460492503131e-16
kepler_0002686,ordinary,0.15548317222256822,2.2483969841395219,2.3581274666836198,2.3581274666836194,4.4408920985006262e-16,0
kepler_0002687,ordinary,0.18966014463772998,1.2124588338402746,1.3993379906818002,1.3993379906818004,2.2204460492503131e-16,0
kepler_0002688,difficult,0.99999995053680513,0.0024813949403734467,0.24625628209291744,0.24625628209291711,3.3306690738754696e-16,2.4719809532669501e-17
kepler_0002689,high_e,0.98414236210075612,1.2497664394755705,2.0995238291646667,2.0995238291646667,0,2.2204460492503131e-16
kepler_0002690,ordinary,0.86205740468793635,0.73484805882450277,1.5966180853964216,1.5966180853964216,0,0
kepler_0002691,ordinary,0.57724060515629183,1.4575467071885921,1.9857903879925893,1.9857903879925893,0,2.2204460492503131e-16
kepler_0002692,difficult,0.99999999971477282,1.2229301619318315e-05,0.041866197193481072,0.041866197193480018,1.0547118733938987e-15,2.9680034471790684e-18
kepler_0002693,high_e,0.92979889066691979,2.2527382848078776,2.6728165504093808,2.6728165504093808,0,0
kepler_0002694,ordinary,0.14313646830998317,1.2925578668141671,1.4343642497237488,1.4343642497237488,0,0
kepler_0002695,ordinary,0.78143644229700215,1.846818383838269,2.3838734400708756,2.3838734400708756,0,0
kepler_0002696,difficult,0.99999999995320366,3.5303631484576272e-06,0.027669142425664879,0.027669142425668508,3.6290415117434804e-15,2.8883823501371642e-19
kepler_0002697,high_e,0.94921291696156795,2.9882649428906802,3.0628917570811049,3.0628917570811049,0,4.4408920985006262e-16
kepler_0002698,ordinary,0.08964199264193258,0.1768301498525881,0.19412260025236597,0.19412260025236597,0,0
kepler_0002699,ordinary,0.22006176561059224,1.3284195030029393,1.5484262090165999,1.5484262090165997,2.2204460492503131e-16,0
kepler_0002700,difficult,0.99999992598877641,0.00062433688513265789,0.15536820798253115,0.15536820798253168,5.2735593669694936e-16,2.0925101928970236e-17
kepler_0002701,high_e,0.9113858198541267,1.766304702576142,2.3891605885213343,2.3891605885213343,0,0
kepler_0002702,ordinary,0.027989325193334771,1.4479180910839877,1.4757811691617804,1.4757811691617804,0,0
kepler_0002703,ordinary,0.2718868939065604,0.98757811989597855,1.2451782218749861,1.2451782218749861,0,0
kepler_0002704,difficult,0.99999999645425164,1.3493697255084746e-06,0.020079644423324741,0.020079644423322243,2.4980018054066022e-15,1.3764285392882381e-19
kepler_0002705,high_e,0.97389057122946809,2.510469695454804,2.8191137683000758,2.8191137683000758,0,0
kepler_0002706,ordinary,0.042704468410417543,1.387136742389198,1.4294151190103368,1.429415119010337,2.2204460492503131e-16,0
kepler_0002707,ordinary,0.29243631999098046,2.5417210167101696,2.6736299601654929,2.6736299601654929,0,0
kepler_0002708,difficult,0.99999999986186816,0.00090157698233098789,0.17563374933263648,0.17563374933263637,1.1102230246251565e-16,6.2883726004159257e-18
kepler_0002709,high_e,0.98629948426448411,3.0659611203385797,3.1035114824693437,3.1035114824693442,4.4408920985006262e-16,4.4408920985006262e-16
kepler_0002710,ordinary,0.69761135794907669,2.8088511124059066,2.9450680879579423,2.9450680879579418,4.4408920985006262e-16,4.4408920985006262e-16
kepler_0002711,ordinary,0.82601999320369313,1.1540054997684128,1.927911277033123,1.927911277033123,0,2.2204460492503131e-16
kepler_0002712,difficult,0.99999999992514721,3.8647405713475593e-08,0.0061435927075166085,0.0061435927075159935,6.1495947223377811e-16,2.8756106814793454e-19
kepler_0002713,high_e,0.95293384116842816,2.3349993985696469,2.72264888005525,2.72264888005525,0,0
kepler_0002714,ordinary,0.11825192573016453,2.4982394692224892,2.562913635850355,2.562913635850355,0,0
kepler_0002715,ordinary,0.3133449261535402,1.5453290479516988,1.8468134035841239,1.8468134035841242,2.2204460492503131e-16,2.2204460492503131e-16
kepler_0002716,difficult,0.99999999995333688,0.00016462172850718103,0.099605796401122243,0.09960579640112191,3.3306690738754696e-16,6.0986372202309624e-18
kepler_0002717,high_e,0.90740244071237552,0.93931798797732435,1.818929128097539,1.8189291280975393,2.2204460492503131e-16,1.1102230246251565e-16
kepler_0002718,ordinary,0.044457881245110867,1.7340451846738181,1.7775561674138658,1.7775561674138658,0,0
kepler_0002719,ordinary,0.36737259928648541,1.8335383691910851,2.1424929291247614,2.1424929291247614,0,2.2204460492503131e-16
kepler_0002720,difficult,0.99999999161366449,2.0844015893115616e-05,0.050010293900347412,0.050010293900346281,1.1310397063368782e-15,3.567702773835113e-18
kepler_0002721,high_e,0.90019818308346089,1.9411302022488721,2.4882851720263202,2.4882851720263197,4.4408920985006262e-16,4.4408920985006262e-16
kepler_0002722,ordinary,0.013707736548045824,1.3875819918864647,1.4010928152115945,1.4010928152115945,0,0
kepler_0002723,ordinary,0.77752183808694919,1.9756237767458427,2.4634190608579214,2.4634190608579214,0,2.2204460492503131e-16
kepler_0002724,difficult,0.99999999996660505,6.9447127148992321e-06,0.034669202712558217,0.034669202712556281,1.9359513991901167e-15,3.5355155218394496e-18
kepler_0002725,high_e,0.97300650517676446,2.5091557249468464,2.8182846588877002,2.8182846588877002,0,4.4408920985006262e-16
kepler_0002726,ordinary,0.47555248529976762,0.11058926218639116,0.20948190267749861,0.20948190267749861,0,0
kepler_0002727,ordinary,0.031316819585789961,2.6055284578250744,2.6211024831157972,2.6211024831157967,4.4408920985006262e-16,4.4408920985006262e-16
kepler_0002728,difficult,0.99999999994810262,0.0014105738345764705,0.20393106859565296,0.2039310685956531,1.3877787807814457e-16,1.9081958235744878e-17
kepler_0002729,high_e,0.98821378195278609,0.9346797524920416,1.876943429621817,1.876943429621817,0,1.1102230246251565e-16
kepler_0002730,ordinary,0.58009001397829618,0.92840089588292118,1.5073227409451728,1.5073227409451728,0,0
kepler_0002731,ordinary,0.30345135338774715,2.5026249661170601,2.6467357511182077,2.6467357511182077,0,4.4408920985006262e-16
kepler_0002732,difficult,0.99999999612329016,0.0022272118739935188,0.2375267921272404,0.2375267921272402,1.9428902930940239e-16,4.3368086899420177e-18
kepler_0002733,high_e,0.96181022937797123,2.5507731577796759,2.8381599670339575,2.8381599670339575,0,0
kepler_0002734,ordinary,0.18176997485718463,2.5386797422129233,2.6279871091391001,2.6279871091391001,0,0
kepler_0002735,ordinary,0.20573788068371057,3.0773499889635825,3.0883075634536783,3.0883075634536783,0,0
kepler_0002736,difficult,0.99999999882971569,2.5579741882327068e-08,0.0053536159774204744,0.0053536159774020828,1.8391538292306109e-14,3.7062654526050958e-19
kepler_0002737,high_e,0.92291920958696605,2.668889927100687,2.8945649123142561,2.8945649123142565,4.4408920985006262e-16,4.4408920985006262e-16
kepler_0002738,ordinary,0.55314824869748669,0.25680869419909047,0.54228589263771565,0.54228589263771576,1.1102230246251565e-16,5.5511151231257827e-17
kepler_0002739,ordinary,0.83673801769200107,1.0259172366612075,1.8338679284165453,1.8338679284165456,2.2204460492503131e-16,2.2204460492503131e-16
kepler_0002740,difficult,0.99999999998876155,4.8056673041867203e-06,0.030664916039378147,0.030664916039378716,5.6898930012039273e-16,9.6815865871166529e-19
kepler_0002741,high_e,0.98999165493116192,1.9441623387374962,2.5203683384756141,2.5203683384756146,4.4408920985006262e-16,4.4408920985006262e-16
kepler_0002742,ordinary,0.23729967564134441,1.2627972900659898,1.4994940029151174,1.4994940029151174,0,0
kepler_0002743,ordinary,0.55659748360077177,2.2932148306395104,2.5865366416554321,2.5865366416554321,0,0
kepler_0002744,difficult,0.99999999498483316,1.6259883766516079e-05,0.046036558274977574,0.046036558274977109,4.649058915617843e-16,1.4230153513872246e-19
kepler_0002745,high_e,0.91085095341627664,0.9456782294954621,1.8268359312867302,1.8268359312867302,0,1.1102230246251565e-16
kepler_0002746,ordinary,0.34973394814756348,3.0175336993706576,3.0496454620248579,3.0496454620248574,4.4408920985006262e-16,4.4408920985006262e-16
kepler_0002747,ordinary,0.58860887337423717,2.4548713413466152,2.7041958977564238,2.7041958977564238,0,0
kepler_0002748,difficult,0.99999999994611177,6.6075145500039195e-06,0.034098727219408473,0.034098727219407078,1.3947176746853529e-15,1.6025863362051362e-18
kepler_0002749,high_e,0.90993438456650322,1.2967730246583333,2.0877880760923264,2.0877880760923264,0,0
kepler_0002750,ordinary,0.64316796989360159,1.9672453695414667,2.4011404776314103,2.4011404776314103,0,2.2204460492503131e-16
kepler_0002751,ordinary,0.32334822206437269,2.6097421817527171,2.7370203334878407,2.7370203334878411,4.4408920985006262e-16,4.4408920985006262e-16
kepler_0002752,difficult,0.99999999978217369,1.2902549743780903e-05,0.042620837096994976,0.042620837096996336,1.3600232051658168e-15,4.912791094074942e-19
kepler_0002753,high_e,0.90963108074152366,2.7849471437658209,2.9543105978241235,2.954310597824124,4.4408920985006262e-16,4.4408920985006262e-16
kepler_0002754,ordinary,0.12611191722122361,1.7263569052623395,1.8476659540681777,1.8476659540681777,0,0
kepler_0002755,ordinary,0.51991664831482687,1.4950041390427944,1.9733587177159242,1.973358717715924,2.2204460492503131e-16,2.2204460492503131e-16
kepler_0002756,difficult,0.99999999984127264,1.4778355352312581e-05,0.044593693360030481,0.044593693360030433,4.8572257327350599e-17,4.4486170389795854e-18
kepler_0002757,high_e,0.92354362990098116,0.25013503689193506,1.0522871423794455,1.0522871423794455,0,0
kepler_0002758,ordinary,0.79282394673650003,2.8398744137032872,2.9729474652766834,2.9729474652766834,0,0
kepler_0002759,ordinary,0.50268078484734757,0.65684652639000651,1.1062573185293467,1.1062573185293467,0,0
kepler_0002760,difficult,0.99999996769451671,0.00039781936578679462,0.13368217830847634,0.13368217830847667,3.3306690738754696e-16,1.1167282376600696e-17
kepler_0002761,high_e,0.95595319134341616,2.5081469757545829,2.8149126913295066,2.8149126913295066,0,0
kepler_0002762,ordinary,0.70661599133124164,1.8733251021329707,2.367365415887194,2.367365415887194,0,2.2204460492503131e-16
kepler_0002763,ordinary,0.13892454394976589,0.040937887675054546,0.047539852576347789,0.047539852576347782,6.9388939039072284e-18,6.9388939039072284e-18
kepler_0002764,difficult,0.9999999999833703,6.9267250472514189e-07,0.016077858973768101,0.016077858973771231,3.12944115066216e-15,4.3029273720518457e-19
kepler_0002765,high_e,0.92901747960466396,0.67592368481059661,1.6044161821132572,1.6044161821132572,0,0
kepler_0002766,ordinary,0.60641796191328967,0.3820500385623658,0.82922935011902155,0.82922935011902144,1.1102230246251565e-16,0
kepler_0002767,ordinary,0.5542919334081382,2.5483729351210647,2.7565594118607453,2.7565594118607453,0,4.4408920985006262e-16
kepler_0002768,difficult,0.9999999999628848,0.000472321974061091,0.14156031436627509,0.14156031436627481,2.7755575615628914e-16,1.1438332919722072e-17
kepler_0002769,high_e,0.97131571815919493,2.2942072422265958,2.7049639236726502,2.7049639236726506,4.4408920985006262e-16,4.4408920985006262e-16
kepler_0002770,ordinary,0.64589965723831244,2.7043574867798235,2.8747025142724341,2.8747025142724336,4.4408920985006262e-16,4.4408920985006262e-16
kepler_0002771,ordinary,0.32579712945486211,0.89067988211460936,1.1935701981954636,1.1935701981954636,0,0
kepler_0002772,difficult,0.9999999975956575,0.0004186773013848465,0.13598070432367543,0.13598070432367618,7.4940054162198066e-16,2.1196152472091612e-17
kepler_0002773,high_e,0.90350205099451164,0.84027902607871385,1.7320585072475603,1.7320585072475603,0,1.1102230246251565e-16
kepler_0002774,ordinary,0.37251923876949317,1.0066037198634283,1.3717692033892435,1.3717692033892432,2.2204460492503131e-16,2.2204460492503131e-16
kepler_0002775,ordinary,0.64396152957037744,2.3847792706721869,2.6746588403413369,2.6746588403413369,0,0
kepler_0002776,difficult,0.99999999950149721,3.7113434177209568e-05,0.060616000155238534,0.060616000155238145,3.8857805861880479e-16,3.7879313401212311e-18
kepler_0002777,high_e,0.91993617847044884,1.892491624220713,2.4670376326152934,2.4670376326152934,0,2.2204460492503131e-16
kepler_0002778,ordinary,0.73433597119088567,2.2869716057003777,2.6400346421115057,2.6400346421115057,0,0
kepler_0002779,ordinary,0.74922966018611992,1.9881987989324661,2.4601494652112521,2.4601494652112521,0,2.2204460492503131e-16
kepler_0002780,difficult,0.99999999986787769,6.6999366924513414e-08,0.0073802703428396095,0.0073802703428248176,1.4791987079654234e-14,5.9308188175562042e-19
kepler_0002781,high_e,0.90965219497563066,1.9131899256992269,2.4753722744890854,2.4753722744890854,0,2.2204460492503131e-16
kepler_0002782,ordinary,0.50688686772411273,2.5978808407980889,2.7780998807436359,2.7780998807436363,4.4408920985006262e-16,4.4408920985006262e-16
kepler_0002783,ordinary,0.64751361686325859,2.1362681840394573,2.5156312845015547,2.5156312845015543,4.4408920985006262e-16,4.4408920985006262e-16
kepler_0002784,difficult,0.99999999993298316,4.8790047762149394e-08,0.0066398738756686445,0.0066398738756549645,1.3680029331553101e-14,1.9324262598218811e-19
kepler_0002785,high_e,0.91109081747422327,2.2366355896176513,2.6592502077654552,2.6592502077654552,0,0
kepler_0002786,ordinary,0.74266709331059355,2.3838882947642372,2.7007713023807134,2.7007713023807129,4.4408920985006262e-16,4.4408920985006262e-16
kepler_0002787,ordinary,0.36562317717073317,1.7020435081036416,2.0298194734305017,2.0298194734305017,0,2.2204460492503131e-16
kepler_0002788,difficult,0.9999999984916933,0.0042231712499775599,0.29414148270466545,0.29414148270466539,5.5511151231257827e-17,5.1174342541315809e-17
kepler_0002789,high_e,0.98346617926494739,1.4952100150738499,2.2564303230357892,2.2564303230357892,0,0
kepler_0002790,ordinary,0.30821015827535692,1.0836436290127036,1.3866424269101099,1.3866424269101099,0,2.2204460492503131e-16
kepler_0002791,ordinary,0.84091972913034541,1.9620920343765837,2.4792373411849007,2.4792373411849007,0,4.4408920985006262e-16
kepler_0002792,difficult,0.99999998248209498,1.123495434981286e-05,0.040698367807959469,0.040698367807962078,2.6090241078691179e-15,4.4892746204477918e-19
kepler_0002793,high_e,0.95839181166008136,0.87095252337477169,1.8035100599188743,1.8035100599188743,0,1.1102230246251565e-16
kepler_0002794,ordinary,0.78954099563125968,2.9391087144524728,3.0283373675202467,3.0283373675202467,0,4.4408920985006262e-16
kepler_0002795,ordinary,0.72973196354714498,0.097520373360971607,0.34280604505899864,0.34280604505899953,8.8817841970012523e-16,2.7755575615628914e-16
kepler_0002796,difficult,0.99999999997426503,9.2523445607549251e-06,0.038148564571526898,0.038148564571525115,1.7832957333041577e-15,1.2620790914089075e-18
kepler_0002797,high_e,0.90524869447304601,2.7016386411727806,2.9096908721369954,2.9096908721369954,0,0
kepler_0002798,ordinary,0.093609487443436265,1.4276002091779665,1.5210940981230616,1.5210940981230616,0,0
kepler_0002799,ordinary,0.43488885160573965,1.9497867433575942,2.2798562199444539,2.2798562199444539,0,2.2204460492503131e-16
kepler_0002800,difficult,0.99999999991785182,1.2346744825688214e-08,0.0041998198004043934,0.0041998198004199547,1.5561336941249948e-14,3.7232226551624329e-19
kepler_0002801,high_e,0.956183438681665,0.54500018473609779,1.4986996091874896,1.4986996091874896,0,0
kepler_0002802,ordinary,0.080625090022062126,1.2613049607552282,1.339788334004703,1.3397883340047032,2.2204460492503131e-16,2.2204460492503131e-16
kepler_0002803,ordinary,0.89329644036313738,0.82850813774763321,1.7128115606706349,1.7128115606706347,2.2204460492503131e-16,1.1102230246251565e-16
kepler_0002804,difficult,0.9999999992556442,1.1327206994058745e-06,0.018941985113696342,0.018941985113695475,8.6736173798840355e-16,2.0303379745685579e-18
kepler_0002805,high_e,0.98618197090037252,1.0297430287602238,1.9469687471349579,1.9469687471349579,0,0
kepler_0002806,ordinary,0.24782911628235982,2.6394654254706014,2.737017879684335,2.737017879684335,0,0
kepler_0002807,ordinary,0.11897969173147298,1.0576260611720774,1.1670387413216334,1.1670387413216334,0,2.2204460492503131e-16
kepler_0002808,difficult,0.99999999959350583,3.3275474380068947e-06,0.027128764533380482,0.027128764533382452,1.9706458687096529e-15,2.109535555136835e-18
kepler_0002809,high_e,0.91278064166455342,2.9803810552122934,3.0572636960261232,3.0572636960261232,0,4.4408920985006262e-16
kepler_0002810,ordinary,0.46969383782782093,2.4215660836261446,2.6452431081945988,2.6452431081945988,0,0
kepler_0002811,ordinary,0.69384619222460353,0.48689311833488275,1.1076405619492073,1.1076405619492073,0,5.5511151231257827e-17
kepler_0002812,difficult,0.99999999693351416,0.00033161719015630507,0.12580864790546073,0.12580864790546131,5.8286708792820718e-16,8.565197162635485e-18
kepler_0002813,high_e,0.91886021293000475,2.1771254748972688,2.628316754636133,2.628316754636133,0,0
kepler_0002814,ordinary,0.1282931530233988,2.2640258769738519,2.354863498577616,2.354863498577616,0,0
kepler_0002815,ordinary,0.51538275812031831,1.9256293306589953,2.3074010213994187,2.3074010213994187,0,2.2204460492503131e-16
kepler_0002816,difficult,0.9999999972146133,9.162458335728544e-05,0.081928684186971398,0.081928684186970357,1.0408340855860843e-15,7.8062556418956319e-18
kepler_0002817,high_e,0.93747299476042412,0.2784389002480635,1.1238079614640895,1.1238079614640895,0,0
kepler_0002818,ordinary,0.45344787048934471,1.2632992823556393,1.7122200737662223,1.7122200737662223,0,0
kepler_0002819,ordinary,0.75310285494527662,2.7364719207390187,2.9096134210505427,2.9096134210505427,0,0
kepler_0002820,difficult,0.99999999995581723,1.4087724895123161e-05,0.043887882365050354,0.043887882365048078,2.2759572004815709e-15,4.1030275964998308e-18
kepler_0002821,high_e,0.95108747830283158,2.9271932499782292,3.031597466993456,3.031597466993456,0,0
kepler_0002822,ordinary,0.71689862766343693,0.41225183287849188,1.0249924542570581,1.0249924542570581,0,0
kepler_0002823,ordinary,0.47194067542745582,2.9654903170701945,3.021861437268885,3.021861437268885,0,0
kepler_0002824,difficult,0.99999999761291769,3.6977345751922788e-05,0.060541748534201523,0.060541748534202043,5.2041704279304213e-16,4.8382521947165635e-18
kepler_0002825,high_e,0.95770930703100177,1.0790215649697366,1.9637399434441618,1.9637399434441616,2.2204460492503131e-16,2.2204460492503131e-16
kepler_0002826,ordinary,0.36728629064666285,1.9641178691310885,2.2499134542050703,2.2499134542050703,0,2.2204460492503131e-16
kepler_0002827,ordinary,0.059224786135642381,2.9896877601300327,2.9981537949873163,2.9981537949873167,4.4408920985006262e-16,4.4408920985006262e-16
kepler_0002828,difficult,0.99999999109114135,5.0579088714007253e-06,0.031191757098292437,0.031191757098289502,2.9351521213527576e-15,3.0916702574781962e-19
kepler_0002829,high_e,0.97840138432407375,1.0850441747244008,1.9819183166894068,1.9819183166894068,0,2.2204460492503131e-16
kepler_0002830,ordinary,0.52202859888117636,2.2923233612278286,2.5732832918828339,2.5732832918828339,0,0
kepler_0002831,ordinary,0.42855916494049778,0.35099838481055723,0.58911772176627453,0.58911772176627453,0,0
kepler_0002832,difficult,0.99999999990349597,6.181077877621438e-05,0.071852603485865099,0.071852603485864391,7.0776717819853729e-16,8.7142749613522419e-18
kepler_0002833,high_e,0.90701745855459237,1.4376495084930931,2.1809860018618501,2.1809860018618501,0,2.2204460492503131e-16
kepler_0002834,ordinary,0.27776890359056267,0.20861896103303337,0.28733905097826873,0.28733905097826873,0,2.7755575615628914e-17
kepler_0002835,ordinary,0.66138704735711684,0.69759831819139706,1.3417054770722812,1.3417054770722812,0,0
kepler_0002836,difficult,0.99999999962115982,4.5653011223236672e-06,0.030144848693091305,0.030144848693093133,1.8283985436795547e-15,6.3273361159896235e-19
kepler_0002837,high_e,0.93365399535749627,1.5659722760932584,2.2765797339656508,2.2765797339656508,0,0
kepler_0002838,ordinary,0.49980358366406175,0.29369148808722778,0.55857769356086262,0.55857769356086262,0,0
kepler_0002839,ordinary,0.53125860694881843,0.70855957601739361,1.2045921542351083,1.2045921542351086,2.2204460492503131e-16,1.1102230246251565e-16
kepler_0002840,difficult,0.99999999222941094,0.0027362182108453576,0.25443049275927193,0.25443049275927154,3.8857805861880479e-16,3.903127820947816e-18
kepler_0002841,high_e,0.96628817249968446,0.81711129537088212,1.7651979264565569,1.7651979264565572,2.2204460492503131e-16,1.1102230246251565e-16
kepler_0002842,ordinary,0.30251089799563657,1.9966411257315095,2.2348656522574308,2.2348656522574308,0,0
kepler_0002843,ordinary,0.0053639990761981341,2.4700868142433645,2.4734101355517413,2.4734101355517413,0,0
kepler_0002844,difficult,0.99999999985149879,0.000963297185129207,0.17955763914281039,0.17955763914281039,0,1.2359904766334751e-17
kepler_0002845,high_e,0.97911232260127601,0.85426818816264205,1.8063439695898973,1.8063439695898973,0,0
kepler_0002846,ordinary,0.63220342164931553,0.31811133533182939,0.7482230258530842,0.7482230258530842,0,0
kepler_0002847,ordinary,0.15569765255215604,1.1509824130552726,1.3010498010452756,1.3010498010452753,2.2204460492503131e-16,0
kepler_0002848,difficult,0.99999999995962341,0.0028504380199391153,0.2579304018632026,0.25793040186320276,1.6653345369377348e-16,1.3010426069826053e-18
kepler_0002849,high_e,0.95904224719743014,2.6890737738597332,2.9095866187931065,2.9095866187931065,0,4.4408920985006262e-16
kepler_0002850,ordinary,0.11640705063577039,2.2123542960485456,2.2992201022988548,2.2992201022988552,4.4408920985006262e-16,0
kepler_0002851,ordinary,0.73937815346348934,2.7802489742444809,2.9332099475959406,2.933209947595941,4.4408920985006262e-16,4.4408920985006262e-16
kepler_0002852,difficult,0.99999997920855721,1.1111992840750878e-05,0.040549171798195137,0.040549171798192639,2.4980018054066022e-15,2.6139436752267708e-18
kepler_0002853,high_e,0.92625836126918171,2.1014111759391367,2.5882172462719519,2.5882172462719519,0,4.4408920985006262e-16
kepler_0002854,ordinary,0.79521533965930002,1.8965549572707816,2.421163990255768,2.421163990255768,0,2.2204460492503131e-16
kepler_0002855,ordinary,0.21784053675851239,1.5328263584402351,1.7472830895153006,1.7472830895153009,2.2204460492503131e-16,0
kepler_0002856,difficult,0.99999999373819803,1.1930444465507755e-06,0.019271876479966421,0.019271876479972055,5.6343818499726694e-15,1.4145450219146816e-19
kepler_0002857,high_e,0.9518230238993608,2.4763361479407782,2.7974613166815065,2.7974613166815065,0,4.4408920985006262e-16
kepler_0002858,ordinary,0.44244395082513149,1.9271753400805249,2.2667310628140083,2.2667310628140083,0,0
kepler_0002859,ordinary,0.028547701728113984,2.2376940966578562,2.2597307486870695,2.2597307486870699,4.4408920985006262e-16,0
kepler_0002860,difficult,0.99999996109358325,1.0750961511570981e-06,0.018611062386702411,0.018611062386703278,8.6736173798840355e-16,9.2961865961159462e-19
kepler_0002861,high_e,0.96333282471298176,2.839742241996198,2.9875502070654059,2.9875502070654059,0,0
kepler_0002862,ordinary,0.11855782409711546,2.1778265195274811,2.2686669730821434,2.2686669730821438,4.4408920985006262e-16,4.4408920985006262e-16
kepler_0002863,ordinary,0.71656774970600046,3.0813546188700207,3.1064975070340397,3.1064975070340397,0,0
kepler_0002864,difficult,0.99999999986606802,1.1866111096093372e-08,0.0041445740709196701,0.0041445740709133028,6.3673025185728704e-15,2.2553741145748342e-19
kepler_0002865,high_e,0.98098025559964586,0.1235109761299443,0.87890696346660857,0.87890696346660857,0,2.7755575615628914e-17
kepler_0002866,ordinary,0.5245314413362262,0.5484689536932057,0.98576933857562166,0.98576933857562166,0,0
kepler_0002867,ordinary,0.30437957712726066,0.48159636970855246,0.6708034465344026,0.67080344653440271,1.1102230246251565e-16,0
kepler_0002868,difficult,0.99999999998881406,2.518577235434937e-06,0.024723308216626012,0.024723308216623548,2.4633073358870661e-15,1.5606582053160484e-18
kepler_0002869,high_e,0.92278116459296844,1.140090913407505,1.9848826163443476,1.9848826163443474,2.2204460492503131e-16,2.2204460492503131e-16
kepler_0002870,ordinary,0.35272180613813314,0.70437749114683579,1.0014607184463074,1.0014607184463074,0,0
kepler_0002871,ordinary,0.35868251102423609,2.2318216400275777,2.4582810690876986,2.4582810690876986,0,0
kepler_0002872,difficult,0.99999999990909427,2.6823523398278681e-05,0.054397267326133203,0.054397267326134993,1.7902346272080649e-15,6.5729756706933706e-18
kepler_0002873,high_e,0.98825568839969324,0.6791870575863852,1.6632244380312298,1.66322443803123,2.2204460492503131e-16,1.1102230246251565e-16
kepler_0002874,ordinary,0.48712791447927206,1.8647125263361559,2.2451985680212894,2.2451985680212894,0,2.2204460492503131e-16
kepler_0002875,ordinary,0.068158678400091682,1.4440707238968216,1.5121120721239014,1.5121120721239014,0,0
kepler_0002876,difficult,0.99999999966746456,0.0014542355021893777,0.20601675953165957,0.20601675953165938,1.9428902930940239e-16,6.0715321659188248e-18
kepler_0002877,high_e,0.93602167367874722,2.7017592116107116,2.9134541911794209,2.9134541911794209,0,0
kepler_0002878,ordinary,0.73659496404387192,1.4801635057284892,2.1116310593983321,2.1116310593983321,0,2.2204460492503131e-16
kepler_0002879,ordinary,0.37690348227548209,0.58467737172132483,0.87363783025864128,0.87363783025864117,1.1102230246251565e-16,1.1102230246251565e-16
kepler_0002880,difficult,0.99999999998738276,1.263425692296677e-06,0.019644293598462984,0.01964429359845964,3.3445468616832841e-15,1.4156038130987494e-18
kepler_0002881,high_e,0.94425628579531984,1.7974766204028112,2.420722339439755,2.420722339439755,0,2.2204460492503131e-16
kepler_0002882,ordinary,0.057727952596414334,0.01893346835445189,0.020093337539748395,0.020093337539748395,0,0
kepler_0002883,ordinary,0.51406772852861982,0.32841619756693052,0.63218224673504431,0.63218224673504431,0,0
kepler_0002884,difficult,0.9999999999612057,8.8022163617660766e-05,0.080840389057965895,0.08084038905796663,7.3552275381416621e-16,6.5187655620690954e-18
kepler_0002885,high_e,0.96649641156990307,2.6126080722027059,2.870976725273275,2.870976725273275,0,4.4408920985006262e-16
kepler_0002886,ordinary,0.80134871590879031,1.7009802547821131,2.2990546452053877,2.2990546452053877,0,0
kepler_0002887,ordinary,0.1885892892400477,1.7681013654569921,1.9437276546093576,1.9437276546093576,0,0
kepler_0002888,difficult,0.99999998975670734,0.0039117473553204746,0.28670523060577313,0.28670523060577324,1.1102230246251565e-16,4.163336342344337e-17
kepler_0002889,high_e,0.93084598536981367,2.9564088132832791,3.0456135087306677,3.0456135087306677,0,0
kepler_0002890,ordinary,0.76924916640128682,1.4135568686734943,2.0837882817464286,2.0837882817464286,0,2.2204460492503131e-16
kepler_0002891,ordinary,0.30847515819414612,0.81074262859282775,1.0832801491559305,1.0832801491559305,0,0
kepler_0002892,difficult,0.99999999998441969,0.00080610037727383947,0.16919492806266107,0.16919492806266123,1.6653345369377348e-16,1.214306433183765e-17
kepler_0002893,high_e,0.98387424686428493,2.9971723262812682,3.0687636150343063,3.0687636150343063,0,4.4408920985006262e-16
kepler_0002894,ordinary,0.70456243016094255,2.7806677190251068,2.9291935155938331,2.9291935155938331,0,0
kepler_0002895,ordinary,0.1021504073309631,0.22452197171778474,0.24977180024867565,0.24977180024867562,2.7755575615628914e-17,0
kepler_0002896,difficult,0.99999999966404818,6.7000411696387801e-07,0.015900480544640116,0.01590048054463521,4.9057979900624105e-15,1.0615440411464519e-18
kepler_0002897,high_e,0.95507457597883783,2.3372083757350892,2.7242933815804231,2.7242933815804231,0,4.4408920985006262e-16
kepler_0002898,ordinary,0.50568031197207841,3.1298771223751816,3.1338117383292654,3.1338117383292654,0,0
kepler_0002899,ordinary,0.89058299412561115,2.8224631617180829,2.9724135213885816,2.9724135213885816,0,0
kepler_0002900,difficult,0.99999999998622302,4.5622052165650428e-08,0.0064929497781002644,0.0064929497781003633,9.8879238130678004e-17,6.3970839852400948e-20
kepler_0002901,high_e,0.90833764846606457,2.0999291006888035,2.5820632789026488,2.5820632789026488,0,0
kepler_0002902,ordinary,0.43742368600398268,0.96200630709713664,1.3924952675626281,1.3924952675626283,2.2204460492503131e-16,1.1102230246251565e-16
kepler_0002903,ordinary,0.17522235824982615,0.41568248134441077,0.49963195392234089,0.49963195392234089,0,0
kepler_0002904,difficult,0.99999999994496802,0.0068747915873977952,0.34620868978600983,0.34620868978600988,5.5511151231257827e-17,6.9388939039072284e-18
kepler_0002905,high_e,0.90615118288238872,0.25751122794186143,1.038112737088148,1.038112737088148,0,1.1102230246251565e-16
kepler_0002906,ordinary,0.31561079498212441,2.5461407429674314,2.6852268657575658,2.6852268657575658,0,0
kepler_0002907,ordinary,0.52340776442589487,2.3481808070174006,2.6124111579042757,2.6124111579042757,0,0
kepler_0002908,difficult,0.99999999990214983,6.6320777778311169e-06,0.034140927689059658,0.034140927689059443,2.1510571102112408e-16,5.7987875569029401e-18
kepler_0002909,high_e,0.92901311720229041,0.49316552050074963,1.410228412218596,1.410228412218596,0,1.6653345369377348e-16
kepler_0002910,ordinary,0.33848346766622073,2.7095981759041972,2.8174150797005053,2.8174150797005053,0,0
kepler_0002911,ordinary,0.52913248826259252,1.155149465178442,1.6810681212893075,1.6810681212893077,2.2204460492503131e-16,2.2204460492503131e-16
kepler_0002912,difficult,0.99999999366020864,6.0935068609842957e-05,0.071511429217313308,0.071511429217314723,1.4155343563970746e-15,4.8518047218726323e-18
kepler_0002913,high_e,0.96010459296378348,1.979701635792013,2.530541340130172,2.530541340130172,0,0
kepler_0002914,ordinary,0.53357362465460378,1.2217994522620865,1.7471018323731629,1.7471018323731626,2.2204460492503131e-16,2.2204460492503131e-16
kepler_0002915,ordinary,0.79601288312287544,1.8930068308729968,2.4192725624660163,2.4192725624660163,0,0
kepler_0002916,difficult,0.9999999701622917,4.2886219031000484e-08,0.0063510988660928558,0.006351098866094319,1.4632392519864368e-15,7.6338844371293818e-19
kepler_0002917,high_e,0.93581807142540474,2.5507580509257219,2.8340481827632913,2.8340481827632913,0,4.4408920985006262e-16
kepler_0002918,ordinary,0.50075238059504146,1.2723216954867094,1.7637784444047273,1.7637784444047275,2.2204460492503131e-16,0
kepler_0002919,ordinary,0.65627815416677937,0.029600759139113395,0.085916608658260771,0.085916608658260771,0,3.4694469519536142e-18
kepler_0002920,difficult,0.99999992445240515,4.6660304967552434e-08,0.0065187434297043056,0.0065187434296878812,1.642436187054841e-14,3.4270423650316958e-19
kepler_0002921,high_e,0.91014682118544921,1.5859072414499258,2.2778643566110266,2.2778643566110266,0,2.2204460492503131e-16
kepler_0002922,ordinary,0.43748996180626321,2.1238302289125737,2.4145979412584575,2.4145979412584575,0,0
kepler_0002923,ordinary,0.58551583961801379,0.24518844602495057,0.5524542588906769,0.55245425889067701,1.1102230246251565e-16,8.3266726846886741e-17
kepler_0002924,difficult,0.99999999998897227,0.0015402150595936789,0.21000523010138042,0.21000523010138025,1.6653345369377348e-16,4.1199682554449168e-18
kepler_0002925,high_e,0.9006933143729331,0.47820246019993196,1.3587158291483072,1.3587158291483075,2.2204460492503131e-16,1.1102230246251565e-16
kepler_0002926,ordinary,0.065854084485082301,2.7313724404759721,2.7561326185120105,2.756132618512011,4.4408920985006262e-16,0
kepler_0002927,ordinary,0.0034834953086482325,1.8775956863934553,1.8809130118960418,1.8809130118960418,0,0
kepler_0002928,difficult,0.99999998717262339,7.9805822491657504e-05,0.078241608184011324,0.07824160818401199,6.6613381477509392e-16,1.1031757105040008e-17
kepler_0002929,high_e,0.98122823351871191,1.3146866157180543,2.1407880205308256,2.1407880205308256,0,0
kepler_0002930,ordinary,0.72881757473093212,1.6522164178467722,2.2288467253552229,2.2288467253552229,0,2.2204460492503131e-16
kepler_0002931,ordinary,0.45469614535939634,1.4071036173071412,1.8448333428622872,1.844833342862287,2.2204460492503131e-16,0
kepler_0002932,difficult,0.99999999984749022,0.00016075140085442498,0.098818746800344692,0.09881874680034565,9.5756735873919752e-16,8.6465123255718979e-18
kepler_0002933,high_e,0.92859123065155091,1.0282656150342917,1.9053675640039849,1.9053675640039849,0,0
kepler_0002934,ordinary,0.28020469621118277,0.4322704119337169,0.58760800025982973,0.58760800025982973,0,0
kepler_0002935,ordinary,0.84638813691888881,1.2844723854189823,2.0395589415095943,2.0395589415095943,0,2.2204460492503131e-16
kepler_0002936,difficult,0.99999999998473732,0.00060796098929738842,0.15399761052106981,0.15399761052107036,5.5511151231257827e-16,3.6862873864507151e-18
kepler_0002937,high_e,0.9535325544397063,2.5390538226459975,2.8307249757368393,2.8307249757368389,4.4408920985006262e-16,4.4408920985006262e-16
kepler_0002938,ordinary,0.20219179098403933,1.0567254410329583,1.248506935809123,1.2485069358091228,2.2204460492503131e-16,0
kepler_0002939,ordinary,0.43668520158386659,0.79512207328076223,1.2025285573539208,1.2025285573539206,2.2204460492503131e-16,2.2204460492503131e-16
kepler_0002940,difficult,0.99999999998497968,5.9872574718996527e-05,0.07109345873712844,0.071093458737128634,1.9428902930940239e-16,5.6920614055488983e-19
kepler_0002941,high_e,0.92707998563178706,0.32919874825410189,1.189803217255482,1.1898032172554822,2.2204460492503131e-16,1.1102230246251565e-16
kepler_0002942,ordinary,0.28146651192531297,1.8600770872436025,2.1026624317603879,2.1026624317603879,0,0
kepler_0002943,ordinary,0.86301108876208843,2.8078690686050565,2.9620149789575896,2.96201497895759,4.4408920985006262e-16,4.4408920985006262e-16
kepler_0002944,difficult,0.99999999967551512,0.00030927103122595196,0.12291536382608793,0.12291536382608867,7.3552275381416621e-16,2.7105054312137611e-19
kepler_0002945,high_e,0.93128377540173402,0.99795865188112942,1.8839508539697034,1.8839508539697034,0,1.1102230246251565e-16
kepler_0002946,ordinary,0.86634947983963173,2.0540414993892457,2.5425409401784393,2.5425409401784389,4.4408920985006262e-16,4.4408920985006262e-16
kepler_0002947,ordinary,0.25091186419939226,2.3135993471830441,2.4697702519156124,2.4697702519156119,4.4408920985006262e-16,4.4408920985006262e-16
kepler_0002948,difficult,0.99999999998094202,0.0076256202992100149,0.35843097555297354,0.35843097555297376,2.2204460492503131e-16,3.0357660829594124e-17
kepler_0002949,high_e,0.98109504313628793,0.21616285777457875,1.0826864113149095,1.0826864113149097,2.2204460492503131e-16,1.9428902930940239e-16
kepler_0002950,ordinary,0.8706519296978561,1.4722605911584841,2.1841913038004006,2.1841913038004006,0,2.2204460492503131e-16
kepler_0002951,ordinary,0.86155150753510035,1.4223153378518516,2.1454738073242416,2.1454738073242416,0,0
kepler_0002952,difficult,0.99999993233868389,0.00035213467807159148,0.12835191965049966,0.12835191965049977,1.1102230246251565e-16,1.6425662913155392e-17
kepler_0002953,high_e,0.90215651481899306,3.0645481364515663,3.1010836256554648,3.1010836256554648,0,0
kepler_0002954,ordinary,0.011298289978886978,1.6701380703758313,1.6813673645037936,1.6813673645037939,2.2204460492503131e-16,0
kepler_0002955,ordinary,0.030330768132630258,1.1971141794020146,1.2256562839437828,1.2256562839437828,0,0
kepler_0002956,difficult,0.99999999952365692,0.00019214908485307595,0.10487599647786941,0.10487599647786934,6.9388939039072284e-17,9.5138740635603014e-18
kepler_0002957,high_e,0.96186477759031086,2.0027519910377642,2.5439716053962615,2.5439716053962615,0,0
kepler_0002958,ordinary,0.65210655304499943,2.0858978584631895,2.4843126613519972,2.4843126613519972,0,4.4408920985006262e-16
kepler_0002959,ordinary,0.28883410318003594,0.85474046117412616,1.1139546759392178,1.113954675939218,2.2204460492503131e-16,1.1102230246251565e-16
kepler_0002960,difficult,0.99999999992642197,0.0077651700972761134,0.3606136510712995,0.36061365107129933,1.6653345369377348e-16,6.0715321659188248e-18
kepler_0002961,high_e,0.93640835809821343,2.1848766467173051,2.6373209793820185,2.6373209793820185,0,4.4408920985006262e-16
kepler_0002962,ordinary,0.68147018964160266,2.7494592245127425,2.9075200726086932,2.9075200726086932,0,0
kepler_0002963,ordinary,0.034906418175235002,2.4385021100178346,2.4604811767110211,2.4604811767110211,0,0
kepler_0002964,difficult,0.99999995615509751,7.2876718883367925e-05,0.075906993153145128,0.075906993153145336,2.0816681711721685e-16,1.0706496453294356e-18
kepler_0002965,high_e,0.98171499694743725,1.7019231799773364,2.3796375898438082,2.3796375898438082,0,2.2204460492503131e-16
kepler_0002966,ordinary,0.12622894975179291,0.459222404011774,0.52218192955481713,0.52218192955481713,0,5.5511151231257827e-17
kepler_0002967,ordinary,0.34196200222075313,2.9133689452971283,2.9713160891323667,2.9713160891323671,4.4408920985006262e-16,4.4408920985006262e-16
kepler_0002968,difficult,0.9999999999853012,0.00011967666294749345,0.089559493740236612,0.089559493740237403,7.9103390504542404e-16,5.7598240413292423e-18
kepler_0002969,high_e,0.91146709484936705,1.7730816867734553,2.393260092014255,2.393260092014255,0,2.2204460492503131e-16
kepler_0002970,ordinary,0.65446441373117337,0.42737302836385493,0.96559727797420669,0.9655972779742068,1.1102230246251565e-16,1.1102230246251565e-16
kepler_0002971,ordinary,0.17062169785839196,1.2006144383484869,1.3677303476718428,1.3677303476718428,0,0
kepler_0002972,difficult,0.99999999981041554,0.0037900851996467383,0.28369347222143287,0.28369347222143321,3.3306690738754696e-16,3.903127820947816e-18
kepler_0002973,high_e,0.91817945765285258,3.1135875362661514,3.126992563141751,3.1269925631417514,4.4408920985006262e-16,4.4408920985006262e-16
kepler_0002974,ordinary,0.596046531456769,3.0275670225158531,3.0701273933963575,3.0701273933963575,0,0
kepler_0002975,ordinary,0.22633338779035986,2.1569940726508592,2.3223584851288348,2.3223584851288348,0,0
kepler_0002976,difficult,0.99999994897117794,4.2267422721516693e-08,0.0063136179086668385,0.0063136179086634011,3.4373545676480433e-15,4.8002945307677302e-20
kepler_0002977,high_e,0.91640545342805113,2.3679596459866867,2.7324916743534171,2.7324916743534171,0,0
kepler_0002978,ordinary,0.56302932950221485,2.6519074877664028,2.8264302072942908,2.8264302072942908,0,0
kepler_0002979,ordinary,0.42709222267746366,2.3093062788728491,2.5481456366494593,2.5481456366494593,0,4.4408920985006262e-16
kepler_0002980,difficult,0.99999999965965247,1.3137358810197372e-06,0.019901625878344015,0.019901625878347921,3.9065972678997696e-15,2.3617396151818029e-18
kepler_0002981,high_e,0.92338802931433284,1.5615013335451615,2.2688838329479561,2.2688838329479561,0,2.2204460492503131e-16
kepler_0002982,ordinary,0.78901643110843689,2.7336254982426498,2.9126732496063674,2.912673249606367,4.4408920985006262e-16,4.4408920985006262e-16
kepler_0002983,ordinary,0.69157056492898261,2.5583088627222406,2.7939286711560101,2.7939286711560096,4.4408920985006262e-16,0
kepler_0002984,difficult,0.99999999967028175,7.5003743275215613e-05,0.076639711772660976,0.076639711772660241,7.3552275381416621e-16,6.3019251275719945e-18
kepler_0002985,high_e,0.91473482754161728,2.0047400845226595,2.5299744674340636,2.5299744674340636,0,0
kepler_0002986,ordinary,0.44466906627785047,0.11017227039087735,0.19736628361808997,0.19736628361808997,0,1.3877787807814457e-17
kepler_0002987,ordinary,0.86225670511968544,0.19054903789424685,0.822386484397024,0.82238648439702389,1.1102230246251565e-16,8.3266726846886741e-17
kepler_0002988,difficult,0.99999997006832331,2.1464199824519277e-05,0.050500644434543301,0.050500644434543607,3.0531133177191805e-16,4.5231559383379638e-18
kepler_0002989,high_e,0.9399183675148991,0.73400680440644672,1.6693630283587353,1.6693630283587353,0,1.1102230246251565e-16
kepler_0002990,ordinary,0.7399681042955264,1.4453455585511321,2.0883877740536678,2.0883877740536678,0,0
kepler_0002991,ordinary,0.88291771356621818,1.8144951421311757,2.4065780108840773,2.4065780108840769,4.4408920985006262e-16,4.4408920985006262e-16
kepler_0002992,difficult,0.99999999940366502,0.0063232669071969401,0.33665472708056327,0.3366547270805631,1.6653345369377348e-16,1.7347234759768071e-17
kepler_0002993,high_e,0.97767741286208321,0.35764197282191934,1.2995815201937775,1.2995815201937775,0,0
kepler_0002994,ordinary,0.79447383167846997,3.0737147640443307,3.103762590804978,3.103762590804978,0,0
kepler_0002995,ordinary,0.1138723951799038,1.6155433946413913,1.7280114176510406,1.7280114176510406,0,0
kepler_0002996,difficult,0.99999999997292643,8.9265251622787501e-07,0.017496319480630469,0.017496319480633883,3.4139358007223564e-15,4.5930361564864436e-19
kepler_0002997,high_e,0.95918411704395568,0.54627500118397443,1.5032733176055049,1.5032733176055049,0,0
kepler_0002998,ordinary,0.17465339918288666,0.73102501803188424,0.86381900910541642,0.86381900910541642,0,0
kepler_0002999,ordinary,0.57114181709168976,1.750636768497511,2.2092679616838664,2.2092679616838664,0,0
