domain,sample_id,split,branch,p0,p1,p2,p3,p4,p5,root,gradient,residual,root_count,status
cstr,cstrfold_0000000,dev,low_triple,0.01881235095289423692719824012773325530702826337358982153,87.96059416886868,20.83289681228348,0,0,0,0.05176282661308357729496303603228412320164204358446648466,1261.360885364378425404612155451818274066847360417691631,2.646302714741772659606661580658594341399274122554390137e-47,3,ROOT_OK
cstr,cstrfold_0000001,dev,middle_triple,0.01742603401696660246407608115587313862199188157058542447,19.173603344487137,23.461000033361547,0,0,0,0.05064205499493388187502280296242355780030106880302941756,-18008.39161044555198660412325797387564331835372133489815,3.887577520709808034225251824837184328619133703317117684e-47,3,ROOT_OK
cstr,cstrfold_0000002,dev,single,0.005265081617236123288902750307696668532544111241046676469,27.863365926991484,73.61187420923837,0,0,0,0.99999968348714400351195959336206840694750173731406237,0.00006011555657264140660413809460261812312197326386907901268,2.538016788244558919818014044714556940289565369341309269e-45,1,ROOT_OK
cstr,cstrfold_0000003,dev,high_triple,0.00000209842660025876763197507569831437611839454807004119963,89.12384998727312,20.42078577117012,0,0,0,0.9223284141238528427729904272230507142371783793238981335,11371723.36696639783816611291860548666665401327434629673,2.709736462139020840216571990643870936012738438165498364e-47,3,ROOT_OK
cstr,cstrfold_0000004,dev,single,0.0004469587977321030788986152107028753316322205053315601673,18.662196824582665,22.182652190265685,0,0,0,0.0004512491386404051283770887898278655866117857174689467883,1.019331252657937365929222110602403006797109665313258129,4.744282808510992333630051076793518350343093999907853712e-45,1,ROOT_OK
cstr,cstrfold_0000005,dev,single,0.00000003084359804521798035380943919701628789050164766679482424,27.37804212007559,73.28315248313054,0,0,0,0.00000003084366681039583749087837888177376774054425332101064094,1.000004458966807579336873390642004561800377354088468315,1.756694199465907539232390405450398448139477926652902413e-45,1,ROOT_OK
cstr,cstrfold_0000006,cal,single,0.01972467600180403320974215479522677112248267652564358667,88.05646700933963,19.922425484911887,0,0,0,0.9999955416843786300700112765753090347762612741262757354,0.0002260396624596893430979604419734808665835242936388860745,5.978079377673429646005797245523737729450823322818573991e-45,1,ROOT_OK
cstr,cstrfold_0000007,cal,single,0.01826215940707138923957858106240772580735388450764825158,19.929704062035793,22.396442801907614,0,0,0,0.9985510590297328892619564688239362134254651009829232938,0.07980039235062497228082916994922100465749534238993969268,3.590882956480309141433312529360563229968618704329242668e-44,1,ROOT_OK
cstr,cstrfold_0000008,test,low_triple,0.005058659500567579446086945651614667963889632793567877329,28.315835105294923,76.52268791439404,0,0,0,0.01427294852840203362885788111465966887255989562555416068,1487.43852823026512202856854305110917142981140849009078,6.710300899278776602974211417839697468184492087618903566e-48,3,ROOT_OK
cstr,cstrfold_0000009,test,single,0.000001735911658894699369957887900869102464847413148876662421,87.70807391591487,20.795252147802778,0,0,0,0.000001735971312741895511765331475967111350976106204048901662,1.000068730882931603818986823803292631641918264359882534,8.372034411089702181272006690331540238530416501723212094e-45,1,ROOT_OK
cstr,cstrfold_0000010,dev,middle_triple,0.0003482276441390262047542262488073326538747348273149330375,19.887832270754906,22.052761410854657,0,0,0,0.7968685200851098929383579505159120764240599717952386715,-76136.93965412146621139472138302831435391096315392346235,1.1546139138801790000940592924044717717425144659541212e-45,3,ROOT_OK
cstr,cstrfold_0000011,dev,high_triple,0.00000001180821965479087798796007932884388728867678651852437415,28.665012157974747,77.63369316512296,0,0,0,0.8358965245679402801235836225157411565193143036767720343,35045408513.28381145753264668840900959403793859346803724,9.139066662718217072054225415332874670656976262683792162e-48,3,ROOT_OK
cstr,cstrfold_0000012,dev,low_triple,0.01858202317186184954288302283303505667707040362567281863,83.93805865717573,21.09019543204643,0,0,0,0.05126496318326850933396027269815256366718491991107112772,16131.65674077154833024911796612646396145610807152218705,1.697643390887490811366132310554400082468113706855475007e-48,3,ROOT_OK
cstr,cstrfold_0000013,dev,middle_triple,0.0173285921584447733475821371397221654158164108127891421,18.46131598118909,23.6275803183055,0,0,0,0.05255502908985406954517365475681272944932453361731550287,-87.42123717747914043753627160435646995907619450706786026,2.848655643920868465943527167455940231004774719234518474e-45,3,ROOT_OK
cstr,cstrfold_0000014,dev,single,0.005298166435450308788204160858167921993286444228819057824,27.93952391067083,73.15554701711987,0,0,0,0.9999996871416094731274639301178424634380565272210326901,0.00005905039854361091262059817348157265942961867700092667675,3.882230995109308526944074405538862204262844564500881588e-44,1,ROOT_OK
cstr,cstrfold_0000015,dev,high_triple,0.000002721988098728314088534135241607973042293873102635898846,89.48472473041159,19.991450993619278,0,0,0,0.9214993825106340206685791494935207950973379267833662934,4847168.910139568862501311857117300994554724089368557318,4.591520404987306875132269835586648334958000722591266428e-47,3,ROOT_OK
cstr,cstrfold_0000016,cal,single,0.0004585249538880080547171581377597171190321383609867362282,18.870582023033414,21.83715923959391,0,0,0,0.0004629671563545253849215633979954536627551772258602141284,1.019511924229271261965086667929517515347766597498606956,1.314576254042354210338139898748542199022732895414249519e-44,1,ROOT_OK
cstr,cstrfold_0000017,cal,single,0.00000001919583166070481882080949216715458983355165186552607063,28.289614621790395,73.8158116209766,0,0,0,0.0000000191958584919265627484039304540476455235164947500680789,1.0000027955287025866055115188766848956963482212537349,5.136033389266390536011417790006943500552088153244783853e-45,1,ROOT_OK
cstr,cstrfold_0000018,test,single,0.01914757753601938321020473048609769813278165449064040577,85.27336221773875,20.506512472008154,0,0,0,0.9999965443267730901940413633134587782512372543770183702,0.0001804834279747368308837356901659762902732318002547043203,2.71871050901429921303346632689896289105248774491272431e-45,1,ROOT_OK
cstr,cstrfold_0000019,test,single,0.01724815796949366707545454350822088704033620060976100734,18.739370425445465,23.724769870602753,0,0,0,0.9983445153186520011748214177304752549809569302198764217,0.09656019302429233423501636730825424761715077748342951618,4.156414678665995609724674670696667153030899567246019368e-44,1,ROOT_OK
cstr,cstrfold_0000020,dev,low_triple,0.005175202129458403321427678706147789477014158128072968154,27.650358043231883,74.88475265250776,0,0,0,0.01440945055023178883857447054614450127453557860257580001,184.3222298629163669913831910429811590396308161267678368,2.759961935621175622604424990813421933880905030280595767e-47,3,ROOT_OK
cstr,cstrfold_0000021,dev,single,0.000001641146475556744152909073053064274238086999557393499504,85.91335693922053,20.98151103918236,0,0,0,0.000001641200295616879996675208623780479715067966126490425617,1.000065589966853752104407171906437573066475406357934899,1.636518031297260346381166838614671766693989742836611649e-45,1,ROOT_OK
cstr,cstrfold_0000022,dev,middle_triple,0.0003749433223707011932126413649807621855932437828561653393,19.474212952494735,22.13468245874872,0,0,0,0.7935478423301671318203858643339685915844327679404932736,-178160.2886705220108830501625272441731456982323606230208,2.904590999100647422907471190614747667544113578198919399e-47,3,ROOT_OK
cstr,cstrfold_0000023,dev,high_triple,0.00000004565623545149808906124160053775259464661137835618988459,26.40638197110943,74.25320638264552,0,0,0,0.8204995409810038578808132011975274694726642877457381728,22976647313.32782409676375937847471075682570852081541331,5.45407890734805166705387885738442004965889725581875787e-48,3,ROOT_OK
cstr,cstrfold_0000024,dev,low_triple,0.01872581355647469991311738742968727144648473590155553306,84.34387244832918,20.935256811953483,0,0,0,0.05166007784985210248150012290400776849365937442559113977,16354.78191285579290696592130484488120008432844643385553,2.196630078548308044394160950779486753109811953930836447e-48,3,ROOT_OK
cstr,cstrfold_0000025,dev,middle_triple,0.01862954923465992042717691039446213540651747797468378634,19.906078826481554,21.847784392657438,0,0,0,0.06098641063096700053749048690305123827824128750408318287,-31.01984817179470345138172826955379693038572569996309117,1.540222939451003609902586054148236491642546054383397225e-44,3,ROOT_OK
cstr,cstrfold_0000026,cal,single,0.005504018803177132955769693078440044842503146340809177268,27.020645797391644,70.6328565722348,0,0,0,0.9999994091923907685373859899683340044774200992921044276,0.0001073414115996315128816096179698934374705657455129325359,4.016968781817402631592491571245939653871710249550688565e-44,1,ROOT_OK
cstr,cstrfold_0000027,cal,high_triple,0.000001100219458669510161495284469806591646055060009393484335,91.59686088959575,21.328087102152068,0,0,0,0.9251509535284856638636901522326485561429935990947957032,270045022.0930151550998752445142280755435702690836968216,2.984300724064866004397056002815408074354956799639118181e-48,3,ROOT_OK
cstr,cstrfold_0000028,test,single,0.0004392322653516561028459311665694008196926203332819631386,18.60416867462314,22.326209134353036,0,0,0,0.0004434030135545840434646005950999082679768472011447511836,1.019121533488054502156176285895142663063718207483408077,1.755455772260488773698288626644558516342143497018425857e-44,1,ROOT_OK
cstr,cstrfold_0000029,test,single,0.00000002259042354667140557426478318980600945454745729483331086,27.69918125369362,75.2793546667303,0,0,0,0.0000000225904614535422132106685054588719356412076639115544155,1.000003356016522057431203170758241359001871003821105371,5.677511686250871977212317374021443861688853502066428111e-46,1,ROOT_OK
cstr,cstrfold_0000030,dev,single,0.01844561987335299773965404070856642570063202269913242627,87.28493023753403,21.22944109266935,0,0,0,0.999997920159096388538421842541079558360692955712087173,0.0001127582596611230395198392183020972031493627671804379785,5.683701193581731450289607780995441034639853683975295478e-45,1,ROOT_OK
cstr,cstrfold_0000031,dev,single,0.01726907200682641858591933647905518177716856905641220888,20.19631199211005,23.589620509190677,0,0,0,0.9989055470543999290953655877552189108184643633250333934,0.06365679745302482643713246101494192887643915274789713788,6.517571247005369257304308420537222097089662103517324448e-44,1,ROOT_OK
cstr,cstrfold_0000032,dev,low_triple,0.005411962716464266762592620115947541118979234749913374662,27.277673044151456,71.70392869906485,0,0,0,0.01526651321500877560059522373749302834023692014009962643,767.7329661973680029580400395281275605226539408216386642,4.945658453489167362677829724366352741708235718489122772e-48,3,ROOT_OK
cstr,cstrfold_0000033,dev,single,0.000004060998557762374685869126780914234379033592387923352329,84.38492640542097,19.598358588538222,0,0,0,0.000004061305310900388629470043950210965784540738386062308898,1.000151081239463250581361022824859947427426315104548561,3.451435878455665222545026454717430651267152755737175193e-45,1,ROOT_OK
cstr,cstrfold_0000034,dev,middle_triple,0.0003687790395241781821991639662467105044001581386195931144,18.580248387555557,23.21607317302715,0,0,0,0.784638382028698971024078019538210274765947128871775157,-1695958.927159957297871830019640177979611557348700323527,1.27461936431139345110619223571062435833704814274231648e-47,3,ROOT_OK
cstr,cstrfold_0000035,dev,high_triple,0.00000002458425749950813853422575031511092340989879000182064882,27.536444487415945,75.19798122668664,0,0,0,0.8292160414954570479318548217401786560677626979494248826,8242119169.532693076807463989628243512790905143352633099,3.276812874051483496674853329279970763182624045511245344e-47,3,ROOT_OK
cstr,cstrfold_0000036,cal,low_triple,0.01836438898780593478447559905366914939789231257960129604,85.33209619045024,21.30804835918693,0,0,0,0.04875539545008101584735111831877594587523750196321211508,71.3423706447440048804102567161427112700167290922919894,1.195717703151656211728185171790854832990809792828752927e-47,3,ROOT_OK
cstr,cstrfold_0000037,cal,middle_triple,0.01757623309246190698665979423742034966609247975003376995,19.901323003574017,23.21765688219831,0,0,0,0.05128571398983053806724643787162806741275546148552221843,-484.1236587948818946320653266609719707620016299997725343,1.612643643539822740144825269590862642472019076753785109e-46,3,ROOT_OK
cstr,cstrfold_0000038,test,single,0.005518941559530364660458896122991971063023890274243027708,26.313381571625545,70.51840118861949,0,0,0,0.9999991374091976358104577307633174905501510287060142158,0.0001562969862312482897950139449467879139934709802399610796,5.407943056285386301274595570986747019146006577835789022e-44,1,ROOT_OK
cstr,cstrfold_0000039,test,high_triple,0.000002885612870553325150880822514289240805643873896657190119,84.02931055800497,20.16751557352388,0,0,0,0.9210118430116968778634025333401274130521937992293381843,1579922.311493613518297011921576974850913551610472872329,4.549647504094645592581872091528112279336482540040337824e-46,3,ROOT_OK
cstr,cstrfold_0000040,dev,single,0.000383247070408606515445762176664101099516355195427404381,19.192763415687647,22.327991661015947,0,0,0,0.0003864171260217205467163713659335584896967329666277839253,1.016642196768440453792095921942913617908756143923770658,3.195148336108902150327642093806801248253414216867068235e-45,1,ROOT_OK
cstr,cstrfold_0000041,dev,single,0.00000001584339635727010633312935544165596663037154487449685759,28.450922777414394,75.23050143312807,0,0,0,0.00000001584341499013848948401458950683180704668149793829529081,1.000002352132585910163909502270732866211021303498334513,5.762076594004926633163544512667472745949168696457135922e-46,1,ROOT_OK
cstr,cstrfold_0000042,dev,single,0.01970959454218145183760772454476617719624966120038659358,92.36898546855015,20.00882428982721,0,0,0,0.9999963455524120120405886287525404203062981889766121662,0.0001854231331788776508295714488359848160866970662808289156,2.175520276168531961921050782289390648357845937782366367e-45,1,ROOT_OK
cstr,cstrfold_0000043,dev,single,0.01828754420136740240284880570214974555479928842688320689,19.28510748477901,22.411407981077467,0,0,0,0.9982661456990090501299137853482224323170000666479317971,0.09543971673427876993728282748887141002790907874799732937,4.159930167264412832251112219996021178356029888758927713e-44,1,ROOT_OK
cstr,cstrfold_0000044,dev,low_triple,0.005087666595165586823971781680483266631277590777155081709,27.356924992521904,76.17605496317974,0,0,0,0.01406585986217104790538281777916321849947642293905054417,125.4848504605981852646101036562657978781004454277768691,4.166151959650637470276783659046560003905647267546604923e-47,3,ROOT_OK
cstr,cstrfold_0000045,dev,single,0.000002554663060188115151802192507204822027662011865498630006,84.37322600457988,20.346462043450636,0,0,0,0.000002554789330339263893474437016047643137477709665212317422,1.000098858271417813856169587833062981968356651108154989,7.104274770080102685359870480100877718148251760512433287e-46,1,ROOT_OK
cstr,cstrfold_0000046,cal,middle_triple,0.0003870509561658062367460798089907069613776798402736356145,18.908407169719023,22.59428766246766,0,0,0,0.7874151294303141260209973915350517413953269162307791808,-108694.8993961554886073044444574902494628177797302950728,3.100472283215327441795478349902276256449921465895010831e-46,3,ROOT_OK
cstr,cstrfold_0000047,cal,high_triple,0.00000001562948196882900779170939292212471877248634346590573949,28.46903640960451,75.29594861035797,0,0,0,0.8397142385542210961285887096699002703679054905647536583,372490557.602952197459433631782896291300928454968421426,6.088834187170899379736143187406952613800074102818999755e-47,3,ROOT_OK
cstr,cstrfold_0000048,test,low_triple,0.01959188096518067410972014052649963237988357875973052013,87.71690726643888,20.047667718022254,0,0,0,0.05385739647166947460106953766071200674993339500149690417,831.5790695767488043476855306602547463636604101528745359,2.220228585866053913466262638804218600039176980649757333e-47,3,ROOT_OK
cstr,cstrfold_0000049,test,middle_triple,0.01794992256607829597384664443991854339248255636802003509,19.731021164932702,22.771021640912192,0,0,0,0.0521909098944992982194017753512924416722110149200871821,-1333.824095637908062368730438337733009912963804028628039,7.014694332096202603998350898632555562476659535168672838e-48,3,ROOT_OK
cstr,cstrfold_0000050,dev,single,0.005181044174688164872268267961264597584275379070477825713,27.151263865085387,74.86599670371251,0,0,0,0.9999995712415617332513853538374152766765733204472297506,0.00008275537031526800146405437581046196038832889460632719298,5.914142777478718603394409439822682600859066810231699058e-44,1,ROOT_OK
cstr,cstrfold_0000051,dev,high_triple,0.000001096673195986018828689894572797190579804798698758298482,90.04301445144564,21.412947726337908,0,0,0,0.9256695724845159450958187310459649609381773981693444639,6067306.671444217331332789284067874786548247681219598605,8.208630709679548361624808746671003930926577577129954194e-47,3,ROOT_OK
cstr,cstrfold_0000052,dev,single,0.0003192350329707808975270768801650865442578830284612367103,19.506608034685673,22.824198577211423,0,0,0,0.0003214817842805577451224335081867856581273339481652351273,1.014147564978818043919388417786675030188229564744958246,6.907447483702539340058618554601911314426466473814189662e-45,1,ROOT_OK
cstr,cstrfold_0000053,dev,single,0.00000001929348552256597167835233929856011635845048246705872774,27.697538416357048,77.33868246723762,0,0,0,0.00000001929351393883023230689664040273737519997334712577999875,1.000002945688049956114264017603927678021938516983260784,1.072052076480956506030292592742214091188715811616023729e-45,1,ROOT_OK
cstr,cstrfold_0000054,dev,single,0.01968677646360450157447891698006487964674065680267233033,91.11342951221332,20.02884706590831,0,0,0,0.9999962419565068853680130865229893983050689412201618546,0.000190900703688797383732097983901372590868550975284752999,1.969496727324035378921389059470051778815980453991712439e-44,1,ROOT_OK
cstr,cstrfold_0000055,dev,single,0.01798446916195096097915519914732771325780931130884243588,19.63278071581695,22.737621563612738,0,0,0,0.9985140506332069979943706489856174488635158179811728171,0.08310417435470039309994162827431415747671505361652034737,1.913861558703789795179067700477898567977230314872201093e-44,1,ROOT_OK
cstr,cstrfold_0000056,cal,low_triple,0.005383624257457404259861538509351927392474331980741888068,28.253837155259486,71.97596317281388,0,0,0,0.01520929143354193474385731528086269075194357200685168953,3200.110927261794881735257084708099392689478698250926396,1.875038520619522383218850764259350400314072446728832303e-48,3,ROOT_OK
cstr,cstrfold_0000057,cal,single,0.000001922575222161271946042195193459700575113522411706647112,86.36734699515013,20.69908848768838,0,0,0,0.000001922648039911075826685914550984141205674393489640753054,1.000075752353495711862203226750207464668277102502018227,8.2865192807652681880338928179141884827691942843512675e-45,1,ROOT_OK
cstr,cstrfold_0000058,test,middle_triple,0.0004494344026523990031454774772480018802736125663649622178,18.431003143206958,22.418328901945934,0,0,0,0.7812507187111503994811196775614267695419668868790844969,-52184.51132553370950585891693578117189652988469432049136,1.142285105748217248914216874328873363619504707320135672e-46,3,ROOT_OK
cstr,cstrfold_0000059,test,high_triple,0.00000003413059994611744250871068264823442373216009793428498619,26.93279458703824,74.72129447128728,0,0,0,0.8248729807575744947973094824689235472226132228967052085,2271828430.080689280708051601709499707965315051355419477,7.584042425616157754975801146459682406159075748345827804e-47,3,ROOT_OK
cstr,cstrfold_0000060,dev,low_triple,0.01906343513131324973101902084795735918260903010264285286,92.59479527038827,20.559517212029103,0,0,0,0.0521143001043065302076960558465249345990750343360569761,345.7394079649755600592789872337631760987517856646494166,5.312049085614800548893195737976150372838316084528155245e-47,3,ROOT_OK
cstr,cstrfold_0000061,dev,middle_triple,0.01855803149418985023549693181286055038491306193105689061,19.676525396771396,22.06748556932534,0,0,0,0.05386466532532123572752188125314064257830799597299004648,-19081.23879669286897179738079890734423342958923507577423,1.826625055757672064596984642833641422188582514017499582e-47,3,ROOT_OK
cstr,cstrfold_0000062,dev,single,0.005359868074024591208373888052469075000665266695027934366,27.808922189537906,72.35534306640382,0,0,0,0.9999996479263747909311832097392504992059329296062529313,0.00006568710044983319016925568888016317233188706377794012114,4.772604515539780029889243502338054119458795548509827885e-45,1,ROOT_OK
cstr,cstrfold_0000063,dev,high_triple,0.000001746915727545716833403883676892700739318695454780744586,86.08818770659069,20.871109346936844,0,0,0,0.9233273241578775374147643550487009615376661988387615167,2995894.598475337491949251743392655157271762293615945136,8.79616116174918605260304183919478161388007156828419916e-47,3,ROOT_OK
cstr,cstrfold_0000064,dev,single,0.0003849426457822278414645041354208925574761701082644796716,18.5617101284364,23.024951112239116,0,0,0,0.0003882467489243747208441877544048488095327077551715672293,1.017273280003450501114581013720413442927174556548644913,1.79793868265672382318829928938517250936329349211820384e-44,1,ROOT_OK
cstr,cstrfold_0000065,dev,single,0.0000000319563101464641462016312032875235718925914630538055594,27.035044040203335,74.87117620994987,0,0,0,0.00000003195638558439499615632644878130552427753272941517538573,1.000004721324876073229398537901259180862103672281900397,3.020500352916686816509863373408877320047357778778215974e-45,1,ROOT_OK
cstr,cstrfold_0000066,cal,single,0.01932756845407375272760875600890587659944531032943078936,88.80508381561651,20.340633149876354,0,0,0,0.9999966402495553202017977921115121887092267890002348408,0.0001738393098852321349028839404935396349776526632299646099,2.711579744776995062707762806581089996314381711797235071e-44,1,ROOT_OK
cstr,cstrfold_0000067,cal,single,0.01851979720244702098649164804090690670645393083042527566,18.349838168185403,22.207815454958272,0,0,0,0.9976430428139988683238396816967821218725689705950523454,0.1283423831524869733924822247478525089924215299219016713,6.56466103456168595274034219423949219379801967963783739e-44,1,ROOT_OK
cstr,cstrfold_0000068,test,low_triple,0.005173974605131866762560542119271268973018928110914324555,28.04523777043577,74.663291131662,0,0,0,0.01356440056667398828666399915886953108693322909456043192,37.26392149405652376617349692485488312306861566434593523,3.415943855535171494901043561324816718850257983763254757e-46,3,ROOT_OK
cstr,cstrfold_0000069,test,single,0.000002029325919069586840541425661068264207495854706767894241,92.17541621434992,20.33131785024162,0,0,0,0.000002029405533243989056994963310738134533391917277779135212,1.000078465953083680516958229599744471603512837737972205,2.000071056204578235951320602391712541754609485089827165e-45,1,ROOT_OK
cstr,cstrfold_0000070,dev,middle_triple,0.0004734299095731111685089811229463166146695253121011022311,18.907464046065403,21.651014014857793,0,0,0,0.7878029375175914766706375336677484225594603909594028343,-952030.9486922648304097168526168112265233338442707719009,8.829278999831212559435479817423508679953564350169061896e-47,3,ROOT_OK
cstr,cstrfold_0000071,dev,high_triple,0.00000002228388271979676390008186264192409126920210604836070488,28.24445151622896,72.29696209776053,0,0,0,0.8430968827770965078988216319186700595032738806306066617,144543778.5598272732632555491768452590276290667355787386,2.11556730163770387788465278537017162093773757054941129e-45,3,ROOT_OK
cstr,cstrfold_0000072,dev,low_triple,0.01893522391874198168223910026713815685867700116720619866,88.67299898129207,20.702727828474334,0,0,0,0.05220500985507180436088628273556720580138060791620851429,16547.24193578126710853993618321713217049580343355691705,1.668306356309938254837148813083146271919260768501528521e-48,3,ROOT_OK
cstr,cstrfold_0000073,dev,middle_triple,0.01700907824220789293747846654027093287309711399412734505,19.14384632828153,23.827222459615015,0,0,0,0.05691289787326827243119729851304619926371337605666048228,-27.36970029104329059200060472211395761904333282906351342,6.934624700567312994314539068157619558355742260074779789e-45,3,ROOT_OK
cstr,cstrfold_0000074,dev,single,0.00516385049566490164883921641896501362983394604496090736,27.38968891531649,75.08534712148642,0,0,0,0.9999996274353921874846180981430905756472838017965733492,0.00007214872194240017120563786968880327712117127406262596488,1.108515977652572911313231418751281915486385577719341438e-44,1,ROOT_OK
cstr,cstrfold_0000075,dev,high_triple,0.000003880483300405126634882834591892123843325751481088557777,85.01512858353414,19.640121192359068,0,0,0,0.9185779207826065999417472675205857022895373549594676759,54824484.89739468282787213749828959951866729458709586815,7.639750130173493730513168305996116401073082222918025193e-49,3,ROOT_OK
cstr,cstrfold_0000076,cal,single,0.0004766133321288946745968646272890688484731444665457739322,18.87374019196644,21.655108165711418,0,0,0,0.0004813730202222045235177677327848972445090236292500598774,1.020117338527706305828691261672824166684341880222066992,3.312304461530365002254936971224395598098468683004779841e-45,1,ROOT_OK
cstr,cstrfold_0000077,cal,single,0.00000005400271260556916525095793901799953045664279391867852532,26.265953337814498,72.93416821261768,0,0,0,0.00000005400292238786855820153854777383491548433394891584444234,1.000007769346556333885076078772332057017247018587967256,4.496500911345997648406239556786617192262964678158430858e-45,1,ROOT_OK
cstr,cstrfold_0000078,test,single,0.01925893135030640098525411278047258661004059313567135468,86.23437159084887,20.3799656364732,0,0,0,0.9999963993243129805562420127126348682475293690100132375,0.0001869696467862326291758961252539618613528362966037050924,3.139386838718442836759173184891755839657433296413715132e-45,1,ROOT_OK
cstr,cstrfold_0000079,test,single,0.01756556198667677965405393657527766991829847361440801009,18.705457508464182,23.321400282628883,0,0,0,0.9982210058128539428225209728494688680837357605856853989,0.1019351681440199100872162136132499304155780547127691572,1.193902447340151517912368739389651129781897334009517667e-44,1,ROOT_OK
cstr,cstrfold_0000080,dev,low_triple,0.005511683146701852443278791336452920979469210211833385022,27.31865416106109,70.42275833427118,0,0,0,0.01560507386898981223607013385492486294010951647977275287,11191.83991003427453097621425448521670215888806013111563,4.171998571310241812867304866457263023157096307891100721e-49,3,ROOT_OK
cstr,cstrfold_0000081,dev,single,0.000001514450413869467034956024528666044006138297757942679201,92.57127073064383,20.773856911382875,0,0,0,0.000001514495768417236136390950830858397372571606718401523319,1.000059897051905107770312060832437978521404395347911186,5.139884295197158051214241379761063628188688363885419069e-45,1,ROOT_OK
cstr,cstrfold_0000082,dev,middle_triple,0.00043025750894183849880507261565555257917922206864486935,18.545966216493362,22.497262025092827,0,0,0,0.7840316837316739075893786701137110889992688046474955448,-557763.5517573131435467750689729230189262383156496074025,5.230808466393508460197944563642738570086916581626551619e-48,3,ROOT_OK
cstr,cstrfold_0000083,dev,high_triple,0.00000002918326746185155990287956384349828893004782408497146311,27.71020579616154,72.04041500983698,0,0,0,0.8330694935559160471178473202923506217244109208024755124,11972216942.54017720137811302489767062559362523204313078,1.312458513478818534872998306476405813899992294124850459e-47,3,ROOT_OK
cstr,cstrfold_0000084,dev,low_triple,0.01940912066143806621504864934903760273604258351026862073,84.65803448740317,20.234523211034617,0,0,0,0.05305095741019767157849705939356234123650344042848499011,294.6658361405112739769702181650663790296638603377090686,1.192460046331289904302507727770701053633007604334421752e-46,3,ROOT_OK
cstr,cstrfold_0000085,dev,middle_triple,0.01730790787035975153202105162486492136602502172105159574,18.839988494739178,23.63895522881625,0,0,0,0.05036534068081294489143978593287759339396805516785288248,-13164.87846445112997365878142861186150974128106556214698,3.849975439849792991797802812445972350255822809517266427e-47,3,ROOT_OK
cstr,cstrfold_0000086,cal,single,0.005180352373726592243199160146782890511893663428124885133,26.851940957116216,74.90902644211486,0,0,0,0.9999994974459037569359445507189655070345396355355870066,0.00009701177154406264951900322213151325125582809337183132881,6.257791312799610238479939227560315848635787653370975166e-45,1,ROOT_OK
cstr,cstrfold_0000087,cal,high_triple,0.000001296880282428865792715939561701486940721902418635976299,90.68042987467457,21.111367075014577,0,0,0,0.9243488247670230412447406826664344672676539988868680471,185404870.7655777549630243701935806006410935828181731984,6.477853698759187557429944999115249866903672497350574604e-48,3,ROOT_OK
cstr,cstrfold_0000088,test,single,0.0002964174820712940338812191960082607146474434276607864501,19.456977024988436,23.25059991956801,0,0,0,0.0002983913085931607973250459963189889616078671255637023068,1.013382073974970722654574058329543925972624847451047531,5.857571422775066635740024040588620999200221816417405796e-45,1,ROOT_OK
cstr,cstrfold_0000089,test,single,0.00000006173891841982941573217939779907900188301236761251933444,26.297707683662153,71.01779284268227,0,0,0,0.00000006173918530791893968205324364414186682899904141573511352,1.000008645727493095620805699412188970403096828449253236,3.441319144364564905773335883451701426567204592834218387e-45,1,ROOT_OK
cstr,cstrfold_0000090,dev,single,0.01857663445897768189321813037001820723590122804847199672,84.05381896222542,21.098260165867213,0,0,0,0.9999974492240601683131228272101685862526869486479317947,0.000137315354725473774211418623261364082453650344539138108,2.085651591187285243849269319395901889990606246995340716e-44,1,ROOT_OK
cstr,cstrfold_0000091,dev,single,0.01734246730409671660988124415153643576634081031272928737,19.522874565256743,23.543414137318603,0,0,0,0.9986571766435318064361482216811514896218400443853424182,0.07783152211113925258224804098070686946961665904052292899,4.962842732063695851065416700559025332852723993443360048e-44,1,ROOT_OK
cstr,cstrfold_0000092,dev,low_triple,0.005329920243115104563740887806012887038133894876502207444,26.110240105314556,72.92096789470341,0,0,0,0.01501490825451658631831373807874543863224956225447001463,420.4757653685876176234945699992968950420590654881431503,1.440008037293958977926521852321459728702995329969316056e-47,3,ROOT_OK
cstr,cstrfold_0000093,dev,single,0.000003585919682056270328175669657351353517202021944657097352,87.69503501829853,19.63827962003471,0,0,0,0.000003586159372142617271676851531291044271446905630312550897,1.000133690662990062809248871691769027392722419913527994,7.91121735737525803864931022440649569988031476885711493e-45,1,ROOT_OK
cstr,cstrfold_0000094,dev,middle_triple,0.0004314280186211593385862765680711456677839183405065745535,19.279772585737003,21.695183639141923,0,0,0,0.7915761233997017413104111673753319242294683453667130919,-309145.2810977550183009269951918147982569444542746616741,3.1286994131961898430537445136475676267722051615554402e-46,3,ROOT_OK
cstr,cstrfold_0000095,dev,high_triple,0.00000003515807326478568611973785512555527176319504739076455033,26.684056065909594,75.94215156124709,0,0,0,0.8215218233397250965418862307718731326251888804608068948,6173968612.165059158680143845476124178662457950194782034,3.268306517530198877210679154213119304513562632680894437e-47,3,ROOT_OK
cstr,cstrfold_0000096,cal,low_triple,0.01973408946899702393346275460150626319783310814972064688,90.11995364058181,19.89192686001514,0,0,0,0.05245391261697541157590254783750012720823902340998891834,74.46265825946297427092904107799191762074872057394161605,5.473538947764818550816766396342344431930264280004500082e-46,3,ROOT_OK
cstr,cstrfold_0000097,cal,middle_triple,0.01874379140794553635691447420510537841521599785891976151,18.662145506021997,21.932722279687116,0,0,0,0.05473685936407088725494747225703178503663608407843411023,-1549.791127645873687637032507863873240660879945258994876,9.463950595630087426292662603214420071640236729854238542e-47,3,ROOT_OK
cstr,cstrfold_0000098,test,single,0.005047848189307334913376551322479490386435461904291914061,27.888063331828835,76.72990999257985,0,0,0,0.9999997406622394150708803146613923172661200606866563389,0.00005137596265010594925996048549424854327984751628720752417,1.903173569409975108011459641602818145561400442388937755e-44,1,ROOT_OK
cstr,cstrfold_0000099,test,high_triple,0.000002199640444938884181537856467638934383519029668389278346,85.41917058244523,20.533206969613115,0,0,0,0.9211473123627221570630232557656145136795694545101366365,108137182.9529771167319621349851468731917149021177052162,1.30723159374387930239544851655815983391039293878278424e-48,3,ROOT_OK
cstr,cstrfold_0000100,dev,single,0.0003341569462969540774142797610589481012824804009125789943,19.037812393156127,23.15490030257121,0,0,0,0.0003366575185634236964068936918706527316789344184574790037,1.015047483168685800646735805344328751760272148326335246,1.351876662482600378518658052193701406274003594424743712e-45,1,ROOT_OK
cstr,cstrfold_0000101,dev,single,0.00000004902617048635965815883330918261742100826155733283360505,26.767697680838506,71.11660870703757,0,0,0,0.00000004902633901706046578124979688744856124481679199062041195,1.000006875149434523234022504661828766110792429567595473,3.478565436004800924953747707812544306939056137900302123e-45,1,ROOT_OK
cstr,cstrfold_0000102,dev,single,0.01948793564648774734204048467281228144725853958036791712,84.65126376195204,20.15993668252882,0,0,0,0.9999956453050457989781903807308812346798393258532894307,0.0002234677627847763730042934093874267516507201143702652789,5.936211518158329915009072641445615579257017277548716919e-45,1,ROOT_OK
cstr,cstrfold_0000103,dev,single,0.01817954062291984498390365945740530607987207564818793032,19.04084717290607,22.548045098291407,0,0,0,0.9981802132464884564615886928204191141168319178172385584,0.1007856347649706979252868287929514558505159026794531129,7.175563267966283571512115408017327074204033566939019381e-44,1,ROOT_OK
cstr,cstrfold_0000104,dev,low_triple,0.005047541081838171349152334977472955328114409087589605295,27.283878075028177,76.80115781344635,0,0,0,0.01426050451061562720047268970497191160921775765069828706,1315.679433127886966988473648878845058979688165087658465,1.808824254528556730260252616391244234689219638792037301e-48,3,ROOT_OK
cstr,cstrfold_0000105,dev,single,0.000002973182454293713160245558641467782600423198550663481059,84.71343028319875,20.08314052596557,0,0,0,0.000002973351159924589857994902683541055851205021964598809316,1.000113489665781662982569584312183039163482141958489065,1.731616027318307071466970550625978030538810076068017474e-44,1,ROOT_OK
cstr,cstrfold_0000106,cal,middle_triple,0.0004169604636015570410536596288711076848801192509722269577,19.24876069356521,21.88137910463372,0,0,0,0.7912551094713055598514987751296855069626474206026662321,-232119.2896876484319260395183138992048800168125089964771,1.858805784745970756029901348558640395073570418151156826e-46,3,ROOT_OK
cstr,cstrfold_0000107,cal,high_triple,0.00000002154757770787341202753244716670636003735295520235510587,27.59079501440284,76.57556245413454,0,0,0,0.8328683318539657635979630036560585187705711624520502775,230674751.0561349726310508270440683409745030252524967236,1.207458660433140674297381994732359205288040615014505327e-45,3,ROOT_OK
cstr,cstrfold_0000108,test,low_triple,0.01970023020756471998796857315681671305385553902158628092,85.49416275647656,19.94347953136213,0,0,0,0.0529534327916998650713326727694942409544720918554164692,105.6024862677344999484649422431579028148220200332386441,1.793367703626564126456409603740028792640751967623160606e-46,3,ROOT_OK
cstr,cstrfold_0000109,test,middle_triple,0.01777826781192342208730262908713561131445325205112908399,19.27954727044985,23.011882357757152,0,0,0,0.05166836938061270305269243103793189913973090792610285899,-7606.343717538430685944379867726128153687157595808753774,1.022913291073543733524964308927310438194093932193498335e-47,3,ROOT_OK
cstr,cstrfold_0000110,dev,single,0.00536423564889051224098038922954582302340403656986176939,27.625391655617943,72.3142731185591,0,0,0,0.9999996115722037258985530950780596871821242369200349115,0.00007241077843657092423948205400555457366431173958525693842,4.284344134697587275157811777179912241749026489735521341e-44,1,ROOT_OK
cstr,cstrfold_0000111,dev,high_triple,0.00000268501473530563311264269727256275734107294408366720139,87.48427288292487,20.107712754778145,0,0,0,0.9207157620732743351507800188418970046575790106871914383,202528979.1734941782325339020510393490924203540800422949,1.03465885023932845040399235377712123236558040905541324e-48,3,ROOT_OK
cstr,cstrfold_0000112,dev,single,0.0002725006670539408463875899639051727363542701588702255789,19.47033497780239,23.612930643749912,0,0,0,0.0002741949151693483680426289552674997122046663753047191073,1.01249077306328805997656906647126541817253506849768268,7.894437025833382475796504397256313766338894837282516703e-45,1,ROOT_OK
cstr,cstrfold_0000113,dev,single,0.00000006689798445354244833372656182749619595504182071076105372,26.104865817014254,71.16548379964593,0,0,0,0.00000006689829847011417206935345096867206703569588914256212512,1.000009387955426773011569640632197991260538168309712245,3.072160438368330168530165676293225911798627121959882302e-46,1,ROOT_OK
cstr,cstrfold_0000114,dev,single,0.01864683871123795178940481976848782524339084146189018001,86.30291112289594,21.01322869074832,0,0,0,0.9999975430413126670999270339729041313247652011943772968,0.0001317668226803759677654792553132993588332448504700456605,9.200462138292387000639959903368843817768722069262321813e-45,1,ROOT_OK
cstr,cstrfold_0000115,dev,single,0.01789529613070319286507273783245014457671253649543606466,19.251142638600733,22.871262783163456,0,0,0,0.9983769806134686978471207111461272606927756153884916921,0.0912557616789047928616977046480927134427143632218744314,4.38234876827459250241583290320974003786585742863247899e-44,1,ROOT_OK
cstr,cstrfold_0000116,cal,low_triple,0.00541950648098006971322601943630945389146988092590668807,27.081787727800936,71.55421376861582,0,0,0,0.01465388063308645636845802187561922509377737500916275969,62.82856305656543462160204809498333025214051189049390847,1.702665089737601060760958263466511599798187386754587716e-46,3,ROOT_OK
cstr,cstrfold_0000117,cal,single,0.000003322143092292866515878948730391683572972375834975964313,84.39380582831235,19.920650595266373,0,0,0,0.000003322351932102434067329147030669206909049293746095388917,1.00012573182727514494501848026167509330918336354860074,1.83393826484399950361435404515271049044052524293082673e-44,1,ROOT_OK
cstr,cstrfold_0000118,test,middle_triple,0.0003617971146233685417593174380452551036481606536035063254,19.985857626163536,21.789190665539437,0,0,0,0.7988579869328115871844850392332984711515977164398170217,-2050088.462640952452329483571342362873915455824103313392,4.405341822921041438729101566206121350383935303232040673e-47,3,ROOT_OK
cstr,cstrfold_0000119,test,high_triple,0.00000005156419781390897399301834208480883294395631965468302472,26.55235358904902,71.76169999746847,0,0,0,0.8240635869777553250367892364530869254964388967308155563,2838265300.257171391649690806523847566636856618748682695,1.979710124235270663492926974312167760624426430475471255e-47,3,ROOT_OK
cstr,cstrfold_0000120,dev,low_triple,0.01960288023729952963999039021062769390895575432339666758,92.42397989613171,20.02201975458551,0,0,0,0.05315254346462862783625408798359056738146089064746133996,169.4005671012080618546582893996788911566500018108565902,2.308436270414140678724988794520466935594876200612075004e-46,3,ROOT_OK
cstr,cstrfold_0000121,dev,middle_triple,0.01794447715006178951365823042547078259002432173161559861,19.249767941720478,22.81192503785355,0,0,0,0.0521601359104571176605491074590740754354504264362354296,-8539.985144295963088555566842305463434860539503675380876,6.761220799334911376158619988900350813525066508827283039e-47,3,ROOT_OK
cstr,cstrfold_0000122,dev,single,0.005189312975891783478028952579608460507109509629392280575,26.11920486493221,74.87009813966179,0,0,0,0.9999992496676784949330057132489516618884033477044722173,0.0001445922767782018483028675960233556231482108783447867395,2.766097237096858124607096024895179633597541150230167178e-44,1,ROOT_OK
cstr,cstrfold_0000123,dev,high_triple,0.000002193243860808600118013764973048296959674746647937050418,90.29949128732082,20.294900154507356,0,0,0,0.9226150005808427008902698032927589648437948071523179491,5436367.222552289045440357625981627059673404649410906471,1.655078749360628104672254391724683310815534718451322508e-46,3,ROOT_OK
cstr,cstrfold_0000124,dev,single,0.0003415110271611670423251637703260952928128042585021457148,19.871286742110723,22.148829623762957,0,0,0,0.0003440036486575122688077484150224226565577908777190400981,1.014674794695951709229044249187941407550236788504372488,1.656027923814912141178206920860567014141066469601553986e-44,1,ROOT_OK
cstr,cstrfold_0000125,dev,single,0.0000000173406197988069669487327113214594993701395446664987479,28.200823027593284,75.53285348236587,0,0,0,0.00000001734064221066188334915309286983575596216896670600790235,1.000002584899083461044874973506880541087159930921362655,4.482879792550752367878025964700840555447661953356630467e-45,1,ROOT_OK
cstr,cstrfold_0000126,cal,single,0.01923638673692558834820801258122410549368488132333008684,92.28341884178589,20.428099489671112,0,0,0,0.9999971684189041827465642428953818279758013745925997586,0.0001472045098188192411975817408571920585299072148544042681,7.745988184365501544801338176024191123488634278468344347e-45,1,ROOT_OK
cstr,cstrfold_0000127,cal,single,0.01846213498354948966468277413095138593218375269880686725,19.324245758798,22.200392224347333,0,0,0,0.9982225010038518104522597612370399335203493517677645018,0.09693546341837723574146361942401828500631728370425360034,7.983734618872087380463906852258694937554213103604451759e-45,1,ROOT_OK
cstr,cstrfold_0000128,test,low_triple,0.005084480915315727256045052135461090745335717394528917582,28.4602671022353,76.12165345915125,0,0,0,0.01423556065383517513880490405665260644404855296239543879,316.6606221443732325049662335608475012097307974113918854,2.820864345804392184237476619139662452823682264535032771e-47,3,ROOT_OK
cstr,cstrfold_0000129,test,single,0.000001279181513467980697213678724285433253914749034305447317,86.15688333787334,21.374972271507367,0,0,0,0.000001279214854435325593443468132164222629826948922952912895,1.000052129604260154166741622014730180069089813373760527,5.00589698510266063994281323047478149078508178171934675e-45,1,ROOT_OK
cstr,cstrfold_0000130,dev,middle_triple,0.0003297634467403759726898452602612887909791731091368991956,18.552621978708167,23.817372505851488,0,0,0,0.7843667479979140208691148268295469016191176247928305105,-3989567.443951176586147267587252519308331248086389552645,8.06235504566871267861827571641850606897377102483677493e-48,3,ROOT_OK
cstr,cstrfold_0000131,dev,high_triple,0.00000001658538646881988567097386305937226693021634912004809467,28.199460294788416,76.1583852193317,0,0,0,0.8354282849045425628834812570682733805476920050236496189,664512256.3022878861458626542245508541705648911384517211,8.323010093045641440243703515421197409419637867700492363e-47,3,ROOT_OK
cstr,cstrfold_0000132,dev,low_triple,0.01845290753240521161273333099022055216680512228512770147,89.44696089991793,21.20878472472049,0,0,0,0.04978930928332907256144868434477185158505582090835665776,128.9429003900865859580002419933439067655230385168225209,1.666452530215139454273496176404523725227437360789408808e-46,3,ROOT_OK
cstr,cstrfold_0000133,dev,middle_triple,0.01840236664335351486748372647320372764969577072369290878,19.324736489153164,22.268590507723314,0,0,0,0.05348250168725793880056926777080971863881464338981236966,-13750.08036540217067224759033905354819271935076872397994,2.001915726376422194546588541125082760580344077122931197e-47,3,ROOT_OK
cstr,cstrfold_0000134,dev,single,0.005185917634462182196847186405260656447449639115102503725,27.07210216630111,75.203203654161,0,0,0,0.9999995634451118748497520682858797692671867288020443132,0.00008418099409008409003948431766885623789544112519152680884,1.543309281254698386003273259728901814499166453122254493e-44,1,ROOT_OK
cstr,cstrfold_0000135,dev,high_triple,0.000002268502543799016773480343830509529770435126620270220516,89.86641638803805,20.261816384071395,0,0,0,0.9226353147817181755312435905777881861608795365668360038,3520495.057336070696989184358442387892966194808330320711,2.031760052515343502832273624546418027256687239433956377e-46,3,ROOT_OK
cstr,cstrfold_0000136,cal,single,0.0003153830327232155565590167561155448241696415929022747814,20.036617813279943,22.347502403357986,0,0,0,0.0003175272777441920107071704379909737189112808086125664037,1.01366470490601177726286780251086199202677088017430214,8.13997612141276666926335449968360700285038972083701686e-46,1,ROOT_OK
cstr,cstrfold_0000137,cal,single,0.00000002099348585395291521069732451626678875360810421319848335,27.858318852564828,75.2315765026284,0,0,0,0.0000000209935185698465702563667693717160875044392089093850634,1.000003116769761668463959116541234602467751286937086075,3.834410451278244839086478127530886461616999184890796372e-45,1,ROOT_OK
cstr,cstrfold_0000138,test,single,0.01937897961401199816113116768339494288550323205867985912,86.31109753713392,20.26019903473581,0,0,0,0.9999961403427601727973734630719553576930984798446491372,0.0001991766540963182428756495330151098313035151663961879223,1.387351555715441363185575521193839695394102871714083066e-44,1,ROOT_OK
cstr,cstrfold_0000139,test,single,0.01852867098569906887997790805452881649641576403455605583,19.720933694110215,22.097824553032265,0,0,0,0.9983813093078910608665032010084915222782590252741234121,0.08791943215722275426222544656517979418531865694356131539,4.3407941724680637315933795332648643275764853918974824e-44,1,ROOT_OK
cstr,cstrfold_0000140,dev,low_triple,0.005099903559095929442932861165595493801119391640280855884,26.61073420383848,76.10157606376569,0,0,0,0.01445085661937319074996276911359699404054449605983853587,5819.562375589207001591196272608969775417758570191664592,1.292221989716187025042164782715588566496060268297691999e-48,3,ROOT_OK
cstr,cstrfold_0000141,dev,single,0.000001266108459860275177566414607934620119261718690078499443,85.91210564024804,21.40576313926254,0,0,0,0.000001266141172179556905497129749336265044633722962826136464,1.000051674794531577316067338805719585155577951487010458,7.861017948386182207624582920037783500956042663733711966e-46,1,ROOT_OK
cstr,cstrfold_0000142,dev,middle_triple,0.0003479381700241077092253833716217941174961246583256288349,19.379881467554952,22.57860543901824,0,0,0,0.7930191513040609751663591912760146590485388912119101121,-378156.805384994844197908079045832076606231268914939915,1.860976944844695793765853991218130292279976302225277468e-46,3,ROOT_OK
cstr,cstrfold_0000143,dev,high_triple,0.00000005858096707873871701260193581498357237055729609497709388,26.466964206508532,70.67050022722805,0,0,0,0.8242940600710572435772662995861874974716934221618318197,2339034320.157978847775181968714725918838255361263730864,4.871469021651143855828952134143181361691440296971507799e-47,3,ROOT_OK
cstr,cstrfold_0000144,dev,low_triple,0.01889897631284668077230763532399289247789094726476660251,87.44117774505769,20.743730345775305,0,0,0,0.05188914265997833655745841566396923615215203434757796663,627.8701127307114928829218206996429909274545646706045866,3.26456428508067603643126855234992988389227551242364886e-47,3,ROOT_OK
cstr,cstrfold_0000145,dev,middle_triple,0.01901880818359298475053932794705299013281464008749347304,19.19323896826696,21.594587968516112,0,0,0,0.0553343829842679934761619701119123545252403323737996409,-7530.217758153188311401348255108273094065465022631719019,9.504046572144309157133991189009478027444641451447770254e-47,3,ROOT_OK
cstr,cstrfold_0000146,cal,single,0.005339681925157244777635379329969244690152361328372606655,28.705594045442577,72.51505981904904,0,0,0,0.9999997805766279621212548282072399629137915783677964466,0.00004109301036311140718377239520808549456263856341357786386,1.647378647537023965261390424877754539597572809523333443e-44,1,ROOT_OK
cstr,cstrfold_0000147,cal,high_triple,0.000002631516449855887103201599099243675428511066916510781008,85.99876461098836,20.213813811054063,0,0,0,0.9205700717765928977142814828519086019021282651125729222,26964920.46471117774502871626347563012196988404025658985,1.193307759757828183512872134152631223011255986791976997e-47,3,ROOT_OK
cstr,cstrfold_0000148,test,single,0.0003777227851384282705611272571905505058787634310335360775,19.799173328775762,21.77809323027221,0,0,0,0.0003807213237695495887628385205882196956104783926445750702,1.015968248107981168074694486747416259932762814393713811,4.017049594337804791165921218831749796415178206082522839e-45,1,ROOT_OK
cstr,cstrfold_0000149,test,single,0.00000006088468140724052172239117834547442012086946611256320722,26.193829320331364,71.77155568842157,0,0,0,0.0000000608849437551158396081395839617506573277780990434936223,1.000008617888599767395740914657019599624064504663544612,8.084024115858985692388226513463275260133483577864740011e-46,1,ROOT_OK
cstr,cstrfold_0000150,dev,single,0.01889719542877458435424471455287567267795731164510840545,89.68127887839705,20.73937340234594,0,0,0,0.9999974394764097149135722553642916429275429686916115465,0.0001355019446632166657208921233263581645171779706636489105,1.163189302150939039407961092702584556904472867877397598e-44,1,ROOT_OK
cstr,cstrfold_0000151,dev,single,0.0178632181964172648384769279689979091049580827359331421,19.64803428391772,22.964674159926265,0,0,0,0.9985814482016292806037094754945469582676404490133754337,0.07985232974372466315542602634860400001517126551980646106,1.091584997047448852699949763282863047357974652303126448e-44,1,ROOT_OK
cstr,cstrfold_0000152,dev,low_triple,0.005078939758333623644003357307678789639665418386808381291,26.232023751737866,76.4005039977664,0,0,0,0.01384581231154190124687797700904910625780922149279240638,74.41893951023480390742145839214538863934460841420907187,1.186426628274383155331312264825731717434694047139668264e-46,3,ROOT_OK
cstr,cstrfold_0000153,dev,single,0.00000172053717603480438509841770595720381266878307765817035,84.05482652034688,21.00898458113664,0,0,0,0.00000172059641062444486666825848920935150844212421233280933,1.000068857686240418485207119130201643527531639040846263,7.984326879492281740473577120408538743849267720091162233e-45,1,ROOT_OK
cstr,cstrfold_0000154,dev,middle_triple,0.0003298614474644892845820619422666067151142925092890448824,19.801612378997685,22.391633862383614,0,0,0,0.7855956116409336558841659313724618551447637336615523056,-8853.053000281110197264417284159110367824349866593428953,2.377939575104649482653101779204042355367525418117121463e-45,3,ROOT_OK
cstr,cstrfold_0000155,dev,high_triple,0.00000002340060668317865992825566653362956721113304061827245472,28.12661516220317,72.35579789295434,0,0,0,0.8360750412192323468045801825993402587928684331065429906,5307691054.167745323666938557610688064727923803026235212,3.543874295077810433158103667441369644707331853684687846e-47,3,ROOT_OK
cstr,cstrfold_0000156,cal,low_triple,0.01976746301428705430005295492393345040296877360808622774,85.55232895275898,19.88552808143187,0,0,0,0.05446772595712569731083382390515542042263889848082491729,1969.608446470515519348962839948661074988702479777698323,5.91732177479405903100282743238273118338772243954553509e-48,3,ROOT_OK
cstr,cstrfold_0000157,cal,middle_triple,0.01717543777216099769957467898637218955738318787881120967,20.10744636154129,23.717912890424163,0,0,0,0.04974098260867857970346808228199043661637830337767718579,-10899.45487550601629439583087685511754586184638499812492,1.780000316481546315702755637142720766784771055337367409e-47,3,ROOT_OK
cstr,cstrfold_0000158,test,single,0.00517528838400142601471331617087885976235298440908675371,27.143683853116276,74.9603200872165,0,0,0,0.9999995718748980350017811281261102888844023751767354969,0.00008272503055325755446952117456806645925959326214727729057,2.915718029623143311659588004340344067436180259407503685e-44,1,ROOT_OK
cstr,cstrfold_0000159,test,high_triple,0.000001515876328334289242121447195114561089414380062604156654,87.53866618522845,21.022871214619105,0,0,0,0.9234844172901433211758667979272746414747027438208296158,9598312.528755196412552270382201204460877228325293053011,4.714699578601460366990010776006089516724902291373104287e-48,3,ROOT_OK
cstr,cstrfold_0000160,dev,single,0.0004218496593800453464782734074452408073760974893003157473,19.367542432602832,21.708582446105964,0,0,0,0.0004255820230128644151839106161113196178227941379835306001,1.017808617721376242092093350981711610934024678978163739,7.890686438733251181651161668747209084775750411894064346e-45,1,ROOT_OK
cstr,cstrfold_0000161,dev,single,0.00000004209868698996040278061466609202042056072129146653391057,27.011038474696935,71.5791002882242,0,0,0,0.00000004209881207780408078748671454171444602638184872602313991,1.000005942613619678781801382431012957427556921673328617,8.016417650578015730977342711942701660090660638545464627e-46,1,ROOT_OK
cstr,cstrfold_0000162,dev,single,0.0197778365479521304820704820835493098985537320847939398,90.83219452665807,19.861079983973557,0,0,0,0.9999957740691104729436720059551315974709542660546032974,0.0002136812011960596609904903724107204531041569268193843484,1.335834263962242166309394683969415562391465387048238651e-45,1,ROOT_OK
cstr,cstrfold_0000163,dev,single,0.01773920575142004976098863008418464781753234961424103259,18.744029963534377,23.101151573865014,0,0,0,0.9981806494195325301990750508589730983104729395881422796,0.1032452373163430722913148797072927512961976093992171005,2.875845028899237385620441915238643158842033316033403535e-44,1,ROOT_OK
cstr,cstrfold_0000164,dev,low_triple,0.005205566690552232443766678994543961786864750481896475191,28.674412421302574,74.35819753116087,0,0,0,0.01469920009044963020990345408686791029916473331079322564,4003.756354937088888967992044669007180312654530036540529,2.940818488275510378032095216730151683084375852600228499e-48,3,ROOT_OK
cstr,cstrfold_0000165,dev,single,0.000001052126109109230107285901668279888544611874367981994434,91.26700601719786,21.41622654014325,0,0,0,0.000001052148709968025330101923316947014497582451085309251206,1.000042962948081799719918126382632035704404499165555028,7.878151503295562625703725818110428872304385993432778282e-45,1,ROOT_OK
cstr,cstrfold_0000166,cal,middle_triple,0.0002512423591449485534304895664164238393823639324409596086,20.20583380377869,23.211140760444298,0,0,0,0.793361520442735766619775467485874060658687260482595993,-15692.6383953787798855816481611497081276266679653595533,1.496753609909659948144991507535354379807000447476741103e-45,3,ROOT_OK
cstr,cstrfold_0000167,cal,high_triple,0.00000001882961748194162817082273468229310400663745356175220154,28.600029853577112,72.36042016851987,0,0,0,0.8497458307078231276225574698730366041002354809163213702,98473156.89395420373310325159527755522297200105705248687,2.935450064177566702177462340239415724250252996988298889e-45,3,ROOT_OK
cstr,cstrfold_0000168,test,low_triple,0.01941338399651640804716429138489659517494275111829391693,87.80772543590383,20.221882457881176,0,0,0,0.05350559738816667500236915871346306298827992272932446871,3794.549734556322040756900427433384353817762763314157245,7.827109261444597771403952863029812405340405590957250609e-48,3,ROOT_OK
cstr,cstrfold_0000169,test,middle_triple,0.01772069272865397165542935535812168273489191197609263215,19.647222760259915,23.04961407496356,0,0,0,0.05278365854298397426573273474066014466935216971273131716,-128.6011351586544708591568040073094013474558151649119038,4.964817365703195776332055035343846446739965125698362114e-45,3,ROOT_OK
cstr,cstrfold_0000170,dev,single,0.005079091960768098436354461594788391301954267055980228956,26.1584830939925,76.46370961806882,0,0,0,0.9999993246524076201295339281511439942392823932855514821,0.0001329665632106640806377215711509421872002129041478548216,2.189192119334829679001697862314407221616085435384649769e-44,1,ROOT_OK
cstr,cstrfold_0000171,dev,high_triple,0.000001919994119364427732109075886679843396014845190437111373,87.00127427561007,20.669742767032645,0,0,0,0.9229370037107854691447218734518818033899743410792591718,3337326.585541944300504140441976116892357957979039845826,1.134095540961491661400342478226146296964338629993870052e-46,3,ROOT_OK
cstr,cstrfold_0000172,dev,single,0.0004216415222386549084767124136147012887564507774063333081,18.310417028905245,22.876377600176745,0,0,0,0.0004255831873006655898021328786346896913669547175585941829,1.01882312131722816887207107806772065598670280305866982,1.664973515623416522882433692030548432854888448013018735e-44,1,ROOT_OK
cstr,cstrfold_0000173,dev,single,0.00000001767710778384758731107108144370529295083018621975359468,27.90639358447511,77.15683812505858,0,0,0,0.00000001767713158139387069868675732460433038235285757863501244,1.00000269247322714263097659591055294750799730449489846,5.069529592717722636254459215195363214333114755103002832e-45,1,ROOT_OK
cstr,cstrfold_0000174,dev,single,0.01947223954985766354102048476531252497065075676193746262,92.27109053750324,20.15202068690242,0,0,0,0.9999966311235537963776330485841384465504015996456398459,0.0001730165223767106828886423899025517656862544894249979735,2.438373627776975914818872294748935496542623708192215745e-44,1,ROOT_OK
cstr,cstrfold_0000175,dev,single,0.01807361475153500349659874501726142557018273846226127713,19.20662175747237,22.662192983982813,0,0,0,0.9982983932281312122603835599228127075364755247834196698,0.09475751777058077020797923791094575990043936776272371551,2.606912585020358000171698883723058672633051852012213858e-44,1,ROOT_OK
cstr,cstrfold_0000176,cal,low_triple,0.00545787516688383781019574310183868853001374044825825051,26.57834193663088,71.18602545380432,0,0,0,0.01547191072127823559925617597434122339940969929206717835,12003.45105991679525437733552239442136820542538436549946,7.668393196373114579305712644158756972632228380620883137e-49,3,ROOT_OK
cstr,cstrfold_0000177,cal,single,0.000002553961343519465140201393784028907602943215660390439952,86.35934142070414,20.23131832066562,0,0,0,0.000002554086793151319581718909936965069386762533957325047222,1.000098242841596066835973915189091319187989274728551293,1.698175071582203347488048299302338270666773357513172736e-44,1,ROOT_OK
cstr,cstrfold_0000178,test,middle_triple,0.0004285037763747879585657459174206450041712411691966919724,18.327686374164024,22.774961433992967,0,0,0,0.7812183535177616321490618932374975651006551309034924928,-179666.7517421939346906392845412919103128178002019064625,1.80014282999565483056071056541706950735770727351988547e-47,3,ROOT_OK
cstr,cstrfold_0000179,test,high_triple,0.00000001392398959321190733117623237977126288616713128900794491,28.57601679477849,76.09641940210022,0,0,0,0.8391304202767068908261617843801406446495504292389710559,533623508.5412727838215119244606107095711781589234825858,7.645224125401562354924232741647714070618361457515955693e-46,3,ROOT_OK
cstr,cstrfold_0000180,dev,low_triple,0.01852568559847044757636151954700149101663928464467790887,88.4621563981032,21.137124513431182,0,0,0,0.05107292406630901225985130124708091882320932869611948107,17196.30948664664128991085445154826618448404986680288666,3.522787563093524076548956574253702311845370596870811252e-49,3,ROOT_OK
cstr,cstrfold_0000181,dev,middle_triple,0.01784930214630743730902165205044736598250543345188118856,18.858703837727337,22.95585700420506,0,0,0,0.05241885229076678823916100382489909465435355707270885165,-368.014165113450484325657704233299343770520394168766317,1.431667279805893126630605707411963598375091197271933314e-45,3,ROOT_OK
cstr,cstrfold_0000182,dev,single,0.005330095934625650048636142740879940845420404612501921754,26.563124849090556,72.8751256609749,0,0,0,0.9999993412219005442768466455047484872713616109995955786,0.0001235962598866635590576857796992230069683111220812719067,2.705795855580293340969561225470457029949946735329522388e-44,1,ROOT_OK
cstr,cstrfold_0000183,dev,high_triple,0.000002092350142986206123431868909836462619878439519888285896,91.19742984611268,20.327697391666334,0,0,0,0.9225033337102314498410274490516978206241870352776138904,175572752.9971523675883912303927234223671031716411036606,3.340491915850427207246161045180963480998242164707793613e-49,3,ROOT_OK
cstr,cstrfold_0000184,dev,single,0.0003708480606729964999120053304816054927918009246684054768,19.4008499658197,22.26088180500115,0,0,0,0.0003738057363359985181494318591251399452373477379929048614,1.01604298808266752202060541803873216505145197833550986,1.426269470562658583957290612851981687416990673066688319e-44,1,ROOT_OK
cstr,cstrfold_0000185,dev,single,0.00000002701514194776258927721340071567148854540586337148572003,27.866271032343402,72.08536596000499,0,0,0,0.000000027015193827280457330340975954342268361356683020063446,1.00000384077868972828488584649550345189388404427498006,1.204828687867538818860801527336598204871115977380354036e-46,1,ROOT_OK
cstr,cstrfold_0000186,cal,single,0.02012375944352654523436547120033293146380986563024047477,91.53486868345863,19.536564680746658,0,0,0,0.9999949409162501749204232802204698435521961350755460954,0.0002514141447524221269956196448338944657312754446668666901,2.793141626067872738691207377930274703584945325114512488e-44,1,ROOT_OK
cstr,cstrfold_0000187,cal,single,0.01863384330413238798327604420695534065984516021523806437,18.321602215053296,22.130416139166954,0,0,0,0.997599465686779513414958719039736556477882538403025424,0.1299336540994100974391972108270843838539888924688829801,1.620895385724559890285428754000376854430648435720462164e-44,1,ROOT_OK
cstr,cstrfold_0000188,test,low_triple,0.005362966884943894972907590787697324532698544707314747057,27.62114470851909,72.13499462857523,0,0,0,0.01412568615879485323313897966983686719546731915516962358,39.55637734393426562232378488140856059833843778169870807,2.627314622741095979728087705327555884939190613748070319e-46,3,ROOT_OK
cstr,cstrfold_0000189,test,single,0.000001988802896270723846277717154359194619200238203118891413,90.5287217254773,20.438888225008053,0,0,0,0.000001988879788042564159813253021877847397546880026287776784,1.000077326900040085618430793478584050126748961268635077,4.849408373934401477276091743126475797386927284677518287e-45,1,ROOT_OK
cstr,cstrfold_0000190,dev,middle_triple,0.0003082471438372804480723896809765407394355613322399175875,19.37574942371812,23.16525373116371,0,0,0,0.7814501162441324376534658237618327241591695466861745302,-9649.148762404290440243449910460629759572115431496838745,5.511207440774420955131008930306824823104749328596972946e-45,3,ROOT_OK
cstr,cstrfold_0000191,dev,high_triple,0.00000004211325315801051437096736560177879081775101141159764025,26.113204679544253,77.36623286575708,0,0,0,0.8151557134094571730015960976027472041030408401759086262,7612193063.475591126232953017584270440443819095516056384,2.326613323868586497489417985190205724158135261900087919e-47,3,ROOT_OK
cstr,cstrfold_0000192,dev,low_triple,0.01883675955799282710139542565550794810658663975710081766,87.62677590161455,20.80793385660832,0,0,0,0.05161940559688674194408750554816216072074949424593538994,442.6309126836500362498796100927000891887653514312887749,2.298927971944096707700575732506133988797653068898241504e-47,3,ROOT_OK
cstr,cstrfold_0000193,dev,middle_triple,0.01862987640641157924155728901172920902227909681191577807,19.375522848086838,22.007620478155197,0,0,0,0.05419557972244181261546346481166659317781744275107137999,-2648.401277059693496616149597036013796439993426046797017,1.23453485232797318277880123776135681013906893917508386e-46,3,ROOT_OK
cstr,cstrfold_0000194,dev,single,0.005211294248734695239860531063604974104491813957851134715,27.149382616353357,74.43747933912215,0,0,0,0.9999995600930754556511658844621953628274127782451735691,0.00008441430072759365955308025517624666100851544502682273813,1.827364837285496389647665444369248581169178457127720039e-44,1,ROOT_OK
cstr,cstrfold_0000195,dev,high_triple,0.00000227310662366611091032736913919094627215300239077607274,85.38930579875115,20.481668131667345,0,0,0,0.9216868128851123233139442240379110377869315473176034127,3739962.117065974314335543912979881895344642375146197043,1.283252253002173707602487176472582818860463391471336141e-47,3,ROOT_OK
cstr,cstrfold_0000196,cal,single,0.0005002288165914135595708536009785866805381119083899083091,18.472043277521507,21.857276164942743,0,0,0,0.0005055276950103555846034738055329534345422987470046180703,1.021348183488428502680454478755809754240569428265748996,1.157034462693798767468046107287465940473749963601529428e-44,1,ROOT_OK
cstr,cstrfold_0000197,cal,single,0.00000004413199585561967871119314980671238728559400384780941198,27.003206789219224,71.04615312329895,0,0,0,0.00000004413213228043958243639472338536948623993805444631373744,1.000006182594985832802543850763142222344777803448087944,3.95966277216840380864281887795441067520006422657011753e-45,1,ROOT_OK
cstr,cstrfold_0000198,test,single,0.0199098176555970369866777855896994492143178304902253423,86.23801920388708,19.74913178014486,0,0,0,0.9999947251922033173951658800141523155378402193710498762,0.0002649518884440274825177269887766757057770280247217226043,2.29410063014964130004573428845023685082828741994740299e-44,1,ROOT_OK
cstr,cstrfold_0000199,test,single,0.01873909655180610961797540062492189131707449399783387283,18.331313393289502,21.96342467905088,0,0,0,0.9975359387289116646756073273716214702515575113373357884,0.1326552083903732471178531624935773022437310679977869997,4.448380046920385741765402384603068225459777377706090427e-44,1,ROOT_OK
cstr,cstrfold_0000200,dev,low_triple,0.005304180470460559957762138532068873790444921813972975608,28.508375756108155,73.00695045897784,0,0,0,0.01480426372091096828504667553020293647821522080117056393,237.9616202236719388847118921370168799491902969015992828,5.76977018476197332944253675452827955532834796243197302e-47,3,ROOT_OK
cstr,cstrfold_0000201,dev,single,0.000003832180647871201219458819006769536554836864601239304494,88.31413910307629,19.505319572045103,0,0,0,0.000003832452438391206397252562786899161507310262825807494377,1.000141853877674679384701793237224469599039521929659457,6.949395839678725965271966864717030505391825716726432626e-45,1,ROOT_OK
cstr,cstrfold_0000202,dev,middle_triple,0.000361802412584800015472407710905754318382072944906692383,19.68053553323188,22.104736385172863,0,0,0,0.7795524710191519931146528809313391347987914694370036156,-5947.858061195845316988001995522814597298057108012015805,8.328968782390788362055220962229962317070043108711475545e-45,3,ROOT_OK
cstr,cstrfold_0000203,dev,high_triple,0.00000002006156789247930584858077095506892418023516048939379968,27.576623969521705,77.60914456235635,0,0,0,0.8274790742645301889156528826627857895061807681153210435,52392916441.80858751408193669104645547833490992832125106,7.160704372401463813443008379940439331308315165656088738e-48,3,ROOT_OK
cstr,cstrfold_0000204,dev,low_triple,0.01855345700309631817849568215521119248083708077001850443,90.36007105068329,21.101651271115557,0,0,0,0.05103840260634632406438165323720184908127309139478880163,1368.416525070016091436192949295342522591270582174176558,5.088067636523240221738356811489422316382405592276325362e-48,3,ROOT_OK
cstr,cstrfold_0000205,dev,middle_triple,0.01796552545403424709192769047131100598333295135946319903,18.315289645769877,22.85879812242511,0,0,0,0.05242822173000409954499406916428239253619954428151335282,-6769.098782015329650741031933568981448345951882719905288,1.065580533136460206874528085943304673711303339385021285e-46,3,ROOT_OK
cstr,cstrfold_0000206,cal,single,0.005356731248462491246457489089416557956216103183261742245,26.752125546036794,72.70741275498527,0,0,0,0.9999994004399526067145633943086328899574043228464357366,0.0001119267611185525436349431911850103553395533358078257547,7.275837381267924582752048637395396010973342353690608466e-45,1,ROOT_OK
cstr,cstrfold_0000207,cal,high_triple,0.000002543525224130212643999396025583875112925242534932882899,86.92988105170579,20.221959394503106,0,0,0,0.9226852664282906836060282371869802823396677885598541607,1262709.399391764757451448513945790315801237586533454865,4.787991543465608291586428262670147436038937255302064762e-46,3,ROOT_OK
cstr,cstrfold_0000208,test,single,0.0004484734904379578280862993802747121539051208270296685225,18.905341066953458,21.895547106756503,0,0,0,0.0004527338369007902053378004921852787341863479097248164676,1.019129959739409573521633338724020083284079037035607541,3.465137366925907962306266603297788010544445924842065049e-45,1,ROOT_OK
cstr,cstrfold_0000209,test,single,0.00000003911697745843374991918379678169430880541901224602142703,27.085189089216474,72.05410081933836,0,0,0,0.00000003911708618144995261196896130252750870074726083638359852,1.000005558877201502778123718591389876873443242142336923,3.298969815988166967361002634064860960004628469478725059e-45,1,ROOT_OK
cstr,cstrfold_0000210,dev,single,0.01996190352835510690665847529127712030025619541971516891,88.41049100328743,19.700386285862518,0,0,0,0.9999949519768814767809747666395963335194880959353728612,0.0002528983959543168238783815634502797793923238085568279313,1.049164084512764339014179311174594242064219633858986264e-44,1,ROOT_OK
cstr,cstrfold_0000211,dev,single,0.01721572339608308722528085798927760019964811367849863826,19.980221008062,23.81815943030332,0,0,0,0.9988853028769097399006311256729488538073387957823557799,0.06503597991826246313290909573785780184302629963921569559,5.103705819853556082978072080448825097720522982439432011e-44,1,ROOT_OK
cstr,cstrfold_0000212,dev,low_triple,0.005213846900726196078730356437161249781777777159075621611,27.75626687447037,74.0508725626106,0,0,0,0.01349500182478047227658884231802107891897659813676050358,31.33051837066519400604551273432512282492341534192395211,5.72195974629789003355421073919667261172361530733258844e-47,3,ROOT_OK
cstr,cstrfold_0000213,dev,single,0.000002729694325673161461563775402727862288532344466828302475,84.22974801610901,20.2465416146586,0,0,0,0.000002729837747296275859846785699620281077186684209794380767,1.000105086653112797471452264222905065490131652114565398,7.271167245154863201635373112638792683563257877029224449e-46,1,ROOT_OK
cstr,cstrfold_0000214,dev,middle_triple,0.0002867853201663084076140754161125210396567582261674664201,19.862278108562045,22.960280339917546,0,0,0,0.7978836358816491763274458064084451196820287621995253997,-283345.0369138708447199736976488892287787371638136291505,5.122312292415806231434885034157202156109758060548743938e-46,3,ROOT_OK
cstr,cstrfold_0000215,dev,high_triple,0.00000004851726198430810805365077139561298155332415631039747143,26.070460104649158,75.66934410545015,0,0,0,0.8162562932561693401654835563890205538111877626642309338,15068848046.14867111700952596015541575774785559309092319,6.323908741314040405696111197514085466929328755059345821e-48,3,ROOT_OK
cstr,cstrfold_0000216,cal,low_triple,0.01827632358003213809658659559536771862387101875203079821,89.06678388799044,21.326627431020466,0,0,0,0.04611095826850547047485270549059689506983977978368401566,29.23182085440528462378714458404817892453364013086666676,1.414149105110075419208279000084055442119014302648805493e-45,3,ROOT_OK
cstr,cstrfold_0000217,cal,middle_triple,0.01769856329802211995170465399151179574438219570385578809,19.494504784339263,23.094421957596893,0,0,0,0.05149471266447063717325118676459677081507250582790355009,-1367.524285302344027888272969569551322361286565014167444,3.765113762674885071260817050041844609657338595359895064e-47,3,ROOT_OK
cstr,cstrfold_0000218,test,single,0.005487135484804354954803314366060424108676742344778345013,27.89382057581826,70.67811368847589,0,0,0,0.9999996245329248569977127680679263990302583261307423326,0.00006842691110685799759335395996914646982206556322738530521,3.949505208535710071014509447231147234292607323694903133e-44,1,ROOT_OK
cstr,cstrfold_0000219,test,high_triple,0.000003700755248790710995312813939523092640627163010381544394,84.41590617156238,19.759482981057314,0,0,0,0.9286806949492142810954309054338199115960770480891859243,153064.5652794691858859870948996446394952513300862206886,9.346851491831433559807522540701495678682259529839165452e-46,3,ROOT_OK
cstr,cstrfold_0000220,dev,single,0.0002517350712795038395076188909737326395101379122009563461,19.894399547626605,23.534278647307847,0,0,0,0.0002531748932684953042912832449998186826034377619256640909,1.011486564914674759542800261928411150801626837347792879,9.572849998034119937032730682128363653112513733200460396e-45,1,ROOT_OK
cstr,cstrfold_0000221,dev,single,0.00000001734863824302204109893540735335999265488836276116822791,28.707235650354136,72.70460212596755,0,0,0,0.00000001734865982437181832971793515947230827639168365685723542,1.000002487961202252484902137663770740333243413685663547,2.550349075287618727015026112420427131086110958631934761e-45,1,ROOT_OK
cstr,cstrfold_0000222,dev,single,0.01906131021762952962511048532538107557836621259962442328,92.66148749307902,20.562211406448217,0,0,0,0.9999974203147868230469625840979221086311833663151397717,0.0001353406550066302084419379599194240343100536981409481268,2.404655023727610223837067150332228345750083212152098306e-44,1,ROOT_OK
cstr,cstrfold_0000223,dev,single,0.01760420653477519899112901123734346471052999017377283862,19.385738880879334,23.219861250671165,0,0,0,0.9985261950330073317454544382124501137889176907859900571,0.08419209140595920090978782986195176975182369333609583928,7.289273006563621428135667425811033632182666059553752397e-44,1,ROOT_OK
cstr,cstrfold_0000224,dev,low_triple,0.005094713854081898146503294320247587994742072741590449926,26.030690034105294,76.24310813997931,0,0,0,0.0142832714687951928392503032092966242716783975454471733,250.5018096961610857075496998198192286140869928772320434,2.40473626982336908956530552186120548542912692008456587e-47,3,ROOT_OK
cstr,cstrfold_0000225,dev,single,0.000001307210037751971856420351772360998068868362497895653561,88.76180570029389,21.19719867130377,0,0,0,0.000001307244552040792508709529379809532308210899464229765788,1.000052807070144653073684810342971079055686928197704944,9.041866019520872773243739986957227670853185933953644106e-45,1,ROOT_OK
cstr,cstrfold_0000226,cal,middle_triple,0.0004331634065364602632069232553137837966923992900729893276,18.758307573250008,22.225277661983288,0,0,0,0.7862451371901219583823079480279779087180537989501074777,-334066.1636036836852589911387217431281740545874042975336,2.683130511238384648871832383670015063499319130443678863e-46,3,ROOT_OK
cstr,cstrfold_0000227,cal,high_triple,0.00000002144898644439816477764786734015639928442291252167865299,28.250940740507207,72.70189478034014,0,0,0,0.836611216390244213791798976612812758036470159558496527,18959728688.33073478316598158114071653519383138166035769,1.22041981077692671340148053490486484224334486065307725e-47,3,ROOT_OK
cstr,cstrfold_0000228,test,low_triple,0.01824663568076326970388082871951262404539653974805872732,89.10275922175867,21.391966290846337,0,0,0,0.04692749613651968711807846437348471945112119144979316998,38.03927612383288595589610124143398337227882126098818431,3.217055795869427960066201817583626667086388501472390795e-46,3,ROOT_OK
cstr,cstrfold_0000229,test,middle_triple,0.01803921773689076993363105953474082407818758306467491919,18.620132465583676,22.7459644600822,0,0,0,0.05258427827460989747123407597189238060250460124944920472,-5327.188202441257246591822284285127606046353829973308345,8.521385360716475193715661349446528856551600950040795823e-47,3,ROOT_OK
cstr,cstrfold_0000230,dev,single,0.005108622222587334123360903959069894675428579941286267238,27.609134318182903,75.86033216076575,0,0,0,0.9999996832843901864011322284241031828515746292336922261,0.00006199637348405402377020455973203218060911646396757944677,5.656352817379932708744786323826776550847872990275365623e-44,1,ROOT_OK
cstr,cstrfold_0000231,dev,high_triple,0.000002218924867511017118372359572584621920036355225471387116,86.91475599752773,20.441231655595452,0,0,0,0.9214596259699684659116602545237910747827615465074061712,46965883.46181010982332955390833867585971902158810589237,1.57080930121617903971809689232773439507325391312437971e-47,3,ROOT_OK
cstr,cstrfold_0000232,dev,single,0.0004625826998356203630569644489768298268654707266101676334,18.63033772628917,22.05461910342951,0,0,0,0.0004671522683046958637089609668749041889400194131100673729,1.019897970408098658313504287321908003133020978764426539,1.008853878305976778824655558899502743275376965850776418e-44,1,ROOT_OK
cstr,cstrfold_0000233,dev,single,0.0000000423779622019152310394039074583460235359795767683634971,26.83003447243893,72.56928216459998,0,0,0,0.00000004237809073316341088610697565031402460968701680685280245,1.000006065961003670527548370369023095557990314173509506,1.529978526275374637763548212626712746900810697856147494e-45,1,ROOT_OK
cstr,cstrfold_0000234,dev,single,0.01968466191022741084842527972661987925254267545050576007,91.36489714188143,19.959941093997408,0,0,0,0.9999960950576570119794194107759707256820165623834319435,0.000198384515112994630690546655482968037409686504837859442,6.363134262095148174529484674306060846904684309659611611e-45,1,ROOT_OK
cstr,cstrfold_0000235,dev,single,0.01857261386860324804836922668424615286269774621817679543,19.658554117824643,22.05309316242205,0,0,0,0.9983401069396848215659781579215263339136330137398752635,0.08995629710069048150412907885770921090244538702297638541,1.231344299086213830881789875246611432265830809786203608e-44,1,ROOT_OK
cstr,cstrfold_0000236,cal,low_triple,0.005032440802122688251426281652028231941096018961465368192,28.151904070921805,76.9326515676195,0,0,0,0.01417920600971980002336756150546923369311483298950149975,827.4943386829089199522453652402700234264030523598600846,1.025627363812564115190556595727620474757809996466746596e-47,3,ROOT_OK
cstr,cstrfold_0000237,cal,single,0.000001506286268574273377583311202625737387093105045385470762,88.78759690841866,20.96007912700683,0,0,0,0.000001506331557988205512397476667764609635533191497810677287,1.000060135217147639823399392053892480911094548642699304,1.230262781684236000346432064171456726658188025982056691e-44,1,ROOT_OK
cstr,cstrfold_0000238,test,middle_triple,0.0002835121297089922839228157797760429822541678383580388425,19.745811218641297,23.139877623944606,0,0,0,0.7953809512946218032989165182057403473856010924854560693,-64903.45719679202619995571053363853050941507028689572218,9.29697522193211870771881483901721680039233338596385049e-46,3,ROOT_OK
cstr,cstrfold_0000239,test,high_triple,0.0000000308885393384620351460221824543840801587051644922279296,27.18201121309958,74.49814363109958,0,0,0,0.8390046639438912923017390655530996707697614959037712683,57801928.42684691754854491426698667353411827049956735259,1.338638515653527834359154686589471996106729598664394869e-45,3,ROOT_OK
cstr,cstrfold_0000240,dev,low_triple,0.01823132806814336257261094365376473281664684992379061441,85.55688885089478,21.46986568738274,0,0,0,0.05028094771081214861198718846629891799803348612768153943,18047.07710003891264099846206767908091390151476513156322,2.397788455274804135433822897807067484325037694383589874e-49,3,ROOT_OK
cstr,cstrfold_0000241,dev,middle_triple,0.0178267189661694436792679485176062518349494491501126713,20.1470521423791,22.89163110630546,0,0,0,0.0518960705217967786170829407990347932699855410105581233,-628.3961669117761254161918779493722770439109689625427001,1.141485538822956975417511568438499180111005618802273076e-45,3,ROOT_OK
cstr,cstrfold_0000242,dev,single,0.005466635070047415483869298089507550735198597071425982519,28.28451338789945,70.8985669681862,0,0,0,0.9999996969566498370187821636800730871294967472061878896,0.00005543515964563456695069421465927947743151283373832822343,2.59609207320629546885103199544285771056987632187612575e-44,1,ROOT_OK
cstr,cstrfold_0000243,dev,high_triple,0.000002203659027207436624780090374140292523946195855737328985,90.30336515910031,20.287486862629834,0,0,0,0.923560859951089134817656429562880642890231448523329792,1810135.465341429651333479347831194697668249689717297701,9.041441580346681442021714210049768132790625463281765644e-47,3,ROOT_OK
cstr,cstrfold_0000244,dev,single,0.000301757316446590226907805340427121376839808463659567082,19.923598439484504,22.662014533572588,0,0,0,0.0003037486317456297056263258554844098094635081856717234346,1.013261215110112320146286300846994678880854282972016076,4.968278141235086973078375433659798129598826735665089454e-46,1,ROOT_OK
cstr,cstrfold_0000245,dev,single,0.00000004509370340931652947907961655452840156376423094515481853,26.665038735260136,72.75512271758652,0,0,0,0.00000004509384931989297055982753063659368069555133063797015591,1.000006471454344177642809653624445418351296609556098804,3.118780085238584097670746264103856707010751388366004656e-45,1,ROOT_OK
cstr,cstrfold_0000246,cal,single,0.01982714502295581632087708431723943831225264176265937259,92.6035826724885,19.81028228635914,0,0,0,0.9999958749581619890897610486336385869520841834006177722,0.0002080608972950670387780452765781305243955555851041467705,1.913989434196676031543392531283779442132435816647370404e-44,1,ROOT_OK
cstr,cstrfold_0000247,cal,single,0.01892590112785919679107671431751527432148737307074957981,19.043648007508608,21.71789172594077,0,0,0,0.9979118554653427646419004299716281040825969161351668168,0.1112031585839027522456729350083772030428056947578013859,1.886309910395812996369746025040518768659323800173463939e-44,1,ROOT_OK
cstr,cstrfold_0000248,test,low_triple,0.005374928606658930176725368396237201264344870782364689381,26.415502705870882,72.28579897580407,0,0,0,0.01520259481142516196157594689019912791405124129304960793,1115.480503711777596826632514765255482881640966741194393,1.352308001547583655038505832111698606585529632493710302e-47,3,ROOT_OK
cstr,cstrfold_0000249,test,single,0.000001268652181004729662127294480365955914282190966358647503,91.50925344539266,21.105322352114097,0,0,0,0.000001268684541313056366976709980132890598136035037008008754,1.000051016224013705383418304585043376597755764477839988,4.174887464686569477704937568265667928035939393905115814e-45,1,ROOT_OK
cstr,cstrfold_0000250,dev,middle_triple,0.0003816664646337752228769941045181310769910043277729946387,18.382294981238708,23.28872735403941,0,0,0,0.7822498304761724058886387633134334473507725867061687402,-669405.8232043776874310006396628199560176420351912086184,8.129874369614096697496676825082360556083006823500919414e-47,3,ROOT_OK
cstr,cstrfold_0000251,dev,high_triple,0.00000003265455420076852380286988458346859773385300656065723776,26.69585236637911,76.87276292738038,0,0,0,0.820984937737190276408089015472904798871357787342227344,2651550702.047946429672101222947416623982298723841230239,2.684566250636495282520640094519010637094096881173083205e-47,3,ROOT_OK
cstr,cstrfold_0000252,dev,low_triple,0.01934833697039480922365924606257637115736443843259982626,90.73049266382935,20.278178666618267,0,0,0,0.05332569958988061107175244435672553408330880145539336628,9083.982973461670135081138403035978923009027107759071279,3.607467085009083210544781623208862761346321105767796962e-48,3,ROOT_OK
cstr,cstrfold_0000253,dev,middle_triple,0.01865917000763535207622453682599955038383678524244934049,20.062126496774674,21.926534736392835,0,0,0,0.05495316506090424921425665344360659151406488860980927556,-208.6432186834231586911677743949576329315879186227494203,3.554690504888935028189397930457234150286942152455518677e-45,3,ROOT_OK
cstr,cstrfold_0000254,dev,single,0.005159141688660535158664053373030182640499018879342795165,28.17903771012465,75.1181472242316,0,0,0,0.9999997557145784627721431011622020065448875061574324693,0.00004735006522324318082350799106488358564154535796029538757,4.00918522719584286993931109175583879453810226766553467e-44,1,ROOT_OK
cstr,cstrfold_0000255,dev,high_triple,0.000002227900872857415144549640295788667813671361903213886936,85.65956945701788,20.499808976544962,0,0,0,0.9211528561836495713856666808353173640671944640662551845,82868467.99257761900452113568542577260019706058106860505,7.462771708336834319237241747814102742093645894296286551e-48,3,ROOT_OK
cstr,cstrfold_0000256,cal,single,0.0004239340316088796806240985243995245891022806408527418135,18.901068992913842,22.170716959990074,0,0,0,0.0004277887951376280498768315567239092499544091048769466698,1.018305346014003044343620596663424114018206343350501868,1.851675580779473738914441254318039322829533976646823103e-44,1,ROOT_OK
cstr,cstrfold_0000257,cal,single,0.00000002344358503489874612424837632706873946366566266136494612,27.416203034025546,76.5762426168925,0,0,0,0.00000002344362657183623180513504187749931626706495563404876988,1.00000354356991377997284196279335784743140788709736944,4.038529510121238699992864690579868201969580954062731431e-45,1,ROOT_OK
cstr,cstrfold_0000258,test,single,0.01901822286018058834728065677367133287120831279418832664,86.79624735103265,20.629669558026116,0,0,0,0.9999969660034697838387080504442361188988877904907604948,0.0001595370565837533485771326182363351699611550025142812815,1.601983556194388148297551983572907379090331001397467089e-44,1,ROOT_OK
cstr,cstrfold_0000259,test,single,0.01787469386468499414247695475710050295492157095443375385,18.85150809256055,23.07778973822338,0,0,0,0.9982445279713886571360369804207008806536350409162642119,0.09884713113303849081869029373874522773368111013227015963,7.479631160158577908103929745703282823301038531276368731e-44,1,ROOT_OK
cstr,cstrfold_0000260,dev,low_triple,0.005155190639519791255693886582293928949509875840723599283,27.242109966417075,75.22093415075102,0,0,0,0.01443894390881629340369451855050247871921427831054853164,273.8798765073934766079621233893366906245187071665792622,4.948118137148327326598653815063780442727944142461551186e-47,3,ROOT_OK
cstr,cstrfold_0000261,dev,single,0.000002730763954336507397047535523395730396558909939704210525,84.12497398556569,20.251603433779913,0,0,0,0.000002730907526137471942198573613848030175149520482605073964,1.000105155487678380613199582585769975644748085959601876,1.160393692304313511079387492351574376130898072313206153e-44,1,ROOT_OK
cstr,cstrfold_0000262,dev,middle_triple,0.0003728177918631334102647145540642481968798602924485537089,19.87826109840431,21.760004032615278,0,0,0,0.7971909309142994587572147505492836404635448996749553636,-135003.8975565614568778189134020702038760217801099961909,7.580111670182564350169177027334250548839373869393898627e-46,3,ROOT_OK
cstr,cstrfold_0000263,dev,high_triple,0.00000002588643551655037473240796129335581981017523915337840014,27.470920345627444,74.9398782404824,0,0,0,0.8288325591212033941056707245602151281032318793098082814,21840013895.83106154194831612355954065525838235530196005,1.383817777924573323507692652706628894287556443923841165e-47,3,ROOT_OK
cstr,cstrfold_0000264,dev,low_triple,0.01862652162588915871063943155983691903671148298753012755,87.88967957580655,21.03019779628516,0,0,0,0.05129490915110646340824007425523059175632162862241804573,2075.009551502625607770521909359851886015427089564979651,1.585710679266371812399068275878566297259510173166440931e-47,3,ROOT_OK
cstr,cstrfold_0000265,dev,middle_triple,0.01796322328077259074842952219556891916933669805118611995,18.833872288523057,22.819974153868863,0,0,0,0.05268397175735667221837390251602918481338976999529067512,-438.895524241940648507572387684309467633960750150333082,8.349458105627974408538263101073675529047478173729629594e-46,3,ROOT_OK
cstr,cstrfold_0000266,cal,single,0.005340813384885503743529662197288023776062590509206775738,27.058892608618073,72.6690992323082,0,0,0,0.9999994878795862936116814320408988532479186959300527648,0.00009588830719370468576226176652479679855434295627612378594,1.462147636548934213495879286080930642115927766401750111e-44,1,ROOT_OK
cstr,cstrfold_0000267,cal,high_triple,0.000003327621277828326676843947434528288195992432120310297922,91.91311080667921,19.570447761885365,0,0,0,0.9209760297537700614249181401818813896345355013030466109,4945030.706389601896364748081774071117837113945823322168,1.247005750371861363940011453248129280638050857193977262e-47,3,ROOT_OK
cstr,cstrfold_0000268,test,single,0.0004042499639492688762331314758588936755955112355016524506,18.3771634059335,22.999273865657695,0,0,0,0.0004078917670027185567054533801498337344234749385962431061,1.018134929737584726679783408110033146151420809796783992,3.780613132279964038189321184348623791189299359199092143e-45,1,ROOT_OK
cstr,cstrfold_0000269,test,single,0.00000002839754545340233861983991359817903056408990415972723534,27.187713927448126,75.511462201312,0,0,0,0.00000002839760554116538241944753487141776949012887718100307368,1.000004231904908284718363373792620579401672355511925906,5.162351498032596683629772254912142533645257326693350799e-45,1,ROOT_OK
cstr,cstrfold_0000270,dev,single,0.01867390891714478990740507539145393566570933382076117061,89.27216150652222,20.97559824516814,0,0,0,0.9999977490337229524142480929022653976582758367613018306,0.0001205441725128535358292826251226022844214798660914633483,2.474718346187197483476796030438644902950259665741961734e-44,1,ROOT_OK
cstr,cstrfold_0000271,dev,single,0.01840211765436449230443530158074376726413075660161554414,19.58410256024129,22.35102947266196,0,0,0,0.998398221054403575402349447929020503619663314495409414,0.08758773709574997584640506765363714184074994973746720518,6.404718161049751803889141712381391059025324884545217312e-44,1,ROOT_OK
cstr,cstrfold_0000272,dev,low_triple,0.005465435483885298204840422994778060618478912793657796575,27.7787538124175,70.81429964815344,0,0,0,0.01447479162725832103141898427801182117849995158188943009,43.18969212844110180968523563180695800517583077021639167,9.460147220938381636143016456018845300479199796148592534e-47,3,ROOT_OK
cstr,cstrfold_0000273,dev,single,0.000003755910073866942107469622064587941717128415129687873746,88.71221389436448,19.519163483752063,0,0,0,0.000003756171348128816788928875857506854269776710318499672371,1.000139134197337195766862209059738078703184003753955508,1.707571187919569074306443575354495045824445369899581169e-44,1,ROOT_OK
cstr,cstrfold_0000274,dev,middle_triple,0.0004247124167698573655289967124568348407175941385615579826,18.347948837958793,22.79466844024595,0,0,0,0.781888071911928583431067624825478758720217523779194915,-1510693.167861777953882039026736475556796634632664411127,3.340083216495222459978408502095653704868868504137541149e-47,3,ROOT_OK
cstr,cstrfold_0000275,dev,high_triple,0.00000002012742014412204089286880737243258103505812796452431268,27.926098189311546,75.36410302984518,0,0,0,0.8322674232853437555896809267572272442522394823028513434,4550472604.409993734193003281172635675683678400498417335,5.574825646748295568775307466535566758725432433885037694e-47,3,ROOT_OK
cstr,cstrfold_0000276,cal,low_triple,0.01837942932755683758062073095260063480851666811170391042,89.3790747908263,21.294069419624908,0,0,0,0.05065099070482269138686663764587238450474120163511947748,7768.278095647764090801180929558014277774381602963001185,2.88324339590164179198856289893910337378174912743778004e-49,3,ROOT_OK
cstr,cstrfold_0000277,cal,middle_triple,0.01831662590926635658605156506081760851193506250077159861,19.71115488192199,22.33992688070325,0,0,0,0.0534796475716152709401903693372817322496123382778345772,-523.3672129306171156831483597584415483270178849726665281,9.252056477563388737031691125889017440167527977355171756e-46,3,ROOT_OK
cstr,cstrfold_0000278,test,single,0.005428278784501230598739562442348668762134442402744254771,26.297375322783402,71.60652392244104,0,0,0,0.9999991830267750462506990204576260285589017943451320577,0.0001505036933731382571365677708852515893732568686586490008,2.954838757539743951413059881608620455916486025627542023e-44,1,ROOT_OK
cstr,cstrfold_0000279,test,high_triple,0.000001637743322278458549401886249454698966549665877857731126,87.02975961663398,20.924905268725922,0,0,0,0.922889289556411684301265337055536309844214914377096551,16587639.14229932131393660241130384921212099665860637019,4.558229495453429976396360697524176753898113601162193002e-47,3,ROOT_OK
cstr,cstrfold_0000280,dev,single,0.000389661578974907616239579284200534952140634171061420303,19.577234539326753,21.81245440655859,0,0,0,0.0003928591508898612426398275718751160931771141836403079455,1.016509597194500913481778469781248677943533411077855861,1.806018073926296693626181441869580473359113405984769987e-44,1,ROOT_OK
cstr,cstrfold_0000281,dev,single,0.00000002976370383152339881858681037326774521574226218308232856,26.873402770670975,76.93962003350377,0,0,0,0.00000002976377110498936993477504863123803260697484473875392141,1.000004520511122042322087360906553445436684949028823081,5.097860546789302021852476229952711452839491346982129963e-45,1,ROOT_OK
cstr,cstrfold_0000282,dev,single,0.01910134972597874503690139735712029148184491752275521477,89.27256305279475,20.534391078216693,0,0,0,0.9999970577469315482021538733985691566609567968600352953,0.0001540394764043760175165257698931362795839488207330514175,6.981009729363873618091896349189827317630899838501086097e-45,1,ROOT_OK
cstr,cstrfold_0000283,dev,single,0.01881397428119975212738016211477668892052095587729324871,18.879674876215304,21.83944532677206,0,0,0,0.9978556255422904090190696749135536623023541486205281753,0.1148902096169511644745814174402024928969759531229090642,3.643470645565852562159097177988967161986883708336762806e-44,1,ROOT_OK
cstr,cstrfold_0000284,dev,low_triple,0.005365554456689310766754076444801909112870872151259065566,27.891661058622763,72.25109184177232,0,0,0,0.0151786176199748495452557204392909736189938726037265313,19021.33434405865620064585918153494972646106434563729256,2.156463707084424064211696131686732059848728735117460748e-49,3,ROOT_OK
cstr,cstrfold_0000285,dev,single,0.000001572321201182354705097035911667482646231166567477131266,85.79651370345256,21.058074665244614,0,0,0,0.000001572370790957293678023497276877717617174946660199778594,1.000063079906218094368051412980777401808965331392839801,8.128306993632268219563421662739989815424478404450622778e-45,1,ROOT_OK
cstr,cstrfold_0000286,cal,middle_triple,0.0005348087449290170600063347118683801306040192810695836514,18.309418826942466,21.719537336412646,0,0,0,0.7779452399224376175573510941179197925978738297915729043,-21844.5704131478370058085570054900149858281889186921743,7.245398958167916673837616995884209417663579685819996058e-46,3,ROOT_OK
cstr,cstrfold_0000287,cal,high_triple,0.0000000144981034934209465742037598853695534477026535754807577,28.448959942723413,76.34956629741225,0,0,0,0.8379733936638733674731764225724533453344961827724735662,522809767.9825827271975772881019884690865847568630532637,6.786514845907013687138053414906172478436462877939060352e-46,3,ROOT_OK
cstr,cstrfold_0000288,test,low_triple,0.0201070814731033595062414993088134810494877645342870141,90.16014399003807,19.55385006064298,0,0,0,0.05474644901447384973814126677455548805424000436778621103,219.7777913155779903380400568203516305552310911283621533,8.15824101823256755972216243543112935617294473203336678e-47,3,ROOT_OK
cstr,cstrfold_0000289,test,middle_triple,0.01762230068145347666049598570842795252058016499026087342,19.99257467952493,23.154225568411825,0,0,0,0.05106921016335451691685700624752323387455668914079504923,-10586.05934385311402321540266096092483345477818384942915,1.554605868728966013032385305129844113529897962128459084e-47,3,ROOT_OK
cstr,cstrfold_0000290,dev,single,0.005427836411015894167321975236925742737234101453361424969,26.434503461059126,71.59184162128217,0,0,0,0.9999992398601654860216173075982610019655608678163627125,0.0001400451685266081450057536202182484655773810792749880932,4.076448809069127583537590888314258163909154559181545132e-44,1,ROOT_OK
cstr,cstrfold_0000291,dev,high_triple,0.000001875670076247785295656478912294008143515640435688806191,84.83364202519402,20.83140225881073,0,0,0,0.9287963623503485909834220952949607507329330145950553189,407470.1149361603594919608503553943846717363283886270186,1.504863019030992501546885293344289591654054653104151833e-45,3,ROOT_OK
cstr,cstrfold_0000292,dev,single,0.0003441710193813795675563976246396715845527509081538133201,19.810797603031673,22.172781549750997,0,0,0,0.000346705725132420209306796478115736237189685422881837578,1.014807921838150508396595752973129875947964163728106495,2.716597196635502097884839692265827005980831456441794512e-45,1,ROOT_OK
cstr,cstrfold_0000293,dev,single,0.00000004032918455081528972628807769755064168992814693493811859,27.2006866781398,71.01572446173043,0,0,0,0.00000004032929842787922385544145759618155121370185718466391783,1.000005647389118856056407526325461674156327520315461637,4.321701273295762853723956130593828352332132887437687731e-45,1,ROOT_OK
cstr,cstrfold_0000294,dev,single,0.01868212987792743332227773680865417859085049738490792755,88.72010772305254,20.96842312250936,0,0,0,0.999997693576937998991782174424004444207846242318950061,0.0001234597303978930370743947492524441622403135175609586061,2.637235465676418617164911594199857513397549132987657408e-44,1,ROOT_OK
cstr,cstrfold_0000295,dev,single,0.01713621824675738068330294103695518838296903678514737487,19.803323380835067,23.790938882778775,0,0,0,0.9988128174455305535269330246989162000232735744586791756,0.06960261156037813900236522037289510814832461764916270053,3.977457038841546207561800524272980027729073156633778589e-45,1,ROOT_OK
cstr,cstrfold_0000296,cal,low_triple,0.005058309407973376127388324455049057369848939760939051765,27.366696626201872,76.61236340351259,0,0,0,0.01399839422691182533678577349467440868174298942486980286,131.1138364594548293333927352528651078685935952099218511,1.706276895914119342828272684846874359751865294427156375e-47,3,ROOT_OK
cstr,cstrfold_0000297,cal,single,0.000002838849652564098598736331148444649763938730440016940373,87.18387680301106,20.0334636032617,0,0,0,0.000002839003056845964913873715661317814718040421423448718492,1.000108079299448372547567098944770434748134820566975206,5.977639960443763482809314541860245029534824064826963323e-45,1,ROOT_OK
cstr,cstrfold_0000298,test,middle_triple,0.0003261864150698604264466674673958790729466901178966874345,20.059288167101727,22.175403148014542,0,0,0,0.799622069410091842258317728149259435989372730097211347,-468442.5790383787091632614876933421261906793023412975618,1.602601541834354594868476397843892934651088135441263473e-46,3,ROOT_OK
cstr,cstrfold_0000299,test,high_triple,0.00000002157176054409107688781991283476982101249851703973155543,27.86852719556704,74.8399138001974,0,0,0,0.8352013592241419753539973985083579329366036003698524505,311445609.0051243637263487878163361773555891951796015863,5.262237901625662885755468136681006511017514863672009183e-46,3,ROOT_OK
cstr,cstrfold_0000300,dev,low_triple,0.02014367739610857245220656374552666367681840508304473214,87.71269675137349,19.528303483333506,0,0,0,0.05549714312493800403800270511205869325849861342374197269,2141.751562278323216579075928260653394053852594422158872,5.542866592848276894746841225014709052217088340314400905e-48,3,ROOT_OK
cstr,cstrfold_0000301,dev,middle_triple,0.01852591050490164488270430206606884350130912045656947936,19.21705465698857,22.135645157438244,0,0,0,0.05395705144445976990791231579699382099941365445618033495,-1763.360482974150155782478022075363008102780328042147232,1.611053342420060343625043430252597652499297195324515447e-46,3,ROOT_OK
cstr,cstrfold_0000302,dev,single,0.005023116526723786202044690018266410105864118100411262731,26.28139833802672,77.34754101806547,0,0,0,0.9999993976636404682375498193521721505917989881756284477,0.0001199131651534293899473225547947101085002239112158312798,5.560271182728446164562452605194387677743078338533074488e-45,1,ROOT_OK
cstr,cstrfold_0000303,dev,high_triple,0.00000307497409666814331841032218735301116513670535141511998,86.22311589472314,19.95764085825072,0,0,0,0.9258082223643957724914206521464260775771769182623763474,317714.1732291100876913071037010356637173502387985681704,9.813775385614642527546458323341552470855282022172782396e-46,3,ROOT_OK
cstr,cstrfold_0000304,dev,single,0.0004253830395239947263532626498447910595903851931438777343,18.460994688693056,22.63068649401021,0,0,0,0.0004293497950522104846011169643219273823090399997790002749,1.018776044597118126405550731499896899159962690942542542,2.682007896843714745895513089425886824780450828995615137e-45,1,ROOT_OK
cstr,cstrfold_0000305,dev,single,0.00000001534655296903671412159560594397268533134914235294443883,28.36195004760167,76.15517058482365,0,0,0,0.00000001534657066936346042526713097799417952747944000409317305,1.000002306751453946611565432590776370536871932709131293,1.374966623199235811538162802971908494248197687862429509e-45,1,ROOT_OK
cstr,cstrfold_0000306,cal,single,0.01899534519762106168187558316124433906755156934063492049,91.13327433074632,20.63384246906977,0,0,0,0.9999974024435224127972330541173564503082447092950740785,0.0001367515182723867213671313132097084209684074490657509799,4.596464512745159332201125320997441595498583432704551348e-46,1,ROOT_OK
cstr,cstrfold_0000307,cal,single,0.01721753507107383655463254786472958182603029510023878474,20.143189106397212,23.660344537601535,0,0,0,0.9989017702713878522801604584191513879730056900674329745,0.06406755610668122596692622725992424324958295195289801185,5.379595938124638357811227205409168458277929425914905315e-45,1,ROOT_OK
cstr,cstrfold_0000308,test,low_triple,0.005078019297218822716322572225163456392060799472133650372,27.788364949502466,76.28463099252353,0,0,0,0.01417220743385835521259304777095705616187702369434815214,219.5628492192434442084158713085792658838436030752530713,1.017285978365180624478405006078832603261426786111548218e-47,3,ROOT_OK
cstr,cstrfold_0000309,test,single,0.000001798265897480649455377348199058717977875970596605179283,86.92079201121757,20.77952260322057,0,0,0,0.000001798329863095381240696894477174341187235599487010049526,1.000071143322499831654283954240288047976466164231889341,1.582436383947149518032855612028298631020010447105987446e-45,1,ROOT_OK
cstr,cstrfold_0000310,dev,middle_triple,0.0004568665398743538715389327619611759893410754041672626455,18.538868836176675,22.21572285020614,0,0,0,0.7839354482380429675601258423775601813522346529503859278,-880896.9013475337882317094142972352855507269705607008505,9.976285144591925291507369867738254866667840211738210597e-47,3,ROOT_OK
cstr,cstrfold_0000311,dev,high_triple,0.00000002004285971673852755842042212233559779931068789513610298,27.85823373048056,75.83779129134697,0,0,0,0.835454205392441350093524602388033700621260711307814656,248578892.6961743558156861802715260158321392384785394668,1.207400660792199032360793809404987147351990727076908039e-45,3,ROOT_OK
cstr,cstrfold_0000312,dev,low_triple,0.01928977634403739842933703200648686512889250645391063832,87.47616535429133,20.345451022704225,0,0,0,0.05310967691875287332179569342168758015754344164398650285,1567.800345160108510496005114879987806447225711314079586,1.349351388647306987238595507810454246470225608556185912e-47,3,ROOT_OK
cstr,cstrfold_0000313,dev,middle_triple,0.01862419236290482054277110571921126184158008305648356361,19.239791306102408,22.023541675416308,0,0,0,0.05415561303657280105007645609161304616613110178980085086,-11011.08086657450164045351854686715650941128153271898319,1.633601802571249373438905382093946789485089865781934744e-47,3,ROOT_OK
cstr,cstrfold_0000314,dev,single,0.005225322684494077838331302461673406122683457235656299023,26.873862524378435,74.32515005147123,0,0,0,0.9999994870790092824237657004436109514452275746869693036,0.00009816084815046374259747798676147120898398079057327505166,5.579059376536512464682529802627334389990672173386052125e-44,1,ROOT_OK
cstr,cstrfold_0000315,dev,high_triple,0.000001308570281865213617909626209695817792023260818985577528,87.92644529175513,21.240130305519514,0,0,0,0.9244999638201440517991294517741189517626428352851337911,5711349.939714990800935564487621253054784807192430509841,2.010449221872710206452612753645193943004810585065157645e-46,3,ROOT_OK
cstr,cstrfold_0000316,cal,single,0.0003965956720322376514136904580428122071942032634281502543,19.526044345224843,21.81884371904822,0,0,0,0.0003999097854317851322481658301758790013380914066912148224,1.016813963145848691569403469354731821298680361106441044,1.795469027878190840689415851192200408922562163865381442e-44,1,ROOT_OK
cstr,cstrfold_0000317,cal,single,0.00000002488949071731055642785618817122124313021942208561115818,28.06512120504454,71.96406227013745,0,0,0,0.00000002488953467872034689762146244878609562592284049454073113,1.000003532532432981874002740202489044530742204112899827,3.284759906656499532639527911525345982335547187716886404e-45,1,ROOT_OK
cstr,cstrfold_0000318,test,single,0.01955017725446202480057406150664348128579822106856015574,87.59181562289275,20.15202746785346,0,0,0,0.9999960746075290886073858640341555542125754723757844561,0.0002007952277880312126205273336198337222172305404965308061,1.215009229612438543251345150413473595866867264855190674e-44,1,ROOT_OK
cstr,cstrfold_0000319,test,single,0.01779945394883681270674639554635212104749285735516035057,18.304292777652037,23.091563732212467,0,0,0,0.9979184535000771812467398012681140911378526653269423539,0.1178083961125978715141440091678102659637261390084749893,5.157876707492634094218445210195725045003509507003750816e-44,1,ROOT_OK
cstr,cstrfold_0000320,dev,low_triple,0.005099649539260325202356004754409653490487357287859086125,26.822185687209796,76.08012094527513,0,0,0,0.01440319064555103557432976067853635584955640285856839292,896.5470112093340375038602289590740587047139649490071669,6.502382047373328837405586022352102502159002932839042397e-48,3,ROOT_OK
cstr,cstrfold_0000321,dev,single,0.000002102672201355708631001427792752381801755602389322744496,88.9452910529964,20.425618456531193,0,0,0,0.000002102758091704481521875738958691424731109748416443087952,1.000081698855384338412673421494632445540699037012680985,5.306792241885543236357970489426727941379198499726675381e-45,1,ROOT_OK
cstr,cstrfold_0000322,dev,middle_triple,0.0002425147223195303016591029982687949658794377240025699629,19.997989461254342,23.602174151060733,0,0,0,0.7909937448809216894797908826076817511638794683177080275,-15602.3695321974553775437679371337340109269811850765713,8.839636780290507004278640008618902821735424572533050338e-45,3,ROOT_OK
cstr,cstrfold_0000323,dev,high_triple,0.00000003646309461988400085616056344526862160572928407328147345,26.50029736656734,76.80946871825228,0,0,0,0.839581188241370578149646561681529370252072126513771181,30161856.03379744815352293689271021777264264622803617544,4.043939392966559890777822938657466169485805712230493626e-45,3,ROOT_OK
cstr,cstrfold_0000324,dev,low_triple,0.01974414360534344957571552031264361709293059233527411942,91.13382142124698,19.891375996422628,0,0,0,0.05388889286121458808167688063555739058795450312294852768,278.1597423848957955570112911023020639224469434847437769,1.59240469531760289183599073193494102605565748723709769e-46,3,ROOT_OK
cstr,cstrfold_0000325,dev,middle_triple,0.01743704684120740561883033132663621976597382319174013155,18.515969746621103,23.484093754364356,0,0,0,0.05283719366018172605875130386817277120348546208377429947,-88.90991553907540906498489759768952443325187109781334789,4.634071456990821173406849828768360801733975422298646285e-45,3,ROOT_OK
cstr,cstrfold_0000326,cal,single,0.005127556148589167973686413192392173353102895889122611458,27.119772759899103,75.78358396999278,0,0,0,0.999999586800788601100234649440452891090606359013060283,0.00008058418618487154826140890851773231651618304451029153879,4.624257453460732931451808704591412265048636548324671879e-44,1,ROOT_OK
cstr,cstrfold_0000327,cal,high_triple,0.000003041675920350639615267181931214519341641450468869590105,87.5151722649045,19.916805188270395,0,0,0,0.928347544274506654080462029002235380626199918656465633,225397.9788263143573793373399647600510111663349807542736,2.34348711595651194883463870501140496084570330478246397e-45,3,ROOT_OK
cstr,cstrfold_0000328,test,single,0.0003050396607864707413395185973203382642997065686517156822,19.0170630162814,23.61123361520726,0,0,0,0.0003071647861313313840683537761301963059058826376075261635,1.014003651745620476694019969536690098186205320927364514,1.056556770974604866881320175754710088418216854706677294e-44,1,ROOT_OK
cstr,cstrfold_0000329,test,single,0.00000001416848848529874488135553344263563433794632091314916389,28.693452853608804,75.19137770018659,0,0,0,0.00000001416850337894886820476382966644379165296469535163824674,1.000002102364214757235040192827323225665540455180787492,2.741020945087628223116381502386047505226177107835677558e-45,1,ROOT_OK
cstr,cstrfold_0000330,dev,single,0.01867915024634076604579365470341524609572432461670436886,90.14741982552088,20.967749577258363,0,0,0,0.9999978080083435959182929928278222228183954883170151014,0.0001173529382246366250734440505705183598571415745612708242,2.541612379342140862548808777355276537033001820318973994e-44,1,ROOT_OK
cstr,cstrfold_0000331,dev,single,0.01757854848719086769976462213830889237952471486552799368,18.852008314546296,23.292407226132195,0,0,0,0.9982909262271875918961625450998843765601495786040395395,0.0978382668105908031348062833502747935076386196385171384,3.101939612318892917579821254297389019504486653244134356e-44,1,ROOT_OK
cstr,cstrfold_0000332,dev,low_triple,0.005460092288337588297071511543396272618240189920819441325,28.04161769929637,71.00416146847418,0,0,0,0.0154362233902981795558906421364507669854432064724422327,5160.366678565892468019257541053121496973968646795584959,2.594320759210569625922266136802201336709398118030027762e-49,3,ROOT_OK
cstr,cstrfold_0000333,dev,single,0.000002966113668871213499062654570083780181241639065740244295,88.81889618453403,19.886063929137737,0,0,0,0.000002966279839090437015172568366032176513362208667892450225,1.000112050417049026320089838995446880689461332016944703,2.441333452189031820560527114745793807756291316016176872e-45,1,ROOT_OK
cstr,cstrfold_0000334,dev,middle_triple,0.0003147812990811999921315781671490484249666088072920400237,20.005541444304118,22.38747425659373,0,0,0,0.7989724505273620969396279448596182243532282939571983443,-224441.5019080394694665911322559703063210450203133272043,2.367128922477772075199222629619888714538690425898781968e-46,3,ROOT_OK
cstr,cstrfold_0000335,dev,high_triple,0.00000001586098986861106473270404553752652589916152862427633685,28.140598376597843,77.0917817422168,0,0,0,0.832381096374016217913452211541031697210055298193861531,21139203953.56933578095412921384218583911288833904782553,1.94530812353839123253482718890816110922620210437191773e-47,3,ROOT_OK
cstr,cstrfold_0000336,cal,low_triple,0.01989280425179388689317280286514394228451885528182410394,87.70304142792365,19.760911177170282,0,0,0,0.05477420344623870945928227478005389918946534083986510184,1538.122746283175479011785814555778036716447345942987954,2.555505269656240143575820246115628865366623013376063614e-47,3,ROOT_OK
cstr,cstrfold_0000337,cal,middle_triple,0.01828054316718493419902036660446745113087685657797947613,18.363638669097007,22.48156187757032,0,0,0,0.05350058968314931957080881907579148924928972515057852289,-1000.858449663147820903451209457263259369829848108777322,2.394997020274136685362407178809566030828362293466672355e-46,3,ROOT_OK
cstr,cstrfold_0000338,test,single,0.005377435649319883754298617342369087128738821700318682626,27.32381279704997,72.15470203300356,0,0,0,0.9999995405436695088840603948583752303003836291747869305,0.00008544170465392400276580380065075111586385256503662202881,1.847762647281259683629585329511563550149725396433307482e-45,1,ROOT_OK
cstr,cstrfold_0000339,test,high_triple,0.000002168689981626607917180669607597356923347646970334976012,84.69956750981818,20.595755353600527,0,0,0,0.9234578452258456796323819998611332732610246968875656106,1117254.783419086559615732975775052915598463692436624042,5.841635943200357857783716414910327372993895202119885097e-46,3,ROOT_OK
cstr,cstrfold_0000340,dev,single,0.0004499229085900748005755439826052049698474785333636071794,19.152139909490693,21.632570373489113,0,0,0,0.000454156351992559873932291332435816488679841232287034842,1.018946742787251748173465562369904725736213409972099629,9.232086728574149216530823648146497970929977713440262851e-46,1,ROOT_OK
cstr,cstrfold_0000341,dev,single,0.00000004579845473020004787655776372837475812417447013362901605,26.676020294646825,72.51757625791441,0,0,0,0.00000004579860473892382422017765900674315940468125427615758942,1.000006550835990994787418949847340475651077982014066957,2.618356072088751167964207841567391277459747608288557653e-45,1,ROOT_OK
cstr,cstrfold_0000342,dev,single,0.01889477688150701743976582147998582691658251561579310152,87.0611687045064,20.77454295847416,0,0,0,0.9999972486650564627478408683291734691026522456115603074,0.0001456185430837801140991206161713639985256574127281486116,1.653844376066500021128394339576881265496125033792169122e-44,1,ROOT_OK
cstr,cstrfold_0000343,dev,single,0.01834279627863121320431123594068054861486553313990043624,19.043075656583376,22.3626498409398,0,0,0,0.9981254361126860371839277845113124876003852988154055997,0.102917321143225449162421564299763991808794918668135006,3.890989852529027694362402724795506700753923101440092007e-44,1,ROOT_OK
cstr,cstrfold_0000344,dev,low_triple,0.005305156098097769230723883518289079252191221056223921799,28.10944777584908,73.03891942188687,0,0,0,0.01499742628745785348024378604321842914206138465363021177,6149.389961006637624730538622079064978551699045961279609,1.422645615255568983899963460355291369124365502149273511e-48,3,ROOT_OK
cstr,cstrfold_0000345,dev,single,0.00000223891106362172185870527126820316564982256529135056971,87.28427207163156,20.40791235840693,0,0,0,0.000002239008356387887613602752362766621931863797974067879546,1.000086913597558213635455220429302251635485904391476149,1.281234255631734602678052610906065362574846585451640494e-44,1,ROOT_OK
cstr,cstrfold_0000346,cal,middle_triple,0.0003486321331210113143577052700040358059507330639849279913,19.560153990346727,22.378553127977455,0,0,0,0.7949383527496758632289194175020021482419027887928151998,-924309.454700485336640789320997934232018042495343206846,1.306993613742762410128066355621918649401846464913616632e-46,3,ROOT_OK
cstr,cstrfold_0000347,cal,high_triple,0.00000003303523977587568683770950040117691894016177122776136206,27.600360604442926,71.17066630118288,0,0,0,0.8332157352138760315353612458820766403071942768084446398,1819458460.515000553800591259057685377863437056058046546,6.14306827008633073642756946843967745176386132209181433e-47,3,ROOT_OK
cstr,cstrfold_0000348,test,low_triple,0.01995618349102985919939634553271429778860230032168946278,84.93550271173673,19.697592914338138,0,0,0,0.05312852931246141469997212287200674642028071684497284977,76.22832873493664773313965097074412961843202535379303925,4.957989405726882998518830934309905868315636396615544413e-46,3,ROOT_OK
cstr,cstrfold_0000349,test,middle_triple,0.01741063954727184124873216279651584635876128197170471823,20.020479930372034,23.413000666800432,0,0,0,0.05174827975885826259665952553795929056960426363397102657,-131.0479471255837590050185914267349646077988661186282868,1.486055687309559363650106164248983625439160632663535806e-45,3,ROOT_OK
cstr,cstrfold_0000350,dev,single,0.005452478451664264043608646418080397609015180011516984272,26.84317736177248,71.22629692879072,0,0,0,0.999999374105731076043326645351585116096468748738143442,0.0001147910942148588108609664369253814244543348535107009773,3.424704290431917424651178316120542009816620814869338512e-44,1,ROOT_OK
cstr,cstrfold_0000351,dev,high_triple,0.000001918734043703830535537977681660207548941353409846418884,87.92829337725132,20.62436757314469,0,0,0,0.9252899727018271288916128952576400269773325582897455652,962485.0697486160450807733325609246968001766659342124094,6.882768633752009218854796939560955116748814297039666587e-46,3,ROOT_OK
cstr,cstrfold_0000352,dev,single,0.000260356612255855259612108253568590591674689961749587082,19.548070726995636,23.77116236873273,0,0,0,0.0002619135101389939770693249170299788296067377132900379308,1.012011498356179987439698824126599498874650934360032488,1.2416265473148052638875539017885040742697759245038821e-44,1,ROOT_OK
cstr,cstrfold_0000353,dev,single,0.0000000263888482706094112975437835600115161454104582967566011,27.11498983776215,76.96448016892415,0,0,0,0.00000002638890117024925313359280719545698489669527997699624855,1.000004009247908084724762660696908680880267184987415113,1.191717497259497181193320470488378111089234458036793645e-45,1,ROOT_OK
cstr,cstrfold_0000354,dev,single,0.01976679504089834613517546124510261102130434354430105068,89.06172510032273,19.927305445531086,0,0,0,0.9999957134909894612129205072998809146183101727731533397,0.0002168654623203205234616824469992245259594493255769024281,1.414007582218558500206728807565891749346991416174671488e-44,1,ROOT_OK
cstr,cstrfold_0000355,dev,single,0.01900307132984155255241512596805435841490265042188355734,18.562874893144226,21.663650723668972,0,0,0,0.9975823898830328035528787369280938305342434211290916388,0.128346181459355884324798752069878085321150774244541411,4.939667323948055597049022939829483804739709414581547653e-44,1,ROOT_OK
cstr,cstrfold_0000356,cal,low_triple,0.005208706286161445101712616241474731527208684948231276855,26.50961850601241,74.40219059902888,0,0,0,0.01385294987254601808232811459542092419026324678943328419,45.03115175285896748962785253551996202805715087248435811,1.238978356013607968146634848837203402768834888262863427e-46,3,ROOT_OK
cstr,cstrfold_0000357,cal,single,0.000002187092684239539222350098312615686194790542308125238476,92.26086656880803,20.20851074490326,0,0,0,0.000002187184571477187436835208730454300761794915984137360769,1.000084029458811666808704218618391744774855745593563828,9.579543281744666029441943863787011880884043388293644574e-45,1,ROOT_OK
cstr,cstrfold_0000358,test,middle_triple,0.0002342180147279312895674388907235866663695278793495773398,20.08380668300071,23.668042728726327,0,0,0,0.7946825696772139480449384931046640847045740997760006174,-23391.91742904685511414479039186697432599315189924285769,3.080021135400911156114079393696414778328867464305489914e-45,3,ROOT_OK
cstr,cstrfold_0000359,test,high_triple,0.00000001575006663581337079784842697228660736805001781226574648,28.16111415873863,77.05471564005387,0,0,0,0.8334990958102076778662225761763226467120777084230872501,1374452691.187399399247039881515180155498040796091873394,1.22862640416032626813609607242091144849267978416829309e-46,3,ROOT_OK
cstr,cstrfold_0000360,dev,low_triple,0.0190410298100476795592571963468570107792675907227248247,91.66131953004435,20.58551356763568,0,0,0,0.05247271887753653966085072673755351062123815154333935892,12742.98486935103685559077452349943507213123244880693223,9.12564530957056095261066543247579460243169237368789123e-49,3,ROOT_OK
cstr,cstrfold_0000361,dev,middle_triple,0.0177565267689459965969067191398138124320533843414498272,20.104234811967032,22.977951653168056,0,0,0,0.0522900624179119956531528538879003035983778106564937983,-201.0477195880256428192989493476720085208896130493499128,2.377180609138375704970824387268494968717926575392588957e-45,3,ROOT_OK
cstr,cstrfold_0000362,dev,single,0.005410525496042417369754128864070096875937217001870651202,28.405613095346574,71.60874739442701,0,0,0,0.9999997283014721855304875247157263067916464000045475016,0.00005021672674875164164203509951874286833203525446503813243,1.410519712012266281706585629306814635807239628983548119e-44,1,ROOT_OK
cstr,cstrfold_0000363,dev,high_triple,0.000002428859501768175507744825874204719305797599622619626336,89.82982938316428,20.155726560331107,0,0,0,0.9230672000853078662108337911241892800927955213113393469,1652266.653158969126762817724821340953381709473043316344,3.629006951932840302128265575948246268096566073424948268e-47,3,ROOT_OK
cstr,cstrfold_0000364,dev,single,0.0003151694255674750559789835834332612987755749350519575954,20.223053024693815,22.16824326547486,0,0,0,0.0003172926024389992434867960305701514069316675507538000352,1.013539024279689957528805267804755751946921749022134107,1.706017085790208245217056400934900941134187953444508225e-44,1,ROOT_OK
cstr,cstrfold_0000365,dev,single,0.00000003683624638068284984557245687518980965023259268455705761,27.008772247085265,73.26430551076497,0,0,0,0.00000003683634443715437596564384194523700521834778834072954026,1.000005323922600593443432993271530069981293042829999759,2.694041754790704463698105389557010601455255852403917741e-45,1,ROOT_OK
cstr,cstrfold_0000366,cal,single,0.01943776474692383776200197538045526221441301944855069138,86.70222376167806,20.202191808925864,0,0,0,0.9999960583453410402818835158906247424909609263349931653,0.00020279315229173428911762064632679564163233852869039052,8.87162049390133115874753079461902555174651941362898174e-45,1,ROOT_OK
cstr,cstrfold_0000367,cal,single,0.01748200895348225813192720652587630398120525322620991219,19.405868503746348,23.40025380255927,0,0,0,0.9985789335927786132382206541223017036863531697289039887,0.081730486687004676614089505785560450027730609586377049,5.533336983869751413656539457438665666407355209914857013e-44,1,ROOT_OK
cstr,cstrfold_0000368,test,low_triple,0.005208129300766511881926891774112583696756228391073652449,26.356962652688846,74.57270411966171,0,0,0,0.01475390855414168871514421956423525948726549218981563817,2474.553474647053917363028466873980168808821020951018037,2.937167369771044247435122484980949480191976914524131312e-48,3,ROOT_OK
cstr,cstrfold_0000369,test,single,0.000002445889888555289607409687157299397476692287751805625,84.83005407239557,20.392652078480687,0,0,0,0.000002446005910893641083896886582466485115794915142375325559,1.000094874611620946389216389991643360903624587792552164,1.411938039057887026456289855995873631797911699801271678e-45,1,ROOT_OK
cstr,cstrfold_0000370,dev,middle_triple,0.0003453067113936323264736892420478346588873892258145260066,19.417687332561435,22.573368702423856,0,0,0,0.7936134489998083264809465464528275068581347007197241222,-1802873.794604913978997227141647929294346238915157664159,9.110647079008361359250353243692866439592343081164440876e-48,3,ROOT_OK
cstr,cstrfold_0000371,dev,high_triple,0.00000001345607365583786146099241803208327629389771863560478891,28.388354077429433,77.67258086731849,0,0,0,0.8370507095464666020525874131532737388442336339510608927,474364366.5293385858340849051723509473931568835379102505,9.032693487120358474456164430689282816897736527653171627e-46,3,ROOT_OK
cstr,cstrfold_0000372,dev,low_triple,0.0182545540596187632937237964874441907267529907336408414,85.46334163696447,21.444214315647205,0,0,0,0.05031932373886343530923004846615761445609712715433703373,4126.608607931277179624676403944224236694079464113319426,4.526673386074927585790387717661357014761095457903147294e-48,3,ROOT_OK
cstr,cstrfold_0000373,dev,middle_triple,0.01723426477837958527401650714309883400441863193525906151,18.645933530086406,23.74332190275337,0,0,0,0.05156308439650910765293780643600205367709409657652735425,-126.265258798165973118339812951586586870235283490104661,2.737323857113390660705177869802721354779419155651926018e-45,3,ROOT_OK
cstr,cstrfold_0000374,dev,single,0.005355396883012274991966026926449659299166869211545900501,27.591503930522016,72.42164957918806,0,0,0,0.9999996071908775712480687272540256452326270258888298708,0.00007334840483347632668106418387114741569741962503501244018,4.078587350505403702476805074831823016274659664158621091e-44,1,ROOT_OK
cstr,cstrfold_0000375,dev,high_triple,0.00000225478393535316099619384189535456968208182818410205755,88.53683553510207,20.334851562116274,0,0,0,0.9219597227578130356331091019215735472030115443138078172,8920988.512473622936043574939505397083954874329177092504,5.551311194284672267433522643653440003750949079522390953e-47,3,ROOT_OK
cstr,cstrfold_0000376,cal,single,0.0004280474979826535389508780485414117188627125077872003886,18.90698130392481,22.119044735539433,0,0,0,0.0004319682121753903186853654129317746383044321734889967665,1.018440497046278827670159457220840752823937932876208084,2.775182358906295986477797404322301072823828805221223965e-45,1,ROOT_OK
cstr,cstrfold_0000377,cal,single,0.0000000291326536186865530737395180750740367595453264873502211,27.018145783764112,76.26813297479711,0,0,0,0.0000000291327174998218877329831033763157519580011918686550815,1.000004385541980519802852734147446940827692952116167911,2.517011437278794586121675351392395812246145362973719974e-45,1,ROOT_OK
cstr,cstrfold_0000378,test,single,0.01933351895246287947718066128249393895869143685318614229,92.60750379126519,20.28800654635595,0,0,0,0.9999969371823488644879674690612314124414597870058866654,0.0001584262205262110032684454553757743524834717026356252074,1.893605809893966543473567857949443009592369038928059194e-44,1,ROOT_OK
cstr,cstrfold_0000379,test,single,0.01734158976876972803066040344555674509537805257952189346,19.715844329239076,23.619554925457848,0,0,0,0.9987522752544498617580602696336993549925966126012481208,0.07230116671855308942545105269635215384136497582474623312,5.6959166879203380772906445775880971601454297349922475e-44,1,ROOT_OK
cstr,cstrfold_0000380,dev,low_triple,0.00528815010614325982791279486343779429743814375359120353,27.94764465705918,73.28681641287822,0,0,0,0.01495067218176976146890404667209966297355627264505483707,4691.236521708171579899852033210586525533765880855334862,2.836217223144177426565638025927374435156449240143894299e-48,3,ROOT_OK
cstr,cstrfold_0000381,dev,single,0.000001390183254509110477627258294239947033673397140253272996,87.3530811945838,21.163785520413775,0,0,0,0.000001390222224855662308422391022442231910626340512774553581,1.000056066217464986218355782421724088324126484487290989,5.215679946947733459525816232203345107255808601009939955e-45,1,ROOT_OK
cstr,cstrfold_0000382,dev,middle_triple,0.0003575570510055193625297925564538419475451490152641152026,19.23422441626631,22.608858005221265,0,0,0,0.7915626093208883625574483186633837038001120510789326623,-470090.2940924645641877377270180399195137467511344611945,2.218154764890855276685629145382299128610265896259681172e-46,3,ROOT_OK
cstr,cstrfold_0000383,dev,high_triple,0.00000002211866359454229337088680303760605980893915978599074018,27.467652198843943,77.02085813147498,0,0,0,0.8307465476232900227291329203306618699849028437123424178,275636646.8141553194582168197889928308643388093598084842,3.227676482212831027715278654722364357153828422315706418e-46,3,ROOT_OK
cstr,cstrfold_0000384,dev,low_triple,0.01848197230506624370852095710889333413060346612115688927,90.98996337015079,21.129454571963933,0,0,0,0.04757074682984889506177468251773369972133348263029639743,38.61969029761923645236698895518912466137826904259696187,2.923976203609991187102619903522118473019008663403488276e-46,3,ROOT_OK
cstr,cstrfold_0000385,dev,middle_triple,0.01707758906435865726338748631562080144963861976682668689,20.177891013903718,23.698895388113716,0,0,0,0.05598828839891114541280675013620551759508242373203566339,-30.11460569065110582700309376865759193122698473872973243,4.99921532394158790146969127106171329037059436195499191e-45,3,ROOT_OK
cstr,cstrfold_0000386,cal,single,0.004992277913893548373235251771592794225102851863159364116,27.66818733264614,77.7052079340302,0,0,0,0.9999997241503214598420961304934494644921089459250035272,0.00005525533931847807476917812691133246402745757793248872481,2.557526303400153682365370141953521582575684102595281645e-44,1,ROOT_OK
cstr,cstrfold_0000387,cal,high_triple,0.000003131715308957720157668171460611486913855230828905808804,87.83570872812642,19.846225105372884,0,0,0,0.9204298676757064135289706117748496721327103631326432913,6012554.767031027558318286589843847561273939797962009388,5.266544166482183256900677554344577776814159202151532213e-47,3,ROOT_OK
cstr,cstrfold_0000388,test,single,0.0002950243271195912052909890576952961810766565949184116468,20.09745433103562,22.58662240422383,0,0,0,0.0002969206855813570933098657089245492402835884732300362081,1.012915479697669280101981212619917902366751401548166841,1.167583764776955335580356106040335139093670388334257668e-44,1,ROOT_OK
cstr,cstrfold_0000389,test,single,0.00000003371154102920077892899194560900385960416009744882411539,27.435567116877767,71.79102299133035,0,0,0,0.00000003371162148121377297722620335880924817658275226845923742,1.000004772973938767875435306778573324733899297944995823,1.974985606476891040759307327606577890665043364748307593e-45,1,ROOT_OK
cstr,cstrfold_0000390,dev,single,0.0201011210082306173367758868202371773196279246083719368,87.24017465014612,19.56867778578451,0,0,0,0.9999943077801534042537523390547088947590052797386306848,0.0002831986570959402386777517381279405126494304772448850967,6.965125610804121453218531691992237903547399007864215235e-45,1,ROOT_OK
cstr,cstrfold_0000391,dev,single,0.01789635546738492632797612234244924852520521632056390574,19.412590857580888,22.901835070787566,0,0,0,0.9984625642826674212108144203170327032343976058455882387,0.08641615948023221627628096296622314110637458145422713608,3.467100859200115352301260486977645441496770617206958773e-44,1,ROOT_OK
cstr,cstrfold_0000392,dev,low_triple,0.005139354438986229530117213951140945182456279818541240757,26.50179911203457,75.53869809385064,0,0,0,0.01456931874838935747090243281577455041312695387941739229,11396.30962721139034022344269615806086998867704577328767,6.308506889487920525204845207233802550444404440435225739e-49,3,ROOT_OK
cstr,cstrfold_0000393,dev,single,0.000001135874650054352270344331635511819724865431560681418619,88.11071154282729,21.459464576105606,0,0,0,0.000001135901047996937778601549730458322696126452845725269418,1.000046481182608434457955072748508278640927628902301899,2.48308665065765744608215840995907714482454567492694196e-45,1,ROOT_OK
cstr,cstrfold_0000394,dev,middle_triple,0.000388073449722046311865132121817061539874647512660758278,19.156833567419792,22.30995240376886,0,0,0,0.7867170970697021412532068188519372910208239072406432905,-22169.62518753523807746886077025315158488738888526565188,2.25994831416832963944489946416603595753761056105327666e-45,3,ROOT_OK
cstr,cstrfold_0000395,dev,high_triple,0.00000002916195855826430129835257246597800849573601720203212155,27.943876345573564,70.76544416946639,0,0,0,0.8361999101222261476882725408149667951643018577090137126,1707388201.802470298475008369310644743127569644460512445,3.421118577852648905803137982778951195178670927613758365e-48,3,ROOT_OK
cstr,cstrfold_0000396,cal,low_triple,0.01827385871478740403834625760836507361448062958054993698,89.12923708384163,21.41004090217533,0,0,0,0.04975647916288503315409227334024842426814194243147909049,225.2274594923377844735959604179214737027567267159443734,1.289775501745417041644848004459400881936201163553990747e-46,3,ROOT_OK
cstr,cstrfold_0000397,cal,middle_triple,0.01857773835122451917292954739325869383353414887206472465,18.35736600191748,22.141677782716148,0,0,0,0.05428383861434420891089097141951154590497188760773622132,-2157.295243902544719859123379277408440679613961652522007,1.025955080334120430356600848227641836114893249138229961e-46,3,ROOT_OK
cstr,cstrfold_0000398,test,single,0.005056963657190292289446041793604417934323635387318900308,26.877787332109396,76.70693969478161,0,0,0,0.9999995511810008171743756368381828004349216411240467742,0.0000887528304543209918043257604340547702217392237070939721,6.084891066446694071483643123910907475985112388888449599e-44,1,ROOT_OK
cstr,cstrfold_0000399,test,high_triple,0.000001116683176910716032073783475426804982114876104411644393,88.0207529384151,21.492354706054947,0,0,0,0.9254703444118840661135519677649297411193024408229950212,4510820.866143247729760248638476940889484150556412968187,1.881998817796343304343332821183819714923346969469564584e-46,3,ROOT_OK
cstr,cstrfold_0000400,dev,single,0.0003176569333536966597891802153342018741534577622194697641,19.50389344901526,22.870341519297163,0,0,0,0.0003198861655483764593145982051668593339065249812798815521,1.014106779557659530460335988251515120868870783304386453,4.195363912271802810091692076470982384899221178501697605e-45,1,ROOT_OK
cstr,cstrfold_0000401,dev,single,0.00000003320901411117108924828340787259356273222361772013668732,27.710480897694346,70.4825525103514,0,0,0,0.00000003320909073947193092210390674853388070986963810637155474,1.000004614917498332841758958194665685793514239265985606,3.445053384010409285551255620573353293344286558020352051e-45,1,ROOT_OK
cstr,cstrfold_0000402,dev,single,0.018755537885520745018527708248785004382107542190710208,86.56574555193376,20.96536585077811,0,0,0,0.9999975055591715896883531001052087586119104573526734497,0.0001330017387914788597221830834725330711164905360190631523,1.59716569586653936644676345374197193075601670580994586e-45,1,ROOT_OK
cstr,cstrfold_0000403,dev,single,0.01835502035387411563035255647211398531790739860614032542,20.063302097150874,22.27253405607992,0,0,0,0.9985721230270861349676999327353796861021736536637094953,0.07823996698752151610515339047405693024413267896024253463,3.862736974960219388444381923648133225337728930305654256e-44,1,ROOT_OK
cstr,cstrfold_0000404,dev,low_triple,0.005307725995205512356501002388337380490426725255572621206,26.52924278199711,73.15408696306642,0,0,0,0.01468673822996945152795191123498308710449050411592388457,122.8774988894129726891262687263486201650424740586218075,7.354285484153292294170577401890687614144883398060858479e-47,3,ROOT_OK
cstr,cstrfold_0000405,dev,single,0.000001807283259034476387606698279959898173986132769382862074,91.45858995528658,20.54664824461351,0,0,0,0.00000180734710707265268024010061716386264377015507767751255,1.000070658226389626439650801462454739193063953683316067,7.067973803481578666812269543403170031078267411884564999e-45,1,ROOT_OK
cstr,cstrfold_0000406,cal,middle_triple,0.0004744620017482071917357729437460952710920302428226258292,18.48021417133913,22.100454609158984,0,0,0,0.7832453807128304091453218250047135203059991841794082202,-1029638.791905699997392996856529575147180179269391399155,8.359865648111540480652019012598625959938983110153070877e-47,3,ROOT_OK
cstr,cstrfold_0000407,cal,high_triple,0.00000001724840075451606072340188054047416991205981341752278286,27.979380899748854,77.0156014128444,0,0,0,0.8311676711942082278856502846477337103422678095998535392,34174846046.93900380071611257795365623982559659876290369,5.228187124952324572605060402182538416124891864151299172e-48,3,ROOT_OK
cstr,cstrfold_0000408,test,low_triple,0.02004074926579798656884344667252273134109304803680869787,85.5348026970282,19.624764398809848,0,0,0,0.05409505524890670428372342133052612033203705053720168285,125.8086846814747888187563919645377882144390285256395124,3.750670456273805186481182978583928082059989472821068023e-46,3,ROOT_OK
cstr,cstrfold_0000409,test,middle_triple,0.01708688902821348071529610223153311472227058968559853271,20.216378855627035,23.82716861521196,0,0,0,0.04951812759973601566061261423214071346826789400405181788,-2336.592993949099415942765998686410497684621491109627177,2.297670409018210078075928826661393704890880591808235967e-46,3,ROOT_OK
cstr,cstrfold_0000410,dev,single,0.005181640593291380701796513019702018081006356740549449415,28.539973218215902,74.7099443600713,0,0,0,0.9999997925595000999825334339502447015864766285650231012,0.00004003378828974841372513894340570080775072487436175094561,2.514950262968749108853735153117793549309533204507949452e-44,1,ROOT_OK
cstr,cstrfold_0000411,dev,high_triple,0.000001458818470694795527667991927525879588052216976193003583,86.99440287800091,21.114312284928687,0,0,0,0.9235532551495656192181202617452549420562129202591181925,9264689.658611929475467692474055102515440264410727607255,1.156203560726052063780646089995508012356649820881538137e-46,3,ROOT_OK
cstr,cstrfold_0000412,dev,single,0.0003651402633163386224240756852787808687027994834169788599,18.701111016025855,23.11874171123157,0,0,0,0.0003681240837058286213293263846143132343679758560878845833,1.016440007656437450234732621958904527340342182858510166,1.263989373863462222426385551170850837498841879189481959e-44,1,ROOT_OK
cstr,cstrfold_0000413,dev,single,0.0000000262742097561916457936002559753318300751447275738435993,27.14032681682101,76.85543259382297,0,0,0,0.00000002627426212193590168992421175525792770416421098233235764,1.000003986100517515332343805279246752025410378216237978,4.369112886899579821559004874901028446955079943128495748e-46,1,ROOT_OK
cstr,cstrfold_0000414,dev,single,0.01964106696713130550472802688461709426072929682011141725,87.9556631539674,20.000082478918593,0,0,0,0.9999957331935842094042860572828554635689316392311493505,0.0002172504135185680118370668596516960636422282034968033173,1.566224318111933262490067119269036054559326063857672694e-44,1,ROOT_OK
cstr,cstrfold_0000415,dev,single,0.01864713250412932021815915488903918792818221909328658573,19.951448681758254,21.949457054719765,0,0,0,0.998440105562815279461343800298886837423560704035425714,0.08417632017791777547790345005306970645138776826878173666,1.784076727984642888149554542265284877473382392196134135e-44,1,ROOT_OK
cstr,cstrfold_0000416,cal,low_triple,0.005485184936058878357591689322102172088979783264370737319,26.900510270578337,70.76473565360438,0,0,0,0.01502974787619356116352387693036681434104280437874395577,88.25307278409968936953965588196105339638214223169925825,4.530121484896879694561385030206506409022119438949280489e-47,3,ROOT_OK
cstr,cstrfold_0000417,cal,single,0.000001948560613675544060861654036248881068149396713888838795,88.61066666458314,20.5639342187106,0,0,0,0.000001948634899960605051486152542516819672488295401703118339,1.000076249503481631805833133340845917961206023261277658,1.630160583915053386624042621873817696740459439516989111e-44,1,ROOT_OK
cstr,cstrfold_0000418,test,middle_triple,0.000382862641140647095653382413571983909399050077245888439,19.795446521152822,21.726657278388693,0,0,0,0.7887411760486583945736144504876803260713350210499749735,-10860.77901431993328917681549186448696480387293906118064,9.858501143536221375006553062377295986789594606342967044e-45,3,ROOT_OK
cstr,cstrfold_0000419,test,high_triple,0.00000001945593744297780407033014117614270494606414658195688814,28.649618490958055,71.6874434744162,0,0,0,0.8405904787659785569104247516225562839549685547701705572,2683966323.360704241857448579049115144656358309338985827,4.741485564544551400279016995377385398689583013715740573e-47,3,ROOT_OK
cstr,cstrfold_0000420,dev,low_triple,0.01919772936940402110850889017002396560596593678882817294,91.62753591077067,20.408539884912937,0,0,0,0.05069336933129845078048459740888165962157193259547915309,63.17805388424535016757169703759717390935350428515275221,3.307510167204619278286382459615724791038706742997561665e-46,3,ROOT_OK
cstr,cstrfold_0000421,dev,middle_triple,0.01786731668258497773252063283183006958912711411783199997,20.198246434524396,22.834482971994547,0,0,0,0.05290136710839933986162811329842018187845199850291252595,-150.8201047726762526160137341273565166321878362667949869,3.940469294620712281166236670174303869614295904081896242e-45,3,ROOT_OK
cstr,cstrfold_0000422,dev,single,0.005269810702564426369332537547619882425745980755216005657,27.069572956343897,73.6318207659726,0,0,0,0.9999995189187769020059531965309538600528055303242714734,0.00009129022847320523392373094366554992011773553649628258024,2.164520336824085951945311200178844429497849767461030258e-46,1,ROOT_OK
cstr,cstrfold_0000423,dev,high_triple,0.000003226775299023532419631591401409357154432339944227121619,92.3699465074354,19.599386286973786,0,0,0,0.9219826734749820028222061697104804029751758376962127122,1614813.639519425386608260043974128756555109130952941709,9.519236446423553384647205848384600575040163453263617943e-47,3,ROOT_OK
cstr,cstrfold_0000424,dev,single,0.0002548552879080495500068166064187153289450810714648389902,19.75817823458798,23.63081256600384,0,0,0,0.000256337548115710536138938982818112838572972697258629907,1.011681154263215562325669956628805633955022214077354711,6.067275845335500846799464138423120713095750771235515204e-45,1,ROOT_OK
cstr,cstrfold_0000425,dev,single,0.00000003424602722845594506146238943559505943735566237070599257,26.605231570172567,76.81258863682356,0,0,0,0.00000003424611614106798811959866921122861835774111120302353321,1.000005192589500603105819437592629353167614549581955566,2.612840151851026395292973443761697018191661461752078792e-45,1,ROOT_OK
cstr,cstrfold_0000426,cal,single,0.02021724277095100701456621826834049005494308217738968437,88.43467093853457,19.481609754287046,0,0,0,0.9999942332324687126622895383979231811703666631465887889,0.0002852599358634691747106835010660946809691709892841572983,2.619777246305062931914226618089180570203869960497050286e-45,1,ROOT_OK
cstr,cstrfold_0000427,cal,single,0.01798456144856749574514465173608470901303644645027390129,19.71650618522615,22.730556280657385,0,0,0,0.9985473168709861468355394403135759562796184193873128997,0.08123536805296666119029175271882802310822090114893518082,2.676104656575371500189053088591078859972705254853073138e-44,1,ROOT_OK
cstr,cstrfold_0000428,test,low_triple,0.005423428596445970669147578324575969571262594836198986719,28.492435297937583,71.43239649230483,0,0,0,0.01529450921393102232931680955079487998647632711898264859,1276.691337414455612739499608119272364224323139197769333,2.210299663079199897143577066374641627843713697603763869e-48,3,ROOT_OK
cstr,cstrfold_0000429,test,single,0.000003079322337254582246926816456037330358464190989134832669,84.63934746600776,20.029118661855236,0,0,0,0.00000307950279136768427705900641237962852765818111685989656,1.000117208884482299008481895570225151318677452278083025,1.745828075647344658852227888946159592579410903600683341e-45,1,ROOT_OK
cstr,cstrfold_0000430,dev,middle_triple,0.000281101330063524936987005422558630179245154518312129456,19.771410758475266,23.15169890516105,0,0,0,0.7973953934307381200914697337988268163270894461083337404,-2141550.539483064885727827550827416516869675548547451234,6.593992791015140275686495260430469391023146593530257927e-47,3,ROOT_OK
cstr,cstrfold_0000431,dev,high_triple,0.00000004991623356162824513037227353434319207765230549154647527,26.582726198436376,72.09886746356818,0,0,0,0.8434865275800958716465323041711983020519422856091414589,22144545.72340824465765993982385033252045018193589996161,1.667808656460970838940721168652664861420134418327204392e-45,3,ROOT_OK
cstr,cstrfold_0000432,dev,low_triple,0.01952918716598688137253869271112675356953530161183152711,90.54551200488353,20.089588958391584,0,0,0,0.05201400800438353544704939044661805948059158191246977985,79.18545552123672994881768413119324328509415270050352685,4.535435560498452012506294996345361399533831367879956329e-46,3,ROOT_OK
cstr,cstrfold_0000433,dev,middle_triple,0.01826979637198808849450372525955969033324401996953313097,19.82351428100775,22.386658401619638,0,0,0,0.05324203449645687244259172000356455246526180106742642071,-676.4352746867688575418967013761596696074496238262420719,7.424724006385089011736501032741088899103314537065613381e-46,3,ROOT_OK
cstr,cstrfold_0000434,dev,single,0.005331731025425671181495636730282861729307770162403298639,28.604624862035358,72.63141609076527,0,0,0,0.9999997706920305090687667030263221730578997110391938563,0.0000430082126650743934809622265966153895899231388270440563,4.566654726215457610738628166595931549521624184253324321e-44,1,ROOT_OK
cstr,cstrfold_0000435,dev,high_triple,0.000002845216453902441914938528449185015358952341958489349721,89.84928353601039,19.905012074915923,0,0,0,0.9209526543400178613635141982134664123588883897413822604,60221131.64129296311380713889175528789417275304224142919,8.131059512183598880414744421083934276380871232600171645e-48,3,ROOT_OK
cstr,cstrfold_0000436,cal,single,0.0003929449522552931188774427403789222679211478160153940686,18.576892775589663,22.90494212296668,0,0,0,0.0003963697447142976839461346842784466985366980654742904918,1.017541280249525768647355482604524122499575689674953285,3.680876351746674629862635592293972732905595991873236438e-45,1,ROOT_OK
cstr,cstrfold_0000437,cal,single,0.00000002245216044621293595723749329372283954966429101558243378,28.109162311588882,72.94486387917266,0,0,0,0.00000002245219671366919820360664568236939873630082259990313576,1.000003230646708836164931489585631640040800633798129369,2.68485518220711693526296563046945432053957959977208884e-47,1,ROOT_OK
cstr,cstrfold_0000438,test,single,0.01825954994816653995636434390739937929455021746642304471,86.93380117412626,21.43447911705024,0,0,0,0.9999981341612575423281145509551181614906450973285223767,0.0001021867071650515148883384567327589546744536511905799401,2.368379919426881887263922837491268825392666946160728179e-44,1,ROOT_OK
cstr,cstrfold_0000439,test,single,0.01806039159229953197730696428739865974761542669684654512,19.65057299045115,22.645004849813834,0,0,0,0.9984980881389624528900238357079364979319353985481769685,0.08364980664164383756844549737729769570262633210121627206,6.325287478086311724222457631523943402018620459612677651e-44,1,ROOT_OK
cstr,cstrfold_0000440,dev,low_triple,0.005173545236255012886950130807522714237503606278659216757,27.854070067673653,74.89468942827267,0,0,0,0.01455201135327083882979034174771953427436484070284809341,518.0005119038878183803587382944216384876852490557328951,5.735907632778563407722847720462001108294963764434435137e-48,3,ROOT_OK
cstr,cstrfold_0000441,dev,single,0.000001108822520776888150820385789257296436778901156975642528,92.41889583908929,21.274909023510908,0,0,0,0.000001108847449355001425609499940253374123589700833495261445,1.000044964806009194074389779869767664203624887892504646,6.078621770880907707024547099760396146018265642483094115e-45,1,ROOT_OK
cstr,cstrfold_0000442,dev,middle_triple,0.000379901429693722414419946323245653111671880205547119133,18.498740021513232,23.167404258800207,0,0,0,0.7836260480711870712630317389566870464521615681528022733,-778709.4789029999455746445732299785562928900508530792363,1.305935278153644441673559990275992675610042715903991234e-46,3,ROOT_OK
cstr,cstrfold_0000443,dev,high_triple,0.00000003307288653957726478959386309609364658464868810210568304,27.400819059131788,72.28594482973544,0,0,0,0.8312673255347294283015266447861641027117163936438290714,771598772.9867776220803825353477317075843118110012257724,9.443299788199753373615814843931789090324107533087182711e-47,3,ROOT_OK
cstr,cstrfold_0000444,dev,low_triple,0.01997361355250736499177540171519660872496444436250475925,88.94003881330964,19.681936534283025,0,0,0,0.0549481789252432315235657844065577159711092959534685307,1106.806712784999934050261209240524620026210366441736753,1.320581310791340086987146780786887999928293121981774289e-47,3,ROOT_OK
cstr,cstrfold_0000445,dev,middle_triple,0.01880539050885724268278181124790487114849049548119440027,19.083616047559175,21.833052463315106,0,0,0,0.05524477548426149930150009158790366267185890652780437931,-343.8161625790966745842564793651797891701925868752747162,9.434732655295585868754308134148165178979642952738094401e-46,3,ROOT_OK
cstr,cstrfold_0000446,cal,single,0.005056905967954296941532347910075819125990906410483379455,28.07432606763168,76.60124175431332,0,0,0,0.999999763590280414005055761500314183093233407367528784,0.00004674992439152826029027529302030410120249821654445991561,3.522889298028301230972237815872977186182574050976394469e-44,1,ROOT_OK
cstr,cstrfold_0000447,cal,high_triple,0.000001216937044992916568345464443902397337788655938134989542,89.20243318694789,21.289837952377123,0,0,0,0.926069471854101531565775053283400456991872819850217099,2519254.140333224542057061186637697262776383511908403522,8.245216661630245863356127655425056766572285735529249779e-47,3,ROOT_OK
cstr,cstrfold_0000448,test,single,0.0002680964597578687279166886699975425020379310444463411977,19.829903247519848,23.303189977340274,0,0,0,0.0002697134998032060483431496446456454837351817277559255265,1.012115810098411832620707500508643964452506242375755458,3.363849432748035491794918198304903437572939259212796313e-45,1,ROOT_OK
cstr,cstrfold_0000449,test,single,0.0000000222103458967886784481391106969613137916235554769173852,28.522437091651433,70.8423417733131,0,0,0,0.00000002221038035005673320868899761460119437756883526977412274,1.000003102455705269255636799218728584462422601329844997,1.796699483590411712230578625438043491809035535107594778e-45,1,ROOT_OK
cstr,cstrfold_0000450,dev,single,0.02013778466879470810979672748940059179072739890338830478,91.93531003479879,19.522709254059574,0,0,0,0.9999949591749150647255276912551233360078431926719741678,0.0002503322627958590660811894506081672422576208595642407652,1.337909387745647152675911333935675945786888475792358653e-44,1,ROOT_OK
cstr,cstrfold_0000451,dev,single,0.01717689692615511835132996771719380241044568316260166849,19.222536382846936,23.780482660356697,0,0,0,0.9985847873054692166450321371169345845082948363369796472,0.08283096250319979306542577345911885807707721975030719121,1.833411135035491146295099556950397128419718346458706344e-44,1,ROOT_OK
cstr,cstrfold_0000452,dev,low_triple,0.005116903420539533402478297232149861967495794626778234322,26.00468130931278,75.92560722982984,0,0,0,0.01451407091314973511411203088549844842017499835585697655,5485.800860967077030878166092274092271647091552314391784,2.434090196954637525321946897474865914518843695410771879e-49,3,ROOT_OK
cstr,cstrfold_0000453,dev,single,0.000001240762724149947014446403223727422636999307764361860443,90.71760451431184,21.180130594708245,0,0,0,0.000001240793792458808464961266374294322704458037562853663249,1.000050080303863678018882610330475457097405785082142065,1.046959248837618432890791651842559900097958347547735593e-44,1,ROOT_OK
cstr,cstrfold_0000454,dev,middle_triple,0.0003840699658781667621955046606466869270775674839613113719,19.861778537542154,21.64516257184098,0,0,0,0.7969669489880135671107265209035176417147741269562220947,-133400.7570455052725906122117063588201754743005790841064,5.744223950590478553386436189255773806572456872482758525e-46,3,ROOT_OK
cstr,cstrfold_0000455,dev,high_triple,0.00000001710439244202446745472956021444949908915429063152843329,28.08206161681504,76.48361372658668,0,0,0,0.8323893485308665009569299723942072859359888248590505096,29104154114.93253584063655539141763569170642567710290039,9.59722285009498015587256599302528925058643843310275463e-48,3,ROOT_OK
cstr,cstrfold_0000456,cal,low_triple,0.0191321277840568889293750403816326660676131423002620475,84.86229225436279,20.50248935071697,0,0,0,0.05115491419340300859747809251763239324086363175443787616,87.48957855937254834336192146229786744842819783677340296,7.857205331506864804563091595699793739540947355637299165e-47,3,ROOT_OK
cstr,cstrfold_0000457,cal,middle_triple,0.01816873887215495889871569593255804246132155758415133034,19.039807484223022,22.545764190915378,0,0,0,0.05500837812548208467756933938304139159825963645302411721,-86.63692789922321524205588858072464286498537343907983118,8.503220924543247042695525303266863312756295105895601685e-45,3,ROOT_OK
cstr,cstrfold_0000458,test,single,0.005465215467148204355550326040998316336483945367636872583,28.031833484422883,70.93990347582728,0,0,0,0.9999996561308267126626400544620079816850775915277863151,0.00006291970188927830503454852077291282088720988357158098404,7.417612551364874714803047478547499132880857473615100861e-45,1,ROOT_OK
cstr,cstrfold_0000459,test,high_triple,0.000003060240665576863984059528949860632914173384637648640364,85.899515943135,19.979458926788837,0,0,0,0.9244480861760699742978283069227121881225547545332963331,416847.4945055044088922431023882548988571430911465250208,1.006294066624478872542357937664529007515506278881050882e-45,3,ROOT_OK
cstr,cstrfold_0000460,dev,single,0.0003328049767583009471784021515465703149287149475522861352,19.154078416920367,23.035507645570625,0,0,0,0.0003352717433130705728838466614783762811449566510783317767,1.014903606181199830212883850255306988954329226212224985,1.292086707806779429319398968969091111607049583151025606e-44,1,ROOT_OK
cstr,cstrfold_0000461,dev,single,0.00000001930310630103824924045780851476594435386361187602281444,28.564726750230378,72.22857060718675,0,0,0,0.00000001930313284156315693361362361250383558502647180192235354,1.000002749873642493009315945055280922961877051609543934,6.3238527183036922374406131594402501918358574610072641e-46,1,ROOT_OK
cstr,cstrfold_0000462,dev,single,0.01827547496090343193286304129650107090648804863146376999,92.02932296731512,21.401706493228712,0,0,0,0.9999984253907922760492903348560208171367564288539124598,0.00008616146289522215424879295717243561301336645787454737164,1.914114489995850484834957483653716245735076789166052927e-44,1,ROOT_OK
cstr,cstrfold_0000463,dev,single,0.01729485307587090063820071639867089698082597399342202577,19.469624473582698,23.75951519020576,0,0,0,0.9986910202916518586483023488477872052931825161700455956,0.07606695032467926164849513225580632401728991041162797358,6.550602046365775411521467729809561950017860803792968532e-44,1,ROOT_OK
cstr,cstrfold_0000464,dev,low_triple,0.005481480973939222650560676983522750174952544810227917266,27.45442143486401,70.79063833905006,0,0,0,0.01551660428208189715397644520095627977086843407118941651,12948.45003331535812968639354252161801535648804459608543,1.175416309466717958445819024935524289259217335189679428e-48,3,ROOT_OK
cstr,cstrfold_0000465,dev,single,0.000002955482125084408506825578787336495206583260176133634764,91.81774347024451,19.759019718895605,0,0,0,0.000002955645996274636698355250520969821372426675293470823304,1.000110897604323622392499625969373994330660618109422615,9.714524288755199466570927469630948950319406012579296245e-45,1,ROOT_OK
cstr,cstrfold_0000466,cal,middle_triple,0.0004503403319985330561554982685914138464684104422836181993,18.909998836812132,21.879128352783095,0,0,0,0.7879672715114193951759510135390721615913852385801723721,-1510772.753351755897681794420018874832054831267816907687,5.136765065444158234386692343865383529348695251193773485e-47,3,ROOT_OK
cstr,cstrfold_0000467,cal,high_triple,0.00000005765944360593832121701412855713933171762454355393385725,26.016604435561334,73.67062882594198,0,0,0,0.8176071372406232936886721436900194311216613010996037183,6513889867.091819951706527020879141445759484766916110913,7.692574476395244644766698710427807816384776274492469052e-48,3,ROOT_OK
cstr,cstrfold_0000468,test,low_triple,0.01889033833584039119409554949417799390426014709122414963,86.88035388434984,20.754571996936154,0,0,0,0.05209497384745536950604093420261300023463011822838784253,16628.54227403195613513603723687607584767095672471153435,2.177006976298831553931979054656101473059081613226158783e-48,3,ROOT_OK
cstr,cstrfold_0000469,test,middle_triple,0.01798826857459053187014288760395816222913825055882254342,19.898489057084255,22.713084545647327,0,0,0,0.05252262923272517798710022480456018504651675239690015565,-457.3386393595593237372116605083739038191344702872112332,7.638795918879654696474533764960800883534825662098448239e-46,3,ROOT_OK
cstr,cstrfold_0000470,dev,single,0.005438509865497565630051865592036882853075082440958556778,26.39853410548927,71.45578862387397,0,0,0,0.9999992189661539932089484918066780840844949047365250465,0.0001436122076889950999372878853567033014549150879700866785,2.160468158056006336046479702364662324892758047999757762e-44,1,ROOT_OK
cstr,cstrfold_0000471,dev,high_triple,0.000003493316350945766350392067438718902662736176798332283746,87.00402939373889,19.713030655342717,0,0,0,0.9223096500487940600151228779739267152504348631531957341,610752.0623057368345514351978678938081262005716810513318,1.537037516678602131709978673799669824744444685231031286e-47,3,ROOT_OK
cstr,cstrfold_0000472,dev,single,0.0003781095672320744313595290777234048432421896515726828199,18.722065659231177,22.92200829185026,0,0,0,0.0003812816430787361993022108516623722435180500736387056303,1.016880417438352100416206372517646858826080220075224567,5.598111810111827171707328586741960678359118084268728932e-45,1,ROOT_OK
cstr,cstrfold_0000473,dev,single,0.00000004264816370129683217300185111598475748380405944265740889,26.264365247114988,76.1277370834777,0,0,0,0.00000004264830034921307237576115305321337786388700025970980803,1.000006408165049853614360988898325460451421435783127681,1.946263130084714590875964184537596771212513027109133361e-46,1,ROOT_OK
cstr,cstrfold_0000474,dev,single,0.01978395085289735206745237734000079454005530718130830968,92.28131818648258,19.851901897496862,0,0,0,0.9999959403563369676318048178743732964321224984965535291,0.0002052092024683992046169755837549159215593270825932642048,6.38823736001903001800660309035039407886573954736003393e-46,1,ROOT_OK
cstr,cstrfold_0000475,dev,single,0.01757020856547320600356491524949415121141949563729436288,20.07724663917292,23.213629170668877,0,0,0,0.9987929047229336952273670646423388793709015434183291854,0.06903442599547203815373351322077585114048176790764380511,2.796620960180907393134212006280525602490045978456930966e-44,1,ROOT_OK
cstr,cstrfold_0000476,cal,low_triple,0.00541866541282750237549504261228733979474242074287374461,28.53721537953181,71.45646994533593,0,0,0,0.0148369443194541396365775917394848088448275568834107611,92.94997886299840301521020903277695713774714378123556296,9.595921264228848832893235912686220674766682806816645333e-47,3,ROOT_OK
cstr,cstrfold_0000477,cal,single,0.000001491731698923895810376464027331806718014414175039967569,84.86415360572578,21.197054041528688,0,0,0,0.000001491776644702295638757472382450738751259256603586267916,1.000060261217872333585731977578531290865084465601459002,1.768857345203566753649974205182789549518588621085546531e-44,1,ROOT_OK
cstr,cstrfold_0000478,test,middle_triple,0.0004826077226200218572269345295720046285177860078355069626,18.375693913750432,22.136720253030823,0,0,0,0.7803094929019221518212376050242742824540216260837284434,-42917.13772299952092809942456303479380076733222551067748,1.056013174551514232136762363652380064563525394955932025e-46,3,ROOT_OK
cstr,cstrfold_0000479,test,high_triple,0.00000004728102964158748292552777762916993442487150569749672643,26.24291971944763,74.85706440496882,0,0,0,0.8186540742455243717239696180057250038401489894678263081,3423370914.902771367564215437223179926930394158498474242,1.31956764010911314444765751003765359238265418430920537e-47,3,ROOT_OK
cstr,cstrfold_0000480,dev,low_triple,0.01931786397562516619610089923187494174752132732809166075,86.09246809051199,20.321516087875256,0,0,0,0.05328538662032294239626462230488204045912938627162269621,15461.53587275368461398998799424121649298264125341925112,7.467665672365407679030499086364472838273710556402243889e-49,3,ROOT_OK
cstr,cstrfold_0000481,dev,middle_triple,0.01870615313897352522386886481858816591564167759782059835,18.409131561736444,21.993873771882097,0,0,0,0.05465248427136256836350709938195641178463061386883580982,-2127.128630178132822971010055623054084372898482294560704,2.322112592738252634662194743066417227439875575946687252e-46,3,ROOT_OK
cstr,cstrfold_0000482,dev,single,0.005270478600066123420407316945267884882724656027326392895,26.615356224156624,73.67560242614381,0,0,0,0.9999993879786922816496249484661748221201409066328025472,0.0001161228273852337692887729289680554411104368633145616174,1.987205337093725372207242062696951519124302213126600689e-46,1,ROOT_OK
cstr,cstrfold_0000483,dev,high_triple,0.00000394274632637651819422590089624832621654480528079701254,85.89133328201483,19.572350108230275,0,0,0,0.9188241170804520520232090316793106618517763286553751397,10028568.72574640301907367405627033858585326292440197762,3.847936923219589849424780445559784838795112018784639349e-47,3,ROOT_OK
cstr,cstrfold_0000484,dev,single,0.000324356347968456246448441111717043401342876453059757324,19.516993053241734,22.744483172718578,0,0,0,0.0003266675829106639430357844157920029690607713781992124042,1.01432473062857326915962735725162709251708696796020157,8.377978928798650158101826911976360526725163583861014304e-46,1,ROOT_OK
cstr,cstrfold_0000485,dev,single,0.00000004483784618859835137900996629442943767093762883568891387,26.512422616642716,73.81016961845859,0,0,0,0.00000004483799256922435764392437047429105204322758939495428689,1.000006529349091384312274156488482433013537036844874263,3.39055962904277927016072516191152835366415930218891509e-45,1,ROOT_OK
cstr,cstrfold_0000486,cal,single,0.01825497170966104229160441322406843309662961115209105195,86.61609434737711,21.440335749405932,0,0,0,0.9999981173803798583210993793856699073149672069941455512,0.0001031316253523922521285434082543013041227079706316689803,2.439080475542537105739052916838774870216746633726125423e-44,1,ROOT_OK
cstr,cstrfold_0000487,cal,single,0.01801977239097212916140253018209460910961341083033000502,20.141101071419683,22.66614150112523,0,0,0,0.9986969535156137902168380645833230941509404339422296974,0.07269314402054733405508727568039599241102044990075823856,3.156250358284279449637202780356789557928958427302357742e-44,1,ROOT_OK
cstr,cstrfold_0000488,test,low_triple,0.00503015159860193637040810082901177059510537952812655449,26.401760309982194,77.16679984527511,0,0,0,0.01424585727343679420745980057324927478229785413783739644,2223.419893163676992808479075096816858013485304542577258,5.073543395569804785884764135869402314000130283668914985e-49,3,ROOT_OK
cstr,cstrfold_0000489,test,single,0.000002999009181789307104484419219763473462714605643863541291,84.36512378768725,20.08602042467788,0,0,0,0.000002999180857124769025739697144694127781787890329420245006,1.00011449290386928367799348737965170799093773634775218,6.473284214122998728658842005433355085332395402249609707e-45,1,ROOT_OK
cstr,cstrfold_0000490,dev,middle_triple,0.000303092422839617435436810071118249470872124075656168739,18.94014610503891,23.754643094890305,0,0,0,0.7887275822817580667482704055134691719337592464429749881,-1556468.637942754840706482806856282220331107461162769695,8.22727565602347030223196310082711024502123164948559314e-47,3,ROOT_OK
cstr,cstrfold_0000491,dev,high_triple,0.000000026486256839843659662344596229184179011444875459914743,27.437247187034167,74.85365650982577,0,0,0,0.8287075668659327466232696679192148740740527231922341732,7463611438.304600377839886743601352053899772469002499004,1.509960815114057333392236288115800698976580574233481847e-47,3,ROOT_OK
cstr,cstrfold_0000492,dev,low_triple,0.02011136804429135745265568266365340202954736574394130131,85.34523075571788,19.564656530042956,0,0,0,0.05545179605630603079379924130720964919824519672632101353,3144.793701860703390692240392123694786783528959861831082,1.279161201609724527622453389008044185899872656133091352e-47,3,ROOT_OK
cstr,cstrfold_0000493,dev,middle_triple,0.01763365689083222345010225780999191018166643602804878363,19.84289228007353,23.150402150165057,0,0,0,0.05114139753650761044680499708112452128245793090278862997,-6136.410206059875994546126432407803148490956950558872627,8.897612526639588825518994623734409976033846064663333304e-47,3,ROOT_OK
cstr,cstrfold_0000494,dev,single,0.005418278551258610261898500173301494847181916566027089805,28.62787598732184,71.48644134002541,0,0,0,0.9999997554150344891181957493557455962688046471060719739,0.00004514076806023990741480651725021880941072431527292523856,1.046352661006829174540062236656125267319390272242399975e-44,1,ROOT_OK
cstr,cstrfold_0000495,dev,high_triple,0.000002487864133666050619336418725926876850075532527802776271,90.31327303077767,20.095321067616922,0,0,0,0.921657949248830205804717370186828749581240107933349572,34206299.53296166125265723653641869930208233405710309765,1.148618589845591481801051147101027350125246385064220132e-47,3,ROOT_OK
cstr,cstrfold_0000496,cal,single,0.0003589625951599410025671016638620415967583943399299647805,20.079963929798982,21.731818433169796,0,0,0,0.0003616630522448397187379746273205931348861490558221847196,1.015127934414237072665614183078527091725107783440643497,1.383186933204587038821369531459300258196062496568052518e-46,1,ROOT_OK
cstr,cstrfold_0000497,cal,single,0.00000002791312856492232347173742762059448527051999332302443587,27.82813208813199,71.91329779886948,0,0,0,0.00000002791318381666391486335513013172605253698575845514453494,1.000003958841192694936637648291763520195229972738487499,1.326394780456072979709716804466282547836732335311274106e-45,1,ROOT_OK
cstr,cstrfold_0000498,test,single,0.02010765416432665579017471808380538697305186686122469573,87.58761425680997,19.56505958469723,0,0,0,0.999994361784267472760349195969265407866488949897076198,0.0002804205549546548636373607388946560221899906417491939526,1.267039099953488141195107339749139205322142191034891082e-44,1,ROOT_OK
cstr,cstrfold_0000499,test,single,0.01782683969260331900664653273404107758926078545487773708,19.433283612283827,22.94138655625413,0,0,0,0.9984786946637944468303662147961350771177302046909510052,0.08583825070957624885238909959607082797457419844145935012,1.396665550343663038852002998653870254404581815538363472e-44,1,ROOT_OK
cstr,cstrfold_0000500,dev,low_triple,0.005137499280900552391572878076665777371288281034697318588,28.049906105996953,75.39291727368146,0,0,0,0.0145158489821073151115873003902773073340039600315092197,2868.67208335288537491983137587648472103702004885954837,4.223295254263960747318568559918180463240872169230205816e-48,3,ROOT_OK
cstr,cstrfold_0000501,dev,single,0.000001747280399190699367086267617356193416465334752119739224,84.33683140146,20.967897819181534,0,0,0,0.00000174734136411907669751997063547471662983491358809751816,1.000069784458815252800838331061098535862545746236763272,8.830787741843577956064378235328342449012805121167779515e-45,1,ROOT_OK
cstr,cstrfold_0000502,dev,middle_triple,0.000228407617999961792891374687344090116947181101276782816,20.035101286511857,23.839229467540385,0,0,0,0.7993651210717873144284009085043735091602807900041782321,-163107.9777587427029212547811447682827860832748787848948,3.230738717941147531104048448860526792530460214684403091e-46,3,ROOT_OK
cstr,cstrfold_0000503,dev,high_triple,0.00000006549421038361471962588571660209601765343283849885692747,26.240534789276175,70.61643351316539,0,0,0,0.8222688269957417364834676798931089522817310901451279821,10682279734.27900037292927339717293583565255576637110958,6.895238268472625991749913440764393731458782301883809948e-49,3,ROOT_OK
cstr,cstrfold_0000504,dev,low_triple,0.01851114022390614787634406623996518736769451386682192279,89.38408320216632,21.148117167987984,0,0,0,0.05029331525009394763235998089045399518436647555422830164,191.1246070201792534778356382485278562385929501947116404,1.005726690807518686040597166644522941924114571249281282e-46,3,ROOT_OK
cstr,cstrfold_0000505,dev,middle_triple,0.01871732529361705000555881183045837312295855348753121325,18.48828782568484,21.97462812559361,0,0,0,0.05507310770059965715782959817570110165759255872397610089,-377.552218652912387038273771545474282926559050740883788,1.571402504309595490996478702125764968352382421425101449e-45,3,ROOT_OK
cstr,cstrfold_0000506,cal,single,0.005167168561013937243257370934386639634068148668714919704,28.218575892499825,74.95949114311084,0,0,0,0.9999997582918715078340072942233786906750263681261578422,0.00004677772648327195070264126298033876870703876031011047054,1.332362495597808714853579250967909953560000985077830221e-44,1,ROOT_OK
cstr,cstrfold_0000507,cal,high_triple,0.000002725738765675925950608723523663325681835162710907285589,87.08236660045775,20.103324140950203,0,0,0,0.9205818607749857688171946261398310392485894883881035763,91079348.17645869658127554694570688522083580323939000995,6.635448983771571589256911326083185564810152306604488818e-48,3,ROOT_OK
cstr,cstrfold_0000508,test,single,0.0003110069553572366538426973759241966024064409332003084467,18.902882824484085,23.667518900026877,0,0,0,0.0003132220260408878452920033555174788822405792065206824672,1.014317883348462994781059806366213678436850729292666152,5.193634655883871675872018957294726636565811643132500091e-45,1,ROOT_OK
cstr,cstrfold_0000509,test,single,0.00000004473341732062862622654383440049240333986108439514835483,26.682664422293627,72.7442567980322,0,0,0,0.00000004473356088720072378412248792964696900188312161071632685,1.000006418776716302942043000426494324789096402905543393,2.773276452673010777820257965964880915501166459683141367e-45,1,ROOT_OK
cstr,cstrfold_0000510,dev,single,0.01972578049707091647947393918288591203429754197237169113,88.42870914194899,19.917427420328302,0,0,0,0.9999955831987515644293998589559239209451305304529172335,0.0002239222210100987702932782530847024446951362760681781919,2.702434075273722438742228922091592416565480607001413965e-44,1,ROOT_OK
cstr,cstrfold_0000511,dev,single,0.01895303976104588472079956804452261784021342016827892288,19.01147686182771,21.678295965451575,0,0,0,0.9978772097608585116184696247533574153973810394806650244,0.1128992114997821530879562548427365446483658746026128666,7.38809296530916929994347034272651769563559185284055771e-44,1,ROOT_OK
cstr,cstrfold_0000512,dev,low_triple,0.005250400674409098061483967929192852109428644618609630619,27.958943568098164,73.7708140179349,0,0,0,0.01439330590640832993841514386492853164220129976767286722,94.28780990021036720908050888313585865755278742346780964,9.026316772944004095538903537517934383044362837941611616e-47,3,ROOT_OK
cstr,cstrfold_0000513,dev,single,0.000001566944977282774903976790319710838336262620624813688546,91.41594179120946,20.774410464927065,0,0,0,0.000001566993531956950675771799360373484873172216790792264487,1.000061975108597978935182485569934728623041707529344199,1.790868812926771826727319704673116951570760696163526757e-44,1,ROOT_OK
cstr,cstrfold_0000514,dev,middle_triple,0.0003497540760139708105809041864088826745559119925161598191,18.500013794516722,23.58371233819529,0,0,0,0.7837109487576086497809885500457737143476265474456396651,-1436459.893618279301162343737357737450649106144068320724,3.640226329376684339193424719216172634961818490139004078e-47,3,ROOT_OK
cstr,cstrfold_0000515,dev,high_triple,0.00000003914944689264892893423194105209649165281442328355236931,27.1924546796932,71.42275657629848,0,0,0,0.8295845666070589064344132307079902082710488462108434924,4317617490.307161039674068846321398137343958755276400262,1.592844972215448502994825824016671867701139203362305736e-47,3,ROOT_OK
cstr,cstrfold_0000516,cal,low_triple,0.02006761997841131931214722842135034268992037600746853081,84.43689814189479,19.60761999524055,0,0,0,0.05532502752217646132469210431509042321086942444567143385,2465.094191541421994102645842338631384116332004695735407,2.140048292756550489027180786213488129281875034727553586e-48,3,ROOT_OK
cstr,cstrfold_0000517,cal,middle_triple,0.01788269409203867322211553809214894472142187536652009936,18.529942832366647,22.941764902440617,0,0,0,0.05211848615434736641157366352843437838022271743359447314,-20355.24695962583588764084214891653680710119755287079833,2.881960893351530167945225988402186411179584533872641598e-47,3,ROOT_OK
cstr,cstrfold_0000518,test,single,0.005304645112703549299174080368006116317530636643240960927,27.436123477631632,73.72729651327428,0,0,0,0.9999996096058066118823703054924319655443566393255237728,0.00007359490770256059892057605204914618452627760194730790645,1.399804356871468344945579905599531660451343899596704551e-45,1,ROOT_OK
cstr,cstrfold_0000519,test,high_triple,0.000001125615494934505693891627499261583099912801664897564959,88.00446609063918,21.480250162644186,0,0,0,0.9252547775689599449180812092006193185226439118471502192,5387080.098674997332893520783835359605921141428886511501,9.114053421269117332746406811529908480525053969498835059e-47,3,ROOT_OK
cstr,cstrfold_0000520,dev,single,0.0003240936018971962694042581546786271977340392909884787642,18.8748957932229,23.49436292590957,0,0,0,0.000326481469547197288440776180718899823931331554756429912,1.014814190286244466475970318523578277656005285577138191,1.737936075906907413012275880773930864807363143437474551e-44,1,ROOT_OK
cstr,cstrfold_0000521,dev,single,0.00000001967595437519348648061906243232340820806056593064713037,28.02123920103118,75.0770366744942,0,0,0,0.00000001967598305367423603139053173932602260784666062735481844,1.000002915082113394553620869985264068622307522495615797,3.406712674375882158162368462367976565585842259839824159e-45,1,ROOT_OK
cstr,cstrfold_0000522,dev,single,0.01897536201815078876395146303365500357807621306632926069,88.44554565292823,20.662405940589235,0,0,0,0.9999971969349872454999294623861262743286013479258777614,0.000147726501201828169806923772446814709754928871589559586,1.717960976555547143175850551030294475331865216943082485e-44,1,ROOT_OK
cstr,cstrfold_0000523,dev,single,0.01828751512558809506050271270021307434848396825356295181,18.926070590527598,22.430137534977597,0,0,0,0.9980814583581422389350233872953464299374016997522584639,0.1056610587347720609881128869574316064496094546572969181,5.655790141215590464718820612561134256290539013312728182e-44,1,ROOT_OK
cstr,cstrfold_0000524,dev,low_triple,0.00543074405801064650344962998510953404671636192218507391,27.76207381628007,71.40936859028717,0,0,0,0.01529697365651141740186430433987372628984781973595586297,650.7797223710610138237640255690473660393965303705490255,1.415964068122862588142132964169721069835761128364376325e-47,3,ROOT_OK
cstr,cstrfold_0000525,dev,single,0.00000305662563565863664085485244544593791306248533265850686,84.32440203464287,20.058633576191475,0,0,0,0.000003056803715125811059566932194765110576545244720289841249,1.000116525341709146948639957809730619770782302703758665,1.221983952140137301274097152540779064449133317645303692e-44,1,ROOT_OK
cstr,cstrfold_0000526,cal,middle_triple,0.0002727452473647019707187783261147851059527796251946796302,19.99968967182557,23.046139020302963,0,0,0,0.7995584635969580930134704159048030063520072419549177553,-1145748.732268552804556400448845472725783225983597007027,8.402624347697488627669023318891172754757733992870644217e-47,3,ROOT_OK
cstr,cstrfold_0000527,cal,high_triple,0.00000005298171511335022195624273843500588804176949116628703591,26.25947041481399,73.22621781003596,0,0,0,0.8201788494042202654032071879557416096136900562540769504,5610583351.49614497328028305101969666512027612395725108,1.657578543873769761299589464268460642131061063139955503e-47,3,ROOT_OK
cstr,cstrfold_0000528,test,low_triple,0.02000587268380734121447477886592158689401702055902218347,88.75122848143852,19.652516785751352,0,0,0,0.055169891429850309477072052168842195580466455380741408,15550.37054834436762714741746433942046165810595692938065,5.950341006010892160500919300024384798861669513275313697e-49,3,ROOT_OK
cstr,cstrfold_0000529,test,middle_triple,0.01813128907150923560000564878372995803430715427918988255,18.55781060631754,22.641415849820792,0,0,0,0.05285924668584374520242034243939962418689047818523871332,-7723.21955046756719363884018815706060626856248983350453,3.280590511426446546629212571341921291112383884613789318e-47,3,ROOT_OK
cstr,cstrfold_0000530,dev,single,0.005030939267132671283161400676532212965602804490897425782,25.992840876583543,77.2056375616644,0,0,0,0.9999992870198157132316779490343409764944394998567082985,0.000141719493696522617943971358524178529588262388231245149,4.914044782308162356589633213784489178616918043677730867e-44,1,ROOT_OK
cstr,cstrfold_0000531,dev,high_triple,0.00000146191133186374681597799518490756146030100251503086567,89.00619212537184,21.004492049165968,0,0,0,0.9238916835988338994623269931268962430491953318025628796,10739335.97689958414861677221444969838885841298952722645,3.270835634686158874932722924933247420805929502745102687e-47,3,ROOT_OK
cstr,cstrfold_0000532,dev,single,0.0002519992222935968954238984621299835537753204273554915201,19.85006269171128,23.58034524109509,0,0,0,0.0002534450533033339154429811682965185115294265106795902439,1.01152255789712887521931416235929616627479292825611467,2.189026427893955337105436541923020297930060167652930673e-45,1,ROOT_OK
cstr,cstrfold_0000533,dev,single,0.00000002073995436030949193456738685468918260134935421140039663,27.616515625877543,76.90813568564161,0,0,0,0.00000002073998701194336501483688615242463691819328172639343467,1.000003148673415738365759309279985867972893876891656187,1.226355227346499358886262501247224625570433528165794442e-45,1,ROOT_OK
cstr,cstrfold_0000534,dev,single,0.01885694487340229101092657464770020932666130396678631039,89.44787389865965,20.781994102089364,0,0,0,0.9999974843806368339070863178861802783585472164733220584,0.0001334097148012348206520942292981653170754685296061826266,6.580883358328234569249399545868379282591553593765761819e-45,1,ROOT_OK
cstr,cstrfold_0000535,dev,single,0.01850729453124035350549836755695137145089639644311221818,19.3637280519353,22.14636781798315,0,0,0,0.9982259995729495118112927725185016094680747136440728054,0.09650925133315434325900507607799078181843835874947512028,3.182451068167479190292986965492903042632751537441953352e-44,1,ROOT_OK
cstr,cstrfold_0000536,cal,low_triple,0.005187551895228300128627066441942371592651335577142391636,27.94701126582915,74.68673470269115,0,0,0,0.01465039759915430297522217704900757357183534474054777414,1791.307847272074464552348886385342967406000123608228008,3.142272788658074355629206276913325840021613175587545267e-48,3,ROOT_OK
cstr,cstrfold_0000537,cal,single,0.000001488400035770405623778111915067622013124886466835736257,87.13335127830997,21.07419451862054,0,0,0,0.000001488444508804161219802023171938224428466504880579214538,1.000059760844002960616572017365458948510392988583288791,6.768663438737789367722904548628197965112856399292414026e-45,1,ROOT_OK
cstr,cstrfold_0000538,test,middle_triple,0.0003539030338632362888073697167738146909503969223808733222,19.170681143534402,22.727502759488534,0,0,0,0.7908615153807621665236207213416896581068459534035415829,-361729.0171876634981041421740078558378599648368760039111,4.238637249174298609441131093494925045298773527943686968e-47,3,ROOT_OK
cstr,cstrfold_0000539,test,high_triple,0.00000003965653276091752815169309253919920096549687474491179064,26.90790785119579,72.94128435158548,0,0,0,0.8284245641300080954259072157402766588064150296078549598,226481695.5476716781865291949081591630763171691829002867,7.560593242624445157325100180048006132287556131848458155e-47,3,ROOT_OK
cstr,cstrfold_0000540,dev,low_triple,0.01846828580212382903876008971251702353295229801496651788,88.56708411214754,21.199156382139357,0,0,0,0.05090506948052809375160519458080904189193294187609561267,8734.902135117396954233397505101299723971540046010279303,1.469547083277710158078839205559137024008344760782940974e-49,3,ROOT_OK
cstr,cstrfold_0000541,dev,middle_triple,0.01793761643134721697502615240004434815499406051161396708,19.0714489346669,22.833136718953547,0,0,0,0.05242850743941013872610462435933791419060187505140501373,-642.9325196229315350737009157107182916910605423647167522,5.894594828336246194059920650193397685039482891012822919e-46,3,ROOT_OK
cstr,cstrfold_0000542,dev,single,0.005438771362838226945374504203216253225716182275859364551,26.699926236895287,71.41928234709613,0,0,0,0.9999993328237523037948556995108742278351031942216936678,0.0001226707489765501593802238437102441553506914332454486937,5.207643559993526582477659591367636767266970792446991261e-44,1,ROOT_OK
cstr,cstrfold_0000543,dev,high_triple,0.000001869712895893369400590614026852178254585079653343201534,87.09351307498721,20.717088579513707,0,0,0,0.9302232061200377881166203876903033548901852041222077211,352702.0857882116800693386610416281999979276794047263187,2.221513637293635820957018187211109026734487110711847805e-45,3,ROOT_OK
cstr,cstrfold_0000544,dev,single,0.000282737816838034293519958890816984960997362067213735097,19.323325246902353,23.63415370831089,0,0,0,0.0002845640935115791056983982137214127358285086377324013349,1.012978899524271179349833125081816337686841579342808299,1.549130247687335124919872573328313833655840339818902362e-44,1,ROOT_OK
cstr,cstrfold_0000545,dev,single,0.00000002981641200150096260450228257153332170077682221632109954,27.03968312013162,75.82018597875268,0,0,0,0.00000002981647851824176953193176880513430739500720778200832001,1.000004461760809602860802522010043259098086029994963394,3.417681692816966808445225459768063011375110170479924406e-46,1,ROOT_OK
cstr,cstrfold_0000546,cal,single,0.01949936035779508303970384772044503388468871796520802553,90.70631193216956,20.129568934266967,0,0,0,0.9999964061939747339880843405577128583857358063337133393,0.0001843120581925588971467826379619096993618424022681549371,1.23799320694892329150949533151441006740797294834488033e-44,1,ROOT_OK
cstr,cstrfold_0000547,cal,single,0.01801387447349727603978385048566757468834469201103650134,19.558563444765017,22.706501089534097,0,0,0,0.9984740512528760946137945568026850789070011504299691947,0.08521271899513950300789357552721438413627625699786538755,6.886382320335179368111414172417857364589576876243028016e-44,1,ROOT_OK
cstr,cstrfold_0000548,test,low_triple,0.005117086414230177823950746231650048833335955991392705422,26.276289175432176,75.88651077778115,0,0,0,0.01437716024791698811904441946649678384710967867856310842,318.8745252259163776212182502824439410988952496446532484,4.150664889499352721128972749782842848322662631751426972e-47,3,ROOT_OK
cstr,cstrfold_0000549,test,single,0.000002077218421651372837218875957112418463426206857849512333,85.13488030419998,20.641355965833654,0,0,0,0.000002077303176026081442600427317992832183670877209864380856,1.000081606192986323538832891325251626447563668693922204,4.928628971257134812540884697447471910140007562455685852e-45,1,ROOT_OK
cstr,cstrfold_0000550,dev,middle_triple,0.0003764525122005122236369940020691302372666992534037933272,19.73349530668461,21.85698294225981,0,0,0,0.7964730116339663854585913154881468658019572705140379418,-3069294.324125206183334360580289477381630681316911110759,1.967983200486338044955526256077150307673155201937978486e-47,3,ROOT_OK
cstr,cstrfold_0000551,dev,high_triple,0.00000002625208770218500076124218026983756723988548652652871218,27.76955187223176,72.9873596375499,0,0,0,0.8352435471566497584413802193186604808985580238052926465,322485985.1241985789303001577292087683291144853194681828,9.187294395565588282621768403383550202728053587593271266e-47,3,ROOT_OK
cstr,cstrfold_0000552,dev,low_triple,0.01885008931692774920459965966862835770598329157623290524,86.27385385685156,20.678298503243397,0,0,0,0.04667109090690975979466664421796418945558565111189642137,23.55509022544871345118875792980608256966011164445234856,1.880571615638309598032770501634484182775550467055256464e-45,3,ROOT_OK
cstr,cstrfold_0000553,dev,middle_triple,0.01746689435901304834594153374683241163247986422742270943,19.18407164614589,23.408066047458334,0,0,0,0.0508531523350301098249015591634361537779604489000763842,-1649.84184889257435206281426433101496670500859955260911,8.318164215860948444919486439244090001488844219825368472e-47,3,ROOT_OK
cstr,cstrfold_0000554,dev,single,0.005048339348337032129810689900508091971460752319758109446,28.314526758290896,76.67717446662523,0,0,0,0.9999997928597898895647105679144818735322351248920418028,0.00004103139511615965412743018197362545797005267449937451978,1.55906533965797914606293395250377843132858928696270433e-44,1,ROOT_OK
cstr,cstrfold_0000555,dev,high_triple,0.000002959291532610759275664546239602945340965217713626380443,90.05325925822716,19.834031540863737,0,0,0,0.9210218267195235438000660518144653218780363944234173108,8641305.53691357775141883339674394310641301814170293351,6.063657700088442970570479452109223641234686857844802346e-47,3,ROOT_OK
cstr,cstrfold_0000556,cal,single,0.0003381441476394380081819018417199013761793658642924734343,20.172658290200076,21.907972747145756,0,0,0,0.000340559505422241355154982772514974124539816224558876193,1.014359927276333334743641521594321699603568066555735066,8.725137787246907501207989121945150036282604718483774204e-45,1,ROOT_OK
cstr,cstrfold_0000557,cal,single,0.00000002974685606842210529489783973919729136509050748800685936,27.93338900500959,70.55838997638045,0,0,0,0.00000002974691761911978700148896613680758022693591109778223133,1.00000413830562168793873885253637170139724607754106652,2.761438584760535912347496922540510823652636042776736309e-45,1,ROOT_OK
cstr,cstrfold_0000558,test,single,0.01973375208392926039526551130460981068953548653747570346,85.2672356866386,19.918525764495588,0,0,0,0.9999950748963312114225883090235060757170439030689611898,0.0002495925207346432568505621700208292892255472127639087362,1.326745210737541375617406169576710876079501680203399771e-44,1,ROOT_OK
cstr,cstrfold_0000559,test,single,0.01737965066965447919481291480707498446148653324236504377,18.454637802880715,23.736272607324928,0,0,0,0.9982065609184815278848685117223660809910388205615188999,0.1038528608972505764373446905378624979587909411541175963,2.038948901741430331539241848658934257522674058670416815e-44,1,ROOT_OK
cstr,cstrfold_0000560,dev,low_triple,0.005468735159974457894974043132937940967387114927581308927,28.098802858384154,70.88802559469023,0,0,0,0.01545565347435066404488475804072760108687144080063396555,3678.429102737051769122019613863312821658317225404923585,1.591877188118201495227894027993579285378331856244820839e-48,3,ROOT_OK
cstr,cstrfold_0000561,dev,single,0.000001478349194379388163148602557170079683802006352770978489,88.1349069413143,21.03178500919012,0,0,0,0.000001478392976099865138637736668333412432641029171865013149,1.000059231856990703969262325306498249892382249609170435,4.555590840485758019936694465362564709175777925315483087e-45,1,ROOT_OK
cstr,cstrfold_0000562,dev,middle_triple,0.0003846068780582710452531729773590816777171017528664239928,19.216250447447816,22.287128800771566,0,0,0,0.7911699921402947228849128769320562784697709019690137935,-311246.6570886841135287280961384914470571720291285008726,3.397934965906198652152012049795150755460570918036315385e-46,3,ROOT_OK
cstr,cstrfold_0000563,dev,high_triple,0.00000006120896363017608248076683604777804361861052796763870652,26.15068389214624,72.04957294809485,0,0,0,0.8294771078970796337490136455227469643864328044295972613,41398857.64358539586396412629710791891834880280841348218,9.067177090573212194700773703265140869634904364254639322e-46,3,ROOT_OK
cstr,cstrfold_0000564,dev,low_triple,0.01830069023430639143963162057465077237250013966304398543,86.5630598170696,21.26943797955249,0,0,0,0.04537507788626106405842210964347583020194775136006826874,23.93379102308388292991734036053961501656108635515712132,9.510181773498632746987653264377121469945412173801002615e-46,3,ROOT_OK
cstr,cstrfold_0000565,dev,middle_triple,0.01869184987234537440433700466911002352031448087205464755,19.23394123192811,21.947658467617828,0,0,0,0.05488453273305927794033594790809357866904574716723229825,-337.1247939528249648777030911528490476541867295168985606,1.324676342511022479764645096353279563172789577778248045e-45,3,ROOT_OK
cstr,cstrfold_0000566,cal,single,0.005096171813572145704415535695980632478944309115336111874,26.833271205158237,76.13119042104769,0,0,0,0.9999995255275151643278292635310902738329178884784443494,0.00009310389074046586682160709309271369290028387025060981497,4.70433771004903284517620117672167962902119365153822124e-44,1,ROOT_OK
cstr,cstrfold_0000567,cal,high_triple,0.000003396509116744773847393590371898184212163011406771744957,92.002219685715,19.53489700263049,0,0,0,0.9205844702323882921181285747446709508387236461312447729,31595858.12220981245436336329450119163746437605704999003,5.16407554225873723436466696689221067614742327560823739e-48,3,ROOT_OK
cstr,cstrfold_0000568,test,single,0.0003260268740887287069793638424146737226546832916036164201,19.040916889155206,23.269139129348755,0,0,0,0.0003284190232345276480846915780702258865485623741440637219,1.014752448061572319644927883204134729629602824913370353,9.24829421070142610049018329732861542664548278619787666e-46,1,ROOT_OK
cstr,cstrfold_0000569,test,single,0.0000000199933768001240486974151822174024644709255155819298729,28.139127672884047,74.1843708058179,0,0,0,0.00000001999340605454963346831432283672103975498170847521411881,1.000002926414802028025260582323061776304322315890789348,4.093999229143878663936531162332854782172371262359976713e-45,1,ROOT_OK
cstr,cstrfold_0000570,dev,single,0.01889980725005102468807395299967542351681694526731668651,87.18252113027134,20.800346413643627,0,0,0,0.9999973074290708250656705092894853686739903222666707554,0.000142470340934394614604864936718167830104382279995037313,2.749868303239274065066320346112532774625741781222078351e-44,1,ROOT_OK
cstr,cstrfold_0000571,dev,single,0.01765782180517288495403065649176759496847931035475356981,18.533896978415893,23.21839369541152,0,0,0,0.9980950150491647848163888005140049702567337692576539436,0.1086247629365158218334725487235878632672031806195272752,1.33016303850731667390678889433964593436253970895167205e-44,1,ROOT_OK
cstr,cstrfold_0000572,dev,low_triple,0.005024221589860028073206117133715326921657720203960130124,27.211740885924858,77.07296320807006,0,0,0,0.01354446337199248722437294558957780835150764261825372025,59.21163312180357595589232359064736186213323509413214898,6.589665075669625703232180749918755100955918469722532783e-47,3,ROOT_OK
cstr,cstrfold_0000573,dev,single,0.000001780602636621111042516934369208418188720857485529198263,88.05064941599551,20.736743951185336,0,0,0,0.000001780665216139267272672821303874243524974493503817173928,1.00007029210361264278630225801483664527928805487836632,1.625252161274020285348740885126203104338876408931709156e-44,1,ROOT_OK
cstr,cstrfold_0000574,dev,middle_triple,0.0003509679557955482700811618312553772232757557420265111156,19.358683112017722,22.560964684009598,0,0,0,0.7927053293817712640842901169969486944171731532113538197,-281129.2429620821332923717295445063997130485355031174799,9.866535776187420232514006101081672026415586283459365222e-47,3,ROOT_OK
cstr,cstrfold_0000575,dev,high_triple,0.00000005202692836527528955484933451986101398221518631287568538,26.279013941858665,73.34147093846533,0,0,0,0.8211926634022879224755655695116447883501134253520533691,455502748.0473766363086656615352346477939144324635017679,1.59521869400781585968198706926597489470557335139070783e-46,3,ROOT_OK
cstr,cstrfold_0000576,cal,low_triple,0.01825003310293364153905291256185641784198501798172091364,90.99348325553346,21.432710639444338,0,0,0,0.05013818650927778536165567493266686926550343066505738833,878.8583576539017875263757273076466655558883693139372727,4.906661171311820115803890444562066311657123608185709562e-47,3,ROOT_OK
cstr,cstrfold_0000577,cal,middle_triple,0.01884180785577274220363785625148419744130193021033580784,19.112738040985107,21.643142132466703,0,0,0,0.06268534732356263114835067475218853627155026238599394765,-28.69376851836155428262251507023026897190621472562871648,1.164449411887735001081808022599347284185337075811274774e-44,3,ROOT_OK
cstr,cstrfold_0000578,test,single,0.005277173140553814541316362751684503431583895135350913525,28.031386901383854,73.42840771548413,0,0,0,0.9999997068227861725869566572765511234071194977176049783,0.00005555580645567906518236688013919365816456886030107563925,1.565300585576069793276167548566216944468843041442979645e-44,1,ROOT_OK
cstr,cstrfold_0000579,test,high_triple,0.000003310429950169073378426930222384855257784110530281246352,85.59391984180525,19.86590227920798,0,0,0,0.9194480970867069727787765920277971818420785218548664575,32833980.02362843968372188104641880554593538298055318322,8.382902497525545777695026902101697216069768650235472384e-48,3,ROOT_OK
cstr,cstrfold_0000580,dev,single,0.0003122768197259353150088133862108318157302460760555856219,19.83297159378663,22.599382942921824,0,0,0,0.0003144038709592130383124526882355534809855678930089201504,1.013690068153746141577907406252804836162891607307295947,3.353079673485732408146920584679197350040195182941832025e-45,1,ROOT_OK
cstr,cstrfold_0000581,dev,single,0.00000002174396634542939175472505903479936317509389768892536049,27.967218354774484,74.14407224088454,0,0,0,0.00000002174400092803252170903958664042854118657816045480704927,1.000003180895593651496864701013599384361634793360323456,1.638889296710516549119049857221890990302772364276751661e-45,1,ROOT_OK
cstr,cstrfold_0000582,dev,single,0.01928524699934178757597594900494097846018651371273602762,87.96714902820993,20.374141383784554,0,0,0,0.9999966084428960282169857361359425798943247841717814823,0.0001758701928148247592696552796275442522565212793330684527,1.771143915606046828490062812304438714562565436454634446e-44,1,ROOT_OK
cstr,cstrfold_0000583,dev,single,0.01827228821350881720697705038394343500260776101616752438,18.546991848226387,22.478293067032695,0,0,0,0.9978710150404390706525555349367713741566659614252198036,0.1174150169618434667118100158189183763924060236095829149,4.922276455082206192863967385541354906464601388659198948e-44,1,ROOT_OK
cstr,cstrfold_0000584,dev,low_triple,0.005391046519708541043462246006866481777445302733792087385,28.317046674425033,71.65795556657214,0,0,0,0.01408690797471115300120607849915296715095198450519734308,35.7240967691995558515123741851995911067757004409128237,5.167912361394725962892455034936195908200443560275696248e-47,3,ROOT_OK
cstr,cstrfold_0000585,dev,single,0.000001811289755908343212191946845836956316019501031731828271,87.17270473807592,20.753898822432213,0,0,0,0.000001811354567364570244556164564367671206685530551809329282,1.000071565777027548457897055202124322787989199677077232,1.31671752645013190056449557461408864880720939650430225e-44,1,ROOT_OK
cstr,cstrfold_0000586,cal,middle_triple,0.0003730650446549389085922695296298774997094385685733197338,18.610419528183833,23.121728454126377,0,0,0,0.7846081207032815357954289184602952084817677689830085413,-229929.5646728082948220476126801299866380272705585581209,5.05188939094158272693851357113919638966979469881440075e-46,3,ROOT_OK
cstr,cstrfold_0000587,cal,high_triple,0.00000003309833211549929894793758189954585206416509070222831072,26.663525989232323,76.9615585371697,0,0,0,0.8339748253628342415444934157483549214554730349774609486,50972685.86265397340738856859764397627510118707583032859,5.056113087824741511185741127470689938917976545783276806e-45,3,ROOT_OK
cstr,cstrfold_0000588,test,low_triple,0.01859687273578280047965190478379603070441602667683820494,91.31338410939964,21.05230701306133,0,0,0,0.05118957526734344824667983780752660490805470471646744863,2140.606794312006764757837500462553621432166440191749475,6.292583174783381854014111839246376084442536656830701937e-48,3,ROOT_OK
cstr,cstrfold_0000589,test,middle_triple,0.01895648998828460237194816602316574221464497662937606928,19.197417520081263,21.658414520348867,0,0,0,0.056142063255776218069662120474157325560242794410845622,-186.0088637079106283500414769370767988418214629386012811,2.600954353600275723978008668917921544066791398641010658e-45,3,ROOT_OK
cstr,cstrfold_0000590,dev,single,0.005102512789956174024924949502220561515656178178034347885,27.640638207630474,75.94635489376475,0,0,0,0.9999996901334804725352479697490200813531848093741022904,0.0000607283029901634018533248471478749785950143163294729976,5.994671766161652269473038831810924899718514548630525124e-44,1,ROOT_OK
cstr,cstrfold_0000591,dev,high_triple,0.000001296119384312416127203057318347149657755927510906828057,91.96965539345288,21.04879841178528,0,0,0,0.9245815956357681846588769842039802684749452076446512775,320340642.2720371912284102667621747426455488777719758276,4.128720751756691684011173810387447062090051152547557625e-48,3,ROOT_OK
cstr,cstrfold_0000592,dev,single,0.0002853980599654029837555549845878332879794006838335148715,20.2062384634264,22.626250829656446,0,0,0,0.0002871754363270260323987453342733635337257850623625331356,1.012511629182434090473100603081841466325095058050444896,1.134919636213194089746308142855925115321526249365469495e-44,1,ROOT_OK
cstr,cstrfold_0000593,dev,single,0.00000003483729835012720590487704319764208558729317967267994911,27.4285354923944,71.48900271013592,0,0,0,0.00000003483738389852132183996744512819050322049784868583694609,1.000004911319291457186994585000547803289247035382077983,4.200846088758385320237877808646733640251572401306971851e-45,1,ROOT_OK
cstr,cstrfold_0000594,dev,single,0.01870631445075047770300275501868595928369286771947441599,88.56152177227243,21.065743010717,0,0,0,0.9999978258496089643029737888709435099655688134877822799,0.000116228702127113411651564272120356330522541295610867001,1.919835483560038746865268337957822389043065174611311074e-44,1,ROOT_OK
cstr,cstrfold_0000595,dev,single,0.01797395812404917482006703640141136393890581022547320439,18.379291037374056,22.84343740510647,0,0,0,0.9978845585777240017680737830855867234781084422905562526,0.118585224369781292563320726029819738977116372305916897,7.035125392299613933561448095127580984335338614666356692e-44,1,ROOT_OK
cstr,cstrfold_0000596,cal,low_triple,0.005508507556243175591522628280544561994885803641956888491,26.126073022085965,70.50795198461901,0,0,0,0.01485969228433492730555666494447503569346593602749348282,57.89672150805630257088207001013629339291360599715610056,1.034743073052033888655922658658705182155797628357537583e-46,3,ROOT_OK
cstr,cstrfold_0000597,cal,single,0.000001670609691979815910539957978059429853319546200665359645,89.15281652549236,20.783106074063515,0,0,0,0.000001670664908089875637204642955830201058334322906174797767,1.000066104568431145283181089373563120355497502224448577,2.051870582635969657610382386210987003456473344889263546e-45,1,ROOT_OK
cstr,cstrfold_0000598,test,middle_triple,0.0004491937742743666230677813690694917152265100452438022144,18.399789851208837,22.457057664912615,0,0,0,0.7819933544458666341834584996003583515665252363879863255,-166905.8271354244769539399247082040563220237881847433901,4.562528973198981368183387438355807216471734115729141413e-46,3,ROOT_OK
cstr,cstrfold_0000599,test,high_triple,0.00000005331744433463643425653995898269148481933818902570125208,26.213889150090143,73.44040284516464,0,0,0,0.8240933621704382314499620270199860275722216026119524898,98642102.97317719160226000434662540958392019445382192031,1.098942540522697464598932540616531155888973007872644964e-45,3,ROOT_OK
cstr,cstrfold_0000600,dev,low_triple,0.01916906015064781253278166802515177124638286161703223325,88.90164406706761,20.457519347659137,0,0,0,0.05163994135568041513201355185792996251260741337031429087,118.709703652748762809327402985365333165679188651692184,1.955249106585147230731158608492798457080142709883486736e-46,3,ROOT_OK
cstr,cstrfold_0000601,dev,middle_triple,0.01714834006054793941907084951590052873428894324898117321,18.94610447101896,23.722440949510332,0,0,0,0.05581262237681476977208808457159439210643353528154996251,-33.35273407500606565111073566956618138560782657411060843,5.284565564023536562411173983315363374533298839935191013e-45,3,ROOT_OK
cstr,cstrfold_0000602,dev,single,0.005042554622412672996424810566493148008988748084030718346,28.363380425759413,76.758770043842,0,0,0,0.999999799151055900124429104805924978768974540453189969,0.00003983082866137315066694577768910175947088098804346696048,3.559598115160852057602462558891969443260059377350124325e-44,1,ROOT_OK
cstr,cstrfold_0000603,dev,high_triple,0.0000009808249464556175975117797582572013337654877050055683762,92.72667054381512,21.45493469505466,0,0,0,0.9258984187657992721002014427334749916947123703851729187,44328430.40677843229160285734627203327708652215080167991,3.862014921462549198056993712920452857986498824758029456e-47,3,ROOT_OK
cstr,cstrfold_0000604,dev,single,0.0003534115054669907359052729071715568264943590792938218308,19.618182360245758,22.24049135578026,0,0,0,0.0003560935433101065808537696893948827218028485238184368436,1.015261410529985477592978170122347669167416061943848586,7.137795790189687614000485168009894052239278138164335933e-45,1,ROOT_OK
cstr,cstrfold_0000605,dev,single,0.00000002706933399980824198718701950360466521633177578547674449,27.448557189567477,74.50569679849366,0,0,0,0.0000000270693878611792739938597573971043282403791307545186445,1.000003979517885446151127087076895569149936202162829109,3.077083601185325967471083582524988930025030862934800204e-46,1,ROOT_OK
cstr,cstrfold_0000606,cal,single,0.01931063495163264183057118739031550589826463960924535499,85.87913515933593,20.330342072517517,0,0,0,0.9999962419687460026864998568838569610600340747738805257,0.0001946183991591448625138045826277050574040423100501935997,8.182172808830005510216685211670249655897443841055567108e-45,1,ROOT_OK
cstr,cstrfold_0000607,cal,single,0.01743380540066630082093132015711870876533650335746856866,18.33169974526168,23.51810756575002,0,0,0,0.9980610383704288274684096205086686200531018940988223669,0.1119828930411489936222550852072003933289979365967929247,6.527618087208914590592468568588432208810525765289365101e-44,1,ROOT_OK
cstr,cstrfold_0000608,test,low_triple,0.005482099132571971349103627719888140301003801631658837007,28.07887072198613,70.66917082892883,0,0,0,0.01491049550131369562710569144925430667306019857720443546,74.98917054585528169685615727152104743066270800094500179,1.682821017727012387621929862236540809256050776247197422e-46,3,ROOT_OK
cstr,cstrfold_0000609,test,single,0.000001672862165128673506734156251113168708812302323696366137,87.05583974675908,20.889191397044502,0,0,0,0.000001672917827143020913100444021953213232365633129217348011,1.000066548687251898008295585508662422250388873203646229,6.111512671002135223927221111811227282464484437290863008e-45,1,ROOT_OK
cstr,cstrfold_0000610,dev,middle_triple,0.0003863728607643165618100989611225059262447464546154149617,19.18002992170811,22.310733087548986,0,0,0,0.7812800473199959461659646186285104465312514909885912715,-9537.864786178082653177989413811457880326693748121209656,1.587610721860464454036021901236127469230528579795432878e-45,3,ROOT_OK
cstr,cstrfold_0000611,dev,high_triple,0.00000003768413710488669178406348808297950711207994662869525909,26.829200711953042,74.08167147734073,0,0,0,0.8248030065735992844759381735170708523810260317583573547,1119116309.86290666694614154687627078297419300293021391,1.575420797286380408839650981329767106922969511584809093e-47,3,ROOT_OK
cstr,cstrfold_0000612,dev,low_triple,0.01926468593022869215815162395054112161042987650339830473,86.61107093201032,20.373064898647453,0,0,0,0.05305998666883771654304259840353657204857717788823309414,1805.505238090587967242784192724545150198987991000396829,6.627552764692991117827814732895103083617722420305917556e-48,3,ROOT_OK
cstr,cstrfold_0000613,dev,middle_triple,0.018912367158733291149881323156835092949656953217977133,19.336616355030152,21.69939938746702,0,0,0,0.05497478060318540468234353572113086285507194605000139924,-20816.4098729033702388718408520377424618218425146745627,2.697061357435480370840776319172484947256556144196347786e-48,3,ROOT_OK
cstr,cstrfold_0000614,dev,single,0.005031853229297585720557871011623680807471192913874026151,27.022369473253757,77.06738392488228,0,0,0,0.9999995933121587831606542834502884357765904366760076557,0.00008082281345495837075668481272078159935159074545112392881,5.684412713080457428630787748491123978250826807979911066e-44,1,ROOT_OK
cstr,cstrfold_0000615,dev,high_triple,0.000001708007782757678419491270759288322625020037176345647312,92.12634721776709,20.60481976218218,0,0,0,0.9235096572934935153105803036929406805418465150951815335,242107944.9410944029325413365030922937691854022413586451,4.545878306917605534910875129170034684983669031842528581e-48,3,ROOT_OK
cstr,cstrfold_0000616,cal,single,0.0004097255046853128977968174303265065865269178767590560308,19.334307539540795,21.87385629354226,0,0,0,0.0004132735562232961484755568045242351835391742825130594507,1.01742776881417927115773893154727964599017321769486958,3.402195920199473355639012110183628518348932596176909103e-45,1,ROOT_OK
cstr,cstrfold_0000617,cal,single,0.00000002506246972076467754279890375641755672135163001746352337,28.327081231809338,70.48343154361031,0,0,0,0.00000002506251336532231433705412024405555625297583354666301518,1.000003482866113493774828279997564566465078772550948415,6.58657840586159150168699803882817050809764633789639911e-47,1,ROOT_OK
cstr,cstrfold_0000618,test,single,0.01828336773734593116399178500320654542671098620660955103,88.24337265557605,21.40821515219639,0,0,0,0.9999981981919970181352234477421932848583175154038375332,0.00009855130606754633895217514582572242736411844875079272348,2.699249968925908102820831429524495762726489836809867532e-44,1,ROOT_OK
cstr,cstrfold_0000619,test,single,0.01900983360769838907325618664601014669720316604136100991,19.08314955362241,21.694431011699844,0,0,0,0.9979337748787836361260466901651178969871703396286139782,0.109543392332435730628285444554492610682500681734310515,4.204068868859158400188922288859327708076575903097621596e-44,1,ROOT_OK
cstr,cstrfold_0000620,dev,low_triple,0.005181162474021145071126356097243517104297063158318141708,28.55483966165873,74.71207427749343,0,0,0,0.01450379172305178024556092887946978255057330754930547356,314.6794076320602312481859654566609251871352367571860187,2.210880838924944324106449895734690008130987229782033033e-47,3,ROOT_OK
cstr,cstrfold_0000621,dev,single,0.000003367706942352503826553553020150317934129034240385054903,90.55783471840952,19.608892695373353,0,0,0,0.000003367918013840083959403987812967096624981615016464962548,1.000125356108815296083822345321890404860245367903544681,1.800904607870814398559069627546266374431568037426397666e-44,1,ROOT_OK
cstr,cstrfold_0000622,dev,middle_triple,0.0003660270761591536877197628261608490351773593272898753681,19.646509328126736,22.07055337625913,0,0,0,0.7907498786855513306282761213967050578096385522559389383,-18708.31795751253106355592102318238435957145409042754118,5.603581663804951066633699873249601770302297372369766923e-45,3,ROOT_OK
cstr,cstrfold_0000623,dev,high_triple,0.00000004275870707599516703435779595034815375034081534835300065,26.23487345579893,76.2957990106131,0,0,0,0.817258642825923461627325924426784755739954363808712475,5099782777.304157075293026749116280202209563609999586674,3.835052767789788493060114136019177056431927752757929578e-47,3,ROOT_OK
cstr,cstrfold_0000624,dev,low_triple,0.01893185887025997005245950104692533571470232849066333829,88.35487251432025,20.67968569142238,0,0,0,0.04952605356896850369127208941821751498925025867649944351,51.03330886372169315174227180893532308480562427493660756,3.827142981899568106569089666073383657779663100471633129e-46,3,ROOT_OK
cstr,cstrfold_0000625,dev,middle_triple,0.01848730129958956930711613694562128918122622828754315964,18.352546411157103,22.24452310480764,0,0,0,0.05396329091717260529323529688624118718748313912900468704,-6046.232817571942326499020769599866694973648971093726643,3.261153213147869305773783002472699657693116139809380969e-47,3,ROOT_OK
cstr,cstrfold_0000626,cal,single,0.005025577525162402812921557539673442788993415356255381496,28.25410162933604,77.02586901788611,0,0,0,0.9999997904495708948202719862201069444157154436276440675,0.00004169682543932661739431257992011777273999155225823280692,4.266544531912876835885164606784731194201936335547470291e-44,1,ROOT_OK
cstr,cstrfold_0000627,cal,high_triple,0.000001967541950747274577383180305091025398582395920906602435,85.43110271657275,20.713421955538525,0,0,0,0.9216075091820095206136306252358088441441932958425371692,158423705.3041106790557620258224977687513313249712507225,6.064824176280957694285339375193641842946062241050449317e-48,3,ROOT_OK
cstr,cstrfold_0000628,test,single,0.0003030198583891695913460106982039509497234284462990208208,19.176287430516922,23.469445855689738,0,0,0,0.0003051035204207243806421123687251525280116275501943235329,1.013821066200492942578318276776640470482968404053780288,1.539052979738516939785599552157316822735047938455920783e-44,1,ROOT_OK
cstr,cstrfold_0000629,test,single,0.00000003309198615041818436996860174884761477748099434124442541,26.617151522483816,77.2236665008367,0,0,0,0.00000003309206962170407968410807657404464791008064474731930204,1.000005044812925918253539913891679531913103113921878975,1.623283140556719840484623138500497886848908932937713212e-45,1,ROOT_OK
cstr,cstrfold_0000630,dev,single,0.0191231335316616567810900268525955953485366253805155708,85.73322870840222,20.518605463375163,0,0,0,0.9999966256193746541811492499395840891186090409966105425,0.0001764627826626191633533523952619140568256987748801033363,1.473798318079769747501349891470754563375231938039530429e-44,1,ROOT_OK
cstr,cstrfold_0000631,dev,single,0.01798497591413597749461687567792388371065042300405792919,20.094331655012045,22.7043601661276,0,0,0,0.9986882654697494636401390917633690832361054608104722716,0.07332074231345026132226898988839582042242138504635641746,6.208498350078809089658101403603122128855565219101765643e-44,1,ROOT_OK
cstr,cstrfold_0000632,dev,low_triple,0.005091566989626951727660537884901734422401594088232872095,28.076681111968366,76.03825588884247,0,0,0,0.01404401798151358798232766344520916905116438850209688888,118.9735018638041288317523607241087843839994767572751548,4.34942149527065701465207237641750892237072360145457488e-47,3,ROOT_OK
cstr,cstrfold_0000633,dev,single,0.000003048819003138829677648204127433596633492132655490099546,88.76607421348339,19.845418995380022,0,0,0,0.000003048994191870246308202524227703195021050511046438362075,1.000114927262927844477901570710670143454313564566113389,1.547530334603269521629147329516277088963119258760044378e-44,1,ROOT_OK
cstr,cstrfold_0000634,dev,middle_triple,0.0004340838582398523420928643361570811709783977212909013442,18.506838618311956,22.499463960335255,0,0,0,0.7836659149413424336808740430558559104126124405959026775,-1188770.628047671285571950850588649204799403262394142307,1.814986144897870438386990733587558151608520950126106553e-47,3,ROOT_OK
cstr,cstrfold_0000635,dev,high_triple,0.00000003403399951450651899741409918852377858064992144165400791,26.563656364234696,77.20615793097646,0,0,0,0.8192859550583715396969259083355911577961084592228439989,27947192547.93460900914678096289602992568998394694204553,7.221081987721618101958736843281106067794414881342682262e-48,3,ROOT_OK
cstr,cstrfold_0000636,cal,low_triple,0.0189068081866904095399812299632975949103060702198552303,86.60731464944406,20.738234784810544,0,0,0,0.0520888363446071915435458632769142254293979019070372685,2351.443455504868870322440967445554914392961670646954334,7.211177388143789135056031257680887818449420380190291913e-49,3,ROOT_OK
cstr,cstrfold_0000637,cal,middle_triple,0.01721888042085780806935349263404938973923768309239129764,19.913615242332607,23.674291197385365,0,0,0,0.05015454965078511190429315546282650786575515129179364609,-619.6126251242154927360390926877526079543343889028770108,2.961155357664540030522099117133251611866720231616658334e-46,3,ROOT_OK
cstr,cstrfold_0000638,test,single,0.005157198559919974359410663241440265195730329458278366694,27.498149229993246,75.16827534886532,0,0,0,0.9999996501245442961957754248204779136331322513395086063,0.00006784225763848604789987756347498581458201935583289353535,3.375881176103454939817356184635696378174595616127943983e-44,1,ROOT_OK
cstr,cstrfold_0000639,test,high_triple,0.000002078468056757661520088270951913550395640524060886108075,88.2266517712217,20.480017475572986,0,0,0,0.9219560885656236951765603966489213428577369691238171619,223408087.2495294554633853395421762335981704020809882326,1.448299872304580677593974188687038169292792500214862308e-48,3,ROOT_OK
cstr,cstrfold_0000640,dev,single,0.0003584480648217120623311758351568146823367011757495788173,19.1496248033679,22.688637841801363,0,0,0,0.0003612663814831842225322019356276432885762377162078233799,1.015814585382955577965790379273954517952925296199683406,1.484776806628841658586803996199437392121583109381577494e-46,1,ROOT_OK
cstr,cstrfold_0000641,dev,single,0.00000002555205104840890652300916608052124151240757430598950657,28.11496907064116,71.38421533936943,0,0,0,0.00000002555209700289874492492058810233468147323032598831402659,1.000003596936325857574564296343079228391303471700420927,1.203571773645249803555826295944578417805759730415417313e-45,1,ROOT_OK
cstr,cstrfold_0000642,dev,single,0.01862578941338241788398954850193281265046248176801409292,87.62222932752248,21.032155114703244,0,0,0,0.9999976887862924113004729457892145804079038869626521988,0.0001240903877798926712127156957362454252671528690525414342,2.712442946202825332155321391962315346706116255564147274e-44,1,ROOT_OK
cstr,cstrfold_0000643,dev,single,0.01831097383995167948410998227992794315656372626098075659,18.533481629802175,22.506742914161272,0,0,0,0.9978793072921971949449220480475819435691565784694368437,0.1167060202465099003434186484222633978615298780884734278,1.532922176727823581348749228965093176547467880324893253e-44,1,ROOT_OK
cstr,cstrfold_0000644,dev,low_triple,0.005278387988170108872881177322214730157236308553327244477,26.597793888652472,73.53483532164553,0,0,0,0.01451233737990548885593490203863829365400683872664422973,97.12982796245766520334835440386197645695005549317911877,9.748024950091519354315556582182727399638812397155520915e-47,3,ROOT_OK
cstr,cstrfold_0000645,dev,single,0.000003899171071510203578816728961695292102613985210959428217,83.9697933540426,19.68440776317542,0,0,0,0.000003899455171302388346576092869441096809414068432675866694,1.000145731059716523846894255697311380372373303065356658,1.510305883439119994963726728114598292463360459156432205e-44,1,ROOT_OK
cstr,cstrfold_0000646,cal,middle_triple,0.0003750472486828089128291776432630037280923966462430118508,18.36970507845627,23.393509373070266,0,0,0,0.7820377850377144289022469879737817482058455525123266685,-467964.8094604624501430091093161903602624306419514539185,1.490768173426906022434894562376569339731821633199302425e-46,3,ROOT_OK
cstr,cstrfold_0000647,cal,high_triple,0.00000004193395499097424576361503029214900983759631546260611231,26.77281087281482,73.0686843393557,0,0,0,0.8323976107409659492210312921372098348214729418062636871,69739992.35489550571785761014655939395592216889119733065,1.295424353116335240244542466198213306906159282242646832e-45,3,ROOT_OK
cstr,cstrfold_0000648,test,low_triple,0.01882167075359329673554540647950166494259298118392434642,85.85965254650118,20.81976493702915,0,0,0,0.05031578811964380428260933940482564261539217484757873604,87.58925159917286066797121834867705497633091689199751479,1.514648584850481796147392339810098508728280041517222023e-46,3,ROOT_OK
cstr,cstrfold_0000649,test,middle_triple,0.0180314599152166679344686328854982258842810682785339365,18.656652253873066,22.75188013223377,0,0,0,0.05290663025460374258282290715200163376380752186907707837,-460.5459735265034148028432491695569052582588339385671668,7.700722643401521507670694940557428739030289437640658424e-46,3,ROOT_OK
cstr,cstrfold_0000650,dev,single,0.00516968161668189411243928275758376378853328009113846057,27.898875816367593,74.94629594880021,0,0,0,0.9999997135736442738510160529431681999633022915726822041,0.00005540509984678113265160047806066663086030585605401864896,3.244297754138595934527240486264461952311673152315634669e-44,1,ROOT_OK
cstr,cstrfold_0000651,dev,high_triple,0.000001994071781997550372721702635410212178668764429943384754,87.38682995425782,20.588803874474152,0,0,0,0.9219641090233948429067097308527309318408133972679567571,159263348.1183987836565074626733849796552876785728875725,3.236930277439952554358723898886800362056868350357701778e-48,3,ROOT_OK
cstr,cstrfold_0000652,dev,single,0.0002354864209013346936764112750510122086684429983810798689,20.039527035925875,23.689292839593413,0,0,0,0.0002367544301858188530073878398973421400878328188401054057,1.010811276510852608478919455955304679230184456051960107,4.443744936982125963706012625003809756171852383648673327e-45,1,ROOT_OK
cstr,cstrfold_0000653,dev,single,0.00000003309888374449974758140398293157365833127204950241095968,27.157430110312212,73.7205645826956,0,0,0,0.00000003309896341278419769296180901801290674404641194241837991,1.000004813964437457933993540133704900759011643858632802,4.695790087996337271724445982465260959068204271516036947e-45,1,ROOT_OK
cstr,cstrfold_0000654,dev,single,0.02003707802011108452375650138446401160929238869061752519,88.8373883922917,19.623371524231082,0,0,0,0.999994778673429369064049653610338131441305592718813485,0.0002605997856317418555353521948458165714398915117820437848,2.189632118913744680974239753135682522642037963817877699e-44,1,ROOT_OK
cstr,cstrfold_0000655,dev,single,0.01860798592350719388723239846895845225689170108505829075,19.400163513809066,22.03040360809584,0,0,0,0.9982087900833651315987338235954491314381917169229625965,0.09692660180532757595507899172888212202231971744387551935,6.5044232488226041002982469705228094983729655430583649e-44,1,ROOT_OK
cstr,cstrfold_0000656,cal,low_triple,0.005436613148516532717209794960435868864160694441297300402,27.09342678094045,71.39813350611449,0,0,0,0.01519906145118047537826879985851896300159246385902838086,228.7320547152437843849317606629173142293934659469978193,1.347578166228030320161821420957272392598836515986311074e-47,3,ROOT_OK
cstr,cstrfold_0000657,cal,single,0.000003873427215313805102325976209620077514641295251451764251,86.10236404486531,19.59052153671065,0,0,0,0.000003873706166901369092732735398701721645356808488590862976,1.00014404117875347274853671944147112724213326365119248,9.501238712237915788401772647028896235718410367573638401e-45,1,ROOT_OK
cstr,cstrfold_0000658,test,middle_triple,0.0002642672380783011897868899536442764056692428779616487047,19.649944755932594,23.580784102228716,0,0,0,0.7962517974502179335289406577992858711197337445905408637,-1562968.237873150745628673999568066269159916170018952351,4.779163879785939396323839358014466694510384309986699304e-47,3,ROOT_OK
cstr,cstrfold_0000659,test,high_triple,0.00000005132420415268296054102018799865369336006213985374825923,26.276965600423008,73.53496816526058,0,0,0,0.8218692002718531296828954305704970721500986162820446815,250021802.4150918527373632270430704825244631075084782221,7.366572907775310796264636867894115928682914227111388395e-46,3,ROOT_OK
cstr,cstrfold_0000660,dev,low_triple,0.02003707418269564743367064835665394616486141224509163774,86.25156701007168,19.630534924839818,0,0,0,0.05520222473489872534239398740148975079340631304360839027,1832.752563598286219966125648119829512201506952409993479,2.429337551058249977608098187992961599452446531296178527e-47,3,ROOT_OK
cstr,cstrfold_0000661,dev,middle_triple,0.01804216264452620239491975716955028794577091023391289004,18.617270053696547,22.74265469997496,0,0,0,0.05263810377965102849019197997857795359177287232676069456,-2274.444800057407517378908860843156953501108498774324761,1.870565437291734273166853874433755847182777020195464694e-46,3,ROOT_OK
cstr,cstrfold_0000662,dev,single,0.005263115088857509722559668459947988769362676657766833307,27.387038003860763,73.68951834071001,0,0,0,0.9999995950055888568811360657592853546806288368019387513,0.00007694970139031944725518045551916508599933797515250613515,5.422947549728366831425074167914179549802048910267936904e-44,1,ROOT_OK
cstr,cstrfold_0000663,dev,high_triple,0.0000009981298191624567308201383405665114559167098055587680338,91.56642034547684,21.485315750606574,0,0,0,0.9255289762039959224176048915409820259863384522660191974,164943365.4408378268711868952078622711190523744666848238,4.163956928813935361492418535020681245292455481360682036e-48,3,ROOT_OK
cstr,cstrfold_0000664,dev,single,0.0002424594324635063548280387022014933439395400501767006834,20.065421434517276,23.523045717926866,0,0,0,0.0002437940285087554770240094839651019167047023017194062287,1.011052711018983586880944044198613831421393176379581581,1.004624334771253936997359173119228015908154837941781297e-44,1,ROOT_OK
cstr,cstrfold_0000665,dev,single,0.00000001600183438735270400271213333313777832664147021543621263,28.05891073212222,77.49095674776144,0,0,0,0.0000000160018539735630194504911018334445814702582245762716036,1.000002447997820997553919513296235502480583003821183566,2.342659266380664042539173038850781902987858995389615348e-45,1,ROOT_OK
cstr,cstrfold_0000666,cal,single,0.0190012380640076605439987834975704309903804658556715564,89.27537107807092,20.757882350260253,0,0,0,0.9999974479249967765735445408179580582084528313641575861,0.0001343153263654136276915656948695901364583913519562564421,2.148005935679957233354787296384856741142171938189260774e-44,1,ROOT_OK
cstr,cstrfold_0000667,cal,single,0.01724307583507299010559619065501065395811438132608867534,20.045625176285572,23.63378430412831,0,0,0,0.9988652029982847704787418045502834169322255665768983915,0.06611053084256149761690835498683900014122077261272239456,3.084985794623396874483212919584573849769451702105682799e-44,1,ROOT_OK
cstr,cstrfold_0000668,test,low_triple,0.005143208621814967149100494084163556674989300977627542975,26.86475103098289,74.7409251326327,0,0,0,0.01271098387884477223817600033855856703377791989464182715,19.51627141922660630618635306881053554314330342908079003,6.24226376283688212670194470038511147216691572964789259e-47,3,ROOT_OK
cstr,cstrfold_0000669,test,single,0.000001814659976112553552096192396788812563670993325830022974,87.09771902847494,20.755569083632967,0,0,0,0.000001814725034486332644318330084941568173460174514326763674,1.000071705011107455749541991618665832976403407878190373,7.192032485129926527233989728193295348675562395085892037e-45,1,ROOT_OK
cstr,cstrfold_0000670,dev,middle_triple,0.0003082192462776076181809098379204727184782197770352603674,19.917078357847,22.57300844439895,0,0,0,0.7953940711726984959571620568093338302770454237073242723,-32893.76972943487387623892765110550163118490770017223455,2.926321421598608182822224718699119803421949993112589654e-45,3,ROOT_OK
cstr,cstrfold_0000671,dev,high_triple,0.00000001846925687823330355262592148696435642544352771583054605,28.170804045490108,75.01366441299744,0,0,0,0.8450119216132161724058796658603061536617105003230976756,101369616.8990911226664603865553456825471257612252810481,1.205844230975563268298993955844382204641692704597487276e-45,3,ROOT_OK
cstr,cstrfold_0000672,dev,low_triple,0.02002217465719225106124317522927729697271094644853358007,85.37896695804179,19.646876914011624,0,0,0,0.05520605746172840369822057400233444117014764857736209323,3257.791224095937737530197673002218663271835560460878609,9.1932783453280729139629212558008937419386138292747756e-48,3,ROOT_OK
cstr,cstrfold_0000673,dev,middle_triple,0.01744626479229829371913639126719668813167794008604664516,20.126187291298503,23.36675967270533,0,0,0,0.05056231103476590781586224252432992612462697989347825879,-3480.735430247075643659440371826005621711206075475479852,7.801661719452759036968194867785107968583736305865293369e-47,3,ROOT_OK
cstr,cstrfold_0000674,dev,single,0.005092200026291785005987878265894456636096743199421469285,28.30404446057133,76.11557738630671,0,0,0,0.9999997848406935414459504270646859297970935017355753497,0.00004225276264701839899573149730173096568479307276971962091,3.567907525152221997950094212545074805596734018748871847e-44,1,ROOT_OK
cstr,cstrfold_0000675,dev,high_triple,0.000003412244489513252173433874596757711593533717364516272776,86.58820738725775,19.769090461887753,0,0,0,0.91948522635126987947832452949647036068895258343478812,83512691.02801118539644211357643357794855857479940953839,4.539998190720853677785334428496183857723511026219318505e-48,3,ROOT_OK
cstr,cstrfold_0000676,cal,single,0.0004080131051575238987169917061026615411689270261726337327,19.2809088564314,21.94734912172122,0,0,0,0.0004115439152975985547701102742717276990638814018436256593,1.017415783490560457130866161091158672489294957151992706,1.345976782646454495324472178647360437800832150995024976e-44,1,ROOT_OK
cstr,cstrfold_0000677,cal,single,0.00000002105668528642862938858924055031608520816894411472934616,28.439999511133518,71.88861765644265,0,0,0,0.00000002105671671737581708740389494837214993364515399025436716,1.000002985368408835218151471193389071779520492791503607,3.232327995027618424684139378597064156754380646406677655e-45,1,ROOT_OK
cstr,cstrfold_0000678,test,single,0.01911127525056593078960593066246908201693524184269773317,88.37178655015742,20.52321967943663,0,0,0,0.9999969419566280261687693162613566382687407439188950411,0.0001600186478393515195536842252418221280586076247333190072,2.860190143297774649980243361434141723139564010740927418e-45,1,ROOT_OK
cstr,cstrfold_0000679,test,single,0.01871237092423167191223580078253292871707208224223109044,19.965392188075484,21.876167333361554,0,0,0,0.9984253636102996288735907697376475334797433281602901794,0.08468119706107368402971898342610215375593428132884001861,3.1079161063082499467617038365550651910315255804529432e-44,1,ROOT_OK
cstr,cstrfold_0000680,dev,low_triple,0.005446512433807570138966655001276617198403190829571426763,27.410829121630908,71.09847457436895,0,0,0,0.01444597715576543265639749384434784638866461479371237758,43.89739734708235411754511666006561830327863056907768874,2.760437070530029924300263022389661325007915080329971663e-46,3,ROOT_OK
cstr,cstrfold_0000681,dev,single,0.000002538371007041788716253341042288260149848502224858144463,89.03088886294897,20.122933432450214,0,0,0,0.000002538494231251859551429878718904709155133298036010874664,1.000097092706274536523881681233023500565036268896398556,1.54773592306446782658119838285566895769855956250861061e-44,1,ROOT_OK
cstr,cstrfold_0000682,dev,middle_triple,0.0002646557641913059044566729645789039505346443450499259497,19.43670225724575,23.823088088673877,0,0,0,0.7939761200877420442328051435343407401702806707712194775,-671148.1013263107983576517464035658822603722865281295253,6.604556658151940572687249923685398182681178842190977417e-47,3,ROOT_OK
cstr,cstrfold_0000683,dev,high_triple,0.00000001615015319220565605870345807776940271403188727778155585,28.14334935397485,76.841650807566,0,0,0,0.8327924756609579284300445507127636933113237151588443029,5186781473.79352017317796847258550060179180513845472693,4.351975674359565081352340740218666926115127302165682243e-47,3,ROOT_OK
cstr,cstrfold_0000684,dev,low_triple,0.01996584578298178908971472080632051105699127425092973503,86.9316921392455,19.694437592785857,0,0,0,0.05474745970601422872626707809348161374845895318852812917,460.4697554078775867767305064362991553393010030574561214,5.441102445662381771684983499726154420537829687288599762e-47,3,ROOT_OK
cstr,cstrfold_0000685,dev,middle_triple,0.01836517076083126725505630191801056155433974512093143418,18.86964860009813,22.344462938064492,0,0,0,0.0535784652847139959024057821520103572831606597805989366,-1470.193632403665689943152629407749337128027595852772038,3.3489756539259694813609590055806494619459951127476865e-46,3,ROOT_OK
cstr,cstrfold_0000686,cal,single,0.005362626661384568663980536281144582337146824042339962892,26.38503493110132,72.67501026064669,0,0,0,0.9999992690874988651178707030649396455489940614725062892,0.0001362978942054301383901695263099324659072784723847046643,1.31155206284678368520662460118541633285500278293624614e-44,1,ROOT_OK
cstr,cstrfold_0000687,cal,high_triple,0.000002230217333770513369376214155678261791987604866154258619,86.20465415547856,20.47431721982285,0,0,0,0.9270480914684727290567196799799835834926337947469098608,433423.6754091005199016495140424935878527135341052520053,1.853291594588699046916262269781823856325384405670004942e-45,3,ROOT_OK
cstr,cstrfold_0000688,test,single,0.0002808179823498452259047477225669636138251352318256709308,19.60197762114414,23.34467506870482,0,0,0,0.0002825961849291698965336566525002572654479816425465909113,1.012722505505145783432461735018636490536884536213729977,5.607900967751408398874657439956442021437802308794785642e-45,1,ROOT_OK
cstr,cstrfold_0000689,test,single,0.00000001874379530372201297921816249526359294126775921936387002,28.09887868016195,75.22135156005922,0,0,0,0.0000000187438213799523289485518369063422622361217048992923119,1.00000278238813821471402048562911984426674046871383334,2.599162063140378488936730857331967905649236128258888429e-45,1,ROOT_OK
cstr,cstrfold_0000690,dev,single,0.01950483454838351194758973386982048492081324120430713841,92.22819952136399,20.120456132427595,0,0,0,0.9999965597247978990193088770650000087926946024150056558,0.0001763882612178439180246086798264169343047500694951849039,6.989121756903304062543601935373933188313128138864379977e-45,1,ROOT_OK
cstr,cstrfold_0000691,dev,single,0.01828721750911827876369933543501710382933537894599069214,20.16465870090422,22.344129975669524,0,0,0,0.9986289546055269001933285092700512277153070544375911712,0.07538982628831307417701288586945704912786832533169002492,8.48865058314494973530397273377420629751971460967106689e-46,1,ROOT_OK
cstr,cstrfold_0000692,dev,low_triple,0.005354943851428982508472014570814281067939187242408295664,28.04878339394208,72.3430464883983,0,0,0,0.01467920196584777877531795171457942361794047715484661175,94.44738140166309409672244741054582126555710373583890812,1.38162814304759878888751861314577683770527330175187446e-46,3,ROOT_OK
cstr,cstrfold_0000693,dev,single,0.00000417424466089011452520948051674251744592527827312463895,85.51523673593114,19.499435809539175,0,0,0,0.000004174567037933994903057440749556484851983026266535797014,1.000154468922554310377511179174157364636654398398675981,1.786582512846889272996355624672721085982247504785567837e-44,1,ROOT_OK
cstr,cstrfold_0000694,dev,middle_triple,0.0003425165503529078117783905512692825056852581197346856843,19.244914236794564,22.800159458124057,0,0,0,0.7917602370882290808983918570087182014190236388007622202,-556731.4878708360945851851437702750540813773402767139078,1.718902282811051863463028714435668185547328096038496519e-47,3,ROOT_OK
cstr,cstrfold_0000695,dev,high_triple,0.00000003477748600468272919851743887721339962321124032799687737,27.20094553999976,72.83454582684887,0,0,0,0.8284016129795928286490065490362976592000295521577447667,14118230374.05802500169651441624877170217725760840330604,3.642421249080873409723020064526416834815057243332421883e-48,3,ROOT_OK
cstr,cstrfold_0000696,cal,low_triple,0.01854569550070992884803752426007859644004160355652598338,88.47979334689285,21.113954985340147,0,0,0,0.05051301123148163823729253116597628728634936547274810871,228.4012250142638306212635537294487128125347601051546963,5.746950984143148569153121704762937360693206497083158974e-47,3,ROOT_OK
cstr,cstrfold_0000697,cal,middle_triple,0.01855170288367827554496344946009772228396960958077357664,19.1196313405405,22.112684704220996,0,0,0,0.05448173548532858336137146356883655492080688467322949287,-344.4266012465441421583794328133208182721239979202246299,2.016207930375582219284471337656294755258545227769648517e-45,3,ROOT_OK
cstr,cstrfold_0000698,test,single,0.005231020587504566423049214181684841999848453204115200208,26.17528293827143,74.27428147033113,0,0,0,0.9999992486096140535830561366115807202754052245025457431,0.0001436416959656484872822459719192625355883249954511587411,3.547758479000089628271087177001122048689789765648093635e-44,1,ROOT_OK
cstr,cstrfold_0000699,test,high_triple,0.000001720038156418900313569894416082106346440726393668449534,91.07325147810121,20.643025997797515,0,0,0,0.9232849742570259651689720465466182793096250447398302064,293631539.6818071836348646445565916265686037001663329472,1.556001527673436435977945401648545323068582714731133459e-48,3,ROOT_OK
cstr,cstrfold_0000700,dev,single,0.000262698626505763757112978673197214661441080873632662618,19.713723080002875,23.53607925539121,0,0,0,0.0002642672812589375972439228483534088594281528537315339808,1.01199424935470041384479437017986590586895489427667346,9.952689018278297665153518433511039838376049474527513251e-45,1,ROOT_OK
cstr,cstrfold_0000701,dev,single,0.00000002271273562382644325562590438661934809163319483230356213,27.710965045215367,75.13035114943482,0,0,0,0.00000002271277386542326996993001785775964802545144142941465104,1.000003367418575604888980446403044080221027622672576987,3.199163360440608184233879518134773055731905216246002132e-45,1,ROOT_OK
cstr,cstrfold_0000702,dev,single,0.01947169803532716915743962256661395094675972288856958814,91.52394155629732,20.154481629191668,0,0,0,0.9999965543160981669210443559999645845619816495804758111,0.0001769662174973967565371347646865667826263298043809486364,2.501337653301735310134998449403375040717735722016437543e-44,1,ROOT_OK
cstr,cstrfold_0000703,dev,single,0.01725828568122790137509174190421006672632678206022346585,19.105031682670536,23.682769811758273,0,0,0,0.9985107771629386931437957084039860324102797266836693323,0.08677203964451260182372075243538708764321193257188482804,6.04942754059258655794666787364299232597605008772331182e-44,1,ROOT_OK
cstr,cstrfold_0000704,dev,low_triple,0.00507899612070906239247574420060142010690861560801450423,27.59997178938247,76.29727553875995,0,0,0,0.01435454251427589519608069433430402430243383835735193425,2081.356051188919702055993338768261309588908561044936071,2.84208499462318364863741762911910534399820419680814587e-48,3,ROOT_OK
cstr,cstrfold_0000705,dev,single,0.000002858257238699100462238682526600303926071582625317182846,89.83720009260757,19.897044762308038,0,0,0,0.000002858411633041311301775073753389971014063578555054262743,1.000108038239482106743447847419099219022289857172851234,1.359884446266895801011738192763422911441220508782802274e-44,1,ROOT_OK
cstr,cstrfold_0000706,cal,middle_triple,0.0003171538728421032813721367711065070492872273438806490061,18.98374053007475,23.47567280224977,0,0,0,0.7871751575278492541923079816352565235998654388302347697,-53519.41619204530654086163549508825251096331517655086791,1.327006505351857477312735097929825520648167932601534123e-45,3,ROOT_OK
cstr,cstrfold_0000707,cal,high_triple,0.00000005219187394307358211742199624861245112840743916316485133,26.181858501799944,73.93139996771059,0,0,0,0.8230095552953042824905618680243582903579150116178403053,110260660.3132052160182769238716505534309686539940866964,1.473422178844939366498952742716299424437421591255760405e-45,3,ROOT_OK
cstr,cstrfold_0000708,test,low_triple,0.01914231037514972901054118113886291218346791405495822775,88.647619596652,20.48988254668366,0,0,0,0.05235331472058829645816857915959169663206148541851579853,340.5869408659047730560624993368569134865472805202652226,1.052563532521405924165908437900371486496537320928904209e-46,3,ROOT_OK
cstr,cstrfold_0000709,test,middle_triple,0.01713149748893621798088144256112668467120672112887182831,18.5332193455049,23.747939146977693,0,0,0,0.05665918736137780735870040973917346658100415942825934684,-30.20661482730766447101723251466882833649741648003248903,5.303506032443858674569852429428869438817150152433900278e-45,3,ROOT_OK
cstr,cstrfold_0000710,dev,single,0.005407390819680109489019445995067275042801905602921997757,27.342783623521854,71.77010190886205,0,0,0,0.9999995342412393630016232625884274841619420273160270568,0.00008613391266972897819273509569430690856013695336795623832,4.799049984603090495468986949084116190011503790761809986e-44,1,ROOT_OK
cstr,cstrfold_0000711,dev,high_triple,0.000001705378447248960932202027844531970637193402970668728567,86.53789013022839,20.88570188013278,0,0,0,0.9224248848277912141827091642506182314326505339243660999,217024675.0571787096970544706027886545399022717658658368,2.822224969992733549349819973095320817945708009317972645e-48,3,ROOT_OK
cstr,cstrfold_0000712,dev,single,0.000492255941810326111214017347698996943527265928406738056,18.652789364236217,21.737456688985922,0,0,0,0.0004973561170173363068571659355495514545696880773660080858,1.020877008629112608849678818168938115860874172387079573,1.577956483460385334690106034816713849307486150018078912e-44,1,ROOT_OK
cstr,cstrfold_0000713,dev,single,0.00000003201976934539111354870844536167268275519212486940748425,27.216203050896194,73.78429739645951,0,0,0,0.00000003201984396888384615693423585852155895342177027368877083,1.000004661096653832356780130803242500660460759306487195,1.23619438465955686111968738585388886779218982039979562e-45,1,ROOT_OK
cstr,cstrfold_0000714,dev,single,0.02012895385982839508948741311920142323989478405572244099,91.11375959331963,19.543595653562928,0,0,0,0.9999949000104651839396718002703363261198545354727340164,0.0002533816813684551722573974712417201226473176451859116905,2.517199615202032405112281802119261622287163968150328209e-44,1,ROOT_OK
cstr,cstrfold_0000715,dev,single,0.01888420622300128448778166028231038186819805850796411318,20.0284719475722,21.696849120443954,0,0,0,0.9984017187076164634174317416377527869745403281507392461,0.08518124196718061781994783558762518065404186775753114733,4.875168609079959807496993070157550599637542962679434787e-44,1,ROOT_OK
cstr,cstrfold_0000716,cal,low_triple,0.005004214280544141186219908573776195005054651118233036719,26.292070008139643,77.569948581002,0,0,0,0.01403250064878666363162090513484900066120758235828357256,265.6160231588239562532491969714276625722579367448405351,5.193161494812894749071430388063544247945009932363611976e-47,3,ROOT_OK
cstr,cstrfold_0000717,cal,single,0.000002558648015496031349518743915683792431846599663739091482,86.3120110537006,20.238974835650147,0,0,0,0.000002558773976114413883286030515772268975422086356097291233,1.000098462332077028293925644403919727858647884692375237,1.678884882417488423158161502666526112708987180197654117e-44,1,ROOT_OK
cstr,cstrfold_0000718,test,middle_triple,0.0002710806686278046391661573507933463510643899748670759635,19.822193619514817,23.266553147929322,0,0,0,0.7966860362878136463869232279725129408898276827859763337,-93368.56954632778339811047069169749459816302873682273391,8.065773167487721182600525818251616639028092947327773707e-46,3,ROOT_OK
cstr,cstrfold_0000719,test,high_triple,0.00000001595204314404150072103631066710376923908439369579236725,28.45814323577526,75.10446417586947,0,0,0,0.837174011911608074535834475869225789070274622033223814,1408266722.128559586530429339299058968087642752600697429,3.282812470104774042845415478636593118770670663892107525e-46,3,ROOT_OK
cstr,cstrfold_0000720,dev,low_triple,0.01950621695708964851278221979115855529534230370501992238,86.58949298005152,20.101069055252253,0,0,0,0.05074054455932909972723372428091759396929530806398162212,45.53739717128735822257666039881185303575289585555416925,5.427290990306195163369716245199553051431766555581836095e-46,3,ROOT_OK
cstr,cstrfold_0000721,dev,middle_triple,0.01758267312200429448795843211887801968030973831754266587,19.069745825736533,23.269546020951225,0,0,0,0.05160842271051299842386429765808249302565531801469611545,-348.9660751726332353525669308152597637606218336481814041,1.429952123618669621849830879230582734372738854731198824e-45,3,ROOT_OK
cstr,cstrfold_0000722,dev,single,0.005107996636979824031930350651919295933023501332075714608,27.599412620112087,75.87047228044469,0,0,0,0.9999996818155010834533088162950010078075696118011249608,0.00006229153360988859701784400789069705838114139405762532224,5.487315311314307648803093764654253561452729701387417271e-44,1,ROOT_OK
cstr,cstrfold_0000723,dev,high_triple,0.000002703709450575371988101141191308490832534928559804971432,84.08571303522817,20.26985290407297,0,0,0,0.9200047294469997245998946564788337301991856206128652529,42290207.02312295085326249436914755847568281700682749119,1.107245683167045513829258062266780252068847401469640716e-47,3,ROOT_OK
cstr,cstrfold_0000724,dev,single,0.0004002482104799939531496867127453521716590448066817104702,19.332433029587623,21.982030604796122,0,0,0,0.0004036507977321085042417159468915123718767115935088748229,1.017107048556857013702320085273887776689702842041121675,6.906938491313277182542239883456041177284315405635338378e-45,1,ROOT_OK
cstr,cstrfold_0000725,dev,single,0.00000003575282548312638508351819162338889091040100692271959679,27.505466188125272,70.75228877624161,0,0,0,0.00000003575291464532821035615826148333830789781132138404315552,1.000004987710102255062956990783640194601257850242767927,1.639106511479783725209696776845114058504443521678081835e-45,1,ROOT_OK
cstr,cstrfold_0000726,cal,single,0.01893416339890098283593926722662825446886829058277822528,87.44154977285562,20.707415989957493,0,0,0,0.9999971713715843585143824822140895311253521973252668786,0.0001493981365104674971588797802358331270338371086160174827,1.001752965233819625255153282917910191733816132133815713e-44,1,ROOT_OK
cstr,cstrfold_0000727,cal,single,0.01901601905120713831213107181390567588312721233221471207,18.990374832746628,21.611977545843274,0,0,0,0.9978401922094929776317134852575340315065583181580648793,0.114502390043804251636671690834241381992545683257691141,7.553329740323453425800500061273071560627215749089179977e-45,1,ROOT_OK
cstr,cstrfold_0000728,test,low_triple,0.005488813089403626596329739539999332833406896212360055725,27.595381934161928,70.67576470183768,0,0,0,0.01530557344240269375503453388690599383731751819345732705,200.907004262075612897765164227373311756748895871004865,6.798491450999597927275240584206934980925010297726355356e-47,3,ROOT_OK
cstr,cstrfold_0000729,test,single,0.0000026406091335463280774785631637541326264799822570612412,91.63080676572118,19.942598673072226,0,0,0,0.000002640741226634678711206116000686804152305139857104571027,1.000100051157195899709509257267536893739311558826565238,4.393135732917904846311183162689876003666854471018082111e-45,1,ROOT_OK
cstr,cstrfold_0000730,dev,middle_triple,0.0003022034929582294014648236027462101537596389103931066626,20.091648892039306,22.486134870288925,0,0,0,0.7951288250720795282237388595739106592957150062571115896,-21091.7094396579590530007397886038339586723785198186307,5.297556829185436547348933114506418096096196269181390506e-45,3,ROOT_OK
cstr,cstrfold_0000731,dev,high_triple,0.00000002215146735907340605293136407192550947539594046711280918,27.726227403701024,75.36422855116155,0,0,0,0.8305109517140933075055074323838275136828620952052926587,26134346956.99124562717156776819248856325532509686835403,1.030091288399314049228998405312503716035301340019073134e-47,3,ROOT_OK
cstr,cstrfold_0000732,dev,low_triple,0.01905468396669833274106303709928956938691551642455180448,88.6938356167661,20.57906538951282,0,0,0,0.05213277413044984151243286703326685920411687090916380479,357.7726716505439895031997209749409090431213914139615286,5.021569535460851428143716804266674210508811975872324292e-47,3,ROOT_OK
cstr,cstrfold_0000733,dev,middle_triple,0.01794643523159032865871834325302488601233700603836153374,19.938605032855556,22.7609212583476,0,0,0,0.05219848338566102653844448366228293910516841901580829126,-925.4820591158197440685767862920669412827955832461311369,1.898390854468845375299493193784404906284684124419111551e-46,3,ROOT_OK
cstr,cstrfold_0000734,dev,single,0.005430989427952241589096136668636031964732641359089263983,26.620178788010065,71.8349816261065,0,0,0,0.9999993239592595354149481579178956382189306808841193765,0.000124478733110224719141466499496233692350999445095665914,1.358175696374127028920042096995214650045866262290933647e-44,1,ROOT_OK
cstr,cstrfold_0000735,dev,high_triple,0.000002460018890804249094602335138118839377141927287367376508,91.93673868926392,20.040418839578944,0,0,0,0.9221721874998639308399304336076850842436993516564752059,10202766.63965805276622675600651640837423381899439484909,3.764645001335663295774857602609406809030434115784312754e-47,3,ROOT_OK
cstr,cstrfold_0000736,cal,single,0.0003861669123670846751775573349799761555104573010122956456,19.585595990016092,21.888725594505487,0,0,0,0.0003893186970863808788021603343738591483487341480975812898,1.016419934032204348818056386051922419390848105302976105,1.165497197148059313910159676627362900738597614950235667e-44,1,ROOT_OK
cstr,cstrfold_0000737,cal,single,0.00000003551321104215609426793840209447581816016623786615043646,26.480872697449225,77.18378167347593,0,0,0,0.00000003551330712461924536824393730974556983477411196346044419,1.000005411093519781621140724507746005080486251996001549,3.385415684695493777581777630459405908128992862125503609e-45,1,ROOT_OK
cstr,cstrfold_0000738,test,single,0.01891136895969322292075259122108243441150712871282752011,90.22818577081875,20.723145528712283,0,0,0,0.9999974629699798596660332870752607791015347105171108505,0.0001341580190970019487168105810869357661055483336525400702,3.911884209017599171097185486927481551197585336831911057e-46,1,ROOT_OK
cstr,cstrfold_0000739,test,single,0.01861140235063133390094753029453387843175082580255544321,18.814547094954058,22.068795311098043,0,0,0,0.9978969387528534213338031798249114740832813978915094622,0.1138804531672844860398422903463233657221401880305823148,3.435531219214606858126522584794108162569619099038861876e-45,1,ROOT_OK
cstr,cstrfold_0000740,dev,low_triple,0.005247583863078280115326961009487005330962444852715060237,27.708302995657753,73.40420658518438,0,0,0,0.01325692379892389462000979782482009473617472157510308558,24.00658957093399192307951973861566350545462755229761769,2.514958155073784129731296170188313598082659794605271796e-48,3,ROOT_OK
cstr,cstrfold_0000741,dev,single,0.000001086990798875759361896936911569639432123275860071730744,88.77813959575909,21.494492041032142,0,0,0,0.000001087015014924152940538930351379029502989598442215952804,1.000044556861705166285389839095984510511757153137158195,1.251237650334498261686771878442681600430502501805644495e-44,1,ROOT_OK
cstr,cstrfold_0000742,dev,middle_triple,0.0003482673905791424662312670189495426697621381261634948685,19.98710474631108,21.955587383363994,0,0,0,0.7989841809206039034837396555139027324086981504911626104,-2744101.24002464980714680105790042768329840929819532066,2.011092440394221014995102533927930086481713581367409722e-47,3,ROOT_OK
cstr,cstrfold_0000743,dev,high_triple,0.00000001414190924316219719627400245274786859850271959514612249,28.474564948310245,76.50702607452035,0,0,0,0.8368784440618217458967957871440123483469780369198602228,934454824.1730060454487449351992966081557693702547694948,2.492824352859028471772184755071133461835277359762833726e-47,3,ROOT_OK
cstr,cstrfold_0000744,dev,low_triple,0.01860818744415667348915787995045333950511787002825845971,85.96298947516092,21.016093764755375,0,0,0,0.04821603259848715088507139090450972318873664946773869321,42.60344669325986814503411968653954860798257507890153733,9.51784849681315087789922407278262184456018517034479294e-46,3,ROOT_OK
cstr,cstrfold_0000745,dev,middle_triple,0.01808996285623542984218458072582312842794768345240069119,18.966821928560606,22.65891498460012,0,0,0,0.05271454002140935549422016174466333061456442894484150585,-1985.093159738784015967518900683179643189123698999569463,2.807186158487986570846672994519875510684865857977525293e-46,3,ROOT_OK
cstr,cstrfold_0000746,cal,single,0.005091737980067631927394271541030772997763586767703865952,28.496225458126375,76.01421945908615,0,0,0,0.9999998042047827515619704149467746246564719464343512172,0.00003845354893106380019585782901827060329665871037627393799,5.475224746920596069546957406305331792470702381696096866e-44,1,ROOT_OK
cstr,cstrfold_0000747,cal,high_triple,0.000001518968411260719439440089954351177244209499735532488589,85.43650573929897,21.137583624625904,0,0,0,0.9270240241266189988650270053800726324224460624690157542,827514.9897322338625326412055501152500235937931162716364,3.635278055861277827146515642496587970108446569241866952e-46,3,ROOT_OK
cstr,cstrfold_0000748,test,single,0.0003522398345065528355186714727098564644848018740615157389,19.95584159725732,21.933615524089678,0,0,0,0.0003548651308547374011059149994076161730646882682498642167,1.014986804506408939513924493206316523709978917921106553,1.568627005436660983070706948595245608332456706369620491e-45,1,ROOT_OK
cstr,cstrfold_0000749,test,single,0.00000005024508129231620480838271776781941077445314005353558261,26.303978199030134,73.64184048305412,0,0,0,0.00000005024526468257406511011293981578677345538578271894869421,1.000007299848743618219578021815870006404529941243468678,2.421988024895115269126143244432258436441423568426310836e-45,1,ROOT_OK
cstr,cstrfold_0000750,dev,single,0.01832606041836356171828544902826488455805009391030254331,86.50086068695514,21.361640228003505,0,0,0,0.9999980184190187614623462788366666674689009489455181782,0.0001081318601213585024340583725910949595798136882014099835,8.240911355133541218974707230183855345755804466248181573e-45,1,ROOT_OK
cstr,cstrfold_0000751,dev,single,0.01712061811088077947696656028109640492307559548150432033,19.584942799832092,23.827863937702876,0,0,0,0.9987407123952700395703523903960690816518946961372239571,0.07391266859893602433092254126463093703041101378757211922,6.028750669776139941268880843116696081854238268685069615e-44,1,ROOT_OK
cstr,cstrfold_0000752,dev,low_triple,0.005313244570729011032015855995067731086154105047254005581,27.533369101564304,72.98813748998809,0,0,0,0.0149659483125309286495822609138517894773619226708346486,608.1480344593632898987177622807488090662520779664241608,1.712701660963857154468833527100161375488592975209506094e-47,3,ROOT_OK
cstr,cstrfold_0000753,dev,single,0.000003675377700451766113973520129065935932660262257684340955,90.31076091026317,19.48333737158186,0,0,0,0.000003675627406001147072640306020021784116955706236388454701,1.000135887071852211992131613683729830126589238623661163,1.834003525010493052110963772202576965621023610776549619e-44,1,ROOT_OK
cstr,cstrfold_0000754,dev,middle_triple,0.000277672597900774477808469473841690008039785355660113147,19.48124686145464,23.53690916421935,0,0,0,0.7945623888757018542950048203139478935177471528245810266,-4593091.818756758653885276050828137880314400413136448676,6.633742976935309642051313936086688361629420814949790469e-48,3,ROOT_OK
cstr,cstrfold_0000755,dev,high_triple,0.00000004101943667159722807848449868704978571236739797856071008,26.947715486589583,72.27453088935658,0,0,0,0.8278051010969278284731850273364725881422752985074742984,534813158.6114691226075846657279880729442384946144256486,3.778158004830297641844173821066405552714682826578866653e-46,3,ROOT_OK
cstr,cstrfold_0000756,cal,low_triple,0.02020633336033718538469478283684445702976201408297333247,87.07152376991691,19.472903958957815,0,0,0,0.05572690338505315755341726318784927137818839315851351558,6855.943161418219707527171292327558735913557864867772116,9.326680631595701071961811562660176016798346467061364854e-49,3,ROOT_OK
cstr,cstrfold_0000757,cal,middle_triple,0.01797008739370903011989650704725989332362102903590096222,18.86848848022027,22.809255910896002,0,0,0,0.05261830799398275501460450279084678955866342078386415545,-543.7743440161569324802557883369703573508799054226980729,5.641290773948946226130849321506988934582674831075687599e-46,3,ROOT_OK
cstr,cstrfold_0000758,test,single,0.005299181941434282226037990946802934057695781900432471879,27.451528151795507,73.18845770139312,0,0,0,0.9999995966177969201207559345879880091185455908968311352,0.0000761217355607797295085975674247845763546823520283462973,1.40947733661694545477813462187240006070862767825935282e-44,1,ROOT_OK
cstr,cstrfold_0000759,test,high_triple,0.000001893367004051134881833462739544473832915174233164200944,89.2845815709881,20.576710741818708,0,0,0,0.9225583277403619493638090409676565474003925635863132734,162017403.6061202519809988918636808967882615251286238539,5.776252147168104802772836953302928392275556779194398798e-48,3,ROOT_OK
cstr,cstrfold_0000760,dev,single,0.0002997689004617120133097648895531182223098250434600143522,19.122300411028856,23.58694120923762,0,0,0,0.0003018186411629403713251531805045266916588619353394636613,1.013743122472769239870946651780138914144428229990107804,9.453483420677157064109674477995793038480618300856046287e-45,1,ROOT_OK
cstr,cstrfold_0000761,dev,single,0.0000000359715886363011840528078305239814030840516947737436837,26.887091052111824,74.32231561115938,0,0,0,0.00000003597168351245771108147706082249769126099262110667136917,1.000005275070855093846172595237948610480625120423474096,2.53179059141880586938586641053191769219536369766502352e-45,1,ROOT_OK
cstr,cstrfold_0000762,dev,single,0.0184657520368176937696646690355898067918240061006525216,92.67324358267605,21.196223627193067,0,0,0,0.9999982550660898031108689695461776330103140009353289904,0.00009449783633713258774041462784552311882653808504538428813,1.841813292250776008981091799383082916142969536992117589e-44,1,ROOT_OK
cstr,cstrfold_0000763,dev,single,0.01713628848887319673023627733325235828692370466198725968,19.22871692097917,23.83383162424506,0,0,0,0.9985991862894617853911455834242256833121484101918933053,0.08217808276211532762798624604477847791564926072181657678,1.129172799511074308429049440382098252924419234617067592e-44,1,ROOT_OK
cstr,cstrfold_0000764,dev,low_triple,0.005052402338552147253044207453571075374051750920530375512,27.42625715711638,76.71248528798893,0,0,0,0.01430198067681401026465453502243278929711266156752046784,19144.52880488094901480317409487783759399407724162286478,6.95676988146444329026484774607892834840521790681233108e-49,3,ROOT_OK
cstr,cstrfold_0000765,dev,single,0.000001467460447084201804764541107596942990872257767754629482,88.35688520788858,21.032060554389467,0,0,0,0.000001467503586812795855885246024268424659236600504328850694,1.000058796366396341698064803062010466195628731144414121,6.41040491992779689248004287959105834165240778890388112e-45,1,ROOT_OK
cstr,cstrfold_0000766,cal,middle_triple,0.0004041943029878475892952898430980154091478047669850259846,18.40028861804086,22.977893510172063,0,0,0,0.7825186371173570022236948137166079388113297144454099792,-1418393.579200565339833298540850118032469585658887090945,3.347566687220710976841635495081053207291429894471484309e-47,3,ROOT_OK
cstr,cstrfold_0000767,cal,high_triple,0.0000000178670386984174498319810459219191093357964810544913094,27.976977714842945,76.5741292958927,0,0,0,0.8315984310160177632515969246717749543963716064296449523,9022856395.712586020003086735678815947635203842661059571,7.203251548573481701590627834792659491550678446602226729e-48,3,ROOT_OK
cstr,cstrfold_0000768,test,low_triple,0.01872627510821967001569909201712566828867458046058897633,86.68195326168326,20.92752356190637,0,0,0,0.05160976521712580745837843403915680735440869008249609633,3559.474193485831732986186864577741339195703021545597849,3.048689428253734639435113569667304758969500615095251804e-48,3,ROOT_OK
cstr,cstrfold_0000769,test,middle_triple,0.01736175238109110658270475592196776750919740418217752262,18.403052091425337,23.604781495538845,0,0,0,0.05061500059468816699060537686980799770420939971015479103,-13926.26543128307956368637203400260613728482689931508165,4.688660109069196360461329734696599018535691932571038542e-47,3,ROOT_OK
cstr,cstrfold_0000770,dev,single,0.005295621256416852108180320999918955070404299437370336223,28.271004094271827,73.28390245452528,0,0,0,0.999999739328342739877188356155451673261789097674495176,0.00004922405938621660148181933972149616630323837646698751082,5.582365338671336225717686515214372104913285809243914791e-44,1,ROOT_OK
cstr,cstrfold_0000771,dev,high_triple,0.000002434068323306861886254929950218466142202062266413948474,84.86773116657689,20.398498928986434,0,0,0,0.9206312263094017040600483426121117397586649984321440188,43970340.97905691100278840220775396314812169508322459148,1.450793295538196266464644785834023422011907594039007085e-48,3,ROOT_OK
cstr,cstrfold_0000772,dev,single,0.0003738313761325751076136712311364967795628976993706184547,19.93609070195612,21.69190252266884,0,0,0,0.0003767557893728281295857799225029122775142565172245757632,1.015734323447477962270738847315881373987266472516014955,1.812269986838814441205077167732673482166293377813548478e-44,1,ROOT_OK
cstr,cstrfold_0000773,dev,single,0.00000005575427494145443942300483273797947099414806779944547585,26.14886074255701,73.26027870056178,0,0,0,0.00000005575449956668332552259557416740963515146579870562868893,1.000008057710015177703063485535257085587715725843771514,1.485319356131382594101191425743970728545410528824737786e-46,1,ROOT_OK
cstr,cstrfold_0000774,dev,single,0.01932746258146012340164184644534846223688652793528277788,91.18085976970018,20.298746598564748,0,0,0,0.9999968128522386486617887204456850464379218472983377904,0.0001649091563483602012434719906819385513098958962659838063,6.177663987966396348207790245437041836626883516738358167e-45,1,ROOT_OK
cstr,cstrfold_0000775,dev,single,0.01746184407000605035787448957363617849329020130503368551,19.61634880193582,23.392884965826177,0,0,0,0.9986618829443501208052949376736220551778044882093173722,0.07703002302967049926370329312884054688955763767953276301,2.542280548205828277396529577014304282472360471694550429e-44,1,ROOT_OK
cstr,cstrfold_0000776,cal,low_triple,0.005378185440928609305750203161815323045718466173343909771,27.19550406086227,72.15369963198269,0,0,0,0.01508989723704067518159553774071665511109345926401373334,320.9909311443575983468333953516087187989810465740112096,2.482425004739229382122338815387056500308519006875296666e-47,3,ROOT_OK
cstr,cstrfold_0000777,cal,single,0.000003347581422844291706231166493894103105607808728781953835,85.71804962273961,19.841905262527266,0,0,0,0.000003347792590701606811653760520429439027562462598306972017,1.000126167358398478759730551197411787359619923728917575,1.514682539175853629740752485521103930838187312116293395e-44,1,ROOT_OK
cstr,cstrfold_0000778,test,middle_triple,0.0003521550214329534290418191835280536683182496742137475327,19.08508299758439,22.850910137069512,0,0,0,0.7827925490551091263715308383131353375771874709050840201,-13689.9967548598058600880795825305668370274690234868065,7.340533718950776295555145113401264948003332235515086412e-45,3,ROOT_OK
cstr,cstrfold_0000779,test,high_triple,0.00000004339825015935639184813091558644057783963596013133442109,26.479388734941935,74.45564018345291,0,0,0,0.8210196774248295162195392471169138586028861820722937689,6553913607.344546225950602982005345228716805699571093178,2.677036104722868780273891856522438049234209997017632718e-47,3,ROOT_OK
cstr,cstrfold_0000780,dev,low_triple,0.01838143658510676799972680209841253456345197096055470554,88.46327973855101,21.29452170350984,0,0,0,0.05065439688235036510546034649122528860357115617859812288,5223.854121546147977665437910141542934870455316219571145,7.535741039252699955129761459995454277618587021064189316e-48,3,ROOT_OK
cstr,cstrfold_0000781,dev,middle_triple,0.01747191449916441840198794420261430141494691114258694709,19.262434194114725,23.393028476617168,0,0,0,0.0516236212433343317417560337955309309657991060187506004,-198.1203289015573651306725310899990687325187889679744869,6.382793058450911965043918491180700408328899949313122479e-46,3,ROOT_OK
cstr,cstrfold_0000782,dev,single,0.005376753520184565765020194560040427864448157296666971476,26.941554039015955,72.20310453020936,0,0,0,0.9999994396965932908696280870532173905333329286811933654,0.0001042087505948364367387656082249328232282202027295739088,6.360442784628557537174356088994577347237679581291309354e-45,1,ROOT_OK
cstr,cstrfold_0000783,dev,high_triple,0.000002051457278424427504251318809532892751488432574417983189,90.73010092922954,20.38045426584556,0,0,0,0.9229648680734394393173809470909437718148189710315906334,5899032.496093971062862180275820898003068303937255221431,9.776672364473218298433065214298465120171232258091214571e-47,3,ROOT_OK
cstr,cstrfold_0000784,dev,single,0.0003546115753047365965744895412080068263103561792188478108,19.830155196716117,22.028022966315966,0,0,0,0.0003572846633222490216570661130867692854707962776467813947,1.015158481106501170842465055538312996637362888986513254,2.194987879586468305119582829138614573556133882180582121e-45,1,ROOT_OK
cstr,cstrfold_0000785,dev,single,0.00000002016857052278429093915435049328432925038101075474534029,27.98399837208189,74.98785345115046,0,0,0,0.00000002016860061898067026994243108748959604343669642561276721,1.00000298446825489469191972390717688485035765307067774,3.001059791585490842806284525622323934150937820529970463e-45,1,ROOT_OK
cstr,cstrfold_0000786,cal,single,0.01882929969050383265915073344571699547216369246363913155,86.6457765275493,20.81906156871044,0,0,0,0.9999972760544740273038187808111004015813711576782301593,0.0001446701987902039046088361736332159147617242092525466596,2.765469674181777786490313769097653454584290670821406073e-44,1,ROOT_OK
cstr,cstrfold_0000787,cal,single,0.01850278706329575525088648354063772718233599503461281016,19.49713585534171,22.142134408993833,0,0,0,0.9982902074877514995686716019096881298045579169947936348,0.0930214959567988899109942785386257215516474996866923655,1.304459890923190964452020782647527855611602914737007096e-44,1,ROOT_OK
cstr,cstrfold_0000788,test,low_triple,0.005283607528262013647781938340035470366356660681201788774,27.565165744226523,72.80316846268511,0,0,0,0.01316974387754297639411312581166606993154608765866598162,21.13762270499139483908324473773018596650896679949365587,1.436070286182055493512762005319993902947859271683941807e-46,3,ROOT_OK
cstr,cstrfold_0000789,test,single,0.000001511541560338067926990539291739163065332798655901409508,91.54122497378205,20.824162764373217,0,0,0,0.000001511586855768177780795407575878216460054549273623997471,1.000059934096786744779932885555651356083993715982148996,1.266040455898707807080159632242411573561083169113011495e-44,1,ROOT_OK
cstr,cstrfold_0000790,dev,middle_triple,0.0003263293860108050061659589729809990608312594658146820124,19.10868751305745,23.210046593239664,0,0,0,0.7722033062553031732656229672670115008545810715180411525,-6188.199556577516193960636778207734069371837275369203986,1.789406638213705137735690804508944478808372277836436779e-44,3,ROOT_OK
cstr,cstrfold_0000791,dev,high_triple,0.0000000538010920302288139157698389128582876169114448778249303,26.102778664521043,74.10908392608648,0,0,0,0.8339149321725174776506145124628269835314076653978012391,27119942.47645956349171561683413095134516243167914672635,4.537060726429374127645990399926650531277378982845555566e-45,3,ROOT_OK
cstr,cstrfold_0000792,dev,low_triple,0.01836049907695532896895025287671619376630621999456717485,86.50984670814152,21.321521124099235,0,0,0,0.04993752297106202989601469966814677193605616888151330069,200.7017736767812452885789689740124522911161241174666368,1.587868833928312865726782998793169629308574440210281562e-46,3,ROOT_OK
cstr,cstrfold_0000793,dev,middle_triple,0.01792469701357345588635856841658359490618834811729905864,19.374382805441112,22.826717739606714,0,0,0,0.05206931432142418567693083351006871693826465803998447942,-13801.63974678725128531788047884674104898006093632033242,8.46281349772785482198527870669532692201339900781063171e-48,3,ROOT_OK
cstr,cstrfold_0000794,dev,single,0.005470335203813991729313320684776430333800091790329966169,26.618967099737077,71.0219015759768,0,0,0,0.9999992869076605619143586331566696320050707542941850395,0.0001303566396764330330438048801807863756631945289340440059,4.931929710676493612546580191673554930988360444406963927e-44,1,ROOT_OK
cstr,cstrfold_0000795,dev,high_triple,0.000002523586197738074778714659534711934396266555720909192045,88.9737374589234,20.13493981398939,0,0,0,0.9213250686253405560594174649120659340166766263595785902,42719641.06606769617279007270973020956026165654868468688,6.556251143682893029696533537221506774517046269811243854e-48,3,ROOT_OK
cstr,cstrfold_0000796,cal,single,0.0002892269988066843751571952182712737279046580813646417926,19.284669273404422,23.568824585396335,0,0,0,0.0002911329068111184589353448743196214613794315410130854843,1.013242166163675348712383678371324344984384093677093363,1.141304845132210509601714997441098877751569378579381116e-44,1,ROOT_OK
cstr,cstrfold_0000797,cal,single,0.00000005632142191479775533152015966512903615573999732998230519,26.001937291760594,74.04874678423315,0,0,0,0.00000005632165363430716054160315325537119529953685399162659525,1.0000082284927353635570668846099355425501143150351887,1.404216455485214525654344719689044025545856272997619518e-45,1,ROOT_OK
cstr,cstrfold_0000798,test,single,0.01970778506403009332242185621359448284148072916515936664,84.81649239097291,20.015345140995656,0,0,0,0.9999952957986758998909553600440019351536507094787856452,0.0002387112065417688218763088731473232078677475030239256058,2.404013667444002072943341109055521333161495809058889647e-44,1,ROOT_OK
cstr,cstrfold_0000799,test,single,0.01815478982202976404680376183638912759469156960509810351,18.582054628519483,22.611759750557404,0,0,0,0.9979371071609674488417498275097306632142237568509566483,0.114480426978617221798142377104789151958916054932244311,2.604515719513558315976220260717284314857663886405819966e-44,1,ROOT_OK
cstr,cstrfold_0000800,dev,low_triple,0.005171792979775458420338047383914493885742657140280397348,28.110166367617403,74.89344603641288,0,0,0,0.0145669887937384402228869036730614533176731038728436891,739.9952811408523914337285598242087551439816593204273728,9.14259742785972856687960392042432755579727929109437442e-48,3,ROOT_OK
cstr,cstrfold_0000801,dev,single,0.000003175459652082863629103952259995918950214282710926516371,90.24989221651643,19.71428424243254,0,0,0,0.000003175648375060548649583136814981315622187226851230124311,1.000118868657620588495811820810965717264836506532250172,2.549162860795262095792174921310478885104219422603809414e-46,1,ROOT_OK
cstr,cstrfold_0000802,dev,middle_triple,0.0003520223930125835355712582996758136071521906202854941069,19.93648319856997,21.957215928861455,0,0,0,0.7973735874915351336690173627744905948298316612877316307,-80991.17072269835208847548081224331091467177986322429472,3.645640421049321848791599079863407514016191168775506061e-46,3,ROOT_OK
cstr,cstrfold_0000803,dev,high_triple,0.00000005311628562673918512015448193728105610878256037079632922,26.45744374773595,71.9618508861506,0,0,0,0.8256608685429246390457836925560739957766034992475183272,162055961.5970708299908578071389926510779262132908074229,8.261918431209023843055791950473126040488781034799925715e-46,3,ROOT_OK
cstr,cstrfold_0000804,dev,low_triple,0.01912763825774230751215745812169768787046758807990377127,90.58883326080819,20.500043986946963,0,0,0,0.05266614747106066855200954738630293705955205420701409858,2260.43358598127906083656233089956470141948234779071898,1.827516147474308360189795664746682380589367877457001965e-47,3,ROOT_OK
cstr,cstrfold_0000805,dev,middle_triple,0.01896888344837881937195417463587156138535235090684096778,19.566490970666322,21.621507898191712,0,0,0,0.05570849318083541376717931294070675535654158872335048085,-297.854836138606257979747119886183766350429851428515472,9.153610606997543073242800880498045661516732129422940757e-46,3,ROOT_OK
cstr,cstrfold_0000806,cal,single,0.005103539997439215096644362677317332185413781530310206393,28.61261580879205,75.82954717806011,0,0,0,0.9999998137507935332278163820453926798726029803341981009,0.00003649415293922675914243493437665244318214011146334255879,5.55447182556509245702344740876908451017571768866663192e-44,1,ROOT_OK
cstr,cstrfold_0000807,cal,high_triple,0.000003002351380923558290741301454843499194973534404555392679,90.53409929958384,19.79331698841069,0,0,0,0.9257744404154382271505405750435805053515900420842731814,386352.560267250721810083965898637264403866295681953165,1.151194698630149318192490855276973292554540219075680309e-45,3,ROOT_OK
cstr,cstrfold_0000808,test,single,0.000325025131470059308036839307608441446475931013101975642,19.30825062797737,22.978530630429198,0,0,0,0.0003273711889136618866467161140213292685992303703219311396,1.014511578741721788226261221736566439907361242203087956,1.695782426675820630184161184915162064180349892480547558e-44,1,ROOT_OK
cstr,cstrfold_0000809,test,single,0.00000004940788277053206697694871992532978015119128018008444931,26.234748700069055,74.30877010317246,0,0,0,0.00000004940806172836784189210298736549753544105548944245214356,1.000007244119730021115861072983955634043760792795997963,1.782130461502859491163997295114268432756094744379797868e-46,1,ROOT_OK
cstr,cstrfold_0000810,dev,single,0.01869003428016681614974052044739084446444233470344393735,92.09477676076023,20.953213059667487,0,0,0,0.9999979337733799153344474398656391325625208852149816972,0.0001105552664649552152610918521769299215409852584409488921,4.965753735802147601831070903126716858531437678635504019e-45,1,ROOT_OK
cstr,cstrfold_0000811,dev,single,0.01844473768455107888505383023173166458316165200089393806,19.513375746534685,22.21944721318614,0,0,0,0.998321544411021395632386244094963022978654153978937535,0.09159332069417526616398220000115848678816509420655792335,1.007580135645256277091983180663922745193802341552265598e-44,1,ROOT_OK
cstr,cstrfold_0000812,dev,low_triple,0.005352388256899032069076314292750964141582111197997509268,26.637484003927195,72.52820341549494,0,0,0,0.01471011436067466819227758258345955047369007172392712425,96.02146260589404842452872318360465874764709055845997857,4.011126653511294929175248770517849483431639426232584843e-47,3,ROOT_OK
cstr,cstrfold_0000813,dev,single,0.000002351421745985226475235335964523144624126594321588275985,89.11376013721447,20.2401817054447,0,0,0,0.000002351528135648146746598087114049349702989424909533552296,1.00009049269042147642565013814095380132044517444410504,3.486439448885144762816976253310226672355694919215775183e-45,1,ROOT_OK
cstr,cstrfold_0000814,dev,middle_triple,0.0002775970567785418597864419692238702056410754802522264254,19.72454727701028,23.26233042292487,0,0,0,0.7967191965954361610088609541143110106812829381576635132,-406852.7605898330243535479608175410385852095854595900387,3.313602386200455764559549675197781745874953868801385751e-46,3,ROOT_OK
cstr,cstrfold_0000815,dev,high_triple,0.00000002260559587185547288050578042016399100900648873405542577,27.49484018673532,76.5527697711707,0,0,0,0.8284606036760849234089551854282946037076114704377250495,1255773984.37836408310670788808318558552740536382940758,1.796886848460545479224609052251000724888278676799797467e-46,3,ROOT_OK
cstr,cstrfold_0000816,cal,low_triple,0.01869437165427482666786402157716750041186056354068043012,90.99819257843768,20.920337995454492,0,0,0,0.04884385156660073910060393723990228933339643788828020466,50.1586330089470996912790003037631447314919302710571535,4.297772638357010444074034718944281887557686843325924195e-46,3,ROOT_OK
cstr,cstrfold_0000817,cal,middle_triple,0.01729238308052480433108528418434762133884250928545664984,19.69256691924602,23.5946724880898,0,0,0,0.05018994151034754912314004568461755605485963321147318437,-3469.413811638253108115105968296372487015992306897801625,8.095197075866841268594267998638822255739648557368872476e-47,3,ROOT_OK
cstr,cstrfold_0000818,test,single,0.005447328777769354779168143492529506738568477049809552921,27.46499376383062,71.23143383089581,0,0,0,0.9999995479496987827404880602891313895390628249506465949,0.00008298585279377934131269456843332503941396886334644848085,6.816075473601506759294398100800101681413797031430355978e-45,1,ROOT_OK
cstr,cstrfold_0000819,test,high_triple,0.00000153861245721549693774967466402569804849496261673953066,91.94577077659208,20.77961723606974,0,0,0,0.9270672550287858236123558443897057543643571801769667008,1109462.801886285396477538596897137885946453730780858629,8.426992680807509354162005684160314376757409205978429213e-46,3,ROOT_OK
cstr,cstrfold_0000820,dev,single,0.0003377650882880937819838925221509859737639952001267219805,18.474356382997343,23.795496358448283,0,0,0,0.0003403949334813372119446912737808962087156873894343804538,1.015659673871881157011802843382727372355490299146519013,1.678354190458171538730621828389763406657079196777957203e-44,1,ROOT_OK
cstr,cstrfold_0000821,dev,single,0.00000003297440884375723488508823014482612813948064147008599144,27.735908086702555,70.45219062789704,0,0,0,0.00000003297448436018541188671754910128709716574165926521695382,1.000004580312873901535191345626738657650515654323200208,3.493273846746258750964392139590919423005604244181490559e-46,1,ROOT_OK
cstr,cstrfold_0000822,dev,single,0.01862421613037170208670939264977196920185256795798177002,86.04782123702815,21.050884831568645,0,0,0,0.9999975755009860218928496308613831774529919818037647468,0.0001301838960016347786382922232252600554658471251819655196,1.234627022230428668450486140348297742103954008055305257e-44,1,ROOT_OK
cstr,cstrfold_0000823,dev,single,0.01798956844331788905303671618964399295294450114913324671,20.050942210168035,22.70676684810386,0,0,0,0.9986731146591496697883281669049977796514366416566864692,0.07415207550207587660575479521598042019424492349394826164,3.267518623272824957173103436093321639914930370514332616e-44,1,ROOT_OK
cstr,cstrfold_0000824,dev,low_triple,0.005441063194574047064042594075290027435968370003552276419,26.19805918775625,71.44551527608981,0,0,0,0.01541736064383321466859674095827324842511259999203321327,2262.310946439327960168762842359094228622495078652496431,6.35923225022379185847884771394577957360204641169833807e-49,3,ROOT_OK
cstr,cstrfold_0000825,dev,single,0.00000143293437557602323319669367303217903000612217120151325,90.92139311388156,20.940289809207925,0,0,0,0.000001432975320730775885720383774276177889628731754224754857,1.000057149894815119410143375323675040387428803183681216,1.480489439346666029756341870400934026262079842925175791e-44,1,ROOT_OK
cstr,cstrfold_0000826,cal,middle_triple,0.000381896259582853325301990813030288064409302747437743603,19.664964872876865,21.860194778774183,0,0,0,0.7956796188513360369723690430314210728085062285962342473,-595221.4713778384843115932662824861119248937501837056784,2.61555696403758130148202227146333933871810311132108861e-47,3,ROOT_OK
cstr,cstrfold_0000827,cal,high_triple,0.00000006596688625224510934792546943086162052403621784789328356,26.139686197865675,71.13229813621314,0,0,0,0.8213343450924678008385416910786417155894233627726563263,853795515.7409441495772146782981923043633438371154015305,2.748576425191224059442128108041143684657675949431521372e-47,3,ROOT_OK
cstr,cstrfold_0000828,test,low_triple,0.01887183471743766043138989887601103597714786595397398892,90.73896262182171,20.761288039042768,0,0,0,0.05135967451474923086499870368075090771560465805783816779,218.1935337286581379119270623783878316066233174574201428,1.86723004236772213987492056106832606201935000421200075e-46,3,ROOT_OK
cstr,cstrfold_0000829,test,middle_triple,0.01763163572342746341017835570216711923488832453254309819,18.372219028105693,23.264297480429747,0,0,0,0.0514173971042825625525090255584085604742684407104529182,-13744.94806789811042468519376571500698791403594495417381,1.64529592593596854288031322505162354449109364333191311e-48,3,ROOT_OK
cstr,cstrfold_0000830,dev,single,0.005206139745738251517970405192656339817124900080589172668,27.081911957865028,74.51794756947179,0,0,0,0.9999995460072577419609033230464589130186034404298908124,0.00008720350386097631292813120422626069534086335385764098709,5.702742692984899641854418236168329674103312134755132675e-44,1,ROOT_OK
cstr,cstrfold_0000831,dev,high_triple,0.000001235099898596443195544363233355537252511332707531124448,86.96028426838454,21.387099696568775,0,0,0,0.9247312119218284970365476005512413596702674036205278889,4725231.085565229877943821674937715473818736936103837383,2.186010843140559522736622265268509894081436405185306595e-46,3,ROOT_OK
cstr,cstrfold_0000832,dev,single,0.0003440702265044942195314897305733676248886815296109797321,18.951675123444012,23.113162573887024,0,0,0,0.0003467171607942105041945355588268900849236920635978422783,1.015471640300447745235660069669963018048376941071745491,8.774449774717229663365351609580136817242545357308951e-45,1,ROOT_OK
cstr,cstrfold_0000833,dev,single,0.00000001507984881947394354661524396060829648019631210692917031,28.300422989838516,76.75101502652481,0,0,0,0.00000001507986604542297479426173126149498723796279767979048551,1.000002284633438680839671999369093108692786568973202502,1.143043096322236141169079914182569775106768866253316424e-45,1,ROOT_OK
cstr,cstrfold_0000834,dev,single,0.01899634772146800418340370091309997490152177247723913203,92.46220836124687,20.629288371887093,0,0,0,0.9999975087114831582640804499949724543203478373522612482,0.0001311498365416137365727002318818662744555180508621251741,1.273863072752749585141919683025108708460683775409278221e-44,1,ROOT_OK
cstr,cstrfold_0000835,dev,single,0.01863242616767901812502010487380160670147940046328536344,19.75531683700917,21.981202115164105,0,0,0,0.9983634608722249292592375149342320418453671042362450788,0.08840165354058703496099846723241938200123581192564915067,2.808828186357542999385045702619825244997571599512804526e-45,1,ROOT_OK
cstr,cstrfold_0000836,cal,low_triple,0.005320689072797325867488937891462952133155314384280546589,28.349358324580876,72.80480514192519,0,0,0,0.01502051125937603179868859118400118698549516278578320874,2002.557434693706755315378225071202647390270317776578048,1.385843380123151015423262333832103718308012508484186808e-48,3,ROOT_OK
cstr,cstrfold_0000837,cal,single,0.000003389409134386769463637253011731877330367901553474658022,84.98484195669634,19.858063084045718,0,0,0,0.000003389625798166585490637033052099521265626884688520823973,1.000127853592742360996913838294739523178721465051480823,1.660054083810323897846626171324305733386363890082409586e-44,1,ROOT_OK
cstr,cstrfold_0000838,test,middle_triple,0.0004019560174770167778315641270185383617940891633504717551,19.385750402489993,21.908670732818226,0,0,0,0.7917795418731970962305200917559980787755473662158671661,-68151.29578917813043267200501084422347463106579249523853,4.931440425059256689022583675098495501215816699250211538e-46,3,ROOT_OK
cstr,cstrfold_0000839,test,high_triple,0.00000003495668347986651004307913202905721028524221276492123314,26.719598236544815,75.78429111965129,0,0,0,0.822538846932812043523955452436428118150508634748403567,999032040.4322059381835476298306504357968201123443977252,7.930434357462204304597988237941744260480363851794063832e-47,3,ROOT_OK
cstr,cstrfold_0000840,dev,low_triple,0.02009459806361048967306563693507202505999378248989958151,90.70111397856839,19.52263322567991,0,0,0,0.05179414836215354328191258459521429815637074151201174711,39.26808877891151889739795148027348194552783267165924301,4.679829443722131193503461054089487428757067212477387753e-46,3,ROOT_OK
cstr,cstrfold_0000841,dev,middle_triple,0.018634475449288341968842854660162134681861096304191942,19.333537636775695,21.99704527481223,0,0,0,0.0558363496708594657440629438172133053177320534351844509,-112.0387694431747647581365963483407939756053276244251399,5.789520863893139008795633809203778631104475855887158926e-46,3,ROOT_OK
cstr,cstrfold_0000842,dev,single,0.005189625892469810080843019920668528045909880856992663724,27.330653113948124,74.92598988369359,0,0,0,0.9999996129666935422143864431960495246726341759802711013,0.00007457839282583088174923819983017202563717730436184927688,3.937129342394498909606799606778839967857271430031815341e-44,1,ROOT_OK
cstr,cstrfold_0000843,dev,high_triple,0.00000280463772556191514615604239829289388242876499453627485,86.25427391990377,20.0986740261128,0,0,0,0.9203723011678183765487708985756938016380995936738538606,19827357.7617117480505856672527656274160311395653411343,6.452524388914038338466525949708058305880400633432129662e-48,3,ROOT_OK
cstr,cstrfold_0000844,dev,single,0.0002539473410271947969037155275271623719369220294702181392,19.693500867171647,23.720066980696572,0,0,0,0.0002554248662388142746378886733227246462803752100296997836,1.011685482952248747312500521180134075462734591219818101,1.048619686276663242533573006030818260623662837096924679e-44,1,ROOT_OK
cstr,cstrfold_0000845,dev,single,0.00000003077119423375817400311220428968565045078251133750837038,27.229905488423576,74.20802421625615,0,0,0,0.0000000307712635522044408817666599917092479383149578304370865,1.000004505418925407335284279817644838932690715288577527,1.777466827805066895886075032186717698799453175374465975e-45,1,ROOT_OK
cstr,cstrfold_0000846,cal,single,0.01933468202640585097671421705512616272140144390826493589,88.05316525140104,20.29910357879273,0,0,0,0.9999964561532690242929649412375550896122434563444253393,0.0001832976893535281801424935513737542748454307848386327332,1.060070508803971171730931698596585666204712347405158486e-44,1,ROOT_OK
cstr,cstrfold_0000847,cal,single,0.01741432704591876450398083677706211319368680281961063861,20.185575042928807,23.4034464966893,0,0,0,0.9988669574670872741125693811517544840999316179810209635,0.06536181240065406989164458085561860656100516024159050889,4.408477043143329803434485778737017204060239890053717882e-44,1,ROOT_OK
cstr,cstrfold_0000848,test,low_triple,0.005455803702989266234362155772484490740256883220687641132,27.72304274244687,71.09091691142022,0,0,0,0.01540608869861963153969307265385749147109569789409647426,1357.272435199929257527081253124327141396689612326490999,1.112795405188482100498550250016481865684149030327034967e-47,3,ROOT_OK
cstr,cstrfold_0000849,test,single,0.000002698623117901055730581341658242902752126202815162273616,84.04440150489647,20.27511842478923,0,0,0,0.000002698763501084768282803509105727512337821861670658164062,1.000104044619665995101991467251127994666221140002953376,1.291696947845415797629399239099475332063520422594205469e-44,1,ROOT_OK
cstr,cstrfold_0000850,dev,middle_triple,0.0004544129887214082125386553528841567692640001363419552379,18.354817416558355,22.45395162866814,0,0,0,0.7782878295520497896573581204794179923267698875810359855,-22658.39764752357741915518705835363399151776273039178492,1.262034357895036512159600948414873694281846403622275026e-45,3,ROOT_OK
cstr,cstrfold_0000851,dev,high_triple,0.00000002872181001934068963869905070663609296963111902872645062,27.784281406064366,71.84880069330815,0,0,0,0.8443174372844690379110910225786999093986250937055917167,67252270.34532175722677236408749581303654609838992680114,6.028815707548810742924775496634178999904386972008977823e-46,3,ROOT_OK
cstr,cstrfold_0000852,dev,low_triple,0.01966437524508918110200091849105531198438827865597037985,90.76661811374107,19.969554199262163,0,0,0,0.05413735170393233711947890690201880839515869924553712733,1914.960024854139594512069508633385490465989133318522819,1.39019063328780977048162707574200586088542042310696508e-48,3,ROOT_OK
cstr,cstrfold_0000853,dev,middle_triple,0.01772670010742703668591704497100312867489787949829447006,19.412365961828446,23.065642124294985,0,0,0,0.05149949699591751148826222925499540218429593059555614232,-5470.750548463259357132594891385210821485656455321279583,5.783713136109281097385441770122649780618008389336358916e-47,3,ROOT_OK
cstr,cstrfold_0000854,dev,single,0.005507230209377285048499239906250507660229863801778086026,27.900134120233076,70.42144483961908,0,0,0,0.999999619348849439980940730785613882372865401112545833,0.00006911856102257482722320738488290524451814458252336807089,4.131736561283910716987987069968333197475752916025515164e-44,1,ROOT_OK
cstr,cstrfold_0000855,dev,high_triple,0.000002347538475912542878843846645254086123410243228401821908,89.75131803298969,20.22283203183146,0,0,0,0.9300909086831808707674158075481015331806116467893277163,273564.8139640197570309453405091484765291581364627643654,2.425342638274867058696762156182312225889343245479004058e-45,3,ROOT_OK
cstr,cstrfold_0000856,cal,single,0.0002877339262666341940939634614208137045912113842366943869,19.3060467970449,23.56900945702542,0,0,0,0.0002896201308962390420188796587936671301375802612326624005,1.013172948586034200128445487228029903183484283181646053,8.293193749151160103172273664367848603420789129628644563e-45,1,ROOT_OK
cstr,cstrfold_0000857,cal,single,0.00000001203415462532438570422774766743558569690618369162564786,28.690653630661703,77.21829819122564,0,0,0,0.00000001203416566334003824896064590506618727882819387859458666,1.00000183444926676185901619204911545728285574522916669,9.492411762194774033874345919978658568642525031473425394e-46,1,ROOT_OK
cstr,cstrfold_0000858,test,single,0.01911942165438701322271232383541055088534794317142795899,89.42934574060973,20.511795905178197,0,0,0,0.9999970325508024995456722812651674438808825218222952393,0.0001552118030126363011671479818596959551219221822746089401,2.243977637565562636602937029492825381685216629166285456e-44,1,ROOT_OK
cstr,cstrfold_0000859,test,single,0.01756726251286203028391490445684111953967856256283954282,18.586521046442307,23.327670323708702,0,0,0,0.9981565851215696781524201982469528614550473675279972759,0.1056346706553107425085612447421782401301744921775357721,6.204986441551866429550423030250659424147992373473164634e-44,1,ROOT_OK
cstr,cstrfold_0000860,dev,low_triple,0.005347876497351763028438810994998065928851319915281149189,28.017958297726597,72.47254593719929,0,0,0,0.01504889190322461925038517080366240984106188610035887686,581.027788635663248073032902921514559409793663233133694,1.177053247847453874995600140360159374265031668792675571e-47,3,ROOT_OK
cstr,cstrfold_0000861,dev,single,0.000003258607340991924625237149937116352577536054927552763694,90.79146078280172,19.650668188068988,0,0,0,0.000003258805401410273087012035542142577536595984651373582251,1.000121566880790495078581246599575574548384463224500011,5.371593751889730987988579020438335090409416071837379085e-45,1,ROOT_OK
cstr,cstrfold_0000862,dev,middle_triple,0.0003734687448266275173883760637383754027660840654995155465,19.88090735366348,21.749775551877374,0,0,0,0.7977940341266924574000777727871452213369145155281033292,-1159640.551402116065173892238247981949678476330298496995,9.162444600796720256074832679187678481188262307072770169e-47,3,ROOT_OK
cstr,cstrfold_0000863,dev,high_triple,0.00000005699238409600699596070445767487574694535222855098961151,26.134942847830402,73.05930745802635,0,0,0,0.8199754242843001378260780905897398932508071558614713065,520270732.6123947350798184678097967037885818497342125024,6.813432801927396290274243393578171436337752600525080621e-47,3,ROOT_OK
cstr,cstrfold_0000864,dev,low_triple,0.01900315307531480546478413242967233784260036472867745747,85.73675346695924,20.64105857948406,0,0,0,0.05221769231607448768629085667883379868089580869621727927,711.2989031625886765255496365963459518918228523621625294,5.084347489918939658192357163223790203631371880686186853e-48,3,ROOT_OK
cstr,cstrfold_0000865,dev,middle_triple,0.0176759085135641027119909150290179488793354084652759665,18.51712022376758,23.163562422685647,0,0,0,0.05471389915530283882363862747384498209035808090504822704,-59.16647339306949200472556782888581093673801047993444271,3.578221414757595906376057681549964402782757528034211242e-45,3,ROOT_OK
cstr,cstrfold_0000866,cal,single,0.004999705804866268325253044873453134741802761032724227523,26.116164782258128,77.66556384760393,0,0,0,0.9999993496666768646606815431367143761062945329468786418,0.0001300746495209413727749219002948703274212310434104666093,7.165710583254729763712569093968128102663768272642349749e-45,1,ROOT_OK
cstr,cstrfold_0000867,cal,high_triple,0.000002897217525715025753955068007299687988239936267585475402,90.63145783530743,19.841772730528092,0,0,0,0.9220629034928223828106037253069916693606217688500939281,1926999.070109489261241676833751189838639738445922701088,2.539604397106988068868272049490053732713469477070332406e-46,3,ROOT_OK
cstr,cstrfold_0000868,test,single,0.0002978812825149157852660331625007590612272224657445911687,19.079795807321975,23.669618940018868,0,0,0,0.0002999126442699213129200273731932892560509191060061405662,1.01370601516506248802016244340959572366474504103379358,8.334875542139563520960723634320155164705732101384816673e-45,1,ROOT_OK
cstr,cstrfold_0000869,test,single,0.00000004569536329987724718870256632318934441726331726435043683,26.913095197450147,71.1388536758575,0,0,0,0.00000004569550975513491489107455007783979976523861318438416006,1.00000641008584429102670211026646579690863840531637606,3.326688321406488689113821160268596391001925411078768341e-45,1,ROOT_OK
cstr,cstrfold_0000870,dev,single,0.01923349431725702204951916421510913853965493942559548518,90.11941371121097,20.394456161525113,0,0,0,0.9999968862421929688540131450930329261617449521945942997,0.0001618987976237960650852033967632658040083603736886163547,1.787990506149035631530462978229551046907607857600479249e-44,1,ROOT_OK
cstr,cstrfold_0000871,dev,single,0.01892535476364885225906198798573937896977460787941373568,20.03059041817087,21.639494248658895,0,0,0,0.9983847597105638486543885497378539680255556344333922496,0.08590394126568003223258177944743274651957278578872675689,3.139040534589459562917164919312746331722831411200527445e-44,1,ROOT_OK
cstr,cstrfold_0000872,dev,low_triple,0.005478548666270196365558622588329707225340426847337378154,28.529139366071675,70.72123472153952,0,0,0,0.01544966554935372636829832948948550241341220959309670006,1287.57642502592892175407343704943562415960806706339939,5.934674903309669668812887430651765018686205772529309358e-48,3,ROOT_OK
cstr,cstrfold_0000873,dev,single,0.00000126938246883034004726867522506396741228163458607958401,84.33320640945442,21.494085636266185,0,0,0,0.000001269415492879760331653109273157309771404977753136419423,1.000052032682799813229593747111567812131690632015140712,1.3441573520992440236499229489831531900605967308122756e-44,1,ROOT_OK
cstr,cstrfold_0000874,dev,middle_triple,0.0004587549016209720479949284459259302830960122099881860795,18.339555083363567,22.437361599933553,0,0,0,0.767462707092179410537564889528203572716553988517218453,-5975.646663379599938510022620664152645858162720241721706,8.364406848602513148754556839744229657448526345286937092e-45,3,ROOT_OK
cstr,cstrfold_0000875,dev,high_triple,0.00000003442298353185571456996467831044936352629432350537909372,26.654080467298595,76.43111614553015,0,0,0,0.821221239986786231266695434826492496805505105617201841,1421824511.591145958569627852158259695186959194636064781,4.947627065985263229777247229931871018301216328343793514e-47,3,ROOT_OK
cstr,cstrfold_0000876,cal,low_triple,0.01946707208284083149124692828564190148369869641091393396,90.28497279549148,20.162282172566677,0,0,0,0.05366343176225334540840119915606149230606094551270139734,13559.80312582167512462111107745712924283916058245789274,2.896835242222357825772325893692035063782341902938301176e-48,3,ROOT_OK
cstr,cstrfold_0000877,cal,middle_triple,0.01871608200793103851950706043973074713118436213874148417,18.79800762221328,21.952549690329747,0,0,0,0.05500028541128783411257671579036846187238812256312743032,-374.2630598710093279556076884318803645065533393258966155,1.062434147327723408192160399437122276157889639554469869e-45,3,ROOT_OK
cstr,cstrfold_0000878,test,single,0.005236241597167675075986218676222031161620756374555218792,27.369489660690157,74.3406323655149,0,0,0,0.9999996081538207718960693399906797177062892608182003579,0.00007483360821923128789785620814770593419967426868980477349,1.419103502591673367752506270719398352547809683596160953e-44,1,ROOT_OK
cstr,cstrfold_0000879,test,high_triple,0.000001493723849269636011176197133757686893308998272803962358,83.937878288226,21.252452783387,0,0,0,0.9273067032422961289995512856341343283355812906723689802,747142.8211149683879623975607887222786129978572227375867,1.240520610205660287166391293921839054852417135699490382e-45,3,ROOT_OK
cstr,cstrfold_0000880,dev,single,0.0004435923948570818018263925245790195885986905954192730947,18.55215974190833,22.342493066041293,0,0,0,0.0004478502250011316634364720874949590016830184812507715071,1.01933032563762419214053700445423365438786763972214502,1.561777409156646621018559767405745965706135129023281894e-44,1,ROOT_OK
cstr,cstrfold_0000881,dev,single,0.00000001857090239572279609374013896552118559625987797938030813,27.91966692337918,76.4228374436612,0,0,0,0.00000001857092840748479603789532835924480164507384800510516354,1.000002801348916672791687433488306300985659899023011104,4.476460458172373398467550038379773734923482202727370604e-45,1,ROOT_OK
cstr,cstrfold_0000882,dev,single,0.01907196755007411191173611914886954892942233063047004769,89.596030335109,20.575611285142642,0,0,0,0.9999971646551721672245410245996430560272749402837231966,0.0001486708794553104663374686558064570989124241287991671379,2.028944656174532866130245163368081246013981839337390114e-44,1,ROOT_OK
cstr,cstrfold_0000883,dev,single,0.01823909561662944585006375241507200242575144694357524892,19.568884959212312,22.444882513688405,0,0,0,0.9984097713082262936285359583389913462027946689863498159,0.08772864723551699474783196031726778552016191297697779596,4.074514054484258675407997613548152616616196118730546273e-44,1,ROOT_OK
cstr,cstrfold_0000884,dev,low_triple,0.005402985970556203214198708065052168553213859836895263611,26.710914714887803,71.86357236048934,0,0,0,0.01494745378426492136270030262609281994763554814897467539,123.2454820472154628859083291997042000267073858842861924,8.241656701333228150608535413337827387926177889707461023e-47,3,ROOT_OK
cstr,cstrfold_0000885,dev,single,0.000002786792629928684170457779660449028009237249416632786739,91.02870057790072,19.885018375314257,0,0,0,0.000002786939306481359612262174740019199844172868510039072514,1.000105269612694529783949152418254443899833256486934555,1.529432677880923744256329795700088214989165387718378154e-44,1,ROOT_OK
cstr,cstrfold_0000886,cal,middle_triple,0.0004770496782046991452247701628492128278198978700181900283,18.554667592497673,22.007631478919038,0,0,0,0.7681735447147259376807087104027988249481296213346952422,-5110.888284859460975687787958941237139947794358848546193,4.039283719260147458322160631646858742088819828033725883e-45,3,ROOT_OK
cstr,cstrfold_0000887,cal,high_triple,0.0000000188570510058927661810362902688999167076161305316523928,28.566074573044975,72.4947553965334,0,0,0,0.8402247015703730326292146338778425006403681026272733206,882091475.761540887327582323495245163940144846209544937,2.928600321276641404944705591059821776086250399669655986e-47,3,ROOT_OK
cstr,cstrfold_0000888,test,low_triple,0.01880018466735245342545405103986306544646325248988880734,88.6860694242103,20.843618305901053,0,0,0,0.05177633916582933873283058324032019953132575616126747945,2312.642597607541753741321546615165809615728010930335143,1.890626401621858864700244881873662327789626179416344536e-47,3,ROOT_OK
cstr,cstrfold_0000889,test,middle_triple,0.01755976436516660787886224717717846829578768214056740028,19.756611080531194,23.248896145370843,0,0,0,0.05093907505169454955761703108021475999294842795576186085,-6561.597340306994307238554965589492663634910382683333352,1.850478231237945809862475839618114695589628122252036918e-47,3,ROOT_OK
cstr,cstrfold_0000890,dev,single,0.005347826532094857285673346865220877496571569319816252224,26.342790172363028,72.65527462411336,0,0,0,0.9999992491529222028567876650491467304305574245492185511,0.0001404027243239764226499062735694478063642858997120249341,2.19476284134237033600896634193016889578797316451654603e-44,1,ROOT_OK
cstr,cstrfold_0000891,dev,high_triple,0.000002209759228561651510379186153620701535366510442057402665,87.7540984438145,20.417382635258953,0,0,0,0.9306639969646609568343814955653133685635178746659050229,266031.5700071868228006335475977390692298848660814337974,1.431416507278056342405342294165840127230161093877215944e-45,3,ROOT_OK
cstr,cstrfold_0000892,dev,single,0.000277741780925879262517306278257274235043137667605387377,20.16160622471538,22.794246008949532,0,0,0,0.0002794378546290251766829685321398762054310549615571903126,1.012267352760214583269060771041836701766617910214802234,7.189891810072670326074672531034013155635399575872217389e-45,1,ROOT_OK
cstr,cstrfold_0000893,dev,single,0.00000004286169643498435563013679059149008137909702450213783001,26.458916767745713,74.74937684185572,0,0,0,0.00000004286183192243560710414286078861976786482375880633042754,1.000006322090602935582558009732352501478707758620990365,1.647834713016382810222688082435170505915794623063631953e-45,1,ROOT_OK
cstr,cstrfold_0000894,dev,single,0.01927838012779622716289602993645618376267421693817587598,89.88037663363731,20.350826990045377,0,0,0,0.9999967758995481876614421270685467103046307863123804312,0.0001672459348022988609712846246076747296856960163032080938,1.47118800499412811616678611186688314806982649325650419e-44,1,ROOT_OK
cstr,cstrfold_0000895,dev,single,0.0176801034172232814844619027291081274411984919940799291,18.691225696741306,23.17867634453256,0,0,0,0.9981734124890216638724860962153580243296026811701388122,0.1040021212516500567200999041069298166986844050948609054,6.771304091794125269427641174417484467629379880497055673e-45,1,ROOT_OK
cstr,cstrfold_0000896,cal,low_triple,0.005097618018342919039309824225587979520944543021575628449,27.614328908358495,75.85830624841928,0,0,0,0.01349090235859878000275609204041833160279202183967181344,42.60620172108517737459853129897726387708000622925712523,9.920565445978158197174865473727820605236731185425609714e-47,3,ROOT_OK
cstr,cstrfold_0000897,cal,single,0.00000129872219338256400894339756303697560398055918492822176,91.54801891888368,21.065313182806825,0,0,0,0.000001298756038442933428094448071149770841611754859615488374,1.000052121564107992821109777979680712756103084492686137,9.125316528712780533681136778215546264543284010743349798e-45,1,ROOT_OK
cstr,cstrfold_0000898,test,middle_triple,0.0004006044532237697971091661585112969635620380451427386136,18.337950419188683,23.09943478181562,0,0,0,0.7807897085027726531368722815587604707221192409677597497,-87237.48897339200793045396186222570413558196376966217261,1.402804362297101036869090929274293608899328533332290172e-46,3,ROOT_OK
cstr,cstrfold_0000899,test,high_triple,0.00000002832301741400364671818661868487763354835330419807526021,27.245818845496295,75.17969179818107,0,0,0,0.8268111148696302807742689208836263315323337974267845127,22137727366.01203615416264804135610847881719835465612544,6.074374266645893268791304349026117821115013828915634243e-48,3,ROOT_OK
cstr,cstrfold_0000900,dev,low_triple,0.01970150624764551331950607562027144432700360062014166855,86.25682009810461,19.869810676471275,0,0,0,0.04973684298020900755008648551190564544772228073676184129,29.23910699493329998476065774551639154975002090802908332,4.740395230299446719373019810357903421427252381836207946e-46,3,ROOT_OK
cstr,cstrfold_0000901,dev,middle_triple,0.01768921245156807031024288078536850125384096095748850831,18.624604910109714,23.172028370031217,0,0,0,0.05156218275124910761704406288367824646325865560205655782,-4039.730400366548808328090559005431830325432581954737136,1.703925119590045594008647082925273658972887698863322059e-46,3,ROOT_OK
cstr,cstrfold_0000902,dev,single,0.005496914221399528383220382823823512916185493790919322876,27.251033108100103,70.64265102778543,0,0,0,0.999999475850961894478527239272320819516023866090117807,0.00009535354677463927220670321434700811115352953544351505661,2.278328432218654177712302009036950268671583117960177341e-44,1,ROOT_OK
cstr,cstrfold_0000903,dev,high_triple,0.000001198547050093566192694052958170170621393835440548384645,90.26093984574136,21.258854141137174,0,0,0,0.9246087315696544507309862873793711617127843459862294094,81082685.88837912119026351330172667920937138784348008613,1.732535884291915399804916964064132276241949194352215218e-47,3,ROOT_OK
cstr,cstrfold_0000904,dev,single,0.0003194793916374280099559004147723602377371967173758018899,19.909524386997617,22.41718704290515,0,0,0,0.0003216872314653720084380591632577928155490659970169281111,1.013890681303758996888190157250208393205222466152017288,1.463429256837604388984599294223777495227555902646966556e-44,1,ROOT_OK
cstr,cstrfold_0000905,dev,single,0.00000002201879865475667686945071687833789605307976608032460968,27.356782051390454,77.80781522001284,0,0,0,0.00000002201883589338936496181850449941707769037653078105388945,1.000003382444185276173638084609892437518308656564273837,4.81686775564749176480296411134313881477454561988573532e-45,1,ROOT_OK
cstr,cstrfold_0000906,cal,single,0.0189579221780606983388241687591211839800669442739571922,90.57739050868192,20.673954439133073,0,0,0,0.9999974169134792485615822079036594277108394498979873649,0.0001362581439995505571201190777267167964199038384720906714,7.288851951158629243149318270375147994729032570269274914e-45,1,ROOT_OK
cstr,cstrfold_0000907,cal,single,0.01822208195992725229882436692614595422809885993011899784,19.663342172621206,22.456145211675764,0,0,0,0.9984545373033307971880799049491207386712139021034849614,0.08532702095387148658320060630165545764517149744877322958,4.615923330715754919628077751134200085729102715622235755e-44,1,ROOT_OK
cstr,cstrfold_0000908,test,low_triple,0.005303149993401810978088941325002808253187320163602185064,26.32924134894596,73.25954328119201,0,0,0,0.01504029196644884525013138375556831460496344100792090463,17238.4661060237531021020024925925229592138029162257832,2.728679514171433337471591142453239871348199656377236114e-49,3,ROOT_OK
cstr,cstrfold_0000909,test,single,0.000001289000909361015930396946799551988529612029870193565506,85.99636715563385,21.37134204722594,0,0,0,0.000001289034758142182463197065823152206228008689773977307974,1.000052520430902742036669664388535544061687711381165664,1.674801695871365661635002728572611270127164991114498221e-44,1,ROOT_OK
cstr,cstrfold_0000910,dev,middle_triple,0.0004043253430284782119281430966157426214112222458533786993,18.949251206893603,22.342051800485258,0,0,0,0.7853319417165363270182521171305320604394002329051090348,-26994.22956933543349815474348445548680799352348636300335,4.183848598533158492256261085552635707315167225140908761e-46,3,ROOT_OK
cstr,cstrfold_0000911,dev,high_triple,0.00000003651250754245347327744232245370292028597440675979979854,26.634873675219726,75.75674975519398,0,0,0,0.8215952699236508174596454992030961144949174697544950454,1473713024.854245690544647540446577030606258744168171252,1.082844704891207101580020344641728932182806251461355402e-46,3,ROOT_OK
cstr,cstrfold_0000912,dev,low_triple,0.01969908590057557567988962359365663262478825807051439487,86.10106467497772,19.947038585637948,0,0,0,0.05352815918571280304940144926377055496960548433443580231,183.3014980519488667521898483434632697972122719759014349,2.575019023981539424834955200846437581189056196900901837e-46,3,ROOT_OK
cstr,cstrfold_0000913,dev,middle_triple,0.01785085710614709463076935481028445595055371846078757755,19.106843645663126,22.924230986941883,0,0,0,0.0537690561721459639778850676488524774666659615774463631,-97.4210339497626580538148732168032261837914692908082511,5.257091055656636013413291982369402215970698819636596976e-45,3,ROOT_OK
cstr,cstrfold_0000914,dev,single,0.005381287855930569282862677305196187370238784664906602388,26.21909887423411,72.2694060874767,0,0,0,0.9999991803229797164761491711482896705251095993618433476,0.0001523203760005724896987681882197198288071698405200357951,3.638943898664171289001779064963571778111570797439860853e-44,1,ROOT_OK
cstr,cstrfold_0000915,dev,high_triple,0.000001998634009620544197277010722592038720404406335950188703,90.70413309873983,20.42286203262532,0,0,0,0.9226148726751477385683940065549526057549174564316381711,104242902.3260710365708685893086509055154162293713810219,1.253249839535995068056467346122877981405418516278376319e-48,3,ROOT_OK
cstr,cstrfold_0000916,cal,single,0.0003726846753736359425697842381553337696032906628825160883,18.37836075173152,23.414716357586453,0,0,0,0.0003758359184040638583849718639250304591077302802201919837,1.017014401566406077495765215882527104436902616481963753,2.102883688028813295663188863241545460842161417018064591e-45,1,ROOT_OK
cstr,cstrfold_0000917,cal,single,0.00000003035902745266984725140068606049827858751647495438813974,26.74947816991314,77.50559975047258,0,0,0,0.00000003035909796586725168349807869126063047162604591591622519,1.000004645294859883906974571700247937863144355057994414,7.558856910106716867534854594647139441811988195970436053e-46,1,ROOT_OK
cstr,cstrfold_0000918,test,single,0.01934460376615571080504708435273780971878080091734326782,92.09523231431871,20.33149229908158,0,0,0,0.9999969771825184962802912172440565016765990608292442251,0.0001562675072324072818857666055031621500597318881845383312,2.279424044905490665740315322856103362611296024370964535e-44,1,ROOT_OK
cstr,cstrfold_0000919,test,single,0.01873069066553568770182991231715451266608961646244665593,19.565189657274228,21.88255608331466,0,0,0,0.9982447491101068375779918231601403675228558319472113172,0.09435301170067355243922365282860147952513754872631873826,1.431577152177686824206830251802174715162994987494297135e-44,1,ROOT_OK
cstr,cstrfold_0000920,dev,low_triple,0.005327271140519211004708951558843410077293432960571396807,27.665632857553373,72.76318237530171,0,0,0,0.0146917135791485571974087766257513410275154231288230602,115.1177936547897997781760450966051789479745901831421805,2.45657207575054797037991550855364849434944270837454276e-47,3,ROOT_OK
cstr,cstrfold_0000921,dev,single,0.000001772468080888994051494040761063082897803187964678060229,85.41835848084453,20.88069880793307,0,0,0,0.000001772530542219514475723634285503174176280847803459543678,1.00007048134345656161158502610258880029602979350416726,6.035566151329391011152578725667371349189592026354128219e-45,1,ROOT_OK
cstr,cstrfold_0000922,dev,middle_triple,0.0002745948853761646447421622772368654801852047435402281474,20.17063409909348,22.83674562887121,0,0,0,0.800270654210393200047663874958036104146864209551198807,-123326.6987052635661535537302783864434969636298946093548,6.124844736032329510521937173404371844418565011776783277e-46,3,ROOT_OK
cstr,cstrfold_0000923,dev,high_triple,0.00000002163064609937177839900901990397688823057706041014102621,28.603492047163822,70.72365129633175,0,0,0,0.8419786990893978631767791436194313278944626222131334848,664647837.0360329172525814391060451919508404807577279312,2.082996224882109940710202490103961285109733801548819942e-46,3,ROOT_OK
cstr,cstrfold_0000924,dev,low_triple,0.01919349319762892051942964958630561580929592253140530122,85.39499304792606,20.326237410374752,0,0,0,0.04744581457685202799692942688897971312875610821112261877,23.13864746330631223128708655649747768329740200968275425,3.103509910266472934946379867064460307310610578882332981e-46,3,ROOT_OK
cstr,cstrfold_0000925,dev,middle_triple,0.01830528219679116157654386352604435012720690747096712341,18.520079972701343,22.440493659268753,0,0,0,0.05346754622695742683900634728258588826511323187732320741,-1635.179997652744967952892903903264972211205401417477762,2.550706734001463577753628307769755297929699561948728414e-46,3,ROOT_OK
cstr,cstrfold_0000926,cal,single,0.005019755978126187893326175012192556687106976570299457958,26.761632761192548,77.28114015066356,0,0,0,0.9999995361450026109106629083256927552074059438140686794,0.00009240606204156546166337738169348457569658347888919380038,1.557295853190106732232782867816728818125193868316211155e-45,1,ROOT_OK
cstr,cstrfold_0000927,cal,high_triple,0.000003471432678344851326018060603262085792943505115960412808,87.91393051837339,19.681068465728025,0,0,0,0.9231432892244173846488474983243879172614445443545458037,498757.7257657602063433183212192227257162386215825985093,9.332513181151417946051606612309029873893070463317503211e-46,3,ROOT_OK
cstr,cstrfold_0000928,test,single,0.0003968779261125585912874058951172616262833097782733591159,19.756496734184367,21.597560908793056,0,0,0,0.000400161104034789401362885624049690312978713570603634093,1.016644198180741673063945896329104242557579195924164961,9.49104904752775363499516854147681297418725749420987671e-45,1,ROOT_OK
cstr,cstrfold_0000929,test,single,0.00000003915560487896212578287830913925877468499679841203907064,27.32048276151338,70.69833582854181,0,0,0,0.00000003915571173818623354823966722853377714432492541504460181,1.000005458193668742757890658742823667177804424634585326,3.583124805571512689692148055201615304990354405963593722e-45,1,ROOT_OK
cstr,cstrfold_0000930,dev,single,0.01933688390072768601516683726690084623834439736657094383,87.75437290996763,20.297758189393768,0,0,0,0.9999964159170766015068808054036244474804144538948181073,0.0001853577899235211602910923235849299594473987458696266587,4.355219279689571959636130302746223357836729157931923221e-45,1,ROOT_OK
cstr,cstrfold_0000931,dev,single,0.01897718446355314657409288519734771316169144463253671009,18.5226638522029,21.689248162785393,0,0,0,0.9975638427594699721693259480450837397713741982149057054,0.1295124687136014822549024047039065804918755294418798553,3.549471817275501507807805796005849375173601654788197119e-45,1,ROOT_OK
cstr,cstrfold_0000932,dev,low_triple,0.005141554175467958587780350962846947384408718376843537254,26.317004083290787,75.52820890230387,0,0,0,0.01451946270267937547978487112998457067253448264322110242,691.0399808883267385845646749727898726421644007310930802,2.025708530240055436344001299214098540681015504319926008e-47,3,ROOT_OK
cstr,cstrfold_0000933,dev,single,0.000001406101570031193977936227351908325470106973671527478671,86.28412118940678,21.213291397834535,0,0,0,0.000001406141535854716803938848790590932867805237973786979769,1.000056847483010049607503405729391672687104023276150947,4.34971138415582836231992559680945781452156231071057612e-46,1,ROOT_OK
cstr,cstrfold_0000934,dev,middle_triple,0.0003059033470411996688840368743891634610608031232670010151,19.145276924449185,23.45983697621355,0,0,0,0.7909618148723953640989166012502825025441223802366753849,-1937858.393744622123331948875717502332542736722040679647,1.551990339630670786714290675280213796173896066079909591e-48,3,ROOT_OK
cstr,cstrfold_0000935,dev,high_triple,0.00000001919728588701413729441267395878621756599805193990735145,28.36162928151575,73.40815673250577,0,0,0,0.8369334189739863911314051384169029911327366808992549412,10874012014.47735622303714057719674629759002543404334195,2.404277353040142638969339631607415026267779683517118044e-47,3,ROOT_OK
cstr,cstrfold_0000936,cal,low_triple,0.01823886807505260662124797843250730023370577083538040715,87.10459691722583,21.43792506544089,0,0,0,0.04818756666646163807817507736510880824257698539884698665,63.41892618112213607628434851090147392082970104905381145,3.745731021218031774983719233784616763797735600868938594e-46,3,ROOT_OK
cstr,cstrfold_0000937,cal,middle_triple,0.01762698063939919984527872514648591338321962654844663176,19.704542877174934,23.168427527844887,0,0,0,0.05112968255775158380798409064646854060928188465793907803,-17515.37413420706202836227893320276737519490571044521472,2.398388010210464569303968605970511585746133640251171508e-47,3,ROOT_OK
cstr,cstrfold_0000938,test,single,0.005488802264251371909544683375734643982450592172583338814,26.650742080758185,70.81008586017659,0,0,0,0.9999992900184692306447909732880532305308962306504155455,0.0001293512976998626981796425666803126992372713652762016228,4.745522636231413212543564149689084797576697867032020598e-44,1,ROOT_OK
cstr,cstrfold_0000939,test,high_triple,0.000003034663603623745079969006170324471726463947212000189481,84.79749431240094,20.045810796305396,0,0,0,0.91969692880521680653974486704117276785954349294857733,22249851.98016893827605391764675065053395891496276934036,1.219514990627042409196482677622415819839743120480815119e-47,3,ROOT_OK
cstr,cstrfold_0000940,dev,single,0.0003162066492554755267963845984910590192090957513193139954,19.407054630479124,22.99885457917156,0,0,0,0.0003184285776565755496090889208134393875603146128015764894,1.014125130205831431230097405350461748488687234759066748,7.645323990349177941585667246295989758210589097117662931e-45,1,ROOT_OK
cstr,cstrfold_0000941,dev,single,0.00000002387373962585723577276013388714084786999309919210948187,28.167019535110267,71.8974795358748,0,0,0,0.00000002387378003436173198940992547696384368265493187338944536,1.000003385188510378256025941762805437441445747221533398,5.27969326977192492936233142248147726655810152709964773e-45,1,ROOT_OK
cstr,cstrfold_0000942,dev,single,0.01933451375605553788281188168067174446127722651207594566,85.31158197849022,20.307289310878094,0,0,0,0.9999961092376934482730155872752878994869686515787557557,0.0002012436304993726078320840343602343407560986026502621619,7.563558797166570170947568514676779392698671163308518234e-45,1,ROOT_OK
cstr,cstrfold_0000943,dev,single,0.01717837404728344903884216553581039927846611782577528845,19.675004034176613,23.744988963781136,0,0,0,0.9987575879624320764629839197859994236692155467318162816,0.07267460826714178306966887846571675158004657788204454209,4.89840800946839768462946882439102881511925611850920835e-44,1,ROOT_OK
cstr,cstrfold_0000944,dev,low_triple,0.005099213592403917198440310971870145475051796742873039712,28.08619195612274,75.94487338586141,0,0,0,0.01431071498223491970110226394371338412571800214997088722,391.8060672781907389939569948670656754848521160854319279,2.621352079696026653939896888484428915749614506452738124e-47,3,ROOT_OK
cstr,cstrfold_0000945,dev,single,0.000002494430350937180288329346387268431274917100625577509421,85.66758557360765,20.316834468848203,0,0,0,0.000002494550552417226748299875232963404300182493670426608065,1.000096379346115958725721033168414881919862101821398729,9.782658069897082308971090860835527343094093352164754343e-45,1,ROOT_OK
cstr,cstrfold_0000946,cal,middle_triple,0.0003009971504810876981544486186474011046609690472203890357,19.384519569842155,23.259598632285563,0,0,0,0.7934614945180282436472919405330138277896638936870119794,-1760636.5393394634177492832680514238712242458108546501,3.351246544592179949764182303409872778332405772482610148e-47,3,ROOT_OK
cstr,cstrfold_0000947,cal,high_triple,0.00000004774418485648675729733901221849173641631775435863818854,26.810616473767418,71.19378828818593,0,0,0,0.8271576071222431237970559804852785800331011273660116149,785729550.2033054870172997261945469720430674275901160817,3.656424946341836358115520124729410618613077202489181807e-47,3,ROOT_OK
cstr,cstrfold_0000948,test,low_triple,0.02011742929256071176947607753815086120987626548782558696,87.22154685210258,19.551818024521953,0,0,0,0.05469812226868832609918105260891044002850516975367872884,191.9287167034449798615628176256614097605465374980539732,1.432159476556391017864379050815100584939969158029356944e-46,3,ROOT_OK
cstr,cstrfold_0000949,test,middle_triple,0.01794521482304493343749597526263006920634938655377044417,19.761613194045413,22.77456711241555,0,0,0,0.05217026376450437491340677449510982526626636628142478704,-1343.496896813770372720117169591078216511324181203552107,2.937989908713649918322771384001569701584856301058612846e-46,3,ROOT_OK
cstr,cstrfold_0000950,dev,single,0.005484670284195147481444665274395221974249419219476993481,26.82742035543274,70.81638959266714,0,0,0,0.9999993529517463642403314681008228628499175436163865539,0.0001179742882476198730732512737928440507946245907782092207,6.09848765799450163669396982037876153130187342331693543e-44,1,ROOT_OK
cstr,cstrfold_0000951,dev,high_triple,0.000001037498760468823695446489149089729676146803083743140319,92.62171671185139,21.370699048476396,0,0,0,0.9255605333012287830637190031258028810765108323346448739,311939642.2637101532150950130032796788127760151844423329,3.836736015099341133704916581052047555698886382839271731e-48,3,ROOT_OK
cstr,cstrfold_0000952,dev,single,0.000366482477604852177013901825024931507335269915575257166,19.149856160331588,22.58513459700794,0,0,0,0.000369415077293074443357060025450889863944485973701047274,1.016096725268410778438442560151999242711611439545663759,3.405625866068746308296711116277344114217206400970437293e-46,1,ROOT_OK
cstr,cstrfold_0000953,dev,single,0.00000001827049877552035309298672176381927312094408732297701209,28.126800511767552,75.35177841278568,0,0,0,0.00000001827052359502052810967682770001235189835764357967609998,1.00000271689625443109982768595019457351303299319050703,4.559004567672864215346598044782011454934534367175915588e-45,1,ROOT_OK
cstr,cstrfold_0000954,dev,single,0.01952195881752827443144865096253673046309596065787848046,86.54459268549223,20.119066549338605,0,0,0,0.9999958313165443005702134196831595504713487583750943051,0.0002135490756816860561604883484414905372154775306939183828,2.487905521110266472366281791243787739202895411409021946e-45,1,ROOT_OK
cstr,cstrfold_0000955,dev,single,0.01724034228890487661888689122018253142876053215541881038,18.785805852901408,23.731258458821692,0,0,0,0.9983697549231735156176046819893086711253238363696983891,0.09512433514326368502870367257240670368475428654306793591,2.651557457839323526494034176482867795419921070468614568e-44,1,ROOT_OK
cstr,cstrfold_0000956,cal,low_triple,0.005123011700867054035946171783489440631351487591722051397,26.533388806833177,75.43629815451169,0,0,0,0.01319689812981693379915409062782650406249712276589806876,29.09145352313040657798123863786756421031134694483521261,3.085491537982154149975258525435776965078559442623349716e-47,3,ROOT_OK
cstr,cstrfold_0000957,cal,single,0.00000254775818759485007216015507180110030140673733574323689,88.02819869137264,20.164945891808262,0,0,0,0.00000254788259766176971233937650448696149401222362779771014,1.000097665925775218092311519371916853174827864079815941,3.765760968492442606454367613956810912293869504818533289e-45,1,ROOT_OK
cstr,cstrfold_0000958,test,middle_triple,0.0004866251200084619123643987490041273114677937735492403921,18.672245787382572,21.770716402195756,0,0,0,0.7848626190739260815973303381829754918691824611696260093,-150803.8906517914713612760160275856608626644004084797808,4.07637889799468303241580671632359282232067753619485577e-46,3,ROOT_OK
cstr,cstrfold_0000959,test,high_triple,0.00000002807031731573114890314420159575614040620240948953144874,27.416593107436,74.34379483161514,0,0,0,0.8476060224855257569391581671483071822240747006398125643,39221184.39609488325762221273239774798508019340776996126,3.146093703515408530486812889804446173768656865484227996e-45,3,ROOT_OK
cstr,cstrfold_0000960,dev,low_triple,0.01954074499467295763360417541830347993176700693910146096,89.23405016166677,20.092705887097186,0,0,0,0.05350146095251467282070547759759272769788022582149218775,392.4586485830172302260376625340754837504024450394552099,1.251448821378995841769248545541231849753600758980858888e-47,3,ROOT_OK
cstr,cstrfold_0000961,dev,middle_triple,0.01833742447255794607447852068928464709854344909407744061,18.945866023658446,22.35813337113076,0,0,0,0.05539831366191028839633911259940029410364656890153907395,-92.64755855356513538116408598165738303331780384224300267,1.886512775617317389158003312938101933928582422387779615e-45,3,ROOT_OK
cstr,cstrfold_0000962,dev,single,0.005189631259122134067949020083946795017663668163430442599,28.029743274859637,74.69121458380408,0,0,0,0.9999997287156162670836931141904633528661344389602579078,0.00005227437285819350848489863531092926657657756739903186409,1.732337611300535712346525319394671174491349230955886736e-44,1,ROOT_OK
cstr,cstrfold_0000963,dev,high_triple,0.00000161051541243075886873242546895864533720981090982762496,87.84468293730426,20.909396300489593,0,0,0,0.9247146709085913961304434790368469408630011978874250793,1949874.41294910981541880862531935379577680862361328595,1.840946161882508829209222420689900345780057377149316645e-46,3,ROOT_OK
cstr,cstrfold_0000964,dev,single,0.0004878415456210644099364596693178362390592020959692798235,18.426905142788,22.025960748159825,0,0,0,0.0004929206795571439182908706197036156356720374360196424187,1.02097971035936419053538143241143648741302830173874429,7.572130944441702424951146218963572029864555732931724595e-45,1,ROOT_OK
cstr,cstrfold_0000965,dev,single,0.00000003697654923933087957236077798208411105579624153165499205,27.2639431370275,71.70752535241665,0,0,0,0.00000003697664591563880616732437740953750193029106637100599728,1.000005229070570825322181415118342951966239968658295297,3.455945310947024474945827852875050117832999063640746536e-45,1,ROOT_OK
cstr,cstrfold_0000966,cal,single,0.01835037645090146586405446108809688077306636861768377699,88.66293510482049,21.32815620899788,0,0,0,0.9999981388691310193825801061474386695052182186695437345,0.0001014243721443265825299028452089051421489179378786304049,1.291692148954596901908929549134991416320928624155420494e-44,1,ROOT_OK
cstr,cstrfold_0000967,cal,single,0.01811277488802182100417906092654478839866622286601325579,19.63538594000803,22.583924273401273,0,0,0,0.9984757960395673307425691460983251759608080978072704829,0.08465286473376074500869504034758371126656671213918959362,4.710452690890830846036142200433225343025913026409031787e-44,1,ROOT_OK
cstr,cstrfold_0000968,test,low_triple,0.0051420121399350763081035266753651568889779499980989957,27.209193389958056,75.4188203495291,0,0,0,0.01455697781487685998282222140798537889722225157344218426,6892.09619196362052122202831032803106543464652894023516,1.792245706892458582449580056553818568956518325173969895e-48,3,ROOT_OK
cstr,cstrfold_0000969,test,single,0.000002566890471205030537987521002557554766577050289020393953,89.53520209284049,20.081750372912577,0,0,0,0.000002567016208612928567635173618522142692699823257907098599,1.000097972224743112321882717505308604901340982652936221,1.857737072702057403092412204222308795288504163295384955e-45,1,ROOT_OK
cstr,cstrfold_0000970,dev,middle_triple,0.0002846310427245279335660979430301675291748518921624699409,19.407906270782572,23.50232888713759,0,0,0,0.7937010515099796089573331516923522184107003044755485538,-1018594.366990887299368542676955057400730063123867801572,9.912109640611164154353045625853691106519444243030173202e-47,3,ROOT_OK
cstr,cstrfold_0000971,dev,high_triple,0.0000000633134287884386097936657347335670185497905786630175758,26.113732049737607,71.81840902246292,0,0,0,0.8203150513241551325196238920864859307074038532719888485,1551165402.305338524979981561895180625023615633705038033,2.79741969513743154009538592401050646211813951112371349e-47,3,ROOT_OK
cstr,cstrfold_0000972,dev,low_triple,0.01988082281114432922400994963610273359503929293815356827,88.99300872715312,19.768638624131135,0,0,0,0.05475733086221003303677553132645576621925077615117386047,2098.615776634270750404051254843310624102053419180567518,1.655023572326108339000923570438596045225665673830856189e-47,3,ROOT_OK
cstr,cstrfold_0000973,dev,middle_triple,0.01859229645761499313429763677431540316629723017523884247,18.557764792102358,22.10690463318554,0,0,0,0.05516023812991197797467962078220290272812051909135287416,-193.8701906543486491672550442855444580752738060647929935,3.616982322578976782717718041170098262794398458802025445e-45,3,ROOT_OK
cstr,cstrfold_0000974,dev,single,0.005460700080612674677587449122125804217111031402716583791,26.399561507867265,71.51776492688487,0,0,0,0.9999992260627398581740483256737945324444232494296581674,0.000141729039063489928951995993655300828411483439540521237,3.213508659427329984351003576754630279087146906261915494e-44,1,ROOT_OK
cstr,cstrfold_0000975,dev,high_triple,0.00000245242578946667883617743048617656650674305289453049454,86.75680002299013,20.289903679162915,0,0,0,0.9240336268037566071224873282239403156613129281962987906,774562.6095135414908455223164353265702283817167756397637,4.237669123296639493031926868822262563025173609187895077e-46,3,ROOT_OK
cstr,cstrfold_0000976,cal,single,0.0003302559273030066128105537363515419170089670424817507421,18.689252613081926,23.635590394129288,0,0,0,0.0003327516974928541409711317438210657404279476905382809648,1.015196744565193063886576866143176100307499394495970463,5.830721431706883005240415922385588751553266097184231326e-45,1,ROOT_OK
cstr,cstrfold_0000977,cal,single,0.00000002725594356890792521364616821998261379146200505955931793,27.854162857736025,72.03875343434363,0,0,0,0.00000002725599634278546577390175027892382041526902741976037485,1.000003872472963764889727376041307694605551817627074219,1.105596424485581821335809162383138425591992946201322823e-45,1,ROOT_OK
cstr,cstrfold_0000978,test,single,0.01884895923887861855169704212849670879033542570040061263,84.48924518044433,20.891487765688343,0,0,0,0.9999971791315481699748865100579872105238394770633985796,0.0001496617039921516147342743140405080605685212255258373599,2.857208985526704587086707978764318399205854460605074629e-46,1,ROOT_OK
cstr,cstrfold_0000979,test,single,0.01728838420804798587706346779568905898741080954633100316,20.185112805163588,23.578470985041754,0,0,0,0.9989005868952281142541614706791320209255342942708568111,0.0638749481171830678264496315795854730303520577657822725,5.974144150462442394000113272707579141200946172576228173e-44,1,ROOT_OK
cstr,cstrfold_0000980,dev,low_triple,0.00499724893225372030507579850335026596460167247153557316,28.45360066743547,77.43511544476618,0,0,0,0.01409514334712445645813098316680315815514923997505063114,1417.500584610300374418907139442829800931842601142621701,7.688954614660234907013318853279550313681275797927640161e-48,3,ROOT_OK
cstr,cstrfold_0000981,dev,single,0.000002298850622589875842671984383926804859542271705734536812,92.51828281510338,20.120896559917313,0,0,0,0.000002298951677666972663587724670319221891425395039623931404,1.000087920788125554842199544240891184461473168103199176,1.085470314842802612847192999828417849314032508521730691e-44,1,ROOT_OK
cstr,cstrfold_0000982,dev,middle_triple,0.0003395482999847498159123755562665921854433328547029670217,19.011948274543634,23.107220904276105,0,0,0,0.7894680726128658846922950996398687108870377683655103326,-2141582.860871528954494807212498665265776757717723871243,2.791077806411512862038375357335470626928909796459409283e-47,3,ROOT_OK
cstr,cstrfold_0000983,dev,high_triple,0.00000002477588999567710915134355457665546987370471365472124175,28.255557778929788,71.08275278824114,0,0,0,0.8554642264055629388921280240123249435486015090032743897,43241699.49721764910639926531870377792558366451049888029,4.470682853490032782775961567295548422785933263528742088e-45,3,ROOT_OK
cstr,cstrfold_0000984,dev,low_triple,0.01880044577353460264927728623889859040009450342817115617,91.31230234312179,20.835984648861857,0,0,0,0.05167766271828997399523208161582253270173044952618382127,1021.546325855292448164949346577610020269867792892508485,4.440071403832569489470514785256372977396916433532124595e-47,3,ROOT_OK
cstr,cstrfold_0000985,dev,middle_triple,0.0171082907593690821009718630679495560943401433549498112,19.660464033546326,23.815101334010656,0,0,0,0.05209672314338958900752495789995400192048714850574011378,-71.13703768469977040001754160661731521733115568614263679,5.039447939273812251258402844437328210174225166481955074e-45,3,ROOT_OK
cstr,cstrfold_0000986,cal,single,0.005378216213236054754690389667907884714667684096361819986,28.266287885360914,72.04639989708708,0,0,0,0.9999997164743005729857541568842287175198595259437050991,0.00005271749361810101733527028570778788648873881137692170108,4.37665085780133667936861266663826453280286543592172733e-44,1,ROOT_OK
cstr,cstrfold_0000987,cal,high_triple,0.000003156991538888701356077618908068616897860923662023052944,84.83186017408771,19.980399338357643,0,0,0,0.9194714228785443976717926317578458272510176330371711647,57728724.77767821071446381943860958861367729923906083453,9.747056716065693445137341734353920728740668677524013577e-48,3,ROOT_OK
cstr,cstrfold_0000988,test,single,0.0004189787793483279320714263087378911492868244227237169181,18.954522776893526,22.16813133992697,0,0,0,0.0004227429156160816624379156874724916489734477312525771515,1.018084978608270129383098343467350776433210094759622286,9.675172355901418950773398840507992054855865311951718065e-45,1,ROOT_OK
cstr,cstrfold_0000989,test,single,0.00000002233097024548202926363432953871904947986031120274839697,28.18741559180205,72.56550689961179,0,0,0,0.0000000223310059332965612435914789873487279975200678408121115,1.000003196265623222686505947863724777141565304246923236,6.820027556649635240626078224803515874501405642859145056e-46,1,ROOT_OK
cstr,cstrfold_0000990,dev,single,0.01878844376597658427153843086904832790155600846122757176,90.2961602815681,20.867723642621474,0,0,0,0.9999976844986228664891616922740726778882785853811042373,0.0001232443658926595193971134774163335671127612139376808823,1.889862265743553490984681089778891206651402332154464014e-44,1,ROOT_OK
cstr,cstrfold_0000991,dev,single,0.01780883262582832417795547017866694970716299837051056116,19.465742576398327,22.963199391612775,0,0,0,0.9984985737968360612270153715256923886703746144257441562,0.08479681148277740979380308637932311619104540122920052933,5.820047261853832378605607822857971333148066830129731566e-44,1,ROOT_OK
cstr,cstrfold_0000992,dev,low_triple,0.005064752186888044229412426720667478526617960536469484569,26.807060250594066,76.54328302546735,0,0,0,0.01379760241315866608196701952299664445619301787461599023,74.79959733869555315969098294170213448534446482977872191,5.99570356985175032536597415148546518299204798123757871e-47,3,ROOT_OK
cstr,cstrfold_0000993,dev,single,0.000001537005204711862176567887003529225734447948291495780284,89.34553692428226,20.906781428158915,0,0,0,0.000001537052234332566253701004101358142766576754954469591888,1.000061197828158581691661997648873418884804279289611285,9.883472394806308152702063104563000148886972694243062392e-45,1,ROOT_OK
cstr,cstrfold_0000994,dev,middle_triple,0.000424151526139572638309945508022235400626276787986663682,18.854355743680845,22.219593453673635,0,0,0,0.7851931931499088310563174798022110110029107245076275134,-36188.24328807268675607045017049445123503658073882952323,2.889295809580063016099449516321150453998265364879930821e-45,3,ROOT_OK
cstr,cstrfold_0000995,dev,high_triple,0.00000001963866332220291671452737489170534458026108536760206935,28.57729557124665,71.98419904740702,0,0,0,0.848054723538899044572683484233266622091670323774176687,115252450.615740310688355701708263187125253268362418035,1.958883339336468737869255641341721320628736339644677541e-45,3,ROOT_OK
cstr,cstrfold_0000996,cal,low_triple,0.01905318532506404433147377778618155795385529727152336276,86.46127082869876,20.5876677497134,0,0,0,0.05252682367919115256120542494390549832861243135818340593,4704.657942610613197269656041819797926111694596512816556,5.97904044559338802619105163912245840661451930333806187e-48,3,ROOT_OK
cstr,cstrfold_0000997,cal,middle_triple,0.01769761376558161727329185859323529834633118807364030248,18.351684526865466,23.18370775296952,0,0,0,0.05164877675031574903084717606769973031442453401569744443,-3867.092811972776044120814421408477383593845474381140823,8.18258950404157850974015844976559577060211139898959272e-47,3,ROOT_OK
cstr,cstrfold_0000998,test,single,0.005395512284242321241677541016237706402516966683721019625,28.35889814409648,71.9339561673857,0,0,0,0.999999728124459990494965993235494140456664917968545681,0.00005038926368663615767435935267152569368214149380271976705,5.524479963251682571046836923178422484666758441945094842e-44,1,ROOT_OK
cstr,cstrfold_0000999,test,high_triple,0.000001141105215079071663113056320401043291869711959667818005,92.1413277122426,21.244844739781822,0,0,0,0.9287115721198794448108580005863494491527356384821726875,1265757.824316394735979054077960207096852816434404193334,3.444274202557665292412829772651204374364506050763211172e-46,3,ROOT_OK
cstr,cstrfold_0001000,dev,single,0.0004250892690445434457502664394272124296263109277937009141,18.389622560989604,22.740181894538612,0,0,0,0.0004290708270128983414089582719430873286047769672482398059,1.018859678284403036268036730748087136377725178417139319,9.760576420422596738350354176430729753159398167449505503e-45,1,ROOT_OK
cstr,cstrfold_0001001,dev,single,0.00000001956311255073636420677868641077060783764514188104463469,28.529881668747166,72.26098775938513,0,0,0,0.00000001956313982346750835361733300102127485305047234396956596,1.000002788181982992156861059477633485100916425174887338,9.336264044947120478877871672542556911246052369224692563e-46,1,ROOT_OK
cstr,cstrfold_0001002,dev,single,0.01867698566094245564743259124986509169178379746942752358,91.85320569003903,20.965234770349657,0,0,0,0.999997931612212739618475408633159552468734272988767297,0.0001107482226308654696914515089413609845081427139706056687,1.999352871013549826224109249456541255196025984084283349e-44,1,ROOT_OK
cstr,cstrfold_0001003,dev,single,0.01772399938907682345665737887224753547641887826203006961,19.522009858383548,23.061063239179347,0,0,0,0.9985465348268040435556671698040688437573250420648999738,0.08246731604516739377458019632377816847481566225575774925,4.534198952633755242634837056063160049804878908951897215e-44,1,ROOT_OK
cstr,cstrfold_0001004,dev,low_triple,0.005134567697388640409331660174873623455136942605312347761,28.06249440674623,75.43227593734746,0,0,0,0.01441882412389159982157013386251885796117766923177323473,423.2469146845670040439423334470459140307388060381083309,2.875160037001269787311161664049443922119438346236428333e-47,3,ROOT_OK
cstr,cstrfold_0001005,dev,single,0.000001449796904414986717980667023214431797708372938475408805,89.8163702660391,20.976552301905716,0,0,0,0.000001449838895159052736170682100548166701940629559399095277,1.000057927628159060248754724719183869776815683590762668,1.361736977832686078693241995387422276409895893022695789e-44,1,ROOT_OK
cstr,cstrfold_0001006,cal,middle_triple,0.0003072484453512810895213805735067769753638137958858564413,19.614800083578317,22.90575401939923,0,0,0,0.7957252433698118569914693808457112952335037737872442324,-1493425.703686168292217532206419619028035411809806305407,4.515144719512351484100755728141851364720936248320060186e-47,3,ROOT_OK
cstr,cstrfold_0001007,cal,high_triple,0.00000002698073859119971740021644744396347874205120939365990149,27.43104498904021,74.65488023165493,0,0,0,0.8287657805067707058370010488377802903760665090772372873,14145165339.24983516721222237370799405243083412828159542,1.726291094401914943881393976364703498043214165487805366e-47,3,ROOT_OK
cstr,cstrfold_0001008,test,low_triple,0.0187942112299391335641016047736580002902797116478960159,90.4317606667561,20.845011523466194,0,0,0,0.051796351125102897430566594014361674279140359395036567,10704.80945445586639178571750543852162948656489482770805,2.533625238234168248955302348864690767221398015749860283e-49,3,ROOT_OK
cstr,cstrfold_0001009,test,middle_triple,0.01793865708262060261387975651625366608528468677358523365,19.913746712346263,22.770617208022436,0,0,0,0.05264765114052933663866489613061677266403950686878321529,-267.586907035731586154283652741630525443656655278060609,1.663557658441708012076754825983751816857009718802321652e-45,3,ROOT_OK
cstr,cstrfold_0001010,dev,single,0.005149016952825891363388417893647135912740436520039049423,26.788676517204376,75.40807676022231,0,0,0,0.9999994944660748523393004761832830043838407129637608734,0.00009818087576660192814959787542176514405957268382196959193,4.074205529977046898593517682533075474636428047586308824e-44,1,ROOT_OK
cstr,cstrfold_0001011,dev,high_triple,0.000001297831823752482871181125803033713485196193845590337629,88.05208442280082,21.259908234630053,0,0,0,0.9330779993471232830119718623734603537015166712916042039,415641.1897322712587332507740219532253329191049210076755,2.806397635699739477696777229366357908240055879416484439e-45,3,ROOT_OK
cstr,cstrfold_0001012,dev,single,0.0003111506564675785199469734207274762724547809416394812001,20.085693224354674,22.35648189450303,0,0,0,0.0003132383493185163588802827187107263274676203540148349028,1.013484418000512081462136899005931087129426887496740711,8.499185329704884357664771784177710326829867983599545424e-45,1,ROOT_OK
cstr,cstrfold_0001013,dev,single,0.00000003786320050177015049251098429470773011036173654587401368,26.950441268268087,73.26235481793175,0,0,0,0.00000003786330409908267682323806473021906315430700441171826562,1.000005472200887611500835280467087308211570940987853668,2.331524563387219343658867587071598357955864796611757499e-45,1,ROOT_OK
cstr,cstrfold_0001014,dev,single,0.01829064512425104803673800238313730449781497219376099161,87.46757330514166,21.398975399795415,0,0,0,0.9999981333600987987705523180001581789933843588567896177,0.0001020567910894011440767169853979491575500813536631179001,1.283734580815950760520765306063372685565645465554886493e-44,1,ROOT_OK
cstr,cstrfold_0001015,dev,single,0.01870231329009428539056928748167760244411951250487507722,19.209299244003766,21.939386274751623,0,0,0,0.9980801597486195330188952011058676743210267970193628583,0.1034047629799219413463702152317509045914877952607794352,5.613685498252927001550300911541038998227083906544247965e-44,1,ROOT_OK
cstr,cstrfold_0001016,cal,low_triple,0.005190843750794341125897987663181967622647653652148141299,28.26824298664669,74.60672580459605,0,0,0,0.01464233451667340975231270640495193011619418322452675741,1269.666589138156627460639670063407924184209459174941049,1.0966956579038082159091893183099331051362832594797855e-47,3,ROOT_OK
cstr,cstrfold_0001017,cal,single,0.000003332786798090724544533236226024769856215517496418674258,89.58752076246589,19.668054083411953,0,0,0,0.000003332994172076243008839389015493571326835344479135928278,1.000124450549460349739823200894350615004897294042810423,1.153070187944614238214634261272732522253912517605108347e-44,1,ROOT_OK
cstr,cstrfold_0001018,test,middle_triple,0.0004324616934792273395338557735283270545479894509285403675,18.889105851472987,22.090251622680505,0,0,0,0.7878046350822596501315755659040400400236631446874541099,-1060476.297743816696131076760688393367407694275838923198,6.389065492740164772243972023861625495292117052648274382e-47,3,ROOT_OK
cstr,cstrfold_0001019,test,high_triple,0.00000004289232656057572372047239220200071054976262124966184739,26.34819471274759,75.55471096373965,0,0,0,0.8348384451547754446405219093131468398270269395895764634,33629027.18680250351856629224033163442010365837190020303,4.195629560870244258910304884025242940834033059016803887e-45,3,ROOT_OK
cstr,cstrfold_0001020,dev,low_triple,0.01822737093895133206591731291883435284469108130378939532,92.27058783728923,21.452651407032526,0,0,0,0.04953136875743569615841467891348215839938457711081840804,199.9547377052514785602906222673524131475747368477880993,1.717015596319869388061384276922263526599180203084344347e-46,3,ROOT_OK
cstr,cstrfold_0001021,dev,middle_triple,0.01821670150589771959887790876745144389943422198354385022,19.791212952045512,22.450515565427498,0,0,0,0.05315762910427715442370626322870268963351397249178302397,-541.1269351030507836896821151884011062382529943950279699,7.469211326981071441623814259845507689324858214783771839e-46,3,ROOT_OK
cstr,cstrfold_0001022,dev,single,0.00505687131918658394324002235732143063379579267250615049,27.76868638514826,76.60790442488099,0,0,0,0.9999997215442167729234275920282205850841085186071930901,0.00005506490249424480608905365905510130064848796146332770514,3.741657648452162189151402713023902691004861488561120911e-44,1,ROOT_OK
cstr,cstrfold_0001023,dev,high_triple,0.000003711331587337508549384100472387605551033186937574621972,86.81882167128704,19.624977991638318,0,0,0,0.9208809045913474395401753457801701395809989489730285472,961881.6418895633934651205214937620477361611474104197647,4.679144293114494051590985232241416128360589272713470095e-46,3,ROOT_OK
cstr,cstrfold_0001024,dev,single,0.0004599840068233185176728974095620730214299593784539223784,18.31544033780927,22.43950886774706,0,0,0,0.0004645857615436688445595383530804229055476938196602105479,1.020153070493954677499095829885365042713034622976437402,2.388170929392093032017911921084507749187253324599530575e-45,1,ROOT_OK
cstr,cstrfold_0001025,dev,single,0.0000000416017251745529963189041646622772449632579465272616337,26.220803799913458,76.77807773875116,0,0,0,0.00000004160185632454415649168890915736696863379836400226406976,1.00000630504108125069520460112100916234225001791137276,1.865987760576017903874283941773256047079290010659914074e-45,1,ROOT_OK
cstr,cstrfold_0001026,cal,single,0.01996520164628764676751192579514670047806619350761465376,87.2495296698666,19.736214093945115,0,0,0,0.9999948758500832231382591957212765820951360797977212575,0.0002566700013253871356668235360069215652315352033664407631,8.32077778758784647838993699547213190593928237211875925e-45,1,ROOT_OK
cstr,cstrfold_0001027,cal,single,0.01819730298102603933566328446606541173299813473006499183,18.4249340554523,22.574122728696448,0,0,0,0.997824624314437408117622502398405875703804671517638037,0.1204789300061078556498088334052400728921564967745915572,7.064007897786432625557662514550023579799680664378778111e-44,1,ROOT_OK
cstr,cstrfold_0001028,test,low_triple,0.005139218323738837107005274481102745704440558132389919481,27.787660964948618,75.39546845127572,0,0,0,0.01449057985632167904321490352621731863782879487870265476,860.8265337462098974481730081804358615278661392466864188,5.835205010761753058333219065802763927079380956354390665e-48,3,ROOT_OK
cstr,cstrfold_0001029,test,single,0.000001907386419789634010132377242612244499110536077193274096,91.04412512223819,20.480832694765482,0,0,0,0.00000190745729736927614959940550638730186057715822752648118,1.000074321109301052329884629823354667048882977554514588,1.860293748710972939433416886105964609932397429159939942e-44,1,ROOT_OK
cstr,cstrfold_0001030,dev,middle_triple,0.0003750376800342973700228631833198733779797763105319558823,18.344305728356126,23.425970256262485,0,0,0,0.7813033837441239696354211460803312375953582007711339899,-154018.3558549054231147536287918866036588431675200152087,9.388803679984924625738301159940885295298977148996090136e-47,3,ROOT_OK
cstr,cstrfold_0001031,dev,high_triple,0.00000003869672837986207341902099889379404252376592686999132915,27.119711003320447,71.98582637958216,0,0,0,0.8284368588487660207490939237553843536664488056499524477,17199771654.77791181398350934484573629910070114936305749,6.715941414556103633769602316800341991027149921607601562e-48,3,ROOT_OK
cstr,cstrfold_0001032,dev,low_triple,0.01934847565348369925360872289952898495206834971633348531,85.40071871081717,20.29206329324813,0,0,0,0.05281540963454970659703690880540805210124398079289008559,261.7622307333383302976159601531582136087949233653881641,1.504130490537500134383538242241130195098106086050480063e-46,3,ROOT_OK
cstr,cstrfold_0001033,dev,middle_triple,0.01777199040895662421158496933817202777815228361262923595,19.697708703611045,22.989530487279545,0,0,0,0.05156704882663954940730189481285227909508836165397720312,-8191.178516696534786286041935986102655175763268403639839,6.963736010978550211488596608628247176693748362962352414e-47,3,ROOT_OK
cstr,cstrfold_0001034,dev,single,0.005452079329762680026934955771696881263134140492255627143,26.301575283176042,71.29177289732661,0,0,0,0.9999991697124898117682254350459982979056231817036277651,0.0001522887581425603697603119024108907843422653781908882093,1.963303862216738543224469327733012848705936224575043384e-44,1,ROOT_OK
cstr,cstrfold_0001035,dev,high_triple,0.000002534113011933339715037099336906429841854974203830044504,90.0486594800962,20.0783833706391,0,0,0,0.9214872356219055195677179625728950562732719682436986282,81648382.34006517967281343961956871158622085326703543641,5.609117970646713919964812353880923258604952622571738551e-48,3,ROOT_OK
cstr,cstrfold_0001036,cal,single,0.0003208153928742567918165717718156070706376131108166155131,20.025331053826918,22.282619051348913,0,0,0,0.0003230277053896561678396081352866838449160391522967359411,1.013860722325353135227063519472737210831735191097815175,1.574096038183319228864608590093658056744789211719315387e-44,1,ROOT_OK
cstr,cstrfold_0001037,cal,single,0.00000001850620297080151896481645361485217195390708423458943165,28.28805294489903,74.26951865043993,0,0,0,0.00000001850622806416297624107588364527392925174200944127637763,1.000002711889240191322643546428494088735525080406337021,4.851854621689523196267161617171696278885218230840106195e-45,1,ROOT_OK
cstr,cstrfold_0001038,test,single,0.01992170956961389329113153945910984897777769376396741937,89.10795194442096,19.729997712475956,0,0,0,0.9999951540425046351845414292487521625761614771781270398,0.0002432644940344619271967070296274943320822160011662601955,1.709140921156571883999435065732618556597754758723067401e-44,1,ROOT_OK
cstr,cstrfold_0001039,test,single,0.01806868440599999143653847594718487457387417225076001278,18.96771221470385,22.690385833988994,0,0,0,0.9981838724760510275328992537377410359847017255991252965,0.1011945571936554718266391462752721457107965128115985648,6.936208179491936765963938843566636962389383566737111452e-44,1,ROOT_OK
cstr,cstrfold_0001040,dev,low_triple,0.005223231621251637870151386516549324715205927421156979758,28.60645923319676,74.11702883930656,0,0,0,0.01473342087946349049424436894419616057964340964254590571,1580.801825392390460517116926878513648873405183939161951,5.521788696976506161145750810863454143589456689851000308e-48,3,ROOT_OK
cstr,cstrfold_0001041,dev,single,0.000003791406371576373683953785437391289719563747928279023199,85.66194096570321,19.645738192639325,0,0,0,0.000003791674427782803957656378511164821789812323067516686378,1.000141409418113466774305366324254279378851877093318072,1.195444719583815062407111404931357403941497707870287787e-44,1,ROOT_OK
cstr,cstrfold_0001042,dev,middle_triple,0.0003975287018708622621740318772012463204552157741879629015,19.258166002765076,22.090202534983945,0,0,0,0.791784706685759320742647112953268082393853403109684321,-2915829.494549152608636319805238518440497764286157421384,3.641630779281471636249545404238661218176480549879361883e-47,3,ROOT_OK
cstr,cstrfold_0001043,dev,high_triple,0.0000000184899470713048506787292870127131970415129924084633161,28.37817017852411,73.881828531321,0,0,0,0.8559824741691167481307961605087282570390740072220335477,52827749.16372502968132356796219720470182098818370649984,6.951774225218083354109865307731561923992192132646679167e-45,3,ROOT_OK
cstr,cstrfold_0001044,dev,low_triple,0.01988934743485868254088834377893304337486803464167284076,85.5244126291016,19.770412269693356,0,0,0,0.05484902203536329896528930362367504123722988839185110175,4388.022547104628976011981936227632704250134184630343781,5.374562497384325230845325165518945062582315090099054625e-48,3,ROOT_OK
cstr,cstrfold_0001045,dev,middle_triple,0.01853743890265220052916971818693062777961365296419141753,19.089685960809103,22.131815672246738,0,0,0,0.05392830863498497180054482088680533549458159917157849943,-14616.24957140870422408549299256977918931877193552857036,3.632493604285561342472543145979389363438004649738696062e-47,3,ROOT_OK
cstr,cstrfold_0001046,cal,single,0.005449086272981410242669464768463184264461564218753706661,27.061814946341098,71.24633218848035,0,0,0,0.9999994426392296466976250759149894500762627525180537719,0.0001022854307911283125738780191094146275067699755416676154,9.862343549728659180410115350140979446564036949942503617e-46,1,ROOT_OK
cstr,cstrfold_0001047,cal,high_triple,0.000002335615370614469609903993042972704814757810889716918972,89.84284007234507,20.219520205861006,0,0,0,0.9262865086039568793117490934174258428368418087677054788,534988.7972629945596315224683071900662646371191878030173,6.161325705470985788564934356811812433662921732569189268e-46,3,ROOT_OK
cstr,cstrfold_0001048,test,single,0.000290111287178019786399800646999237172946566579417264562,19.85728603312703,22.91215918098032,0,0,0,0.000291972626599894232778188594518108908228441692442144446,1.012891527558933546310997533059222778316396007782499462,4.7858661732789762100771209114655831475061132018331238e-45,1,ROOT_OK
cstr,cstrfold_0001049,test,single,0.00000005573698389537136617746009694566400950723013359963057372,26.464586154155437,71.21816092206721,0,0,0,0.00000005573720203715608792270775790163586849094081078122365111,1.000007827564147139950722782278546108021173393871007686,3.261003361826234534377858185537249321682879858274259064e-45,1,ROOT_OK
cstr,cstrfold_0001050,dev,single,0.01965207863449831671697065692308665577631379866807631134,88.99124184308799,20.042701664553285,0,0,0,0.9999959983970970626137713528869204821462137475124307555,0.0002036324385058106203337781770104327228258217003785780457,2.518545387386336511546984658622019721117421207671199858e-44,1,ROOT_OK
cstr,cstrfold_0001051,dev,single,0.01762022981461091426178318932337708028645435512425120467,18.824802598454188,23.24241358115907,0,0,0,0.9982632972341215836340787868410317745542334222186846449,0.09919377125249486234965250004970065613096842522584957947,7.383681288475496278944707813621644779786233184054742973e-44,1,ROOT_OK
cstr,cstrfold_0001052,dev,low_triple,0.005190435457503518919018037400595301125004137420776050281,28.151388566540085,74.61373915121474,0,0,0,0.01441907966826972630137191455833861658315678281858055362,168.1992056372565343388337987043095451452002802549738114,8.049569009522166105947184163175639087672456979157958429e-47,3,ROOT_OK
cstr,cstrfold_0001053,dev,single,0.000002086738802921398776770483095826190555174295765255315437,86.23692326157801,20.575160265288265,0,0,0,0.000002086824047716454607228711252181569553613874369164743611,1.000081703931656131805312227346812027987956627580787049,2.725933838685367712707023157364217515083231111900137439e-45,1,ROOT_OK
cstr,cstrfold_0001054,dev,middle_triple,0.0003429276269929048974370156634860175421324609335387550251,19.132360460490858,22.948726641140976,0,0,0,0.7701784535926230199604905153874637641426458155243959117,-5292.105112310019571630183369426006244823916820689197561,2.591936950751886870769396692118350242653597566321434659e-45,3,ROOT_OK
cstr,cstrfold_0001055,dev,high_triple,0.00000002164424923279072002844823847266738964127631239236404066,27.915419661264902,74.51534328016498,0,0,0,0.8334153506856059943298141526364686937130174669257480706,1255308494.321791236520656511710175210656663419172899779,1.225672490807413976073345561520226222321460757737788959e-47,3,ROOT_OK
cstr,cstrfold_0001056,cal,low_triple,0.01875098430393909470943420959919207906208437351830790563,85.51224591628501,20.904748552306106,0,0,0,0.05149713634997530479334796972642644913593033624159485399,629.8278109771753343148253168230869329042807583308990026,8.379753445734162809776730883247144615382442643453392495e-48,3,ROOT_OK
cstr,cstrfold_0001057,cal,middle_triple,0.01799565412332673646429237171743283213411741476576077888,18.804885499967888,22.782695278795952,0,0,0,0.05294933245592915366123987539166027150483396072846128896,-314.3093758320679908141380780174949015817670096900821866,3.492756705318017323143439436130636710865185068667201368e-46,3,ROOT_OK
cstr,cstrfold_0001058,test,single,0.005310629273533843962422675626134257218178427469578006595,27.840977291099406,72.99223349845438,0,0,0,0.9999996672188687477800451569349890033029759783059829955,0.00006266331532815073446246362671144661900211358671061799698,1.707939707385416008898725033569561694490395596113251698e-44,1,ROOT_OK
cstr,cstrfold_0001059,test,high_triple,0.000003533382665229192195346277076802201981969956483882045646,85.65175484595322,19.76591347003182,0,0,0,0.9264455259987725995525237854064514386717396299623402064,224847.8401161195852582310297357969125685388465064546433,1.613941029113872426925398633923731013493922707164953308e-45,3,ROOT_OK
cstr,cstrfold_0001060,dev,single,0.0003273238235028344506228696266557113195733975906810670268,19.561773464706192,22.667391219166635,0,0,0,0.0003296693338114157489579370533185636472136254767646278382,1.014405795888340177110695810416882605368814336338881794,1.475798789909899216690207677783702760006079551035807502e-45,1,ROOT_OK
cstr,cstrfold_0001061,dev,single,0.00000002781161958139849841613881119090800856096772362723524676,27.844287828427902,71.85707529645725,0,0,0,0.0000000278116743885252691296210977524494470661812158220397826,1.000003941317089779492627866739399899571642324662511607,1.931390036818669996557101794469543148251311142890201466e-45,1,ROOT_OK
cstr,cstrfold_0001062,dev,single,0.0186914514601161626374927244475720892901548429942622742,90.63026619653458,20.95341377653593,0,0,0,0.9999978261735583944521107432223501096235011633989498823,0.0001163038110219063292495613181948919993383025024372801247,2.135186598183310171128608569695433628293710961582897547e-44,1,ROOT_OK
cstr,cstrfold_0001063,dev,single,0.01749686835874087544669742559400167422557306907792682434,18.46156607606539,23.426918479818912,0,0,0,0.998112560348104360076033758307638048961203247921917985,0.108602374341659553018400888112430832397102904045936299,2.45821089700294418531668181190497572936930863333604605e-44,1,ROOT_OK
cstr,cstrfold_0001064,dev,low_triple,0.005480067892205425806831553352041489110426242892021061306,27.163993586322103,70.83855428203681,0,0,0,0.0154708305271643217918215653918066226193430535071837637,900.2865968646584887544570037228410550274149992931185519,4.50626871422727997171410341888946995132356802066584589e-48,3,ROOT_OK
cstr,cstrfold_0001065,dev,single,0.000001585016345161937340846070378620161696106359168855557685,88.83587696478145,20.88340900158185,0,0,0,0.000001585066300129379020284032842441903326224675792229256846,1.000063035485616981591162288594507631919782695039694629,1.196114980550694956499854727346364228589371982801737287e-44,1,ROOT_OK
cstr,cstrfold_0001066,cal,middle_triple,0.0004984827111821264332849325380140782767383882170557260768,18.577632384554008,21.759359952780304,0,0,0,0.7842292540033753562963971581061162637497566969422818548,-1058039.619796561727222756415643749083876974917781188259,4.491934774745916783103869649866053840438329323247785987e-47,3,ROOT_OK
cstr,cstrfold_0001067,cal,high_triple,0.00000002893563757360509554909987882799704374873097144204629887,27.88643344488509,71.16661195937795,0,0,0,0.8355646788764779092714280783816667878263257621374400849,1381056503.449353757802598432076302812929216440420148107,1.829289370366948717807305604755567688277066593165092915e-46,3,ROOT_OK
cstr,cstrfold_0001068,test,low_triple,0.01974863189853077576276731837063322277495235178927371995,92.11944579155544,19.758641262442183,0,0,0,0.04860140616800977149403348764007140178647828090683352815,22.27173221159359358053960217395296379798189507849303547,1.609545658222329115706296280245972260678340073800137139e-45,3,ROOT_OK
cstr,cstrfold_0001069,test,middle_triple,0.01742564906629538973933444574554839648137324300826629091,20.008069842467947,23.213863213627782,0,0,0,0.05834763251468713369364988831934809453605460854343854862,-26.53282901891975519759633265786569033230517847007686671,2.991013090320029546962020569256327799976222301375427946e-44,3,ROOT_OK
cstr,cstrfold_0001070,dev,single,0.005038350401505715455958359853306421727755902324957549522,28.590955725973924,76.82634052242085,0,0,0,0.9999998227894103140445071774480532319675075248214622244,0.00003517237223095933709528330474356614280856264544825939496,2.804411848721592626570784184515550279363437789141724479e-44,1,ROOT_OK
cstr,cstrfold_0001071,dev,high_triple,0.000001593985569940424103497044442977818251185339064297251922,87.31337053634837,20.953602348323763,0,0,0,0.9229810758173771908192927238849508933190886399058404923,26305139.1837309552923021312638929559281672600646451717,1.994933140910990411274582138379317894559178807335674055e-47,3,ROOT_OK
cstr,cstrfold_0001072,dev,single,0.0003589717199400799206369905733667158114567640838009834667,19.220646124006283,22.604959575956133,0,0,0,0.0003617872989216743296774220038336525964865155755797686551,1.015775969755966410081761725771125862991894480302303717,1.299440170167727804633826674544121008385148267524285922e-44,1,ROOT_OK
cstr,cstrfold_0001073,dev,single,0.00000003345187893006418944219749578825573811507142409465377545,27.03468188955394,74.34161725881282,0,0,0,0.000000033451961001696788057890936547491950690849749771182925,1.000004906856200939102351494252965617443309148985113425,4.049235090836036911343298103109666217111541746182028741e-45,1,ROOT_OK
cstr,cstrfold_0001074,dev,single,0.01983107749070620220431714178849910829370220618642691147,89.13601798788113,19.860939115914857,0,0,0,0.999995544662299293717477429556480109808537845457704383,0.0002246767238493269523271885969914879817147807146124428974,4.597652969841280978802956317992918540352174435295995037e-45,1,ROOT_OK
cstr,cstrfold_0001075,dev,single,0.01744886070782594106398877159337077662506664312359229518,18.61427819886751,23.475618892313225,0,0,0,0.9982129671566228103988436006054171105927195539160540233,0.1030783728299454064090714290695295838374644798716463257,6.81784566596459009574707411592176262275895326173239855e-44,1,ROOT_OK
cstr,cstrfold_0001076,cal,low_triple,0.005492553444389782614244260272283746799378992568483511014,26.112045673157482,70.78523527951657,0,0,0,0.01530579597602097476558358182759083918688933540508729364,166.6290020733695799604079127142631705912618156080046453,3.128131288528573181811493684472110751604809561979375367e-47,3,ROOT_OK
cstr,cstrfold_0001077,cal,single,0.000001899175968462482251610964458289629354688524189204997657,83.95275067128074,20.853162962023717,0,0,0,0.000001899247580238930353994443952313164620306881865199156464,1.000075415636474840852802977178612394692945205682799955,1.005923147494980005253612762011968819830061278054559389e-44,1,ROOT_OK
cstr,cstrfold_0001078,test,middle_triple,0.0003471620646057337906093492507505005148118700566953815203,18.81345726574845,23.23546842910876,0,0,0,0.7818503361869830629441662450835172033469885634243824517,-19099.25668948675659024969474246073981762254714808157709,3.549352485721761365438176390823667034521277064719601382e-46,3,ROOT_OK
cstr,cstrfold_0001079,test,high_triple,0.00000002253632002113909210449100495610673314990787756844770782,27.60966215480383,75.96502845510301,0,0,0,0.8471627186236988807759183588026433539671724233516360087,50631985.81964882301587497503694604080942581614337026968,4.151849566683452233361549901277270891490970136103301067e-45,3,ROOT_OK
cstr,cstrfold_0001080,dev,low_triple,0.01823739293431016708992940474351987922796790487268359502,84.66539673444751,21.465936067752594,0,0,0,0.05029187195482091551471849134494896534047826364689205914,6791.324168118242491423298606415860317129713975545017048,3.212435240309157299640917777945886965537111385256004317e-48,3,ROOT_OK
cstr,cstrfold_0001081,dev,middle_triple,0.01852707182827098639157485706711279281969177582606859301,20.22237520367814,22.053262215345544,0,0,0,0.05575650846860699553768309759047334542106697610658210655,-89.45327089410317365814174569372407124191362061728157658,5.349981359316006031032035851913455833769294872564178738e-45,3,ROOT_OK
cstr,cstrfold_0001082,dev,single,0.004977610093433728739082084947187300249694437751434456031,28.39331176946408,77.74432795126904,0,0,0,0.9999998135112980279177161592569313045611260578009397483,0.00003746554213517454326510455107938983554650629638867263193,4.877736925434638418228909372232309359071422380118453858e-44,1,ROOT_OK
cstr,cstrfold_0001083,dev,high_triple,0.000003658373315001099512336974087782676155298247240473586206,86.19173608439344,19.67718282169366,0,0,0,0.9190852952019174315825752123889783142799927843004330601,90569394.9262522059547135913456262771824174724280533437,4.011092688562317833778806990011224934920624537357050331e-49,3,ROOT_OK
cstr,cstrfold_0001084,dev,single,0.0003844979874427446463925500727782951140165768014607296856,18.39859249493921,23.23024658042355,0,0,0,0.0003878255118752418793642749881152154737149324129834210261,1.017416695756655400310561320713984421270094578149723886,1.507236818735919518335468574672853920729768530254096113e-44,1,ROOT_OK
cstr,cstrfold_0001085,dev,single,0.00000002565297056132204020067726617021679215731150563066527459,27.748384274950947,73.36891849181934,0,0,0,0.00000002565301818562007682262883107675612938667991888961173229,1.000003712970596635013951319539226981697149076950368735,2.720787704129272522159715142099292190159643002157331965e-45,1,ROOT_OK
cstr,cstrfold_0001086,cal,single,0.01980360348983247963104042465403113742570793206964334164,90.02515041688937,19.83880742481013,0,0,0,0.9999956023795684332789785601815066737498383718560594828,0.0002220736605482564385409127182835377350594415427245375421,8.865851844188278530502126344477009794935679273064028602e-45,1,ROOT_OK
cstr,cstrfold_0001087,cal,single,0.01906481062255535699761366072231109792548238867379760822,18.350368627351255,21.65034734755767,0,0,0,0.9974279379405547312673945054586910070195843214678977047,0.1361605297240202151784506886965036794199781332181417058,4.375249399728614119615253759417545124548154578376216994e-44,1,ROOT_OK
cstr,cstrfold_0001088,test,low_triple,0.005259161360157028504780369454695950998339724729471375766,26.066318238329103,73.89412706662596,0,0,0,0.01489261616053492860367840860552309346050638995768543651,1421.781894484999302779243611957705798910332116271624235,8.849057874694453189005179277353915270274164554133920186e-48,3,ROOT_OK
cstr,cstrfold_0001089,test,single,0.000001302625164001623162536905881240838858008518414993691381,90.2001291258024,21.12839366081553,0,0,0,0.000001302659319841795207827060698186071296653996524198858033,1.000052442570276126917206272392245431477391297314162259,1.533610690493075791510479734242840740941749391499903585e-44,1,ROOT_OK
cstr,cstrfold_0001090,dev,middle_triple,0.0004041896582705263482069278491244187003526989344635395232,19.118619679915003,22.160191634736304,0,0,0,0.7898393645689374967502375911400497777428008413853434859,-161668.080128149094635176596977905706418831509451856637,3.299641905858712228922494037139003463479173465718345274e-46,3,ROOT_OK
cstr,cstrfold_0001091,dev,high_triple,0.00000001779354425099748213435014483572017227320752586097197059,28.528666194467327,73.38272970119826,0,0,0,0.8380968398425512641947069327502225553930632817584188274,45372805127.54509336244009482293079523850848205625691379,7.919142872198483309361792417189933811192040541325592802e-48,3,ROOT_OK
cstr,cstrfold_0001092,dev,low_triple,0.01991307468035106827262187819830612418554743458268328616,91.21782816396096,19.732471026675512,0,0,0,0.05476174486210589707935121046306581707665762523297068254,1098.44180921419716114131526293901793766082374986872165,3.904949207698522672184465655795455499526982438758198312e-47,3,ROOT_OK
cstr,cstrfold_0001093,dev,middle_triple,0.01847357532158345170533420515896872307788957930167873956,18.35617695559221,22.254418032761464,0,0,0,0.05523620824249376851304930515902678651058683500602877833,-140.2288146959074005490160062550290829525404534587353002,4.24991385003284722575229457618318548803304572666095688e-45,3,ROOT_OK
cstr,cstrfold_0001094,dev,single,0.005490147180161633051343922611804381249230390256480036371,26.926563553189258,70.73902267196371,0,0,0,0.9999993827937303296787936681862265415059455394753920063,0.0001124210183811002172731514432885926099770473618973432854,2.565403592401209785420361465282823131014272439037144681e-44,1,ROOT_OK
cstr,cstrfold_0001095,dev,high_triple,0.000001978855572760696141701660568801074377241875154657077532,91.66827980942061,20.39399127005697,0,0,0,0.9229394650724662606203311608656222704209770273029423212,22132856.83819717626968621726870250842806337950156913373,2.933377735453479699708805774811343821088380714209547947e-47,3,ROOT_OK
cstr,cstrfold_0001096,cal,single,0.0003728722691356263945829125276169304629892332170088394002,19.320815335945525,22.31621147568036,0,0,0,0.0003758703765610920544149556537104204023096941905733005107,1.016174761919959069565721646849916444081747574225385398,1.102030182628495082901654842557181179574392081819283125e-46,1,ROOT_OK
cstr,cstrfold_0001097,cal,single,0.00000001450596149741227996657746264923411509721441220182039057,28.334580901446216,76.95500337032794,0,0,0,0.00000001450597748011157423370067588504337994828170406413502201,1.000002203606039449147576154820967065806065916849711619,3.951879643376492492740806591583612111626893083096382855e-45,1,ROOT_OK
cstr,cstrfold_0001098,test,single,0.01930581034493314242194604331771753624261970033769644448,89.75619293851081,20.32309565830271,0,0,0,0.9999967066584410691484545985016739893044610888202575973,0.0001705951321444184170552613458134409346482935697572039854,3.930849291712679081203713434663518748514401088940329842e-45,1,ROOT_OK
cstr,cstrfold_0001099,test,single,0.01758403045077518022307650215390836836186846197845667587,18.41324114601073,23.38505468665342,0,0,0,0.998077547887835577672189296436166176401826963200220385,0.1100798576831629284503570667728753439337793617704014564,2.702289227664532168617333287716462370573988852748428053e-44,1,ROOT_OK
cstr,cstrfold_0001100,dev,low_triple,0.005025262895976554149781305181543589072643790122382413013,27.797064242648293,76.57325066076994,0,0,0,0.01266447168541607098873116730735796664454841814076944956,23.47648336964019778152192803632565614955597607583585971,2.000560956850505134501593854971109649348839967691851051e-46,3,ROOT_OK
cstr,cstrfold_0001101,dev,single,0.000002254610449709041095914718811345939003264030488981388394,86.10347877999735,20.45353529074356,0,0,0,0.000002254709343692831858799858144973881156298176184404954181,1.00008772886376817430125884985241626825630837390143153,2.100125970940189086307798169717722040431250179874015036e-45,1,ROOT_OK
cstr,cstrfold_0001102,dev,middle_triple,0.0004194509484565315582081015955389560890418007663917684399,19.52379820320071,21.581241175971673,0,0,0,0.7909595469386741468842006767936048471473863532172075689,-25063.23932967140866864877701435319796888948657787292234,2.948933579389174437625209382043810731814081363157028849e-46,3,ROOT_OK
cstr,cstrfold_0001103,dev,high_triple,0.00000005457622534726728919333868833519298366354141135916942993,26.642167792435174,70.52426457764236,0,0,0,0.8262758902242443452015474035008960988374323255488117519,761524538.5002769018605224154457105124448517277149808308,2.356776263510237636097145481540192069370762685414874133e-47,3,ROOT_OK
cstr,cstrfold_0001104,dev,low_triple,0.01886139241532072368141009941320718806736415929804402811,88.7818478446803,20.74031974415057,0,0,0,0.04885981599457807298296479669838477771051546822307565951,42.64505305350047812971396749680397510452679686568467004,8.999822167530841248934152182516782791111119470009381558e-46,3,ROOT_OK
cstr,cstrfold_0001105,dev,middle_triple,0.01752007005796239570419506210471761791984812491534488752,19.372423579688945,23.32650591147215,0,0,0,0.05104711339528906399332689902402438951700030555455027469,-956.8473516332068255567551650664875018113934185111077172,5.372247881066245559725735544439714722446153447203815764e-47,3,ROOT_OK
cstr,cstrfold_0001106,cal,single,0.005138281693151913803347268966614641791655777301195503975,28.658551659833847,75.31920232982783,0,0,0,0.9999998123314062003649764637871065095789280083376145157,0.0000365236418138947166880121124525664491169064453011560004,2.427128072957215175027568159542588372205555850205496011e-44,1,ROOT_OK
cstr,cstrfold_0001107,cal,high_triple,0.000001347946974452985924045048082633774866269337312338375161,92.63630065778771,20.95526006312295,0,0,0,0.9263916595394614075802469174774084702669904872630234071,2171030.669218041052165570510337354695884705883778295667,5.776682757901034944244918602795638082802275583001706422e-46,3,ROOT_OK
cstr,cstrfold_0001108,test,single,0.0002486932745524584988355389428820186739051061334264908056,20.110272717143467,23.355525649658606,0,0,0,0.0002500871382723764519163528092404609688608610779788713136,1.011255011764941374222906016408523503107058583148777448,1.642974975512525492775146613201902696626311708031363703e-44,1,ROOT_OK
cstr,cstrfold_0001109,test,single,0.00000003010110212968671934379787895960833519826268869838408869,27.64257893578417,72.04884470564977,0,0,0,0.00000003010116650556594160471580483795023354423857099847579683,1.000004277317131820605811723034287198592744651766380496,2.374921740588670714239750369837609983794543702475235142e-45,1,ROOT_OK
cstr,cstrfold_0001110,dev,single,0.02005988605426784261878062630452083744150814786565719082,84.85376325411002,19.613534424590434,0,0,0,0.9999939896410102732451233376520263134383075451258598602,0.0002996422977724203736157643837640826885809076301061567695,7.107126308060460989227296692235866864636297221421499401e-45,1,ROOT_OK
cstr,cstrfold_0001111,dev,single,0.01739796477433013371663313343808108539884367081812792918,20.143043900758105,23.427298228196673,0,0,0,0.9988577016648365719670351612165448250015800382637498969,0.06595930642752813530807239483903920564574405291665057717,1.892889937750345419677666875159742081850667645857213201e-46,1,ROOT_OK
cstr,cstrfold_0001112,dev,low_triple,0.005144857986278978665261164159968509051933441625240324027,27.459540761644096,75.34997685180632,0,0,0,0.01455600199354084521769662723700619011545952099218797009,4636.635576440754845578938284246202946873437339221907567,9.995847046768489358262024916402752972221754633693742015e-49,3,ROOT_OK
cstr,cstrfold_0001113,dev,single,0.000001375553554816373638733055752578678610235752731773586366,86.20952116630936,21.252251666044838,0,0,0,0.000001375591876651828778551841655338093506091760159209113369,1.000055719573513761984070647193244918544027941371643029,2.152199872163679649255593639250774287770331253886253623e-45,1,ROOT_OK
cstr,cstrfold_0001114,dev,middle_triple,0.0003340662728764332821387023302136918103965193667487708645,18.944726040671735,23.265982040825236,0,0,0,0.78848229222150213441874863475182637191348798482168106,-326944.9619951580175369555679303113927659426995629252764,1.420221368969796567600503512359857584408609503444809269e-47,3,ROOT_OK
cstr,cstrfold_0001115,dev,high_triple,0.00000002938419799600189628428045631562833727890548138933627764,26.82776904073719,77.42983829296651,0,0,0,0.8221841672755667897885743034848402125977588341227319479,994587164.9153800489920712368721211521860193140156246054,7.423432921293446522391664932836244431557574403955428843e-47,3,ROOT_OK
cstr,cstrfold_0001116,cal,low_triple,0.01930821932928087716791059485440700624070658437923193066,85.73974255347933,20.330211828380534,0,0,0,0.05250767410892489429616960311562752654279304547751099788,193.9907649776950428224032611715821356370396348098777279,2.27050481490353330873652591457671977264082682685792693e-46,3,ROOT_OK
cstr,cstrfold_0001117,cal,middle_triple,0.01718418306702973714215106433762677736935195314515675544,18.705257736700027,23.8114199987741,0,0,0,0.05002694692579775327491935993920334103449766487353343768,-15824.15568626335994074971046051420915908666813968326562,3.90464715876037664902203063657457584578447964902482897e-47,3,ROOT_OK
cstr,cstrfold_0001118,test,single,0.005417973631409843911268281727315270197155955746909395919,28.0826850015718,71.76840065656519,0,0,0,0.9999996836816512250455013350663613049732953647122804391,0.00005838323296588227189155763456788694579762862909750065728,2.817747256822034740825373905578079354550016048521949443e-44,1,ROOT_OK
cstr,cstrfold_0001119,test,high_triple,0.000001985828193400281092918420334094046538445241688289255979,90.94291624798511,20.42189167503426,0,0,0,0.922944699925639570622237522815854521714164833101958438,10229549.14518298654506285684751401748755584271168061105,9.37414952415686801349256897323967755193113949891660963e-47,3,ROOT_OK
cstr,cstrfold_0001120,dev,single,0.0002844431618657872635951963657408041110452289293051615852,20.201015813709173,22.646565628863385,0,0,0,0.0002862102843922724047397477971236531629413385771972966854,1.012481071688768230333092323527625879466367418889465582,7.555485544695101677535858638058086420185979771369875476e-45,1,ROOT_OK
cstr,cstrfold_0001121,dev,single,0.00000003179880781078688901833512415819496611141291895430515144,27.524013841347188,72.05784528464162,0,0,0,0.00000003179887966217206654644120393718182414310260737058243318,1.000004519131932793764248974626650774322511933374678155,2.712974062002454355521263222139806224882098270887869006e-45,1,ROOT_OK
cstr,cstrfold_0001122,dev,single,0.02017171781381095330998578381141981713393442268202851386,86.64975280569838,19.532323936081717,0,0,0,0.9999940717643538669799844336700997261243255315140556512,0.0002939094089508774219653366716120694023861435075154239143,1.326656099374008472567780488620412561453259135092206258e-44,1,ROOT_OK
cstr,cstrfold_0001123,dev,single,0.01780747192720146803533466288567974058484583913346157717,18.3568823465949,23.048466426857367,0,0,0,0.9979357841672909861326507589660441031656434868330997832,0.1167714866669657418499336991400675886627320079356491416,3.368434260557904624941685366011332766261583452308612077e-44,1,ROOT_OK
cstr,cstrfold_0001124,dev,low_triple,0.005008118452894798096085898198664437014981325020333633139,26.081520174676598,77.54121753827354,0,0,0,0.01420463717405423469596189793384945325489025222968100504,6811.101963958325354066046190780556196268839055339606677,1.415536351113749912993739531865202841606781151040243086e-48,3,ROOT_OK
cstr,cstrfold_0001125,dev,single,0.000003040338501421527653245453527045289377782543330495529044,90.51808724172139,19.771041447325338,0,0,0,0.000003040512029232517289407978727332188287398640329297111147,1.000114155164967802429271623911630314114622364112311285,1.873535548563399312456355437988058495413826417960180646e-44,1,ROOT_OK
cstr,cstrfold_0001126,cal,middle_triple,0.0003118615340550111519689757686046370367725102806469332108,18.75236519564929,23.846489085543606,0,0,0,0.786500044013531804858953960142057991937810263419257473,-593462.6537953181773886161839625621115229934573979198687,1.160031138563748637597421679761977965485483085560618797e-46,3,ROOT_OK
cstr,cstrfold_0001127,cal,high_triple,0.00000003062851536066078939209817762360332526476590106350003218,27.49135038559588,72.70436238550221,0,0,0,0.8316939917494535874715801660990833555662099586936721705,781851119.6380005029199547339961899050317654666523376514,2.320851894664165757926052745988599245424902827401131839e-46,3,ROOT_OK
cstr,cstrfold_0001128,test,low_triple,0.01906086375538639252108309105932223648294070687659193115,88.81516613952415,20.572971108899914,0,0,0,0.05248499978334575777027657343072820327702136234260548651,1961.986113623453086146184204948766874784698473475742722,7.644412404479222998338183763455160549755034278988397122e-48,3,ROOT_OK
cstr,cstrfold_0001129,test,middle_triple,0.01738053117635031303799141219890519368598423628651656616,20.16828152017875,23.447769345437308,0,0,0,0.05041649291099418906035123833822177952900177324684290732,-1633.692944407983539119937761059243253502811629998445988,1.640700430056008024616615012348452807696375594711702643e-46,3,ROOT_OK
cstr,cstrfold_0001130,dev,single,0.005451920474364625165867705472583948737085578239454897041,28.109276378776567,71.10604831579981,0,0,0,0.9999996731234623334134380986046106789822977657472314591,0.00005995631121111789811792319223882725206312686541401064296,3.786985005644386979456435804810483348079151874921487085e-45,1,ROOT_OK
cstr,cstrfold_0001131,dev,high_triple,0.000003071423213616723689017573086882203230309432726208747965,84.80424154601066,20.026117942909963,0,0,0,0.920211406931207994623702610638716171440164951400534879,3090264.230141623871510085643695302470795688710920961152,3.373948148835266357126423558070644905386426063943741032e-47,3,ROOT_OK
cstr,cstrfold_0001132,dev,single,0.0004363377584464374254873665400533195339850024727314791305,19.1178515507239,21.808153829819904,0,0,0,0.0004403520912774597195426940130899961553401351197133800746,1.018522677384395889093135981176329232048694492748431835,1.191400502798449852192384721079523897026806433533548112e-44,1,ROOT_OK
cstr,cstrfold_0001133,dev,single,0.00000003844759478787861992289992222588339962383894392574058871,26.62939615130433,75.09714550297532,0,0,0,0.00000003844770432003513257902963244548920157227488444637918007,1.000005697749631255441009759403286505679238651977444118,3.931409949463769663105687706963809163475367645788781178e-45,1,ROOT_OK
cstr,cstrfold_0001134,dev,single,0.01898732621884298302893181590257784650662259383292341671,91.1018654543135,20.642275858995983,0,0,0,0.9999974131051291703315871717405798849799084433896107287,0.0001362477248368912636761146197567785869560911406817900702,2.628404549467171265086679452520308072875199638734289958e-44,1,ROOT_OK
cstr,cstrfold_0001135,dev,single,0.01891934735203857522077372361254068232111881965320455036,19.392713779206392,21.687967555491106,0,0,0,0.9980949183064236178225801620074103915544231453458495061,0.1014371280937754214881351530667255691167701092169300824,4.517320515431738399118905558786805731726056521816286507e-44,1,ROOT_OK
cstr,cstrfold_0001136,cal,low_triple,0.005379601462930372120810199236039209317016223168868451147,26.568406709067002,72.2068592326747,0,0,0,0.01524098443561680926922720599239636308748559459775063255,3654.79516999847875553454593297249996602515584180367954,2.431553770511887207695757367217264777395358741299494001e-48,3,ROOT_OK
cstr,cstrfold_0001137,cal,single,0.00000419990314530300587678721042645906195896217894125354,83.95648813167853,19.565691614681317,0,0,0,0.000004200230666931827286876407392766155280233797682941575311,1.000155975310240049778380451115399366144373870243720531,1.884035290463055119313118905771680685134645200937638659e-44,1,ROOT_OK
cstr,cstrfold_0001138,test,middle_triple,0.0003830869795288928085562845824275004219692194479743877799,19.80946948336736,21.70619860676042,0,0,0,0.7970150240148351533865179454506050754804302915019849528,-640003.0000780545964362665591570622477256706495596510145,1.101980866749480386012949987435480844617452482967577033e-46,3,ROOT_OK
cstr,cstrfold_0001139,test,high_triple,0.00000002617498148717689846080527453227353685050062896155695498,27.866668592081005,72.46829167377176,0,0,0,0.8347255552161923592739499977995692146397279637281627358,947619550.9856827059341610861406061288237798021398951836,2.500787459953410156389588357989120100610889768203262527e-47,3,ROOT_OK
cstr,cstrfold_0001140,dev,low_triple,0.0183928937225719755695530643041364815523981182325980509,89.29428341004974,21.279511448770887,0,0,0,0.05067159717287982145381983988384930262045249164357757054,4014.264481867532810249978478665657395497676365897515201,1.102393750409166538484460983700159628090319879435391912e-47,3,ROOT_OK
cstr,cstrfold_0001141,dev,middle_triple,0.01877634071192585394084752831838853006524758155429776372,19.30282441125189,21.849595247266606,0,0,0,0.05506666675459536853574365780181611459216385565979945648,-373.2267169569911957793153693234506612075147762010265753,1.655584158467382277526986963423662823873086602679918174e-45,3,ROOT_OK
cstr,cstrfold_0001142,dev,single,0.005221711917358589749908230216273564623712333682781382318,28.329370339971266,74.16616876515153,0,0,0,0.9999997604038215217355196804016916754616342552093864221,0.00004588465432859287490503584886035266945250073680966320651,2.916173392773356735262313295420046014390794592127470709e-45,1,ROOT_OK
cstr,cstrfold_0001143,dev,high_triple,0.000002937060867196378428481868540439135071075161776079783961,92.13059685678155,19.755461247340776,0,0,0,0.9212118138715614218565571164011723015434300961568496663,157291837.7692497869095304787760156310115520498320350063,1.649076627209708122806057327509719102346299053753351863e-48,3,ROOT_OK
cstr,cstrfold_0001144,dev,single,0.00040537759257034212751190046477563326389220890205302016,18.810583456884025,22.48146706283518,0,0,0,0.0004089526123609418542641380229158339494493711259391762275,1.017750515513041799649468518457797926025582462665545757,4.6044582256368087803919205211646821747865971037594285e-45,1,ROOT_OK
cstr,cstrfold_0001145,dev,single,0.00000004524529919659715043118495703258041356205839260983547231,26.411138808011067,74.34291979420513,0,0,0,0.00000004524544934033717081586400675711809082581868303327143434,1.000006636892965880070878724795875863465473341890450008,4.323130719644254206377329273080888768528244816392810756e-45,1,ROOT_OK
cstr,cstrfold_0001146,cal,single,0.01859986463171214208559686797105651390030721953305838689,86.5582916155219,21.08617864936511,0,0,0,0.9999976732423985251385985569519111968828932833703318002,0.0001250990826555791695821005918733601234656530867526554231,1.384664250522817536755024839213578761428708115040588857e-44,1,ROOT_OK
cstr,cstrfold_0001147,cal,single,0.0183072838189772394852631006184836430573755823779558877,20.16863319199171,22.32068311064013,0,0,0,0.9986246917892826604111939738597032449724228614455649294,0.07554278057008929436803521095133682607223116032834291266,1.865056681488341586089202641007110747331761463733100855e-44,1,ROOT_OK
cstr,cstrfold_0001148,test,low_triple,0.00511014071408016098868932023470789492588601610702471647,26.523379534770054,75.95529325742615,0,0,0,0.01429447986632570417808158191599881413058219089270087301,224.2155760149579112459066358245755537177521444303669815,5.889198051425803160213907308236126941319129786300608655e-47,3,ROOT_OK
cstr,cstrfold_0001149,test,single,0.00000286970002666361410416187694306961898273398333151281757,91.93385263884242,19.789530357157393,0,0,0,0.000002869854774198947090237866723211116392422794280176739768,1.000107853598879608602034028079424008164915514449242223,1.230609855866172292548813690371000565555034211769149133e-44,1,ROOT_OK
cstr,cstrfold_0001150,dev,middle_triple,0.000348702074562037431619578297099966496481681536008905001,19.303417331714716,22.651219339794096,0,0,0,0.7922339418401916340949353748084403802110532905620026182,-358867.6204613034404318601607691840592363929895171794207,1.871976425885493035700765180263015353925847403694050371e-46,3,ROOT_OK
cstr,cstrfold_0001151,dev,high_triple,0.00000002951203801624177949227010900620348664885270318488269272,26.875178842146607,77.04758742819234,0,0,0,0.8225863328768911863131174241368444316870773910308053194,1657662871.016861504394873525158022060228426106151137719,9.628316465834719778508838806914507669411094215430961957e-47,3,ROOT_OK
cstr,cstrfold_0001152,dev,low_triple,0.01902260747112935641750019280261733689143884039637550013,85.53152396793294,20.613041691148005,0,0,0,0.05092322090770146823734967752257630086556763859521588941,91.45581979566319728517052899753115029489846802740103595,4.896590642998886678429846969532776031078820052651379531e-46,3,ROOT_OK
cstr,cstrfold_0001153,dev,middle_triple,0.01775089405111986847009707738004681810497693491569012649,19.756141547772728,23.011348381648006,0,0,0,0.05150597169430651500449847822216034192762911355201637448,-5227.051850615195257031149431421645079553008757044867125,1.487324559408243663323830733779671806804259620885760216e-47,3,ROOT_OK
cstr,cstrfold_0001154,dev,single,0.005348844663253098763812835298686141055313636778192161707,27.530211797477705,72.51082623700091,0,0,0,0.9999995965925427748817930177872819575712872929693228597,0.00007541968658799958461813093576747383442365562270429909869,5.758327455079440993600105475731581728589053545967604431e-44,1,ROOT_OK
cstr,cstrfold_0001155,dev,high_triple,0.000002591515337244103919578695498451376664950953132409225518,86.36756993003229,20.21973436704225,0,0,0,0.9207515633005899163870937776851455936373682131642551961,19006612.4339224448606679926009065436441768959042567366,1.880712239091055959751455275095121786330221630522598568e-47,3,ROOT_OK
cstr,cstrfold_0001156,cal,single,0.0003770088789201074154336966637032352515943689690363259275,18.49908829349717,23.20510418102749,0,0,0,0.0003802036086228100791734742448198855595157650872928047808,1.017051602806272764331632773244207720145486516075339795,7.939556944184284840463781818488543749641802811523278282e-45,1,ROOT_OK
cstr,cstrfold_0001157,cal,single,0.00000003254584857204536729477670397548708324415122089285385158,27.622772938162832,71.22398150667533,0,0,0,0.00000003254592295580061176029754440867349225450428605672609847,1.000004571021057216785978357229932068832754652413672418,4.380168224735714257055636377034076106936539043611519939e-45,1,ROOT_OK
cstr,cstrfold_0001158,test,single,0.01919997356019019834769452688274372644271268046887521332,86.06914085180847,20.43972143657425,0,0,0,0.9999965055013626163813079043176333481319817125438407865,0.0001820132415440528133805212488683898829615585863145570625,1.37610086168077072475725845242919772815890927372363676e-44,1,ROOT_OK
cstr,cstrfold_0001159,test,single,0.01823712689071453003703404356470813972838981192140659066,18.771109976246866,22.521199473491198,0,0,0,0.9980234594038158008480675701866406670601949369957171959,0.109170257948239160546580763311006459952378808216248705,3.695858484387085113317030640820424456553805462161505398e-44,1,ROOT_OK
cstr,cstrfold_0001160,dev,low_triple,0.004983771751246122182135426204113492671166184868393578927,28.069172973665925,77.6813540861096,0,0,0,0.01401119300744468796689743803875894475876888604849189298,507.2346871603539649897157272242314476548311161448804185,8.058879987583209837717071824329112973127691508669781112e-48,3,ROOT_OK
cstr,cstrfold_0001161,dev,single,0.000001664194800529928822661338667644361009407960597565585299,84.73313072614552,21.02508114508152,0,0,0,0.000001664250263626142125268185825873468273633634917462393942,1.000066656222420524818056403924346439135764291164399578,1.689895606836989438660884646187428319784842588490814757e-44,1,ROOT_OK
cstr,cstrfold_0001162,dev,middle_triple,0.0004611711048240953116310689669723010377989543306936290193,18.89944995656619,21.78020067064889,0,0,0,0.787585804374110951425194335274862641890936940912839543,-284533.614130949096153140238498963867509013793276524331,1.797442299385036451829711241150772080281650016667105349e-46,3,ROOT_OK
cstr,cstrfold_0001163,dev,high_triple,0.00000002177458017807555591452159890785005871363421624233088021,27.777901474380233,75.26689138197398,0,0,0,0.8312622547327400720644356424539853444078617074239578839,3296097521.068248218469867671558539338855158634779661585,1.196058633266545293009058935135630939779998838998264081e-47,3,ROOT_OK
cstr,cstrfold_0001164,dev,low_triple,0.01958497414841481662363843838955143318536979749108666359,91.48080965093047,20.044247954218115,0,0,0,0.05389216362256175217179540044646973001386574664972137741,1528.373604248569908812999907192226309410106570728502138,1.820908369455660024601673080963150336363011674610075946e-47,3,ROOT_OK
cstr,cstrfold_0001165,dev,middle_triple,0.01806506047519937260300961765096863701467769331611172157,18.8414441122575,22.696090119293597,0,0,0,0.05334499390992781067362402015249527242470293515161366482,-234.6968825565675435968887790209110947995828337863530289,5.646819434675164719482753815397716795024979486630487308e-48,3,ROOT_OK
cstr,cstrfold_0001166,cal,single,0.005046030011790702169846183144432311249908351620561290981,26.547020021527214,76.91031085834723,0,0,0,0.9999994676329675488824053168016707393328703953447469569,0.0001055023816757796201173509335401883293216260226708423849,8.567321489266594746662248661129379362292294836152004532e-45,1,ROOT_OK
cstr,cstrfold_0001167,cal,high_triple,0.000004093545120454089304033186060531098496503311981421048725,85.25000586084805,19.54329683479052,0,0,0,0.9183899406068627424441502497573519352392698563255523853,42254231.39179198602645603140174545064537216843267861463,7.800341830028681453915617210258838810430657091421939373e-48,3,ROOT_OK
cstr,cstrfold_0001168,test,single,0.0004927432198921997979171303736987445588901210210522858498,18.769790606708415,21.609765144677308,0,0,0,0.0004978216534915538644988135468464335796409156549654518423,1.020766673723978180969356055272128690118735073939978873,1.757325621826212303229430134725690850194868532608041252e-44,1,ROOT_OK
cstr,cstrfold_0001169,test,single,0.00000004963530448632512369555459532943605504189461421218744981,26.51174642310632,72.49436694935892,0,0,0,0.00000004963548062529724236970849927536880587095735878952659248,1.00000709734454476744219057449400225032986303330141962,4.761612428376221367935840606744505055567182202646328609e-45,1,ROOT_OK
cstr,cstrfold_0001170,dev,single,0.01916202663224596457144872870640568159100271858439653119,90.42806801561588,20.465644425026674,0,0,0,0.9999970503059316157517032996838734948899339112408744451,0.0001539400729383990524469754454064441750969873988890597722,1.545762333592165717557399703989653585581438421328258448e-44,1,ROOT_OK
cstr,cstrfold_0001171,dev,single,0.01735604407817473818103258562615404528793297267485688207,19.772606272310775,23.50678033365967,0,0,0,0.9987449493466302501537164487851000629886451026650112915,0.07266878993591161949996801185740858443923135706649961636,2.627154846026876983232432762375688154317049636187004359e-44,1,ROOT_OK
cstr,cstrfold_0001172,dev,low_triple,0.005257020519779647205349789977558995699100673250282171506,27.383223087722456,73.77398356396975,0,0,0,0.0148832868380449441474516854911922057259987483368073883,20760.06231843898674606679496028789316326824669798431755,5.02489036283986252763147639230588891377582784405110714e-50,3,ROOT_OK
cstr,cstrfold_0001173,dev,single,0.000001227359660326581282771181387839691398263024625948141935,85.00711916961671,21.507090249204822,0,0,0,0.000001227390553603378137871220806555745761432084179013424958,1.000050341974745009669440557689952625355222284908611091,1.323216944169624112222194377695667419415339396745665753e-44,1,ROOT_OK
cstr,cstrfold_0001174,dev,middle_triple,0.0002515436960775807837413970835911690591060140784588385902,19.79841421865874,23.653446147447188,0,0,0,0.7887814884494274601610859712491759358040836049137731974,-14874.64602971781454544173779650625705100292016821443385,6.84709571494632284651573730561556290650577997280238575e-45,3,ROOT_OK
cstr,cstrfold_0001175,dev,high_triple,0.00000002625994234838537278812003344799671529503358321739425537,27.21384702241885,76.38064422819555,0,0,0,0.8256315787110714517253192498311925221795911635915167089,7252064194.80025565386085726363866744511990314025768469,4.397431789706018134561186556025974717386012682913388128e-48,3,ROOT_OK
cstr,cstrfold_0001176,cal,low_triple,0.01958334764012390848036527451104495150272109280424177916,86.08962183410041,20.06035814151949,0,0,0,0.05369317258807829090923714668201031192527598111264148807,450.1981250670006286613329304849674561738416644154082949,1.886553944467268458413120103823278677234233431026481873e-47,3,ROOT_OK
cstr,cstrfold_0001177,cal,middle_triple,0.01717866264750453755589485470362459249247314156104113077,19.027083748807662,23.793066495700945,0,0,0,0.05000094482419789337644091453033388085033413137610751315,-2536.542916741545077404691380322691218101536786944508281,2.592740169730291759966910377365618512619134361739303337e-46,3,ROOT_OK
cstr,cstrfold_0001178,test,single,0.005366960436105355521840189082533534854471001539834311013,27.497128888178565,72.27374510472343,0,0,0,0.9999995834872103517169033916981516164131137300331507318,0.00007760697577206271450893230884217609411596379202446785857,4.247674150430983173885806966476669059868689759463473456e-44,1,ROOT_OK
cstr,cstrfold_0001179,test,high_triple,0.00000302196515048375497431896973957858470443891300698474044,92.5013721859606,19.69555350108382,0,0,0,0.9211546196271592056669997330847387536892248950866243185,126401916.5504680939438517176147536543070762767299287746,5.684807064934807822578631802990249445121905161313895864e-51,3,ROOT_OK
cstr,cstrfold_0001180,dev,single,0.0003694904212183980102370139402209847882587314442786128682,18.92865592908482,22.790047667618676,0,0,0,0.000372500261498117640894441010407336856749404606799533312,1.016387862391965777155686635895398873738297935362560251,5.570595016117675082766553090775937485869522487661459364e-45,1,ROOT_OK
cstr,cstrfold_0001181,dev,single,0.00000003812964197862362498545159036841363514554542835340436238,26.30418911717435,77.42277698150342,0,0,0,0.00000003812975308784862234573693706812594982416516229181754828,1.000005827983465340862339281477399654276002144237552442,2.802721334346519816318376003158839153547996902873046449e-45,1,ROOT_OK
cstr,cstrfold_0001182,dev,single,0.01952349069474566679871784083947621367618913423927687778,84.87318243240018,20.124878750713453,0,0,0,0.999995588835553490289669290759835472695794636006902585,0.0002259534905632632685255475964562529027142391800709906885,2.654124332770354119819080574176897020922559366863399483e-44,1,ROOT_OK
cstr,cstrfold_0001183,dev,single,0.01743879691381610582167607621721686064420171304904690268,19.041211756807808,23.456974041754208,0,0,0,0.9984272752764574119215489069932436986056110866437714307,0.09071548643801178783786807235095687179677116392850542205,6.840398162730532801195373991128210008118689918787143712e-44,1,ROOT_OK
cstr,cstrfold_0001184,dev,low_triple,0.005323323175046330343444472909967663120163590442081464031,26.50403108198872,72.96269590393553,0,0,0,0.01494684793056910374244792205073867180538719650177989422,308.2815989031939095621256012772341836639383700665448735,3.050245157066473802920738560565149411750214240783514774e-47,3,ROOT_OK
cstr,cstrfold_0001185,dev,single,0.000002714195373187421260572231421496610674429146097155432898,83.9484127514766,20.27058284216088,0,0,0,0.000002714337347837421879333664384202491174571686696043987178,1.000104620446594053782604802114107228975677399991157779,2.436401457636900352136429456698624966284266718729264245e-45,1,ROOT_OK
cstr,cstrfold_0001186,cal,middle_triple,0.0004411728948162110109995937926709097336960881478116169357,18.44899274973611,22.48769674473673,0,0,0,0.7828880741164303519881614812160903537753590826234635951,-466545.232462119651302570545674540675019143973311679453,3.370864391071149117091103289117172020216866377649659839e-48,3,ROOT_OK
cstr,cstrfold_0001187,cal,high_triple,0.00000003710691775072825407281085648418562445658407454153145738,26.68050317388024,75.23851037579063,0,0,0,0.8223480084926604151745299265672077028401432762544766745,1801638671.714468385497502299498698756314613156337677786,5.671112480961014938747388612087421890226389654062958324e-47,3,ROOT_OK
cstr,cstrfold_0001188,test,low_triple,0.01928969477557698709964249826790059233142228087041989061,87.19109748210461,20.34596020336285,0,0,0,0.05285077333463870993552090760522775020981576851477656405,418.9326950630531124954238454188084811070444102748713727,7.471428053223039938401971801898295052055854885866251244e-47,3,ROOT_OK
cstr,cstrfold_0001189,test,middle_triple,0.01777422606094675438777282444841189417809590218917916198,19.72403176250347,22.968359931922464,0,0,0,0.05376982604118444387300363651132817627157733405756416091,-81.93162196691882326351298360597494418669187498738809535,5.555649415766894486978464724715636001074722946291697216e-45,3,ROOT_OK
cstr,cstrfold_0001190,dev,single,0.005168989423787664034323795908154702994850806841702255042,27.238697255302114,75.15540861280851,0,0,0,0.999999598327124793415224817600074065925002769432144156,0.00007770833697184041920043818097484083002100396200633587294,4.64310112978301488362117499329825143135436760571338294e-44,1,ROOT_OK
cstr,cstrfold_0001191,dev,high_triple,0.000001381223821355273026857154730372684626584938524476327497,88.27082053068875,21.13434741069451,0,0,0,0.9243189028497027423461436240209173716824364519804841076,5736932.68120882513292638932432889178041476797398675241,1.768112318777329778966139154792833508387071711955735246e-46,3,ROOT_OK
cstr,cstrfold_0001192,dev,single,0.0003221207976819705280767247804939493797729988745810687015,19.024632210072614,23.349740099787322,0,0,0,0.0003244642126947371459777527200524413995445570321980742966,1.014626489253219145792542506701801282341657506791121156,1.371816613157031288610297476853756637886970803260774494e-44,1,ROOT_OK
cstr,cstrfold_0001193,dev,single,0.00000003624915306297641096500645081311191562057086038448646784,26.919036448251394,74.02320256034093,0,0,0,0.00000003624924901591600515594685553612170576465527198742098684,1.000005294089219765656778553049808894888677967948802338,3.293713875318154169647151986760413229321124272874808745e-46,1,ROOT_OK
cstr,cstrfold_0001194,dev,single,0.01880414491520862410210080498193123691850279750281120511,88.27516951237048,20.84065277710716,0,0,0,0.9999974679157053085226662839262950997655421171290775883,0.0001346599565803440383545144584227382783315086891571863822,1.303819425942198700930888437398895805516458212957367511e-44,1,ROOT_OK
cstr,cstrfold_0001195,dev,single,0.01730153133375201891132400145773094356479215161209809872,18.66715288612523,23.66108340712278,0,0,0,0.9982906440660702356216648307353502620526363577888128121,0.09941121742338288988972061316131152261461477925264061382,9.240970463765423045125263314177536829879660073717022579e-45,1,ROOT_OK
cstr,cstrfold_0001196,cal,low_triple,0.00538760194563118497163588215815010620258243816941574365,28.183003811661372,71.92493586007404,0,0,0,0.01503711961951401335828937789546775269519241827971946819,229.003344510937208944290635957581594561428882986420693,5.691938263029376630729903984773761249273618608666672646e-47,3,ROOT_OK
cstr,cstrfold_0001197,cal,single,0.00000221042167883135161565869747209292445750447872279782051,88.42556866192031,20.361230829073158,0,0,0,0.000002210516283125271651419549829010983991197482808110735034,1.000085601135399676122888852728012255433387866726534345,1.591120621757586018617095818639834215775496604802375875e-44,1,ROOT_OK
cstr,cstrfold_0001198,test,middle_triple,0.0004949531014268310613036244516920509985854714201114971671,18.54830233519533,21.825762801289354,0,0,0,0.7794872189526081930766635025729545532632417983066871098,-16835.13523325161953087371447876291506148188972893773952,1.193735368864781843823688838003890372093209248780183918e-45,3,ROOT_OK
cstr,cstrfold_0001199,test,high_triple,0.00000002323453726183206603267397494196108974392953442201579843,27.35306074189187,77.1116655916756,0,0,0,0.8297412623866570889139811185474801128472360456069553152,264550286.5214029414303255007975401757852342920704267382,3.838015210459142749319014954079716492155736328349703864e-47,3,ROOT_OK
cstr,cstrfold_0001200,dev,low_triple,0.01981918248080115720664663469563887484670358495493518676,91.7117435287755,19.76790548615273,0,0,0,0.0507651798780497107838488887369570098693495484116269808,35.79153309075124282890959607992526234561444365232184269,8.834583247803921625343305791901595967452623534886626086e-46,3,ROOT_OK
cstr,cstrfold_0001201,dev,middle_triple,0.01830987970269727178806290803767267397411174164614258248,18.656820973321132,22.422151474873882,0,0,0,0.05421656166435995656331388594888603430538981868458910428,-209.3029034623411265301851536888472915173992955039650526,2.875674917042404932037546680566423764002576954430854182e-45,3,ROOT_OK
cstr,cstrfold_0001202,dev,single,0.005316811351248526526099633052426881324006063383922274709,27.15906974244047,72.98091335924656,0,0,0,0.9999995232846968126354776113174773637441634971715768281,0.00008966206705289928476332234005104232653477707127184869947,3.75643207945832008916895390935099879655002985956935156e-44,1,ROOT_OK
cstr,cstrfold_0001203,dev,high_triple,0.000003126430177732235629728576769806135135282734136386569389,89.07347271265508,19.792692993558017,0,0,0,0.9231190328265545187822183019956954692870774856234938649,692191.1913242834143527492716512377695323406290130072532,8.883570398779693521270106403131415878405558732089586009e-46,3,ROOT_OK
cstr,cstrfold_0001204,dev,single,0.000309109755905657281736275844078709890080509878856150849,19.579197240766604,22.91618889041817,0,0,0,0.0003112245324857725355070720251606826814706787171991142495,1.013750792101917215742294818974509268717170202393278075,7.098114568700058076031519056401518165040017183805639833e-45,1,ROOT_OK
cstr,cstrfold_0001205,dev,single,0.00000002535840219408089575596963653171032449936999944209966721,27.465702552710503,75.2372263995197,0,0,0,0.00000002535844993235400146589863745515481050003842360755322177,1.000003765090438895245870087029913933289132499169237364,3.450866430255565661512443540219687548732912123354808172e-45,1,ROOT_OK
cstr,cstrfold_0001206,cal,single,0.01826958438353561943645441252276988255594225894921607943,85.50273797688915,21.42736614284158,0,0,0,0.9999980173277979086133010310568839893383681826903830578,0.0001085258474603945289073337083395097085568901484605049927,1.906719967658631882492500070084606426153892913757023631e-45,1,ROOT_OK
cstr,cstrfold_0001207,cal,single,0.01797756678204015414430619074268280494251995955497294258,18.336116374597143,22.842792274804594,0,0,0,0.9978562908682974757437426569325719112993673271788184853,0.1201548110784864255457848162572580247298464662564890215,4.363534653906985789153821772864036450939591539034681274e-44,1,ROOT_OK
cstr,cstrfold_0001208,test,low_triple,0.005059597617736221631380783464825241141342698583556577296,27.322994090816866,76.61641967850854,0,0,0,0.01430046447859655207735286328245829466758743671147028196,1650.725043386088131423261705377769606346938773887106856,2.255880368214989707047307402601480167133944579430634439e-48,3,ROOT_OK
cstr,cstrfold_0001209,test,single,0.000002163430606136573153443749594601871455050224472896772778,87.2313005792058,20.464777064871257,0,0,0,0.000002163521715403173955324102829981356975244348077269516884,1.000084229295130646383924788611955062930055697571252924,1.440198876027811289365665146742197732304565505417635653e-44,1,ROOT_OK
cstr,cstrfold_0001210,dev,middle_triple,0.0003118499590081589765739585170003932948962720573785864985,19.64402379852071,22.804886346396827,0,0,0,0.7960252353678182433156359747112739147364419751810204624,-3193843.690343450515061343046689190692550407088475488538,1.599190949178781472362630223919593351415319420224003098e-47,3,ROOT_OK
cstr,cstrfold_0001211,dev,high_triple,0.000000043337711160264851236542976016024453833142167480936291,26.403393290736883,74.98359214118815,0,0,0,0.8261930311231311676491325245565531452828193035567328532,86211002.07626978108795036149307397178662431557619999344,4.270272264185351518897735556153448099878528686699584597e-46,3,ROOT_OK
cstr,cstrfold_0001212,dev,low_triple,0.01875189615224993469187881804817185695007336612060108775,90.00197874094003,20.890781102446272,0,0,0,0.05161493879819379509785046199221936107581091271070273676,1802.086325099565131122024188750758411129690433755366773,4.320946724148117828687966100514184823283225891577773008e-48,3,ROOT_OK
cstr,cstrfold_0001213,dev,middle_triple,0.01897621065968359429065140037988743381764364794372372905,19.747788843306804,21.602673466689886,0,0,0,0.05510932071645018405361490035785492657364882496075838752,-4439.76443616334377863508805786609324894656732014533342,5.508484487745972073306057970717508127552736063007631019e-47,3,ROOT_OK
cstr,cstrfold_0001214,dev,single,0.005461907679176207216805519539431037038236335486288765019,27.285538645990762,71.05800691669023,0,0,0,0.9999994982544498052178596631440177484461198918826886539,0.00009186289937200560700679700450999537753051025060275937114,8.204041446281499261433615464701535475411951893829801783e-45,1,ROOT_OK
cstr,cstrfold_0001215,dev,high_triple,0.000003733924385027411127459438832738317933614570880511695523,88.91717864777334,19.52667738320953,0,0,0,0.9270153649775204659362405528160799609973803233591806805,205925.3393500369236435519165649106113372704606456593694,1.39810079886790062514582949095377593737352425610937246e-45,3,ROOT_OK
cstr,cstrfold_0001216,cal,single,0.0004719922014392853096981236562513899079694643077695007586,18.985594957182673,21.584751564920353,0,0,0,0.000476643275363860949680908388072931628401583502484475485,1.019848871054950824843427847013973012210510352286749282,1.319739596124846396769485335426864173787329879928851756e-44,1,ROOT_OK
cstr,cstrfold_0001217,cal,single,0.00000001894639536250377821311297845558162743667308052598977313,28.23805629093523,74.23505911289135,0,0,0,0.00000001894642165144586632053039066208896859863973720005687657,1.000002775089221730554015438624674542812402662568401876,4.165157238236678344785721311325479020447086894466078794e-45,1,ROOT_OK
cstr,cstrfold_0001218,test,single,0.01824665155189759640754092325595857862497434836168449735,86.95456139409559,21.448457986751094,0,0,0,0.9999981510655637507462450435805730177841864963049427362,0.0001013324659411703824305480465500884055954668876218128126,2.450092350867599495731447481341386394525990670592542243e-44,1,ROOT_OK
cstr,cstrfold_0001219,test,single,0.01748667424855877894083846677051124115706472960555710866,18.608433625579526,23.472797120951995,0,0,0,0.9982126026768634344910660012874088421564548566322249188,0.1028763020981093407873655618669362711797864820659991228,4.301104273605391492889788379007073936387714560290943259e-44,1,ROOT_OK
cstr,cstrfold_0001220,dev,low_triple,0.005155430195015971226671751259547851539068514771511773477,28.648758291588425,74.46202380229548,0,0,0,0.01281589021046226292324099513620883047305167841074746573,20.85142337350096009984464118062796834991812191064911467,4.746301054079861320014494030160255970271448785849284151e-46,3,ROOT_OK
cstr,cstrfold_0001221,dev,single,0.00000148544402500400314346694409068474219480016006930277314,90.61857175877759,20.89237411243782,0,0,0,0.000001485487920329963186419607176000214451793160289569934009,1.000059101910758881023603965761690294974940213954147688,1.059211506016690556358918590642137506786886405704157178e-44,1,ROOT_OK
cstr,cstrfold_0001222,dev,middle_triple,0.0005178131191667500142452525587918425896429857941017867182,18.367463786918485,21.837564397595436,0,0,0,0.7599936301086806600368812746463043733558449486073598904,-3549.212247657470752509095416783990651460152284476778434,1.75619354351097514285418323303897090293150060752289302e-44,3,ROOT_OK
cstr,cstrfold_0001223,dev,high_triple,0.00000002709747731625910982474704513762804212885899154484745683,27.7859641452944,72.52977161326824,0,0,0,0.842161984710117735198893404589248701269365371558705812,85326476.36809265209278156470553973624325847796871177484,1.460911600547500733087184564675553885054234953793133326e-45,3,ROOT_OK
cstr,cstrfold_0001224,dev,low_triple,0.0197860865500666549283529435050096293402178621368781973,85.66032770431481,19.865198526585,0,0,0,0.05373453277334139821956707098425641817667371945446023298,175.7401054594614903884949004168988787464693656948079122,1.095571861355088412971729835034691745115736805965665343e-46,3,ROOT_OK
cstr,cstrfold_0001225,dev,middle_triple,0.01739027729477656496409656269183409825016777517746282452,18.373481828588524,23.531545711067825,0,0,0,0.05407707414205586512160595136071126502065219781819790809,-55.68840958359354084060012082202582072311316134688471403,6.663672385921058929911773111705033763917350219650001682e-46,3,ROOT_OK
cstr,cstrfold_0001226,cal,single,0.005035747222137730427335205899051984549297758038588967472,26.824170846740092,77.41763923626267,0,0,0,0.9999995573152982206668746989287509455551532338048075865,0.00008790860440253201522220638941372723217571463314268519231,4.441506103395647297550103405064143511546336195371188987e-44,1,ROOT_OK
cstr,cstrfold_0001227,cal,high_triple,0.000001652652129022388873970654592943081934944859278092321529,86.30251658480434,20.949524348978855,0,0,0,0.9235419528359226354654000831472770890561485275786155544,3311235.638373585400867629379430878215330359635802377169,3.420964570695843182326283346516344183233926214229894849e-46,3,ROOT_OK
cstr,cstrfold_0001228,test,single,0.0002615719582931511560881618955585608901388979509792476011,20.199706826698275,23.023156714170835,0,0,0,0.0002630914458239327234175457518582666754955655551113493207,1.011667021884212225573445514486059168553212550772911943,5.342265548273439232307657593837554035981492813787709837e-45,1,ROOT_OK
cstr,cstrfold_0001229,test,single,0.00000002575528141328245360472527490648889213258461160856327986,28.043687665160167,71.67820602171203,0,0,0,0.00000002575532829670124434649118015518117059467361035330879562,1.000003640688717557972823067376182264508149352676994135,3.169978992618965101181702385427068929952495627279469172e-45,1,ROOT_OK
cstr,cstrfold_0001230,dev,single,0.0182539034890898619154892459948157913518667093913907215,86.6381538211002,21.474881503960347,0,0,0,0.9999981601906363703399767418717370501250467988261862491,0.0001007922859743325674417641476181012644532522517497438106,2.288150741528704517832267966883901916217489280764392814e-45,1,ROOT_OK
cstr,cstrfold_0001231,dev,single,0.01853487330622103763410597064873155444781168327146400591,19.602803070452996,22.098627553706205,0,0,0,0.9983274604774796364481953979856774117871972782027303643,0.09082840716958986436382276735439064481360611383308777703,6.007868136776238665625269749617024450958772544586404559e-44,1,ROOT_OK
cstr,cstrfold_0001232,dev,low_triple,0.005050547760836523479218441999600596190479289384341062086,27.00782074058896,76.07815886077978,0,0,0,0.0124821542572052180286868337174505945106850276050437876,19.54705602431288611750425591930608675689285163660394276,1.244028072654750016140459231485518690544163687559136175e-46,3,ROOT_OK
cstr,cstrfold_0001233,dev,single,0.000002437704978550339192112861938207738034487117163231644207,85.07183601973732,20.384989455239257,0,0,0,0.000002437820180107357161744427318637972900732621044426941134,1.000094519724325071344593286074836365599751896329212377,1.441325756414381258976942914180854790687497421503443722e-44,1,ROOT_OK
cstr,cstrfold_0001234,dev,middle_triple,0.0002857386542326732818734088758882620883988338003339560793,19.644611739391145,23.214439543698337,0,0,0,0.7960018713111505844668434531599330380231199874808864308,-611706.4580672182473069487799418055002855866607342037239,2.016743147608360701132395892755388700999909753766854448e-46,3,ROOT_OK
cstr,cstrfold_0001235,dev,high_triple,0.00000004828839374983740451794927839728185035094943975751826672,26.619040905306633,72.2617660278175,0,0,0,0.8399505536207126535605916085424909425793135007827439373,28659182.62140360833765553953944348741052784662591256844,2.226496827739541014270770444635740082074397087281000133e-45,3,ROOT_OK
cstr,cstrfold_0001236,cal,low_triple,0.01826109936502088526147777193305472814116212212060847445,88.05956042851696,21.356847820163292,0,0,0,0.04633813537442027300483896016733186313705575143217655435,31.39448071344998933956517800922920605814446483537767046,5.135704111471977291879787338738308691716057387030805372e-46,3,ROOT_OK
cstr,cstrfold_0001237,cal,middle_triple,0.01788278727869406765940475564656080510809821633757634892,18.506639880454443,22.94351464862636,0,0,0,0.05213355453801416904424286397665181272431062017509150439,-9588.217121705603614141852249209407065822316594200762502,5.106642202738317863315458008429376740275858867943039423e-47,3,ROOT_OK
cstr,cstrfold_0001238,test,single,0.005273599644350940297329726842787710576685113888092730112,27.6816798154566,73.51374931169349,0,0,0,0.9999996496744044317242495218520401863976152137247630363,0.00006643017513246917053468954157672566497654490824825899504,4.39637759246062779567186542675259827919754317643056052e-44,1,ROOT_OK
cstr,cstrfold_0001239,test,high_triple,0.000001519581343806719430159532253982719494042340513457929546,85.77631771603242,21.127212462122685,0,0,0,0.9316908463590544546374974153335545686474553844032130141,379045.790006213619949059092246105474272515529121067113,4.903415654899549810506126370757964018945277504403838969e-46,3,ROOT_OK
cstr,cstrfold_0001240,dev,single,0.0002535035380992991710245761653121120119683471257718320825,19.61529954947405,23.816698019383438,0,0,0,0.0002549821951087228689137155685562332064717089287558633554,1.011715024780707472684674879341891121011459697547608218,7.14122498839349223715753793717276971525724889841554637e-46,1,ROOT_OK
cstr,cstrfold_0001241,dev,single,0.0000000306026382392041398053608789350728560482669633565413428,26.71248459264667,77.65889904108397,0,0,0,0.0000000306027100321548944377557030802750694444655405237647087,1.00000469195324072042377413460767898629152221398075096,3.141103916608546532140362625173437521482175025490833497e-45,1,ROOT_OK
cstr,cstrfold_0001242,dev,single,0.01867683759976475623633224081521141772245935474143634525,92.14408565479215,20.965862530919775,0,0,0,0.9999979530696276547681447542489611831947831738129391411,0.0001096001649506874607902997972144027731924891302756353811,2.177549778513734826224787769086460753880270728947746114e-44,1,ROOT_OK
cstr,cstrfold_0001243,dev,single,0.0188630756953199108063067583388840312495186741541835479,20.05441179025948,21.705146422120304,0,0,0,0.99841420563860220296272858649328513890332598317160056,0.0846070527791912371824066543882878081238391274213964614,1.926248747225498492210927552021969505286477908171404564e-44,1,ROOT_OK
cstr,cstrfold_0001244,dev,low_triple,0.00507133598596108165143405874179587584790142230289259254,27.004245585070688,76.40046572487437,0,0,0,0.01371398869913425455686979175518470769602934983473899538,62.95294965346197451791701287012169541455661705391815874,8.170294530387183178444510323802130782134400207426291526e-47,3,ROOT_OK
cstr,cstrfold_0001245,dev,single,0.000001459488451966726633905309609484398874762553529968147151,91.31350470732015,20.891022731080593,0,0,0,0.000001459530823793088907127769961896443844297550692887173617,1.000058065194987229647566684246962728943076114597769503,1.03025390154502199629277433500369959667015935239120119e-44,1,ROOT_OK
cstr,cstrfold_0001246,cal,middle_triple,0.0003558097498075693320930993703839572838244347101912852041,18.954210738534993,22.94720908973634,0,0,0,0.7881727777015486801235494422656630110548409213929263645,-146476.4708133431901171333671643857915384934441804884202,2.242254900335147959506710396019409326398775889007279154e-46,3,ROOT_OK
cstr,cstrfold_0001247,cal,high_triple,0.00000006384666351610296200583380089122994290374824218569274666,26.21219080849069,71.1080548275261,0,0,0,0.8217176135117675754212279778142577945568837800628939013,2346284865.989208363090388664106623457127721594088345206,3.332950902095601417010564727380137977329720895871825525e-47,3,ROOT_OK
cstr,cstrfold_0001248,test,low_triple,0.01962439960194506753275612751970060441821429650566473368,88.8769439382271,20.012505520710125,0,0,0,0.05368096139359747948202498793346204546276538055800047452,344.3864736153086486037533525024586896426746310801719095,3.868946056722694826287525050626020913910374027213529281e-47,3,ROOT_OK
cstr,cstrfold_0001249,test,middle_triple,0.01834634468189434605081345691241743025612704835905328196,18.896770352774613,22.364175893086927,0,0,0,0.05343951655155183138286362784879070956380791863610330393,-4031.733975624883404041631034993271378193288386438908757,1.609640316162903761213344400896284134683190021248812559e-46,3,ROOT_OK
cstr,cstrfold_0001250,dev,single,0.005447165412028755249281120952438707354514076549452196696,26.44846406826287,71.33835166390377,0,0,0,0.9999992341408278789463275029583130101253586136139039775,0.0001405981989982518813623157806213695695847198278168470001,5.412734137371789995478208157490061404751408667100554586e-44,1,ROOT_OK
cstr,cstrfold_0001251,dev,high_triple,0.000001826720448635635828367953851016077414689215661990997628,91.01177502883219,20.55271285172214,0,0,0,0.9268198752917849905559244774254401703430057456163440582,793594.9861707875994080260546435478689385112201352786325,4.970808867383207063545968679071034438033163335545399429e-46,3,ROOT_OK
cstr,cstrfold_0001252,dev,single,0.0004277354935864460323399500386347243560495964105722907605,18.74200548150755,22.298016930263913,0,0,0,0.000431684060393773158854239381881314638241481543680879558,1.018585969265633723680757335232124434746811962815662165,1.119599066403763351416402609363136540219652576250394686e-44,1,ROOT_OK
cstr,cstrfold_0001253,dev,single,0.00000004479082662536575373206131661900294114165446524441821043,26.49034404263908,73.965910203029,0,0,0,0.000000044790973011598145581075460293893506998625567630976504,1.000006536453686453699501218774194917622800430688002644,5.330187741119265730399673672638789742395443540221294092e-45,1,ROOT_OK
cstr,cstrfold_0001254,dev,single,0.0183433015712229398900669376482405048433105415002066671,84.56934264525836,21.356412793212872,0,0,0,0.9999978543824081157554886984492068903594586073709608917,0.0001169732532020095409725108244524595417373160019301897913,2.306597082663704051448206645561742785294602413229408792e-45,1,ROOT_OK
cstr,cstrfold_0001255,dev,single,0.01767635599025794382252642578368424006086731318824206262,20.152812349819808,23.08525159673496,0,0,0,0.99879275970761065814031464011470634454357365343589528,0.06862999136332189032871783421604833826149487580116228359,1.310734170802450218469745269051277886471747410068839096e-44,1,ROOT_OK
cstr,cstrfold_0001256,cal,low_triple,0.005366267967955892976103411609543086517212479137801547116,28.673688999265416,72.16427404036467,0,0,0,0.01515954433750991658759262009327185228372154358870438263,8156.16237842044319272096513395815889173903338115922987,5.524191479918253201575727783014462112687180233655365141e-49,3,ROOT_OK
cstr,cstrfold_0001257,cal,single,0.000002013688764284996771735390544969339116267985387047848184,89.66399217489975,20.460238179302525,0,0,0,0.000002013767679027144053896053739161774174580342359688801204,1.00007838057394149116017918992827794256030427070514115,1.662267278109712816176288124937504031458724622618514414e-44,1,ROOT_OK
cstr,cstrfold_0001258,test,middle_triple,0.0002781897899029347374690774447004723248848677791019321085,19.840298855744592,23.130882521751094,0,0,0,0.7892535668450748317819179974766798357976018100013488851,-13741.72135771293337760489099922756848718866641644166988,1.022670352794477155336058524204879208624501610152158906e-44,3,ROOT_OK
cstr,cstrfold_0001259,test,high_triple,0.00000002596433896900783115902319512569847577954901604287440601,27.083807808514447,77.3933150077602,0,0,0,0.8236950812226972023648507368204118890086670768026991332,7434933003.900321302608083759592160692616860143324951614,5.455121135659354540337031082394451314239652881180140864e-48,3,ROOT_OK
cstr,cstrfold_0001260,dev,low_triple,0.01977454811443640269133949636587261403569548773108338096,86.42043335011888,19.876279315695708,0,0,0,0.05454970996826258397296910767522682532755549995902565494,17857.86856620092616365049151454950150042576014141129777,1.569842286530960112356131126592152631059048436594178275e-48,3,ROOT_OK
cstr,cstrfold_0001261,dev,middle_triple,0.01828817949090123976885188883616456249149619475742254909,19.05772677148769,22.414135479511973,0,0,0,0.05450232678076533926950784908130123557910325368546807021,-140.3692533860274733338598454516347933460370475057368444,1.313546445396484810349901336126817478227799898261039024e-45,3,ROOT_OK
cstr,cstrfold_0001262,dev,single,0.005332933912810764449766707131430952237248603762061758858,28.44599078213909,72.63098011701712,0,0,0,0.9999997511981741510491821849574493798842125245604716578,0.00004665389148083867292414311934415721781220020419671791293,1.269210993263258333926806478959535748146360796762386015e-44,1,ROOT_OK
cstr,cstrfold_0001263,dev,high_triple,0.00000249269786832536320956805062734024919980133534390226533,87.90827675342045,20.205569375994752,0,0,0,0.9211882105565210865882328517952413057640516141228259909,31353378.14910996255749616589229695838459888548738966873,5.400792621654616232049261953358256900464187298979387989e-48,3,ROOT_OK
cstr,cstrfold_0001264,dev,single,0.0003023886194604722129873325258885697154154149587146706427,19.120693683114638,23.545169421493014,0,0,0,0.0003044706266472557814409827668839236030049787761305216745,1.013839000142331009396706444959973655446237040516408063,1.037634150851985037995481341979059549583685963997291379e-44,1,ROOT_OK
cstr,cstrfold_0001265,dev,single,0.00000002017727245297049917677964396848046443491565938150171396,27.809579477781252,76.04731906732788,0,0,0,0.00000002017730300647710703417142143290740363862247651620773873,1.000003028510471097113014500911565726641878472381058296,1.36885663380484771084501212990416968687156008428116687e-45,1,ROOT_OK
cstr,cstrfold_0001266,cal,single,0.01943109245601268019701375514955770871651369487475883601,89.79236313061585,20.20075100451909,0,0,0,0.9999964546136383357596049683445258115520369877615215909,0.0001824675078576939270234540619190198510327870856408363814,1.085599736304215617041372622939534963702522051018505892e-44,1,ROOT_OK
cstr,cstrfold_0001267,cal,single,0.01847716723125427398918812715522896899215588192903156883,20.20866256141585,22.1242648385842,0,0,0,0.9985906704208875488164308866629016197289927652772243522,0.07671173610474318817267096582020071423313557172242079958,2.72127394851767560140765405276061309736548582472780626e-44,1,ROOT_OK
cstr,cstrfold_0001268,test,low_triple,0.005139586262223345690719943005296360400413943872444124897,27.85515970882602,75.3833720553054,0,0,0,0.01453733840772054397490601046961709684426638217930334507,10419.40239637598777853271748761591054397442488838718688,1.207278727280689634249202181781246486166775957530050102e-49,3,ROOT_OK
cstr,cstrfold_0001269,test,single,0.000001561588717213502858841230533214652268280678929152346117,90.12548664813849,20.842494698612924,0,0,0,0.000001561637106542749668949930649504511272734326312838338039,1.000061975913620117366218181332350490991222572192920228,1.29556323537204337298461789873755422987454179205467349e-44,1,ROOT_OK
cstr,cstrfold_0001270,dev,middle_triple,0.0004647676493149829447134251865243598131903567566614818603,18.65103160118715,22.012475908107273,0,0,0,0.7785140632776313225576564078690937175800539259141815666,-12011.59938721237747455902876381598981625373260795730658,7.775875783892557097051913051129601770527608140971522844e-45,3,ROOT_OK
cstr,cstrfold_0001271,dev,high_triple,0.00000002651621960069078875078087585252967012227261149144337029,27.943955042511398,71.88207777708071,0,0,0,0.8357558484980665283120584969487072474292168860914651454,941208585.4773656614310815694405504911835548509144084036,1.495967008220580899560076211001097093617315782620898752e-46,3,ROOT_OK
cstr,cstrfold_0001272,dev,low_triple,0.01847325752769431917287584592699015484581590582602863603,85.31538262998254,21.12968269476725,0,0,0,0.04682789468412389522552146403936946499942769778614225246,30.82789109973827031756300658783640656540218869467909524,2.450653139507046332164980126822519073144516316773208857e-46,3,ROOT_OK
cstr,cstrfold_0001273,dev,middle_triple,0.01794897744083217912793859260556693979424908181512213127,19.836176397813933,22.764680668077478,0,0,0,0.05232615556545875669766690877917932830244170537616809207,-602.9141879124407809903534542483196480526201315117921739,7.163830809687021038463018326605114134627591243739323249e-46,3,ROOT_OK
cstr,cstrfold_0001274,dev,single,0.005055931161402132555225074098814604177279796960367394458,26.121808610804884,76.8175093030831,0,0,0,0.9999993232480306771793167202695554622152711502844355776,0.0001338534396983672627116202985540713896573618650050615771,6.562717943566822671849513634963559571349915571591895246e-44,1,ROOT_OK
cstr,cstrfold_0001275,dev,high_triple,0.000003381693450768255442322705580425138245374452775030955188,86.0372308893585,19.810066603120127,0,0,0,0.9195904666684031235525983538397170323197475622599435637,9250080.632243266295142136568621253969403690418695262724,5.249778221388179910310012143817968261309862887561268141e-48,3,ROOT_OK
cstr,cstrfold_0001276,cal,single,0.0003714586321114046659671193906042184355971405195325147105,18.55118753580025,23.214051181458117,0,0,0,0.0003745606994524505738556422585373757555225507340207743922,1.016802938746456687081688331815855101824541891723988368,1.23833609956645372931676985918758991614787253788041931e-45,1,ROOT_OK
cstr,cstrfold_0001277,cal,single,0.00000001309173184468572112457063687482602688350245894394912535,28.597992759110536,76.73380217543381,0,0,0,0.00000001309174482498164579542211877220010186395414381158392101,1.000001982977576911847844486289479848720879497337434807,3.638184996458815128834592479542756402341417970936399395e-45,1,ROOT_OK
cstr,cstrfold_0001278,test,single,0.01982160402469050988668190857560819997470593881756448484,91.80051788693382,19.817283460991508,0,0,0,0.999995788833572445785272514541161894093301210514767609,0.0002124644616925237686764376800984076140688716113927673156,1.360427713716648571585415083471560238718809653142369007e-44,1,ROOT_OK
cstr,cstrfold_0001279,test,single,0.0171002025737525976526161401188369349875096322852849859,20.211048118664078,23.80992203951535,0,0,0,0.9989498258148817195980105661922840813851731759830831014,0.06167357101209192254848188717194713420198812920680339141,4.335360515884232114106652198941961972638835215055671408e-44,1,ROOT_OK
cstr,cstrfold_0001280,dev,low_triple,0.00528618221426696102103772801257397275924929364262732685,27.40211120599697,73.37038592089327,0,0,0,0.0149019617640392244008752071362059887376627663069967207,694.5147269478173604084255654516999391847670750822874747,2.079584852026863308204553516655291034920053449998744755e-47,3,ROOT_OK
cstr,cstrfold_0001281,dev,single,0.000001166347486642703614726769017596303993553525491597186225,92.08378613688416,21.210672565838916,0,0,0,0.00000116637498152744035230504574137174563007511281696409173,1.00004714781297635557702697185901731850489965341515512,7.739499197724381835024145956509530792186674090309593236e-45,1,ROOT_OK
cstr,cstrfold_0001282,dev,middle_triple,0.0003881436108422185867512358592992894399991180283057760659,19.174296177560667,22.289287878336225,0,0,0,0.7909831230762222654199965362173509973860187794000023464,-2435064.799090313045504925388172783989825376530143681658,2.073845851395511476100075804704173924831989900678801996e-47,3,ROOT_OK
cstr,cstrfold_0001283,dev,high_triple,0.00000003697738769254983709592677750740373048285701353236537452,27.39707372478778,70.95757620642696,0,0,0,0.8340244526172177090401546572553937928826839028723786805,228334599.2472839221170360189435824386153573880466257014,9.12614036558805453344819227736800282171714177561247244e-46,3,ROOT_OK
cstr,cstrfold_0001284,dev,low_triple,0.01834838780334465654132320357170871020713608288354359664,90.96973567937123,21.323768023179653,0,0,0,0.05054760069003046136134103323371872012823577743047456669,5875.174959723084520446220378806871655538696540850056579,6.617639389631052100578664065959398972381607207723408544e-48,3,ROOT_OK
cstr,cstrfold_0001285,dev,middle_triple,0.01741231615390062200853173450738774974346825791599503595,18.858784239231838,23.50286356526515,0,0,0,0.05069464260696526533858990910079579528636276197854946819,-4340.911479266166683934151238172388150197396764127762208,2.619778761371139642382229045144823522775691052315513336e-47,3,ROOT_OK
cstr,cstrfold_0001286,cal,single,0.005386339205494657146401144841815566265332820105918559505,27.53578404180814,72.01743666887319,0,0,0,0.9999995852836875163533496850917177897309257009707819573,0.00007699423899463514367276723094715731114978660770906686936,4.426979106487734338540292332359981095848826706319433992e-44,1,ROOT_OK
cstr,cstrfold_0001287,cal,high_triple,0.000001824211629824119935479178398360715743865379947432415244,85.4982847983087,20.83271402914405,0,0,0,0.9221025186519309306765472364116662500220205747067329674,17155188.99526055890145926398859464365727711668252370963,5.369879130489771034260200603899119360099952380967951971e-47,3,ROOT_OK
cstr,cstrfold_0001288,test,single,0.0004252105606318738138667142484061069434003287310958999828,18.349787089888963,22.767172210912097,0,0,0,0.0004291994149396497173733409168045841439072499499763996702,1.018889036381086523335682246835088333804897520025230741,4.599583557987833307788031668807621721068824998932447883e-45,1,ROOT_OK
cstr,cstrfold_0001289,test,single,0.00000002856446793636173875609380798930440745706302685098317148,26.9790281158988,76.79031026575117,0,0,0,0.00000002856452977605651500951342288843342631081974422067372654,1.000004329840329573058126130724938067745278338132486097,3.25357398246425255913109978762980100011127727200219363e-45,1,ROOT_OK
cstr,cstrfold_0001290,dev,single,0.01925705431820234354751840504132467321702799226876995184,88.97339888712384,20.373976879908422,0,0,0,0.9999967207934608565717304287131069446078602073548147892,0.0001702929631475598835084405331062575791240582997411279055,3.714080707787170932679840773232320983319701847869741295e-45,1,ROOT_OK
cstr,cstrfold_0001291,dev,single,0.01745583166780720529193711434899067062287653203376083912,19.833664909260865,23.37689317531413,0,0,0,0.9987404178305155322698201970494109327037060149061979907,0.07251726523657854214611213995205571088090040341985966711,4.031878548065901784053280890254564994151061292176564317e-44,1,ROOT_OK
cstr,cstrfold_0001292,dev,low_triple,0.005250368153280661587675432894469797966505558664801639335,26.43205435403895,73.97224082313814,0,0,0,0.01482437045829867967673778588778147094814996248814886416,692.0295592814309652600009831911653595105172623487261597,1.964758600910057512728910076536637384034817587694649741e-48,3,ROOT_OK
cstr,cstrfold_0001293,dev,single,0.0000010325058903131354468505620634231001204807427836310708,92.63665111932922,21.377637969505734,0,0,0,0.000001032527614948970791118248058340584740083218172275644625,1.000042082037262115131702919344195436131001856841680291,8.775999448848611670319228021680110362278275947111155749e-45,1,ROOT_OK
cstr,cstrfold_0001294,dev,middle_triple,0.0003147628801284325990367609095328107127150451172095419423,18.920472118998674,23.589958086492782,0,0,0,0.7877827410774686016441804356210959988029518534325569988,-142327.4049980445310216869173642350869790605651051563123,8.953045816656425797079064603248025361419512589684702435e-46,3,ROOT_OK
cstr,cstrfold_0001295,dev,high_triple,0.00000003899852747115461244802829053694140920629115260880017384,26.829492909788865,73.63824980264873,0,0,0,0.8279372822319836862259802747211040351519722187130121908,179083959.7775763453928422211745042520103753736711782475,4.409836547084755812525204172533887789210472574645410045e-46,3,ROOT_OK
cstr,cstrfold_0001296,cal,low_triple,0.01928573381422450523853769213285573853970513454982598752,87.69271294545099,20.348321557289314,0,0,0,0.05277813350863173435732279404586215821614579537894010982,360.0087739942352121603230274152665133576594844237874818,1.114791332391837452623413301752329179352891573968249557e-46,3,ROOT_OK
cstr,cstrfold_0001297,cal,middle_triple,0.01842404151081299566224484268557811500511076192515856562,18.593392991609416,22.297897408930897,0,0,0,0.05377073842231815094421496869952715031984972250447576214,-2269.676614861484259836525107433378264715824599746656393,3.033946753253385027260156574122062953475268506782574866e-46,3,ROOT_OK
cstr,cstrfold_0001298,test,single,0.005256900563353512980913257276514113678330245274795140884,27.81795005864061,73.72945725856322,0,0,0,0.9999996781792385509564146013597445402773281485427456664,0.00006121881649437482305985549094786941672617019918493509957,3.645401912897949820057101396573708111289918239583583625e-44,1,ROOT_OK
cstr,cstrfold_0001299,test,high_triple,0.000002203009114223051649374485983558568612960395083804856919,90.95127881301687,20.25780706521812,0,0,0,0.9227623885239930821890369048926796632680579684510960139,4956000.099837300579839502305039188903113332520807403097,8.065065049853493879571747586585366963851979699337975036e-47,3,ROOT_OK
cstr,cstrfold_0001300,dev,single,0.0004138382190099339999432275021259575666057036778623104307,19.521307873261325,21.64258347131057,0,0,0,0.0004174177154901282012447929049657211216394219022001804343,1.017407400639696278709250456529181552644962761405659155,3.573643832916948273193083189236150675992511570487331038e-45,1,ROOT_OK
cstr,cstrfold_0001301,dev,single,0.00000002011258726569365816403014385867706710871343279844987689,27.58549122391178,77.51713436228837,0,0,0,0.0000000201126182181811990820855871486190920561420001298970274,1.000003077925477205590928186950781691056011531841045467,3.65840349536667558351182629097764378997667193287727805e-47,1,ROOT_OK
cstr,cstrfold_0001302,dev,single,0.02010067433198697821132527200358257713904639375371274692,89.8886869015239,19.561919666418145,0,0,0,0.9999947568357547819196053459101149368739038356648810423,0.0002608618701210039201372983991424667074646448646434649854,4.961974202178037472850341226451422395333530993789452526e-45,1,ROOT_OK
cstr,cstrfold_0001303,dev,single,0.01849978932436033070880720151097018774101829260463628059,19.29728666893893,22.159536405867858,0,0,0,0.9981963505544567652917501244467842089152210769649473864,0.09817007594869982841963406742437218286490474969992032157,1.469292573068204405337426114657881047186336683129996096e-44,1,ROOT_OK
cstr,cstrfold_0001304,dev,low_triple,0.005407487194258383818789569421754626179299287327815033096,28.341319014097053,71.61367933545803,0,0,0,0.01476294240250726553214329215721795777353600006538032013,84.18877688420515802411319600495457607881635660113322318,1.53930197966829471952605595516529332416905113393049382e-46,3,ROOT_OK
cstr,cstrfold_0001305,dev,single,0.00000117192635240923046193422007923676845614775884593021769,90.82022948352584,21.259214120828705,0,0,0,0.000001171954177626505996934221645129734372779756419033852929,1.000047487128027745073218416313251004249333764997983489,5.321223442106213467498889017447401285887535822581338681e-45,1,ROOT_OK
cstr,cstrfold_0001306,cal,middle_triple,0.0004686011975168931236087214352345392717947149375405942489,18.953210807565046,21.657429674572175,0,0,0,0.7781372824541873787445726796897937125197919650522912625,-7734.285424284265032311060281235237847322886540948017362,6.446512167881007221866692367881093072512353915564418147e-45,3,ROOT_OK
cstr,cstrfold_0001307,cal,high_triple,0.00000002311347622591286206019004392978898374630240316289337513,27.85951380987478,74.0482936428998,0,0,0,0.8407303237272663186576078281255993670127184580726876657,110746960.0474324737283777174006928086315519219634223128,7.496137848105687018153642312827125813547602476290466956e-46,3,ROOT_OK
cstr,cstrfold_0001308,test,low_triple,0.01861347670924107773680475177850204084319770651245416699,84.89504106809724,21.05286456226275,0,0,0,0.05100042186111613581225949743790197467443994992918757653,409.634439637711503874474136457905371115141084496112864,1.272289145905546222128093537701321214095776806976770634e-47,3,ROOT_OK
cstr,cstrfold_0001309,test,middle_triple,0.01765798170557828467329357757996659307314747783326065177,19.145077429437887,23.16269450796669,0,0,0,0.05282505843055482597350556997804153231250651366814913829,-118.6568230270105695382155997100995410322312801659761119,2.692679827234663401766737587051561072272301471341539281e-46,3,ROOT_OK
cstr,cstrfold_0001310,dev,single,0.005041921887705699779477981643987184966492627612733449115,25.98009627445829,77.05924730359203,0,0,0,0.9999992767895023606890591980597030680431656243942704779,0.0001434398534961465591702518761605390375072096578981128144,3.599283782980875742521203045766957882492921410460533133e-44,1,ROOT_OK
cstr,cstrfold_0001311,dev,high_triple,0.000001581231570536288745804301190827206500494765745234986344,88.80467370752707,20.8888381409271,0,0,0,0.923207682744276783552997266391820785881702372084033003,119352676.0958772008955916276266592807369270182941379039,5.86559207787574414629646162928845699219923901549922209e-48,3,ROOT_OK
cstr,cstrfold_0001312,dev,single,0.0003131751256643472576907783251815896415212815599195325351,19.95904719478979,22.45727476732368,0,0,0,0.0003153002832670070305504077103798793969528563079738896964,1.01363840878382300116713940964201798311130027574180446,6.887159749459367656054404042482537069470544941021151304e-45,1,ROOT_OK
cstr,cstrfold_0001313,dev,single,0.00000001501831738851280630684637793221016364471540475139948777,28.227746499032076,77.25155665448611,0,0,0,0.00000001501833458706934471479296102283973875074677473679504899,1.000002290345916397915383567672951118334683557807196808,4.621135092951204713798205361690633140779994690568761749e-45,1,ROOT_OK
cstr,cstrfold_0001314,dev,single,0.02016781291356515726655894748254033663479965933939502767,86.58946380082538,19.50938152794733,0,0,0,0.9999939670253513909945961061772898188399733206290741532,0.0002991604126917028449562557123887092002938211836507037028,5.655590277506870723813579277876717732008908536677644488e-45,1,ROOT_OK
cstr,cstrfold_0001315,dev,single,0.01872932976893269771301449487970989473277599213157080564,19.231820983731694,21.907194170839794,0,0,0,0.9980817066513629998760915884473710243515162983373780428,0.1031730799521640391763155456035659233234893814461942246,3.683666539560472104732052667779027658855824242806722511e-44,1,ROOT_OK
cstr,cstrfold_0001316,cal,low_triple,0.005257219932604293403640915185682512896685148991428572103,26.256100165645602,73.8985647492209,0,0,0,0.01490866129916357003832709160805879125686380356794035506,8000.938137001763114600607457073660529080650423541420012,1.372492920213581277916277100768565785153709523526499247e-48,3,ROOT_OK
cstr,cstrfold_0001317,cal,single,0.000002298786774234333353264011214778782190505803351815324505,90.60524083653712,20.206524977842864,0,0,0,0.000002298888276252712127347048185879204408400985031294762172,1.00008831210490681063986759268536898998255291904766418,1.747300097749271236531583339093516003126301656323147533e-45,1,ROOT_OK
cstr,cstrfold_0001318,test,middle_triple,0.0003816534450163184285485852107398959959715575851753077822,19.510530840278243,22.049847224526115,0,0,0,0.7715836572538907334846953400006979996895317514963875954,-4239.578859269816208202513989965222957592799755391378302,1.180095634727385375454511391094842636756058536162932129e-44,3,ROOT_OK
cstr,cstrfold_0001319,test,high_triple,0.00000001272633775050314190251220949893447939505100661959631976,28.49280081182656,77.73763820203382,0,0,0,0.8347610224001797114213587317560793907306378401244272938,6045112501.733223476826642471622007719679016774890167507,9.345157007008554449906410732568820356171215032598124054e-47,3,ROOT_OK
cstr,cstrfold_0001320,dev,low_triple,0.0192225419388707391191444417581395421468658414971840123,84.42220667710923,20.421627822394537,0,0,0,0.05271282173194733928860752582159185218506882788537506875,449.4771894061034211375490750373241166967084948191198787,4.939663091113028664821477537263596378791941924844745804e-47,3,ROOT_OK
cstr,cstrfold_0001321,dev,middle_triple,0.01778914519113309088927728959291229180742519131839599288,18.476127019592198,23.03257782886096,0,0,0,0.05478494068875263524673974680504026275108603780851011149,-64.56656037655386303032811972312987621956848731887337394,8.980848396179384904923685432896992432968857069020929111e-45,3,ROOT_OK
cstr,cstrfold_0001322,dev,single,0.005137512054495521641233026982818119818625818314049094481,26.526913582227685,75.56279004266837,0,0,0,0.9999994215947686977148915624552484452074925414186142008,0.0001125849628022680141166193709727472390588571382498864298,2.308384981642419381208066048888395511916305171391061702e-44,1,ROOT_OK
cstr,cstrfold_0001323,dev,high_triple,0.0000009685355572614447757477447780328875541066486007203905371,92.6014339684021,21.48148738991927,0,0,0,0.9270743572413897779686903113372464817600443749035003213,4282747.217747771823089926628421535190892982000198080469,3.033460311530897390584968298525674222337615073903851603e-46,3,ROOT_OK
cstr,cstrfold_0001324,dev,single,0.0003329808742416681796170458761111166639067829274205263103,20.206324615170516,21.94258660444983,0,0,0,0.0003353265807978524409083305526985507142200669166123074772,1.014161076426158465324960363408370451672702252877695995,1.815647448220820544511191957889481817109996525041444949e-44,1,ROOT_OK
cstr,cstrfold_0001325,dev,single,0.00000003243630992118776870659053449654334138683427613158337958,26.79591290902391,76.29061884228996,0,0,0,0.00000003243638913579982905796896853929827861488663297965498321,1.000004884325845273285008814936199662268591347615267492,1.690768263333723517662124245979708809422881493893072702e-45,1,ROOT_OK
cstr,cstrfold_0001326,cal,single,0.01852455378171855319053271164447001327951379659260245283,84.1895446507531,21.151467747598986,0,0,0,0.9999975410260067957945684228839693767185545758237415832,0.0001327454182257720786237531177050482530116228256195018096,1.746018119431118862701051939716768247415900859655738683e-44,1,ROOT_OK
cstr,cstrfold_0001327,cal,single,0.0176276465607854164303449362387985998891899156266129881,20.053122423595525,23.250648819847942,0,0,0,0.998798081447887313703864784432616072625937465242330558,0.06851238129312887713105752799134144517131252825298436375,5.141750919778868413951314949370156256222597234150953888e-45,1,ROOT_OK
cstr,cstrfold_0001328,test,low_triple,0.005232412518771533482444920350747436611138605597913298374,27.599788612470995,74.09240343021148,0,0,0,0.01478992464402773149302870191056485547321746725261664611,2196.695889517689687076010253560866601462816930857492541,5.106349839913848480114315025792356192791845321650375988e-48,3,ROOT_OK
cstr,cstrfold_0001329,test,single,0.000001748378820514375532031638586463868402362649604352503913,89.19922220493454,20.708055676147936,0,0,0,0.000001748439067746229592783115558927837920081124010615829057,1.000068919588858151837724803497026168097230497252933163,6.989379094343987351105720435284358040574643257596009655e-45,1,ROOT_OK
cstr,cstrfold_0001330,dev,middle_triple,0.0002803877774287804557538683994154713154893915277478305187,19.55441364235187,23.405963294765755,0,0,0,0.7952506936320378786167778215503537002342071637313706203,-1759694.754878389276609867600657399078278947765278882523,4.795918892372344231683903938644325101189789251462858073e-47,3,ROOT_OK
cstr,cstrfold_0001331,dev,high_triple,0.00000006650563542347591957017585250533143595835375486542200474,26.13853952182277,71.0359009081009,0,0,0,0.8218911605872055534665009053450038526952212734537791517,398992235.2585721340264160317707057428201064404409777099,1.461872978079127228443211623904251096786599917848279132e-46,3,ROOT_OK
cstr,cstrfold_0001332,dev,low_triple,0.0187009882074654491273896246071224501611756200677286205,88.15147567896292,20.950010991215674,0,0,0,0.05155822471866450434323836443197422608418577335217196822,13282.2113357081405807305554425759061733789267553381685,2.800098291564690534289236835498262005214046020431288708e-48,3,ROOT_OK
cstr,cstrfold_0001333,dev,middle_triple,0.01752435725483784321584964947215601749454102886857416153,20.210272646105395,23.254117077553797,0,0,0,0.05222812317604574976942153198726908002744249921004241712,-116.3308550144575099177808870086117273159761649162607093,3.709957568884850077172380245879220113892869701421523155e-45,3,ROOT_OK
cstr,cstrfold_0001334,dev,single,0.005417996625349387195592466402487515668491744310909676134,26.234660453037495,71.74084056501674,0,0,0,0.9999991616556563568692155414489832703401202955427809264,0.0001547338091853276008850284897251840565241322160874497189,2.136545102579442420384233557861587971890044828574056442e-44,1,ROOT_OK
cstr,cstrfold_0001335,dev,high_triple,0.000001156353125188070216063912809821023010360232596528691457,87.23607011322427,21.479744486033322,0,0,0,0.9263996561918263343813349620993320114003991922157726517,2036129.559595083758393954033262322018832287695179265859,7.472870948742155064265497853998383367249027311185694353e-46,3,ROOT_OK
cstr,cstrfold_0001336,cal,single,0.0003109281150191203907583446915542464429353762849741585869,19.602754102137794,22.858094652206375,0,0,0,0.0003130622422497683528554944656454597767509291536404952929,1.013795685975334919073248855326811378651528838073125169,1.386112723657392848936455897922530167265623641521884403e-44,1,ROOT_OK
cstr,cstrfold_0001337,cal,single,0.0000000355223914279946014093755152864722731530449904109741679,26.52123585270886,76.88755652429633,0,0,0,0.00000003552248718634833435715461362887321755411658045046965799,1.000005391446830010532894412228230553428071141363709644,4.466000039629440256968397843031749843553350528483512795e-45,1,ROOT_OK
cstr,cstrfold_0001338,test,single,0.01837948785371703290104237790560129621157173421671195736,89.42207564567452,21.46517823806459,0,0,0,0.9999983479282549687262113875972779328251668956201264061,0.0000898886372162358162858756251511276934489539647271761282,2.580659533404424784769288144956639752183661044876050873e-44,1,ROOT_OK
cstr,cstrfold_0001339,test,single,0.01776306613971200849470714933100307855787280550001518153,18.998363057197583,23.05160355842542,0,0,0,0.9983012849784519429580614498434023471733404750838453439,0.09623879194403486974144284377986134954546033945332896215,4.301171014142922363064856009192591291848419005558894393e-44,1,ROOT_OK
cstr,cstrfold_0001340,dev,low_triple,0.005226809333574825564870874504790918659761776656885611223,27.576591787416575,74.17236401418975,0,0,0,0.01472178784243973723737033585212773268515331520083920418,613.6535223745974133643535662792672844797311419111123731,1.419153315151081508591287308529361471363385634371293054e-47,3,ROOT_OK
cstr,cstrfold_0001341,dev,single,0.000003717861929582526978775248331145371454396297931459587191,84.15067070487736,19.75185507686998,0,0,0,0.000003718121153894180239562788801564473035118311512675876648,1.000139455278701100142885210960806253023005333631060196,1.75058917811502844314693937732396186322577363760392513e-44,1,ROOT_OK
cstr,cstrfold_0001342,dev,middle_triple,0.0003033042223953079370325198906129959469870930909132170693,18.995185769039562,23.683257505913076,0,0,0,0.788810445668720405765090760197194192614190729535173261,-194304.1914429734660538224137650467516812825793836356896,5.934332882845324332841948828417045686063279149711943434e-46,3,ROOT_OK
cstr,cstrfold_0001343,dev,high_triple,0.00000004335995458114307244741472612576035527144718988147125105,26.55770110930557,73.96354410311201,0,0,0,0.8220686012374571428838816395762457895726661916279739648,19809603610.94543354315830688778653145007338939943128848,3.499413426148438081191370651230227142189594201682458771e-48,3,ROOT_OK
cstr,cstrfold_0001344,dev,low_triple,0.01858428912626174207735133336126986791444849689764564308,84.56109609263086,21.085743565905894,0,0,0,0.05122013390981638679913212013808620826468554837630272937,2652.931779633011033796208638025140435249521569291208536,5.068211537380354461678751540783689625144406982560615396e-48,3,ROOT_OK
cstr,cstrfold_0001345,dev,middle_triple,0.0189770949350483327678525829725739125609358253989789756,19.0354997851345,21.65059682558578,0,0,0,0.05523939469025042898415128562437561220312581140980042727,-10435.3734167623848701733967142593665086475502397206793,5.260378219334269906122276121056519648124054269134570332e-48,3,ROOT_OK
cstr,cstrfold_0001346,cal,single,0.005111349462877996662934682844906743108980100510368940379,27.81299094743379,75.79828898405258,0,0,0,0.9999997149757522442628987125169152006151475687511951079,0.00005576308415278586389303745379221481349344270397611924976,4.396886230731585658502690236285616141666662440636978015e-44,1,ROOT_OK
cstr,cstrfold_0001347,cal,high_triple,0.000002465369779629668228566889090889801261895046835132649038,85.07697248727031,20.3668443735899,0,0,0,0.9215021516087846532994128545993150064434383574709884937,2631341.915868785716572504761408114085485270125356007765,2.27321304061545218815226658443367438844048684909640162e-46,3,ROOT_OK
cstr,cstrfold_0001348,test,single,0.0002299118879097981423679358182353890714110203615186347607,20.10634444035697,23.714280995273466,0,0,0,0.0002311216932001179926070781353399889152242930670669735453,1.010564188992380870038404721420944265005592908568180022,4.033672419351213204753789672468452519767615045829403561e-45,1,ROOT_OK
cstr,cstrfold_0001349,test,single,0.00000003708425055026786921101055996695652116876164800820250666,26.72041044348503,74.98555970037147,0,0,0,0.00000003708435229869823798863951550796666403631680125311849499,1.000005487431071500038608349762835686934532061554111463,1.707232333319844598291296647522780716546052047273756066e-45,1,ROOT_OK
cstr,cstrfold_0001350,dev,single,0.02018973560031628486737688923008502974105194641977618723,92.15716774219594,19.47474164860917,0,0,0,0.9999948402987165811650589362099717828109511801814920948,0.0002555768006085473050000952515431048654604457767604843401,5.552853791225413424573475079789767158167614965556884694e-45,1,ROOT_OK
cstr,cstrfold_0001351,dev,single,0.01782093131753403545060770131239278413143125336853554563,18.548687931134975,23.081466294516193,0,0,0,0.9980692532449998400029513138889512551795550229453838432,0.1090977348119622597492034054328251186758627538202692823,4.988217228236550616297011518786402559153014745276552001e-44,1,ROOT_OK
cstr,cstrfold_0001352,dev,low_triple,0.00518222915421760229366814823137982211960837684475354139,28.283999053074947,74.72751006210892,0,0,0,0.01465015519076992932373624325714445446708734423272723698,16719.67387446889503468430399231262770195024074434271898,4.031608697579027608952571004899045459858385769590199042e-49,3,ROOT_OK
cstr,cstrfold_0001353,dev,single,0.000003391835686357557612384544091225169083348575574622231716,87.49917493004146,19.73548123256898,0,0,0,0.000003392051249980465635614668985180106888331462341717437183,1.00012711335186312152650578769233181499734763475390305,1.544305844850490597735123333404025763596959616327771593e-44,1,ROOT_OK
cstr,cstrfold_0001354,dev,middle_triple,0.0003760669172910257905364220140490657908103281286620961429,18.31149667228364,23.4543286576171,0,0,0,0.7789762859563827797108903060527833220711356348457537331,-38741.2294759270853271054556359831755229792780749041975,1.595134321448351043609355965738473458888243413007076825e-45,3,ROOT_OK
cstr,cstrfold_0001355,dev,high_triple,0.00000004831501786336676942947509716996769209385975952517425795,26.05293782705431,75.84982237936782,0,0,0,0.8181774741246538466348807484573356503358408524244702926,228090004.1621595041167615619979091408873326659354647909,7.13500686069538738654925439231021224803733945182440717e-46,3,ROOT_OK
cstr,cstrfold_0001356,cal,low_triple,0.01943527379312757345141650219736695014980982422334011781,91.89298899689243,20.18926476734041,0,0,0,0.05355480713141705140016315533850679933754751544718439136,7763.861452319654208992920852581038271483861054032621474,5.24779673448641124408849593930252566955047651586602467e-48,3,ROOT_OK
cstr,cstrfold_0001357,cal,middle_triple,0.0173449694129081792045092991721714195623840334181108699,18.38343821335511,23.601004467772377,0,0,0,0.05334375712122805398755123496837559584217596322130021851,-66.27661691159839089087176861983570101417431650881844858,6.663369243883366895142286503932107493741426355073211193e-45,3,ROOT_OK
cstr,cstrfold_0001358,test,single,0.005390441522990975741655830616891579127354087011540853856,28.6489462747372,71.85056714832996,0,0,0,0.9999997638952607064692851620676997735009567531145014093,0.0000438006808950588786513857596791543159689147334230502758,1.149123220709723946506337547120324985706115726919112539e-44,1,ROOT_OK
cstr,cstrfold_0001359,test,high_triple,0.000003228482692783605014519952392718303805553866066984179085,89.78665138810088,19.709155680114762,0,0,0,0.9204701134338197891092436463983056329343975598896437701,15413180.35525274132157241328291622475232014096904280901,2.00688231293012744917508488003006490470642028025660583e-47,3,ROOT_OK
cstr,cstrfold_0001360,dev,single,0.0003472918758762979516979890755764522905642856495229002169,19.00682871541019,23.00271904894745,0,0,0,0.0003499752736562566379960073417028843438322823210945342957,1.015539659437198620207633645468343328091573790563964049,3.958277270514278892992810285456083591611047908251667713e-45,1,ROOT_OK
cstr,cstrfold_0001361,dev,single,0.00000005019306148322643446350812103537554723884243430899647046,26.54456390521051,72.14857410132171,0,0,0,0.0000000501932407318538437561033693516771194094540761132373316,1.000007142385412643844536111350938133899092418022663093,2.926481499338281514760443126529386312632691844389163501e-45,1,ROOT_OK
cstr,cstrfold_0001362,dev,single,0.01994959329656056030310086624535474895505986805689501257,87.77801437175953,19.707569240342796,0,0,0,0.9999948656715904478903971302470281824382697968214112979,0.0002573811138394167383233344592449693299909111308299810089,2.436333627086041275343287139624163969452516284359963251e-44,1,ROOT_OK
cstr,cstrfold_0001363,dev,single,0.01890402831548056436218235569344868269311571121226680971,20.053008525289293,21.66078042931368,0,0,0,0.998400657879060051602154361889766184711369224628849587,0.08514968401048919995976178655636619536819971494572840632,3.153161779591661253463905322995989481090760934568709636e-44,1,ROOT_OK
cstr,cstrfold_0001364,dev,low_triple,0.00528937879567658617023734637454881004745963115090300854,28.6069475476542,73.20307590204973,0,0,0,0.01487475933276744096142440285509923872646079037558929651,609.9472013397618454748693338204330267006803913122965761,9.444060757218220829128252714493309478239422043314478408e-48,3,ROOT_OK
cstr,cstrfold_0001365,dev,single,0.000001134129702801414304223365040162687568176906269920779063,91.36789729591524,21.29109834603674,0,0,0,0.000001134155803123368788932793144058001856008960827944421796,1.000046027836864087521213166293654654390175088433378982,9.770590635452366522702844291380215482392577794495094647e-45,1,ROOT_OK
cstr,cstrfold_0001366,cal,middle_triple,0.0004432909447792052190011792857722305663136516182237941665,18.321270311715324,22.61487229506929,0,0,0,0.7792938238798335585650397430298055172983670866193568299,-36869.18031368324458297112948317306156921743794491907298,2.485123917449736562286583547288625197411266223007674791e-45,3,ROOT_OK
cstr,cstrfold_0001367,cal,high_triple,0.00000001505943458750455636991093360210150562860684760611240019,28.468560277363476,75.76712745432289,0,0,0,0.8420996834308350945271519906740245579193606997483222286,215349150.4074246401754496659356817783775481304860634795,2.147338477055660688403774735034379740706805693263867927e-45,3,ROOT_OK
cstr,cstrfold_0001368,test,low_triple,0.01943225102198305412110920393740225174883586575204209602,85.8128397370944,20.196061194291296,0,0,0,0.05166580063528540219834804642602072891390896953658147333,73.94676222009446328159590787540043825254391356880636192,7.952320708720276914615643584314594950432659047593570753e-47,3,ROOT_OK
cstr,cstrfold_0001369,test,middle_triple,0.01811459814560162897598346165137758604250048925884294106,20.16581886941824,22.545650646912623,0,0,0,0.05248725177061133201173395775502892398725484811815553704,-6968.356717460877911382274658213977325841953547428469429,5.283502409145700607105047881442363520525344736033016206e-48,3,ROOT_OK
cstr,cstrfold_0001370,dev,single,0.005040390819431298747445806873297089311534799148467548792,26.76733278132235,76.96916259327419,0,0,0,0.9999995298581798123741803781112759432181873603255889279,0.0000932750551924909414665681688210569489969074320423006092,5.586517775278833788210374638456703684818192052648900387e-44,1,ROOT_OK
cstr,cstrfold_0001371,dev,high_triple,0.000003069413525474410633193049184117212822304397514942053985,91.95749966668315,19.69523225285275,0,0,0,0.9238220287116742514694229740050415600074162097293739534,673825.1692545561611574766910444277471203758484627051526,7.537633198274004447675374214568287400165630922786842736e-46,3,ROOT_OK
cstr,cstrfold_0001372,dev,single,0.000346504311497978964311905082066637583670053760128829858,19.218549451782035,22.77454316676571,0,0,0,0.0003491474895254189478825598331848190088623681366387346861,1.015340477351270371022106410453157017435450365064141366,6.994803278982006222927971905167696958029103808982551248e-45,1,ROOT_OK
cstr,cstrfold_0001373,dev,single,0.00000003945599264612916286028436712902266607352363283343512669,26.529105600863627,75.40196421695524,0,0,0,0.00000003945610847377031266475659872764791009170486908763729853,1.000005871244482976129170457750674467650114358261930978,2.005009467963619327303796510895962049008091127560189505e-45,1,ROOT_OK
cstr,cstrfold_0001374,dev,single,0.01959091364269539713392249981368535790281535151073321083,87.87269491342462,20.048365274971683,0,0,0,0.9999958452742811486603339991512149557946267853781367379,0.0002120849480906278098937445994738769512867766987483280037,1.033800772186958012294540669832114701180601557019116901e-44,1,ROOT_OK
cstr,cstrfold_0001375,dev,single,0.01799909885281995911316225147846364433389789072889767055,18.917166357091354,22.772625566954293,0,0,0,0.9981804345098013859472435618673620532717222780200143593,0.1017765576162766529818640253142191372820465961240869452,6.569809161441853237190027348099074356716138918253383533e-44,1,ROOT_OK
cstr,cstrfold_0001376,cal,low_triple,0.00547250843870108066478003073508373674896752944047310709,27.321368202537514,70.91863996560802,0,0,0,0.01547270552285981703093049329010020628413279631943225752,1866.311131622238665194947449568516897409794104518291378,5.692922988229731309688213724571089306994039588631808389e-48,3,ROOT_OK
cstr,cstrfold_0001377,cal,single,0.000002029660131810276224387391653664096985888510297946790095,92.76842235950984,20.304754625208933,0,0,0,0.000002029739662770879895742007804291484950427214356185920992,1.000078371029722954720572112224032616801697265356734135,1.678232015434334855553208466791620917474176088083633795e-44,1,ROOT_OK
cstr,cstrfold_0001378,test,middle_triple,0.000268164641547007225902925532474812685723304487996341044,19.450656420498742,23.742050171842244,0,0,0,0.7942214863104287923584356674715795530966236422716351394,-1558600.032146649250178934810004491083683235862886446703,7.05634337068135090673444501743556213735384913389677818e-47,3,ROOT_OK
cstr,cstrfold_0001379,test,high_triple,0.00000005818632936780741651577607806079947320719469299545539785,26.164694874867692,72.5980989093157,0,0,0,0.8213810185587840799552499162518554616391930917584614574,268408329.2714922496671348740342404239916983042339583291,3.9301369632635125778937989219778686320921694149600442e-46,3,ROOT_OK
cstr,cstrfold_0001380,dev,low_triple,0.01984326927843677506345168667963194385850297912371272036,84.78259239854287,19.803758145577206,0,0,0,0.05281220926289981776167953524677121472006382201141605013,75.58645968462028674324382393742976495108596359403673176,5.741215342833519965870215717727157419073507996681527219e-46,3,ROOT_OK
cstr,cstrfold_0001381,dev,middle_triple,0.01803576541179889479134584604008219750462448212743913105,19.58390407779057,22.60708567349843,0,0,0,0.05725105158333634345500217633837058547412687762556015712,-40.66717864260948794615615332882355210573526587906008868,1.215675520819193211924732499459152305324284303363691225e-44,3,ROOT_OK
cstr,cstrfold_0001382,dev,single,0.005034832309961056813937676550007170815869537575683956717,26.63799954632871,77.06780379062451,0,0,0,0.9999994978431307045348970484136205875628088680774863828,0.00009973676746355457193588148101145251562760717783360362948,4.550904889136184013200278114733608838713910046884094759e-44,1,ROOT_OK
cstr,cstrfold_0001383,dev,high_triple,0.000002740663344495159226708841883230415659233536662575250187,85.62599731269033,20.167642806988418,0,0,0,0.9214273808149882286800677590330036991786823112076261995,1860135.436063791954470911320537734586676474067815279599,3.427820377494371982866584389220780967106997135859032608e-46,3,ROOT_OK
cstr,cstrfold_0001384,dev,single,0.0003027909967649197461251588344261296510705428441474080374,19.155689521378957,23.49753348794181,0,0,0,0.0003048741227302155054758293798205474076285150112050243077,1.013827985976841428985959717090084801317491700990521646,2.580230901196750555132111380437621466619732240241523544e-45,1,ROOT_OK
cstr,cstrfold_0001385,dev,single,0.00000006925197728255036345588890929652492444641124293843068276,25.992288689746246,71.4129963127791,0,0,0,0.000000069252314974162794124782287834277638412910109288153197,1.000009752582612857437827874062370961855086462882469107,1.030441753876155178926334380805137847740293992582775782e-46,1,ROOT_OK
cstr,cstrfold_0001386,cal,single,0.01828319498875233902927233146500284434696374396821216887,88.45759957437582,21.408414751973343,0,0,0,0.9999982130316947191142654531592335648306570428645069752,0.00009774054426593070278830461426744713166971666189877591874,1.217810063092549676759158431887138503797023361243620351e-44,1,ROOT_OK
cstr,cstrfold_0001387,cal,single,0.01735367936609486414180648158317675461715181674435759674,19.602037227605567,23.52208030105826,0,0,0,0.9986836723708381719672631544482440444726131602345524471,0.07624089403632106647634417183865292651901361244881428438,6.936157416089198559549091385201026929348235945075085535e-44,1,ROOT_OK
cstr,cstrfold_0001388,test,low_triple,0.00529163800650936491073217081399387426189370617229933639,27.369123034736866,73.25799222545025,0,0,0,0.01446629772771447215403983436894247711119513952821914862,84.25616248903297608518624743322191603837414766267670018,4.467538783595947303166405341724434690991636845959352003e-47,3,ROOT_OK
cstr,cstrfold_0001389,test,single,0.000001389487286475090757924093927650997207146978296825830201,88.67692384837993,21.103283228336906,0,0,0,0.000001389526100991336172831205115079825102109666147820579272,1.000055869992368369363425347382434871198072783594764731,1.74400638035829675040647085978164955010905990304437354e-45,1,ROOT_OK
cstr,cstrfold_0001390,dev,middle_triple,0.0003312736266748021632014029177647631437243774925451117297,20.103614754923086,22.063916231690403,0,0,0,0.8001310009400966390776236758176204541747297147961539455,-1640225.372970072618998340108852959122732719537390224477,3.27816661721072877464757228788536640082994951011470152e-47,3,ROOT_OK
cstr,cstrfold_0001391,dev,high_triple,0.00000003806127196768295333961793596997806846940275044025715691,26.64500946003239,75.13042005640274,0,0,0,0.822207289400078449430794222642276930522520683753813399,1469653417.956950781515859936741794049469037952782681926,7.398882159240765151539693433884477567367728161094727788e-47,3,ROOT_OK
cstr,cstrfold_0001392,dev,low_triple,0.01927757309312639254196553341666146299221825416144354572,86.76753944297117,20.359731843465646,0,0,0,0.05315649812037196097819403020738495888178205628622797667,7075.347532300741441363257032711456602440844018307550696,4.798239094845383150229677805791695970953249907041207556e-48,3,ROOT_OK
cstr,cstrfold_0001393,dev,middle_triple,0.01899257446018038683143959084945135601727175976400862644,19.20457917882012,21.620101575448707,0,0,0,0.05604020981681381704670498143331200029685596785990534906,-232.4983945281768277025616286459062404054031926190746225,2.886716518818227363947867526115632853838941318432600972e-46,3,ROOT_OK
cstr,cstrfold_0001394,dev,single,0.005203563663930918758368352775313109388942149598671152052,28.567807444432447,74.39704621700947,0,0,0,0.9999997914733078990750933861002839515200822161298668418,0.00004007386305178499903308672698984566919990222976078216265,4.120781215057402720627176071671356057273645567189861136e-44,1,ROOT_OK
cstr,cstrfold_0001395,dev,high_triple,0.000003482929182291278912219037362856243470093588458675118888,89.68972479460528,19.5944172189825,0,0,0,0.9201361759336099610428484160093908178982221556864108322,11961003.72053042401992478350522986543751661282856107326,2.682692195895595410115348788815316736519567245955125205e-47,3,ROOT_OK
cstr,cstrfold_0001396,cal,single,0.0003053512027721515933424517789599240362619648379127476486,19.166204483361334,23.44386818597532,0,0,0,0.000307464778883405487550686370072885919808940326383116387,1.013912905141595366519321535659771030607505435012300551,8.641475847070690273320647315946426055539027184964863031e-45,1,ROOT_OK
cstr,cstrfold_0001397,cal,single,0.00000005145516823926142198632728702509462082477868192554924749,26.517592440952015,71.90681517271243,0,0,0,0.0000000514553559755809179885659331938957761521140456032942328,1.000007297102558507787189647772193947819765984140628329,2.927016505457925518505265184597068022296808005237858671e-46,1,ROOT_OK
cstr,cstrfold_0001398,test,single,0.01904660381665737416670784720981281115444326090487132838,92.30654613022134,20.578446947159645,0,0,0,0.9999974160348493965614844969144723242168621549241407228,0.0001356698744032114506405330464260192759696154856276910519,2.013813850051866034256753144094101322761922533037610375e-45,1,ROOT_OK
cstr,cstrfold_0001399,test,single,0.0187826039904824865338506572687583491787561586535181484,19.260286665101898,21.850416264566338,0,0,0,0.9980787011671505007912464688884591684588611641744475104,0.1030444806966033703629265740111419830995733354744385814,5.930814321998870073277801232508221640285915318744343368e-44,1,ROOT_OK
cstr,cstrfold_0001400,dev,low_triple,0.005392720202980145454092450861108063636113571999884872849,26.416166698973313,72.03992243046383,0,0,0,0.01501580391491576052130747305522161131546879438858439912,164.3519684063819695308928735485324690057594856217455826,6.074311984879513035499513948414049384287662347577258404e-47,3,ROOT_OK
cstr,cstrfold_0001401,dev,single,0.000002710758592014737634797566992456469287018102610194102288,90.74857596648849,19.94070276065115,0,0,0,0.000002710897782939543784724787931003411016242789238556339969,1.000102699102071294066800122602645221802085906208161529,1.457943765484583395384746950939117277208730336622302064e-44,1,ROOT_OK
cstr,cstrfold_0001402,dev,middle_triple,0.0004114741864952934922975147940667275752580269369236854162,18.979448681893636,22.225954021610924,0,0,0,0.7888689988377412372861641389251261113246122404491013341,-1872601.736704476493858075586735166101878324509034140305,2.475994825345822768871504899210387075459977654210186522e-47,3,ROOT_OK
cstr,cstrfold_0001403,dev,high_triple,0.00000003630190916793482791971013102717768329105937083152142107,27.25599263661166,71.98067327019858,0,0,0,0.8303223988738389749689191972840774614184687282514724389,748230057.7566794466177614788050693322937228085475147496,8.995060187826855884835135046761395725098427533354581018e-48,3,ROOT_OK
cstr,cstrfold_0001404,dev,low_triple,0.01843349465992935172953501458941395733039384340444025334,86.48479356465087,21.243362364419546,0,0,0,0.05081246621866543601116532826867098558432165843868544053,4978.265416036990739509637053211000789245186599322600976,6.024187060175021644738100414125291796604351752339668711e-48,3,ROOT_OK
cstr,cstrfold_0001405,dev,middle_triple,0.01744128910206581024985198950973189957609140120731275033,18.584062976133346,23.487730566707853,0,0,0,0.05084518957485220018199230401052678946356829504122721593,-3625.272566101432984707552732028426363047363895654556637,1.420413079183721416440578108205803404077424345589068312e-46,3,ROOT_OK
cstr,cstrfold_0001406,cal,single,0.005021014846188120533805614723036185688974406701971901243,26.603376627450373,77.28087021287038,0,0,0,0.9999994938737787621871069843099933912800087015775748064,0.0001008017858636065137464812257747566473797969686355353442,6.407017570447515711371031862874446127978251964881058175e-45,1,ROOT_OK
cstr,cstrfold_0001407,cal,high_triple,0.00000186963426732154740041642378584677678710424473919444241,88.14210441212668,20.653788663393286,0,0,0,0.9223934364248131434929458310029603013405033299392362732,109540259.9319579655041645120146320785973552926313758389,8.104271068149080495559031643637432001053115083453339468e-48,3,ROOT_OK
cstr,cstrfold_0001408,test,single,0.0002268351904745043150407588946374600168985333324045254716,20.14248044124194,23.751269757170423,0,0,0,0.0002280146455266671079634876158001951154993994409864253338,1.010438391547281485511316080885115301142734815641015959,2.101731583520767173485163618719997820586279580922042077e-45,1,ROOT_OK
cstr,cstrfold_0001409,test,single,0.0000000321346703605977701666895145727592072227871431030960344,27.420276506776954,72.52601725814996,0,0,0,0.00000003213474422126072345157640633005070937864606202112920142,1.000004596953151131978780348612427733163948704251427427,5.295354015008187315539957663770116633275233183611881475e-45,1,ROOT_OK
cstr,cstrfold_0001410,dev,single,0.01951512688655546861522295326121385139200843239400446633,85.3309649157681,20.129528221865744,0,0,0,0.999995673418908879405793651123745929944494174689711386,0.000221715651781959605384543345047435598462210539090625013,1.5534191711850539254028644974465868714372740007160861e-44,1,ROOT_OK
cstr,cstrfold_0001411,dev,single,0.01733112606454343329993820727544018650876097403050065676,20.21502903800769,23.508385564101623,0,0,0,0.9988963601074009839889623456853212112423458893085134385,0.06396412904057964634544648253660306579714313199817869219,3.900661464449451072942390802285389089685710646285162063e-45,1,ROOT_OK
cstr,cstrfold_0001412,dev,low_triple,0.005009606221664027463788962999260435767365051934423837181,26.728924344889446,77.40981175816478,0,0,0,0.01379716653233416352471753490232889300391529526953454083,104.1217321982536759971912799178781853613681022140120019,6.139941449586068727707588574742283413597931141267992865e-47,3,ROOT_OK
cstr,cstrfold_0001413,dev,single,0.000001267948389061357959873719395246072075501542969620660015,86.22718745420764,21.38540565253575,0,0,0,0.000001267981163796621221724029550594465649281443031961235838,1.000051698263155695908488172290319762260776341702554111,1.085541903814209555408608559642140918842044980540919888e-44,1,ROOT_OK
cstr,cstrfold_0001414,dev,middle_triple,0.0002749188108146127703679182482342536175598699238315562131,19.50123080580583,23.561914760926502,0,0,0,0.7947523642204149854072368037902532506925134224433582074,-2538557.527908626388676600791362681253962887324588569305,4.300309375695216651466819443334413603232274158423765382e-47,3,ROOT_OK
cstr,cstrfold_0001415,dev,high_triple,0.00000004889406397690276380416261738073406550458303131820966249,26.843184766436806,70.713046253906,0,0,0,0.8277172615871165453512783345671909283517669715725194594,935749583.5043982984387209509439806574692534310309867895,9.809557542100685455755891890233344275440614717011638233e-47,3,ROOT_OK
cstr,cstrfold_0001416,cal,low_triple,0.01923379443376717715014799028106441961947857725855116402,90.3158660672061,20.39344699074723,0,0,0,0.05280341059718005670467864791615980670732976380541772424,664.7291271987574584591883897718441509979555503452340419,7.093528555626024950709063914484841043753342746235337309e-47,3,ROOT_OK
cstr,cstrfold_0001417,cal,middle_triple,0.01892936217839369818046088068183980840705814096195488664,19.83134269297204,21.647705891444012,0,0,0,0.05492909071339346935322119215056431454001084887093467,-11948.24649587937795467580916924210904005533015736915263,1.506368685980113576968156711059497962632717919025797435e-47,3,ROOT_OK
cstr,cstrfold_0001418,test,single,0.005152603123471181380782244597029966113358562679859378045,26.598071134026604,75.33598415255355,0,0,0,0.9999994367103034303863040066157305303485599356500241161,0.0001093216367156245066238116394105797767851241600355612393,5.399722303240710938437474736014386382948679454782369641e-45,1,ROOT_OK
cstr,cstrfold_0001419,test,high_triple,0.000003443901465040463466260045094883516280742425184860180486,84.88125128603758,19.83813441502138,0,0,0,0.9198562488829009449335027800145536105103855685745557677,2305220.230644071183498971930140297637215547437575086723,2.000692279679593583418932957196356873734472256400894307e-46,3,ROOT_OK
cstr,cstrfold_0001420,dev,single,0.0004390840053657920322264292907304567785472664653102278381,18.678497235512612,22.249162806837116,0,0,0,0.0004432366636445859914786311868117145772375352617198948555,1.019044522145736846333371680355862379338979158089169102,5.792089122413493085308238996155095866030115563101500344e-45,1,ROOT_OK
cstr,cstrfold_0001421,dev,single,0.00000002806578370998988966222944936131090518930394269588247231,28.047163070047336,70.65814481231243,0,0,0,0.00000002806583857904661309163788508312380898348772893208310216,1.00000391003762943224958903690287576691809783410593264,4.183732395419680638525782745540588905646850244446840424e-45,1,ROOT_OK
cstr,cstrfold_0001422,dev,single,0.01923141656843950745108548645545500411485566148740975943,91.73794842113672,20.392260762041424,0,0,0,0.9999970462332772527919787956560161376612969309407627584,0.0001535964384329525442141035991636263016246800219416889837,2.589082680925472417485746480058229761287737514186775277e-44,1,ROOT_OK
cstr,cstrfold_0001423,dev,single,0.01892488698164406840678532171293168100499314505534234518,18.92179483344161,21.715224734731457,0,0,0,0.9978363074720792268549403088381773304499567178026181999,0.1152574491107068349205495897216241622496938155281984286,2.710077935854663047719823658035626584837823758760098844e-45,1,ROOT_OK
cstr,cstrfold_0001424,dev,low_triple,0.005145513220616039977860404587764672433976221098039041242,27.346263536611218,75.35261838796048,0,0,0,0.01452078730030094629207234913421995882058900765602516826,902.2328868227116105353308310027142666096214908471093902,9.170148646274108459823710337416560202857945156989911765e-49,3,ROOT_OK
cstr,cstrfold_0001425,dev,single,0.000003063726014175818051210377730349811030315662647769026407,88.20720768544784,19.863572130961817,0,0,0,0.000003063903090739487220554922629372838086897771344608034265,1.000115600525336083716726955276593039965676652400642006,2.080075389697518043258496059296652886843429243721271664e-45,1,ROOT_OK
cstr,cstrfold_0001426,cal,middle_triple,0.0004970631841373051801755017518157198903711038200371810146,18.38322274156379,21.986546152415485,0,0,0,0.7797754277308469802335943125319095763449000954377434951,-31756.37065339253408675324122127962463676249734788450602,1.703100684252988760053578826603318521613381115027597637e-45,3,ROOT_OK
cstr,cstrfold_0001427,cal,high_triple,0.00000001311192461994245846432467087860100661540056810011648951,28.620557946891765,76.57941850179532,0,0,0,0.8363690112503814235300243370133239866644877525374641273,32573753355.79750049568156525182695775734577845308297762,1.400650236847473044463064211471929764246962068006038099e-47,3,ROOT_OK
cstr,cstrfold_0001428,test,low_triple,0.01827372954945752765585070368981787221670992043514121125,88.93257760063918,21.407503919920227,0,0,0,0.04929040699696509756899417038862694026864286756173561493,126.8609250209568434888972757214209882755038028112594681,3.251864403961913645091108069374930114754494484032113151e-46,3,ROOT_OK
cstr,cstrfold_0001429,test,middle_triple,0.01816711629447007967202473984012244599364438326726157836,19.069256637427088,22.560123897044868,0,0,0,0.05293113905780394875048110909618868367577285765205514366,-1767.141200222637412766097809942556506160834020753470396,2.809678291862616745615892686564670668581870804347427019e-46,3,ROOT_OK
cstr,cstrfold_0001430,dev,single,0.005071228743032782547373043642067199630838587869515481756,27.002120152364103,76.54800575044948,0,0,0,0.9999995773713198302846790726320713895002756686749364268,0.00008333866458786281587234198351289041577186122096120656124,4.002823968667206181104629401358556531335652415187300676e-44,1,ROOT_OK
cstr,cstrfold_0001431,dev,high_triple,0.000002211774016376665669268580830286344936298371174190490217,88.66507343711541,20.359283259593525,0,0,0,0.9218072416636403389434086353027329071659599151754463894,72103812.12694391605111176458902835960652392178703284093,1.081853962439270727879195046205112847028055014162573702e-47,3,ROOT_OK
cstr,cstrfold_0001432,dev,single,0.0004453756616776388483520098745698841866710825448271841902,18.802632961811156,22.045526386964063,0,0,0,0.0004496075148747436566569743178285954982008140055266236227,1.019134192400841099541896506122197592774817749749126334,1.919369580355579005504861607234673574315929107883651878e-46,1,ROOT_OK
cstr,cstrfold_0001433,dev,single,0.00000002353356426785480535028061867775508166862166827669363589,27.393924770405146,76.66665661226259,0,0,0,0.00000002353360617432600287233601185831155961895700283645821225,1.000003561426164480619906583203721670775162057289506419,8.930053306617509415448827244134387517434909440696951727e-46,1,ROOT_OK
cstr,cstrfold_0001434,dev,single,0.01941259030169029758706227740238222323073129372458834533,89.61522561537625,20.217643682216423,0,0,0,0.9999964698647232468540729192262529132080387928591398321,0.0001818557182525016540525712720232039858306135704141109592,2.364314173596682078594888271255162425445417270767344205e-44,1,ROOT_OK
cstr,cstrfold_0001435,dev,single,0.01781596769498234110946328669598863160504735296276774166,18.47845735449675,23.03140536132494,0,0,0,0.9980064664400784605731845962698861121377194867566255122,0.1126984390324694134636498497770453441275196560070841703,5.390660135609079594255136405127499042404954632451385425e-44,1,ROOT_OK
cstr,cstrfold_0001436,cal,low_triple,0.005072627904152473742221662546723035103532361959204758222,28.520345623863278,76.2939840886859,0,0,0,0.01433409679554640039997815720985177026594074472958952995,13039.38150192507876209802854646413259059285788825803017,6.346793961468813292711495043155419318924700765916956208e-49,3,ROOT_OK
cstr,cstrfold_0001437,cal,single,0.000002082071797188335327659728735497233067034411990576342466,89.37276674104037,20.42120385810311,0,0,0,0.000002082155993613455990948662291473351458893663397918091715,1.000080879973085158463627428433993952490204146041573887,1.714254584289851022875126797326163499705222114297909332e-44,1,ROOT_OK
cstr,cstrfold_0001438,test,middle_triple,0.0002466528792242668766704187326645574079092811540637839803,20.130637310896073,23.37185683539696,0,0,0,0.8009807541362383944179620174066349479871415519765818926,-2338352.654420959864055402982936055726225031575829860859,4.2956188698390230273729902429683517660234899953020674e-47,3,ROOT_OK
cstr,cstrfold_0001439,test,high_triple,0.0000000351067701589414261934119441632513729046453724657148291,26.469502772201356,77.42772948152604,0,0,0,0.8201877874758963383553687092304084539913509246032034477,358366399.5791215201069668225883626658814348125323343395,2.265809926688956171850098202376394618668114561804449357e-46,3,ROOT_OK
cstr,cstrfold_0001440,dev,low_triple,0.01905556181617672815930674512038385906266513541428248295,84.94532047362426,20.57440060578016,0,0,0,0.0505235312602633589948911491553095785348364416366579597,68.50752085854152945763128428857799416059873602084342857,3.458897485298883522692431970967129627907295503734724303e-46,3,ROOT_OK
cstr,cstrfold_0001441,dev,middle_triple,0.017936348107926254140211058646177645016037438169940228,19.527581853881138,22.801615459477947,0,0,0,0.05221072631768620038607185955370705059191500326769635835,-1155.777682106428433570308023598350441899925168158735757,1.678998765350980498107787518085960334804209050615096868e-46,3,ROOT_OK
cstr,cstrfold_0001442,dev,single,0.005167544644287448726766816379815762829031349335547512159,27.149222655909284,75.0583106400275,0,0,0,0.9999995754596844592235561473376695493179753573980091591,0.00008215528245099798238305778342135102619608400508168485313,3.949185724940875788427830712435890982113997870784510232e-44,1,ROOT_OK
cstr,cstrfold_0001443,dev,high_triple,0.000002098763113218404485562331169119060978021266922043564221,91.13203177805916,20.325874179884817,0,0,0,0.9224930939571131688414856167228859322629651437462436397,91187482.03538057617889038605301312198462217559658746897,4.511567696788438959439719018771742841866551233339464825e-48,3,ROOT_OK
cstr,cstrfold_0001444,dev,single,0.0003820386757968061811716572161341904528678122836025253641,18.496053602778026,23.141903539872185,0,0,0,0.0003853102991901816653994324384405502864288374133557402687,1.01723323057809661922067101129037436640304600667523234,1.213106478670546159098454948217491001339684068216067335e-44,1,ROOT_OK
cstr,cstrfold_0001445,dev,single,0.00000003794807298003893433911902234033368958346994623264095161,27.127198737664926,72.18374520762329,0,0,0,0.00000003794817548904044910603392094259415298689952390787574797,1.000005402603920755088165839036410936011996048359063775,5.791505118560432398801788142395096275087037608456462591e-47,1,ROOT_OK
cstr,cstrfold_0001446,cal,single,0.02013125324155192250791608160372262262127353772014886214,90.61007080260698,19.53457743155402,0,0,0,0.9999947877526223920174156177822484152668315608949563834,0.0002589297011362813380982214516509475901373735442850457266,9.330333762789372093356535114220691645749981130478679283e-46,1,ROOT_OK
cstr,cstrfold_0001447,cal,single,0.01865571397311624086183319092436911383425072778618019042,18.412241952150875,22.049908326642218,0,0,0,0.9976272447123162569577778951689842522915305299852655068,0.128274714215012208404632437876674890893796661086637564,7.168355744869046613802609132856310998498385610472223782e-44,1,ROOT_OK
cstr,cstrfold_0001448,test,low_triple,0.005499483168221003770473446952837533873494292830552761479,26.121355829805417,70.42845705868797,0,0,0,0.01425297840179358081977032170661454828120648088426641066,31.01410921308081062847616855785588702218504749486907244,1.390298518666919351032119560561832632988984849003178119e-47,3,ROOT_OK
cstr,cstrfold_0001449,test,single,0.000001181456405640052309836121311385901441732278782695381709,91.72008209594021,21.208318128028488,0,0,0,0.000001181484614204762070029054845776416381384443715552477537,1.000047753036435577825657744690833828333795371246013643,1.663060958501442071639375057076683803102377258611235452e-44,1,ROOT_OK
cstr,cstrfold_0001450,dev,middle_triple,0.0002875453241435394012840812463728816654291898757180595056,19.274064325625282,23.622805996335703,0,0,0,0.7789071539598405705447521617070294137268247219886120142,-9247.137176898410119468362785284137430157057134084937346,5.248111865993359076957787595743885472545722981919065241e-45,3,ROOT_OK
cstr,cstrfold_0001451,dev,high_triple,0.00000002521267501982749291018923189819354248334914378203066308,27.930984069242506,72.57511258083649,0,0,0,0.842327406058798327553889194779107835784695465262218377,101277682.611838675668309034893838836854757292820433038,1.400718423721026134305651373210815599993556954626166752e-45,3,ROOT_OK
cstr,cstrfold_0001452,dev,low_triple,0.02008735922913094376480613586383322402890520049401309784,86.99492606343838,19.558195460836284,0,0,0,0.05268256971385564222791858819131399609613426955652761263,53.28769356821863808462221985477765422651113585232518708,5.322083479788941187342199130812332112494627652557267722e-46,3,ROOT_OK
cstr,cstrfold_0001453,dev,middle_triple,0.01768512915137087151317200503675576868585998981387535094,18.65720705032823,23.17419703805734,0,0,0,0.05179827792182241144133041166578496406172414474668133719,-583.8496849693869616473196903209626037462318698674566689,4.519529048076005262431556016030874594854503527523743382e-46,3,ROOT_OK
cstr,cstrfold_0001454,dev,single,0.004985664093205297405243483882177378047076443249872478658,27.49323676785661,77.71710386332845,0,0,0,0.9999996964138014401068013777978565097704823155005400249,0.00006089190724459513276575700567686335717490367485739672056,3.991227622501934037986720671805401753592438348902832233e-46,1,ROOT_OK
cstr,cstrfold_0001455,dev,high_triple,0.000003594003714853202693585773556669032789472696938613686425,90.39604022846778,19.514646806734937,0,0,0,0.9200088018818764274105277598509770177104755897519620337,55030063.28465400781394038880682478958656378397301578419,6.411296992285262546129164067367405175691099334729135197e-48,3,ROOT_OK
cstr,cstrfold_0001456,cal,single,0.0003527607914389426611434525811576394333151304426760633671,20.188074787215402,21.697089567419862,0,0,0,0.000355363842488145909305664388737108077459793685189201621,1.01483710508534276006730665675122401122372912222190405,2.254236984687537393614278217056801271073679616837928587e-45,1,ROOT_OK
cstr,cstrfold_0001457,cal,single,0.00000004369577665698422395535599929692825718573591237903145487,26.89662571644168,71.78781446351631,0,0,0,0.00000004369591181424874015903567304090159393199758107249459317,1.000006186299015101610269626193489395677419029515554412,2.463296397884360662010251291041392600415817038581532772e-45,1,ROOT_OK
cstr,cstrfold_0001458,test,single,0.01837533503737779191287890281761056897159401338818650714,84.46548434898169,21.313864809126017,0,0,0,0.9999977899226444442334984153289006868963411607344611509,0.0001202774723764373024969915792892977329953196387529348538,1.547500810945760344034125177628967515241143525044736222e-44,1,ROOT_OK
cstr,cstrfold_0001459,test,single,0.01739596745419421876887391664271020408147609574817974857,19.948649110389542,23.443265587801175,0,0,0,0.9987950686232040751759805266558092983618019986697223373,0.06959707218629576580952772361247271013455238720857306151,2.139135677243128222991568662103458148242071076252516193e-44,1,ROOT_OK
cstr,cstrfold_0001460,dev,low_triple,0.005244899931015239056951573402582373921514003258071535222,26.77137243192207,74.00941340617459,0,0,0,0.01481590685442961329948669722999584229320115021952754391,907.219860131474598596587173617237575459720913628845164,8.682828699087556429325160230996371802318663726478150546e-48,3,ROOT_OK
cstr,cstrfold_0001461,dev,single,0.000002168906454428317830079923390912761241060084537230240754,90.43707100785015,20.30609546289526,0,0,0,0.000002168997278950936154498446762888874988408326062432774772,1.000083754049595387913538459188150696192455091657145052,1.263287935379998191925123742016934900134046156561985844e-45,1,ROOT_OK
cstr,cstrfold_0001462,dev,middle_triple,0.0003388874223097605849192642224008071518469052601811901463,18.71368764514687,23.475132191188386,0,0,0,0.7861060622083589922404127095869929168393856295731172683,-778644.5956385710088964199459379091440334154916595854604,1.254756888876446700274213416566416205178953328082607563e-46,3,ROOT_OK
cstr,cstrfold_0001463,dev,high_triple,0.00000004448598929485413144445989825742409110627833169009230179,26.67256597079586,72.9106050253618,0,0,0,0.8239518752249014169001170732953242754222799772209561391,23864639379.65530398530838067460133812600453971759179212,7.245975404921527070644911378051102795223835881500130838e-48,3,ROOT_OK
cstr,cstrfold_0001464,dev,low_triple,0.01968228508148413972600846091708655356309985573183455565,88.9996609480962,19.951120906252402,0,0,0,0.05292187573956751275939982251039511541735689288207993734,109.1159509186597395947789988116402222643001277697280584,4.381108302492088435636484739045966304959406885436153536e-46,3,ROOT_OK
cstr,cstrfold_0001465,dev,middle_triple,0.01772646188603060771630137626718480350772848298662932669,18.50456732946936,23.135448810515005,0,0,0,0.05174042365802112428799725734651786759064705662040534346,-2036.699539013652899920948307405790374029954309685706268,2.935496513512773589846191885046945223653546695504814851e-46,3,ROOT_OK
cstr,cstrfold_0001466,cal,single,0.005179510395154897379320546991999365867712913121325516602,26.257040296033647,74.99246217168559,0,0,0,0.999999308742010846359482230700954438234344497032275644,0.0001334604757036652391326843916013526819175411699562276598,4.900529237742625414710720395166244411732196230577807842e-44,1,ROOT_OK
cstr,cstrfold_0001467,cal,high_triple,0.000001798628651377452721493552932412157981605176208222037629,90.65388504836055,20.592208016431,0,0,0,0.9235935184098793323034346664854671691551081022337488221,5497921.607593808811704766659394162416324687414605674867,1.098556496681904293245510280707553137784506521797178958e-46,3,ROOT_OK
cstr,cstrfold_0001468,test,single,0.0004431501568585792147696054330813493511613481120829442911,18.98630166665293,21.87343020095558,0,0,0,0.0004473048324131159507893066702326208125693764679315366147,1.018877897076868914653612301076027493781646340202059601,1.10608258408970351609476877519111311751864533744580236e-44,1,ROOT_OK
cstr,cstrfold_0001469,test,single,0.00000001378502859514842469942178685375635898900909029613658919,28.642077323118684,75.8288551716876,0,0,0,0.00000001378504281467376115786129690513704039596020305471714492,1.00000206304048997916406258027093164447065310916089746,7.251874529323037157645880235413621074405224748937354235e-46,1,ROOT_OK
cstr,cstrfold_0001470,dev,single,0.02000229680804819223260349502161876994445951277045625895,92.29343755321639,19.646627807860813,0,0,0,0.9999953862900239823333534808872532626446085282066369173,0.0002306721591888057234991546292734839063458224886924334983,1.561880898927107668729536365249746925945631990605866714e-44,1,ROOT_OK
cstr,cstrfold_0001471,dev,single,0.01848711225033175339535199878266055414435791451379570258,19.20665967215539,22.180378160262684,0,0,0,0.9981557619529031556537575601284475583568153608170377707,0.1004591920429012046676121705258915443670709949894179147,3.458768109701890792192743724182505788780001226445083654e-44,1,ROOT_OK
cstr,cstrfold_0001472,dev,low_triple,0.005092419263856363084221780813180075148037902243817182238,28.507957603361998,75.58176348696088,0,0,0,0.0129390632287129828550596128981417796162259586953185389,25.67879102743359257026317764590824195580239221382880845,2.702590442702742932263131251388057480570790390537136635e-46,3,ROOT_OK
cstr,cstrfold_0001473,dev,single,0.000002941149647215222409907192740041231039935993813201194973,85.21010774163275,20.075070299665118,0,0,0,0.000002941314667218364942106295949342986667841868859792275366,1.00011221930247090051725380671291786003368123765240811,1.798671120683668470800903454572372569329301161268232445e-44,1,ROOT_OK
cstr,cstrfold_0001474,dev,middle_triple,0.000227670341049342427452993303105727066101400501123022927,20.054756455613315,23.832320508241878,0,0,0,0.8002699654068503121736508570168871862837929920204958469,-932431.5741985296946821925994777977919842575756691223898,1.015971483857635505241176894452346353771311905402111564e-46,3,ROOT_OK
cstr,cstrfold_0001475,dev,high_triple,0.0000000175162281692576620142913038858792306717208833447751433,28.50377072677015,73.70886575765773,0,0,0,0.8381549775774191197937863103789743699494349530252804933,2297964794.717298615609475438115165129065033974979172589,1.52867891290692460551828349819559620952812822778310248e-46,3,ROOT_OK
cstr,cstrfold_0001476,cal,low_triple,0.0200595159303367021959808654840318167212371339239164638,88.10865383370226,19.603967386712043,0,0,0,0.05486954253919502659978288006180946496093622857866344439,334.1852672276701182614417686468051052815724514729100874,3.519628767959030014276444335899494785720813851854636676e-47,3,ROOT_OK
cstr,cstrfold_0001477,cal,middle_triple,0.01711814998574316060162562629924423635258956666733658902,19.884053194749782,23.609699687909103,0,0,0,0.0575308909230383775365453871144259615104590096019157645,-26.03394217548075403643444065621513732904176762571353532,3.053612710729242427994538530028291212875878346395146281e-44,3,ROOT_OK
cstr,cstrfold_0001478,test,single,0.005303033819213496463243735103586161705011610191187708834,27.624223176485508,73.12011692826924,0,0,0,0.9999996301428572513278198851281732416695351875233420129,0.00006974455955014672179424188926619071516781510966067516086,3.527502315817215884252055394609988494830946370755554155e-44,1,ROOT_OK
cstr,cstrfold_0001479,test,high_triple,0.000003290645312241008132953338740239711757364387205501293909,90.84697494139513,19.63302299853945,0,0,0,0.9209222145702632828231817952139945854178652567047772007,4033864.575242936647839304216908739981868927550760160583,1.392595892610207866309817108314177449102669236406524429e-46,3,ROOT_OK
cstr,cstrfold_0001480,dev,single,0.0003286555609375505259430807293488608035237157505995035588,19.91496457986389,22.284175793793004,0,0,0,0.0003309780585971412967312761468722284856201402203293823039,1.014205681334454953891258409970194618759453914382429252,4.428380927965123090758842879944815387019783164730796059e-46,1,ROOT_OK
cstr,cstrfold_0001481,dev,single,0.00000001897780259575155905926054617074031385200461509319612962,28.352555536976418,73.59691863145815,0,0,0,0.00000001897782874209208034314557520610702888437849329867177272,1.000002755468316396650043302558028182083818546373483037,2.125055621646318597511585460564837149264540026276239911e-45,1,ROOT_OK
cstr,cstrfold_0001482,dev,single,0.02020455395515231841445740153712342988941896889826963429,84.52338684024154,19.506332685316753,0,0,0,0.9999935202493814144028981600621610459480443483643848173,0.0003207321158294943837627651803032451257811759195400156453,7.529633436891237423736532028569442196888642566508291755e-45,1,ROOT_OK
cstr,cstrfold_0001483,dev,single,0.01820255806964030101451408752535267646733489784656579988,18.75770177744548,22.541997253495886,0,0,0,0.9980202976245166890110834115401271851054166773202348989,0.1095529537182967769491353152333436986549461741070633185,7.362919799325724567805183044264787064601593813643755767e-44,1,ROOT_OK
cstr,cstrfold_0001484,dev,low_triple,0.005319017907979792217000674352353316903947903144650837806,27.336197757134837,72.9318663459498,0,0,0,0.01504266378660175648227046276033237226947278694442542861,2334.850594955359091735300439360963906655946071503810444,4.436554653392500323936121706112013738108245689857590505e-48,3,ROOT_OK
cstr,cstrfold_0001485,dev,single,0.000001255085850746052435670181234243997561663719036317235455,89.94003267408314,21.201374289013707,0,0,0,0.00000125511767396827085644707336287003140914832852946937748,1.0000507117850797014500030103185640135662930013548061,3.611121987445169806977154541496385633649724379311096373e-46,1,ROOT_OK
cstr,cstrfold_0001486,cal,middle_triple,0.0002749748610657360072328750173623483342293729756974772537,20.146689752014993,22.855036106888733,0,0,0,0.8009188041086985052166665230354420310280994655279534729,-1426159.826725698614341811344081370282684109802780443774,8.116661266764700026147254936792279450837331101166999809e-47,3,ROOT_OK
cstr,cstrfold_0001487,cal,high_triple,0.00000004124388505282749955934628872560353205585146682687190095,26.13259257546038,77.57604671746333,0,0,0,0.8281694348627895609010879442850926221309613531525448722,44782650.64161028427799343924379411184776258009806233187,6.877830932355414601513054568202544049306940700397267602e-46,3,ROOT_OK
cstr,cstrfold_0001488,test,low_triple,0.01821755647088159610140783711080621456952431570048930352,85.12964278759667,21.48663038165087,0,0,0,0.05020270902346699945831048426752174004774446786882801931,2770.762934867101137768505318696298769746826049423687806,3.925422336942486300058516136323863032295043391528453433e-48,3,ROOT_OK
cstr,cstrfold_0001489,test,middle_triple,0.01826073974327758505502486739935898617501249955384489044,19.887570830791113,22.39308147873077,0,0,0,0.0529545735471717969727769693993997137362142147741435592,-14378.63046270664605487860712712970159025718483138127203,1.537225958466791178703067129105002925916184006568876302e-47,3,ROOT_OK
cstr,cstrfold_0001490,dev,single,0.005271048140251708449032728604281675922387073097868483642,27.78194944464049,73.53850984977215,0,0,0,0.9999996681704472639417023786111604731421809705300336143,0.00006295333349248887014296325934100951623905002535484176845,7.980752868705100865674383129979560901913865507749330687e-45,1,ROOT_OK
cstr,cstrfold_0001491,dev,high_triple,0.000003085574122394090803790526533975039700361935588094450446,90.0881094429526,19.766854390874116,0,0,0,0.9206268365915401299543753991769902725855431243017877281,89569576.06728648965041835980487316883877350160431730812,1.316625285099296052978657527731925478860151712380478246e-52,3,ROOT_OK
cstr,cstrfold_0001492,dev,single,0.0003808396071379817290951483828320623852403305218911386074,19.433456699579313,22.105340511563554,0,0,0,0.0003839366801771587907929594127388377337578137067707012969,1.016360228074960473502939468713766957696823268102637436,8.227739214077429878064322171781540504266283670230441772e-45,1,ROOT_OK
cstr,cstrfold_0001493,dev,single,0.00000004510831402966817277947774717402567484398056840968313772,26.615008088888906,73.06281755270263,0,0,0,0.00000004510846066090293879658825358029348409555285092952923032,1.000006501310730760764768125331188720275514267546011111,1.551157588322904250212504428693203784531641357827076232e-45,1,ROOT_OK
cstr,cstrfold_0001494,dev,single,0.01830374230964354694101251875830151777694483174598053106,88.35884343796205,21.380642075989254,0,0,0,0.9999981757821922166539029084602069639709079964736081685,0.00009966599050904509156517926136272409003535185604628363328,1.659297073264903776601341125613528507412975305368611727e-44,1,ROOT_OK
cstr,cstrfold_0001495,dev,single,0.01880602829644540632683959911130791829666604861587926376,19.01311734628135,21.83851971476786,0,0,0,0.9979352937955877280130837137900757706532581468313932368,0.1106437410399363488017762634546361678114405088803137132,3.56262069123399579844693495427161100874740838735687717e-44,1,ROOT_OK
cstr,cstrfold_0001496,cal,low_triple,0.005294771400824563041623079488514768223984961905055680497,26.88465543386002,73.31032541222869,0,0,0,0.01498791542693474347173522008459839442008442937165583383,2723.638656286293156140478798619821742279342501172040063,1.675066313197628075252666672012964361379989661737921537e-48,3,ROOT_OK
cstr,cstrfold_0001497,cal,single,0.000001152906450769017771813390683312479568686637373261796756,87.03165979513248,21.495307293424442,0,0,0,0.000001152933693950534993973125122014966661950429809764680195,1.000047260833472224385740513275176901687749074815273726,9.780960990963115866156906129275405932123307309250412584e-45,1,ROOT_OK
cstr,cstrfold_0001498,test,middle_triple,0.000388305472926492901816600215942316178848248646024373816,19.15711717317886,22.318040665982288,0,0,0,0.7770457978919116133820210782228917256426060617362514425,-6848.208993387885880805998250386264741326414752845435798,9.244967526837103248156527479637113159290673139122891183e-45,3,ROOT_OK
cstr,cstrfold_0001499,test,high_triple,0.00000002879939652104263600618990451738057016034940486804031974,27.07763846791774,76.03707218002677,0,0,0,0.8266624547128155359857468071315505181480631343016052792,403680064.5954212862960385404585625017344413025537343822,3.333848459782997450236415614032642148269624826315569722e-46,3,ROOT_OK
cstr,cstrfold_0001500,dev,low_triple,0.0198868402631153251858236193975541437975742130738781554,87.90271194582779,19.765777429922263,0,0,0,0.05459383061863514941255404357359053887928043311192380521,587.762052418295107771205409129189941422006300516600795,4.892636286111739440155854988932443738093603111179241426e-47,3,ROOT_OK
cstr,cstrfold_0001501,dev,middle_triple,0.01731599685040335810509803532318458931265315320452040958,19.769959397428646,23.557169888472256,0,0,0,0.05080408786365437574889054928002742593724309702148101379,-278.1540543998191113105969894337735159630457204929597285,4.664418530721182884362364949289841378972222194744760704e-46,3,ROOT_OK
cstr,cstrfold_0001502,dev,single,0.005120017570200771950332768896709959573626534681785375279,28.101262542073158,76.08747794722068,0,0,0,0.9999997611268059577059411794542863699626219163392737073,0.00004665481114869329596859456373520016644587472302145024748,5.90306517607784645473219357013392799584119161093539172e-44,1,ROOT_OK
cstr,cstrfold_0001503,dev,high_triple,0.000001739998176275785355534919624339903052557660082795619932,84.10938093719567,20.987831688068734,0,0,0,0.9223697797727084128532052380956783201005741828854525005,5940161.901383318966136328388428894907828440694453208059,3.393532799286759846545790582118489156252261623243665642e-47,3,ROOT_OK
cstr,cstrfold_0001504,dev,single,0.0003431358288691627164434096682854531130701859018935382617,18.616200561211624,23.533836172348582,0,0,0,0.0003458189536685835716343982399458417966805460313546603055,1.015727264674142312036156150733306374682838855654009351,8.422739096351879480697199371001910405275107001319408925e-45,1,ROOT_OK
cstr,cstrfold_0001505,dev,single,0.00000002658426947495519161334829489802852915925031750768435672,27.00885212399409,77.57319053387111,0,0,0,0.0000000265843235911805390782298900505150107489929576544024648,1.000004071302837346418859378608688867086264619223467058,2.845697147707234167462621620663961221377428047759933394e-45,1,ROOT_OK
cstr,cstrfold_0001506,cal,single,0.01840134690026377893198709671263886633111111328159741301,91.8801022281583,21.26319350678497,0,0,0,0.9999982776398330322837602066415496769098486492411771811,0.0000936017785893495056942133771899692585241651375933787376,2.632972061141716558634708375667159295003309803095549986e-44,1,ROOT_OK
cstr,cstrfold_0001507,cal,single,0.01776371444521355925547621253227911916039581066758831679,19.726172886049174,22.9976997503695,0,0,0,0.9986153872022856333971010739293560438439483320777518233,0.07837025722645743131795438920897789572835811357534469513,8.267405158670107890243481533110073354148390470962056789e-46,1,ROOT_OK
cstr,cstrfold_0001508,test,low_triple,0.005162136878011353883856357774175327445548285430702748672,26.465511238443167,75.21068442141086,0,0,0,0.01448598618290434651946270940849609916916431358598068111,290.7818150861539320348353240582488412177904943772980516,4.107981295482842937588496149764412890366008809789738183e-47,3,ROOT_OK
cstr,cstrfold_0001509,test,single,0.000001163360990217727536953078264301026004841857307491476606,88.38825604718802,21.405498945434534,0,0,0,0.000001163388608173926318529073368625333213033311304437817025,1.000047480435902295902282148419680997893959296524446247,9.246721536472412503585662866878634886798185994505369766e-45,1,ROOT_OK
cstr,cstrfold_0001510,dev,middle_triple,0.0004965587707852409865852012859943624228885383556181630426,18.735843143869463,21.61354604068013,0,0,0,0.7779961139419940486564864677951265241327765579582799684,-9446.09425416933052772599030519668943504008697464511671,4.256455407032768564895940229652440133702967655209480577e-46,3,ROOT_OK
cstr,cstrfold_0001511,dev,high_triple,0.00000002378212006281380537625543436797247697936481447607727516,28.420344462523957,70.59590852018923,0,0,0,0.8395442798263780752992899449508390607465878633584029517,5462202682.074753700867226180314961897968360144010104077,5.901113423352654232146022824887437108515365604198669032e-47,3,ROOT_OK
cstr,cstrfold_0001512,dev,low_triple,0.02002287417678570180315936719410485764554997404925208984,87.45159323092331,19.64029104739567,0,0,0,0.05514297361282425373429959342594635729373488214522402791,1647.280005414789452484254669116511822393285969440330028,2.218663861629152673852888081078945477674500269994335668e-47,3,ROOT_OK
cstr,cstrfold_0001513,dev,middle_triple,0.01860265298250166726058128682448920264929821565679989382,18.458052458513258,22.086369949491864,0,0,0,0.05685649021895487722689607401686708877593094805391757467,-75.30993333386276002075403302942664534128431924919609132,6.71533120730334460076310157597791862461677561519111905e-45,3,ROOT_OK
cstr,cstrfold_0001514,dev,single,0.005026646542977811765397625477107523588117897083064279672,27.34645681986751,77.54102762696238,0,0,0,0.99999966982233652548703327931000901108155654672885861,0.00006568556715822449090078640111602267362916464940746710928,2.252543386154368040813998204348889644313870349443704415e-44,1,ROOT_OK
cstr,cstrfold_0001515,dev,high_triple,0.000002202336492494884762448384887212269682303334438623375655,84.34117507447237,20.589479079933724,0,0,0,0.9208959367624029210362910424698076988568896152420798293,173142109.6920500151612655592554712981746526414581144147,1.368481210358736408185573915962930191809662053204158995e-48,3,ROOT_OK
cstr,cstrfold_0001516,cal,single,0.0003483105172812518866888565355245900150971161489130819604,19.589194173664584,22.352633026685435,0,0,0,0.0003509291788726550710467558281246817206319486077490117188,1.015118229680132875065293723971780308450840232007053677,2.481167528451173653752611101311511974993916449163286996e-45,1,ROOT_OK
cstr,cstrfold_0001517,cal,single,0.00000001812974741465176987015754014552819911647612426178955152,28.67861632002858,72.33593338777195,0,0,0,0.00000001812977086194298643742826333971412083521026638844902313,1.000002586612254277066296192686569823595392765139630595,2.63951658709947060769025078922673573130334249454173206e-45,1,ROOT_OK
cstr,cstrfold_0001518,test,single,0.01883970532256845077776994971919501510966951798932942719,87.5454089293982,20.805530764373717,0,0,0,0.9999973438527224784828846771034594370715794993858165995,0.0001409913799721998737287645621893595159288707742113640915,1.63871632347631258705049754090848195641664827440128012e-45,1,ROOT_OK
cstr,cstrfold_0001519,test,single,0.0179367732945260374123706380398667860923280917242502022,20.18867821125441,22.755940316601688,0,0,0,0.9987338559464029928883173818675223527667267424343706751,0.07095173841527303742780500945924832285366883157066563806,1.844389711642918056534321265746472043447063813502659676e-44,1,ROOT_OK
cstr,cstrfold_0001520,dev,low_triple,0.005464723990737434463052302065075757633093861901763959658,28.601299835877622,70.88637378031959,0,0,0,0.01526857290086165561596715126332989441564916132329545082,262.0701538499560679449164498983223528855016654433063267,3.66689369726942402788801094811688145690367164464224211e-47,3,ROOT_OK
cstr,cstrfold_0001521,dev,single,0.000003148998814599488994044478882214049026905313904867767516,90.90111084504477,19.699398506528052,0,0,0,0.000003149184257684933986047086476558033134277276725875670033,1.000117784230889074219432357959906782367843367938041706,1.148650424546245498132978886925716191708935580125908194e-44,1,ROOT_OK
cstr,cstrfold_0001522,dev,middle_triple,0.0002331078827125094309758198713710531736550823024300074969,20.101441165609838,23.668259327485295,0,0,0,0.8007965268577637307429621047092885048026981571204933822,-3349762.573757040521364483012884343213641255305306062641,5.49525182571620169959222603767132129249159957121359922e-47,3,ROOT_OK
cstr,cstrfold_0001523,dev,high_triple,0.00000002916795945426103590895568978927697411145772329385017651,26.946531972955164,76.75404405438532,0,0,0,0.8322986761227826753123880670919790919941991350854251933,83836709.51541800255582285059755545584257358402083209262,2.755782731439460789333483503259112363506719063453065156e-45,3,ROOT_OK
cstr,cstrfold_0001524,dev,low_triple,0.01864716097279123345340479118509493841739962500758378052,89.84283778950525,20.818154856664254,0,0,0,0.04504771231782927064976884282603208796674549344968672233,18.779715096522889045170042776069224018648447023207512,2.104587935351654036922786487675464786632943465217544397e-47,3,ROOT_OK
cstr,cstrfold_0001525,dev,middle_triple,0.01852768996518729155529765518852113830355728402745308463,19.022636557690145,22.147606397983548,0,0,0,0.0540870538446661037980627033435075352305240095432332725,-975.6690562428545144203514742620118850670716557271477581,5.282189906515847533004136575522083412545603305027586481e-46,3,ROOT_OK
cstr,cstrfold_0001526,cal,single,0.005452663863819188011899279395075332885861444167206941238,26.551562010686034,71.2560799817133,0,0,0,0.9999992713198745952437251703869751137747286243381477667,0.0001336378696504619029446427562835590147326392127990870498,6.062370023261626934416846137682590292960458369813435563e-44,1,ROOT_OK
cstr,cstrfold_0001527,cal,high_triple,0.00000323422597893995819672459567133197126419060628818546683,92.76887495421086,19.5792222172772,0,0,0,0.9214026510561548528506201242807962576978367282184060367,3620335.87637912010051910441583878063219901459061703558,1.180925053635530258411322595612284931376946197644915176e-46,3,ROOT_OK
cstr,cstrfold_0001528,test,single,0.0003360226118966606014434831771314282617901190915105294388,20.11708030200295,21.988357215948714,0,0,0,0.0003384168637590940140793713998304136650250807769741204455,1.014324128797887551535210720637240328098873761085231962,1.830475606714265700949579275854418134887730613351879176e-44,1,ROOT_OK
cstr,cstrfold_0001529,test,single,0.0000000321976621901928471026245876970985529350709412735662049,26.835590080866567,76.12693499028651,0,0,0,0.00000003219774007376916626740805940039166235910065815615031228,1.000004837849005454243957486901624086986086601613689678,5.018224961946274680072219217632329122514850820684550086e-45,1,ROOT_OK
cstr,cstrfold_0001530,dev,single,0.01856557665779774230589704623143356282090545520821742598,91.66442890933973,21.08533757176715,0,0,0,0.9999980655678513068228780236857099218203419398108703711,0.000104197170602268547582857757002712752266617724723933501,2.492306911084271735935615284929923944344634098987819431e-44,1,ROOT_OK
cstr,cstrfold_0001531,dev,single,0.01864643519359920118987732898510013041503028601921317694,19.067199153395638,22.01104633433534,0,0,0,0.9980252644184636972846821508962567730696120747585633806,0.1066943701067478659049206053074382335178374328734808719,4.5986190912530690839415921576401992753023133957024912e-44,1,ROOT_OK
cstr,cstrfold_0001532,dev,low_triple,0.00546710272198988062062749694137605989461308108406232928,26.554441183785894,71.06919651861804,0,0,0,0.01540879943996375071800182424071357542488858584664558758,504.5776890230994389412673909722429549823859107733031683,1.967511174421041382824336792646981648845252527069427678e-47,3,ROOT_OK
cstr,cstrfold_0001533,dev,single,0.000001628996799085630938237016151144076250265565112197976819,89.57489492740366,20.802342849825266,0,0,0,0.000001629049349707742720065592322442386068795220097718134424,1.000064520546734619728693930396361605383587449812532563,3.607615559222072041887799990441617226022937157199218831e-45,1,ROOT_OK
cstr,cstrfold_0001534,dev,middle_triple,0.0002395332143578064443810262034945230057443474595338911227,19.88290747848883,23.785270597782596,0,0,0,0.7986256498398290316649054271187036773238043715996710766,-1474221.651318263745335628627530189991071478029523032921,5.613099627335542943047574428391489480537668301110481951e-47,3,ROOT_OK
cstr,cstrfold_0001535,dev,high_triple,0.00000006335889237810911469778484792144644374582196745026163036,26.138746986417928,71.65444450902521,0,0,0,0.82048309899846417803157949862419605349161308309755022,7497421363.139128142906734523714563227696390681495384065,9.741682769429612994711397884385561912348839421798119884e-48,3,ROOT_OK
cstr,cstrfold_0001536,cal,low_triple,0.01839007427532376420407490088189659462986676433995977097,89.95852131378093,21.279737407101134,0,0,0,0.0501931150706476475460592384092060375757143531232865722,282.3061798067506309914552984606542751500123680437361786,1.383725343824693107092682427365308017581148779741920245e-46,3,ROOT_OK
cstr,cstrfold_0001537,cal,middle_triple,0.01879823783397351132379010117614835740996952324714899842,20.149981485809167,21.769787175674075,0,0,0,0.05453764854771695933132573105697030995841707111179473314,-2549.181711655783534110099241280172458208798138572078779,2.615473341558628005320264562130987283862237701252394665e-46,3,ROOT_OK
cstr,cstrfold_0001538,test,single,0.005218579288547083144418619480510949562968581324556411517,27.856623505389916,74.25918534511837,0,0,0,0.9999996946967862968121548498347728508478498827284608042,0.00005850320915021818248657390591761181729207310743142962159,7.28981251471344233608272685671774663118475201286500157e-45,1,ROOT_OK
cstr,cstrfold_0001539,test,high_triple,0.000001391993100400615043796861813451323486856795706903965379,92.71657167470686,20.900169179366337,0,0,0,0.9246611897153611802849132951721818614546773871040825061,16783463.68697453981264462633635587955970831063347135096,7.302293720166366776074373107733483435694389421858642498e-47,3,ROOT_OK
cstr,cstrfold_0001540,dev,single,0.0003666780828264403684849241114304451589080887099947067984,18.999191716571787,22.75069008951072,0,0,0,0.0003696366022306828409342001716513544319948950182928986957,1.016231085581880114941669796742049644433309828303076745,5.86117308310111047076747254523330878760589297035182232e-45,1,ROOT_OK
cstr,cstrfold_0001541,dev,single,0.00000001412503907534668067352841001159726872998894624830892519,28.292846393486112,77.63913496058073,0,0,0,0.00000001412505436616041955031300601992796551140722600918485726,1.000002165066697657375611817687699949756216782433102378,3.163483228801266626593118039855087622090840773439919889e-45,1,ROOT_OK
cstr,cstrfold_0001542,dev,single,0.01818574759901581796629453762279660593840900432350705315,89.28693224525203,21.50991288940483,0,0,0,0.9999983699117461830749299579882004093009772800629283996,0.00008963737708739057514546886379300946242174739232386556807,1.811837606215350361652615361836536111479547581768627902e-44,1,ROOT_OK
cstr,cstrfold_0001543,dev,single,0.01795767848046865415319805156722966061975159262031344899,19.100127165228812,22.80714055088218,0,0,0,0.9982855914511568295950553684980272227007024726819516222,0.09608627239867649166616219279009873802401503092751906611,6.89834717804298788510459967814342392659237956828228173e-45,1,ROOT_OK
cstr,cstrfold_0001544,dev,low_triple,0.005167355074394910984599748278491357335522581098797517199,27.733243264602837,74.99708954706877,0,0,0,0.01460517664942995171649536257310338988772014284069274393,2500.770825106239908706980530738115252388499300014189231,5.476696673927592821861592676958253963437464190598500656e-48,3,ROOT_OK
cstr,cstrfold_0001545,dev,single,0.000001488961840904201148585811498115944357094731811321796022,92.60641604189662,20.783435049031,0,0,0,0.00000148900570284639767533727687923128706354216336585734247,1.000058917430317377327743015859253229470707928170640939,5.282233328167539377688119520591923969715700052676036495e-45,1,ROOT_OK
cstr,cstrfold_0001546,cal,middle_triple,0.0005184041297129170391458752854707424365457065063468997,18.319294136084512,21.8568577621899,0,0,0,0.7786789167813583054747069292296410185428919145281675224,-27159.65980040062735510702198760996257074461894745267425,2.178274807816467014349895646356055546731325583170742363e-45,3,ROOT_OK
cstr,cstrfold_0001547,cal,high_triple,0.00000002703305302233583291922267929867118937450529083315967383,27.098721252477755,76.75035046740422,0,0,0,0.827902343443885239004206357851305079965838116819623921,233559650.1634503418186111036022997423865655506035402255,8.556432972570899126399316490866085070650144918876274546e-46,3,ROOT_OK
cstr,cstrfold_0001548,test,low_triple,0.01958191756903257887162414060217372101038453552469841126,86.30089075971689,20.06143045263606,0,0,0,0.05388854679512242117160076809999129875113534572068823359,1118.141454181888047118501977300499927750563639910486448,2.503135215172547377455702342238365727823673042560232016e-47,3,ROOT_OK
cstr,cstrfold_0001549,test,middle_triple,0.01790650452317197710642575089311126782894519863452815974,20.137648209420743,22.794813136857158,0,0,0,0.05238786140172854181644616676582509062151818671247322626,-327.6726583663128233048287882800247997773726146303544928,2.141425068766075633844760502108285050780759962578448798e-45,3,ROOT_OK
cstr,cstrfold_0001550,dev,single,0.00505820708148855722357303077704175105716618994218011368,27.24797868845681,77.37957937293139,0,0,0,0.9999996499146390122717479541464357893772541422095717715,0.00006921145694431920014511936010293104302318982955991385381,1.343269970943579165389284373520457236910519284647598477e-44,1,ROOT_OK
cstr,cstrfold_0001551,dev,high_triple,0.000003373851328900438842070523913539977706900450043121799049,90.63264528936148,19.60324063865509,0,0,0,0.9207720054061426712377337495618452778985891496297813001,3934374.591787276360924608149292964310382743244597624292,1.54305499912399552511850150103625263417707599393122564e-46,3,ROOT_OK
cstr,cstrfold_0001552,dev,single,0.0004026063301829911674521015975097822894297647053761542201,19.020621114860816,22.28361254073403,0,0,0,0.0004060994637345265185451695961012056971352953910327480044,1.017461566449400734139033026851187597774470587425370034,1.51962287777361493757405824441249204061486853067340373e-45,1,ROOT_OK
cstr,cstrfold_0001553,dev,single,0.00000001433517709700693736798666110421889891538059114069493829,28.348551150201672,77.10235870286047,0,0,0,0.00000001433519273586132965534309019426286372228921139043010617,1.000002181886805118740197837496727793209281706435986584,1.230813940159567276170942679957572354531449994020577994e-45,1,ROOT_OK
cstr,cstrfold_0001554,dev,single,0.01869245833343828473067242732792021109635079342190666858,89.92629427567971,20.954011017251617,0,0,0,0.9999977721789906479781336497065766480101936901626049659,0.0001191862736288146719157327385202624563416720062182759096,2.691826409669417761710510496842192304385682087103047827e-44,1,ROOT_OK
cstr,cstrfold_0001555,dev,single,0.01767706204524566322149234823038828959867780842350449202,19.52501988792455,23.11892983368632,0,0,0,0.9985616255784975498460296024254037962796057517954319601,0.08182297451243120998956403518078484821721526527156070557,1.877944363709708734835027653421247494728291876874931523e-44,1,ROOT_OK
cstr,cstrfold_0001556,cal,low_triple,0.005457788635032091466874567643628570375182949396106379175,26.504243859252746,71.19538332738503,0,0,0,0.01547084867457043130494632016471074665927526325804563899,7046.345721166782011722347318111021274817455140033083964,1.141087926465625204637316416743092614585172181195268221e-48,3,ROOT_OK
cstr,cstrfold_0001557,cal,single,0.000001239351938129119760334798331214218348864202753174867084,90.66537955168153,21.16944084082255,0,0,0,0.00000123938291940494075135478562810927606291773702797295252,1.000049996858109901997560869328158402982574667682676593,5.076126149526717928738188160001925238724368471808932174e-45,1,ROOT_OK
cstr,cstrfold_0001558,test,middle_triple,0.0004782984139641998616463382071851320598704603954022539075,18.509535736840768,22.029284233617133,0,0,0,0.7834407778386692558985596900201597158895723910440392987,-404454.1227464459996328498423760191542113188105312369559,1.406071492222552588914396463897112594990055976745852056e-46,3,ROOT_OK
cstr,cstrfold_0001559,test,high_triple,0.00000002944578016956651214909384693755648582130148591083051933,26.983431356175224,76.35556537795095,0,0,0,0.824281432924478547384342033523155938042865519519177437,1187436728.849756680986833389928547659573051959861567853,1.805576510656992908434354922485642006669039537228027322e-46,3,ROOT_OK
cstr,cstrfold_0001560,dev,low_triple,0.01962041840472285382479939199015280095693390780865919369,92.41369364695089,19.96008665113707,0,0,0,0.05041513409484090906828859458526695063383746619847653774,37.5862280787712530491676517328129838744221546614917007,7.968467435677278918677118851751465634654129732944442988e-46,3,ROOT_OK
cstr,cstrfold_0001561,dev,middle_triple,0.01794387482499569264674619386097112045990611546676352291,19.603342674925248,22.735672673749622,0,0,0,0.05615866014670348676582124156867332285875798218816228155,-47.47138541560339819644393515552876892656762182443828128,1.203494705381301423294487305970394705048121173903325225e-44,3,ROOT_OK
cstr,cstrfold_0001562,dev,single,0.005495641179625757652639167021479856035017522041447167303,26.72756489702276,70.68805332281785,0,0,0,0.999999312784719893128296229636213280773364030112657945,0.000125047705698540300694519004856393326242452703463803659,5.253918336053585990497931093514497856329199506171053897e-44,1,ROOT_OK
cstr,cstrfold_0001563,dev,high_triple,0.000001308113912319835837366701763808812489490943359200065825,90.12570396923508,21.1255500189507,0,0,0,0.9242154566685512391713915825270163352538140042787917601,145243136.1180293684178079214308319653499782582136887911,3.890205777900843489713138237284621350711417690286015756e-48,3,ROOT_OK
cstr,cstrfold_0001564,dev,single,0.0004057264157006157401236219050275414041686275370204946,18.565969357039165,22.760414311589493,0,0,0,0.0004093547135842092470104655322807209741568111196923031965,1.018001114438524314214802980474297217558477662362171606,3.087602467632802778002163138305019754210796117666878419e-45,1,ROOT_OK
cstr,cstrfold_0001565,dev,single,0.0000000649144251581433444059457555305393683941110514982274963,26.078876039103246,71.70824394210833,0,0,0,0.00000006491472311637908264644623648872541193164688060977731085,1.000009180062326766004667401677316623246326326915579022,3.011960333844901110512984331725178816655538974185703762e-45,1,ROOT_OK
cstr,cstrfold_0001566,cal,single,0.01893851705153553342520836090645150618127150784426832946,91.69455444314757,20.691011156182572,0,0,0,0.9999975392750102438344924851864522630236786152492519972,0.0001299363794900181790210298204580941089146357104207524045,2.328862020301567126319289543424417919676366321582452979e-44,1,ROOT_OK
cstr,cstrfold_0001567,cal,single,0.01841564336014568711213904294969354103740582612963477319,19.700228571981093,22.22733152180104,0,0,0,0.9984084267674091251015900203731927118598505631563493347,0.08696680164284881326410582440877060264254475623456372274,2.703362254800619716615906443355546818439168958977700781e-44,1,ROOT_OK
cstr,cstrfold_0001568,test,low_triple,0.00499484656096662431593914981679844631698782648129300089,27.36039000010175,77.59123504817568,0,0,0,0.01412737535826358745874036922624740619193679134652421277,2850.915908026650010492397614785886126250810589132248844,4.61066142750966505148381178645170621595007552189378853e-48,3,ROOT_OK
cstr,cstrfold_0001569,test,single,0.000004042330256860198839338287213108581748608523253342547564,87.26270319982821,19.46872743229051,0,0,0,0.000004042632077360214496944515253399194771708237523843552076,1.000149338239617430888402985145498662430645274394895343,1.234079011386148347522073821477806838439743254096652097e-47,1,ROOT_OK
cstr,cstrfold_0001570,dev,middle_triple,0.0004914568379957163427112646219407847184279582499291037815,18.492754799842455,21.918728802505324,0,0,0,0.7833046529208797070913751033513215167639874138334703193,-779310.5636110062526252350274003445037504817521172330608,4.393859226322366388367704023325759932588072628148660621e-47,3,ROOT_OK
cstr,cstrfold_0001571,dev,high_triple,0.0000000168993298510404760269964078186709257856828448800467879,28.6906695862524,73.10844903260686,0,0,0,0.8444366313910075293672700155499693268805092730759408746,234117810.0854860804037866919266772807262905654296798992,1.499566362582723781714842646551119253809909807798964083e-46,3,ROOT_OK
cstr,cstrfold_0001572,dev,low_triple,0.01965962131244604719817990218253686557763198433379695319,85.70820767105577,19.988203867170242,0,0,0,0.05417791106641335246689866015548042414435589722703665416,2263.697792097161676294244032038910929134418411058574614,1.845231262831501270200953616717635196155401436200333834e-47,3,ROOT_OK
cstr,cstrfold_0001573,dev,middle_triple,0.01899944123887585978025961208091427813704434399014847364,19.696870839263003,21.58107970965848,0,0,0,0.05516647566179755121372719911865221104068304141262788231,-9273.792199157250951891140744528447750350977061851415641,6.675468422246692710691419657852778392083310215804450244e-47,3,ROOT_OK
cstr,cstrfold_0001574,dev,single,0.005172467466923943216086997181927156023578428623832850638,26.63955874267989,75.06905155671113,0,0,0,0.9999994413302949004264377319995995118870250539712408841,0.0001080086059336109187032455663950619227791559486524785085,5.062220855010969312019717471214144658365949608190906592e-44,1,ROOT_OK
cstr,cstrfold_0001575,dev,high_triple,0.000001336249132416818161632053434071027654724410501276343886,89.65401230282903,21.115639210529547,0,0,0,0.9249957461292671089400375860588181993710566970838576072,4229966.206593027218297929851510188278533569121197570314,9.688549428377348776438665913759393511010675211345056817e-47,3,ROOT_OK
cstr,cstrfold_0001576,cal,single,0.0003936046515525797788053274901252464987854700466218455012,19.471811484148567,21.916651223999192,0,0,0,0.0003968841832860955636501433201078226406742951604170803374,1.016764648106893161842793362675600136695036896916166793,1.841053185466985034852471529332773238586256058059734589e-44,1,ROOT_OK
cstr,cstrfold_0001577,cal,single,0.00000003200509042448824605924609824983283069327291804836574789,27.673231840864997,71.14428355706382,0,0,0,0.00000003200516227532447595239144271581223599996925173452328394,1.000004489970392121118004281389993485605906249273216177,1.237680652618662599986889225933808359300237293926021337e-45,1,ROOT_OK
cstr,cstrfold_0001578,test,single,0.01964452867436200261937810996086062951159081334179323678,85.4608110796789,20.00347722329215,0,0,0,0.9999953534820213633113906328790019010580480458681195468,0.0002365432159831292684727901149204161986786515352791226884,2.410027131006251930939092594947586302626166218198490271e-44,1,ROOT_OK
cstr,cstrfold_0001579,test,single,0.01752023278011812830331494576681566729902904696083177666,19.602239981982535,23.312394201952262,0,0,0,0.9986380030523173642725343692935778840996864857030748571,0.07815042002827495518614698794926460185706063759903381936,2.960175431294189452076358551321504750987961548536120794e-44,1,ROOT_OK
cstr,cstrfold_0001580,dev,low_triple,0.005253002528812310889125555409480914072306384598687141808,26.126316831332044,73.97243129296989,0,0,0,0.01489773953174792474649952107190097796033397713078307012,5662.450420108617151563454562337077121274553457002172388,1.790760725533922527428461270808668410146020792033578906e-48,3,ROOT_OK
cstr,cstrfold_0001581,dev,single,0.000001253750237686160146121044831931687109666053223764459583,87.03725590439457,21.358249021211357,0,0,0,0.000001253782239821196685789311109191876959560753725833133034,1.000051051223871047430441614726470660900745797682228807,5.877124673796153912185937144439036055473226079022291781e-45,1,ROOT_OK
cstr,cstrfold_0001582,dev,middle_triple,0.0004916742730233862460953079345662081552379726351199507551,18.7030450714975,21.689878554325805,0,0,0,0.7855153803767605571051091282617687744906387948866540503,-488401.9703620750579974270777955879197889548620528458563,5.475886613572111871286167264387968692412951013959798674e-47,3,ROOT_OK
cstr,cstrfold_0001583,dev,high_triple,0.00000003802438253043812093591128422580662273322198702924866823,26.346354350835806,77.16619164322167,0,0,0,0.8192808722610756882424760281665934347589942885121641262,340681372.4513936914421606433926367862936858250516600194,5.486509494490874403771447247781930005681847179352278039e-46,3,ROOT_OK
cstr,cstrfold_0001584,dev,low_triple,0.01970518123844232395571231793359266172707685977382983147,92.45479756106312,19.922201420898283,0,0,0,0.05321282655136407175360082875057595564137961510436613498,135.1144942895054403491476295160276369112067832940377623,1.045972638765905417573611924924504508930774120311857602e-46,3,ROOT_OK
cstr,cstrfold_0001585,dev,middle_triple,0.01750222068336739480289687279587964366398105189214196794,18.67212784966124,23.403034500199006,0,0,0,0.05098478821191639658193221254967879663913341691773713004,-6589.209326282957670062141682537309120368783806147096655,2.689988234602112337878354424237360861716159905298325692e-47,3,ROOT_OK
cstr,cstrfold_0001586,cal,single,0.005268758389276796479266145834789101403162459244705415542,28.410271079220806,73.51787937142979,0,0,0,0.9999997607028582640736306545446972566500538253069562121,0.00004541817898169657538092653851269966221657375071837319645,1.249141890855843729274401509444910555371976270852786833e-44,1,ROOT_OK
cstr,cstrfold_0001587,cal,high_triple,0.000001456965286124778178860847881204636158542593986694573284,88.67212011077035,21.027197138819986,0,0,0,0.9237479058161563008810672804411714048725006004691659641,14424592.26605672074663086644923419092114035395837250427,5.548945664424294229945727840837321597909832402308034705e-47,3,ROOT_OK
cstr,cstrfold_0001588,test,single,0.0003993038802170798059788103245431147705615502699962382767,18.60225154147745,22.795917344219173,0,0,0,0.0004028233076521547206823162455004637442213837018285605798,1.017740182989943275666333654041744253786774129668300446,4.971273866755991578673564467279962186433590086283411857e-45,1,ROOT_OK
cstr,cstrfold_0001589,test,single,0.00000007040995432246722841921662896554148860194805956055657241,26.00702824617049,71.10789789782926,0,0,0,0.00000007041030188919994943507893371477174421643608959714523644,1.00000987269453094578091416688564283081599497694834768,4.825359176055091240388892548199181580101325963463914078e-45,1,ROOT_OK
cstr,cstrfold_0001590,dev,single,0.01939057523558009750609643561934869840929412267192091969,87.58342150138347,20.24511617330224,0,0,0,0.9999962771594648425705345431601394136367238900008410321,0.000192001101315343654220049201321030452604424492400485012,2.702328599789672701367243885376025942469814731504247336e-44,1,ROOT_OK
cstr,cstrfold_0001591,dev,single,0.01837915353896145518933137535046787683097680669590718511,19.357787934089156,22.29468722126147,0,0,0,0.9982675077591637101724783472427385686217865203988335635,0.09489242038340036793922923479719682212923496596672853929,6.107841165237962892115801156624439815111592670780317076e-44,1,ROOT_OK
cstr,cstrfold_0001592,dev,low_triple,0.005251795129118342655186937383154673526214024030004559422,27.57312130601366,73.8256828242855,0,0,0,0.01482772610814237339473941942385134244427985865051285575,1183.023410373269801552858809497006970022580724846520141,4.842470295960453436897805143261660461425835763831622556e-48,3,ROOT_OK
cstr,cstrfold_0001593,dev,single,0.000001897669645178089501831037884601642593018383666428994689,85.60674240987412,20.762628607473594,0,0,0,0.000001897740817335680767330460507336028496878530881121111048,1.000075012150698570871741131634981027577442886208496653,1.715960072298750011316750585812165696010056081934264094e-44,1,ROOT_OK
cstr,cstrfold_0001594,dev,middle_triple,0.000456798478168703642426871380069497596154301793780816389,18.903279350758478,21.820238373810863,0,0,0,0.7876791279290983067429242450349988844216061089720921602,-326309.2617652325524803719265703271417343490444408688634,1.08113062012027932448026325388487489228159127320592508e-46,3,ROOT_OK
cstr,cstrfold_0001595,dev,high_triple,0.00000001376155401170687295758082500302147273367862205143137157,28.397817714948857,77.32156608443117,0,0,0,0.8342790280552095999285041489664634399987521247906913625,8328390502.892148432448098176516971387705243947739708006,6.726627378666067106066239309060978386856619035089136645e-47,3,ROOT_OK
cstr,cstrfold_0001596,cal,low_triple,0.01996947085984354978286078048849521173220078906174697752,92.14405506099956,19.677491947546738,0,0,0,0.05496499100267906756734388676464509529528489744737813514,1788.205679901798253519112873336659121690724877229953575,2.13219176057654236448418638322451218230952548689757919e-47,3,ROOT_OK
cstr,cstrfold_0001597,cal,middle_triple,0.01802208926571833628531796627783336026677453075017135694,19.09517571449829,22.7301835728908,0,0,0,0.05242959824168313290539795212625859232233625446411184844,-5797.098006610011748449577696884556396859157833098811374,2.376735050799019444977754105900240436219151403025845194e-47,3,ROOT_OK
cstr,cstrfold_0001598,test,single,0.005156064647843241620808428648519157648358708719214376833,27.72675929713008,75.16322766818574,0,0,0,0.9999996902122441440166208825336771818808601647054050196,0.00006008229238214562635958160451008007960158546697177825383,2.49831357777675511195215758214260456869360013489962069e-44,1,ROOT_OK
cstr,cstrfold_0001599,test,high_triple,0.000001744128603556812503242307113567508157195973475681886553,87.86102265997944,20.779755899687977,0,0,0,0.922673748959598832667804152031878798402846883921095254,40851510.90304314587715241088867052202617848026349717806,1.901730143622265521059753346833958416601537747068033513e-47,3,ROOT_OK
cstr,cstrfold_0001600,dev,single,0.0003245567705570662352024766449950953035322373302596545455,19.434376472653803,22.845435072652336,0,0,0,0.0003268817289677603536141216887042574846709632000629588126,1.014401272113450254712068063890905088648418540755996754,4.585117766703157578898540878354754124073111413961746679e-45,1,ROOT_OK
cstr,cstrfold_0001601,dev,single,0.00000003688307205207245323061360448573502219029846555688898335,26.507709328702127,76.47444808060787,0,0,0,0.00000003688317472498604613531232659109397832268987591405344253,1.000005567492982245133312896637905335265229788820475366,4.676289676434793913862572435369138874549130957010334223e-45,1,ROOT_OK
cstr,cstrfold_0001602,dev,single,0.01870610538038938993164673412272120956917406073390639861,92.30884449817775,20.933928643463034,0,0,0,0.9999979242221039429065603018029832426696414155680108704,0.0001109709092936313679392174274171045205562837559861475244,1.38182776778921323847499803650498244044305183746759711e-44,1,ROOT_OK
cstr,cstrfold_0001603,dev,single,0.01894142463526283227542840103250455123722596852131163704,20.011006963488928,21.623822110909597,0,0,0,0.9983716255141832306049768512573952914096242462936042162,0.08653287912630776139183780274701676888435420905718019523,1.439181003334451442826027519275328608055043785915429033e-44,1,ROOT_OK
cstr,cstrfold_0001604,dev,low_triple,0.005393791245698661249442977489311968246881153159660565227,27.56779959355733,71.70792803981195,0,0,0,0.01413597153629653217750350282193181936731750834551341876,36.75570828195302117112283371200454212231604544368215985,1.835367210932545801381725982363855450155083605304458788e-46,3,ROOT_OK
cstr,cstrfold_0001605,dev,single,0.000003541714583951566223339809232605868232953689697758967788,89.98753789400804,19.555182604212927,0,0,0,0.000003541947358113784718055430800556295314141085930692848812,1.000131453580262459932983779467866698965947532787264216,1.711680104674048715272390572105751999288682112994489871e-44,1,ROOT_OK
cstr,cstrfold_0001606,cal,middle_triple,0.0003324595663159770315106761872551114215888775496649194178,19.980968357731747,22.168788276430917,0,0,0,0.7946981601218065704462649795603978666510894152893378138,-22846.61006657942925678173077358995278717228961070198854,2.46649449648502136790283126079384435345277306433342471e-45,3,ROOT_OK
cstr,cstrfold_0001607,cal,high_triple,0.00000004765852539406982242097887444809231024599306249267125615,26.944992852271017,70.44383702664938,0,0,0,0.8287827402795356447939712325316958875770553696085368907,930461527.1008887340772489127424264685263141294096984253,7.650081864529924248005407080846424310561238556460922147e-47,3,ROOT_OK
cstr,cstrfold_0001608,test,low_triple,0.02019869916406537739608305006283467310478548995177860898,89.52497180248085,19.469721365565437,0,0,0,0.05462587351667177551015501169766656479294847129208892814,141.9028887314974445180973548576070258862296418216397562,2.142831183596499295319622176630500871499486061945812218e-46,3,ROOT_OK
cstr,cstrfold_0001609,test,middle_triple,0.01719061808389219013255708679319921564944017691704484208,18.75451246721706,23.797077303560098,0,0,0,0.05072719541785271467109676572170220783943240450043280346,-243.2171763981804485936479237526038091106173949644111484,1.514869696736730433034559971880205457138573733566976526e-45,3,ROOT_OK
cstr,cstrfold_0001610,dev,single,0.005034674706435627949158480950101769942108745317792642307,27.795606011804697,77.14141227037148,0,0,0,0.9999997345204075264031083597734083170204970968592590941,0.00005273029916144645361972529678838773449759893737471884878,5.913815367110065968590409967703382127359130888654854381e-44,1,ROOT_OK
cstr,cstrfold_0001611,dev,high_triple,0.000003286153965769191398481012349854806567691938558048536627,90.34963311279934,19.65665395747583,0,0,0,0.9203855354530194983936891545504146473705476631472957724,147739373.3499066541931419019760686818996770343132401612,3.12018746524129661496050328440987773302977507848886099e-48,3,ROOT_OK
cstr,cstrfold_0001612,dev,single,0.0003580288427976585626555333752116250377765658415190423659,18.909946874625536,22.968332308445575,0,0,0,0.0003608771959616386132446604747768990630436542265360403922,1.016002881560314442492050452505584895298083742791601256,1.021035173755118980201857056969304756428071012440765671e-44,1,ROOT_OK
cstr,cstrfold_0001613,dev,single,0.00000003373960257169453821262708168488946877562926570733073814,27.515971397215964,71.38833817449508,0,0,0,0.00000003373968269929651165100350591301047305492445140371767117,1.000004749773857422503301276832120656319231378311998618,3.320435720852303278996647858666817353495608495549542601e-45,1,ROOT_OK
cstr,cstrfold_0001614,dev,single,0.01955894180341014149911135759837106800152585603184005091,88.62939011043393,20.21065527194296,0,0,0,0.999996359332398721910182863448482103881642901013880546,0.0001861466751502224537422452560503662550413172012286515661,4.799870383915722656518215865113354710659334238229831958e-45,1,ROOT_OK
cstr,cstrfold_0001615,dev,single,0.01716207962953795053267967708453173098195471081850442753,20.163512760321982,23.731618984080658,0,0,0,0.9989211867967073690535817921183823142733207517305528113,0.06313356173945083569588591195279830184988415041217818686,6.413621684033666312935867326587033443251265412662421538e-44,1,ROOT_OK
cstr,cstrfold_0001616,cal,low_triple,0.005420946155932925195816355040592714153993361377708097408,27.55877116750743,71.53941527635061,0,0,0,0.01498567515586725233594556300163141184310336974899333054,126.0557063005313933587218177558859956730187971502451027,4.086191141827609010074520500561358443699574982090250991e-47,3,ROOT_OK
cstr,cstrfold_0001617,cal,single,0.000001467062651697223615064971670634285277182187331010979453,84.23225474002874,21.261222105281316,0,0,0,0.000001467106261300842099710765130287399589645275095915002829,1.000059452902803287693137719183479096876342070752775119,7.055607300419792314377164092573084391285024776086617981e-45,1,ROOT_OK
cstr,cstrfold_0001618,test,middle_triple,0.0003895070847036043391626862966454659574502710327640365674,18.591715630865057,22.964290310052203,0,0,0,0.7619181222375017113444170699029423750851550931481835642,-4411.45540643785529793909503740043946328129414877372013,2.670215004932232600501036649752342552231863862159313454e-44,3,ROOT_OK
cstr,cstrfold_0001619,test,high_triple,0.00000005143406983921934849516489392900413862566200424756337415,26.61946694158963,71.39251108006734,0,0,0,0.8252731903030596086126623451304812629088598617376739554,932669731.8198546834964153246855733271513662387881838216,1.691681336074071918407612429670697504090556845985056321e-46,3,ROOT_OK
cstr,cstrfold_0001620,dev,low_triple,0.01853595632503588964430809115432788213193500305290531404,85.36031208018143,21.13538363729198,0,0,0,0.05110191607025801356985213925945416521482218583742684831,4467.849860922692961665732228257679279497107286092378293,4.580310010216672913723087937194014742313414712002322357e-48,3,ROOT_OK
cstr,cstrfold_0001621,dev,middle_triple,0.0188832391112719821648026451181483051254542911795649168,19.964141166649682,21.6890321648015,0,0,0,0.05477635151025121864172979807217466930532437564204681779,-7508.94357558559841160628979795623093337709934657670936,8.395682584137142454773245313361424744463568455620655826e-47,3,ROOT_OK
cstr,cstrfold_0001622,dev,single,0.005081175008739055645167173078832449297604879466468984235,27.8316025094444,76.23994115300907,0,0,0,0.9999997249877101135839332965168891617862525314779714114,0.00005412382493492917729744408336244669347670611434226151539,2.147576129650445767381482479030310745848663175286414574e-44,1,ROOT_OK
cstr,cstrfold_0001623,dev,high_triple,0.000002645900776467427846725977375620459583346837315783986123,87.31666028290552,20.140134729079477,0,0,0,0.9232324618250978184909526070313194343609113268956301725,899173.917418721815846595448061931057194155433988392328,3.828685771186323344394631510837400313862592675974159688e-46,3,ROOT_OK
cstr,cstrfold_0001624,dev,single,0.0003466068836768995054144687508743149990120958030376800563,18.671343337211237,23.41447724555268,0,0,0,0.000349330214843767654179316844565188448012929641974037201,1.015803515697247609027152040762457864204989830097354526,1.497985229202468864781923208031692879036822339060709414e-44,1,ROOT_OK
cstr,cstrfold_0001625,dev,single,0.00000002982145623634746771697164324592042847347774913137379738,27.78380483319963,71.37229414021822,0,0,0,0.00000002982151881997558978420078606747827070507617398479612641,1.000004197227908141741967182030877150309423910046248239,5.356076716254937542900076055440641200872632378101518782e-45,1,ROOT_OK
cstr,cstrfold_0001626,cal,single,0.0197313510175116551629407922236647178010304276436807868,86.12997656181808,19.918267379101756,0,0,0,0.999995222342354953541071518318016362416097323806384104,0.0002421493964612867544505149987256803654501763199679635842,1.179424939339165861544923971162740517977637428830074142e-44,1,ROOT_OK
cstr,cstrfold_0001627,cal,single,0.01869164014292217314433157776542237235386490324023682939,19.9589427900374,21.900779502981685,0,0,0,0.9984296835987003954395807492421654431955597715811281258,0.08454081044386590284684356852192777575084662771573995457,3.476586111957251788554037548382798449583581609744977103e-44,1,ROOT_OK
cstr,cstrfold_0001628,test,low_triple,0.005339673160455949243429099382845971648183662624217465342,28.4361832428734,72.54137608667433,0,0,0,0.01509297077672618367535915756850966194685123775516546849,20370.60310217938545977997037311821291126942946959360287,3.330198641631475032273768012855553191221912522588194775e-49,3,ROOT_OK
cstr,cstrfold_0001629,test,single,0.00000214512597017212649956079048808881896873886382782712939,88.15272565201525,20.433231149576233,0,0,0,0.000002145215398997101964519787170114205264249017057830379419,1.000083381206143100027452675868912551774132485595444819,1.71769230170789028607517741847079501186770555281745366e-44,1,ROOT_OK
cstr,cstrfold_0001630,dev,middle_triple,0.0003311283630351955691306542575095756195454562822062211518,19.558141375265922,22.618163545583446,0,0,0,0.7946561928427857779232332202200319237441305099207590135,-219375.8944844345937004132255140194358665944272369857774,2.966592224394182361611108334808926166028728926452367167e-46,3,ROOT_OK
cstr,cstrfold_0001631,dev,high_triple,0.0000000319543989592957595253010907521117436053305925827722486,27.47836444765779,72.25979351370718,0,0,0,0.831376707338337533152299353341617823967394929469715654,2001759948.780129630244802518385265591891936027139978,3.271191639841177727054356277674832359610287908787789269e-47,3,ROOT_OK
cstr,cstrfold_0001632,dev,low_triple,0.02016047452903223998419362299238803912816763818008237591,83.94075045864015,19.523372842079763,0,0,0,0.05526359652985401976840518566223539169884573751991266399,404.6114588334244450779021952118534138797882675106287053,6.131124691711895198363247766933991878850886420476098301e-47,3,ROOT_OK
cstr,cstrfold_0001633,dev,middle_triple,0.01806470519629753049788948116487902129568584498146507816,19.79551054228453,22.625729751976518,0,0,0,0.05345102109347982458915594139288856734415883832671917296,-167.6621042656313845280645667112404970747639128981981677,3.891101947493299319225545591301838316885650503303982942e-45,3,ROOT_OK
cstr,cstrfold_0001634,dev,single,0.005008212727146498359342433090339078175244734478333277199,26.22438638000752,77.52194564261778,0,0,0,0.9999993832869151004840398103954185383235366635905809646,0.0001231406535747760782334261525885848579351741999329005421,3.702976157222970250189622879621220656128450904311823205e-45,1,ROOT_OK
cstr,cstrfold_0001635,dev,high_triple,0.000001354648924796920484220172436864257189806700542799687893,87.6767212394412,21.19750658688457,0,0,0,0.9241390589380118336550931432318476254247277562367994452,7237569.340350564284025559583144248752607302236062760124,6.35628140344971594861504152363741266018346596085171693e-47,3,ROOT_OK
cstr,cstrfold_0001636,cal,single,0.0003620456082863988762436746624259648630219389292566234526,19.94720042342477,21.822996089562256,0,0,0,0.000364805117560175883947843724879942668523104605123076474,1.01532818359347706421047915379422343651323316664228685,1.286581786255614683044470935579296180212238583664905782e-45,1,ROOT_OK
cstr,cstrfold_0001637,cal,single,0.00000004146264827868905295716192556950419121071104332201421734,26.461323601669296,75.16653284397466,0,0,0,0.00000004146277578274604514759799923596568993219656149298245032,1.000006150323181426957294726995587635846407162224992207,2.591122303413038467261409718579154522527317263697843944e-45,1,ROOT_OK
cstr,cstrfold_0001638,test,single,0.01833398559470471985885643496858113536742272574859314774,88.79655403372696,21.359309805625543,0,0,0,0.9999981836842297200776649265617124544358166134689938731,0.00009907056217601901374219325210958760738702545483716481179,1.808051479193500038651304813738878503879280622832813938e-44,1,ROOT_OK
cstr,cstrfold_0001639,test,single,0.01790926229216507605314956108207717743203391392120446527,19.738850680466037,22.844676327518787,0,0,0,0.9985859291542439911825010550977291769362446030191539843,0.07939700784422773407302110681346397433879748308371216727,3.147001910725554627003843146431862262085841472276120478e-44,1,ROOT_OK
cstr,cstrfold_0001640,dev,low_triple,0.005104642020636363806581775888694646730298691060113188941,27.835776234614002,75.77461048843628,0,0,0,0.01363289144381166142269167405023872178083739954219392766,50.01077936342588213116731265106134852768449511731028415,2.201170047780437515717646230896687188973051847119495157e-46,3,ROOT_OK
cstr,cstrfold_0001641,dev,single,0.000001994211272556409887861692758680701778288218642032833213,89.35330531597948,20.489725176562953,0,0,0,0.000001994288785305182078662938067200124406417231880872475838,1.000077739995651076623314268322950941375468129385350083,5.45617098686679567285789120212177385657975862698987664e-46,1,ROOT_OK
cstr,cstrfold_0001642,dev,middle_triple,0.000284497192219526830598638151884238203264593032023742752,20.21919403517793,22.62744167824504,0,0,0,0.8015544000038410584786718787310616766568565327876905633,-3808258.586927689674488305239606592548565202813612529014,1.826314448295736369160618303999778621618797041282680173e-47,3,ROOT_OK
cstr,cstrfold_0001643,dev,high_triple,0.00000003772701135977249518401566956168828983882152865139465771,26.88133264357037,73.7414394663129,0,0,0,0.8258577311436282484132624563010884693913233988162927108,697198041.3308882878139477009402605136921905422441622216,8.431049880936565159125126648236362246522518604414214128e-47,3,ROOT_OK
cstr,cstrfold_0001644,dev,low_triple,0.01931696048870040090136300167970170889779717464763371993,88.64588283052711,20.315055916336433,0,0,0,0.05326086132333202809188401057025527352380280031168743384,13973.41982702558310112022861375273920329255110810409706,2.59087698781456028173525017438380116320552968294423592e-48,3,ROOT_OK
cstr,cstrfold_0001645,dev,middle_triple,0.01796281855149896612919687353024092172905794865473867449,20.09481761870306,22.730650357060902,0,0,0,0.05228442184421061255499411841082834862132148956567375178,-681.8891117353610424341658087818070886414559568647400628,9.968530613675584560767501631793288880480452104558370863e-46,3,ROOT_OK
cstr,cstrfold_0001646,cal,single,0.005238136397383342497243029345789141762239541868071172231,27.83651256007368,73.98772581473791,0,0,0,0.9999996863003684904252371424693060612678640735253831948,0.00005988772598688435744188090702167989149715223555074456852,2.92960533678811367515593790943371490226381426989817744e-44,1,ROOT_OK
cstr,cstrfold_0001647,cal,high_triple,0.0000030885212940256419912472949675346756602403948045334823,89.4547462857605,19.79366056660167,0,0,0,0.9204910488169253672151404320851196598119630634114166094,176485015.2995315190066118147645590357376994518304341392,1.595919849486333896662881883316294672948931790133795996e-48,3,ROOT_OK
cstr,cstrfold_0001648,test,single,0.0003412044274323099992740622447419512828137358508305603039,19.951002611665622,22.081382171301943,0,0,0,0.0003436845366271462152488197486227360914951396162335354143,1.014613943683928802972731373241574988007440663593426328,1.478375727005557106638792650321776044006263434282543104e-45,1,ROOT_OK
cstr,cstrfold_0001649,test,single,0.00000002580245394353266923494104262299238031029556047761583565,28.001374231566736,71.88795972189865,0,0,0,0.00000002580250113849699232190880034214516883263190234966655511,1.000003658181317151867836747524354775974073623113184241,4.485656049431673695185041928867257489873365944355511173e-45,1,ROOT_OK
cstr,cstrfold_0001650,dev,single,0.01915858304055113955666304218423232675876653857325323678,85.41846299433581,20.485978162374764,0,0,0,0.9999965188832056363154968187278432417014331221963068621,0.0001817079151477642823603453380863916333783857474697526857,2.234360640916273277228439308053520415870905580557111987e-44,1,ROOT_OK
cstr,cstrfold_0001651,dev,single,0.01765229584847937442728812007274994935804743586231048109,19.900011286062934,23.28019415406149,0,0,0,0.9987530930410336892269044157326827520942628871830721007,0.07098672122706961226729199636768465681520168030089825569,2.949363655584013558054231603634735394274248819594514102e-44,1,ROOT_OK
cstr,cstrfold_0001652,dev,low_triple,0.005398919403071999467485322694250012456622084821230889629,26.782748511727597,71.92859738577272,0,0,0,0.01530081581538153473792866664061107024260269141331461391,20628.04047446156694856609686988371674272428768418917586,7.261778198924703621570063537250996467216488787478591523e-50,3,ROOT_OK
cstr,cstrfold_0001653,dev,single,0.000001160868343756433130387098922735524242850617336646886184,90.51185547080722,21.292688495556497,0,0,0,0.000001160895691451899627004979651309219899006801938430079259,1.000047116754457548795667088661031580175473017876553968,4.924908797887347173400559567647686741586797570793911593e-45,1,ROOT_OK
cstr,cstrfold_0001654,dev,middle_triple,0.0003664884987037277963319286770756889965217653912121347808,19.603126832609547,22.106925202659962,0,0,0,0.7952765327967879880578488093877778945924417316047904835,-1313276.594361811385816462353070504080244532481435793418,5.933386865465660927415561614692066845522908033289076193e-47,3,ROOT_OK
cstr,cstrfold_0001655,dev,high_triple,0.00000001652732485771089837184444020901757802832381359043252319,28.580765477219703,73.99095883477571,0,0,0,0.8457492531123693308904010703353513932580101405972250369,154337638.3274097959492319198319663838481006775479585216,1.209776267077221131997583967561665666632836259661814803e-45,3,ROOT_OK
cstr,cstrfold_0001656,cal,low_triple,0.01909481895964483598151915072983762826313224040457512511,91.16746989528146,20.52866256104556,0,0,0,0.05168056398667266801491408830268599527388192708774636268,151.7768379610134480137749698938988723397826736961299989,2.982744385536275380873801271491884671271920990162527818e-46,3,ROOT_OK
cstr,cstrfold_0001657,cal,middle_triple,0.01725688910882023906259572458334236094961076730831801171,19.41395335759415,23.661165986672117,0,0,0,0.05016191853604287024780270603052536790355107973784128912,-2314.128310267436083240351755581663431414550670934548257,2.678597455772005651907887140903495848679292935720796185e-46,3,ROOT_OK
cstr,cstrfold_0001658,test,single,0.005075528198773268908235539755041216999611593582741448927,27.190686685324632,76.39445028042654,0,0,0,0.9999996149579143532801645611110911090914777740678999667,0.00007586259059605342140683637214685223555798165939755024098,1.408968085817062574956979156393467430030270900949275063e-44,1,ROOT_OK
cstr,cstrfold_0001659,test,high_triple,0.000001218328634129341807564781713919059691855549897062321872,86.18091682414868,21.45338160496916,0,0,0,0.9236726710908464387283721116867128980908290702572835516,361483511.1052207321634679107409018552711837979207217794,2.695039679927697196824421821478948030426819499747176021e-48,3,ROOT_OK
cstr,cstrfold_0001660,dev,single,0.0002483417268867145495643642611390574758429636704493447276,19.809171114243476,23.69631012907755,0,0,0,0.0002497529929555560355209526416831559405309489185331385655,1.011412281977561500398259377943260300511173037258308598,1.581941878305267801084013106955129396144251944420762232e-44,1,ROOT_OK
cstr,cstrfold_0001661,dev,single,0.00000005285412523646544426997161078287644756085063984497544578,26.178638539760662,73.77275080783603,0,0,0,0.00000005285432853254814882831797174824198758625125807446514076,1.000007692744998570306277114587525514773044608437247117,1.398508438703902789082554943113400966656004194118859931e-45,1,ROOT_OK
cstr,cstrfold_0001662,dev,single,0.01864855069960017205883307028895448556166280219066094254,87.21811119051056,21.058218371450405,0,0,0,0.9999976955672120860121759922979303010323734834699191987,0.0001235752888485258940864999893643000920026360655158502243,1.250195987068149502087217952232661198810438093800878764e-44,1,ROOT_OK
cstr,cstrfold_0001663,dev,single,0.01785445008537958838441113512314465730739709475222494062,19.250496733008543,22.921958363878446,0,0,0,0.9983901576887079872794710299885159043147526158009954253,0.09071722295240309591235046685601002886435790057521654645,2.893536831542289772181707686769161678320428104177091843e-44,1,ROOT_OK
cstr,cstrfold_0001664,dev,low_triple,0.005002680181951498565615055834445092612367008413053765954,27.550968917406024,77.45000982580916,0,0,0,0.01415807319737656107152610178481139389161410940371141597,18046.96352538053772171653095909632222713065224700050432,4.164843406228713842105744284556086911162574249167027007e-49,3,ROOT_OK
cstr,cstrfold_0001665,dev,single,0.000001104127963091161161193301923573714995172053496563172019,88.70184398992535,21.472633701303273,0,0,0,0.000001104152922088013006347729974828481184587156991767639301,1.000045211093293357799324438520284795786616112769709175,1.483429632277668390285589919089489454724656336144308729e-44,1,ROOT_OK
cstr,cstrfold_0001666,cal,middle_triple,0.0002521267654243230310243407089148138874434968290864017756,20.056408422483344,23.359019408756396,0,0,0,0.788985272026032567781419949410054025850584972014025822,-11758.12365462958273254687586435884627465473362403759696,8.605884594530239064074447980935195813657110475150406009e-45,3,ROOT_OK
cstr,cstrfold_0001667,cal,high_triple,0.00000006662444679686313744134021239236627459451106946131957099,26.09824954055577,71.2621070657894,0,0,0,0.8242306099536398649040727932156913933224812837630828219,94841935.61940480399485520783448182712324270511325873297,2.114411835004495834671750561700761213385555853623225355e-46,3,ROOT_OK
cstr,cstrfold_0001668,test,low_triple,0.01991711106002639579746764635810101086210153279512121211,89.18352372589536,19.71966071499964,0,0,0,0.05280772530020605664229896372921354655124242163242175695,69.22529701674664964045800332634553315180474242477121288,1.29731883423880898891284414322652395438668896531285075e-46,3,ROOT_OK
cstr,cstrfold_0001669,test,middle_triple,0.01866835005296093463823311328680250001429184565915700204,19.107685509076784,21.983691450071156,0,0,0,0.0543125213445396608072237044596552924549717408751782513,-11871.36940939673030156627394563931715137760636312405826,2.938428784958929078449597577737141760582172587249501587e-47,3,ROOT_OK
cstr,cstrfold_0001670,dev,single,0.005026181001940112371892280201830603892197614748787033325,27.4242408435471,77.16571895854823,0,0,0,0.9999996752827802341376188987493332382556495457000930201,0.00006460524871715965407703082361649411423762936220887371294,4.660947790450823839568311312835742273983963431181569528e-44,1,ROOT_OK
cstr,cstrfold_0001671,dev,high_triple,0.000002530024456138532771467268306716682150520218949396798776,86.24923066291161,20.264297350796994,0,0,0,0.9209676326810126642471997428649293513613105275385585386,9208722.76413379039698128538148007041071498646053969236,3.69288752396340855838555920984045603191506154838198485e-47,3,ROOT_OK
cstr,cstrfold_0001672,dev,single,0.0003375560130794630412738310637584256264812723247723302615,20.04684966589901,22.030740687614852,0,0,0,0.0003399772074800611913107896463482339573840890986975989966,1.014420002386479786321382971037310848496432246992666102,1.251944517452257196809479481183702218952101695696282263e-44,1,ROOT_OK
cstr,cstrfold_0001673,dev,single,0.00000002387416807193499228578880438274647557572309014420713164,27.827505776529435,73.81567502639412,0,0,0,0.00000002387420957522053523011051127987112706721526676618888143,1.000003476840591458631665031267551055802057476011571757,2.162443785339513437000219790471507703331317810997397847e-45,1,ROOT_OK
cstr,cstrfold_0001674,dev,single,0.01866618613723215476291193547822696013283123979216349773,85.58857577281063,20.99477355192487,0,0,0,0.9999974467724676492952228719778971418371597655324479147,0.0001367879465610316974280822934863342492988845994093830391,4.914284995184993469439229258328827214286070018650731553e-45,1,ROOT_OK
cstr,cstrfold_0001675,dev,single,0.01878911950576290270706772001728157813573818491355473138,18.315428005310917,21.951979990896316,0,0,0,0.9975249453718844949796407192234594225474802771421505608,0.1328961958805198822647889168684594355175596168499471754,1.691003780668798152451375468406341368822956847864268751e-44,1,ROOT_OK
cstr,cstrfold_0001676,cal,low_triple,0.005027604651217709942415860416224756124720424638091334427,26.998803937196296,77.13384251870565,0,0,0,0.01419160083916051730962638890389321902153501097946422645,833.4420347175703942690527029654914894114498763213724676,6.075789906846966984021220427216504374939364474796797406e-49,3,ROOT_OK
cstr,cstrfold_0001677,cal,single,0.000002513527301657915405678938831204934594454913462827107585,88.33803266241765,20.169344014297533,0,0,0,0.000002513648418785916667819413932114481405350189913411205202,1.000096375690542849479289747175121745246959212237227334,1.699125626782962362900831051837717694458241149110503591e-44,1,ROOT_OK
cstr,cstrfold_0001678,test,middle_triple,0.0003101031651991780646284886917119045350074774536295401898,19.7832388375865,22.684407906389485,0,0,0,0.7932361779674063655656795153879286844334407463294327335,-26027.36168164472716100404657065273306004613565936022256,8.966847842430775006416714228642231415845583454227567057e-48,3,ROOT_OK
cstr,cstrfold_0001679,test,high_triple,0.00000001925544227465444156625072575849383957594664809790077679,27.652377114286697,77.66200398468214,0,0,0,0.8280495367706920593682118519081683749858108979119954243,47122111057.26650313132615242748094076700484248497607871,3.354776753150602464701124376870504223541327137594313294e-48,3,ROOT_OK
cstr,cstrfold_0001680,dev,low_triple,0.01905858688978759038870539148543113506535357916439636096,89.06834228493926,20.568139014140236,0,0,0,0.05120834435795192550591784493151556512060899386452680766,106.6773364760085554296145540209316697225799182294579528,3.869461536837318548278790656242434250870281563290555669e-46,3,ROOT_OK
cstr,cstrfold_0001681,dev,middle_triple,0.01791420902065291389651913482592019678191454700514718944,20.144972980974963,22.785672373691185,0,0,0,0.05218836201102562849743651366004844732213978403040837818,-558.5985103212320936371008988492697523382228692807004033,6.886622194268714316734142757484026485470962226535205067e-46,3,ROOT_OK
cstr,cstrfold_0001682,dev,single,0.005216673305820244325656752867510788184109993312483035529,25.976255740116322,74.49858084836718,0,0,0,0.9999991722770807335236171195319941595109858464310809405,0.000158669250922292223885755963061434744141726732454126437,3.163833285547907793396782294256357477750006430613175895e-44,1,ROOT_OK
cstr,cstrfold_0001683,dev,high_triple,0.000001524169263836133036691523547376081024680778204862516546,84.82207596129686,21.16418073023313,0,0,0,0.9226264955117459425139980981833040427222212887683138764,27633393.64362051635566944383156817680289080967746249279,2.688968584450907517806829719216271027938898833269782677e-47,3,ROOT_OK
cstr,cstrfold_0001684,dev,single,0.0002931784428894801007563942088203327393430943363721482162,19.239453912388786,23.550624635970266,0,0,0,0.0002951354426567757912609651671084455359133364184671585438,1.013414709839505053454307056144297875243223807405713378,4.96413301994388289656968147010552786555220681444979257e-45,1,ROOT_OK
cstr,cstrfold_0001685,dev,single,0.0000000302770249399501168104786903024576390503520184531575655,27.312780994108987,73.841752530855,0,0,0,0.00000003027709171407174712765338762547806743366557343174467197,1.000004410884453486402227434798757169308764014119710771,6.559674626057797933204007159277959013467238461628706958e-47,1,ROOT_OK
cstr,cstrfold_0001686,cal,single,0.02012428436906740012809407027271045620464079291368361921,84.84703292442735,19.575751566234004,0,0,0,0.9999938561369448392173447759742352211816882466802375747,0.0003053183445936350865807493888253151895723533494934897753,2.071180865645174347121326630598304787035804763533720502e-44,1,ROOT_OK
cstr,cstrfold_0001687,cal,single,0.0174711640891074946359476527017467348685372431273472039,19.78715531613392,23.36151016129833,0,0,0,0.9987200417380852091233131137932625252119296241413073644,0.07363047276351454212654425149238799272463857262374404659,6.597491233240429750666146179766935353523710152515904371e-44,1,ROOT_OK
cstr,cstrfold_0001688,test,low_triple,0.005307971719724256567190643567540176504172304571732326597,28.365183540168434,72.8715622134627,0,0,0,0.01420604466881795874555390996071376868829448314418644409,52.67120131325256484699420464541206785076795606375226579,2.071977993015526506269121505454574421925595294705859677e-46,3,ROOT_OK
cstr,cstrfold_0001689,test,single,0.000002477769521220446475862721158708201105375130140723442871,86.54518573441214,20.28280142647235,0,0,0,0.000002477887913334325887889363719024659954523297850281334802,1.000095566852159405668280182593586952106607548815322186,1.80256352121953697850345337247335362253007234768014788e-44,1,ROOT_OK
cstr,cstrfold_0001690,dev,middle_triple,0.0003490479481639348886235169141467169094788713723053412888,19.65213294876509,22.27821280877607,0,0,0,0.7958868352317832433645237834565543302690240323998119024,-2800742.818721600380958896724457441641835592464226561091,7.877710882906903257087665050806930319216710829693127217e-48,3,ROOT_OK
cstr,cstrfold_0001691,dev,high_triple,0.00000001738386906361245450096503053478377730156833112570892677,27.98332259972542,76.9091314773701,0,0,0,0.839357185763908711904164861431292890105394697790414258,150045286.2998143105227256318177191295000124129695053638,1.091549781247030298014258972161306657134972559786355093e-45,3,ROOT_OK
cstr,cstrfold_0001692,dev,low_triple,0.01941994727905404814990963981985259070340026022277163107,91.4831120383433,20.205398588863122,0,0,0,0.05347171799535843814241683090888107215662253580676415112,2395.277653932523992689680694858173669590276212147387925,2.073816668951874305725037648140357745721227250050059915e-47,3,ROOT_OK
cstr,cstrfold_0001693,dev,middle_triple,0.01870223138847244287773935517793955009427739936994672309,18.874466682346956,21.962985576769352,0,0,0,0.05449314114283990269907916278929310174663101149919961672,-4036.20827475383263900749196420710019321948935247193327,8.405918519589262468394619729084121628611788628949389895e-47,3,ROOT_OK
cstr,cstrfold_0001694,dev,single,0.005147959359682479763410524389048636448861974466685578493,26.873022003406447,75.37105044363985,0,0,0,0.9999995158024600497432190870545567460598467409873306462,0.00009405640028763797394198555639422419804081461985024477836,2.711923055836671598246672490789244649819953911802687932e-44,1,ROOT_OK
cstr,cstrfold_0001695,dev,high_triple,0.000003310684549885252744774683412957375261199289412892505454,90.57911435277845,19.63505967920658,0,0,0,0.9204214369579815121446287043787098104740692771817698682,47713669.31716067714809952318764643019744329253323475172,3.877289383945096894927926221806258793150670026638685479e-48,3,ROOT_OK
cstr,cstrfold_0001696,cal,single,0.0004141626229883975319908007169906264414204030017461603413,19.46348688206486,21.694667363589865,0,0,0,0.0004177569236065912897447947563182267424963265169987222304,1.017466057694565276644250652131101832564501889691801266,4.594971746814776488437097311182472936393869190099185743e-45,1,ROOT_OK
cstr,cstrfold_0001697,cal,single,0.00000002257439570729654863503276412102403989594201652980815808,28.03239160236032,73.30339825192249,0,0,0,0.00000002257443255343790305851499586393585878159377111365849588,1.000003264422740898753740696338755949782700529427006269,3.297935650042308324940301676820630030826866461681303357e-45,1,ROOT_OK
cstr,cstrfold_0001698,test,single,0.01919331257488045911111515259732274267017781046005218749,84.3912945352686,20.45155204986361,0,0,0,0.9999963062076170226654187131516734062944233835637434157,0.0001924607609177686280535435157665537598201327562116789247,1.744662438083300023195726679240518651679849568958406113e-44,1,ROOT_OK
cstr,cstrfold_0001699,test,single,0.0178309316091341130656760745981897162594827959731541407,18.825944717087587,22.999496116016925,0,0,0,0.9981979377679324984319782972915381683148902522924447055,0.1017361305927903041054779004628873233104168235954343022,2.987021333082387819497772984345106026730825825591127019e-44,1,ROOT_OK
cstr,cstrfold_0001700,dev,low_triple,0.005268537157204949435552691426626939778928295109590933269,27.75270930358521,73.17284870448272,0,0,0,0.01340865965111552468144442891157089006184132949473200418,25.89005114702093403273900792228746091159427818487639069,2.206396639203772731941987672050922116355019787742938383e-46,3,ROOT_OK
cstr,cstrfold_0001701,dev,single,0.000001152401318500279532933282480200731340583267582644377963,88.12759887306015,21.43514875005263,0,0,0,0.000001152428457916269704655605789320556028770254040210181011,1.000047101457703102466189307537793807546368150312084149,8.404332893966142419315762208780229730860345513109129748e-45,1,ROOT_OK
cstr,cstrfold_0001702,dev,middle_triple,0.000296534846011602815869704888689920586526032228956738362,19.473060125006633,23.230510703501366,0,0,0,0.7939792293799529561751461829329237847389168626681586127,-247836.5179423085925232999554446068084898395844677595899,5.260011013030994230015011088286460155588110272259962699e-46,3,ROOT_OK
cstr,cstrfold_0001703,dev,high_triple,0.00000004819219452915173291836335119653092812912992254579961673,26.522831464597797,72.80568404566402,0,0,0,0.8227799034854981031604637963209881870404390342116289549,15286175764.84813682528890734530924663800617240344155709,5.859831755910876948144728598039170128716622579828901069e-48,3,ROOT_OK
cstr,cstrfold_0001704,dev,low_triple,0.01990564021966698940191112816277676784453898386433641004,85.15620471231134,19.632923777132227,0,0,0,0.04909285228607163955691677452506841730204058291176825,22.57576518594136741690904596926236386303418879333544775,1.075728778960401691757430399589132075880722985525477974e-45,3,ROOT_OK
cstr,cstrfold_0001705,dev,middle_triple,0.01856374562342561774250450895758170494334505396661987962,19.94777645484679,21.901781982261934,0,0,0,0.06125282540703461664931286643739154918708863535026193368,-29.31704888627795133379833134421037790137947117798050607,7.210018734483586111609723170481894241619777330650346385e-45,3,ROOT_OK
cstr,cstrfold_0001706,cal,single,0.005324716776377242248118158330370812667114882187008608397,26.77599823211364,73.00882181201791,0,0,0,0.9999994173029928148929871023682495009134087016539608235,0.0001094327599127886304739509187697191509620936693787003026,3.401315708248136767730468478894214185996760852689508633e-44,1,ROOT_OK
cstr,cstrfold_0001707,cal,high_triple,0.000001436797640682963221915232505358922168271502953071923017,88.07110254976499,21.096673203937346,0,0,0,0.9334658753552676651898388329735649509908938013818319131,346185.066625141981938622768932779639587658511360570391,3.348195782982824584650361857446893156945670177561374729e-45,3,ROOT_OK
cstr,cstrfold_0001708,test,single,0.0004618735128167839229752846675343118530827348103430488178,18.574364225283404,22.123840024097852,0,0,0,0.0004664441653905012039707648539581717164536192549754693531,1.01993348763406430768727524951666955634125506284774291,7.6291417451186414412076426891061629331342344612530337e-45,1,ROOT_OK
cstr,cstrfold_0001709,test,single,0.00000003039847635264242325553142909389439932595551221766383596,27.419848501937686,73.21666309462236,0,0,0,0.00000003039854308591820788274758271303403184347485235568819176,1.000004390574194017736533794620473258802565713959713657,5.174772680057739874042587963821689438482298630588847091e-45,1,ROOT_OK
cstr,cstrfold_0001710,dev,single,0.01994116956846808895850455012594718487821968489517716927,92.69972692363785,19.705122511824555,0,0,0,0.9999956078616923129125754868808906220969575464421120628,0.0002202667977548949104035741140490184195108935602826140867,3.327011451443156656483987072824433057483029403063301499e-45,1,ROOT_OK
cstr,cstrfold_0001711,dev,single,0.01770778869568105353632336567842931849324809037531815058,19.07439894723244,23.118476952649075,0,0,0,0.9983573434156402777582902812045348761645520039794589193,0.09333677626002019257385763404788131728442824898313974064,2.183375637197060537769989385096665357601601414365622724e-44,1,ROOT_OK
cstr,cstrfold_0001712,dev,low_triple,0.005000005016328512714738379540532717559597470579371594886,28.196225107488075,77.38143803117883,0,0,0,0.01368145821679445076515349451534161579552201614626596064,89.95421328027813974121948349917749576022239448095557236,1.262924324597778617257141854492038898378199713912404773e-46,3,ROOT_OK
cstr,cstrfold_0001713,dev,single,0.000002775797907922773607370120136683221141035114594083903929,91.91576825506387,19.852629509632752,0,0,0,0.0000027759431797527702789245004129747264583668333350687283,1.000104674393371160525697570774959183056351203177488201,9.544321408302140268662232341104885801338535618157310185e-45,1,ROOT_OK
cstr,cstrfold_0001714,dev,middle_triple,0.000336465000729849606582088828181301916894279443315756625,19.01454341563994,23.150949210269694,0,0,0,0.7836795899699550679175722010193589716687596263954649602,-18161.36492747646674758554938946623240872534511122023762,6.270742959189870347410045395161917222335478971421417527e-45,3,ROOT_OK
cstr,cstrfold_0001715,dev,high_triple,0.00000001965014992672672518590790213651022008245348388933801868,27.810865377351377,76.38397337199595,0,0,0,0.8332852690419688542202489517452130724646798199496389813,374886303.4654254989202865789043033562212257281145002167,5.639651283022108399507189861514106562107181796590411698e-46,3,ROOT_OK
cstr,cstrfold_0001716,cal,low_triple,0.01864057238022418283886212863972190204269148202674960221,85.02302750170448,21.02389137965793,0,0,0,0.05140868786379819775748860222609172414899169794037840106,7939.543262488232229109492124997006806700921580565608831,5.914553271421337134109072151211341653062558686361914003e-48,3,ROOT_OK
cstr,cstrfold_0001717,cal,middle_triple,0.01815459313527265589529859540280189905302133167244631223,19.796198573859506,22.523273712792708,0,0,0,0.05267409147366714769179810559842521085981301089993175849,-6885.363160593843859048224542355201573937343218532239154,2.521470007494618794640499066303327368697226182244943882e-47,3,ROOT_OK
cstr,cstrfold_0001718,test,single,0.00549205989778892563822709407489758708561064950110055929,27.543522077610056,70.64749316715212,0,0,0,0.9999995494721184333326701326593057442351290748191315396,0.00008203275552469751415671873836357222944039909303469354911,4.328451057714842370914092565634402142309851492961287677e-44,1,ROOT_OK
cstr,cstrfold_0001719,test,high_triple,0.000002091088899634237495946991273353372841261637380265839157,90.95131163553275,20.33996895700207,0,0,0,0.9226107384489083585632929149665746513464527850932690879,16832076.50397193936272310310947944326914917009079737129,3.053612431213899666655379834218563270671056245824961099e-47,3,ROOT_OK
cstr,cstrfold_0001720,dev,single,0.0002735708904103544583722585299960739578566332325371046995,20.05170566477681,22.977267563737154,0,0,0,0.0002752301232852183934432872629093400494711384690930536731,1.012183482099989404146747406351757551742039922288690356,1.246183518092679821276661043468083266229534170934522569e-44,1,ROOT_OK
cstr,cstrfold_0001721,dev,single,0.00000003652070972064397385547233531644471130763783350620102038,26.720206222078577,75.19092691713064,0,0,0,0.00000003652080867409257698274721161256825028548027470755142048,1.000005419042799652650009029410804558929323101181369596,4.319962397056616121965448997996127677872601420962446904e-45,1,ROOT_OK
cstr,cstrfold_0001722,dev,single,0.01839002818122444219284509198322899080529576970529676238,84.17547805354864,21.299320450027942,0,0,0,0.9999977446676384662643676785728207012964720852438839456,0.0001226423503259068653343806811011690803500050631553130422,1.38261594466149320746211897558963396141396313818489092e-44,1,ROOT_OK
cstr,cstrfold_0001723,dev,single,0.01798544025897901868932904369028741570126097013416383691,20.035218906912984,22.70786279857797,0,0,0,0.9986672065930406876238934875483232662709745604199184636,0.07450069469387574609965474022183645404764902917293889024,2.148319218712176911372064321529165228359752620879862936e-44,1,ROOT_OK
cstr,cstrfold_0001724,dev,low_triple,0.005379973721160526431478999078117575119600541605645659995,26.544637032912963,72.20464207396404,0,0,0,0.01525302323909147907222475346837846639662045490191325158,18780.49665982749785982237892443284738156544596481209711,3.298035988468582049842648010419497073160521014082506741e-49,3,ROOT_OK
cstr,cstrfold_0001725,dev,single,0.00000144585837682286689723208289028570036670248818718379341,86.24589730284153,21.169548643381837,0,0,0,0.00000144590054322161632027087715249222792189268308939924266,1.000058328413242496610134475075406059019895687831238996,1.114275799143912690428661989322618224909950798335547607e-44,1,ROOT_OK
cstr,cstrfold_0001726,cal,middle_triple,0.0002729838881380603878441833311358981560663167219567659337,19.80024761374175,23.257706437210402,0,0,0,0.7971443093841133866819200233128366980618517803597486065,-193401.9886611446878276733941261876017409020661806027626,3.336957371497005349337708525761665780288290712155781857e-46,3,ROOT_OK
cstr,cstrfold_0001727,cal,high_triple,0.00000002074421942719875576600130043303836112535359489142588204,28.023865246584354,74.40277948965071,0,0,0,0.833731511939885726720437244255870308977787420785055151,5357417460.961834088415127149391081871293144090651956267,2.179871429879025062118109315198568702118286808475935497e-47,3,ROOT_OK
cstr,cstrfold_0001728,test,low_triple,0.01870148427956754926816483264140664530123012172276520426,84.33692102990993,20.961094022690983,0,0,0,0.05154110241291668323556069169258046799155662481816457426,2417.614275925007580663489310382116946654278219680475384,1.91836386198048261731672525810369048425796642078253625e-47,3,ROOT_OK
cstr,cstrfold_0001729,test,middle_triple,0.01873105538140401969834518126895096506140180307263478909,19.075225101596928,21.914256295118093,0,0,0,0.05534379449549234505112867908860946743737144773338131345,-217.8675273456230899556410859178197787147401893429045237,1.290841136731902201135895163972748184537476407035999024e-45,3,ROOT_OK
cstr,cstrfold_0001730,dev,single,0.005310656041628440256388062415695582058399361300946826662,26.937415987650976,73.08964877742673,0,0,0,0.9999994671859490650852303999270867078384692885640747447,0.0001003294635708925192638707826241241550168215539424966743,6.794485361691558966697711875988389386639669335756851897e-45,1,ROOT_OK
cstr,cstrfold_0001731,dev,high_triple,0.000002913344022551448393302885696873666652660715486296091712,88.24367291685328,19.94164745684823,0,0,0,0.9207226587866963083177501406547231946968166388634443882,9522579.615138265937547849767133216653093340951184928175,3.76675373007817198158277407299476096244387811259182903e-47,3,ROOT_OK
cstr,cstrfold_0001732,dev,single,0.0002831714481082104420961814599489819158410712918028672037,19.576862924884715,23.322467784212815,0,0,0,0.0002849779052164345732215734313840431651131746415347895011,1.012817673753667864115041561307077735528401714547408748,1.012015203362605748109904705699810639316297381763114058e-45,1,ROOT_OK
cstr,cstrfold_0001733,dev,single,0.00000002504654185200159392735197819928814982858919986474883876,27.32435195451318,76.29359367450101,0,0,0,0.0000000250465890860061609767743785510689608629585463781039204,1.000003771703892368678755381772133442273710027083632637,2.631060620557447230466235532710308434456339111664683946e-45,1,ROOT_OK
cstr,cstrfold_0001734,dev,single,0.01838420618346526892039927439557342285211465827055807253,87.31053786368741,21.300982278292974,0,0,0,0.9999980095046796670105851694542162846648675301388980041,0.000108274780986191893590682994181235555246096402445432094,1.598777323613028804286912482721807359010716530714611412e-45,1,ROOT_OK
cstr,cstrfold_0001735,dev,single,0.01830279142851983905057533161071360115292225735610429024,18.329907576759894,22.45849476617087,0,0,0,0.9977206300353721293223404866215747583382212350302752663,0.12555113806036117886025311977556015097414729403323679,3.180278204279309299744352233771840157585546353599492796e-44,1,ROOT_OK
cstr,cstrfold_0001736,cal,low_triple,0.005459602277352366175177520476516548121925103286255215405,27.37282284524145,71.05452467044704,0,0,0,0.01504873729394484354098310552967328725854301846926104948,110.7615482935070027109023124768375763845787927161196462,5.246197801617352329932008393360209079913583221920007122e-47,3,ROOT_OK
cstr,cstrfold_0001737,cal,single,0.000002716245185777510845893862464538982687086834257351236257,89.63480593652692,19.987844330936195,0,0,0,0.000002716385288603046437852026827585400950678189666266663903,1.000103163143427160376554773472960943371856066299619274,1.182940486242746912490669339456068378107408515201658436e-45,1,ROOT_OK
cstr,cstrfold_0001738,test,middle_triple,0.0003446637810047924920886484474260310793909698790460237582,19.207274116301466,22.812409237634682,0,0,0,0.7914999295084678375473991280626040086186686266145044327,-2138798.686060872533218651273828722853476579309070616699,4.507814085721747500495346342950556289960331778559089435e-47,3,ROOT_OK
cstr,cstrfold_0001739,test,high_triple,0.00000006591362334271632118803248130014341131834299815408078474,26.061297719752943,71.62354421952173,0,0,0,0.8200291741189732622574011296377458628990907308215924336,1478795841.668581084193922758216304154471691871836144405,8.86614000517885053300854608386189689501918889443644586e-47,3,ROOT_OK
cstr,cstrfold_0001740,dev,low_triple,0.02000314084317509981582596704065289134011857437324098906,86.2826865539211,19.644701506993812,0,0,0,0.05286519863391008962964324939782702766610106638396253397,63.14970056155909081314695228445083993473760449619879698,3.860636585042530469251204036389817642144441076086181964e-46,3,ROOT_OK
cstr,cstrfold_0001741,dev,middle_triple,0.01713724079759631063634850104317343864283207983861363373,20.072907222601874,23.77007574180439,0,0,0,0.04996442271004939227788621127052154984047205984869561039,-479.3606703352860387539906385982840336899171205650648386,7.848866744905967280601123832654813450133703103757774868e-46,3,ROOT_OK
cstr,cstrfold_0001742,dev,single,0.0053266802593920162789628778400949416519565307987743144,26.842064632351907,73.32939619705202,0,0,0,0.9999994505804184835414172745082707184672747994197879025,0.0001031450814189478744074899824281325275134437919837731722,5.040872768117156199223452139053301320112430819148442351e-44,1,ROOT_OK
cstr,cstrfold_0001743,dev,high_triple,0.000003128406034776941696773973598300356867062782009057902265,92.0937956601357,19.65882858893676,0,0,0,0.9211421660918686403529386925098492382318793525685514436,8471389.981127093947057678731542396041698712719940205198,3.983761428247913645943846685779177780676909404269239971e-47,3,ROOT_OK
cstr,cstrfold_0001744,dev,single,0.0004114311507330019872474277385920987590573570589412658028,19.549148206956083,21.60082504402,0,0,0,0.0004149616270282284736087830400260690265410440270529712957,1.017268607253576069665786749999600205724226187135500865,3.152989006000566380393879037221963585646276032543445312e-45,1,ROOT_OK
cstr,cstrfold_0001745,dev,single,0.00000002299887807133966654221584394740054684165769763210226937,27.71010738678066,74.92403584980939,0,0,0,0.00000002299891717343684918732803780980859689010045671369662785,1.000003400352459489037148056807351294551128155698245417,4.595247836815673062974296223311451943691637401518048514e-45,1,ROOT_OK
cstr,cstrfold_0001746,cal,single,0.01893437034596297529415066441309013141078865061248755926,89.16917964387135,20.702218277874188,0,0,0,0.9999973332475432595008557170074329852596890968308605474,0.0001408466334342112087664062866408487787926899117697775068,1.380127472827738798655406391477132983212927845807155456e-44,1,ROOT_OK
cstr,cstrfold_0001747,cal,single,0.0183132174691042918211192982842936508615702229486178485,19.16906161220436,22.38240259209548,0,0,0,0.9981979307958638490604089861064516589536662943653453527,0.09907594585782739965952922688986520163564100690021067036,2.444596148789841733947595510357760626938230336871654657e-44,1,ROOT_OK
cstr,cstrfold_0001748,test,low_triple,0.005001069321951582120508305664373266890801648635201080054,28.00364010104496,77.42384378359667,0,0,0,0.01407248545478421655636336403591628570688910778527106514,585.4026053656700534029494528144733529323845210047723926,3.456849026544332237262411590366750557207715021161070478e-48,3,ROOT_OK
cstr,cstrfold_0001749,test,single,0.000002955604617271961151967451411122694123961039691253155938,84.68962170784503,20.08331835538164,0,0,0,0.000002955771335451465468364487816286899712394466791895014109,1.00011281966735875720147148925306908333747598671929786,6.644215686282235713075299266829407523727416294030781489e-45,1,ROOT_OK
cstr,cstrfold_0001750,dev,middle_triple,0.0004036159396647127174419634661689850845671645650704196108,19.197049020093456,22.09044805914391,0,0,0,0.7812124875482657115632675708051431361748170164450951355,-9001.244604641876049195410103352756258860146664293033621,6.602184066397930829770221925884137509061390459419522625e-45,3,ROOT_OK
cstr,cstrfold_0001751,dev,high_triple,0.00000002460180310781215199097846148172415460569868751216437125,28.001655637865674,72.45407890095085,0,0,0,0.8349444523252911044169225051158787078280652019076959415,17755820189.99173526056041941749974166680446944993808658,1.719963523640787984504636920336930680031018602343947015e-47,3,ROOT_OK
cstr,cstrfold_0001752,dev,low_triple,0.01844365464318936902900635374800042338398198471451061347,90.93382725509672,21.206376472170952,0,0,0,0.04904356071410457838740879353161146455401284282270601476,76.13740976291130876114309073220561889222205280599974709,1.781354839922320743759902846839537302714348344890820976e-46,3,ROOT_OK
cstr,cstrfold_0001753,dev,middle_triple,0.01884256273438658588123933688556953083272337781230319936,19.0983637967229,21.792139427339407,0,0,0,0.05484117533105553581021225696154514610095300449359160542,-6250.353951925908731109882512806494760286795911673306232,1.037680488317547420484331489856803484119195422207297671e-46,3,ROOT_OK
cstr,cstrfold_0001754,dev,single,0.005344904299084756879280496636984889848430068221627171001,26.434653165162327,72.69998178875649,0,0,0,0.9999992872469937900014654543417611314061399662190630663,0.0001333522705746424806477895613676896437876391701055023419,4.208554825326589438971930466986438426435206053582442051e-44,1,ROOT_OK
cstr,cstrfold_0001755,dev,high_triple,0.000003349382118108511468765280207532552726263016809246126876,84.72289766264639,19.890761975368694,0,0,0,0.9192827668714481006671706000656545351743949426617225459,14272956.84111921274011858468068644344637447212054216609,1.333379181937061905492628912272692686358604108482235921e-47,3,ROOT_OK
cstr,cstrfold_0001756,cal,single,0.0002799607484101211201682487528086144802656664734731513888,19.999421974399443,22.92611745274687,0,0,0,0.0002816946703351322821718397325791489072115027435957860604,1.012442466356434507852663814915328098231917680556624209,1.744077877502468775486740737253481103422584678739885483e-44,1,ROOT_OK
cstr,cstrfold_0001757,cal,single,0.00000002758406062446698849188659492634442889294363889432177723,27.768433875268247,72.39021547621903,0,0,0,0.00000002758411494403921480173625913257290090534806672117519293,1.000003938481081981240816433366174747877199052929423952,2.053003351696239820541403359830633928603183748511603684e-46,1,ROOT_OK
cstr,cstrfold_0001758,test,single,0.01913231087169633973079682946973529467685186723568968017,91.0409874642151,20.49410405313469,0,0,0,0.999997160793592859885362803563180287926701206793001888,0.0001484038410233413008766249249447538822730175647832127755,2.243753633600673690281943415968452635103797373747896552e-44,1,ROOT_OK
cstr,cstrfold_0001759,test,single,0.01816286568078648722600372109433418740490069922765609843,18.48873559032204,22.609654394765965,0,0,0,0.9978778453413121155703234160293970745015354520163229453,0.1177358467827417976846219828341762076097685449140194448,5.395144453413457421957707844019598013130574521349551317e-45,1,ROOT_OK
cstr,cstrfold_0001760,dev,low_triple,0.004993134399357901117308840243420747326746814273455545615,28.065231429817796,77.09267117886948,0,0,0,0.01266858088109636861308370309840690017429736910000350854,25.18061181289004893008188361809694738656155347123788848,1.401497659733795744770208460952463790569667610826281359e-46,3,ROOT_OK
cstr,cstrfold_0001761,dev,single,0.000002565003284591632872957809237485014131672122690077454258,90.63750338730124,20.03254846690113,0,0,0,0.000002565128513418210119716111413652926615343448113198527155,1.000097647727248983517709483304752215743419253085381284,1.23639844530405136128900060950114362447830863397060828e-45,1,ROOT_OK
cstr,cstrfold_0001762,dev,middle_triple,0.000265649477543582294903630536764609005588927281128383264,19.96097562810725,23.230159624093783,0,0,0,0.782158598641484439106217062570825293964000903836726795,-7574.118856722602727578699425486820883463463632987024904,1.368724335892121887413263740857074161883866791630473483e-44,3,ROOT_OK
cstr,cstrfold_0001763,dev,high_triple,0.00000004092703137616506335621253413058422352536222142878971034,26.328350486811207,76.26124167475706,0,0,0,0.8181018185815541445739045180561036080265719220050877333,6728654681.048233615370750170749989943922759136273184507,3.030194990996659364775797736805903246477849959979655553e-47,3,ROOT_OK
cstr,cstrfold_0001764,dev,low_triple,0.01942689009480161610347166132867002779203107662323623255,90.25723865645519,20.20155190814102,0,0,0,0.05327616373074824088342874880779238885118594942065074451,524.495894687037557295046290654689090824563161019393151,1.124156670240781368474433604618800690454666743577551528e-48,3,ROOT_OK
cstr,cstrfold_0001765,dev,middle_triple,0.01875422896750436104453758021582197715963010851506448515,18.367163995033234,21.942017451820025,0,0,0,0.05551092377578870382913347254815692602385803304545292116,-237.5679849688044956198240096767241459762555242425494265,5.230130394804459966490016839839284963503983339591680269e-46,3,ROOT_OK
cstr,cstrfold_0001766,cal,single,0.005437981379715830087364443372436803809712492291802615254,28.549014626324407,71.23892483084246,0,0,0,0.9999997411152907668359742968041837684636298379964674013,0.00004760682594089638402319431152585151914893652140211918135,2.575945269654418202735408926073872434173186000985801815e-44,1,ROOT_OK
cstr,cstrfold_0001767,cal,high_triple,0.000001230049990148075291676333680932820109905611280776279625,88.16120594442525,21.32761333211323,0,0,0,0.9241620982738591093235323088907301115668361102412342986,36382171.04498989762573625060744002726408048666260831169,2.071504071366951406396410920525419555686138215296249983e-48,3,ROOT_OK
cstr,cstrfold_0001768,test,single,0.0004101158155884112470040339252224967451926334391562232894,18.38305346631643,22.909434177374415,0,0,0,0.0004138492707521797912357155459835384724718382736147284228,1.018326665951289804343749970387096794892408338083885215,3.119362296507657784655013314958040323967742178383622048e-45,1,ROOT_OK
cstr,cstrfold_0001769,test,single,0.00000001293666325867871612584101446884615524848146757540395309,28.520361749598592,77.3572920700508,0,0,0,0.00000001293667603764409246671769174904811514844338016141319307,1.000001975621435069513034847032250645522227393381535491,3.904976141162623740155201719772558351877048198122634857e-45,1,ROOT_OK
cstr,cstrfold_0001770,dev,single,0.01891103445305885220014828981835435723353167692545299456,85.04545054908053,20.739047146288485,0,0,0,0.9999969644268851831086835405181824739582516994928181171,0.0001605246624408255838972746007779656638890155874029644974,6.130625773701110598949464783779441880913559671702321282e-45,1,ROOT_OK
cstr,cstrfold_0001771,dev,single,0.01811972942640010107998473477122826876380822316065629011,18.623681987863872,22.649935827855593,0,0,0,0.9979749031832448915862128535282631512247805173694565093,0.112587305884576618282905244323196181669478392452004883,4.907648952288722445068582259597804742998884578564519478e-44,1,ROOT_OK
cstr,cstrfold_0001772,dev,low_triple,0.005190555870750910749296225119841438088761643128196564064,27.178561244102884,74.72714864481092,0,0,0,0.01469350773842266934952510831071214076441627054402982691,5381.792433521232468865542532390290697335173969881033695,9.980330875568830727735717044166268288679660114229748765e-49,3,ROOT_OK
cstr,cstrfold_0001773,dev,single,0.000002816453348995123501788097743930495974467755909433600199,85.90882357224812,20.109267934065013,0,0,0,0.000002816604943655145390723294564664921221865942576949571679,1.000107653635893201863837121752421431559776550846719036,4.545418685985832664297186977338119804185063433083101064e-45,1,ROOT_OK
cstr,cstrfold_0001774,dev,middle_triple,0.0003882702196552040941482396645332995028676577659742862099,19.790897072545263,21.664807715136067,0,0,0,0.7967375181517205061878833077600310154638122107400152644,-417632.3351722348868859584852628991663241350905097631445,2.366445539543272460081850324780435107873478595055131789e-46,3,ROOT_OK
cstr,cstrfold_0001775,dev,high_triple,0.00000002254210759256398844724088296104996208175794324251165728,28.16267130173367,72.65007963987208,0,0,0,0.8489210106193098251112722813879645739038287113544745452,67479531.88144075161698150743736900457289512189358295924,7.457269040320278341051378839066719029412112948505220606e-46,3,ROOT_OK
cstr,cstrfold_0001776,cal,low_triple,0.01874505189878424036872767129014585217469913407065983394,87.74027859939041,20.90306033094762,0,0,0,0.05106761194749296328638828234618601986421000056304795793,229.81885880187121097021203484624782542704439296047294,1.226768045219233528576141085249395994760878205219945709e-46,3,ROOT_OK
cstr,cstrfold_0001777,cal,middle_triple,0.01824856134430452687814751388304510338081986479489219806,19.830774176430545,22.407113036788846,0,0,0,0.05402579126851823753880839482642635058162459220419124277,-162.9880243528042678875821981201833111674715287309625042,6.852737617797986868184775453742831798105185478809686901e-47,3,ROOT_OK
cstr,cstrfold_0001778,test,single,0.005329922124841464514917243028431055421590028904471378929,27.999923317948934,72.80381319261598,0,0,0,0.9999996904221863048507874141097262055437374154957457669,0.00005808307306248871531599798388103648695173710619395833031,5.361038053664454818397523499367540341142941447261347655e-44,1,ROOT_OK
cstr,cstrfold_0001779,test,high_triple,0.000002508776606919221348080321669233049846764697395883089838,92.40932080454294,19.989203398710437,0,0,0,0.9219707765414812099837275677305443079628571136363323249,68438455.04489571551738228774146180694488190399154957355,6.604887695581445849894017658046720193502266732796075208e-49,3,ROOT_OK
cstr,cstrfold_0001780,dev,single,0.0004555465192802595786678659139398237503850418543329096993,18.39502754634832,22.394066111582013,0,0,0,0.0004600495947131446804583919598430174806461737985720158265,1.019911325286310146400289628818759618728240032984202526,2.000995577805517967212534943899401358933641580062045538e-45,1,ROOT_OK
cstr,cstrfold_0001781,dev,single,0.00000002284514090594497947573510927273320598502994514270858301,28.077974467541544,72.9142898084659,0,0,0,0.00000002284517843813635624047534298414087066249269413319345751,1.000003285796016375787113277648197672110055939236590403,2.345037096250666581145110080973933886824026085932163903e-45,1,ROOT_OK
cstr,cstrfold_0001782,dev,single,0.01937637879428039818554110920914490496856389525927648385,85.80374145327139,20.264281798779553,0,0,0,0.9999960785333176906890533034746514691234264079714983524,0.0002023936092996924505808802383932772473961184777840587262,1.140908091276564156436412687137347099881407933537534063e-44,1,ROOT_OK
cstr,cstrfold_0001783,dev,single,0.01895101228857636525495435800470721561269626168616357317,19.330565280476034,21.760235824605928,0,0,0,0.9980956455316358792610048099500877703252997636394440612,0.1012253360072200593159664736707910059605155743619566076,5.388328433517019214659769953657624882227793237874249913e-45,1,ROOT_OK
cstr,cstrfold_0001784,dev,low_triple,0.005002417142534566040191657093814081734261413473865244151,28.142348250847782,77.3643593325529,0,0,0,0.01377831960448194819326875687076363475605523561031148289,112.8660426742663263604391360875147440040507657416635615,6.050177827859104790482779837174747707257827161414674137e-47,3,ROOT_OK
cstr,cstrfold_0001785,dev,single,0.000001680551803483022036156300409811903498282262951877659592,92.66798878003382,20.5935946242429,0,0,0,0.000001680607143487435785224691351697007440634336090864406884,1.000065860938080584592707085533117437115734084916408575,1.49899516602551484494260204453741197868033101479033927e-44,1,ROOT_OK
cstr,cstrfold_0001786,cal,middle_triple,0.0004106334319080015831230279949818732219153234039575436409,19.469775299427493,21.728233062786508,0,0,0,0.7933136512147239616304269887205865360518424608945109918,-172635.9703555834422460509119072185506050072431752162618,5.975870886373787138567977087781077402965455470116011433e-46,3,ROOT_OK
cstr,cstrfold_0001787,cal,high_triple,0.00000003984106037439818922998692142137578928966805556937414617,26.737174299185327,73.9352264889525,0,0,0,0.8236564429837294132413056609107171323102054197246596734,9828812508.94005009408916941162515781213098404551341192,6.55678054946287562204523034060008445145064365433594907e-48,3,ROOT_OK
cstr,cstrfold_0001788,test,low_triple,0.01918128700335888314051968145232983741080841512775642795,85.92648297154261,20.317294903954977,0,0,0,0.0470264047522585525868365224514279729469030841893956003,21.35676467038252558542991966712789998216653858180090156,5.122864003897063193463271563930079280069811894936947807e-47,3,ROOT_OK
cstr,cstrfold_0001789,test,middle_triple,0.01723603264152700896536422557404740367741036208483194767,18.487315869757694,23.761215400273958,0,0,0,0.05024859280667932956369428871356148093426326894875556529,-4939.211020028518707672720776909072138288935509545535113,8.955839627306432312451406707137981407587850364936395099e-47,3,ROOT_OK
cstr,cstrfold_0001790,dev,single,0.005396600757553834994009275099881879669724271331002870784,28.22191584496342,71.80876256552688,0,0,0,0.9999997053877691731974829406778849008459534125568747631,0.00005459226157085054222456437785556453536431797999941362603,5.144246418930781270117194141934333408598826210529172627e-44,1,ROOT_OK
cstr,cstrfold_0001791,dev,high_triple,0.000002800507906887186806311046286981143679060924354050692104,92.45791940397778,19.815763968414956,0,0,0,0.922148996497591302692315902208180322601023547429126419,3127725.747275756565612259157593634047567016949593432432,7.613392095749782106018957381346203614775542781295774192e-47,3,ROOT_OK
cstr,cstrfold_0001792,dev,single,0.0003597779532898478473339974478495812671422861784946383481,20.133253301519314,21.674894924731408,0,0,0,0.0003624832320924195104474300617200431502275933218861859266,1.015120567504164416560846528437300927877595620688694441,6.59149657625890468598615036228345532694746728410308789e-45,1,ROOT_OK
cstr,cstrfold_0001793,dev,single,0.00000002582644614655323776024346053004183625249557708839476996,27.48735182799298,74.86841461931755,0,0,0,0.00000002582649541731628392795889600206295513184715748681870918,1.000003815533233155615130557987262914441149847228576358,8.522077533766505162016485598023152048246243100378592894e-46,1,ROOT_OK
cstr,cstrfold_0001794,dev,single,0.01833150989021948715464763179511783261414017067100650213,89.63379606130007,21.346182889694735,0,0,0,0.9999982241737937347292577963628935405551150315586842575,0.00009687510606142331542255008192666295368391139554995225311,1.127048228560939012354833507948217611689389488133461906e-44,1,ROOT_OK
cstr,cstrfold_0001795,dev,single,0.01875864500073670280809785875416253594614204948678938684,18.515565637832633,21.927810103420185,0,0,0,0.9976522940567179385244596683742561889018880691030631556,0.1262216459479028504573855086597156321885105958640599611,2.629729919935204043729912656980897330125671712613404463e-44,1,ROOT_OK
cstr,cstrfold_0001796,cal,low_triple,0.005295322156677392930847198544462269449047785325510112965,27.920189465991285,73.19185285412736,0,0,0,0.01496820218604533652018503134298552207974213854124023763,3476.764431723763726558329161507201659853750923467962072,5.799855400815026169490885432911267497739483538805873316e-50,3,ROOT_OK
cstr,cstrfold_0001797,cal,single,0.000001990081861364286960222963904103525553849794586187891509,87.96871839974881,20.562174099605308,0,0,0,0.000001990159340386235784787841846345550065736869327735493367,1.00007786741332672957210720238664645339478461524955748,1.917493555456536396638493667132251178600926965903700333e-45,1,ROOT_OK
cstr,cstrfold_0001798,test,middle_triple,0.0004524407661970323384271270454968729795764828721593670342,19.039073160346916,21.74466451511005,0,0,0,0.7707383616859621842059447985866662920075090292120710937,-4499.047306813815739801357694232821740386410725948332933,2.06262164971602239715654183829587863805153357130045412e-44,3,ROOT_OK
cstr,cstrfold_0001799,test,high_triple,0.00000003221864942244044006504488100204360503979017463264863698,26.73612713147614,76.7861585215956,0,0,0,0.8237322376107640107208516154576049762967370869689884281,284922885.6426658287281932511350797516217132021120114506,7.674213860448641375210604199414018284794723802168534218e-46,3,ROOT_OK
cstr,cstrfold_0001800,dev,low_triple,0.01927211628686599842632316872379914959139601017929829524,91.65978572109408,20.336011965696752,0,0,0,0.05102563869846335892923447203178550025094328888557939683,67.5205380667707796308868341640340414238992173382534122,6.308008568253525305475822907395295111266883975795765839e-46,3,ROOT_OK
cstr,cstrfold_0001801,dev,middle_triple,0.01743960836830868130837841379085420501763717659438772545,19.13524847357438,23.44653207083517,0,0,0,0.05078782529125680186227024478971846413598210990229164888,-1570.188108683098362586301944061689992230820348857406205,2.697196179300443078910820110062580884205998245469056645e-46,3,ROOT_OK
cstr,cstrfold_0001802,dev,single,0.005079531313590729749985102120901327968577388825295611946,28.224653947991523,76.22926145103746,0,0,0,0.9999997768650904019121125521483738141146362276503142176,0.00004392829242534247335197144611638515691390139582896359972,2.752935009883471177208330055007034212130339071302448194e-44,1,ROOT_OK
cstr,cstrfold_0001803,dev,high_triple,0.000001546065572107793588828502832225006250581673173516360531,85.43485460195596,21.105977590259233,0,0,0,0.9226293996442548168050465826797223135398947268988986019,59511526.66955597320150028681979774245145637196929600423,3.630553971269748618032201365246788238768506939267832367e-48,3,ROOT_OK
cstr,cstrfold_0001804,dev,single,0.0003571086970063384894024853341159915903595534645984809947,18.33527184901385,23.689287705290216,0,0,0,0.000360036403790579667014074518856180289829734384039007124,1.016493878771687656376373699436554584233092205110977768,9.698589780834596028483678189233282368000839654955751088e-45,1,ROOT_OK
cstr,cstrfold_0001805,dev,single,0.00000002112666804278793012014979646912172422650825672568057675,28.28126672587418,72.66817850212573,0,0,0,0.00000002112670003095428750955376765206574686813611183257067685,1.000003028229698616319090401932948077595530080990179546,9.162866257988566481107798758428231807351395760646046386e-46,1,ROOT_OK
cstr,cstrfold_0001806,cal,single,0.0198241799232326929408752186076712000120325476553906407,91.05926683785121,19.817239082931717,0,0,0,0.9999956890294631051591118852358592043475016845199362512,0.0002174718141135641743363778970560109286531964053816662014,2.19640161945275081647816305101896305761636595849339661e-44,1,ROOT_OK
cstr,cstrfold_0001807,cal,single,0.01881706709267524126633301013534436643718076640108010214,19.612946875356105,21.799403331468586,0,0,0,0.9982434404644542517077532434927556677018689599732776337,0.0939926597922412077281996983241554731861547343793487564,1.610411056543418775716795191231267352848651778736645303e-44,1,ROOT_OK
cstr,cstrfold_0001808,test,low_triple,0.005296878649761751874629841301465583044025575609282732562,28.678592710897455,73.03105970904423,0,0,0,0.01433657659165238038243891204005197062236029593024473142,67.6853173881050874070753826643732849739214888662156324,1.245765761135228960681586019880540457704536318828532108e-46,3,ROOT_OK
cstr,cstrfold_0001809,test,single,0.000002987091248846040014259764441188537838628299804710738605,87.34437868900267,19.941522051968043,0,0,0,0.000002987260272843090648881292837468722076270546744941382609,1.000113174382020839885794360846167759328710012628794047,1.883188942716072472430241461875823353038234938477197949e-44,1,ROOT_OK
cstr,cstrfold_0001810,dev,middle_triple,0.0003552599804635222409614530288568878275890445650149838036,20.11068304166524,21.751319995502843,0,0,0,0.7982883806086672334240908668721900498278688394145744539,-52153.36211042171062026322210968356338432660934603899207,1.527104428678086513351544555798052528899650352224871941e-45,3,ROOT_OK
cstr,cstrfold_0001811,dev,high_triple,0.00000001426656967181374926345275970701954492696850672014432067,28.53041105814013,76.06196629754699,0,0,0,0.8361489354504667594986062491296992389779460104646870763,14829823349.24492259858784478180741480457747953403183854,2.384750622671475180428503865674545028069653065535673484e-47,3,ROOT_OK
cstr,cstrfold_0001812,dev,low_triple,0.01825356476917540599509302173687932017212521707515096496,89.70547370812871,21.432519911564256,0,0,0,0.05030049993625487285892959715768947827156536365604669515,7861.704477558328211575287511482114300317549667379894851,5.836013294499646879567968161982620275238667607958725004e-48,3,ROOT_OK
cstr,cstrfold_0001813,dev,middle_triple,0.01729236959158204788861667693542895092038352863312550001,18.694969572035866,23.670701079933156,0,0,0,0.05042460399686161861965543849773119017119398526781447237,-1919.243620284981461484024924811419192959885990923042271,2.053290298078654252985928133306224745458737292608840841e-46,3,ROOT_OK
cstr,cstrfold_0001814,dev,single,0.00510883923723287527863732914970318053410507994562910031,26.571534800388857,75.97656201870576,0,0,0,0.9999994480023400557324283719886085339334677476873758295,0.0001080478135844078686556958125591867941487913291220367221,5.226750472328209948941242842793234424696413054646636719e-44,1,ROOT_OK
cstr,cstrfold_0001815,dev,high_triple,0.000002951121215190423050731343440968744043916702218930497912,85.45830110846244,20.057016717801933,0,0,0,0.9199276174773549222469755790138887909168775279116317103,36434733.20441641334381673554117149816902706323594429847,1.391399973828693743109198957712375652305178475542409119e-47,3,ROOT_OK
cstr,cstrfold_0001816,cal,single,0.0003673315662415100291284430043700403292029680208086506198,19.95223521464978,21.75458888805374,0,0,0,0.0003701632629252399971139617385463442538732008178673020626,1.01550378959763760403289255922223901861271665527971614,9.839774550404962803506839226070608430972798340808516872e-45,1,ROOT_OK
cstr,cstrfold_0001817,cal,single,0.00000001958835501968536014565365119508759534832979893555841759,28.176831958062778,74.2168249354383,0,0,0,0.00000001958838311330746800168202267450711299463693662905475703,1.000002868403351075480215072631953148590803147541708789,1.704199751695420382807606666093872621751256734266711361e-45,1,ROOT_OK
cstr,cstrfold_0001818,test,single,0.01951624125876365730225402760663113400638585182945360393,87.20916656800917,20.234935206541778,0,0,0,0.9999962266124481985906049651516526304177965520103212313,0.00019335501563748748892506995055731555424374869959750811,2.744837522946446751120048330504622546973836819483748905e-45,1,ROOT_OK
cstr,cstrfold_0001819,test,single,0.01764556730363662879588680609944072137969026566959485944,19.70046244747615,23.145955117268397,0,0,0,0.998639312162780927583112726741994440799515483766522247,0.07752345968169561592271239340138629851591099436901731529,1.721902241245716990431359033411108210498296159386516414e-44,1,ROOT_OK
cstr,cstrfold_0001820,dev,low_triple,0.005232432403649183526732914473097820872634040885968972663,27.545879348279477,74.09141364510874,0,0,0,0.01460769461783378763948116796970070318087439989693254186,217.9888566460274082700162518251661236554178653173558496,2.074877743409973823964128733246652165273948721806000647e-47,3,ROOT_OK
cstr,cstrfold_0001821,dev,single,0.00000340471355603766526953576506466897842529804160770996345,84.18286757534158,19.89190662311084,0,0,0,0.000003404932573351165607695840992956431771813025202846674828,1.000128661500753988172612816525088589214498692346500035,1.294653151373074412738329906185872591778914378577212869e-44,1,ROOT_OK
cstr,cstrfold_0001822,dev,middle_triple,0.0002743574130047594666257766031660625892190206910118449141,20.048917175886302,22.976516214598526,0,0,0,0.788382999058892578290949607816709092805667499505027715,-10493.94298163818144843496509544768562246175865115334789,5.33990927867066616184488251529846725775969530848302746e-45,3,ROOT_OK
cstr,cstrfold_0001823,dev,high_triple,0.0000000188283267238690830415071129561010187645067586105385629,28.02570377862894,75.60653827154599,0,0,0,0.8348671693100521079848392196425670779737060320125983769,503454523.7540008094854751873201629087730721364493939096,7.806726745109428653324008668363620314518055880958950809e-46,3,ROOT_OK
cstr,cstrfold_0001824,dev,low_triple,0.01922657941353367609292093336737414916648268852701833301,91.22043293173763,20.39844182827233,0,0,0,0.05299061430933054186075029680555687623088899806366830813,13875.70167214198846508024745062564856477773084797797401,1.861745077765213408103736782358511048311732571679050964e-48,3,ROOT_OK
cstr,cstrfold_0001825,dev,middle_triple,0.01694863003260747596058336205961721681860675957320862943,19.53754789866474,23.834528503461463,0,0,0,0.05756959435673128736181943256442097680995336359875925518,-24.81526085821611101052903864485919893918904706288154446,2.931441203741663307399826998120854510376410236413998329e-44,3,ROOT_OK
cstr,cstrfold_0001826,cal,single,0.005136957260922805785337928502233326176505086884691513587,28.072395207621813,75.59372028129599,0,0,0,0.9999997493480222751188032916619156619843659213931510536,0.00004879391640522264545320743182951890244164432684437747152,2.844064275298080124473890040455172847787849975715692572e-44,1,ROOT_OK
cstr,cstrfold_0001827,cal,high_triple,0.000003760646966300963477070571609761323407419513617280797312,84.83029193842714,19.699514860317787,0,0,0,0.9193400881990455524899618513976182279415343115244708768,2467799.601179105109442926088064465642888158657984664301,6.378989038720504913302990639936900332632390795112432559e-48,3,ROOT_OK
cstr,cstrfold_0001828,test,single,0.0002751501421664206832212912040090584533042625090651043337,20.201969625938567,22.795446729870026,0,0,0,0.0002768146672191383955040402506536782458055401208766935745,1.012152066338112935255273161071617723964402651933678515,3.177724232860902055197897299339612294273712369780766061e-45,1,ROOT_OK
cstr,cstrfold_0001829,test,single,0.00000004025560783289392785092783417635440227106129622683556353,27.305022669151437,70.4535084224384,0,0,0,0.0000000402557203837341650312329744769041188271575516154939772,1.000005591820685953410942815462816141815117714452849596,4.641682051233723267006549013359670470347862659648700124e-45,1,ROOT_OK
cstr,cstrfold_0001830,dev,single,0.01956942730204036756263919263770313218166064163633991184,90.19067915595414,20.06275189957351,0,0,0,0.9999961908735104448495674163680686129887913368996914004,0.0001946560175839228622484951946826365170257079184347436219,5.171669015291133738749485338014781775536256718611929213e-45,1,ROOT_OK
cstr,cstrfold_0001831,dev,single,0.01741710802370975687099999817534215589830404192656283973,19.987020397070975,23.413880581755546,0,0,0,0.9988025084264029625506453799211612342944969037197364698,0.06908224296845149314907829467884654975081931330522048431,9.446657098875735368484923199121798538330728175982277656e-45,1,ROOT_OK
cstr,cstrfold_0001832,dev,low_triple,0.005425949253012249206712622227548481826486458896769104806,26.873248324740842,71.55644993924676,0,0,0,0.01511910939906457202850508964537413535706246171956137523,178.6374189379181296303411853415745628987222564719831499,2.708340429866403877268507172080040058097529803919671987e-47,3,ROOT_OK
cstr,cstrfold_0001833,dev,single,0.000004049977960651682391388297409745638910234021349387951326,84.14109973534185,19.61483880330032,0,0,0,0.000004050283321417337396533839962644124772140282745670091317,1.000150804704875800688783290904274476256553717332525831,4.224083565306565175026365522507152705910399902122721616e-45,1,ROOT_OK
cstr,cstrfold_0001834,dev,middle_triple,0.0004121089567203850913922848892873286538391191857938823524,19.457228170218343,21.732067397178437,0,0,0,0.7828037584262253479710305822004415387986228090695406555,-7970.843820731156017296256368437235603668645057240654895,3.531361430227827749855023728863738870379707482025045655e-45,3,ROOT_OK
cstr,cstrfold_0001835,dev,high_triple,0.00000003214481730572320863331914968505881225134499837283784173,27.757954364870045,70.63582332182735,0,0,0,0.8387338112676920716529959454144224893419642451790732845,153176680.0277400887505942463914818056832167762431780441,5.875464682383804125088785985210767243485440871088762622e-46,3,ROOT_OK
cstr,cstrfold_0001836,cal,low_triple,0.02018741050180417608981297326420254194198333719154652982,87.93398480855528,19.487757933118477,0,0,0,0.05568038553061340432641060547176224567644581312159641177,16280.86203775844112407967103485275264501696315816114162,4.902740783406832938174097020081577208530163987997740064e-49,3,ROOT_OK
cstr,cstrfold_0001837,cal,middle_triple,0.01777253649329564323083411244132245851356130754129987502,18.358017297348205,23.090075896172543,0,0,0,0.05217371415617940080356024101038297688758834397636074704,-502.2673409254972561873778022188732152480735964027633288,5.856405753658622764369548668399157314613063819414749405e-46,3,ROOT_OK
cstr,cstrfold_0001838,test,single,0.005259488447956048759916565446067199979924676366114853544,27.889856995867362,73.68625147893897,0,0,0,0.999999689284220425297187586935451536486850495006684632,0.00005907727004708408446807367504337594144871318314666533003,4.293751191901154442240398481556082305018368407124962487e-44,1,ROOT_OK
cstr,cstrfold_0001839,test,high_triple,0.00000132903835825603225966495320972263236064302637649559334,91.12164622564744,21.050468146227015,0,0,0,0.9252007773252421249451317117767116207192085177243509284,4685802.033387276824687884825869676557455970765504588772,2.421194286476713335395142399697388875125180058257528044e-46,3,ROOT_OK
cstr,cstrfold_0001840,dev,single,0.0003110568627005578144669726642442756809897979818823207861,19.732456304746883,22.722496947260368,0,0,0,0.0003131793900747922208596068757100302394347775457437258717,1.01371463905315988918395952826976254154787693041813769,1.627685244292843514490187313202930857019352572016170152e-44,1,ROOT_OK
cstr,cstrfold_0001841,dev,single,0.00000001328668613192487266268142325321772748229291174907740144,28.479703455907014,77.2662433962157,0,0,0,0.00000001328669959568455229742223040388222596228463624025954558,1.000002026655786389168781974271511108650377661238804776,3.609821984503845418851957505109745700066220988412865597e-45,1,ROOT_OK
cstr,cstrfold_0001842,dev,single,0.01886032279283595904513077994447596975207750734564446892,90.6738129586284,20.775094692780122,0,0,0,0.9999975798994604076237815906584350461887051578363109533,0.0001283209865264846138619397832848570049879460950981174019,2.204576932269266905562942088000408284959723782418867093e-44,1,ROOT_OK
cstr,cstrfold_0001843,dev,single,0.01794491008521604645669580012321646133265767672959929634,20.151105333482615,22.748930305600197,0,0,0,0.998718955688642700933478469240446662922514993520894795,0.07175759649338087321998598735052349918209563944340030141,1.238299024475786223558263869663138235322222237333513804e-45,1,ROOT_OK
cstr,cstrfold_0001844,dev,low_triple,0.00509363544662900083991030069511874225286863764465754528,27.272098158622786,75.9157696555113,0,0,0,0.01338774293392031699035499705581406086757881108299191041,38.12129758470079540674301309105158504255215722780735122,2.956409184224852225890416177031368079578940967178941371e-46,3,ROOT_OK
cstr,cstrfold_0001845,dev,single,0.000001113932007809810849109832334624010119855131628762045666,90.0868899772234,21.385239260237498,0,0,0,0.000001113957303576108222175030205015338308484791215055476158,1.000045417840754052691825888083437377934844366078362067,7.040786494374824384734462889192601723204719959996317958e-45,1,ROOT_OK
cstr,cstrfold_0001846,cal,middle_triple,0.0003900856688589662384186171053171345041356459677616737943,19.493500187200965,21.949924972590416,0,0,0,0.7791002938952487245069328454253044262290438537852982823,-6133.946894248709083250747754359747209928450582884248047,1.900289979737276675043441593794813582122583339661194757e-44,3,ROOT_OK
cstr,cstrfold_0001847,cal,high_triple,0.00000002649379704697118046857275513189343165613560866437865467,27.26304368508166,75.97240510713608,0,0,0,0.8358345838140195449549417195113172966912071569729576756,87127425.81278269488571064989891386473646210640062838084,3.053494585776835637499778317407981782188136034754070935e-45,3,ROOT_OK
cstr,cstrfold_0001848,test,low_triple,0.01950155370808196000237704219446622121721407671562987265,84.64206252114619,20.14464818750634,0,0,0,0.05377865764427326817370766203532302621406448636407317083,3986.922761333362675765389727459880111590351947487308829,5.029106881928205469675500555673785173620051312763716883e-48,3,ROOT_OK
cstr,cstrfold_0001849,test,middle_triple,0.01775783688558138950651171810062176308045156389855836261,19.970412788383733,22.988034157776298,0,0,0,0.0514772713975430060095146657059121670416391964815664357,-7304.276083137479824220837940465401047264901928669252346,1.992107357581844051634662152738165589958575730232316592e-48,3,ROOT_OK
cstr,cstrfold_0001850,dev,single,0.005402263129232984070480137490266531544105753454984871196,26.77418487634339,71.8879536118555,0,0,0,0.99999937622063138782511937795138351220625397730354046,0.0001154666154742761818817550602049385432399954782920168288,1.118804417035302446995716013167167039048728931232207568e-44,1,ROOT_OK
cstr,cstrfold_0001851,dev,high_triple,0.000001424928155726590348404767097792658006296726893123424685,91.87410364372468,20.90900025653735,0,0,0,0.9304788319148121307004583780464903154845118726644700435,575623.969175551295255598307680700836549187908619761246,1.501337692826798538100304121665265307336714579361350625e-45,3,ROOT_OK
cstr,cstrfold_0001852,dev,single,0.0003932943200764110266652324057145447129471317368836566701,19.34421759500553,22.05007678710231,0,0,0,0.000396589782449475166308170559587383556600784882403301564,1.01685992713236842470062833971407451243054516186443597,1.912419112723046902666492687435907567355712137522631682e-44,1,ROOT_OK
cstr,cstrfold_0001853,dev,single,0.00000005726115170821408483029691476981040566032272963079909899,26.43414498849452,71.1448550360827,0,0,0,0.00000005726138170328479055951698118708179582822595867438792267,1.000008033221081730270234001401236361110995150239253392,5.475231249137686780071766840359754098236010210631729846e-45,1,ROOT_OK
cstr,cstrfold_0001854,dev,single,0.01839776213561121619492457347765731674617643109824924027,90.50101231640134,21.447682525481365,0,0,0,0.9999983961165494590043097317743126867806364131610417366,0.00008718000180810738964303516193527798385011215481877437899,7.844899636183856143678665174369457233793011622066877621e-45,1,ROOT_OK
cstr,cstrfold_0001855,dev,single,0.01775960621705290653499366997561075295457664905217423326,19.524609863987475,23.02190207314743,0,0,0,0.998538514607097461522496967733159856185790669711477326,0.08275886006567096586238268568336253457489154141470162568,9.273033477287790581826803371161417812744318899630712844e-45,1,ROOT_OK
cstr,cstrfold_0001856,cal,low_triple,0.005035913336013251101943863004656162285218694516859786346,28.00954561976977,76.8959980585396,0,0,0,0.01422975780749718217937009277681563269833939973815017731,2958.851673996103107390001889378330059029991112619229842,3.475715459522915561938100982514292437317657442428834115e-48,3,ROOT_OK
cstr,cstrfold_0001857,cal,single,0.00000319759172646290672192504663403036357784721678034498887,88.80315146124542,19.7685107322383,0,0,0,0.000003197783643960184596748903306474715370781381472227454543,1.000120044128786082841262221591533504619272731996035677,1.232424444838466770118169566177582422467206296395959138e-44,1,ROOT_OK
cstr,cstrfold_0001858,test,middle_triple,0.0002512350432005124920151395057882753177497807220938869777,19.828208671111014,23.653153966798367,0,0,0,0.7761236249749554137958702388201424038692385830244793687,-6396.577999797637599803359848655509740849851896273177081,7.488699331991045820471527243905116615779196858277518618e-45,3,ROOT_OK
cstr,cstrfold_0001859,test,high_triple,0.00000002916046895672263108820329347069843789704092180139312072,27.776798415931225,71.67847741833329,0,0,0,0.8357254120197075941484185449224298824492204356785151619,379803504.4130905847251065647513603643201119713007796893,6.603626640433721398589863872862563875433212394139201226e-46,3,ROOT_OK
cstr,cstrfold_0001860,dev,low_triple,0.01897525099027163902608354845551200237212541711840062283,88.83388041705037,20.660878413100875,0,0,0,0.0522951601511862941401240846644287915474465786803502009,5220.854954988718628699003141891286690754608853515075024,3.243780654774895534661674928542287832279196084958006128e-48,3,ROOT_OK
cstr,cstrfold_0001861,dev,middle_triple,0.01841396737926226140472181772041416533761197495714955498,19.685193526930917,22.23022869374916,0,0,0,0.05350661022838276532368009684803640774299318752270347124,-2342.463636038596438647164416737184458433841174831787874,8.377690086352038701261911675164616116060886274849210889e-48,3,ROOT_OK
cstr,cstrfold_0001862,dev,single,0.005516014248745265629040200068042384001966521697359837493,26.486838230899348,70.457428543943,0,0,0,0.9999992090856362756264463996204000698658681844156308961,0.0001433856028227105469737042188348721216824022607106071031,2.942905646397874446518662267772001993345167348185737896e-45,1,ROOT_OK
cstr,cstrfold_0001863,dev,high_triple,0.000002751480273699917367995071503783079501402684273215041419,91.6572365780938,19.877534700824192,0,0,0,0.9214247775665866545226620578237822554707291711888434808,88103584.79939307459435114009035707930741806997369740014,2.466229296438585797194415506008929163348924329177382001e-48,3,ROOT_OK
cstr,cstrfold_0001864,dev,single,0.0004124261627867871651678065041680728082250665192639266234,18.592743753132094,22.64896068471869,0,0,0,0.0004161566227461603004561548314882266434245588331452962139,1.018208665649825806381083463168621450767602393616044568,1.313258308892474294860250465165710390621717063705349566e-44,1,ROOT_OK
cstr,cstrfold_0001865,dev,single,0.00000004062024993895309710970219802713011402060709015595033933,27.072496721406416,71.66251951176086,0,0,0,0.00000004062036653293201336029462046524104337364560267744507077,1.000005740694541091713963612417921130656660330808697293,2.788332604432581424443985058635698460429101440371185232e-45,1,ROOT_OK
cstr,cstrfold_0001866,cal,single,0.01925632880426781536059629049239625390789498099207174231,88.18062265913338,20.38614564142151,0,0,0,0.9999966554423416584364005871667889024135982850771932713,0.0001736933842791480799737491217179709833309910693937350522,3.406812464589207089638933152186863128316535272663653118e-45,1,ROOT_OK
cstr,cstrfold_0001867,cal,single,0.01770791095054203336481022813559111753384103539103441887,19.251767936115023,23.100649153935024,0,0,0,0.9984367884266981923933334481151421516674541392557158062,0.08880227914131948383482913829173544181908222099351481786,4.444731643842352579732814318107741738043202801909209212e-44,1,ROOT_OK
cstr,cstrfold_0001868,test,low_triple,0.00538328303940528750854143484164068810315795056785122381,28.661501020193988,71.9400078466704,0,0,0,0.01513849057182186307437845117906148338132872558864103147,613.7088472591245358729072918762057872819806059507819017,4.044814124772990061453636157360133937457773091853946261e-48,3,ROOT_OK
cstr,cstrfold_0001869,test,single,0.000001905126749066642731176655230078690127023428182175933209,89.3213356167651,20.56504412761815,0,0,0,0.000001905197764483826695331936940352543006766843457354104684,1.000074553973412555842202694857648176377666739864274233,6.604596602902679824746419719404138201736487930832931425e-46,1,ROOT_OK
cstr,cstrfold_0001870,dev,middle_triple,0.0004354108958127340656851333751856932250258992646247204096,18.824176996588875,22.134400439369287,0,0,0,0.7776830958068526003657082221409478064118063409103106913,-8995.186256214564291410874801427662933453721425858361017,2.620637842937477709676691108694402889955634976018021662e-45,3,ROOT_OK
cstr,cstrfold_0001871,dev,high_triple,0.00000003781179021245263856735197141104290193645548287683578876,26.446551098100603,76.54898331054059,0,0,0,0.8199117751400837473542510200419482959377504202525843143,587411916.1222775269312492890869662167483975232387561971,1.626647596394284905338329784200691146772399351981875834e-46,3,ROOT_OK
cstr,cstrfold_0001872,dev,low_triple,0.01931534861677443990670209206805592956975695881033591647,89.09593062670245,20.232728045279455,0,0,0,0.04861777078276702916093366025008804958420720111080679429,28.3457778240178584496877595461311068632557391831204877,8.073654729719523787866157818729860260095318389548071462e-46,3,ROOT_OK
cstr,cstrfold_0001873,dev,middle_triple,0.01777310309333922146015294341275782006498681044982117093,19.033070437585376,23.036622322279054,0,0,0,0.05170336406332855812700934130346043177820075573148495267,-7517.56170190864900334812426025167069032496793173150174,4.937577328162880284820739417713181648787698012108295957e-47,3,ROOT_OK
cstr,cstrfold_0001874,dev,single,0.005149825326586324115133569662789112697545700096056605503,26.766123099269162,75.35649518724973,0,0,0,0.9999994864836662621603623680387838799720974868426906192,0.00009971550539107802600392215553878008825546918299028650461,2.290416761863115194024413198667449212134740942492416968e-44,1,ROOT_OK
cstr,cstrfold_0001875,dev,high_triple,0.000003639189127178405166029585790828269474531259782290685397,87.22234263743294,19.643094695437313,0,0,0,0.9261964012400171633554471096965643513700668528732377622,232623.3866831781766964587641674210072090418864091865702,1.675835972553469165679939791766530971221725125618373579e-45,3,ROOT_OK
cstr,cstrfold_0001876,cal,single,0.0003497183934785638957601527726242429844358594788267235722,18.4556429666075,23.63634377395194,0,0,0,0.0003525188713872528638382821189855602092743614302056961326,1.016108321061093473710774444400491513130440613623658231,7.571403330507110574513812532299880119201746397770292505e-45,1,ROOT_OK
cstr,cstrfold_0001877,cal,single,0.00000002443089461850560462985400041765319709272199203487786413,27.32782154645206,76.60159037351544,0,0,0,0.00000002443093974284378499610995638446619972535644855254523591,1.000003694043941085870552441806288863912902035979051127,5.121566697093984570849781681003713991844818393461850343e-45,1,ROOT_OK
cstr,cstrfold_0001878,test,single,0.01834761388163386594579062047108746625097788803749884537,85.8874288285809,21.358782167669723,0,0,0,0.9999979685482978376964466979229662026818810093211232184,0.0001107230684390523896850520312309313784424228987852450782,1.80706698935642420446388302545002002046527687798983203e-44,1,ROOT_OK
cstr,cstrfold_0001879,test,single,0.0179265398661396803079297914463389997614528237213169676,19.699954424751862,22.80139871841403,0,0,0,0.9985579047416696953146386754536172756347832651168951332,0.08090027720038804352509806570989571448248252464700012173,6.767592264881931380918201333508034907415726565186145366e-44,1,ROOT_OK
cstr,cstrfold_0001880,dev,low_triple,0.005512857482133257829841766165411008435784813709347864377,26.241955383011856,70.52369955955908,0,0,0,0.01556154711559492450494718904500157767305802837414822327,601.9369149839963792823568787302430640563226037604981399,1.484213089016548374836572177525007838659368831570589688e-47,3,ROOT_OK
cstr,cstrfold_0001881,dev,single,0.000001691950012716112208502702392124497225687897987033021586,90.2684081379389,20.69435375486818,0,0,0,0.000001692006394433831286784945790236872366051946474082409308,1.000066648676079784601550130545234759649419811028602393,5.344166671985028291443342164226651940175623264386061957e-45,1,ROOT_OK
cstr,cstrfold_0001882,dev,middle_triple,0.0003893645406496810676191073304333031197035354673346725436,19.83711792390062,21.612471040314606,0,0,0,0.7895214258477835138249734508098916205500582011951097265,-11253.60917976385391744198596192525418097486121460964083,5.19813602781340018789149462783247015195346711488801284e-45,3,ROOT_OK
cstr,cstrfold_0001883,dev,high_triple,0.00000002157078508003600725334249780109049184349391852169164315,28.072041246827162,73.6429581912521,0,0,0,0.8350577377100838132049888887400969278413229709233937857,1758688957.040220998240244381850359047700088206633095551,1.225039906921080311499961244269824987429271910717288707e-47,3,ROOT_OK
cstr,cstrfold_0001884,dev,low_triple,0.02005874705254729492473654446673699287153984293780124766,86.39119050137386,19.60988542869279,0,0,0,0.05506500890856582658951998447104645351646096448947924526,554.4455342691646552928445159765059455990267959152459982,5.351137962262313497173476949044293128862335370689102761e-48,3,ROOT_OK
cstr,cstrfold_0001885,dev,middle_triple,0.01898187785578181408672361660429251010241308607765272967,19.384794303581458,21.62099040323235,0,0,0,0.05517000248579906513030696928619877302227292484538684462,-18580.12696216794695213958168212000152366033608913546097,2.316574029685177804665319884922211320823991118277943548e-47,3,ROOT_OK
cstr,cstrfold_0001886,cal,single,0.005295263642569011324462096708587848666957834043649694274,26.463641681139617,73.35142776161896,0,0,0,0.9999993235977662613949470797606072395627547346664052231,0.0001277375747216382024443873340573992748633863350868819573,1.73999730552994925282089398420082760405277530147751879e-44,1,ROOT_OK
cstr,cstrfold_0001887,cal,high_triple,0.000001332026390666166010564955468459526494304518131868457652,84.60363015413806,21.39849547432999,0,0,0,0.9232963765993768781898750243977581081749148618089886327,13172833.80299413251449594017667411505491664782227424537,6.656197624604373506101050010112397349660286139591552411e-47,3,ROOT_OK
cstr,cstrfold_0001888,test,single,0.0004407793007992480261968786820702915602288208429705400445,18.44102143678976,22.501330094822617,0,0,0,0.0004450146360867398706293875238158610757189867482321927679,1.019351030834213514953200990789832907512058894051147015,7.28339159649753492360783351596789981481134915849351093e-45,1,ROOT_OK
cstr,cstrfold_0001889,test,single,0.00000004447461586802553581297366333371325145590939440240349052,26.32599783259312,75.13372157668202,0,0,0,0.00000004447476250459976044231540406597152564545478647416172683,1.000006594185222934604819017260773618946419589224650754,1.333797142177467047399786549909827878985353160249783639e-45,1,ROOT_OK
cstr,cstrfold_0001890,dev,single,0.01865238203238816683196748648527480120016723471697285704,85.3919414801738,21.012902215143843,0,0,0,0.9999974551692729651959035522048517218272340320643795547,0.0001364389755488200472002213045338679790029345761332510306,2.273893371502163698843517995503062207160766362290657961e-44,1,ROOT_OK
cstr,cstrfold_0001891,dev,single,0.01872576128858107394890943878359311747897470375947853752,18.63960700048123,21.955264148983176,0,0,0,0.9977458210574654468137403795228280092149171217299529967,0.1213738070190585548244067457532953889244280314487517017,5.377287239153930487993004322917932975677661767288575544e-44,1,ROOT_OK
cstr,cstrfold_0001892,dev,low_triple,0.005217233867225967016087238001797151456038954205398893439,27.009267069982776,74.36951031399443,0,0,0,0.01477813100006704431687339299346128829231557422924503554,12708.82951460172352415412306055176951868382941357042757,9.252204099771841025702824184064770663790160811070368086e-50,3,ROOT_OK
cstr,cstrfold_0001893,dev,single,0.000003186634547505682839798809040162402068281277957180541991,86.38792513745466,19.882319522269952,0,0,0,0.000003186826307801514371935799664390392427058458627047640755,1.000120358243594308588307219506311761484138821322798071,1.782423462616726310122856268351100885789387433335532516e-44,1,ROOT_OK
cstr,cstrfold_0001894,dev,middle_triple,0.000302415999213566746558262193355440257145374222880229299,19.547951568584974,23.053612263436232,0,0,0,0.7938646883259298056919161379558633597704847057113034024,-86053.76140467476576835052097124767625119958818822856159,5.769714926948648058366272981491368703655573145483054825e-46,3,ROOT_OK
cstr,cstrfold_0001895,dev,high_triple,0.0000000502086810945017732659572661361803997010537588110741714,26.00062275279263,75.68203726462804,0,0,0,0.8211740184028863525261287638072285457418251069536139503,88433840.51429616171630010836211150153153474189652982044,2.140837700791569155515328133750842665837022889841912619e-46,3,ROOT_OK
cstr,cstrfold_0001896,cal,low_triple,0.01869859735343848464905539664551569150141719558399903214,85.34253846248133,20.96097448168578,0,0,0,0.05148750473673901363362590912095933562882634074895921423,1496.145551769034667384567034887179148859731461827054665,2.011713995816306611129713404095167831341103416241326773e-47,3,ROOT_OK
cstr,cstrfold_0001897,cal,middle_triple,0.01720627367957218676680551234709438345187943238824163542,19.49736359143781,23.672183205219024,0,0,0,0.05365359101938623048030750682840171208670301523574241851,-49.65435830917275788366322320405560637971942528431566504,7.729194309409377823044146262801693790857270290569491358e-45,3,ROOT_OK
cstr,cstrfold_0001898,test,single,0.005507763398135968725765866940706791556062373542328783005,26.30683562031113,70.58143044774502,0,0,0,0.9999991366758915472965915621372379481376781431828021327,0.0001567473362522050431060023828479059934865684870524630666,2.999618730040514693282807030303882721860240712639109147e-45,1,ROOT_OK
cstr,cstrfold_0001899,test,high_triple,0.00000159732158722145217961725569508919233718226953883327993,89.17928916138393,20.85358607636478,0,0,0,0.9232570384829399377192455827580843505037724182441151364,77366232.58395625974482194756590778049706619362576797524,7.314105430933446897019557617729340170288550781689359624e-48,3,ROOT_OK
cstr,cstrfold_0001900,dev,single,0.0003412413435652995847103028372014910393617984750527184993,19.99489023213387,22.03800275887798,0,0,0,0.0003437168360724122740351941434738866761658132941319785017,1.014585016625646432521319584770237268886634046740011867,1.283449465797377174589860961811612420449070382301473826e-44,1,ROOT_OK
cstr,cstrfold_0001901,dev,single,0.00000002237946401750645412437240525661520776160198153604145621,27.952217922568103,73.85005318578195,0,0,0,0.00000002237950050384397463437478839574907534995782339720311838,1.000003260701955134658626435121400189473460363450047835,3.793122852715943559402117045006748707399686891213883807e-45,1,ROOT_OK
cstr,cstrfold_0001902,dev,single,0.01932599262398520925502421496485358438011864936874108007,89.4084856421151,20.303956020009746,0,0,0,0.999996628165926206015455115541569675156995551741045518,0.0001744788007596382663055751497531950197836572677138537427,2.175595659630327217227153118245902157807685360537113572e-44,1,ROOT_OK
cstr,cstrfold_0001903,dev,single,0.01846327065338007924037671396172717893024768661891096362,19.403032525761628,22.20249754949893,0,0,0,0.9982631168453780039230591506449773746487309160490930901,0.09470332607946020143255656180231540140097732419431530038,9.159717562308363378860186977623301875048585572981850592e-45,1,ROOT_OK
cstr,cstrfold_0001904,dev,low_triple,0.00547620509309935092461192963655481890292453507593822181,28.439555716323532,70.75645990735921,0,0,0,0.01532605895670103466682801926199203381313384297169642655,299.4690581023413193953643593626858253664155853891119305,3.021105088040101703661674764312938548136263524126271814e-47,3,ROOT_OK
cstr,cstrfold_0001905,dev,single,0.000003876430905318190708138480649734825710265340602121531827,87.57339484875013,19.519884251849437,0,0,0,0.000003876709228059239569742130557797990965373911821125564074,1.000143605081334622848644691483913721137403916635618127,1.409730702125742900380622431230477605575058243803966514e-44,1,ROOT_OK
cstr,cstrfold_0001906,cal,middle_triple,0.0003904186654476585557464354323855961578562865017654700385,18.656013984083156,22.842901854838733,0,0,0,0.7849063029840844103256086275054880029844740968867028314,-154317.8994077013454530651172825801691532643525253089673,2.017207868023776763269894104002852783254895495757921254e-46,3,ROOT_OK
cstr,cstrfold_0001907,cal,high_triple,0.00000001356814620833902126770311882931869452019019111817450488,28.509710577500307,76.81804936456825,0,0,0,0.8374584763463716370484962132304539965686900042702604865,718235076.3012922384920415914478516418563864517198626578,2.358574457142008829983893708634700018712670041772587618e-47,3,ROOT_OK
cstr,cstrfold_0001908,test,low_triple,0.01833962154839705039452636880813783363474369909251585137,89.38833847408003,21.33792165488146,0,0,0,0.05054142752384046615040351990013164777184562247236461997,8062.50173914107789930055870606134224366944285550084884,2.294649135998652470337871593299518235169773769214808117e-48,3,ROOT_OK
cstr,cstrfold_0001909,test,middle_triple,0.01845567346465776391146429553703312926553174414556726168,18.886391030687168,22.23341888115969,0,0,0,0.05513848129698963733845782589602785111025670384359776386,-131.8019620149275921576925342817132019861899385724170068,4.055705972875999752552362560951070760675180767014176571e-45,3,ROOT_OK
cstr,cstrfold_0001910,dev,single,0.005229762864963840427191089258406942450444345360006231422,26.363068768626462,74.44624942212914,0,0,0,0.9999993295788198454326213849531276686658373656656059477,0.0001281937702323242943012745986936710332947885278036083451,6.117121272338615679641636690924246423215440235157393264e-44,1,ROOT_OK
cstr,cstrfold_0001911,dev,high_triple,0.000001646857477834766190229128378234706941951975558928991368,88.57571366503385,20.835270798876568,0,0,0,0.9230197827415450131751542138047652163132489921529038728,67921663.37713827255824053589677410906861391070894783178,3.787663431167774010550025291836833045512570174968045498e-49,3,ROOT_OK
cstr,cstrfold_0001912,dev,single,0.0004578232520237909356689413019417946065629827752873055789,18.604858669867088,22.131672628364747,0,0,0,0.0004623152233960226630338465712205639815421055464097911027,1.019762462330051224084908050793695610031983299507641266,4.411796307600639415728046706586135689100964065091052874e-46,1,ROOT_OK
cstr,cstrfold_0001913,dev,single,0.00000005237380112858312772206774730567632671173535204985342903,26.51428769643954,71.78453788763625,0,0,0,0.00000005237399529268721488092292536119737294417976895917905375,1.000007414570864542702128766495121357952641337977307542,4.434680556623414842598169870232209321218238757401174127e-45,1,ROOT_OK
cstr,cstrfold_0001914,dev,single,0.01922500051644293241839691079868952525001891439925505895,90.33683063832419,20.403863577586495,0,0,0,0.9999969271020095704321704935585030040444451652925179627,0.0001598448208311088783177037877328151450630327829404935444,2.025027706154789849758555910809923422894982934632211584e-44,1,ROOT_OK
cstr,cstrfold_0001915,dev,single,0.01872183414140814273210585691715042008084988911452172407,18.552134096866425,21.96548194655363,0,0,0,0.9976914084122909827206164735745135742630819283086342039,0.1243476834824318796488957633238522249011728950658424599,6.761624053878771336101308267490104494602998773333398823e-44,1,ROOT_OK
cstr,cstrfold_0001916,cal,low_triple,0.005145809060067589243894920539977150407694902198427542021,26.763239256793366,75.41310406057163,0,0,0,0.01448487872778138654542432026199119055981190872470947933,443.9388523113245587660010163402570403012072873469599842,1.09684484658199095349486760981405556190624499442384857e-47,3,ROOT_OK
cstr,cstrfold_0001917,cal,single,0.000003142574054417566717147120437766790512712631335848162218,92.25262217513092,19.645150316523925,0,0,0,0.000003142758205705238386142910817638597254885707960789423866,1.000117202844128476819121255630836522567321667775874215,9.973119200208570045075694463639674968665848070659124887e-45,1,ROOT_OK
cstr,cstrfold_0001918,test,middle_triple,0.0002884035279568876560685442378903534244570779046686158567,19.104737083427164,23.839040312540178,0,0,0,0.766646157297057684844157971078379227246324871520487437,-5441.643451932955178433151158816483281990549013022793709,2.882487366035454009895486208992266491327764153202217223e-44,3,ROOT_OK
cstr,cstrfold_0001919,test,high_triple,0.00000007179221707946172002800785864734289020653006686659635769,26.01605812678939,70.83634710149228,0,0,0,0.830808655125202950192153838511738457306068552176552431,30448988.90446491094543623131454888888772584911314995128,3.061918277632692906365227190393207328668183706380542236e-45,3,ROOT_OK
cstr,cstrfold_0001920,dev,low_triple,0.01960599439267400751815584768095884010010869597485945083,84.37632024839267,20.043639885102756,0,0,0,0.05380770850970489225356931261562744030727390102599894326,506.6853627787173346898115875422305850663311285963879946,6.046633913904833749317332889718674764941438115730799917e-47,3,ROOT_OK
cstr,cstrfold_0001921,dev,middle_triple,0.01716486733706286762983473431380937216710905021964110251,19.472946587200383,23.777274934199294,0,0,0,0.04986340367129326188025040222329578205215547014460172399,-3047.233009867947775337290053958762015282843032506811637,1.701340426597560550702282020116358422299858479535796331e-46,3,ROOT_OK
cstr,cstrfold_0001922,dev,single,0.005077611915969634749761585064304851534817482244562186036,26.327643660303846,76.46517726777924,0,0,0,0.9999993849745333936451236041595717851680523673632502341,0.0001211252446794360908998704075344202288176012338854793502,6.196126217572225211504657914287313396335080862835758002e-46,1,ROOT_OK
cstr,cstrfold_0001923,dev,high_triple,0.000003255545460162869189093584530067980520202108742110173344,87.2717065617667,19.81145034053474,0,0,0,0.9209808878763107021335926503514845492517314593195948395,1628055.427233740239666180536752193833554743442841456656,3.725330759230198433420929000203152925153295050964045409e-46,3,ROOT_OK
cstr,cstrfold_0001924,dev,single,0.0003374742382004082237202134281537967822428479367867372692,19.04209613650849,23.10188566933193,0,0,0,0.0003400188088374907150093289581860348870654897208821436608,1.015162354681015242202336767998860388897121964911577937,5.690664244275988625744453913474941819833765118053942271e-45,1,ROOT_OK
cstr,cstrfold_0001925,dev,single,0.00000002630795931210832008334296210605919468148928495420225054,27.160957236577897,76.70209987191801,0,0,0,0.00000002630801170634457056405347475836557355375866567626298985,1.000003983152924380589515421358035851587098902838162737,2.848741586269552617372192337245274359510020119175347845e-45,1,ROOT_OK
cstr,cstrfold_0001926,cal,single,0.02008191410349711311253867748218350300120056111603032271,87.8035996107818,19.60848976543639,0,0,0,0.9999945553823896445895343036015843075319247061627168077,0.0002711383177314545757036362825138387695286309865420080488,2.653654271509304327022627754401978850191464005327484949e-44,1,ROOT_OK
cstr,cstrfold_0001927,cal,single,0.01747827285620487884641671257694847042840280250941753009,18.451491152292274,23.451387515384855,0,0,0,0.9981135828214517790649818418406321494531765427979569199,0.1086579346462292608291142517989444641405263040709986982,7.285561887531127423159595160077038446203366289223959303e-44,1,ROOT_OK
cstr,cstrfold_0001928,test,low_triple,0.00540387635567731121400295224738280094666730087563499789,26.595573647543873,71.88441668520734,0,0,0,0.01531491190021224287320953405525805574954873329365074306,6598.066280274530346612910051287382071541073090531336236,2.282703546997168809623534098297374353779474060721697013e-48,3,ROOT_OK
cstr,cstrfold_0001929,test,single,0.000002003964117804522391124754561737606965577030554310055569,88.04217343159303,20.547640416852634,0,0,0,0.000002004042623200303985084533037327153042151965157758102858,1.000078352382072705589693099077400286196565838267313729,1.801435584504880126355484937199624821953936604120148145e-44,1,ROOT_OK
cstr,cstrfold_0001930,dev,middle_triple,0.000352873148971302422892010454015058148341093143340771044,19.63807946858291,22.24303970721576,0,0,0,0.7957172303767757421893813265265997544230264406299469989,-2040739.229298188735853249957677052694604932548112139112,4.624139530156613635888532494823794430369906622838040318e-47,3,ROOT_OK
cstr,cstrfold_0001931,dev,high_triple,0.00000002151351460950764983554210261428196124426104159139797506,28.321079007840083,72.28104772831385,0,0,0,0.8382678757420449771949302101491293427302963849002822838,1099116519.672232490720144027764943368197455501124586809,1.178335960159373888407884329461741339497912053932286483e-46,3,ROOT_OK
cstr,cstrfold_0001932,dev,low_triple,0.01853940604452732550343669944013413896790731701487193623,84.46051395945281,21.132191370126577,0,0,0,0.05037239035645159385354419101015196556439816994769948091,182.3721998467554557102791713066213061624094278741453486,2.351074957679244959602733946173887358779594258969869719e-46,3,ROOT_OK
cstr,cstrfold_0001933,dev,middle_triple,0.01887170159564198637994417367598161891991364011989447558,18.629786212605264,21.793122876713163,0,0,0,0.05573163407025225733111907134727069047979864179572251745,-258.5755910534373028252094948839111662726818374713448597,2.015779243677716044838321130707002714700599179647237254e-45,3,ROOT_OK
cstr,cstrfold_0001934,dev,single,0.005516893704994244858264785211278614555973082946560626926,26.325983332671086,70.59373931589442,0,0,0,0.9999991475913203998356400241696662385297749087880628341,0.0001545093639792321239278759993756121524637982915317020549,5.58262476336435803058319604262322823337117876337317003e-44,1,ROOT_OK
cstr,cstrfold_0001935,dev,high_triple,0.000001883031294759520368647740780905048168106943036626793015,89.4078267668374,20.579496349124526,0,0,0,0.923415847159405431585592610919211226690950687264804396,3703324.042799964607489102838174392611956441335701953024,2.398666003181379231930194015364435690398972313661159922e-46,3,ROOT_OK
cstr,cstrfold_0001936,cal,single,0.0002664818036077892023313093307172213992522189243618427273,19.431871424143303,23.79494178896363,0,0,0,0.0002681148665097364664497664901210430723500826569924239547,1.012310825154708513096689184262403189794848308091251159,1.142733419708793890834858203680217102115770541381371664e-44,1,ROOT_OK
cstr,cstrfold_0001937,cal,single,0.00000006628183052280421221592403967495643190291496662994816968,26.07102725947005,71.491589504859,0,0,0,0.00000006628214021428232616237762745168097657100807733257466714,1.000009344718825534065361054693612381895648121468559913,4.378273969466517824925772918549398954349716103185628004e-45,1,ROOT_OK
cstr,cstrfold_0001938,test,single,0.02010178896725395778381432480460644553789140731741746344,90.567457953375,19.573397038040653,0,0,0,0.9999949085743391764298505343347858127503339657864150951,0.0002532979947430863161164028144244059317458159988511586617,6.345955236585245038006636160573020741892087713653853257e-45,1,ROOT_OK
cstr,cstrfold_0001939,test,single,0.0176228021629082117964908029759527584601690942547326583,19.349676836030973,23.199235182865937,0,0,0,0.9985054267233729534020062582008837593525671935292799647,0.08529400604884448553076271224169983626985325834607196465,3.330953273078095405291755331375183125026495099257613334e-44,1,ROOT_OK
cstr,cstrfold_0001940,dev,low_triple,0.005346295431515760841505953151712270536740766926396925117,28.50271322738902,72.42653211504566,0,0,0,0.01474924883947222514543122357880840192927438790510710911,122.5132827511274270038173398234408082043631710835627573,7.105125005291372571196650843899216963787231451945328369e-47,3,ROOT_OK
cstr,cstrfold_0001941,dev,single,0.000001712691789303354022960740605518230226220493916558965186,88.36095107455095,20.78317051928776,0,0,0,0.000001712749822460302071556792967906781041715719967464018905,1.000067770066517802654154837157653786971626960666711261,5.740505131530902710922503637243928983284333746650769034e-46,1,ROOT_OK
cstr,cstrfold_0001942,dev,middle_triple,0.000248048844526435653808833239532385535904288724672360369,20.010474170840485,23.483519956818746,0,0,0,0.7899567728757454693127588845502855102773840446206160174,-13579.152056734127779707512515182272669116141437357072,3.236814191275179820113214406579336698467424055580581854e-45,3,ROOT_OK
cstr,cstrfold_0001943,dev,high_triple,0.00000002406545659461846177545860487978855433692738183402443505,27.91810006780952,73.192955391393,0,0,0,0.8337093464187240322497577718971954090226134696996763404,36630920299.12507241907568825871602348441895613348515247,3.505334789961504060659639293734500911442151240083142152e-48,3,ROOT_OK
cstr,cstrfold_0001944,dev,low_triple,0.01872843556090821652206091479081848782766532691319722619,92.53950547808623,20.90874025356942,0,0,0,0.05158331056019253186630595909632514756814127191216239498,4965.197740059289989108453199557505472308214400531363935,7.887728114722718685123825472041707015041306271839343178e-48,3,ROOT_OK
cstr,cstrfold_0001945,dev,middle_triple,0.01754009648662127303892266230342552867882484130764048563,19.977297004952632,23.253038973267667,0,0,0,0.05201612517566486759331126591297344058236520904085480761,-144.6405637864946386102341396831243340674356057701052991,1.347770832308292756535714957141153466342767397342768413e-45,3,ROOT_OK
cstr,cstrfold_0001946,cal,single,0.005003437194018841111812031323716079178894783227555937705,28.24466211785168,77.36292253486643,0,0,0,0.9999997935111128602516822044084104567774356149274829972,0.00004126944587074783932794909712843459700560090530431424525,4.627724897154888540475183637970702176206334069646075815e-44,1,ROOT_OK
cstr,cstrfold_0001947,cal,high_triple,0.00000194825653765341499057631372684981582513353686508367257,91.76758209486304,20.413985923834222,0,0,0,0.9229392410103591259910988922850932590313592914964727439,60109339.18442642232450995820138500639153761013535581636,1.413034065262246060561310204292734030995930109790071661e-47,3,ROOT_OK
cstr,cstrfold_0001948,test,single,0.0004125745549369868605272992284255828478233015479381127975,19.405105147334663,21.77128106079533,0,0,0,0.0004161545379404355850499593659962270018334632495589469452,1.017463417709742989962778707430949425246382068226516736,1.800914996551968213933826359816590404978190791259781141e-44,1,ROOT_OK
cstr,cstrfold_0001949,test,single,0.00000002099825907097234701214730524443130788515195656480453109,28.409494674891725,72.08497764309507,0,0,0,0.00000002099829041431851862639923383307134778396920936693698116,1.000002985331336799572340151724549247970703631894345501,5.375757529495227749829413761184079420352436627821943819e-46,1,ROOT_OK
cstr,cstrfold_0001950,dev,single,0.01956932080861944394895218369251277731091416720758637936,84.49047350915053,20.17689816551739,0,0,0,0.9999956854620811223737473270588381480885854035789468292,0.0002204861427816622249130892498762969995811355952892571097,2.064061122515278685621673011216305779947128639593965844e-44,1,ROOT_OK
cstr,cstrfold_0001951,dev,single,0.01741193580179299947364854402409233377174163355103073944,18.915031155914278,23.591965970656084,0,0,0,0.998406217684219807843157759058041266967890422258708481,0.09207365310163069958251828745294710424996087170231788903,4.082525246887488396489329346848020666867259387321534299e-44,1,ROOT_OK
cstr,cstrfold_0001952,dev,low_triple,0.005056417429194440778545131932828995037955469784277724611,26.599269157350484,76.62965463806123,0,0,0,0.01353737980650542443223696953836637307647870203945554399,50.73120031820403145619794956242417817694347064269100292,2.064290512620294337666299751980109054295433394576477417e-46,3,ROOT_OK
cstr,cstrfold_0001953,dev,single,0.000001814623359943671051493184131371838324467635995121692556,83.99249532231578,20.925569316320445,0,0,0,0.000001814688975537400656778353155942714447514805429930876633,1.000072320634247367951016957468814341213192264786667387,8.646029444444820623839286537509823491854689695284766822e-45,1,ROOT_OK
cstr,cstrfold_0001954,dev,middle_triple,0.0002355708038997398181873103179546348467719979351226695849,19.987356546353052,23.747429793989596,0,0,0,0.7956634774394929591492794076576297587204226829350195,-34114.63824443990614364168489872970261986798221600804226,3.684216062879282475189314306025428493722171816059074948e-45,3,ROOT_OK
cstr,cstrfold_0001955,dev,high_triple,0.00000006420965111807773002168344783783807315378488631298955853,26.155731859500033,71.37907051114045,0,0,0,0.8209397380118809960767387200572280015365703819518070398,3297084022.489974559159115107869443788770074706170873941,2.239713875780678962263284880716613705028300683937790255e-47,3,ROOT_OK
cstr,cstrfold_0001956,cal,low_triple,0.01980090351176013471255194973909933847804237890997124473,86.394461205694,19.85050817117636,0,0,0,0.05411298903918189112960358282614567516645287607440556077,295.1444270606747144227888433490969474480538816083160874,5.12679141434921807053245521763885847142899148134441601e-47,3,ROOT_OK
cstr,cstrfold_0001957,cal,middle_triple,0.017662692092697308268440626021640762263832841657139464,18.649171490830906,23.200312512934612,0,0,0,0.05232218046314965730624243316699325003829716147522885065,-199.553313140076185549766450993609604639971749710636752,7.274565678305050622227546930688144304355510570449018671e-46,3,ROOT_OK
cstr,cstrfold_0001958,test,single,0.005342785301512793343271607478704263923620968222992957924,27.643005673270856,72.58005001301325,0,0,0,0.9999996213466572528461531470970857517186266333795589586,0.00007087202080127216903020633769105410268036019282899267825,5.377930946263631833454357278795496628539287601555109783e-45,1,ROOT_OK
cstr,cstrfold_0001959,test,high_triple,0.000004095895311121343053243536148679888454908334636833100069,84.57313008614216,19.575361504939792,0,0,0,0.9183049348795632387739938473381033336795514064641592854,15670908.07032077581991921742899227510885688916600733193,2.17488486302654220053552659979332681356480064843762722e-47,3,ROOT_OK
cstr,cstrfold_0001960,dev,single,0.0002749946580876644176477159610638516312575445444484032679,19.620073615250607,23.42423358297684,0,0,0,0.0002767056777967986258229140312363701250888358411320192551,1.012500073917932471949205421107418170266140533963457199,3.468538640048153778582531790755792140408282943492369989e-45,1,ROOT_OK
cstr,cstrfold_0001961,dev,single,0.00000003816861432922531916018162586283883945834387141303505069,26.52946919714065,75.85706106814209,0,0,0,0.00000003816872338467500547558145653297278033810273031689731201,1.00000571441637344488587161973792643980234438876630863,3.944863493021501544014952187413984828681413799433461048e-45,1,ROOT_OK
cstr,cstrfold_0001962,dev,single,0.01994708221424464743339202639195731919947038797994089548,92.45890732510519,19.711137687507282,0,0,0,0.9999955945189039478798339455348132044503114732766091122,0.0002208704799706629955927793357492580512415359408511080824,1.249362133582754913798395317012800798481057920598975672e-44,1,ROOT_OK
cstr,cstrfold_0001963,dev,single,0.01797259290387387686898396296832888494199648580665312227,18.568539389292116,22.84181476330999,0,0,0,0.9980032932831751933902144876306616505401275330933929877,0.1119018625805492481395475280717111287361042392218428559,1.377888967308457735245733927245231780246730845611567731e-44,1,ROOT_OK
cstr,cstrfold_0001964,dev,low_triple,0.005145530925761332974510699026957051891306170228798437292,26.79573769791501,75.41474757755067,0,0,0,0.01454449718515064204797391818511493389339057752520529229,1148.304076161224467631815575802144446374907441894156202,3.758749683503168178904949973116801719835385742151070461e-48,3,ROOT_OK
cstr,cstrfold_0001965,dev,single,0.000001946664457171856344177404530032358605752381579424741898,87.36538497457013,20.628585211623424,0,0,0,0.000001946738843968691347483872723102338934702609926130698328,1.00007642704798791885416135914606390907683756542529932,8.230442319435925253881648185907435113173698150604804272e-48,1,ROOT_OK
cstr,cstrfold_0001966,cal,middle_triple,0.0002494854018948669849274855630087408964334081012907614921,20.172105543592917,23.274464680124588,0,0,0,0.8005451201342704932851969762308669416908383081140572511,-149803.5271848046534289369537926005053445213966378554544,3.174387525639846286197526777161896920467457037862176074e-46,3,ROOT_OK
cstr,cstrfold_0001967,cal,high_triple,0.0000000499449112563003872309714223664174359913389932311212116,26.02014454129448,75.6137568580263,0,0,0,0.818295530014355821386017900754170877569659535706243237,202635401.5223652252497863814281877916915149107290664636,5.022940347773912705106387918750559620263720107265169392e-46,3,ROOT_OK
cstr,cstrfold_0001968,test,low_triple,0.01962509355988356802451094580098691267070880501210933095,90.97350835634288,20.001983091198106,0,0,0,0.05288745663976053269336341389911018823606515693038529562,121.5779161148745407382279124259125517853854918611639738,2.106337373492331540830888798674940064488848007175758727e-46,3,ROOT_OK
cstr,cstrfold_0001969,test,middle_triple,0.01821104398377412030345254201049902519511808494137648872,19.518817385808504,22.474762529942396,0,0,0,0.05355038171166461549258126613351578675805805849336645541,-262.2721653603604501292592755914561365822334781066486453,1.430556660160337814918417342788563056168219450811244369e-45,3,ROOT_OK
cstr,cstrfold_0001970,dev,single,0.005330336269311537438977916416606442947996698308563679788,26.424647340956117,72.95193862112788,0,0,0,0.9999992941618473355949184941724440124740894070252791329,0.0001324194550946756527883035152589343511373111405807167484,3.72467788996072244889402411314706466769544083088513328e-44,1,ROOT_OK
cstr,cstrfold_0001971,dev,high_triple,0.000001244135852023392885594524278539618701370557760283993038,90.73336933219345,21.175071324590995,0,0,0,0.9247025967117501333859132820997919292086060170271116186,21722639.96464505812422814032994809078346769051049839087,2.040990576014526768013309792537343308154530160145257492e-47,3,ROOT_OK
cstr,cstrfold_0001972,dev,single,0.0004714404864430790310648268280469831792406427039977310874,18.551094512825305,22.05198840902224,0,0,0,0.0004761874171503379004620766816622300968746608208786754247,1.020284681739581979356982063156901964459725212379290583,6.204461804636447914150981674274975660833868352221271436e-45,1,ROOT_OK
cstr,cstrfold_0001973,dev,single,0.00000004655157500745697218230805616131466157940351142852927838,26.22608285980258,75.17850922595156,0,0,0,0.00000004655173575674211763628791993269963377158405799895708486,1.000006906305126860365755646418088314165215080750293368,2.674607781505893366466543438451676331343337037974035179e-45,1,ROOT_OK
cstr,cstrfold_0001974,dev,single,0.02003509210244443792738141357172948831571784550361258524,87.0862735231006,19.63006157752606,0,0,0,0.9999944894734963593247984943678976187065328349315717052,0.0002750620308313769607263349190213918130339952775821441988,9.849462499903992827581312279787164828694594331930153257e-45,1,ROOT_OK
cstr,cstrfold_0001975,dev,single,0.01802071149991967214681643946129966541297497504106616717,19.74203333178247,22.817232558979192,0,0,0,0.998587657656090790143786104265975728845025388799827334,0.07880913073916676104701573139289930005565546522777300795,3.601059184459694709395697016132189388053667958572222089e-44,1,ROOT_OK
cstr,cstrfold_0001976,cal,low_triple,0.005126707393311652331758679040526982800101682920336296402,26.08833743846514,75.77222393841963,0,0,0,0.01454189184780497193679980131794451579398746345215641841,7441.196276065952081704512585731753189778597727377110212,1.332925212725168846632604355570550919916076742891015806e-48,3,ROOT_OK
cstr,cstrfold_0001977,cal,single,0.000001686192739701833394366948592439065785288850577528632972,89.60452036587498,20.745750190476496,0,0,0,0.00000168624888450482195142660617501187676010247789575048793,1.000066595224922072565130014481834889106915406171939379,5.811742319485873993012203479401468495406021882931176371e-46,1,ROOT_OK
cstr,cstrfold_0001978,test,middle_triple,0.0003951503365460279671329728881308240248525221212175498902,19.599153611706047,21.777836515244317,0,0,0,0.7861132740345705117862575925817982094763925668264633861,-9844.736728597582969569299035527644585325991817539247511,1.328512592112346246141958734961603033414960943267643731e-45,3,ROOT_OK
cstr,cstrfold_0001979,test,high_triple,0.00000002551654595673118405921574428159073653616177884993827734,27.085142613493666,77.622347431219,0,0,0,0.823663518490510813341091084425615576571804273411100717,3384132308.410966903959857208944720972466358661617266277,4.883177527325029326036768248848323082281999707109922582e-47,3,ROOT_OK
cstr,cstrfold_0001980,dev,low_triple,0.02001107808137065141893149736825276610647431832688191625,89.56256111131506,19.645091415073324,0,0,0,0.05481261285952919704535009644297244347742810753386777724,413.431349954572931079606945303980134694634086398768679,6.817972433372955328629698509790590668417672347101258024e-48,3,ROOT_OK
cstr,cstrfold_0001981,dev,middle_triple,0.01792682098585849203077298901891314791570119555358167915,19.593447507563848,22.80845780512715,0,0,0,0.05215401716269345131319848590021687776077643447142830191,-1290.944438103127255612213685550682244021154167893233798,4.851888858437949975940455327916476290922512776206253409e-46,3,ROOT_OK
cstr,cstrfold_0001982,dev,single,0.005250416170925073468736720653488142146275878981418587873,28.597203271551237,73.74003237193848,0,0,0,0.9999997858368573416919431442728868328321556097638311432,0.00004078978768982775055322863837605479408575851474193425083,1.659166697188163369337172094775077942788225786042980759e-44,1,ROOT_OK
cstr,cstrfold_0001983,dev,high_triple,0.000002291986070086772862161781190386552078178176660296295981,89.73379495140912,20.25169324334915,0,0,0,0.9223011147913837295608541263484767977839756154901216648,5461494.949570536783588133471331184966068680569243692786,5.01471434898008005851461328305411269857099558864427199e-47,3,ROOT_OK
cstr,cstrfold_0001984,dev,single,0.0003491197632192873925278547038643923119748686857628338025,19.176154867401504,22.760128054447378,0,0,0,0.0003518014185222993576470828545705755382657840225316777257,1.015447779148271927038948106430565958483948118589912412,1.218346430157493241115453372657698193325063916094432299e-44,1,ROOT_OK
cstr,cstrfold_0001985,dev,single,0.00000002579944220650160579255827855041803640319052212392070211,28.186359061890958,70.89087868612859,0,0,0,0.00000002579948872677726074561774842004927732787260405057297819,1.000003606305644886560243325652248326007322764882105188,4.488481606710394380976269286857473267176229212096931526e-45,1,ROOT_OK
cstr,cstrfold_0001986,cal,single,0.0192180413212294383630862641693268868316090129355301766,88.69882397966828,20.41390787312066,0,0,0,0.9999967690114654726212996390957559318970240456921013584,0.0001681294608700367850178724007223642885918492735107816447,9.263677861817984479306913045450462752549100745738261221e-45,1,ROOT_OK
cstr,cstrfold_0001987,cal,single,0.0188342347398031386298802692857004815619081177786643443,20.000444316202156,21.740033550149647,0,0,0,0.998401242940796051182186489634282041395019577556291407,0.08543177821783213492287367162457468490793548711817290704,5.397429529705923378052874755242193640801339937381744293e-44,1,ROOT_OK
cstr,cstrfold_0001988,test,low_triple,0.005443415127007678159453729719022916084510948134145124887,26.95989857405553,71.19431559884345,0,0,0,0.01447468860642092181378279554819681245750587733307407496,45.33465515383799755747544059313001620029218311801561993,3.493093930753049084822010721791810956298015380556009457e-47,3,ROOT_OK
cstr,cstrfold_0001989,test,single,0.000002163168057897387114135050864395409513419446631204901617,84.81843547018484,20.580022761910257,0,0,0,0.000002163259684386192012421273728837885674011083812067440747,1.000084717756010848012089848786079698530558399331571064,8.736889941694641421040740052034032476615090758400781738e-46,1,ROOT_OK
cstr,cstrfold_0001990,dev,middle_triple,0.0003376114705503613719037539839753300399287635612416568938,18.514709756955448,23.74576662620937,0,0,0,0.7824147008369743292102429144982728509669639244881227486,-70731.42798177729429372270274963622844378706357383134671,2.346658961697491119948038614678332919771358442740793384e-46,3,ROOT_OK
cstr,cstrfold_0001991,dev,high_triple,0.00000001776529900155983760023306267331183744093823316107898271,28.236892953300757,75.07083560045959,0,0,0,0.8347806984802588194902566891150543578406729294693427283,7785971813.521204591097467522151019904152909031640162093,4.443707112450160791639784934939299133979498933515491015e-47,3,ROOT_OK
cstr,cstrfold_0001992,dev,low_triple,0.01986441460091302061924482372582237400526884744844773,89.51096490061622,19.78182318813384,0,0,0,0.05424933914483812396267180434377692752684038814886156988,287.8672766193318781627178425514488308412368370898480742,7.738713260502857735317066703998035925778686770976384456e-47,3,ROOT_OK
cstr,cstrfold_0001993,dev,middle_triple,0.01727682284875904134281778731326383343509164355265806761,19.72217344029935,23.449025475884778,0,0,0,0.05730625266055118929707377329565670746979513418802552868,-28.34569915201257068901493702565180896942950951096082642,1.228396664050927491419177232839087843823662845697820203e-45,3,ROOT_OK
cstr,cstrfold_0001994,dev,single,0.005125016814363628100570235726045819677344610058409922182,28.487882529039627,75.5287021809788,0,0,0,0.9999997974032035082377625049059524174219057997520216001,0.00003953098991126712901770512081586092317007821094244813651,3.164094129312862924124529038637575551828564534060932212e-44,1,ROOT_OK
cstr,cstrfold_0001995,dev,high_triple,0.00000191815353338192759777543763254575476971312707245915932,90.84744709086465,20.481163889783836,0,0,0,0.9232047400233826344118037652778822215058305385074143869,7178015.926890599187345768564291007460002842003552403802,9.117753418237366216316006255601789290046962349613601097e-47,3,ROOT_OK
cstr,cstrfold_0001996,cal,single,0.0002876658088360867714875128335214386062105947450279122165,19.664973703398633,23.14904665756597,0,0,0,0.000289515718911441692862501617120357657623004290891284624,1.012921406877205003234210809009531911541030623892817397,5.763139004868876286971709801470233599601595252346422348e-46,1,ROOT_OK
cstr,cstrfold_0001997,cal,single,0.0000000303995305342656828677974133548303012522277126954440408,26.813668948429402,77.05723381899172,0,0,0,0.0000000303996008213854965047295285044024534688430998979399894,1.00000462423184467932947451138456156424559063949452062,3.867823694644249323714462844025148436593720521628074021e-45,1,ROOT_OK
cstr,cstrfold_0001998,test,single,0.0197785704304883624102200681809823534881056951487099336,88.82802195243288,19.869800938946778,0,0,0,0.9999955134184645262866008525167530395632523987948849838,0.0002268530246580764857795288620290129525945721667129229809,2.169606866962354617042835146717938709185468723926646136e-44,1,ROOT_OK
cstr,cstrfold_0001999,test,single,0.01834512411191619158048324205248609432762655961473868206,18.50286495949966,22.395799904611017,0,0,0,0.9978142465512469931855439859996138269418355721323135946,0.1200892963857905934411806361501121939176745550388366775,5.362908977755630645766920589373854415335672979102902006e-44,1,ROOT_OK
cstr,cstrfold_0002000,dev,low_triple,0.005092618922978257259556924717338124300460245035899726032,28.063474825287177,76.04379084322653,0,0,0,0.01428234208132121349688985861509049301648805723384645586,358.1357352870548143944401177367318007872707565571621853,3.189038558313970886053480753717758622913055007295203652e-47,3,ROOT_OK
cstr,cstrfold_0002001,dev,single,0.00000163892876371906913917397697956485317884068650583834829,88.38735624060958,20.852667911483675,0,0,0,0.000001638982092300939305577203097640556281036115985899442557,1.000065078937625836892494660298994089138889984069158489,1.407975077737312548156727252174703020490481628590509101e-44,1,ROOT_OK
cstr,cstrfold_0002002,dev,middle_triple,0.0003375555863039490715864739994786146600761701200557811102,18.80005822444275,23.388766443648013,0,0,0,0.7870792379260889928187825120771795460837781346461762112,-800705.3933841473521597066807520588137962264491470599059,1.438622442092967795216488669930249983279758652099188573e-46,3,ROOT_OK
cstr,cstrfold_0002003,dev,high_triple,0.00000003373838814401048329600526885587678781891040264171459704,27.024956445571867,74.29632504076504,0,0,0,0.8296710998703107726175593477940142619384328600910306822,170114222.5009537315657041703336554253060623890351764121,3.894823716021945700199106325841813550262854979219103329e-46,3,ROOT_OK
cstr,cstrfold_0002004,dev,low_triple,0.01829539451765298983745986671292265654687120977295989631,87.50840483556473,21.387550697001533,0,0,0,0.04934790591143751052838671761928623739923648691724989061,125.5467538023951677152480492515279630125929936146492256,3.006203226464598868346134786232374494804611779959052584e-46,3,ROOT_OK
cstr,cstrfold_0002005,dev,middle_triple,0.01782614263989842455615665049724671525274412345693339346,18.422191987486315,23.019436550127672,0,0,0,0.05199829353307855729030328738885108331226044521932469033,-5596.443427218599109228800152494029335198222705632299174,8.530029368014934208752401977581372840202472980398428021e-47,3,ROOT_OK
cstr,cstrfold_0002006,cal,single,0.005436091099939132021491984009397337290154338762996905782,28.48265851135668,71.26968620578066,0,0,0,0.9999997327824280682358344456148001037683871144690895786,0.00004915626146075552993204298691089080792263899141666660378,5.324171661430509349631183971722987925607456056403839074e-44,1,ROOT_OK
cstr,cstrfold_0002007,cal,high_triple,0.000002313251966556983204283417472944076648110208989203817025,84.54398330184252,20.498477978184116,0,0,0,0.9207742404307234994049246861871433201652799905036519181,47326670.56958843769180999603501036576068903214346354568,1.201109265472791697601866174097274946109735069111487199e-47,3,ROOT_OK
cstr,cstrfold_0002008,test,single,0.0002517718768169051961124843704034732697882169394951145084,19.68243883140185,23.776641622454328,0,0,0,0.0002532277372075693528051615424413391882718382424308047329,1.011613328122801407197836899035464134303422662803836085,7.498020240350943330934679016925363607312186936175553893e-45,1,ROOT_OK
cstr,cstrfold_0002009,test,single,0.0000000155165074489497379796523850604279056058984234378319739,28.559137826639855,74.85857931028856,0,0,0,0.00000001551652523131909571684350268856767867453738127265103503,1.000002292060160205166316517774848572685808981360160628,5.173062024388926979504543243835343586072143865195037137e-45,1,ROOT_OK
cstr,cstrfold_0002010,dev,single,0.01896601513232141467987832364551297638774314029246846938,86.84177759426561,20.677229530866533,0,0,0,0.999997055584494090632284918063322122415337459350417565,0.0001552526328668146098062440989808055504581148365203036537,2.158902435172458039558823115616374185542052846159747499e-44,1,ROOT_OK
cstr,cstrfold_0002011,dev,single,0.0181911492794937004815063420379558786534753163283077034,18.45074194794111,22.580042723059513,0,0,0,0.997843534062708605621642458493072562069673515570130467,0.1194657060442670351762742587453111024914462739761661914,5.556983164787192128304308011954016309108317800369640273e-45,1,ROOT_OK
cstr,cstrfold_0002012,dev,low_triple,0.005138101399386196982652551390004692107883117842356599539,26.904584442466042,75.42657788836057,0,0,0,0.01386939654919847853825310667187661097468869045396057903,60.27288805398114945232816191513689830426565019162778328,1.495480727635259415535919218916825273165848624314400881e-46,3,ROOT_OK
cstr,cstrfold_0002013,dev,single,0.000004348840599161683779329393723973874418821521798648068568,84.75482846898096,19.47052151705508,0,0,0,0.000004349189963007708268966988387841192231100456035498430285,1.000160679465712350698977529661611444920170355002208285,2.9240971562274156341769264602786344426499460905162576e-45,1,ROOT_OK
cstr,cstrfold_0002014,dev,middle_triple,0.0003709927452357146007849663007082853819471816123049546235,18.39749607742252,23.41368418027077,0,0,0,0.7815839705929540932428749840585644018566268452953200835,-100690.7144815133954317004292878584944915194647874125941,8.377497982785847366788926452676918690981562731215468084e-46,3,ROOT_OK
cstr,cstrfold_0002015,dev,high_triple,0.00000001514885247973920925219158684452130189493260048592799784,28.359467095402554,76.34844527411335,0,0,0,0.8415444792706319085860200504006479279598825335220252597,194290010.8652845161766553884421662905203497882152823544,1.245743781711720207400136903568841673716401666838380259e-45,3,ROOT_OK
cstr,cstrfold_0002016,cal,low_triple,0.01909910286526769050764051906312400279713741695784774553,84.23210171812605,20.54755398147234,0,0,0,0.05261077746397863647828313163972866048173838860752498103,1590.600963061219655480001830748559679403982074340156621,1.82432430555042392762312566303446910999472445703779737e-47,3,ROOT_OK
cstr,cstrfold_0002017,cal,middle_triple,0.01749560808767686233906581039426321251285655305310833055,18.61810033056875,23.415768189189922,0,0,0,0.05098269313058391286501231502611587768555856171461848342,-5364.492150462921529180693587025599069178742579870757263,6.103659300743489302702455089190924585403161671919063899e-48,3,ROOT_OK
cstr,cstrfold_0002018,test,single,0.005153491249509405669653852696623547217864529479136584521,26.538328012691107,75.33025695973583,0,0,0,0.9999994178882876999367945974174126913700352546293324577,0.0001129550973639716098567892776723521010513848823560167434,4.231685754225068855583947375581419096679977675841395678e-44,1,ROOT_OK
cstr,cstrfold_0002019,test,high_triple,0.000001502764555066144026077538154701026083002678380702982711,87.93510445379111,21.01596371831331,0,0,0,0.9239869569125020237249569926415943480833096931751146283,4850184.283288769501141959804798028341264802070611164111,2.531799492007218545137718128014983580822468741416059284e-46,3,ROOT_OK
cstr,cstrfold_0002020,dev,single,0.0003154904700652328574898546624357563212094604641143010481,19.68562970427945,22.70101949005207,0,0,0,0.0003176720597347489133311263840883819189710802045970756671,1.013899083363799004399115183938202782017972117543455403,9.90930044124762568952836038105475899847733228569263349e-45,1,ROOT_OK
cstr,cstrfold_0002021,dev,single,0.00000001279327446418274266374618973354518049925161157205655589,28.57043472055695,77.12995528149357,0,0,0,0.00000001279328692422824837464068504301077974529845943366924477,1.000001947906991865743081942533805116661316970576866716,3.883641719618191285567113413008927548768315178401762804e-45,1,ROOT_OK
cstr,cstrfold_0002022,dev,single,0.01894977674173526877587370382467450090629629740691780961,86.58302981851092,20.698792013136305,0,0,0,0.999997066160907077329526174925433833290927855625276628,0.0001548274987996618673783310453254608400819594625793614633,1.062016942785995799759398385485997714375682017461445088e-44,1,ROOT_OK
cstr,cstrfold_0002023,dev,single,0.01710540773931969688550511001319633111895675579353611982,19.77146177601482,23.833955159196073,0,0,0,0.9988099129248300963378599479525880595005164412938196228,0.06989858491176405169825105224765149334771507877284941011,2.030675403821834134705682270035195226804987780857260066e-44,1,ROOT_OK
cstr,cstrfold_0002024,dev,low_triple,0.005221278457455105849453134973856997014708274417082064408,27.902744833552383,74.17367873376459,0,0,0,0.01426312582397786253892765700574731320874725190575089933,84.30238108010078501969038290441003766403197204308444271,6.766006572660554857098481603235423053405990761014220437e-48,3,ROOT_OK
cstr,cstrfold_0002025,dev,single,0.000003322361503089413742261911786514625832663648309528144801,91.85773957044914,19.575201449497936,0,0,0,0.000003322566556570530177712634095128170835322934228348409462,1.000123444054699196543118382031638736821835188954362151,4.171534017960962293545209018314025443446931008911532896e-45,1,ROOT_OK
cstr,cstrfold_0002026,cal,middle_triple,0.0002834619938560634433403721070418343887178047800448192588,19.837277570786284,23.046347042965476,0,0,0,0.789426677310064950573097688035777618600407044118422277,-13847.62188959366061008322623656906172262045742945653756,7.158111773301794205254471938901511334528539674212017897e-45,3,ROOT_OK
cstr,cstrfold_0002027,cal,high_triple,0.00000002467128391882935596743361217147532372084916594251141094,27.308935770281938,76.59919925572085,0,0,0,0.8303629733637327054481340696648570496053526501278811721,215894325.3557527287347558437931633551112890091126084915,3.843292650111571629537829494648209478693516528368305398e-46,3,ROOT_OK
cstr,cstrfold_0002028,test,low_triple,0.01856984831156349777760164400880794199186422816094769378,87.94789012971397,21.090928777513167,0,0,0,0.05118925163786077152238756907965186438659792136020844726,7910.842045291067047561746128345904702741923875303844441,3.817288076013266038595939390935280464499134553524843764e-48,3,ROOT_OK
cstr,cstrfold_0002029,test,middle_triple,0.01830755706719014227694705569164272972852217938274265467,19.348540184236697,22.375946254520297,0,0,0,0.05336717726888584027465743661106969415502386944002622602,-981.4551390033205016544032613240431850415578561194812624,6.223439157914621603191571003429921027909324888039153626e-46,3,ROOT_OK
cstr,cstrfold_0002030,dev,single,0.005358891845744273324591476453212786616211411979595326094,27.192507378831305,72.51978730349813,0,0,0,0.9999995192158273184041495716616014181569750663237293434,0.00008971727776169619316505981423919409787137873627869226719,2.625579702929375556594387749291767575665485462642570397e-44,1,ROOT_OK
cstr,cstrfold_0002031,dev,high_triple,0.000001541471086597659948220770625970521369987457848150323479,90.85729815064104,20.82810522797997,0,0,0,0.9260391247191538990076547931173898490026971549111115964,1514909.141259274344554051280866909967352380104666453954,7.519283724948555139670749612016499032026098286618709286e-46,3,ROOT_OK
cstr,cstrfold_0002032,dev,single,0.0003024231275243500564978730147768558327999476137912140044,18.968189768116765,23.73100182762876,0,0,0,0.000304522944073295819416501296049614013757744961367062477,1.013956351565028280972180150330491668753780848220464376,8.553383995752907207600761099684715977130169187713447533e-45,1,ROOT_OK
cstr,cstrfold_0002033,dev,single,0.00000001636234404584574725364443786445710464028923397882693584,28.27613025928053,75.86493418710766,0,0,0,0.00000001636236408919371193158526830360942153080428454977659943,1.000002449938208846914716404481349433971054061569099797,2.367431357415041417126125247978273478763309600930048563e-45,1,ROOT_OK
cstr,cstrfold_0002034,dev,single,0.01940518474058227140926994860256588938733457347449141341,84.59046587681503,20.24166476081471,0,0,0,0.9999958442091218155617443037778150728025159348035521831,0.0002141696300557463031669551211902190237871320354342202845,4.914218239467957666090769140049784847922456064736250606e-46,1,ROOT_OK
cstr,cstrfold_0002035,dev,single,0.01750382065962799292453553750923792296954281593986247062,19.775434247953132,23.331848642960534,0,0,0,0.9987099629756442723324277213397678918698026436074481492,0.0740744983667771346391820499890195912321623030823297979,3.606036763722469398923578884468984999909690846463838329e-44,1,ROOT_OK
cstr,cstrfold_0002036,cal,low_triple,0.005168293653940819526862015816211875535374108962331573338,26.9008003623595,75.0677976774652,0,0,0,0.01442574527092676129310061903901373568870375656044092625,200.5353800036275038331848745504843494319183856798938729,2.076253252533423410524615419317482124537337527625464744e-48,3,ROOT_OK
cstr,cstrfold_0002037,cal,single,0.000001802746104990424825399947771983779286049555071680163507,90.80268835926059,20.572412204745767,0,0,0,0.000001802809716582510943707624537530596287933906827324199208,1.000070573732228052695979063544780651093653638784436479,1.169056656284741748989025681618442939202569675252297794e-44,1,ROOT_OK
cstr,cstrfold_0002038,test,middle_triple,0.0002972403654165353730682337140550005840835518199114933615,19.970229259041442,22.68261033120856,0,0,0,0.799176749862930985431868342862333235032713584987978114,-1958335.70909166071570020149681028387503565445405919315,5.464318391615655273446345532831962891699991760117111346e-47,3,ROOT_OK
cstr,cstrfold_0002039,test,high_triple,0.00000003592031913427811091870399776312409102861014002812536232,27.389099716419373,71.34870030289488,0,0,0,0.8311157073470815050165925476128906137164859574360008434,13375988648.44671053335665989399763221453876401868173181,1.722925631173107576968819801622840353439623998385115435e-47,3,ROOT_OK
cstr,cstrfold_0002040,dev,low_triple,0.01943561710756271265380234446434915162980785531658465358,92.00521258624417,20.18862690074694,0,0,0,0.05351431307876989146339003528715579521126020815434169366,2520.412583052622863892567809796072452825548298150052366,7.315571103190053924685477593224157539131338348713688661e-48,3,ROOT_OK
cstr,cstrfold_0002041,dev,middle_triple,0.0177121041816800193542959883053252884715857623324121374,19.570091672549506,23.072306945324307,0,0,0,0.05140292851575065031173566098730324273425554172173126116,-21392.1391711310207923543408126614735335188846152490894,1.977700067361113288894571041417512243122449806218974279e-48,3,ROOT_OK
cstr,cstrfold_0002042,dev,single,0.00533254381528329147337087938645955862490739952327960533,26.645991729954602,72.90162024478619,0,0,0,0.9999993713602714111204510380220256745206097866711896323,0.0001178877135079940596256703821548966936974938809264344364,2.444754024495409893211292154439916053944300442736424055e-44,1,ROOT_OK
cstr,cstrfold_0002043,dev,high_triple,0.000002240700527644831804341293993903216915968056197562427166,88.77354266665468,20.333338358935347,0,0,0,0.921754500302209749418843471366810351773694511617191867,147359821.7884885547313558702152855378264343866977399315,2.746847089716728141706636428740898691868988077809248536e-48,3,ROOT_OK
cstr,cstrfold_0002044,dev,single,0.0003271950461200092954110965143279727030179533359979148735,19.085824489568115,23.200542622623615,0,0,0,0.0003295969614011383515810316432371888074108685314651586968,1.014759836085392275215988335219886747732716038372984826,1.995873591951475892964444652021784001711484722616689717e-45,1,ROOT_OK
cstr,cstrfold_0002045,dev,single,0.00000002481454399736680743267259352226699138807641565163571988,27.75802899027596,73.7450038840899,0,0,0,0.00000002481458879106462663007774599187489629434820337833626508,1.000003610282499449193195096423557830607172068216995638,4.834732384341481460277650371638480237168297416261478894e-45,1,ROOT_OK
cstr,cstrfold_0002046,cal,single,0.01902323646154290543320814642338675205348810197286238173,84.66955788687298,20.64797490289087,0,0,0,0.9999967527841959246679932786328382354381718684595752392,0.0001707041801576176225619317373588552764769138097728783211,5.408172429729569242818798509039319562536915744072972548e-45,1,ROOT_OK
cstr,cstrfold_0002047,cal,single,0.01715144963957580355062629039295116712740996102310237478,20.210404160516525,23.743545188980292,0,0,0,0.9989379368363554051699846085814257635112617209807026474,0.06218846792898716588707706951951884736264820739810814932,3.518980520292772113420111264626734095334527079120340163e-44,1,ROOT_OK
cstr,cstrfold_0002048,test,low_triple,0.0050563549161463476348348894057636895225821371277328294,27.289227431102255,76.66876482269753,0,0,0,0.01430847793536041205140569873608131246896272081513088181,4322.259982146113792642650690763397437121632662301175357,1.575188955113908439491220813935397201774431382965902672e-48,3,ROOT_OK
cstr,cstrfold_0002049,test,single,0.000001397897685551087433050357768004922979836180735558937405,85.72574022251358,21.25425461180216,0,0,0,0.000001397937266418624282184209840907930263111608948462652369,1.000056630325114767039176183055790264398594951831490501,3.562156338750513900793192539715468326463454933861122588e-45,1,ROOT_OK
cstr,cstrfold_0002050,dev,middle_triple,0.0004786079319157402919093736880107211476903762381839462624,18.914173504384816,21.594215823910766,0,0,0,0.787894091268597985310526635470441766611172704063329226,-2384414.293633464045314510837940290887415226050263423724,3.60415155121642838673992389044979247967610078738245444e-47,3,ROOT_OK
cstr,cstrfold_0002051,dev,high_triple,0.00000001536101156348857066287920663783734328539586017336685415,28.49255708046236,75.36857310578173,0,0,0,0.8371397533158340341296359102039356841813436544357897073,1612168165.585138019774501705774226609529530292484400304,2.297955654703851906626371134847592568035592346231284034e-46,3,ROOT_OK
cstr,cstrfold_0002052,dev,low_triple,0.01916103572637246512488948069869879554191117313340465893,85.37291989011729,20.48025017835015,0,0,0,0.05235351038686695485184709548239759176925342179077437395,288.6413718849463073042917291725689664987325939502814262,1.813032846217176350162524571712780733142571698411664723e-47,3,ROOT_OK
cstr,cstrfold_0002053,dev,middle_triple,0.0175632046380395451069531494573046607009261448760542488,18.592160728333194,23.331658961653392,0,0,0,0.05158511656491775020038756369501395334103195967506828575,-403.863581145883005084162046464722303787322138515936225,1.287475069108577958635522807082418060472672711709903664e-45,3,ROOT_OK
cstr,cstrfold_0002054,dev,single,0.005046224056508484024272447781572334884479206674055912029,27.891143498339638,76.75390400170328,0,0,0,0.9999997414494110397044442375549655742712689672574857258,0.00005123650549560678295281205641607949034182056044772131794,1.537183865674816231270183436319718984149900571425615837e-45,1,ROOT_OK
cstr,cstrfold_0002055,dev,high_triple,0.000001019484301486143919756503195722551439263990040937830253,92.59907475414703,21.399695953105383,0,0,0,0.9257008971535120169684562865089061404415443504882086379,55798116.19199144637801820900016840804315296274700911396,8.429702123134421309439305074554260064265070217237892756e-48,3,ROOT_OK
cstr,cstrfold_0002056,cal,single,0.0003574681977401827844505199899176191633690384147942420583,18.381810412024517,23.623664317301554,0,0,0,0.0003603932550575290319000810910086465038048955787385747815,1.016462202705092609315999194368469608659158422045514078,7.532915820994921659572454540656116953523657378440088564e-46,1,ROOT_OK
cstr,cstrfold_0002057,cal,single,0.00000002956928760410682895106040966626367313663761297051786981,27.121514721077727,75.40394262770484,0,0,0,0.00000002956935265886533630198352189054936214990575373236369589,1.00000440016438719740608614804048726302716104947861874,4.058865352267422658616650059650357699080029808582492107e-46,1,ROOT_OK
cstr,cstrfold_0002058,test,single,0.01888647839091641403833484619929291584476679179652821034,85.67287293494626,20.76231309167112,0,0,0,0.9999970768915546557801021000112171227359569600279459512,0.0001547781850625469932131250533255891493047653468963695111,1.070102327404050060680366930905189796439769847540237668e-44,1,ROOT_OK
cstr,cstrfold_0002059,test,single,0.01855252068343139963913898493034761131573842936287525641,18.35794048763165,22.171050622800816,0,0,0,0.9976350691938785812560562971829973874532784499525367993,0.1285540034182747637172427899640365867895908120970174002,5.92004422394262018311178184991786872092354968822991725e-44,1,ROOT_OK
cstr,cstrfold_0002060,dev,low_triple,0.004992775856749650892777246952887605617209733498430759899,27.68498768510635,77.58652516068565,0,0,0,0.0141268631790083575873745230753678171718870855941774029,16997.01216267404003288424108226859286623848828662074254,3.929044675493823140568423914919869209988660491467014904e-49,3,ROOT_OK
cstr,cstrfold_0002061,dev,single,0.000002671643819315512151579070908951784505848688215640718869,87.8090913159827,20.099931600604343,0,0,0,0.000002671780158867226426991477789232128822173839479834150121,1.000102068038034557221269242264202223819281431619525088,1.73133524708584508213235602907072515511827008846060017e-44,1,ROOT_OK
cstr,cstrfold_0002062,dev,middle_triple,0.0003117608529991541411979824292474533509644652481266078123,19.817232317766884,22.656548591816517,0,0,0,0.7752182273120942420749998327769489620321778491783406588,-5100.213488583903363051342067474898173979176824949822888,1.86485671829799074764934270907147952794071737445341745e-44,3,ROOT_OK
cstr,cstrfold_0002063,dev,high_triple,0.00000001419516288294605534325493821173702621359859996384089136,28.268387156315068,77.72889097117526,0,0,0,0.8337532244580092238582706788394369513389870300305118888,1580326741.025657493253514798840439606352864714092940528,3.585148319295746482288812763131802340930656808814491384e-47,3,ROOT_OK
cstr,cstrfold_0002064,dev,low_triple,0.01894657530810833121993977297140491515200984274077120562,92.69161072611357,20.64930229465364,0,0,0,0.04938412694074575825442159265612656973437638529178492518,48.02430517741926938344293114163327884057337325039564397,7.733230630128883967936043063334342179812369894344196498e-46,3,ROOT_OK
cstr,cstrfold_0002065,dev,middle_triple,0.01864550226174918195942207957006467416261417169445246771,19.821623203369167,21.959827977432713,0,0,0,0.05409299042798151411412804431073429386270853199561735921,-18184.40212090093432167913793254341127143281080285873955,1.044066636286454759714980416190308065867976143584407749e-47,3,ROOT_OK
cstr,cstrfold_0002066,cal,single,0.005072229453153227889122416856612072025666444234018343824,26.02059513278704,76.582687658972,0,0,0,0.9999992754336029226133915310881462842605738636471252047,0.0001428500947374359507726628096198324512486113072594174603,1.666358695680082203124467467849514723662051455717926152e-44,1,ROOT_OK
cstr,cstrfold_0002067,cal,high_triple,0.00000144189899816144715681923463575875775516709942175793718,88.07497527191416,21.075269338916637,0,0,0,0.9239254638511314095598455406925489419841442547746932043,7474038.753644635758297176105131919321242992140569165676,5.34501605025622351351871524809078146748776623845659317e-47,3,ROOT_OK
cstr,cstrfold_0002068,test,single,0.0004315148795774213360146041463663652931139950423247932277,18.83063594946259,22.15260353589476,0,0,0,0.0004355062067954086773401162238743732902087149497935710201,1.018622961586313928856258904508272184902472947014386075,9.032103011646587268476509618450163303000302016769822437e-45,1,ROOT_OK
cstr,cstrfold_0002069,test,single,0.00000004393510259653560148389541201977688902382079046453389434,26.148528039048472,76.51566383172438,0,0,0,0.00000004393524836461743386226244030109390700429613452299007015,1.000006635625111820436873836055004008424546264427686292,4.589578351565644128455344832904354192560373660960811485e-45,1,ROOT_OK
cstr,cstrfold_0002070,dev,single,0.01905037879341537223407108592718951023446402306505969727,87.59095808580417,20.58980378773275,0,0,0,0.9999969800980473278792815544981157974093874080714218547,0.0001585278681098404271684431982363905395443578702330291791,3.463426734962217765733158326659127882356722818624662401e-45,1,ROOT_OK
cstr,cstrfold_0002071,dev,single,0.01721445461879190972990056441474290307178552889130498276,19.44283743195656,23.79912263017285,0,0,0,0.9986847813129409555215668287268285835487158519197853459,0.07678748687682411201711806858365124235589807662040187999,4.635919534732945984825678437624199187528308884824022018e-44,1,ROOT_OK
cstr,cstrfold_0002072,dev,low_triple,0.00514424797597864387230529955092655488982793502564432057,28.6618541930282,75.21193842645539,0,0,0,0.01418594343473077690078866390539339256788785367750908597,121.7590511932877081720590837925744583007954267883205383,7.506856775597498157956242820502130222882441570298374801e-47,3,ROOT_OK
cstr,cstrfold_0002073,dev,single,0.000002479242160374435082480065244044705365063607609465439262,85.98699816319478,20.310288260338282,0,0,0,0.000002479360862240931959639391469158946683238099322967276907,1.000095759979050334314214277444565698744395274367971203,6.069748213014211673053710285421421151841062802997079586e-45,1,ROOT_OK
cstr,cstrfold_0002074,dev,middle_triple,0.0002951545152170087408607367545856699258512193377808362976,19.035131884091328,23.771669066907982,0,0,0,0.7851016195857064610310311610426649309492571835498593577,-25343.28806803297445103586318321625280957332507377292985,2.161730410942536813854337328039430572523245748016101404e-45,3,ROOT_OK
cstr,cstrfold_0002075,dev,high_triple,0.0000000426716204887885291227139063600897611556769282193884994,26.456023740412242,74.83472287587125,0,0,0,0.8218041602553156532694609877577026789052486510290964296,403677310.3116335157099241210918747569047214953227915053,5.035893833671655353498900358088502414610287824947320823e-46,3,ROOT_OK
cstr,cstrfold_0002076,cal,low_triple,0.01890982500771729985778521269344541264163186810785164786,92.18192869312034,20.718581715159395,0,0,0,0.05161821296252782820127215408073361369874932929287502715,291.6030948418327857627123278335404065857487346643025438,1.156418990861697179718086208440846960221703622403730634e-46,3,ROOT_OK
cstr,cstrfold_0002077,cal,middle_triple,0.01761042922175247919584350685439753108747934741186248068,19.930659856557593,23.17322838166383,0,0,0,0.05116406465521847197952177630133282402787403706320183969,-1258.100240620049922032155624449883777991983264609931208,2.032711574879441267994808954375134117580538440404650485e-46,3,ROOT_OK
cstr,cstrfold_0002078,test,single,0.005450640975139858139723396961576028030194253758023579928,26.955048735383983,71.23779568681525,0,0,0,0.9999994102444448328008144918763137263733492043479472037,0.0001081995818809467752134269763806312516395463968420766475,2.397290372080479455582058084090440031467841404530365465e-44,1,ROOT_OK
cstr,cstrfold_0002079,test,high_triple,0.000001519620226457403106275898137427278882290375541131920816,84.74640237426922,21.173435184747717,0,0,0,0.9225507432294525011340767962336733731560688034665223982,56680015.17270300037381413305966761499605392978740779972,1.44006321600214956212563902062881924146783629681590012e-49,3,ROOT_OK
cstr,cstrfold_0002080,dev,single,0.000383389653852666138981246422985447700113153354089463898,19.422864034457085,22.066588411845686,0,0,0,0.0003865227555533229358481786485575211871302403506484001615,1.016440936774938217257138029722219880904433730094447892,1.524850375405780191381169854621210982767675839518059137e-44,1,ROOT_OK
cstr,cstrfold_0002081,dev,single,0.00000004272547132499218476506235668596798472268347656120454092,27.167777824471777,70.50616856586618,0,0,0,0.00000004272559820668362534049661252842933884742186234846715949,1.000005939406305002963047565974113199307925560182494732,3.346650033276744884487945083737827273978539156158728338e-46,1,ROOT_OK
cstr,cstrfold_0002082,dev,single,0.01895553387373393438982541482208788558599477141300508944,86.59703566762909,20.722475300813656,0,0,0,0.9999971134483730157199374944889264617240533988707949984,0.0001522856459376262376629440945031023949162823899026965558,5.433049823470183664805115429135193860748246385032087539e-45,1,ROOT_OK
cstr,cstrfold_0002083,dev,single,0.01786829878558234923383972354548637596320561323703627115,19.32741225436131,22.898759258306733,0,0,0,0.9984199478719634276129389327939510333554675522751284964,0.08896237697919703022200343169014071684798346235269345485,4.081072298823609443619577809088747897339918977298151658e-44,1,ROOT_OK
cstr,cstrfold_0002084,dev,low_triple,0.005163636288377910067028591144169541784922759623496049951,26.72788758547989,75.1137687278198,0,0,0,0.01410088785874638545780884642901442253837259300987376533,79.52598175811184450566617205844653452130520239928710323,1.276313650844447886266386240906683355631237119229303376e-46,3,ROOT_OK
cstr,cstrfold_0002085,dev,single,0.000002994324548559208515929959921413232833683068838915666771,89.8290276122393,19.825320986828164,0,0,0,0.000002994493350143405642627572578592309788328513564987549479,1.000112752410912311476887302497011314617485124255391601,3.588295833782786425515791081022090099691215965303750341e-45,1,ROOT_OK
cstr,cstrfold_0002086,cal,middle_triple,0.0002586437705535258614188927199816563922700314390209698619,20.106022147783918,23.20587653129516,0,0,0,0.7806605264614085470623278834378782490032016820746673996,-6652.075025235781968113700498320382949326850277801862166,1.183455182590729524508203538114265810909254607144495562e-44,3,ROOT_OK
cstr,cstrfold_0002087,cal,high_triple,0.00000004515351840630232216210312457379933597424119191507943751,26.931112088506026,71.1813037253797,0,0,0,0.8283105082256865073022273555237352848052261019157571821,656884057.4873426273325112420963039339392822341491726769,2.858185548089744706605382947633652718429387287629986036e-46,3,ROOT_OK
cstr,cstrfold_0002088,test,low_triple,0.01859711382856112415576441908253383085880897221496707925,86.87541209634351,21.06478531416352,0,0,0,0.05128126537917352335420157219571078304148757547190788853,14133.74269189082493204872679953824100963470836116433639,1.265549919747458088758388937019500745365094184161339632e-48,3,ROOT_OK
cstr,cstrfold_0002089,test,middle_triple,0.01862448759061894416034506136338600552625178683695688195,18.599257749701696,22.001765321800452,0,0,0,0.05936323037680303244988040996468477419784794350641737276,-41.28205311458216090182632422275038804286123110094486952,3.571884556615036375650528784060172583218770327821028265e-45,3,ROOT_OK
cstr,cstrfold_0002090,dev,single,0.005500992674087378739179374043189134777318911602240678774,28.42655589448496,70.55547177212367,0,0,0,0.9999997118923968354981948392904210998915610415114080093,0.00005237382055577358081558890190785026334085156079928426053,3.177657482396886129985858300632906409687979796079809297e-44,1,ROOT_OK
cstr,cstrfold_0002091,dev,high_triple,0.000001545443560604717321047210560220385087393140174034288611,87.96931146412092,20.96891432875533,0,0,0,0.9233987971259771132047930134414436827209545288613766629,12484559.74243132516722622172503745846793501183072141405,8.548650402870437544236062740312065207996558056809744825e-47,3,ROOT_OK
cstr,cstrfold_0002092,dev,single,0.0004173543418076551361339265965519903180158654185136113892,18.56291701612563,22.62532598180938,0,0,0,0.0004211708541216199118023578429149883428898665555945496489,1.018410035470570705822707049379229546404468967501477168,2.311625340915475252693288568426121743589820291249720937e-45,1,ROOT_OK
cstr,cstrfold_0002093,dev,single,0.00000004175986182516447731700778331964025648801443406305529948,26.827806974772876,72.67064851955324,0,0,0,0.00000004175998681115606210186693711574012748683958200328662895,1.000005985952036046324388235643424997550195665598196169,9.125853222342722029994338215019772643470113448345782381e-46,1,ROOT_OK
cstr,cstrfold_0002094,dev,single,0.01966364928742053093690704443343940895649474766654409521,85.59170565237638,20.065932896051763,0,0,0,0.9999955654342256261437074536134052144303379088511690721,0.0002255331658805798969544949306497548310133236342429322941,8.769092498989423962021157687409452217088246277343340899e-45,1,ROOT_OK
cstr,cstrfold_0002095,dev,single,0.01760760909756562083837826794528092237398282851598718255,19.684839551753086,23.226239549952723,0,0,0,0.9986532203846251002356511339608132742058439461830927427,0.0768916939032406219691747519671901922801468754636394539,6.175811223957666860670443050867312264032668071079737109e-44,1,ROOT_OK
cstr,cstrfold_0002096,cal,low_triple,0.005285632622298373821806907746989306182986553839610714195,26.143168369325252,73.46322839447616,0,0,0,0.0143955791003747100613876085595456404484002831587326291,72.25197717758439060853977206695756928265614605650135358,1.678888058492015933173477546343137797419205891570954658e-46,3,ROOT_OK
cstr,cstrfold_0002097,cal,single,0.000003195295654137055908340457193265610725598439160698047974,90.68276957762976,19.686036036655786,0,0,0,0.00000319548645389668861979682450446365565558199845469722037,1.000119430717879235926220120585773901630522841529610391,1.673090833136216003594979370432096530246710943259717846e-44,1,ROOT_OK
cstr,cstrfold_0002098,test,middle_triple,0.0004524807247845473594488303819504679222250779026204977788,19.113411512824186,21.647040102122862,0,0,0,0.7899977798521162507263563345354085520870188331630155614,-1000595.069442121817928341205143894283688509476442650299,3.340690996254640551409403020269905367471003904663051234e-47,3,ROOT_OK
cstr,cstrfold_0002099,test,high_triple,0.00000002412424039957403875723957565330507034522268918420447121,27.688007657090886,74.51397435360049,0,0,0,0.8314519545507244812416971905962950360803848682375264852,1533037950.327080773639493852263569118168964219999863268,8.935912801395795756284970450665406841484531236202088604e-47,3,ROOT_OK
cstr,cstrfold_0002100,dev,low_triple,0.02015524987556053288003054310967456367209025319069942962,86.50921010297006,19.519009690119052,0,0,0,0.05477569283164353875497824665999564930517572332981084071,184.5208075009174457524023384854038202004634315999277797,5.372811331646427563278982886343663524758237580116778364e-47,3,ROOT_OK
cstr,cstrfold_0002101,dev,middle_triple,0.01877288937678527825004952788221505422520683251348570742,20.01562200613782,21.806175996190703,0,0,0,0.05452661819067452413716187878859832211833797349399738962,-1669.474987021080506951310844034237769191788870567014916,2.960122648316024776315529906263122763000983308393687919e-46,3,ROOT_OK
cstr,cstrfold_0002102,dev,single,0.005313706592322844672913108080574479361565308211366810078,27.720915763577697,72.96305441810787,0,0,0,0.9999996450040237160135576899859433969814289103344320537,0.00006680770590430024591030274355920215896119588561838991511,4.510597863818875256377275459463615923591816530962130738e-44,1,ROOT_OK
cstr,cstrfold_0002103,dev,high_triple,0.000001684910157231431807088984416440399569159439820350080863,92.48417369570693,20.609801024985597,0,0,0,0.9237878131338959175856619237234445786977386674827286763,19626661.76849288030213612267665562009577216709151958257,3.247269147033210717308545202552698463346920595035430124e-47,3,ROOT_OK
cstr,cstrfold_0002104,dev,single,0.0004166894471402768949048133799853768853619253949560904342,18.518127375587284,22.68598105258825,0,0,0,0.0004205045359899596558383992364682808998950643430079166081,1.01843267244638328809098539515502613254629542670130144,4.962426999316290592048262440800478330305658039094642419e-45,1,ROOT_OK
cstr,cstrfold_0002105,dev,single,0.00000002671749140202717089831039304085089565015483544909014038,27.963655959016023,71.58542276316349,0,0,0,0.00000002671754178775949627112212965841757068295217797226650828,1.000003771746462326144984167966004563213326573091193498,5.733694045577976917468138432944134219933915989676813668e-46,1,ROOT_OK
cstr,cstrfold_0002106,cal,single,0.0187512067119367517573957686896217767926123382723902461,84.08034368553935,20.909246564242416,0,0,0,0.9999971509476590921180727381307942224824253230465411397,0.0001519450520206842736323739715382986816779675528257670612,1.059576646749457869739846370080098739408600842057989654e-44,1,ROOT_OK
cstr,cstrfold_0002107,cal,single,0.01745742397697973422427203917467449459275694351269692518,19.551900587590207,23.451902651615498,0,0,0,0.9986522900327130350424087513330488978516874218605677069,0.07760284745820208224244856338068435475509980170616465927,2.646915476080062015429000798876904035500966101737120717e-44,1,ROOT_OK
cstr,cstrfold_0002108,test,low_triple,0.005057364575129501091535653930997767994737407424967718773,28.466296377494896,76.5265117921695,0,0,0,0.01429050077848382363513608657828846096300869280561140788,8919.584490215045627219282086775956001808300803216691646,1.58785039372510725470317759834382460377863931414090319e-48,3,ROOT_OK
cstr,cstrfold_0002109,test,single,0.000002298389877472723453824848866597571720480047796729391095,85.70530287514121,20.447059073048564,0,0,0,0.000002298492615252629776825496271422914551309886889617767548,1.00008940275330841019432184203945158402539365495816703,1.100252291979668361589527424035600689747515433931878036e-44,1,ROOT_OK
cstr,cstrfold_0002110,dev,middle_triple,0.0003837785408676891770406412577761670896124746297303526866,18.704875528645516,22.869402295098208,0,0,0,0.7855652140218248254028953200826114459817314580838476061,-187879.594256561939058302794874659479196116525803511938,4.603483855720523329308677427723174845390738149724945836e-46,3,ROOT_OK
cstr,cstrfold_0002111,dev,high_triple,0.00000006382072327116830276519292751555797408968669376892265754,26.282653116334238,70.69055000853974,0,0,0,0.8226651311630990684324454677146883772851623911565916775,2823713258.576353510322892889794582344346527267441681178,8.259838543294877770432693413981463950373873731397040104e-48,3,ROOT_OK
cstr,cstrfold_0002112,dev,low_triple,0.01936570161385449500989562289027503240598742542244047097,85.78565426809045,20.2748938142973,0,0,0,0.05337034837832688512596161472104026573025089464016966645,2525.236934890506077997202145614384068728986578725562792,4.684976462316667855647169891055614554178644694451890824e-49,3,ROOT_OK
cstr,cstrfold_0002113,dev,middle_triple,0.01880708612028621886726661978596851321055396197214360684,19.33915148898494,21.814001997789834,0,0,0,0.05473276540558467401528927128866777888463423461323541463,-2371.620911884176178353965095321608876575533225400298223,8.914972778502018731361109740438731514952900959725497479e-47,3,ROOT_OK
cstr,cstrfold_0002114,dev,single,0.005167347278544836634746174352853795147163344743637411789,26.928769991987846,75.22017855640989,0,0,0,0.9999995270802779387612243730234469439755279457015800858,0.00009152097625327114544542197845059543803138945641359665929,4.636108031736057663556504600001031991263756540010680296e-44,1,ROOT_OK
cstr,cstrfold_0002115,dev,high_triple,0.00000206086123103796118025874645689265436040684710210506325,84.84687406572893,20.669976765547695,0,0,0,0.9221035323320836993973306506633070860831354076574305742,3474722.976475480173280550267461982213502817769473730447,5.903811687089905766989297107429968664230213842411032728e-47,3,ROOT_OK
cstr,cstrfold_0002116,cal,single,0.0004027258705530757072675161455455985668094085165899168596,18.46886857325124,22.908437825288377,0,0,0,0.0004063249799073560053612460091864504288811655788972095279,1.017989243920673248533400658837524904887956662995752263,1.684734664387185205064902287679002015270275669059741446e-44,1,ROOT_OK
cstr,cstrfold_0002117,cal,single,0.00000006095873297759943531274972827056500377363338460498640362,26.00073549619565,73.02901800297228,0,0,0,0.0000000609590006367787500095612866641711680015673002033320481,1.00000878167981476541429684238169030068478866315437416,9.630250461932113370789720710998077042439461646750291466e-46,1,ROOT_OK
cstr,cstrfold_0002118,test,single,0.01896807133720751906063282721607131202713917514926794327,91.67263064228813,20.67004794681827,0,0,0,0.9999975067264377890876798878549102716720294855700364536,0.000131449996372375150962101961611789754635858605029822819,1.058033786125044737478612716465286122310306409253799363e-44,1,ROOT_OK
cstr,cstrfold_0002119,test,single,0.01743248218795098553944491065212285616166176958357688547,19.06158766263072,23.467965887307084,0,0,0,0.9984399469304007177934296746799012254949413546929035139,0.09001365936121668472761812734713924576024933192823535948,1.471172262258483078022769406915430559326845814639800629e-44,1,ROOT_OK
cstr,cstrfold_0002120,dev,low_triple,0.005274220826734617401119142381182547480772635772986835552,26.41583663329387,73.6354356004425,0,0,0,0.01470565924842958831835786986485591745795234042575608543,177.9218374362690496878329147313643165584089037435415267,1.833587972186822462441334042455823557578861001899464899e-47,3,ROOT_OK
cstr,cstrfold_0002121,dev,single,0.000002358846309563269771927509800168164348568319646212417004,89.12122667931183,20.221298580860935,0,0,0,0.000002358953267072904282274960514797164874181527010471502372,1.000090689345241713583180137830353003942649887093603285,1.479020806553361344309108506720218980624321340184985278e-44,1,ROOT_OK
cstr,cstrfold_0002122,dev,middle_triple,0.0005108447628133656763625681926506669689016127697677404409,18.564071444532335,21.65913229698175,0,0,0,0.7838709407098000891953924931442709985146272933952753313,-312505.9146230400633597427516652012038391572076679509221,9.750572213629854338690753417783837468141777922981287956e-47,3,ROOT_OK
cstr,cstrfold_0002123,dev,high_triple,0.00000002579808324802216167840474761151416695176172058228358366,27.861190349594224,72.7298869973739,0,0,0,0.8474086847938559353486768569949373413371040171191719013,56634481.24209836051433216541574495160744826052972673861,2.126847822823441159254066193213513921215626419389058462e-45,3,ROOT_OK
cstr,cstrfold_0002124,dev,low_triple,0.01980296946626067372040138630155123610500378563536277275,89.92456355971879,19.838932780362775,0,0,0,0.05414058281596029307715565792669243951055947113946200983,327.2501789328283247007323781768370062884323072135792789,1.087653027128734897150582105257677152474521843371973909e-46,3,ROOT_OK
cstr,cstrfold_0002125,dev,middle_triple,0.01732611282952493077940905098739297239981380549907611066,18.910197899911644,23.479974625660322,0,0,0,0.05679858131241427569546178331982058385700246725396803378,-31.67848313982698764980444065806915621797051137923535128,1.99789947721062800352820995766629702667596540504202358e-44,3,ROOT_OK
cstr,cstrfold_0002126,cal,single,0.004993690620286721054062308340654413713877761692652345371,26.076684405090955,77.76718446633382,0,0,0,0.9999993385771158859867503624809838917643321329776244062,0.0001324520564612893866160767788109164193930681871118221064,6.441043879300174789514732204328432217268490603080720788e-44,1,ROOT_OK
cstr,cstrfold_0002127,cal,high_triple,0.000002758077357371890602089588337258552192938444740333387286,90.36025052661,19.93093939486199,0,0,0,0.9211824961948203210986952126356238116308314027231055885,67195239.22189225760169567762122429806447193318733666358,2.16807227406986488510414573908751809883166198710551296e-48,3,ROOT_OK
cstr,cstrfold_0002128,test,single,0.000321149608493797300301460894696479348433340581584380889,19.665660979688287,22.62592896476067,0,0,0,0.0003234026669763458117597618014178764503004317278941029922,1.014102493200107363128186954624726424808303080413820295,4.973001258467456678552265271406941810294600170585581995e-46,1,ROOT_OK
cstr,cstrfold_0002129,test,single,0.00000003854747887265351581392506508250456203811444818753184144,26.755628127530834,74.19366817005692,0,0,0,0.00000003854758763216840020603669118963359365690826874847363874,1.000005642897657797356835830247706294144658413304628529,1.928842437590411149166605214554867321610778679994382962e-45,1,ROOT_OK
cstr,cstrfold_0002130,dev,single,0.0188954875221402188871322003980801445721647227563279221,90.16774754605997,20.739806352161324,0,0,0,0.999997483347481775510262858925688151436256079349350534,0.0001331922770819010144816073079260689978602060601482786032,2.596299833202669296434250978309143536803206289455405441e-44,1,ROOT_OK
cstr,cstrfold_0002131,dev,single,0.01762395819674994759466092064747128446354195231715747837,18.386656909565943,23.27272264616595,0,0,0,0.9980228281302066754858429990177595993290143531350781877,0.1129776787588132565635095337604114691610659139845917308,2.68985352072860416838224972101709623035695082481865923e-44,1,ROOT_OK
cstr,cstrfold_0002132,dev,low_triple,0.005116802717385573738920989939840186686210483680429274946,28.234029908649763,75.65650850566792,0,0,0,0.01414677019689752635227196251161583494375288459223521603,132.8668237657948164811122018444871607418242454857305142,1.575265804928787002096021036722141452872410569134528833e-47,3,ROOT_OK
cstr,cstrfold_0002133,dev,single,0.000001875042027348207688386482799910457878460514335285074525,92.37642752348366,20.446540121977815,0,0,0,0.000001875110400862250904975534477705243832143113666214576666,1.000072932090533225647184964750119864012027634667596456,1.784647973445412237862204972572899364796805837101499117e-44,1,ROOT_OK
cstr,cstrfold_0002134,dev,middle_triple,0.000464143871270697277692261656630675644920679709099185636,18.864171830825363,21.787462620758166,0,0,0,0.7873438702933117827225195411886528765674661424764091667,-567988.3934992512230976449638644749245524073368703385158,1.374721705499178255347403803620605626534380815888515892e-46,3,ROOT_OK
cstr,cstrfold_0002135,dev,high_triple,0.00000002774129686268731785544867773625309748982083401418265397,27.98518247036359,71.12503840616306,0,0,0,0.8360831647797212599958151512828143453499161283165237348,2739177784.655639358735417764065671288726186259534691062,5.623491181448655317569832084613032931190073513225657418e-47,3,ROOT_OK
cstr,cstrfold_0002136,cal,low_triple,0.01866579407979509871098784412413702329244095658565826459,91.68172779667758,20.969958127422622,0,0,0,0.0500345717439893977744552597600839630777639977132367486,99.07419910474514922064868178385461732691591720664112977,3.558887533244799716643356682934210149481698412984781413e-47,3,ROOT_OK
cstr,cstrfold_0002137,cal,middle_triple,0.01763468400901797045233609774728566137719344530804525945,18.422727145590837,23.255576032527213,0,0,0,0.05186306999543819681812880125788739826678629043087729138,-379.9930485227343112806743102689936204920695395931675045,5.394045779458515367624288332550606535473681878392090171e-46,3,ROOT_OK
cstr,cstrfold_0002138,test,single,0.005093313073069694381267444920528726520126154866524882975,28.17503460882538,76.04135334211892,0,0,0,0.9999997683527099410916244570416411180665940494413238583,0.00004548071781810441248506584167298677646527235238254239333,3.877041465759718116940721224304402607757689827210928129e-44,1,ROOT_OK
cstr,cstrfold_0002139,test,high_triple,0.000001511885808441758028652013717091890471813988326814391755,92.254418648675,20.791417425828385,0,0,0,0.9247490882798163678707512865223428718495094203379908965,5008408.999505605457500087824545857080950380228677970134,8.097562450676764808293275372391447195593008731408279245e-47,3,ROOT_OK
cstr,cstrfold_0002140,dev,single,0.0003526604237124352229278415500890351916773484166081170689,19.96256803937211,21.92392581944441,0,0,0,0.0003552907961950968058127582680999770677269244311025445761,1.014997934691570922282783624736407759138854704802667898,1.378716498110169069240856022538491196497683705422876417e-44,1,ROOT_OK
cstr,cstrfold_0002141,dev,single,0.00000004473855810749339062816080355358516542546049699734537454,26.583850137887985,73.38850264180493,0,0,0,0.00000004473870299655994899460729309847300810086498352069484635,1.000006477160441455446254780574592812529048371211436442,4.566063106692884189770826293967287025227532290380809519e-45,1,ROOT_OK
cstr,cstrfold_0002142,dev,single,0.01869845430750193284041150165839559435352589926224495969,84.0673549281992,20.96635880723606,0,0,0,0.9999972441913356040996303506326816366386391628929907766,0.0001473866787176020767803506792224864102046885048960497,1.319570791031795132393690819445504390465651845945120502e-44,1,ROOT_OK
cstr,cstrfold_0002143,dev,single,0.01777887669453677147996791970657965835034187698723897239,18.89350046900268,23.040320261338323,0,0,0,0.9982440199408327028816457773235455461567639068484219239,0.0994109464881818766461993115276162353898876183535895568,1.252058744594043015309039605392458194944836679626563466e-44,1,ROOT_OK
cstr,cstrfold_0002144,dev,low_triple,0.005333298863272107571446563504047295305506195869004334794,26.56095787408712,72.82496994660195,0,0,0,0.01509862532216032892285486272464349334529646122499301883,1946.393338139594560953254266571188065941206075715442834,4.523353409037702448574543220675619256339509451624733384e-48,3,ROOT_OK
cstr,cstrfold_0002145,dev,single,0.000001357302977769730409490470765799316596944280383552897204,89.3072598055588,21.107597821741138,0,0,0,0.000001357340022924432592940008612181573523430086988693894023,1.000054587526540533107756994984667292907340306694193819,1.504978475839252973092088700548995620852404136520051864e-44,1,ROOT_OK
cstr,cstrfold_0002146,cal,middle_triple,0.0004306957344494055715563175345908012240085453215726404968,18.88280493235558,22.116239394748934,0,0,0,0.7876825602117700356098428364988959001838103107634799203,-587291.576565503803086072862147522647183606646759229233,8.553609232407443703162309386200311560033382553429547425e-48,3,ROOT_OK
cstr,cstrfold_0002147,cal,high_triple,0.00000002842333799341904813154183487359923729194016124766529538,27.851788476396127,71.569777753522,0,0,0,0.8376901259754607853564307039499804230494405290322351767,228825235.8762142161680127256422461367917322985319181906,9.188908064507596118435848102082917042251913029702495103e-47,3,ROOT_OK
cstr,cstrfold_0002148,test,low_triple,0.02010517723929185810068442113069216627985618201270551152,86.7924771917005,19.566196684427563,0,0,0,0.05542440792322047987745651402205389462255951439834382468,3314.637988231606986834345237352566811808498320547636967,1.129722607504474104987256243691727069472862551011469539e-47,3,ROOT_OK
cstr,cstrfold_0002149,test,middle_triple,0.01897361758004707433726135439132356116852851864750126287,19.799139292477697,21.597627986647364,0,0,0,0.05630292552783428228222690588566991614316765774569368279,-150.6778193688663019782575150250298944859048627865697691,1.919722796468928479516433813770945005003185844130584994e-46,3,ROOT_OK
cstr,cstrfold_0002150,dev,single,0.005127530865163255203686876808329052240627795890750881997,25.98885983678723,75.7951617672538,0,0,0,0.9999992323269702841693508707536669496326887515392529826,0.0001497163786452558527272578564405977645753230980050900677,3.69058582948396788925121754157106380070513770192079307e-45,1,ROOT_OK
cstr,cstrfold_0002151,dev,high_triple,0.000001925620877550125443672838238482418801220926511196332512,84.99634083026352,20.772200923454132,0,0,0,0.9218177848033087959126580912367223800699343858250613756,13160256.28711360807053196170229039440154263523539684739,1.437704485530127833815880230438926264048593256151211831e-47,3,ROOT_OK
cstr,cstrfold_0002152,dev,single,0.0003993731791368896414178141874231652408548739564182386541,19.26925693283926,22.0548922350453,0,0,0,0.0004027727179972830110341757350468915994306297992757268004,1.017129294725069194903007044694453200877761363193632051,1.564403508047079123772062348513489273752002571396055557e-44,1,ROOT_OK
cstr,cstrfold_0002153,dev,single,0.0000000276116285482042400213532597440739304522179744126952453,26.91165447991242,77.71614845267557,0,0,0,0.00000002761168703693274362448794604553385286901742245551663764,1.000004236535266653629469220481285553206081019496842917,3.537477450230456603799559369164667975127783093169634047e-46,1,ROOT_OK
cstr,cstrfold_0002154,dev,single,0.01956209548864276981968518568893782988083448529352017483,87.2499367309292,20.078168960949657,0,0,0,0.9999958311781580709771302500067655407741481505513098287,0.0002131180206996881678242478545296424666800562794484643534,1.561097304896480363290262798499860476616225189658024991e-44,1,ROOT_OK
cstr,cstrfold_0002155,dev,single,0.01787752808856039387927709469804298374779395251355608946,18.80942652982946,22.92716346651187,0,0,0,0.9981667450869052913661690425865291929391918482406253357,0.1032386981091776525481303233322715533420021333701090089,6.570947857783028578089938559465067695327063847094303636e-44,1,ROOT_OK
cstr,cstrfold_0002156,cal,low_triple,0.00548686276806486474576171934463556270541881122276186836,27.652015855342928,70.70170216653428,0,0,0,0.01547841010940863600847794282104745474468238494748087597,907.7202906522386885940772753940599950307003127403130753,1.004776233043086951201664561642239895051044492049552088e-47,3,ROOT_OK
cstr,cstrfold_0002157,cal,single,0.000002075797334567538517333760649532463476544429935166737611,88.07820074336105,20.489458707419047,0,0,0,0.000002075881318419439491961217570512916291847376804942321156,1.000080919630644047629787224726387887210342876393128701,1.462205334514210886051190761520766548421862688608661635e-44,1,ROOT_OK
cstr,cstrfold_0002158,test,middle_triple,0.000245061632912182045138220521761109567281561880203121388,19.912274351436395,23.6431080625935,0,0,0,0.7987683758421857995972093003424140000316226114357301249,-628844.426914223370529208655711054209293198720875564922,2.575737735959754434282378567197471781766807269083251297e-46,3,ROOT_OK
cstr,cstrfold_0002159,test,high_triple,0.00000001593417803049777917556430130616179214161397776203763715,28.66303070269075,73.96209195336763,0,0,0,0.8450921646175547319469959224328298239612123461477709006,191415721.543951735387729823953595667825024028927445243,1.213491161640312338780083127322796184029504949933215255e-45,3,ROOT_OK
cstr,cstrfold_0002160,dev,low_triple,0.02007835985903047052896722504139329235863091625587174422,91.76049746969973,19.5775570785007,0,0,0,0.05519126045860292895848637185027833680841103875257554813,944.7865742591560794314816269585184425748729477583328588,1.158207405618450377782417039285758731708556192848995692e-47,3,ROOT_OK
cstr,cstrfold_0002161,dev,middle_triple,0.01825613182977193625450437008574156099879924547060536324,18.55847536960917,22.483861408408842,0,0,0,0.05507898020485578303997600088824052263272837566884745058,-100.5321561576656413729689897851811738049339643304507525,1.855297202024162082842258362486284683814003618774055113e-45,3,ROOT_OK
cstr,cstrfold_0002162,dev,single,0.00511769698886646306701620709991631753376997706522372734,26.36227153705808,75.87043928959383,0,0,0,0.9999993773631956486490493914008221980414002084084519032,0.0001216637823324063685512947142678510329432023078096943268,9.629720531495788057944186374358080820240328567219392012e-45,1,ROOT_OK
cstr,cstrfold_0002163,dev,high_triple,0.000002929912033252079685161464061673520458717807479845572953,91.31326229670555,19.794257939570745,0,0,0,0.9211311998436639205121480066560955400346560528643024533,29733491.56014079558511573655129408289483874046098458322,5.890814565087154251415062195435960989607614188304497052e-49,3,ROOT_OK
cstr,cstrfold_0002164,dev,single,0.0002923407861909449349828378692824145629397368785551558185,19.244788271990725,23.56388725735818,0,0,0,0.0002942877209727069306258585814746811838765059857299741484,1.013383810032168411151879532386768443002206897198585212,6.904772964811850885754774214524655014200222686078766528e-45,1,ROOT_OK
cstr,cstrfold_0002165,dev,single,0.00000006710569416636336108765784112092507674889902782072383152,26.178844718926545,70.67491182473299,0,0,0,0.00000006710600792677066203589285396295791226004351928264088342,1.000009351262439459807110070788325392134555840462222711,4.763412281285182036035451564116489386597749631765796886e-45,1,ROOT_OK
cstr,cstrfold_0002166,cal,single,0.01891660070291581255661873431197060806938094523477727435,83.95747569877312,20.736248296258275,0,0,0,0.9999968286454370186030818411046351834717197249858769778,0.0001676558426869887870698864328014735449841164850682486275,1.964614773393953503870032981259003979242207497269704438e-44,1,ROOT_OK
cstr,cstrfold_0002167,cal,single,0.01834590643395063995241149424792643618086361424281509086,19.689828415120076,22.30838626621119,0,0,0,0.9984261653243139386180650184907103649090659841650021553,0.08631786214065431291909417908180936235579898489519540033,3.399331041095545138026751201478211982475927226970023954e-44,1,ROOT_OK
cstr,cstrfold_0002168,test,low_triple,0.005349819254689738744060811581984646645790389157724237275,26.13975461796871,72.63888925835356,0,0,0,0.01488075808583153965837759883980767921974482562201681542,151.7874760193176674895690418572109565633063547398064815,4.900136254297570904550048667889031482435959965883069069e-47,3,ROOT_OK
cstr,cstrfold_0002169,test,single,0.000001919833469487383420978770171895825699740603568465885902,91.07955047649475,20.46488728464018,0,0,0,0.00000191990521638672249984271786292524267149242492415829601,1.000074744912454552817981836108956085968485860913090984,1.627158379886350310484273511003792486564752257380117647e-44,1,ROOT_OK
cstr,cstrfold_0002170,dev,middle_triple,0.0004130650349860554836647200521341392268252744516506585323,18.48738028998257,22.765313222579113,0,0,0,0.7834450765900226545321428350256896511923835018618597053,-732397.3312677701441136926837546023029464491633716936611,1.348796247223613806866505601020542205020018880494612194e-46,3,ROOT_OK
cstr,cstrfold_0002171,dev,high_triple,0.00000003903874031243147099121235377533674781631825247985905997,26.313782810449545,77.02252626694421,0,0,0,0.8172568471581355209455123184395218189371794220116204338,11938492025.46907201973589711584063128002097701682218532,1.079105734935220565807305025496456199616425330031689172e-47,3,ROOT_OK
cstr,cstrfold_0002172,dev,low_triple,0.01824685890984582166200475081656960219005829403194343201,90.89466693883621,21.436617739457077,0,0,0,0.05023538207467925858127672356358993543377507212958466027,2535.056213906970609849520347839763815054041889143659132,8.920753466254077477038760191330589765675918071011562551e-48,3,ROOT_OK
cstr,cstrfold_0002173,dev,middle_triple,0.017300568804040943965168549908945545057176268683678827,18.89026794679929,23.494929697624848,0,0,0,0.05723363949096197155743781907522170253268844255947638759,-29.74770592813369123626364911884837037067339976632898019,6.057052150876933496019381883463276316538428947524574066e-45,3,ROOT_OK
cstr,cstrfold_0002174,dev,single,0.005133700720180166143651402132770754288089302605515340034,26.231562723905967,75.65306148824126,0,0,0,0.9999993232500212675338084894148156180833908238042210167,0.0001318253350531990833847852075426300060772068325703974765,9.959422005608762754237207090267629347633819521791830903e-46,1,ROOT_OK
cstr,cstrfold_0002175,dev,high_triple,0.000002309729658623976873747254166401995688116008246274306916,87.36513763482947,20.354369134793878,0,0,0,0.9225714625423584549988470752616246419960087231152873842,2065567.295179378977400067714629210875830405340287212466,2.568664721104365253325669480530532647225133561427322258e-46,3,ROOT_OK
cstr,cstrfold_0002176,cal,single,0.0003102253148702773703653193602294703320776431673274355202,19.305173488756836,23.204976010224808,0,0,0,0.0003123838002369843572528714558521618735592028690524583355,1.013985669248590289467299278341033024664459972076693098,6.609019878155572334437910739768698621977130522603937001e-45,1,ROOT_OK
cstr,cstrfold_0002177,cal,single,0.00000001298998787397065081190002408577709077844761874265998912,28.50880092703036,77.37581727372765,0,0,0,0.0000000129900007616283519389133640029713244681444597152056454,1.000001984246203316145375980319934667938641042730235663,2.732628024898163857604261904024730641117497949805232851e-45,1,ROOT_OK
cstr,cstrfold_0002178,test,single,0.01843901765814452220638602831939875812482723097635968716,85.63495587326575,21.2400509174715,0,0,0,0.999997796682202761903822058669418231480910150439704155,0.0001194954734299114373581123398403193641759985060688602,2.335418225825822082855259740763792489326549837913636322e-44,1,ROOT_OK
cstr,cstrfold_0002179,test,single,0.01730162451611769848327097472022567264246050527840552941,19.74447352451002,23.579003946300762,0,0,0,0.9987494718969789147664150265837700593903592109266591881,0.07263256843524809783231721012445186814882234807238916798,9.174019875872355797508591837872454475235375734937045614e-45,1,ROOT_OK
cstr,cstrfold_0002180,dev,low_triple,0.005187366920476068629213835920791811065345019690939300872,26.762547575397836,74.80231009804575,0,0,0,0.01437841124046542275811514683197453583698230886605146505,134.8665952886659584463547917939546390263803302130651724,4.7160711316448609267455475370059356543402548320293938e-47,3,ROOT_OK
cstr,cstrfold_0002181,dev,single,0.000001573307463085434356673487309095604965648143944819010727,86.95723130417961,20.988070379851518,0,0,0,0.000001573356941795864231383418021510190689407170976772583331,1.00006289916981694597109751737638620867133682868829452,1.644893939511650227146833551172501010630263885518707235e-44,1,ROOT_OK
cstr,cstrfold_0002182,dev,middle_triple,0.0003010716837996933491725163573099474454424060756469030847,19.95437448021221,22.640644461244793,0,0,0,0.7990232947818339110531849065767412080229686852628393225,-2891545.791105842210757047897948187506341893267338719222,2.610449248187083867090265835528485994186700117938668676e-47,3,ROOT_OK
cstr,cstrfold_0002183,dev,high_triple,0.00000002399757422060301604770608192609681681675756351277780597,28.15599608189561,71.90774448723073,0,0,0,0.8426522160576651981039655846872390433522225346074065786,136813981.7059224288746252212242739258988980130558149627,1.370989158353498343147178889991218076826463315922846825e-45,3,ROOT_OK
cstr,cstrfold_0002184,dev,low_triple,0.01888607309849108119033122316027570803100938222498535328,84.71973046814084,20.762089667525885,0,0,0,0.05112553975607022956973271189677662524502699269053784857,146.2135130631262304529358906751020135461166821778263351,3.586305816715506457352280998483475545833962877793773522e-47,3,ROOT_OK
cstr,cstrfold_0002185,dev,middle_triple,0.01840000858323733246757430497290200933121079053464810848,18.66668014715285,22.31983487693229,0,0,0,0.05362934864880050300938930610376371221205739771626017873,-7062.420745448063951793508007521649033671137327780017384,1.770391617205968448947939613741131233287992227497308636e-47,3,ROOT_OK
cstr,cstrfold_0002186,cal,single,0.005223727706427180768978896815225515339995779867753480821,28.131603905158503,74.15811852711795,0,0,0,0.9999997341508362575808333839211395267816515620547498024,0.00005089267749521455632898920125376632186004282630520735378,2.058038492428168761867016139634322649949662448675005901e-44,1,ROOT_OK
cstr,cstrfold_0002187,cal,high_triple,0.000001824533182202794117370879153583477326395643777650378467,90.26314680742821,20.593614885426007,0,0,0,0.9290416952340118180901033145415359922658588927093676409,477035.1507630856247038168378940912288041952300080649742,1.019888813470569346172294396055953313216085358950803579e-45,3,ROOT_OK
cstr,cstrfold_0002188,test,single,0.000385345178339916858138108821407394843010410749673858347,19.65736248702643,21.827553154633407,0,0,0,0.0003884741909271388705209130656135584393633829041538865455,1.016335579214926755867532020996970331069429488920653143,4.116783695025894467303033815605073359463976477593129854e-45,1,ROOT_OK
cstr,cstrfold_0002189,test,single,0.00000002358072899353952077174127583409508012427309252145027811,27.255556122380277,77.52952727825414,0,0,0,0.00000002358077154795514043808291583238425862459907677728585375,1.000003609258371815309652405372361811660490969116165377,1.818834952491440472952184762586705311997310141002917941e-46,1,ROOT_OK
cstr,cstrfold_0002190,dev,single,0.0184959183408423710410637977729935128211187962277058435,90.20215764296353,21.164484565408596,0,0,0,0.9999980585700903339403237334986159726357293176789560935,0.0001049679415142230004284627783845586055755060614783774326,1.24949379777254628918819949413300569259383659867312981e-44,1,ROOT_OK
cstr,cstrfold_0002191,dev,single,0.01785830435069039846799994561928458056031641181345757839,18.50801926378478,23.06227651889311,0,0,0,0.99804144535247058534382152115519118892138255090787352,0.1104462170294859256700939114351223326914764940354382762,4.10635412622952603915663830212785055454876395090339349e-44,1,ROOT_OK
cstr,cstrfold_0002192,dev,low_triple,0.005048516240340867722292427497964141135147528739138312238,28.698625996100485,76.6347690057583,0,0,0,0.01423942272633636015021063075466805156891543945577572164,1666.7614755973462348998763210346309809066090593001474,3.696744678379099991890527641963919179690581115652527555e-48,3,ROOT_OK
cstr,cstrfold_0002193,dev,single,0.000003526840896740401446933991444806648038173066377663222406,87.73110534771104,19.662891729799142,0,0,0,0.000003527073059817662641132603141075117174573336692478396776,1.000131661415325911884507867625139731158302231238964186,6.885598108652345067647269981672803019188277731084324316e-45,1,ROOT_OK
cstr,cstrfold_0002194,dev,middle_triple,0.0003160448388281161679328783087742460727122444283026515777,19.54303173245815,22.851658829957476,0,0,0,0.7940419949057091195930789433446681612581975553362604221,-106108.3122192830444847982014473236242016207093954578495,2.847334629401005213756771192660673780301516524648715475e-46,3,ROOT_OK
cstr,cstrfold_0002195,dev,high_triple,0.00000002057492882804961949011728551943984580144533214536795624,27.715937543037285,76.38040599984056,0,0,0,0.8300332757142819595871561641851555498018922757571450136,2344947849.313317211350502343971454275273222378683790567,8.708316951106988590981882408083261167039052923882598505e-47,3,ROOT_OK
cstr,cstrfold_0002196,cal,low_triple,0.01953158870760096327842590318179170770371814579748313758,88.9212502137936,20.10005170639215,0,0,0,0.05292321687913281793085952071693579098768974094647868586,158.2441514701701309303854631361585077108353442063745659,1.128299330326912903333647771977998393857282028751912971e-46,3,ROOT_OK
cstr,cstrfold_0002197,cal,middle_triple,0.01719282822097442653332574624430963078862306797015584965,19.30667924662943,23.752989048495103,0,0,0,0.04993598232124148062311320470337052194959449582443625153,-12359.27529566192046596256889850784450384166554194490866,4.273460689387529095780007376008791277273579233405916105e-47,3,ROOT_OK
cstr,cstrfold_0002198,test,single,0.005192464521339494228859960117881053392194497605116717982,27.827958889895456,74.63295803852147,0,0,0,0.9999996969756874676751365444807999118100634941012452304,0.00005835855497450845990157246202821342114493890580904515897,5.219472169801566980711161584316605299552034490096476333e-44,1,ROOT_OK
cstr,cstrfold_0002199,test,high_triple,0.00000135276703104756860455134080857579418483427318147847896,84.56900155902916,21.378144143272173,0,0,0,0.9274722078450334361871073943114458448310096387800034179,882916.9360717919619172236037673565187690647261239817456,1.340433023968675233340976551999563883773037843748220061e-45,3,ROOT_OK
cstr,cstrfold_0002200,dev,single,0.0003904024139906364010358446956203719752987193039494338859,19.734336210117,21.679420302604772,0,0,0,0.0003935914790408835583847584661104608309752669346748427817,1.016434012380242916111056773966477621968531160249829508,1.182364793408527559837657604887181014843707913733477212e-44,1,ROOT_OK
cstr,cstrfold_0002201,dev,single,0.00000002926551530290805392367309442792778480191521857634132008,27.670309908470962,72.23194426110454,0,0,0,0.00000002926557631114487844449912280926731358249424958098630846,1.000004169298179731794432496811532079795487420960616023,1.934457612047542476963466484419777464571374763934895803e-45,1,ROOT_OK
cstr,cstrfold_0002202,dev,single,0.01970160321017081867079845207235506542296067300576337041,91.24354794464867,20.068824965542397,0,0,0,0.9999963597514708631508897699326180729083355937652469217,0.0001847775501870139840962021069769737065215020171742602541,1.753353284603036536847376152818758620347203559946002687e-44,1,ROOT_OK
cstr,cstrfold_0002203,dev,single,0.01828357286736843399545516093817273366161238902672321454,18.56547056722767,22.463120099880662,0,0,0,0.9978775388249273959811759324029646619087612036121914385,0.1169815314120021528880577814127328513604675912090181733,2.986303268829424362684628257845668335448118357527617272e-44,1,ROOT_OK
cstr,cstrfold_0002204,dev,low_triple,0.005248621893994075423327192933277318201815067809807625577,26.550599580099917,73.97981359287557,0,0,0,0.01472995930206534023590904188783852678661867626167301075,296.6282839414276328472263148758000094506910266265092035,3.611844508298078056552822489452740387181687249079382642e-47,3,ROOT_OK
cstr,cstrfold_0002205,dev,single,0.000003323975462075681234609610421881103176773405771858319429,88.12212779523801,19.73853141232684,0,0,0,0.000003324182519767653329794451288472127174475876146074201091,1.000124590134812624636082841391581316182309396568212567,1.630838110107981294081138004195935887184299150335514639e-44,1,ROOT_OK
cstr,cstrfold_0002206,cal,middle_triple,0.0003835069321658729325635664468583975437668326992674824388,19.165031494146678,22.355386020391112,0,0,0,0.7897842915461298790466713072738267001074456549353527041,-78628.12416583201813112895020604916876300910717313561661,1.224599813983045845344706176742726293967325896424332496e-45,3,ROOT_OK
cstr,cstrfold_0002207,cal,high_triple,0.00000005539163180660618791402245696928650177309544203643633685,26.141603634066254,73.39384528488392,0,0,0,0.8189337827521995071399567190984609719025559467229186105,16453030348.62721898318726559959196022314086556918152736,7.300516380749207239678275706122187474277160994210519153e-48,3,ROOT_OK
cstr,cstrfold_0002208,test,low_triple,0.01843317817153041091717115701302871280040008361976357887,85.77205105451121,21.245915795144498,0,0,0,0.05083138593637606213200315647922066623388455496516544258,9685.169833540686110558804702339372685765008449572979837,1.238348376987059442562961697872235214461167602660003064e-48,3,ROOT_OK
cstr,cstrfold_0002209,test,middle_triple,0.01902943987371399586459776807481343779550965785742275403,18.859006645599308,21.60703631100331,0,0,0,0.05544646751177104727909769898291490180451607344624103815,-5987.276548030257934605704412512219458621061707642909045,3.120886034964207687850251919480401962616101700705223977e-47,3,ROOT_OK
cstr,cstrfold_0002210,dev,single,0.005262632870852556262048618937867281557809747009124921388,27.395685664014874,73.69688896444114,0,0,0,0.999999597043892855088100150851137511250690305924840446,0.00007656943462761326614949848407996263784349638487081909552,5.040635125787985134226844132853453210858704188284598548e-44,1,ROOT_OK
cstr,cstrfold_0002211,dev,high_triple,0.000001855666576512940847187148424189183045788299679430130139,91.00865254007803,20.53281701286998,0,0,0,0.9298491359096831765583010534379383391132767120656921238,414115.4450835528561190504349197361124078018473249060015,2.137505924441299463522072525411354721746373253884112798e-45,3,ROOT_OK
cstr,cstrfold_0002212,dev,single,0.0003008026005581671481507077984433138973203637248738218437,19.79802356913987,22.804638782112907,0,0,0,0.0003027944241790154181113407783835441181348409955637635067,1.01330690515838956728650264477465497595030696791527937,1.252590722975794856066958368266185399865550923234987785e-44,1,ROOT_OK
cstr,cstrfold_0002213,dev,single,0.00000004838168854915233098936485999671296692134366603292106875,26.623390707672826,72.13955884654118,0,0,0,0.00000004838185507260037228647529859922705451831059889163583205,1.000006883755892053955443356089965824865825607286438393,3.192127113727230766526739245621792293921883599747089447e-45,1,ROOT_OK
cstr,cstrfold_0002214,dev,single,0.0186536661598082497971799485918980437591729243413225912,89.58838282731752,20.996665555769695,0,0,0,0.9999978027639642326101440743574921203367972204218814685,0.0001177944174825773005964672377776679249679777181292227693,8.396038284446437845882326224805364152800495129920311413e-45,1,ROOT_OK
cstr,cstrfold_0002215,dev,single,0.01750634017229023875108984915728750428744814814672825253,19.282072589582672,23.350764489702673,0,0,0,0.9985119938950942230532235405867300306423966600496873104,0.08547928922990212425045097364004899141496106175534139179,1.25140554558705432416029848695564854526153026008209179e-44,1,ROOT_OK
cstr,cstrfold_0002216,cal,low_triple,0.005103214198647885171381748741732932033215873719615123992,27.25882294306931,75.97784109556562,0,0,0,0.01440103454872941164668795693576719873559097109623571269,862.6947413894322336962455564319174459927346536015631486,1.618329204538709731550523955658896679864583275598039592e-47,3,ROOT_OK
cstr,cstrfold_0002217,cal,single,0.000002391386438252898419335540900501187436072699537517016277,84.09177657097537,20.468524035021435,0,0,0,0.00000239149778116854238233778718366230693129495080844478883,1.000093123189595574055760844226298736650518796425687163,1.55306404453377873159722630174813851685941031818611112e-44,1,ROOT_OK
cstr,cstrfold_0002218,test,middle_triple,0.0004575485453114301580385636330376534816877106929839587402,18.515685264946967,22.24628901787504,0,0,0,0.7702283445669568834942229029810203234783826540248565775,-6238.700463376459002020574542109119620567182538488206847,1.338445669277012224261997746258097121746343532884557537e-44,3,ROOT_OK
cstr,cstrfold_0002219,test,high_triple,0.00000001633208649915510381140341568686182965551030063864477286,28.616391121998973,73.91554827254069,0,0,0,0.8383331353160407352028597006405718133132880617737926799,43436729017.93792305451775534605413575630563304798083712,4.394119176174892005360467761042428503210948589947140823e-48,3,ROOT_OK
cstr,cstrfold_0002220,dev,low_triple,0.01826178661750841005239707247051476959178133093403566074,87.82521853929177,21.370156387914694,0,0,0,0.04670905813234071113615546245074472714712968844425920319,34.97706092362248654138496223542012204568415559881733739,4.476901635273728277666437076303673380124804795548633145e-46,3,ROOT_OK
cstr,cstrfold_0002221,dev,middle_triple,0.01768219874857571386041138035930981367376747191094552563,19.95269704124866,23.082524339930977,0,0,0,0.05125185734795318874160648515327821137992910900613200044,-10567.36640356026295096342523783503738021401283860137001,5.969889130357451662152209873533732651960700863955980016e-47,3,ROOT_OK
cstr,cstrfold_0002222,dev,single,0.005158811235925625652592669773531281165183248889477203102,27.544078938905354,75.14045392433599,0,0,0,0.999999658052970913338566402900977388545259948269744661,0.00006628417453124353156745199333161984587838174192153710114,1.296524400069262381239031354784816143463321370116138248e-44,1,ROOT_OK
cstr,cstrfold_0002223,dev,high_triple,0.00000154943316571008513077935814200138326738842413135485013,90.95714645711482,20.81428459909234,0,0,0,0.9236889760669397406019704546821322953432435854889797424,242242778.8186507030652535925802707871488274842293896006,2.963728329090846015709175462443708017372873347234380775e-48,3,ROOT_OK
cstr,cstrfold_0002224,dev,single,0.0004646180338702701344792921741196501277017712682694124698,18.86198598552523,21.77055726638648,0,0,0,0.0004691651406922396840639327079367171486534818431653138543,1.019712181174532845816102241929110821163686444365235214,1.473391372949143985034641110114756727946312343903639432e-44,1,ROOT_OK
cstr,cstrfold_0002225,dev,single,0.00000002892463467036371460056973104290995598804946854669652338,27.479238385813446,73.46831728890932,0,0,0,0.00000002892469530004331498882846753832297354847150395422899991,1.000004192258483075121075019676490216471023685912241591,5.13358379507630815081012345305996760716419376529520219e-45,1,ROOT_OK
cstr,cstrfold_0002226,cal,single,0.01976968313325640391327941315788843335597594948026964286,85.40002645476528,19.885326169008664,0,0,0,0.9999949991522221405537438554177802959608632702156876676,0.0002529706695081764484901108739145651609401865963340398122,2.743821724076104639366225676130428453688034502282913285e-44,1,ROOT_OK
cstr,cstrfold_0002227,cal,single,0.01864004541958021606790345139367225365406972060254453799,19.78156862506601,21.968649977885804,0,0,0,0.9983714420423631705412831135668922543333488820846306436,0.08793280586178741452931962511262177599472246023670260535,6.814321229882619727737709875310285516177401903234691541e-44,1,ROOT_OK
cstr,cstrfold_0002228,test,low_triple,0.005160605984703124834823573933722895225796004160400247132,27.976746837855266,75.06795574934159,0,0,0,0.01459599851444341462043000095283399414501022439598008114,18403.07139407720049479178317009403804267616246704195606,5.142862646667624854778490115934747097840724843690465817e-49,3,ROOT_OK
cstr,cstrfold_0002229,test,single,0.000001988603812181512519595538856276302308878979000302724182,90.85698306007022,20.419024149252408,0,0,0,0.000001988680609997279444674473850078051849046917471888478429,1.00007724014177139940097889503010728249898352734391354,8.478077933950353016019211726675059055698938168297553581e-45,1,ROOT_OK
cstr,cstrfold_0002230,dev,middle_triple,0.0003059613708864542959141803085543123810630115309466497535,20.011326841000624,22.509631234959695,0,0,0,0.7984959780495111631446636115721753122931597234331791617,-101320.1455937325716492295838858957439162686800697166987,7.006140775129150387829810380178322968366253831491113075e-46,3,ROOT_OK
cstr,cstrfold_0002231,dev,high_triple,0.0000000564116192474973441066081624430148019575075180421567543,26.317850580953202,72.0442828611268,0,0,0,0.8218879370080499042312464636579137974111082748708052014,1783245102.436101076453657455985183115321691392521213672,4.241847476819660013050338413261825262533469796776314785e-47,3,ROOT_OK
cstr,cstrfold_0002232,dev,low_triple,0.01921414041418276061908289265116347654537114358579692295,90.62800257584338,20.412453397215923,0,0,0,0.052821041081098252016732298496451910574409370143403846,994.606905557404843348052217463199215028572796600423189,4.368277653386052727768361224998058467155292356699894221e-47,3,ROOT_OK
cstr,cstrfold_0002233,dev,middle_triple,0.01870719366806469736859874180246395442859109917000171775,19.192696102465284,21.93444750565914,0,0,0,0.05444232950365602664633906058591363088017032924017666424,-3701.149917943265665606166376773472106643712138690057591,4.75008094985509470460147103419805822866265655672660092e-47,3,ROOT_OK
cstr,cstrfold_0002234,dev,single,0.005238602331067790222362014360834052132653493703959928316,27.731729152000113,73.99626307299404,0,0,0,0.9999996686772270201768782648341011431930894153702302783,0.00006324650086364829855211217811458221506626148887082824419,2.165529666190830192376946080833120656194752409793567314e-44,1,ROOT_OK
cstr,cstrfold_0002235,dev,high_triple,0.000003170319277991412963402431008714243688517127964182590446,86.48815802113668,19.891140878817293,0,0,0,0.9197991495609686935987561641881371823783627060278730693,69663899.49004283921823985934750785953669822096316417072,7.608498203510258425626670015806492896582797158428995941e-48,3,ROOT_OK
cstr,cstrfold_0002236,cal,single,0.0003533150602873487619424200009525211499019806577452406312,18.480964085000217,23.55631761573001,0,0,0,0.0003561635547036789401273329114724163786128902057558702476,1.016218361077051579753913820533002456032085886942483874,9.859211808705703370405752901844836530520631304799341171e-45,1,ROOT_OK
cstr,cstrfold_0002237,cal,single,0.00000002662350959927091126160414924539543779988725679593758698,27.300766248198993,75.63954358267833,0,0,0,0.00000002662356250477383034727881476806980243733169014963685213,1.000003974350533242671489655013979948245469365223899231,4.794073034144721621615724184637973410867463947511990003e-45,1,ROOT_OK
cstr,cstrfold_0002238,test,single,0.01950774058667194468594252634326307230565294202617521579,89.95285821230215,20.123773842162095,0,0,0,0.9999963024321436540248505377212816698113993656172004082,0.0001895523423889032094483408761393408261618037107949418017,9.908711567998942322787598573847375016600767924064835075e-45,1,ROOT_OK
cstr,cstrfold_0002239,test,single,0.01792826017958905597832562011180533612253912535052386009,18.368766613065684,22.908735808918298,0,0,0,0.9978998115340328185242049693124277129380701185232800627,0.1180227511215029829715658107944573217966034344263066383,4.257299678618362559619388980060411243364867163378622944e-44,1,ROOT_OK
cstr,cstrfold_0002240,dev,low_triple,0.005029897606091338430006697573235137565473650181040609344,26.892115315157547,77.11210461280662,0,0,0,0.01425025089696224086931270500674241256340629716991579431,16259.1698435753460939739216640924318882260615732832451,4.507863430501848291558530253832380502737844551933965522e-51,3,ROOT_OK
cstr,cstrfold_0002241,dev,single,0.000004052170872092798816760610155354227401408874636501459356,84.70893798183712,19.58377917313658,0,0,0,0.000004052476053535138974652994340149150750609683363119833031,1.000150634572670946987301635543424057672524047341681122,1.363975560993691378982083855343984965433806047515045612e-44,1,ROOT_OK
cstr,cstrfold_0002242,dev,middle_triple,0.0004576500040448935836560748596888486345607270684674297489,18.857638502950106,21.85970329355898,0,0,0,0.7873727286062160771727409805258634006299365770666139374,-1126334.786437769646261867311996392818941885904083593097,1.006426131678624853556672209624688352779809286837489339e-47,3,ROOT_OK
cstr,cstrfold_0002243,dev,high_triple,0.0000000379436937055155006376210721152599313794639730297080889,27.157300768844102,72.00921361776946,0,0,0,0.8288028259894417488680306415221490517005520527668687634,5109752538.66958842925403837853598556296825672764194974,2.285736299649027060889697611563560140206069311814455654e-47,3,ROOT_OK
cstr,cstrfold_0002244,dev,low_triple,0.01828997290144534348611501965588290484339619662305452535,85.28236939351241,21.386519116416576,0,0,0,0.04832631967021810977813912238079314497991729587756444024,63.13411374439525548327861090834698351924555823417615815,3.020251186136603271782617441166635770316306805745627034e-46,3,ROOT_OK
cstr,cstrfold_0002245,dev,middle_triple,0.01838204392956150203249268788485800432699962325167620064,18.50144035883466,22.35319869907575,0,0,0,0.05374838154909805486614284480130156656422860442791125574,-1129.029561005852350873859415844225097639616476976121572,5.219139829770854050356599468490530988355224113181482017e-46,3,ROOT_OK
cstr,cstrfold_0002246,cal,single,0.005058912168400631397720162454662087938526014728678293974,27.49558377343028,76.60801707155072,0,0,0,0.999999677419610325581140636076193673186556823298225224,0.0000637648630710364740658803935396655180552592987025618484,5.502871014274531618948119455785766433119017873989849405e-44,1,ROOT_OK
cstr,cstrfold_0002247,cal,high_triple,0.000003947931424330088742188552408481048192711812223324375561,87.11607496528396,19.512826395582596,0,0,0,0.9189344985024809906141959443364969168046993598668055072,62758807.21037880990407338005106865047492875197181614622,8.128405777925545204352501570389195577686909991427588546e-48,3,ROOT_OK
cstr,cstrfold_0002248,test,single,0.0003656671323196324950714093909316922077226333137575771261,19.446338078461828,22.27807850486833,0,0,0,0.0003685446361951733584971009301345325727182699189695454056,1.015828056947692814786075500070071889554922815338352443,1.834104715746167850786756585601348583238934598999688929e-46,1,ROOT_OK
cstr,cstrfold_0002249,test,single,0.00000004029902798106894109856320094516327900363280166184679408,26.247754004288293,77.03778241161727,0,0,0,0.00000004029915146786665178177554921737847173699825842537143947,1.000006128538591587681489410329471311846841799851693487,6.825594777817941363923617920411177557690564306747109316e-46,1,ROOT_OK
cstr,cstrfold_0002250,dev,single,0.02011600302735562542650270192792230662832798216241888875,89.57781895404598,19.548907290354943,0,0,0,0.999994661795534496449769459836780512386066550975442041,0.0002653882755958661220643278849441476282531190786873121249,3.433253110513653359038152726170302103575478791126848808e-45,1,ROOT_OK
cstr,cstrfold_0002251,dev,single,0.01855274520964214296839069059849298367694140108128580108,19.938565710359516,22.144293889975646,0,0,0,0.9984945929859550432037496187644991434680470567720698643,0.08163077238726374508522352153449763426331343511445540443,5.158442416972318827281373842485737046018592846434260154e-44,1,ROOT_OK
cstr,cstrfold_0002252,dev,low_triple,0.005056584282486736375147580306370688446049855088114214956,26.73317107312804,76.72958387374298,0,0,0,0.01432761215978491390830225158784516031905025043006850763,8989.929839753978095940901499201514943417601420353626517,1.112661140056677715333302968116301140260300407066800367e-48,3,ROOT_OK
cstr,cstrfold_0002253,dev,single,0.000003406002062568057109833779850075520966445729500018961029,86.67803536843273,19.767704394532206,0,0,0,0.00000340621980457300838596126522595826041921741711919071202,1.000127863895766439556595566231421281995564146285322318,1.05710992406330437740984462148791341455397528990100301e-44,1,ROOT_OK
cstr,cstrfold_0002254,dev,middle_triple,0.0003681212692246053492373525125780645276867943433321927937,20.022606641270986,21.689127294912247,0,0,0,0.7865334314487748563420334334361623907340573435934926747,-7390.33180942667092803032932359683797884020485770375865,8.687530901478798118572488674119856253532665549831781785e-45,3,ROOT_OK
cstr,cstrfold_0002255,dev,high_triple,0.00000004602637542162180375619559049257886232320441061103551405,26.687316286543993,72.38576255959491,0,0,0,0.8245374446959393057479373049328949311066620565132772573,15332348386.54819272907883970658244034660566430096091872,1.102025306413620422144289329077779127170492633408016826e-48,3,ROOT_OK
cstr,cstrfold_0002256,cal,low_triple,0.0199183159054670393883442368735148499148840472717018891,92.41150250335632,19.722774816879387,0,0,0,0.05413851110248013929438092157809711434192470137534707957,197.974574971511082637710001902011837126334324060634368,6.867591646660946480875679675057720793594004008677308235e-47,3,ROOT_OK
cstr,cstrfold_0002257,cal,middle_triple,0.01831167527896575968698400987140704257712432112902567881,19.46737738739421,22.362892786658314,0,0,0,0.05318819641202339168708829602143972703724121420008988461,-12583.64349481778769500685720555215351106408140313244678,3.21968249732551859052752848355331626815946342286053068e-47,3,ROOT_OK
cstr,cstrfold_0002258,test,single,0.005318603209886631310452109652672684504790155570736943721,27.758051180902115,72.89511793215502,0,0,0,0.9999996503774452255326961364334699633285694710972820305,0.00006573588899489557402032095188783864288600431145268916675,1.57568027955053119474013385513631642963832897521845832e-44,1,ROOT_OK
cstr,cstrfold_0002259,test,high_triple,0.000001789390446514034467145516788329033966880182520272761887,89.53267283437218,20.654755499421892,0,0,0,0.9239679981444175477919150380325386400697317400408598861,2787971.314132548233659074651392628636380558044324490818,3.167975006894868836569150618855635233796385727023519489e-46,3,ROOT_OK
cstr,cstrfold_0002260,dev,single,0.0004504694030029037432485291898734507085669771965663152736,19.185769428740425,21.593381180724084,0,0,0,0.0004547050401926004906879833355169901178934587785431529043,1.018933481809202004220014491283945996522880144405038483,1.929339561094571923900858613699832724277511168276919402e-44,1,ROOT_OK
cstr,cstrfold_0002261,dev,single,0.00000001880977664180620593032267854930486251695824513001278796,28.286943006204993,74.01292779631045,0,0,0,0.00000001880980247439398769009065409191503776698747898010657959,1.000002746722009062011895694068769823224592800014263485,1.027532547885998436526185643086150990283850975152253397e-45,1,ROOT_OK
cstr,cstrfold_0002262,dev,single,0.01903284587298414345964035723246469773129814488667697865,86.01171170624683,20.622242811787014,0,0,0,0.9999968635557202641519336226736180042089235732946974881,0.000164797553476770858396898546842266881606761723865600366,9.638859425185846199646823887684980071652917399174125414e-45,1,ROOT_OK
cstr,cstrfold_0002263,dev,single,0.01742283300102038455211169720113309522954484887549456609,18.529537437044272,23.517785344001997,0,0,0,0.9981772408760784390006846670501524227863262171283449813,0.1053051329086048224351374398947871601522311866955275784,3.203492256257361259853897286633749388806878318882916578e-44,1,ROOT_OK
cstr,cstrfold_0002264,dev,low_triple,0.005290022086772159190001247488675987475069693936984209064,27.281810295879023,73.33145346823777,0,0,0,0.0149583167163437643965549285722897867667885874666337493,1978.689389603545590377103904136209291641501454875820509,6.92293294316448485985072291821059002368821205230877721e-48,3,ROOT_OK
cstr,cstrfold_0002265,dev,single,0.000001434736296691296349359125701368405674802179827822945226,88.83333413900151,21.043518325233755,0,0,0,0.000001434777557400833087756524406993788631693881144893837949,1.000057518014270912435091818956382213111255388302784359,1.037041923333099405474094965182465172835614308070420141e-44,1,ROOT_OK
cstr,cstrfold_0002266,cal,middle_triple,0.000533272512490777413454535888358721110053532238799322878,18.3530332767104,21.684743328845606,0,0,0,0.7816703738093100771975843498789990247026805763495011304,-1868913.706457510113864678176550444852989925852635593146,1.785655859814377763561573191306639687411608291836972077e-47,3,ROOT_OK
cstr,cstrfold_0002267,cal,high_triple,0.0000000290463303577632237815441827794842481051255388853505946,27.80075368398454,71.59135448038178,0,0,0,0.8341429155315372333303432360373813616250239787536835886,8333508577.112677210635685043546728111894599565267157784,1.445842862900985376703596467273307560644331991800146021e-47,3,ROOT_OK
cstr,cstrfold_0002268,test,low_triple,0.01872427843726977743463950454160924639663281853532771056,85.24860145506763,20.934034828042982,0,0,0,0.05164143895696847278725730059351219844472455036715799129,9332.037680328002593778978723476292210867968103257505147,3.918886112846491285700982516029471202702481505872080979e-48,3,ROOT_OK
cstr,cstrfold_0002269,test,middle_triple,0.0175628347185673445849936878354250233813271549433777429,19.94314018528281,23.22646108895506,0,0,0,0.05213203344788737005866651567970749040378646891169203113,-140.0507325769472912048563708913812172894794867626143284,2.739986121629753991283546317332976743066065232843573819e-45,3,ROOT_OK
cstr,cstrfold_0002270,dev,single,0.00511474868644516512193531045635671504552743772750870121,27.285384971329233,75.80644924596035,0,0,0,0.9999996219030414860931092790146555766895158658004487052,0.0000739230014768814022484837372398777663667605883209059975,4.454563340424387322201270037609803256852284658587785467e-44,1,ROOT_OK
cstr,cstrfold_0002271,dev,high_triple,0.000003162899567430057523140001888322791890233521400965660707,87.26412400769208,19.857881096645805,0,0,0,0.9216216007330664579719928723521299109799732808234531701,1152669.242143786619346015689153684429029928983073481515,3.946812756169331693632339788648037033646086995481118818e-46,3,ROOT_OK
cstr,cstrfold_0002272,dev,single,0.0004158373487462018303241937610909071056312822272401175145,19.44660644990062,21.685598690912858,0,0,0,0.0004194593508681240268281033622104088994191492797284644274,1.017530182759018310514713769821037274171286647123060602,6.383304084017853188498555098743314247522558267880563464e-45,1,ROOT_OK
cstr,cstrfold_0002273,dev,single,0.00000004362050073495995876935699411484948266844335331523107604,26.121623731612143,76.80594993547243,0,0,0,0.00000004362064497528263507806674274676191621151566364613225043,1.000006613434902140292424521010566833682774545096106507,2.079560536313719375491559088456900868033372255927259199e-46,1,ROOT_OK
cstr,cstrfold_0002274,dev,single,0.01901497464081490806937616909004577560136699439026530658,86.7277697892785,20.626078703181644,0,0,0,0.9999969506692531867668535217887799938567930299384485137,0.0001603707963025696180076809079414666233821495744865622244,1.175169983341674959093806958504341387822207958552059578e-44,1,ROOT_OK
cstr,cstrfold_0002275,dev,single,0.01777304446203761891129983132049632645329410789973675115,18.358577876128876,23.090565873080553,0,0,0,0.9979499961677142743177153964828374629464046246573826338,0.116186146071042631224738252310443257620278870424857377,5.326608168897332418309412745872441188301306074951727133e-44,1,ROOT_OK
cstr,cstrfold_0002276,cal,low_triple,0.005200130345375771432879135056083701541390687214867179232,28.56249494723182,74.43385121905433,0,0,0,0.01442424338969450444419907024643994606169480507495942731,159.7243788968182776514616501637481650378414425838780015,7.226979365676712505932045524103197283800891071389696303e-47,3,ROOT_OK
cstr,cstrfold_0002277,cal,single,0.000003328938918388323288070621214467537145960863975195229692,90.47848654514682,19.630795678960393,0,0,0,0.000003329145400813365587048366766648239388671766295094353092,1.000124058715500154323584405151994233176683663716247336,2.322744940377959969889535086844178631279422809255557151e-45,1,ROOT_OK
cstr,cstrfold_0002278,test,middle_triple,0.000346025662338511887814897578702843129287921712508503291,18.813390123618014,23.25581480495171,0,0,0,0.7778371544731009656086774330886853126751682766875480496,-11220.86650212811267478792719322968100644750609663757895,3.644975233127030923667562174341555569931348387715436888e-45,3,ROOT_OK
cstr,cstrfold_0002279,test,high_triple,0.00000002039224781099584633850247542683733297438680102666129499,27.535671287689336,77.66574038890022,0,0,0,0.8318982252020702905801252421498491377810679160991898639,227603099.2669588732023729413437445301853878872194624366,1.514273660364314975230667600599292572759764888301732013e-45,3,ROOT_OK
cstr,cstrfold_0002280,dev,low_triple,0.01830555574681664735096089532644537054689233064710174688,91.19364896244447,21.22698981144908,0,0,0,0.04492434174072873884260320428644149030623560248623974071,21.7057136205556299202034453557705888628953385787315563,7.467745115467626007369121166758729091475760034863382154e-46,3,ROOT_OK
cstr,cstrfold_0002281,dev,middle_triple,0.01798651589923188565451985770979803211699505229602823418,20.141252888362995,22.699157048024833,0,0,0,0.05235878538451432447008363442501152441994180765791728129,-648.1275532857511654695669540853020887111751334493630233,9.181827751168071454417923281108365878450440936904035498e-46,3,ROOT_OK
cstr,cstrfold_0002282,dev,single,0.005458255976071376211564097572590636851011063158224930144,28.159518853122496,71.01635788680767,0,0,0,0.999999679509681657814976542080585786628799910399117453,0.00005871670458491187111321114466085897163908310374954252989,2.200420405010917180057077464348765872462705156991513845e-44,1,ROOT_OK
cstr,cstrfold_0002283,dev,high_triple,0.000001538089259359355292178254579017502943158206765757475983,91.34880924737197,20.80709105622125,0,0,0,0.9237908548239732796547402847421374419505702360509181006,253676813.725406360865817452246736487643822853206842994,4.787776375910425686673473611124668964232859693776215541e-48,3,ROOT_OK
cstr,cstrfold_0002284,dev,single,0.0003838490144853999010018824354408845312450551177134035253,19.180437997082517,22.334296394316464,0,0,0,0.0003870300461987957305289147772448768914011655366881868734,1.016673816735257946137512891088498149786030418320032509,5.372346215264391088920179312801500274865733987773228044e-45,1,ROOT_OK
cstr,cstrfold_0002285,dev,single,0.00000004150962112976755800388337269902337979920773341312597533,26.987041877847872,71.88791478429785,0,0,0,0.00000004150974327361855503184960798428659920833805318813008023,1.000005885098941744687191166159788704031499076098153084,2.160655246333916872247075613427226822991392681828038593e-45,1,ROOT_OK
cstr,cstrfold_0002286,cal,single,0.01825592681866049030519043045124208726923620900993954727,89.74560395157854,21.430498544457002,0,0,0,0.999998319183970698074546856905663597701762954244551227,0.00009207161456763168106348872797733414495975538605684121187,2.49487252784009257404327827540390314396846971562462028e-44,1,ROOT_OK
cstr,cstrfold_0002287,cal,single,0.01868107824172171475099223203712196473751518195120109432,18.41973547115057,22.021036035894866,0,0,0,0.9976214753114948613913006329477996064829256673299120202,0.1284154944380293879655596054921806032400165321797903272,3.930303631309029714688937664449060030971619307681063421e-47,1,ROOT_OK
cstr,cstrfold_0002288,test,low_triple,0.005178620574372292831089667766428196856098353874063780715,26.605338616801763,74.91375508021287,0,0,0,0.01414438761770665896444272510431401829222917038035307186,79.50714979138679090355471052243181005065126412808133938,1.512708050405947221830877510070299992382036657408374714e-46,3,ROOT_OK
cstr,cstrfold_0002289,test,single,0.000003658048007661974560063638041136325854369190497681616494,85.74982968630175,19.698623090092205,0,0,0,0.000003658298245260857208020408248053818856592592269659022622,1.000136821777294219903689966767584534647080493030885053,6.581812572860261372609661806263152094481628288940363617e-45,1,ROOT_OK
cstr,cstrfold_0002290,dev,middle_triple,0.0004310807683853405695520056062587643588476088323304749072,18.99557186110377,21.99151552451982,0,0,0,0.7888642431152521764199149563685271089132314626003288172,-642479.1714826884680197716661373608852532447164774174942,1.01480301826345800143109257734301546803578382838475385e-46,3,ROOT_OK
cstr,cstrfold_0002291,dev,high_triple,0.00000002749199787490815206417845157847368888593952520479726276,27.34959588805531,74.9167234303333,0,0,0,0.82791216645893136635208938557287055874852597427024907,10824888865.99443477384691338750053590971505306846219317,2.155289482252661220204043202356153428882227511773559563e-47,3,ROOT_OK
cstr,cstrfold_0002292,dev,low_triple,0.01953143130186899757709273746782358251787799573174569784,88.1132565708389,20.101568702628153,0,0,0,0.05279792647138225052414263370427095424748728232941211275,138.3977684076502096801334375765999289794822602452262244,2.912396280280508913476385887413352297604019627352619611e-47,3,ROOT_OK
cstr,cstrfold_0002293,dev,middle_triple,0.01775922195625232807188716567072446780230305940732533786,18.32127281127939,23.109390072931774,0,0,0,0.052189086032736373901110545972057280584478602127315902,-444.0888509219068245747862825795070415210583040121429371,2.497166365060810580244033023648829244220607571956917943e-46,3,ROOT_OK
cstr,cstrfold_0002294,dev,single,0.004984924392797715686918480425549704398413423517642428027,28.346501700441177,77.64330530609632,0,0,0,0.9999998076632674265657924177461133689164193152323028311,0.00003858371479110657183355881285532737026164748670357068141,5.872343778562626244046201724963010440137694888900665612e-44,1,ROOT_OK
cstr,cstrfold_0002295,dev,high_triple,0.00000191000723004553143667529122295458047436740195488096931,88.88613128220366,20.582509350955267,0,0,0,0.923445198294772472120494730812171003506465803456957064,2975424.177898217469473553454937528325522143582847195664,2.551981619872608669692963081581935922847499947913870366e-46,3,ROOT_OK
cstr,cstrfold_0002296,cal,single,0.0003233290227044633048660054693277573215558938164495272949,20.20086465529556,22.07731690827161,0,0,0,0.0003255544261104386785696734284552852789647856795009903552,1.013834234521946101085817059302769491511314846114406878,4.006549412668469332667291526958364702330590120221076346e-45,1,ROOT_OK
cstr,cstrfold_0002297,cal,single,0.00000003554153987200703887955682068104654915573656940699759738,27.438301158762496,71.19965791368354,0,0,0,0.00000003554162854861263514530048272460507828811213972620685267,1.000004990035192291483567064795771319346863084885600874,5.344601897803560582411986051702040332454033826520883314e-45,1,ROOT_OK
cstr,cstrfold_0002298,test,single,0.02004885642319090836707182948838713610491418013332722807,86.09434027116501,19.631892828118175,0,0,0,0.9999943104050486341011571632951816753173690726905117422,0.000283805913948106176228717529741409594476115683596087038,1.382137982404062278904637214800442616849299410340167189e-44,1,ROOT_OK
cstr,cstrfold_0002299,test,single,0.017850817669778650632351306178833336633959436427211391,19.344629561673393,22.91883604535536,0,0,0,0.99843306076264084712662248719026663912836370834857077,0.08830663056213631796663629565403199810472494775283936556,1.311104035699316129318810769435261153169394488848792731e-44,1,ROOT_OK
cstr,cstrfold_0002300,dev,low_triple,0.005297960690084213031475309225065367002427233186624588522,26.095203344280648,73.35725045848434,0,0,0,0.01497543103808687841858762259942672115362262985983449365,782.6864042199704337318093829973797853168798896539454595,1.329987367203786187544693771440354594937212460789401997e-47,3,ROOT_OK
cstr,cstrfold_0002301,dev,single,0.000001593048357726293230508077928543862846125624223134651445,89.93710697060027,20.819986163346368,0,0,0,0.000001593098659308887483338274344763962418409858342081841329,1.000063152838827565042794588169070621002648719997582788,5.657597328037939298416223310851953830956697572772386097e-45,1,ROOT_OK
cstr,cstrfold_0002302,dev,middle_triple,0.0003167345559512456266586192492592099551567730617311283491,18.86429024833008,23.644466333123255,0,0,0,0.7723399385346352413902021387604157322343217170298085001,-7565.396699574711193931782659295606509453978425114718284,1.771168561814623475615211377131127987872614547004471664e-44,3,ROOT_OK
cstr,cstrfold_0002303,dev,high_triple,0.00000001242757561091486259206004853409443047446975418311109768,28.58597239336328,77.46674462732143,0,0,0,0.8355232545925375193553604887983725323557321579375223219,12524228219.22478432235583295775286577472290996150619943,4.901059234139357443041563334908706598768433565762246585e-47,3,ROOT_OK
cstr,cstrfold_0002304,dev,low_triple,0.01901643160128089386725260684188296667674589752302694462,89.92478626743006,20.615436046315917,0,0,0,0.05241173007646965331569915927482237828362819729270779222,8489.460517737072215659030411501169084620095432578109384,6.690738366894185441072872512398053067216360032591315004e-49,3,ROOT_OK
cstr,cstrfold_0002305,dev,middle_triple,0.01824272435581112855053528115402891201582721550532899946,19.053341619993855,22.471529074827657,0,0,0,0.05367600635923990442222693831306473264251031166882082246,-290.9437922547393685268343738463435266276624946215784052,7.104351204372045581060152057322025627171845586321101513e-47,3,ROOT_OK
cstr,cstrfold_0002306,cal,single,0.005418640816363929000511435962144893386852231482057241081,26.856100599914118,71.66411661605932,0,0,0,0.9999993945863426928439688706454411310930531610550240584,0.0001117282475682841360165126805450301587265377851440743125,1.082079304838030044177937207028216438339623516806240214e-44,1,ROOT_OK
cstr,cstrfold_0002307,cal,high_triple,0.000001408119888094561655618131040300289514225838973572025472,90.42312906235883,20.992797812692103,0,0,0,0.9240923624138471773380083730051916150486634128358893876,28804727.81504888556271755789819293739101363216580648917,1.666901731605632163516156524726310971579311202913350244e-47,3,ROOT_OK
cstr,cstrfold_0002308,test,single,0.0003050829387164543250787911406784171764838983324707826382,19.277806411489138,23.3083552364339,0,0,0,0.0003071799226841210025176492520018626008875700448202380023,1.013815354617479231118663161394608632165511591812288228,4.533541210271182413672407567548743512079942052444008374e-45,1,ROOT_OK
cstr,cstrfold_0002309,test,single,0.0000000249254091411540875865659905195016155463545041391550159,27.14054395493067,77.56930071372015,0,0,0,0.00000002492545671195729860065193202726238878574590043799975606,1.000003817058272853097768159419305742641002951682585979,4.586936253462906048256965212470007069652840418494856047e-45,1,ROOT_OK
cstr,cstrfold_0002310,dev,single,0.02005529770312452081370778487708875184276941478323129213,90.47619309670307,19.7255298240572,0,0,0,0.9999953815195955676178320734225612597569450014441737018,0.0002303003807716906488948953582694967848591665659237990693,8.338602001815509032379344929193274962938442431421729089e-45,1,ROOT_OK
cstr,cstrfold_0002311,dev,single,0.01840756258381450846612234104998915074685305485413288859,18.346527407506,22.33625438228347,0,0,0,0.9976880959065182728259032777002424389319124583388986416,0.1266351826142513502262163588328580320854308402802401815,4.915992337447537083558384585850858834862133188040565601e-44,1,ROOT_OK
cstr,cstrfold_0002312,dev,low_triple,0.005326026378303810043480780043706856463001389899792027875,26.894099550665334,72.88556324984842,0,0,0,0.01508955555628747725529133465611739079753632612682532553,12315.62982311472743080369995498348261595733984951057143,4.532108991024059625362822332359383405556268979118814045e-50,3,ROOT_OK
cstr,cstrfold_0002313,dev,single,0.000002003004508600035632200734296564998346299102299847960758,87.5994123606354,20.57078120115226,0,0,0,0.000002003083031678237433505057626811726632627349312995804385,1.000078407577443295593185292806190498776359708942774425,6.46543731594789670030174712313267842405674949413956696e-46,1,ROOT_OK
cstr,cstrfold_0002314,dev,middle_triple,0.0004039335596394192296752344313793854679995103404092567295,18.573167441570334,22.773720556193613,0,0,0,0.7836599585814238602980532884504164802795125805812185781,-101615.1291086503498822776514042061289716377099573523636,9.58179630602824995897499090950146482728852804639899243e-47,3,ROOT_OK
cstr,cstrfold_0002315,dev,high_triple,0.00000001841638073817105334237384990419444704153996155917452175,27.80800233770659,77.24655016020914,0,0,0,0.8301934758210927567664980419099961428799659348725177153,2038581506.484435956280090651558066930126685275333115442,8.582231683327098585761319211798815948110707807729312236e-47,3,ROOT_OK
cstr,cstrfold_0002316,cal,low_triple,0.0182902807058976707446977739905345021680371176689005146,89.36607878731738,21.3913989689933,0,0,0,0.04986281037008201272205860598389112616948760160882268589,251.0901879671330888334339942590203253647291003351414462,1.006724557262052709701962327566917441699450781156871476e-46,3,ROOT_OK
cstr,cstrfold_0002317,cal,middle_triple,0.01865907616477038984765680115825670224082227626853158717,19.587618603263717,21.932870555550366,0,0,0,0.05729308604416697001480336923476263526252685232369932115,-62.81211706855256487751293039750141784853365985598235902,4.647409124368832005381527779050423806803673614973015558e-45,3,ROOT_OK
cstr,cstrfold_0002318,test,single,0.005345773437183040290561393261174278483507231992521222081,28.34958715134878,72.46842360629289,0,0,0,0.999999735746235969708224795913903812182811864551612302,0.0000494323407908501386856703449501258897840746688974191483,4.846749260204709367293879545731914196775098987718216382e-44,1,ROOT_OK
cstr,cstrfold_0002319,test,high_triple,0.00000135105167708028941715449411720072960638085404885917703,87.61714406138135,21.20499724961411,0,0,0,0.9238182073806801973073456264238263261953779892099195021,16303961.74771397889490213526515981435111272829216692693,8.443292949257652812055374416844058459083566320634152659e-47,3,ROOT_OK
cstr,cstrfold_0002320,dev,single,0.0002700939176275914079248751925928706721237647589703739436,19.699394918781696,23.420319386057418,0,0,0,0.0002717439425310742761114337791580001912260451269187133586,1.012272198251804897416370038593906133230925329502682973,6.435834304603731942261458632436581834799800654366598526e-45,1,ROOT_OK
cstr,cstrfold_0002321,dev,single,0.00000004121581603473996458121426492506997731675690631168833334,26.187946663891797,77.14126353417826,0,0,0,0.00000004121594537980874735844663924233883440517446776042518241,1.000006276491778716752126473560012388043962877625930955,1.557002833547488857562095974292253705955983687438867111e-45,1,ROOT_OK
cstr,cstrfold_0002322,dev,single,0.01927059481173023319423072173375346806064044122094301433,86.61799545774721,20.46029598534812,0,0,0,0.9999966332705730376408786267200320460505770708685992156,0.0001747154089200361006239689166244665072338075660652815661,1.997621686333457523096221821964040866668374293474789877e-44,1,ROOT_OK
cstr,cstrfold_0002323,dev,single,0.01791009638398369735356601684381147808233719572996658581,19.855205478030207,22.81058198158114,0,0,0,0.9986224466335259194685483493704486026787122016551632313,0.07733527457763739352519235286234567642740572519148076761,1.431176499417407184020351466632031601620581259299214255e-44,1,ROOT_OK
cstr,cstrfold_0002324,dev,low_triple,0.004974420344629185402724960819173203389252585403654078879,28.695942147946823,77.76008833258958,0,0,0,0.01401521798312441686605885029059613992559256402508769109,1050.685515284782461150995447082303137886611069249566085,7.110492512058699330221928674614561490289485515269758253e-48,3,ROOT_OK
cstr,cstrfold_0002325,dev,single,0.000001943587661794939645007010738115746917414926074273298547,91.35507667980339,20.436456898575404,0,0,0,0.000001943661087775723279553069899588142019730778011232547928,1.000075559280495490847737633636858419362909281808946057,2.97263702129545197905670837158760850795576262564710131e-45,1,ROOT_OK
cstr,cstrfold_0002326,cal,middle_triple,0.0004118308775237921754683793847157404042297353024648121113,18.864839079433125,22.347201675298525,0,0,0,0.787529627226961140120465159293907830085932701797920519,-479459.9723971282848113753562672933312718561445210939961,1.679749669646120748586633634722387954242212290136338198e-46,3,ROOT_OK
cstr,cstrfold_0002327,cal,high_triple,0.00000002291663122182904327600521498851581491971146518308878028,28.166176060218774,72.38511327150302,0,0,0,0.8362530927926429188310231615355269672871689822263000078,12006533962.80510728515076087200840451500076537017339107,1.193283840854983606418203539408038469011389287189283017e-47,3,ROOT_OK
cstr,cstrfold_0002328,test,low_triple,0.01881759310317239008291412739367790150555295762295139313,85.2640499296565,20.835027674398678,0,0,0,0.05153795888542296807358742712341574702302965453409654787,386.4346993947588498397284600373652551000974481647076966,7.516273614918350651730749308622426430742521386955180279e-47,3,ROOT_OK
cstr,cstrfold_0002329,test,middle_triple,0.01759479331105764177408297810347288378672228062411427364,18.522702872945636,23.128636674659948,0,0,0,0.05889696925073988253196460473237756690787110585262079751,-28.03955470675300812462320148483943564295148488048473758,2.630370482948124582395891252411715263217016006392554806e-44,3,ROOT_OK
cstr,cstrfold_0002330,dev,single,0.005423607673436005831525355483530589170125080753550217653,27.18258119567998,71.56670310555471,0,0,0,0.9999994870424304273209122457115904359693369340694089321,0.00009457887889695802756035272716572349432525789959589927108,5.868146268892831963825083591644312947149200015131724933e-44,1,ROOT_OK
cstr,cstrfold_0002331,dev,high_triple,0.00000342252533045956140678260359104611483170460675432357401,84.23115037303988,19.881354444461667,0,0,0,0.9205486657003625340701184005279430521246744021373050597,1144301.399047748979975851919233243488669299111376098633,5.320576357824027355033756769602806614084185022301153406e-46,3,ROOT_OK
cstr,cstrfold_0002332,dev,single,0.0004338091762930273137073071020287681742433990327891667147,18.5718432847615,22.40878660258021,0,0,0,0.0004378928422618083460856488435424523239096312226210157127,1.01895520952362139719724490014327702816594193440092463,8.312435366960086596208158973835312576547269871974875291e-46,1,ROOT_OK
cstr,cstrfold_0002333,dev,single,0.00000001895236499062418371459588376348078896997930708837870384,28.204576196345734,74.46048383897904,0,0,0,0.00000001895239137710624982822732206917300402437362789923149332,1.00000278450831448939018058703495750354048430555805825,2.948852351336703720587602182314882603904074471560284351e-45,1,ROOT_OK
cstr,cstrfold_0002334,dev,single,0.0186544621660084671842510183254604083498147377280537219,92.20423328444936,20.98907809196184,0,0,0,0.9999979861126933809063122176427113366460957998549107076,0.0001079602144597211085740075924989082393186965317946838431,1.674192378433164254483627516101754950377321208049369898e-44,1,ROOT_OK
cstr,cstrfold_0002335,dev,single,0.01758306147827014598966356559981453538623447079725516623,19.287595494951308,23.277506321102795,0,0,0,0.9984984781871803487816252356004282597039630807523595959,0.08588414195745781747013131386844548026101122652904693352,3.359893952606152833059283670230952767439659958570434734e-44,1,ROOT_OK
cstr,cstrfold_0002336,cal,low_triple,0.005355154565839541733743989317390725495967385902496464248,28.683087026084763,72.22771357173768,0,0,0,0.01440347701944295523976865712078302996611117472206843026,58.68340576159568703401274258891723506669885206379659035,1.639724498550133847265352731055571964630180771002851071e-46,3,ROOT_OK
cstr,cstrfold_0002337,cal,single,0.000002564069401855413146683791817428412946322199094175378027,88.34304419132539,20.139648705591505,0,0,0,0.000002564195243733062804350463151762727064754520045322157713,1.000098161513806048111770917419248427196709650364537142,1.430640042430251067339098153603680315302483273462784318e-44,1,ROOT_OK
cstr,cstrfold_0002338,test,middle_triple,0.0003946698541776007160453983187038531713596916949023612614,18.386838735554637,23.116805937914645,0,0,0,0.7758825993381580155565124297136973812040881924879472872,-14664.99263545298690975338033204461402312181210363836178,7.616275742367317753099254014435137493916329898021088732e-45,3,ROOT_OK
cstr,cstrfold_0002339,test,high_triple,0.00000002075485862545487329437139748758158165954045756289938698,27.505409146459304,77.65736988827435,0,0,0,0.8377607052613449040200557178733121942872852866383002184,96297339.75066312873314873931793848698290268303241646914,4.061644201081534941623797162932335136440992929554590002e-45,3,ROOT_OK
cstr,cstrfold_0002340,dev,low_triple,0.02017445535263052777488297998607119194680034278097895412,86.55390074213301,19.502493476427432,0,0,0,0.05510591346824754679347441057993682894905404642624511008,278.2602913048857289426186904001984588270899793543985826,9.084497383777461303166061868678860778446092098643612195e-48,3,ROOT_OK
cstr,cstrfold_0002341,dev,middle_triple,0.0181416521219149334730511896523796533911130660416649282,19.32412638368698,22.506897494576684,0,0,0,0.05740568268084068084336257733725856686931679245679028064,-42.61510519020052623769253596216728938342650724993460852,1.014388975757149532220589505897473946286577656940836935e-44,3,ROOT_OK
cstr,cstrfold_0002342,dev,single,0.005459205279457211734306579141862535993633135402783198721,27.72962808913377,71.04681325630817,0,0,0,0.9999996011189812597449719263399236146174824859481893745,0.00007306590063641054433528695103419662882818233955771993231,1.386462050215654430908334900877064469828433135525992721e-44,1,ROOT_OK
cstr,cstrfold_0002343,dev,high_triple,0.000002154552873909884602466334990006934067721797910966785237,86.27832691617293,20.521430218852394,0,0,0,0.9214927329919890716421136662854352597850757573330331149,27785021.87105249032388674072056724277449668765055751082,1.646581462036279869626395955494728716603407185734570175e-47,3,ROOT_OK
cstr,cstrfold_0002344,dev,single,0.0002830809548864165489073043434130090449176581177556858763,19.20108894722417,23.77491655654514,0,0,0,0.0002849231766704333442273032616417449778174856109373728153,1.013076792336927856308131382135580566497585903866321855,1.668993239152790712455571582295620572638946683744224624e-44,1,ROOT_OK
cstr,cstrfold_0002345,dev,single,0.00000005552616183488351764265978272887730145517219100191701357,26.353789038504157,72.02636464779947,0,0,0,0.00000005552638082141150102278674646457711588241147341800264064,1.000007887711002943202922395312552044621664776015277877,1.707276664819407832075728921000512277944686519846769176e-45,1,ROOT_OK
cstr,cstrfold_0002346,cal,single,0.01920412450735812435247245433719470934807701107519352748,88.02273173581406,20.429828159631295,0,0,0,0.9999967232999160697103418056778445094142602962597425658,0.0001706317746985717022307277046812974860938783052210862559,2.674726154383573745642945080834321515090159878511412829e-45,1,ROOT_OK
cstr,cstrfold_0002347,cal,single,0.01851563694955481866306252747673966248763978150784047487,19.411637285554395,22.133545221234364,0,0,0,0.9982459806498760715527228843310436103152244859579247289,0.09537406511894603001362147937953472839686763971925481379,4.021242873478629374301655521082047679750927508581287244e-44,1,ROOT_OK
cstr,cstrfold_0002348,test,low_triple,0.005061442307183117349166766334163452309459676023376827803,28.257415918400277,76.48747451307435,0,0,0,0.01430818879536476493927756848338049498315397639546353211,13621.75288795080316666028743906518141195788625912686555,3.822090376601859152252260660005758124075771838074219846e-49,3,ROOT_OK
cstr,cstrfold_0002349,test,single,0.000001931597025489311166486641947112947762414128170882838711,89.53977471791057,20.532434247165742,0,0,0,0.000001931669906398572649458722348236161628828101813049010743,1.000075463931626160046238465781989554880959505916785395,1.368657500654184521156300738941381487572543447374950434e-44,1,ROOT_OK
cstr,cstrfold_0002350,dev,middle_triple,0.0004239319952717558551773230779768645196222454785405997141,19.200004427987103,21.855640304093107,0,0,0,0.7910007516860359381517645861261567349196070007138050633,-883334.2210760908157691216702763417353149093045529769916,9.10636560524263013739369217687629215599287148425978142e-47,3,ROOT_OK
cstr,cstrfold_0002351,dev,high_triple,0.00000001926302943787124555576935527681286363519777245864763802,28.02311293109613,75.33506217434324,0,0,0,0.8357545362504852080522493658258113314936305691257263699,374874736.627780825394012150749702634943087776560452892,6.185981345290282299876180727663328777288434889733141968e-46,3,ROOT_OK
cstr,cstrfold_0002352,dev,low_triple,0.01826574617772996558068222603014569882313816088452978336,84.78517089501582,21.43387841276172,0,0,0,0.05030447382776894184156278954409380903787780155635874911,1660.74604891264379535796591157630485754500230270085815,3.260800185655465030180367637919472460054199807476119802e-48,3,ROOT_OK
cstr,cstrfold_0002353,dev,middle_triple,0.01771220537142815542293865113257390737758513740003567963,19.525012768413117,23.07540575922895,0,0,0,0.05144021414204106428738101825850460956948073631114850529,-4695.833384930540311119207504013148980234626179524085272,1.462104158949902111353919648307837687503417498497559284e-46,3,ROOT_OK
cstr,cstrfold_0002354,dev,single,0.005497036239780659401104395639689403357999060158507679158,28.651845571487215,70.72569264968703,0,0,0,0.9999997464223821672522103493689959150042137639300985912,0.00004612993629692413542683027550938020917236300904242936183,3.671468768666065557724155252832979621015504375529373624e-44,1,ROOT_OK
cstr,cstrfold_0002355,dev,high_triple,0.00000340257721179783679299592086143383434876479734372501185,84.9772215334703,19.853550737293133,0,0,0,0.9218259657817443526633399744520914130301268462311677147,673931.0724388432933514377403139517126975525368424836623,2.323457391301395553542871749559923545698783720601853004e-46,3,ROOT_OK
cstr,cstrfold_0002356,cal,single,0.0002858817779499100568477005504537955354922338509579214324,19.41101218371562,23.47748256540017,0,0,0,0.0002877360457187819396587868948956582854828729035040883193,1.013033165295714141185688198395548776465372883591055686,6.429805022981564625657831401546110123387943845354282503e-45,1,ROOT_OK
cstr,cstrfold_0002357,cal,single,0.00000004133374687084449298786230141916802070958789704265319345,26.87844671659388,72.59283385427027,0,0,0,0.00000004133386918620027487348038107735185538475615766373942644,1.000005918438543308561078376549338976987907743544241805,5.195702068325503831345834413007778875762313552807142979e-45,1,ROOT_OK
cstr,cstrfold_0002358,test,single,0.01882239495817900620366969911150726355284084110990519642,90.33095103504922,20.819468991852506,0,0,0,0.9999976167792596246732619148685114755204905918521485694,0.0001266200803800676597824166588459259563819717944696150288,1.529372350450793161609810377848118923083114972358453804e-45,1,ROOT_OK
cstr,cstrfold_0002359,test,single,0.01720565316722967569279283836220713866225493299198317647,20.098610618821066,23.678977581328343,0,0,0,0.9988909431932707821805575469572864587092035259734642093,0.06474579561608735424345644084019242450249272988053481152,1.599418407750174482249634317092044839369133596255946682e-44,1,ROOT_OK
cstr,cstrfold_0002360,dev,low_triple,0.005317887887050561380515351253028012118430780494603019189,28.628433632696268,72.8151908630701,0,0,0,0.01501131907588679862431541381369834413101271850214505889,2550.155223870391515759884091626831736021996441215172306,1.696630247221820304379772835277848603681863092070896565e-48,3,ROOT_OK
cstr,cstrfold_0002361,dev,single,0.000003479630674543805456056513480984625164530243868729560598,88.83572123146767,19.627357083256925,0,0,0,0.000003479856233136265301380262488642224605808142107018711172,1.000129651378553036347512827784824071636349419528236394,9.217569373588008099050387377682299747331998953052575585e-45,1,ROOT_OK
cstr,cstrfold_0002362,dev,middle_triple,0.0002571745613332069992336151782634464883720152042883086509,19.71910642507663,23.632233412224632,0,0,0,0.7957522603442155723203974249131674470160854267502308196,-99850.26858571074032103899937297006964413448333517741022,2.896670342617880561913229589621736517601555162002812317e-46,3,ROOT_OK
cstr,cstrfold_0002363,dev,high_triple,0.00000001610779114618870202082035504546624716133954928925185637,28.123581678021267,76.99849598901498,0,0,0,0.8323116882210506178803133800906094661276333002002554726,25626801275.12877031895417739794338602152108435020109546,6.477264269565736505242091568481866088727883569747165425e-49,3,ROOT_OK
cstr,cstrfold_0002364,dev,low_triple,0.01821395719505813904630576272744834923525559498921304068,90.52075426417316,21.474457409325726,0,0,0,0.05019169659875980081552427894777174531885496254973197669,12458.80621179488551298242659419472630036476384239299987,9.512925267868491485217154414490935201561896292736873595e-49,3,ROOT_OK
cstr,cstrfold_0002365,dev,middle_triple,0.01794008332121153900995140418967423991196808694935522629,19.723013002003974,22.745470263635134,0,0,0,0.05550930868223534424544900436522875711912759962103375352,-54.80388765206701472920844439788256996738733561855433668,1.075846668018480000822967993723326723919788182746303774e-44,3,ROOT_OK
cstr,cstrfold_0002366,cal,single,0.005448836029453824633153514980199055548089126673520452144,27.811916790188167,71.17158883740339,0,0,0,0.9999996207616979265855731660457643961587467675769156322,0.00006959999609223648755723215646008978888635665717781530091,3.698253764514946835138026059368872946236021861453298848e-44,1,ROOT_OK
cstr,cstrfold_0002367,cal,high_triple,0.000003811971988486390219807323877592434627514963888567904962,86.46600154408064,19.598720580574263,0,0,0,0.9190207717448619957670451046241340409398316634087066519,19763988.7887486649482356922334745458566003956427982157,3.806536560211173025737361776485789210362565357018157362e-48,3,ROOT_OK
cstr,cstrfold_0002368,test,single,0.0004490484278191176192462388521296424135349644430754195262,18.528078326695326,22.31048471626875,0,0,0,0.0004534057466590094695775304714542218617338813124567924501,1.019543115321007329935544892574889326780810360340312464,3.011898027865023381623888101313596982168655112004683591e-45,1,ROOT_OK
cstr,cstrfold_0002369,test,single,0.00000004367551036361147969893049799576482756652157279475025102,26.365642254926996,75.04051225042643,0,0,0,0.00000004367565160027309262660216033688465406572072193914440162,1.0000064675601528308139618840843917191884137968451369,4.476826934097880960386415823712957959405179331229927195e-45,1,ROOT_OK
cstr,cstrfold_0002370,dev,single,0.02010451289137152612270153421694179105647048786201201726,86.68000675291061,19.573726208041077,0,0,0,0.999994219589554142963792496405725235042008099077935267,0.0002875380440294187257289606694241286582789694343592205626,2.174037746251886523187163680348274751811667989246375109e-44,1,ROOT_OK
cstr,cstrfold_0002371,dev,single,0.01798246823701240179887000466599932706707166558236171008,18.428554111765994,22.829292862692068,0,0,0,0.9979115238094210746572525897231371104709452510155656415,0.1170103179940457851379212772567351595284343593917571617,1.38620091966099913561854489723664508917056458626793133e-44,1,ROOT_OK
cstr,cstrfold_0002372,dev,low_triple,0.005020733086437032255406833546151973733564289107611341926,28.5107337869862,77.071955003483,0,0,0,0.01414909576102716503923543626900910242632984906405824673,1035.759584055072790068986405751574493659955415723005766,2.433051394217147237047599052041841369960437722833685951e-48,3,ROOT_OK
cstr,cstrfold_0002373,dev,single,0.000002146371428244761156795795585929920801070720964764461638,85.98021841724169,20.5431792347329,0,0,0,0.000002146461467530516496149563913770329921982435680534767704,1.00008390168702513316230273819828717618785124108484976,2.264294647912077075970624281909965241962030278500946907e-45,1,ROOT_OK
cstr,cstrfold_0002374,dev,middle_triple,0.0003724354711443577519109671220737792115879324219239979197,19.27032848572737,22.379005222008505,0,0,0,0.7920144607395583441705376455075718228526850760177791603,-1858785.12482292585145106540978206846374087367691340075,3.974535910580375066343292618446907759880421781620633967e-47,3,ROOT_OK
cstr,cstrfold_0002375,dev,high_triple,0.00000006054155152889346693920203524712724359346199531751072331,26.153286013645637,72.15746012062802,0,0,0,0.8246026762223867518871683346334667166005206286110328344,88393411.94208523032338725043677829146335596188713617061,4.841218957465082382462561469374962347997473972624857503e-46,3,ROOT_OK
cstr,cstrfold_0002376,cal,low_triple,0.02012980038836534841054523533531632646812183019334981035,86.20272003930897,19.543987633825104,0,0,0,0.05488733517195472649046688659009173722968463902664036954,235.7618088807120665284545961633090440640489822983050613,5.266658666213093316135435774204685758449739280791341901e-48,3,ROOT_OK
cstr,cstrfold_0002377,cal,middle_triple,0.01715715302819774157148750440383339475376245609997197756,19.643295973134187,23.773173385887407,0,0,0,0.05042076178209950869735897087313127497804564222832101013,-252.1779158738096157308864122509103518451215337257875119,2.261691895880422663014612080723563474511567069564234701e-45,3,ROOT_OK
cstr,cstrfold_0002378,test,single,0.005177799599392972131219827772367556281085859995111120752,27.520089773269873,74.87100850607249,0,0,0,0.9999996481362701174648161764204253020846887924018366934,0.00006795633337211251440393873773100206393763497024047228535,6.015873150674043624146237810093921226711193708879684609e-44,1,ROOT_OK
cstr,cstrfold_0002379,test,high_triple,0.000001820879503921451374790962040463133378819859449639582336,87.06872890133961,20.75157770916387,0,0,0,0.9223639351726833003606953169378610507189197567037398014,29304551.0680063525167840044544446760990534780489781053,2.682920714782071133902109003035759327048152807192155396e-47,3,ROOT_OK
cstr,cstrfold_0002380,dev,single,0.0003203356098991890942615080599502501833194890831276290421,19.973541805572502,22.340952528646493,0,0,0,0.0003225473814384863532740755570530413750910872938648278514,1.013878168627395636975705279737142543652124659056060083,6.562766401277316476794634352491349822620651436422221469e-45,1,ROOT_OK
cstr,cstrfold_0002381,dev,single,0.00000002266216819645848582529122770420203156612224945851216043,27.62616471899997,75.68683824141915,0,0,0,0.00000002266220655376180692971875795528087162252389344055971003,1.000003385143951879264186547333693732046373209265000888,4.17981482786243346716980269179273327916604640319876342e-45,1,ROOT_OK
cstr,cstrfold_0002382,dev,single,0.01896704551004294891990831200568134697322256794612370377,90.73631521631853,20.719414500776743,0,0,0,0.9999975085099215867861510029083814569506510795844697186,0.0001313630588418821900305750328155690169995675333620146158,7.342657275057981369835349685742442367772058575793875223e-45,1,ROOT_OK
cstr,cstrfold_0002383,dev,single,0.01828975582466348028316830506693270214921932576886077289,19.38883577154931,22.422540832764856,0,0,0,0.99832171212419598136837363173630272171581204768872634,0.09235452598891944329848188578226500893880538518336855704,4.881440223930754674322574158773173557745390202902253612e-44,1,ROOT_OK
cstr,cstrfold_0002384,dev,low_triple,0.005203197013316784724422412297318667309246299615922942824,26.754359822983492,74.59608345706972,0,0,0,0.01473551570313719966962820915836322236988760121922790904,3581.72311443069101286389090625735572782545456003858372,3.040700599281226068778033026005254429352351119307576258e-48,3,ROOT_OK
cstr,cstrfold_0002385,dev,single,0.000002467330546158829124104654957119873991626490677695386705,92.35034968679359,20.017742254215587,0,0,0,0.000002467446328925897126754771792444949611261162370093153014,1.000093855933449356884792158361731944786587846472012443,1.274832100078636049801152708025714931672571661548965257e-44,1,ROOT_OK
cstr,cstrfold_0002386,cal,middle_triple,0.0002443754558763050833347479154303574191858736557079060848,19.955385163817308,23.608013702444907,0,0,0,0.7991895891915745951280997477636625395447634177824135732,-640510.6313049037875576689298947605678565277946320751305,3.259949499574216390616075830295038789763513374831274058e-47,3,ROOT_OK
cstr,cstrfold_0002387,cal,high_triple,0.00000002008833319599699564666918019746100517476771436732673719,27.745382843903204,76.50663783835789,0,0,0,0.8305987769920976049577998619590929854960228559436809238,1232950301.103368184777696254498573255793741231508985727,2.620426921571503924560793088232564920949377750430691367e-46,3,ROOT_OK
cstr,cstrfold_0002388,test,low_triple,0.01966445580971834240861220978872641654241756635100454449,86.37334021332774,19.98106740455135,0,0,0,0.05383351274624411527968049069716695598404751935148954378,362.8671096885001531474695249965389108505495604228368192,1.0720531282973120898726697880869924156941117610727067e-46,3,ROOT_OK
cstr,cstrfold_0002389,test,middle_triple,0.01748339416703549703503440825167877127326305274333188164,19.125898113871695,23.390639512639535,0,0,0,0.05130459150206909564949479614859844160906803398958194899,-347.3086168915281664429712528979927518398888873464879062,3.412148507834382436588770299215311200917907427265252484e-46,3,ROOT_OK
cstr,cstrfold_0002390,dev,single,0.005259707568412550002771343712907325474260939021943329473,26.84737300899026,73.80850688820048,0,0,0,0.9999994638452834056660301407207911102863231840859581224,0.000101936453992747330852350262091682301344608328585533345,5.968631325115944013956378756458725180488498159770490448e-44,1,ROOT_OK
cstr,cstrfold_0002391,dev,high_triple,0.00000339182170674725259886012703620259571355568073360044269,86.66046197636602,19.775186066466357,0,0,0,0.9195366005535165533445423507501021304797162075193860321,58825693.25027128845598304725786478858213806486414786594,4.76588128542330323968648653528746521148526188489352026e-48,3,ROOT_OK
cstr,cstrfold_0002392,dev,single,0.0005018309278814654181961225996530836857950939107940420698,18.621763201828852,21.680816754763523,0,0,0,0.0005071182797494975526176812665579927088290370839056224504,1.021232915126635401107684601095057195054548545118319411,6.837964777558694767980824162449720692699697723889546912e-45,1,ROOT_OK
cstr,cstrfold_0002393,dev,single,0.00000005062263129978776774226413231690411022725546431692487456,26.70811235661726,71.06823995674148,0,0,0,0.00000005062281086114969744696396724601542006966406245670978585,1.000007094132513743606649180405925147242124571536823024,3.429600736322107561101679972110099206114143792413926634e-45,1,ROOT_OK
cstr,cstrfold_0002394,dev,single,0.01866127478856362664101372155808854110857582795400456346,86.04614217597386,21.012917081688368,0,0,0,0.9999975200952688667503779680751583329967043666275700264,0.0001328945685561808987297839873992049788700935380424310493,2.679501266655295884164192839070310534166684792503889319e-44,1,ROOT_OK
cstr,cstrfold_0002395,dev,single,0.01774609894810513105402786782754370881684547472383284861,19.763026926382746,23.040044912597644,0,0,0,0.9986411772619993732031330066404770604567354239314337372,0.07698001469936961297565509340293223395945449370030497817,1.041244452946871974049944157410524328250768890736677241e-44,1,ROOT_OK
cstr,cstrfold_0002396,cal,low_triple,0.005282574595799214666086908633583574309844194280328962403,27.324287246023836,73.42866404761678,0,0,0,0.01493240032861200017212838112047842353687068734548408029,1699.362560460288596198759165998958160371381058478572117,3.707392285029917438252025633742118673004959091906631245e-48,3,ROOT_OK
cstr,cstrfold_0002397,cal,single,0.00000194172451177031589101610754917008083246450522643891362,84.10871849192154,20.807936277444984,0,0,0,0.000001941799197782697986960320743683177778425434343124333153,1.000076929704318487187595647797647665209747171688187515,1.176017960986111959762457625063358989680757338865911061e-44,1,ROOT_OK
cstr,cstrfold_0002398,test,middle_triple,0.0002967205479880686078314762986701153004905553699199540639,19.766509022895033,22.904697390118987,0,0,0,0.7972840846037472260172223335715382835429999155648645563,-3067300.750339271017712793364740034000367835727263666391,4.003474264375020057361086996785482528397811560930431566e-47,3,ROOT_OK
cstr,cstrfold_0002399,test,high_triple,0.00000002803862025080552112248466705674533809575517990437329509,26.91410009812896,77.48765533097081,0,0,0,0.8227401499494903306803516312717462873857194158568377555,1239336017.300795534703864175338842628579368048024358377,3.316092435550957642930978706621543939676082655680504167e-47,3,ROOT_OK
cstr,cstrfold_0002400,dev,low_triple,0.01919808824393329114499223364212948753344453583393743478,87.39764392516163,20.43664068685305,0,0,0,0.05239313288781814131726440999088690631889304367709240263,264.6520895636761648524448227045184699531535127415581141,3.162073142401820194857155915991497296622960810518592432e-47,3,ROOT_OK
cstr,cstrfold_0002401,dev,middle_triple,0.01855671905779047793267397278557423276848775517242290853,18.348185936557872,22.166133911734892,0,0,0,0.05420074443961301036776475261424250932589142103528030342,-2965.490294223048705787688978635088526538760154912308698,1.204349927870731889260901471187435953124559644979822831e-46,3,ROOT_OK
cstr,cstrfold_0002402,dev,single,0.005127445123572012135761889696804716492715055628327586438,26.56745767465119,75.7050599027045,0,0,0,0.9999994386080108473356040308580923157794467506130422317,0.0001094879165971463503931562830712155683996362454128483537,1.672049538996964738117826394892740837743584228752315644e-44,1,ROOT_OK
cstr,cstrfold_0002403,dev,high_triple,0.000002843020217824667832555560651557232223448555557409234858,88.32704846906822,19.976459249365693,0,0,0,0.9206439666254563493752275991504402575455145131325953565,111818623.3569271019207199616364216979730944717242459179,4.540851810419552867064446156185213084751703008582921704e-48,3,ROOT_OK
cstr,cstrfold_0002404,dev,single,0.0003684463991444931353542651277053708139298366647057148904,18.841545428561144,22.908447262127343,0,0,0,0.0003714556028592236813375477168308317037556769474847325692,1.016431060851623828329648848411868776000523293282734538,1.097308909014683328027763988975602375450901915682844481e-44,1,ROOT_OK
cstr,cstrfold_0002405,dev,single,0.00000002585072259680151474323130091454788025566014405193827787,27.35389237501313,75.68920261138697,0,0,0,0.00000002585077250873843011189442361183668882293129227590758147,1.000003861556069991229133926587298576299519913574582222,1.056493119785411029445052571076751803801170774342984788e-45,1,ROOT_OK
cstr,cstrfold_0002406,cal,single,0.02015733708281691592745568412749310149926980522431903941,90.42962394129768,19.508672949947137,0,0,0,0.9999946722701405179693873907041977678891368500095238148,0.0002643244062658104347494262429501739294563515432161395298,1.590268559496433520906746106199041276418433178951449657e-44,1,ROOT_OK
cstr,cstrfold_0002407,cal,single,0.01747141840209361904400138595458716886869960124417500613,18.350654950248156,23.468478387533413,0,0,0,0.9980582663395825883522723559176350058161098294291349553,0.1119040701435541758169979427721341456911989859720152195,3.750475516330337893722493009147692532331755120589685244e-44,1,ROOT_OK
cstr,cstrfold_0002408,test,low_triple,0.005248340230305412674653516363345772876109289748015521683,28.609111412214222,73.42650320175707,0,0,0,0.01345356632083265763040026138153336811554353154039751153,28.28403522477182937341739067546997702574396601627182801,4.288543158205308597669740994149148425826659068874791226e-46,3,ROOT_OK
cstr,cstrfold_0002409,test,single,0.0000009962158545010629582755438947072392887830322516179065923,92.57835987802832,21.43748762046739,0,0,0,0.0000009962361382185599308107041842182887544310635366857068833,1.000040722147617766643096371474009985644902972339058982,1.366449529179363623489555080255744209748184314396286892e-44,1,ROOT_OK
cstr,cstrfold_0002410,dev,middle_triple,0.0003370541033857642039948162856176782095202381141948974226,19.26843677893265,22.850283951569125,0,0,0,0.7919411089724081956545882517439624849766764205235867845,-389301.5407287543125011156241736790137694737851431216383,1.856131586315004922155814910352511066143462006036467299e-46,3,ROOT_OK
cstr,cstrfold_0002411,dev,high_triple,0.00000003692254676448629934962249761046014709624877240096551612,27.261157282583785,71.74315084589219,0,0,0,0.8297908326876358908296387681969787035498716388234764684,11192138062.26596637129954496800085678598971599488370409,1.751696988696541435271415911570146262946009354581318386e-47,3,ROOT_OK
cstr,cstrfold_0002412,dev,low_triple,0.01880906227250388465745050940821632759867610973599109033,88.03888247020541,20.836147755293275,0,0,0,0.05178853988618444207082590382027526438709736230395110272,1815.183447591019351545959610759281621160608031218738552,1.583070466302361932788905683894494761429290620078744062e-47,3,ROOT_OK
cstr,cstrfold_0002413,dev,middle_triple,0.01810153370396536278695320908585028455844498994746066538,18.770612021089175,22.6599444222247,0,0,0,0.05292989305869375473457446206357343896445584730337163314,-778.2127318345072139295360892144635919537852431602037039,9.266784545388508187269121457162910392990120867810930718e-46,3,ROOT_OK
cstr,cstrfold_0002414,dev,single,0.005107340405519906953013724190730065519386746188471627504,26.136246090215053,76.13085122543569,0,0,0,0.9999993051475381279164896760283640127741208761316972559,0.0001360501405258384425678252815888844498296482238828245948,2.872340684882268779094718519146098606763454108681587088e-44,1,ROOT_OK
cstr,cstrfold_0002415,dev,high_triple,0.000002084850578157068631957156246107053723424003343476768789,84.66770462941103,20.660854259675116,0,0,0,0.9212009912851562308476509583349598003795320252148233298,147199541.3791342680613908489287892085857493126175685785,4.53108512544038281190088392119922465628454744719157392e-48,3,ROOT_OK
cstr,cstrfold_0002416,cal,single,0.0003051827589094674379979829086993955485954748170111243921,19.01058422882743,23.633621284863633,0,0,0,0.0003073120157925376713459273360709876921345942514885652853,1.014024401205387023303101485619577140153004252299390645,1.513497108959415981251063378951834281315181492589005556e-44,1,ROOT_OK
cstr,cstrfold_0002417,cal,single,0.00000003386210967113868458638194615130171617916695115905457774,27.157424410384984,73.43103316075059,0,0,0,0.00000003386219272393537549315528647476732258931937518235440896,1.000004905361562498472288217580054576720277187023401325,4.62592545285095061727927493644042242738131980765001771e-46,1,ROOT_OK
cstr,cstrfold_0002418,test,single,0.02009401246029902823555149368294654919291753270898050107,85.43265320629835,19.580526842171874,0,0,0,0.9999939905634127568494103926375598910762759265679717253,0.0002990875279064187639035077471314563375640865272197060671,1.506729730678731488334528567476371875203675650889372261e-44,1,ROOT_OK
cstr,cstrfold_0002419,test,single,0.0177799213485736527729888481975843499667054394921601498,19.950221164428253,22.962328901132388,0,0,0,0.9986935143953092583658694148980291589181975214580033016,0.07386393571639504871714791836402516703530883295763130311,4.29507232417652083918182145448439989861702197815467268e-44,1,ROOT_OK
cstr,cstrfold_0002420,dev,low_triple,0.005510143478982535984087959184716189638367242519872214247,25.988807741909003,70.58736388116169,0,0,0,0.01559506554316345049892108707277326535613415002303681875,1057.935613637150606341290427730082823019030289837364766,8.117430033078317320651750426381407485818050332304165396e-48,3,ROOT_OK
cstr,cstrfold_0002421,dev,single,0.000003577484470779077639565757911943141204412323996452751488,90.89683760091962,19.500490496194594,0,0,0,0.000003577721270661641371084265810517818283853177514989426232,1.000132389970282246347439544900137579441816761550520474,4.617804885542006181509756952999916903949933378080430288e-46,1,ROOT_OK
cstr,cstrfold_0002422,dev,middle_triple,0.0002826219921033560957006821763475207256001121342318107439,19.998104910070357,22.88583989668128,0,0,0,0.7946194944534659634207405994634117690180581405067008974,-23577.52388627323608437355372682728943697926356443145643,4.654726521903184410725866109992393130618104363577553619e-45,3,ROOT_OK
cstr,cstrfold_0002423,dev,high_triple,0.00000003953187325477026020735385305384861842644275056612931926,26.994411819008544,72.45950170399053,0,0,0,0.828281602063501118553948229146168197381733914406276146,446560743.026146756235985831986498164515753444452865094,1.165981408977243923040813151615895209408458822048098924e-46,3,ROOT_OK
cstr,cstrfold_0002424,dev,low_triple,0.01994571811246516808325078648016560432318014329688569426,91.00527195759675,19.702545371299642,0,0,0,0.05493415498664724099173568618069042708796700238648555012,2555.972756667331670358341514873319099531687844442553613,1.7548882890875129209289667982300812227083102945345504e-47,3,ROOT_OK
cstr,cstrfold_0002425,dev,middle_triple,0.01880931113235215955833248715742950294083425806388683365,19.522819615045975,21.793370646336637,0,0,0,0.05601011407940643634741533004881764338417693335592444339,-136.0689063351243904795705985268667699655453319357933072,3.302304856058178267930773721839509445297886253275749951e-45,3,ROOT_OK
cstr,cstrfold_0002426,cal,single,0.005297206242279268717127075728156779324620677949005387419,26.540121486929067,73.31870814061567,0,0,0,0.9999993496822671572852167997188924141696533165298510804,0.0001227665056764858022573148031849254492916942149850101077,3.639829509890479185793524892951170000367651612571292623e-44,1,ROOT_OK
cstr,cstrfold_0002427,cal,high_triple,0.000001863248371046641340778042701489682132249303350337926994,87.08721278944815,20.713523205600332,0,0,0,0.9224476569407689631102315050875026775742444992458999328,11110045.2992892044262746655997326345008714959972879821,8.290159918771096132338823470024872983383599833268504435e-47,3,ROOT_OK
cstr,cstrfold_0002428,test,single,0.0002985004751723595363695397340046078538054928332346253749,19.31610154439102,23.378370702368755,0,0,0,0.0003005138780643705571783434574776785229413782950663221429,1.013555963979439881192452343979604190044492944658854847,6.826390974204108729354929687467081660540421682338726167e-45,1,ROOT_OK
cstr,cstrfold_0002429,test,single,0.00000005476172414420649872909091164606497859185753621589899689,26.189920228766987,73.205638898556,0,0,0,0.0000000547619406790796433794586091416258225736924479268502032,1.00000790827907052820515600432579060051322798757659119,5.136112379140325522230288321716658916039173803055787337e-45,1,ROOT_OK
cstr,cstrfold_0002430,dev,single,0.0184516715543663870166927747400846507565791400933208588,87.99471918087221,21.22097098046803,0,0,0,0.9999979650505830132883428151023557739052397864774890125,0.0001102882368206095253927637095519380764682730435523010551,2.417755368883057697295836062886519895992435120106151734e-44,1,ROOT_OK
cstr,cstrfold_0002431,dev,single,0.01769170803684078011460089997452456556785352246495804382,20.15553516304753,23.05718167812716,0,0,0,0.9987873371191115674432488548295296978635875116779681527,0.0688800427909014205222500369483216875057786489928835928,6.910337506355744481066036307763641388618180425379288667e-44,1,ROOT_OK
cstr,cstrfold_0002432,dev,low_triple,0.005303268518628806358307216528959688887418945749016627754,27.425361940034186,73.1308139210603,0,0,0,0.01483530425334940231272137885016430417925198836166867053,251.1170427185599741025024330960691019429573448813077067,5.197654842101257702462550993199901145533025016670093284e-47,3,ROOT_OK
cstr,cstrfold_0002433,dev,single,0.000001418906187508354926885735731554099109741410252671900884,90.49892364167957,20.97684484851106,0,0,0,0.000001418946408480394125114728979490063787170915751277276592,1.000056694120919777360925186890383287524922589125772063,1.449249683384828755376731110519351389984819058762768788e-44,1,ROOT_OK
cstr,cstrfold_0002434,dev,middle_triple,0.0002741074049141961169520515382291095294080633283507187199,20.15611015433175,22.89922585033379,0,0,0,0.7767898193212607643137887008457960222506727924253671003,-5254.599654454300422562962069465361987572467748746483885,1.44318816449056019821408895074653523568570976229501227e-44,3,ROOT_OK
cstr,cstrfold_0002435,dev,high_triple,0.00000001886712790491347415389553775804192394164648530735808097,27.902521319626963,76.33498500557515,0,0,0,0.8311839931793038435457380922829686678986704510485225852,10603456289.49520220186399598732920580211278002386468542,1.910330057073060216801180124548574430080206698642414204e-47,3,ROOT_OK
cstr,cstrfold_0002436,cal,low_triple,0.01926511274918463215917096152079014622746878122596827735,91.76134034906482,20.35684455973064,0,0,0,0.05243106126083872206227827617671927736867919032078227924,219.4065878133584917124793427848923840197849447240478713,1.345635693592383549149000474928456612283602693802361707e-46,3,ROOT_OK
cstr,cstrfold_0002437,cal,middle_triple,0.01773451597968849724706016835870328695389891352549008077,19.26315165558068,23.064174277556347,0,0,0,0.05240797853210221628586212955125309565205862658785253748,-198.1285244591429858691157388778222925216424726694361407,2.756862316314558877142744788376983003081108777755241766e-45,3,ROOT_OK
cstr,cstrfold_0002438,test,single,0.005283117512045529504710389796164400767499972712229531588,27.887573670295957,73.3619943690763,0,0,0,0.9999996826140503568958940757846980966499102633925860419,0.0000600755915088667743253094209696674138116880885073841746,5.3621201834224091162124384202794595158337357901403288e-44,1,ROOT_OK
cstr,cstrfold_0002439,test,high_triple,0.000001591662938449505764674959047181619614625233410076127803,85.4602493876992,21.05707089791209,0,0,0,0.9225674590922868756297383707954585621154880093528429199,32842398.14221799696048827552273114453565600906138359559,3.312701144247775263376694458513851184856235067817601188e-47,3,ROOT_OK
cstr,cstrfold_0002440,dev,single,0.0002610705903634755331158443903845281061801459483897067946,19.703140667703302,23.57829665742534,0,0,0,0.0002626227062942645313693419663488530852556853315555694631,1.011941571650721219343897153133489676574995955634920114,1.328631866964945488514275510970624526135747486864173028e-44,1,ROOT_OK
cstr,cstrfold_0002441,dev,single,0.00000004818746732868841928641302026713979292548972041727766925,26.327468941209776,74.04552351029382,0,0,0,0.00000004818763694360419745263374291802739426951745569966814813,1.000007039811854532104531439367154753846950450457573207,7.974903593609857866811024502234818510749904547754217039e-46,1,ROOT_OK
cstr,cstrfold_0002442,dev,single,0.01833888131736724529026711667125929457869444033367816134,84.16180063079103,21.355041650019295,0,0,0,0.9999978159707446851836271456863409568832807486574815136,0.0001190961026207689329726514779292050023497383081181671157,1.020689498501446725209776420555326583995344075454897617e-44,1,ROOT_OK
cstr,cstrfold_0002443,dev,single,0.01872585049563454390716338438438410885856324826254922987,19.962205960812025,21.95160805283785,0,0,0,0.9984520628364285510386216884098741533530332315317080783,0.08317630045508142813841299238445930367621899865581766865,5.025467713423516459702297391381258362560419979291695067e-44,1,ROOT_OK
cstr,cstrfold_0002444,dev,low_triple,0.00503288825323027163876969870065874657037592624857248486,28.57675912479081,76.88193491292799,0,0,0,0.0142157696207878208013654865080879367195515292128228017,5407.896548334450841696090744000085530143713715283888525,2.607456830284000588684242022089518262656836968398048084e-48,3,ROOT_OK
cstr,cstrfold_0002445,dev,single,0.00000271359206272856502288544452168856120181537076486092858,90.45365860678118,19.952118300754346,0,0,0,0.000002713731628872215645847887789569539963535399517671437655,1.00010286843066362434783607333961033556732098048418922,7.318865654072829567741639597256960017137760218180354995e-45,1,ROOT_OK
cstr,cstrfold_0002446,cal,middle_triple,0.0003242726632641094338415837949725978523020248720606476939,20.076129610714297,22.18505746267146,0,0,0,0.7998817923908007282140708290292067072076897427730062563,-842986.9473830814520391097802550154652832904552684987243,6.121679580219237831158235269626906425248182318325923154e-47,3,ROOT_OK
cstr,cstrfold_0002447,cal,high_triple,0.00000005145862298459648562057779651266746165959594012976329147,26.463221846234333,72.3298539554772,0,0,0,0.8228552303573599227176277130084832612438541328431959084,2269840397.66298708160449180727427400927147281163027279,2.030758936050315857269881521074512302295013129195524916e-47,3,ROOT_OK
cstr,cstrfold_0002448,test,low_triple,0.01862621913796026799967489980055042247347975986983054828,87.75596080139341,21.030931115074893,0,0,0,0.05133845341342346323280265887821405632029942080316715115,5439.860234611090469543594347941966950841034190762115717,6.316835153864480129757246087572732143041155650665355038e-48,3,ROOT_OK
cstr,cstrfold_0002449,test,middle_triple,0.01798826018026288902943847580995236727201789387116995924,18.553827949947753,22.812249740216725,0,0,0,0.05243317330517587687084169182484279946362199808033071732,-10052.77141735151687966334995030315762853180586958108843,8.882850744475516788280261473429357317778384741656124652e-48,3,ROOT_OK
cstr,cstrfold_0002450,dev,single,0.00536383769245350068403210532785178966571311066360452408,27.640144164360716,72.2997464559205,0,0,0,0.9999996141033175725053197696614989446579502273949627791,0.00007194426438184930020619109011495169793601865601684788818,6.022637254135092615840830733146776850740174955696916328e-45,1,ROOT_OK
cstr,cstrfold_0002451,dev,high_triple,0.000002321297161790693813054300388978790035070842346408916606,92.35784839919555,20.1127643033442,0,0,0,0.9224742159166835240967358012483836316744766593141587782,11832636.65315648534846883823034467151667766041607238575,7.089720488120853111940878877586247666208609232389618773e-47,3,ROOT_OK
cstr,cstrfold_0002452,dev,single,0.000378082349711553009387939745459882000022506760187164908,18.435223283935542,23.268625411868786,0,0,0,0.0003813047100025655648264265840675235042765040849894028019,1.017150839361895969845305815192637613583982857462327605,1.797905199547328605457313972683576458678225764372449309e-44,1,ROOT_OK
cstr,cstrfold_0002453,dev,single,0.00000002402618730845453242388655966474775474843459414830288929,27.527361220234813,75.54161772533547,0,0,0,0.00000002402623033828830355968348092680550829162329987538596878,1.00000358191581344908896381718217175048396650559512789,1.196353631522760051679657233640834774318811628884431569e-45,1,ROOT_OK
cstr,cstrfold_0002454,dev,single,0.01908527147396220071828249175521004502974902476692720944,89.03154747094587,20.54749567391447,0,0,0,0.9999970558713364242243605610886969195002285630609982621,0.000154267523844793064272685367999284412479498147974886565,2.595535415131848764648174274125993391073167536671300938e-44,1,ROOT_OK
cstr,cstrfold_0002455,dev,single,0.01769509249703237041926636893034340716169812664847756186,18.40347337227078,23.182629005887925,0,0,0,0.9980061416460373415752900532114082721271160880638229177,0.113481446317083078505206980612315727389829301309130464,6.888907071055824317172210001184223708645580053385450239e-44,1,ROOT_OK
cstr,cstrfold_0002456,cal,low_triple,0.005247176537486595217978666254004238334964615747908540246,26.541471101142445,74.00451182024096,0,0,0,0.01487389947868295755775875419764055750445177727058062225,10059.50700757576283590011019638024133627829969062652261,3.177986915031837613060863649348506777374921222193623022e-49,3,ROOT_OK
cstr,cstrfold_0002457,cal,single,0.000001872750789099193687077879309727426027762713981431567879,84.21698906667827,20.861134895679424,0,0,0,0.000001872820449831837785335855912343016097331572428309629985,1.000074396078594556747677799701537506444464524899055017,5.487188353966362056501232384316120232826601110303152591e-47,1,ROOT_OK
cstr,cstrfold_0002458,test,middle_triple,0.0003961538858757839300336947519835366346927302241637180898,19.50817932100944,21.85121414993221,0,0,0,0.7941147696053806650016754568239705703569501896457751286,-609721.3443517909410048703727324415175040886598758200529,1.14430056866241347212462762095867911014541624574889902e-46,3,ROOT_OK
cstr,cstrfold_0002459,test,high_triple,0.00000003244049318217304635192428131191789251869876768564564205,27.320698628791547,72.99302079773696,0,0,0,0.8292131313003825558532021177801721591271349841777000544,25998125645.43957463726676856291605097947715244090421164,3.081626636411254693947946893323648118783138226899905229e-48,3,ROOT_OK
cstr,cstrfold_0002460,dev,low_triple,0.01804957070607296968372510506285503636565306765139013713,87.32439588541337,21.50815843655238,0,0,0,0.04405456288717635848912391835061555987665038590286396337,20.54762678817513934980704027937927950637957190744612437,1.410222549238364458839068453869171101112015971493400509e-45,3,ROOT_OK
cstr,cstrfold_0002461,dev,middle_triple,0.01718603538466876150326248193056934929588202449694614359,19.778390096843843,23.727181023605823,0,0,0,0.04984307614315736335770088468688217712884665075558587578,-5890.212844347291183483863169635604319090365703628857037,5.991148250323167375138916478809104433577246695976304941e-47,3,ROOT_OK
cstr,cstrfold_0002462,dev,single,0.005175054718867958867039825677805094311008365403844946542,28.086657813109966,74.85008266389457,0,0,0,0.9999997391202365360322323181522316436716330170546706822,0.0000504110755990621189866635280853381153039187549812314568,3.98368674318090708246022859486105145075964697883017928e-44,1,ROOT_OK
cstr,cstrfold_0002463,dev,high_triple,0.000001412911262515914243940817831606344086195246097532533379,91.78538370464076,20.920782802234744,0,0,0,0.9243992476459122327639717452238835375111544696395526814,19389895.38355465256915787498730520071510843825199299924,1.240331798828307273116240825827744199216761151901245931e-47,3,ROOT_OK
cstr,cstrfold_0002464,dev,single,0.0003370557754921650123489330162513154556846971164308458225,18.645194268936333,23.587855422009138,0,0,0,0.0003396504152862144019768432070468021693662404857467062068,1.015481598440272370538431158693403269188341058825536304,3.304159503466107975060460594282013777509263291880518225e-45,1,ROOT_OK
cstr,cstrfold_0002465,dev,single,0.00000002320391872991881890253452872189716142424047246950791136,27.716093835293375,74.82103294622168,0,0,0,0.0000000232039584768751315190732847626781593414297257910872234,1.00000342588737476508149972888473567551678412285575875,4.30998273093200168232861220302210355438066962889685787e-45,1,ROOT_OK
cstr,cstrfold_0002466,cal,single,0.01994329282010401208554740163648409566857477666722871099,89.30446866490607,19.846539013194313,0,0,0,0.9999955517351632477557272691938106999337170887491699997,0.0002230578462179464357429753557301285499655831492042555732,1.328358966474987464842438454473895652612073898298696346e-44,1,ROOT_OK
cstr,cstrfold_0002467,cal,single,0.01806703852637398727898504022669771994754647448128444912,19.726168625134036,22.638188648933312,0,0,0,0.998528727062536884655398464403901222205924838848798505,0.08190581467862149052211975992183380381926638923408142835,1.782310831376381046958509124166298655401686493637585538e-44,1,ROOT_OK
cstr,cstrfold_0002468,test,low_triple,0.005167406958686943576011543580609996586204757355868633091,26.35424071445184,75.15206198162934,0,0,0,0.01464625157288413575032767914216956950237001602586702175,4328.387079517463614623541637156702129194134752398418586,2.035321143775127814799757416934232635600656574783716046e-48,3,ROOT_OK
cstr,cstrfold_0002469,test,single,0.000002564729850198663191184867237995522546719236775531194279,85.15530545235639,20.28774611531173,0,0,0,0.000002564856731216166411680393435834928689897612694473412123,1.00009894662423668236249203188690931091480648775869697,1.090121121867423603991452681646018878807904979017261708e-44,1,ROOT_OK
cstr,cstrfold_0002470,dev,middle_triple,0.0002624108220345582580474690161921635615727482495459804165,20.034278997176745,23.187956201303408,0,0,0,0.7999827508900441050418272190159084384537726604543841053,-1918834.830845391096421329367780510780575138668257595806,4.092254245625358650087190721913624792333839796737733154e-47,3,ROOT_OK
cstr,cstrfold_0002471,dev,high_triple,0.00000004227750022658710495762063812401136044404632856087925554,26.149659645729393,77.05164242869624,0,0,0,0.8168676366668753651882816859785324549236860288477322292,508349419.997974955503222649440756635126193776428099647,1.462469432999837275475079084008349931826783671290736459e-46,3,ROOT_OK
cstr,cstrfold_0002472,dev,low_triple,0.02005719204638333122368349328702676102182725947128779723,86.34233700888828,19.607668745234665,0,0,0,0.05419161923765461601798635829443267559242920042295488461,132.4219719802391834792898555478319115496495311566430137,2.367167268808671718347582574776662454302730134168423824e-46,3,ROOT_OK
cstr,cstrfold_0002473,dev,middle_triple,0.01735926065574196377863302782227654065499963424506549644,19.28618819912276,23.538165502550708,0,0,0,0.05043110226295767578209221462820831343948038836414840858,-10235.18480884856415353796951239486254884379066274524563,9.092084248110162553350085487423237361504025623131307358e-48,3,ROOT_OK
cstr,cstrfold_0002474,dev,single,0.005431942363333351346738476589454443427491043013613521915,26.18072972997389,71.56569512972911,0,0,0,0.9999991283983253143739099650125313865698637694935500067,0.0001604591427990301746728710938586801241865103470997225215,1.342923653424782285807826544066824749917484902435685849e-44,1,ROOT_OK
cstr,cstrfold_0002475,dev,high_triple,0.000001853415525621852498826835321033480646526463262731257175,92.68292661349554,20.450949834014303,0,0,0,0.9233009936480890497750487157889983189340244342084116142,78165129.93762768514157700970170694239143122553473112548,1.12805280785244999938179194487111521009104827882819346e-47,3,ROOT_OK
cstr,cstrfold_0002476,cal,single,0.0003784717730266062343831296845766076496947216556671373878,19.134669433235494,22.44999637055219,0,0,0,0.0003815807503191203489370142420320915741673759156911913627,1.016526791256157849040906228514178343757821696015210649,4.384141079703292757051277600955450471415082371170942531e-45,1,ROOT_OK
cstr,cstrfold_0002477,cal,single,0.00000006983970913228837799789260101868453970452044509993007293,26.075045305203624,70.79853657550548,0,0,0,0.00000006984004958300517056473516877003642745858346728324080864,1.000009749523098129331376156279930478912347464992645754,4.799767364865406280671655846205237741949724135516668464e-46,1,ROOT_OK
cstr,cstrfold_0002478,test,single,0.01869496322821334989901408636169522274661905989883685526,90.0477279728765,20.951011004396296,0,0,0,0.9999977777232064088750182217305271119751382639864519279,0.0001188737267938233977524735045982239427648737463351662753,2.582497320944395460209057433057961368301870477134872176e-44,1,ROOT_OK
cstr,cstrfold_0002479,test,single,0.0175584547424598021940990545492465803061366427118722257,19.972839657160776,23.235486093223344,0,0,0,0.9987608818104015578577058168193090327475612404026711259,0.07091991437676186097263516868268882630676663999903048918,4.026252375965504083705513722582568548919884044935990224e-44,1,ROOT_OK
cstr,cstrfold_0002480,dev,low_triple,0.005011218870054292621485721240284504418320887289930070728,26.282068241180568,77.46893698256105,0,0,0,0.01420310318107067255324162984547315306303381960236083183,3739.274010018668057832835276901421913536004441953968632,3.137582533810381043858342233832753480308013080871919431e-48,3,ROOT_OK
cstr,cstrfold_0002481,dev,single,0.000001403359038186563870774704833050715515091679232526499021,87.43770072503564,21.15065132740358,0,0,0,0.000001403398724881504794156419165163508109709285824383328156,1.000056560762941693222576717205937290215341265760612856,5.490708994964898402292224140795337836731315554280540805e-45,1,ROOT_OK
cstr,cstrfold_0002482,dev,middle_triple,0.0002958650914905999618585967021985642961070281801460609297,19.183410897952317,23.578661832819716,0,0,0,0.7889416325958941078854719216410387777978314224302380987,-47035.78142231218981910705202676072328000907275641788375,1.128514044711000514453307780879274817772258445563865212e-45,3,ROOT_OK
cstr,cstrfold_0002483,dev,high_triple,0.00000001801973247571835734883134256593216099287409626173711738,27.96202585352131,76.56046233085596,0,0,0,0.8345487675311161210200572434048651120394491350070010283,375813059.7831039553081076074463112926301323867249584558,9.264903767518779375938656042309191975032375794970051938e-46,3,ROOT_OK
cstr,cstrfold_0002484,dev,low_triple,0.01857249816511833788439905519187548217919851495048806572,89.16446278055513,21.0844855694518,0,0,0,0.05108201053324980707347731790468968917084508728172427736,1170.614465538173697594440321152523293096651943857238158,3.416741169025864927599504109564964213500800323277126628e-47,3,ROOT_OK
cstr,cstrfold_0002485,dev,middle_triple,0.01826679366006055598719396087886837164597408650168502991,19.84909762057661,22.388523467109316,0,0,0,0.0531559702434242005888093078602196053671093546892540869,-933.612898580247873241619726670230766890297121318876624,4.405247033653956262761616749294063976436795054170368021e-46,3,ROOT_OK
cstr,cstrfold_0002486,cal,single,0.005324476712572851119042823808402566625725477822528690208,28.607505025190154,72.73481705563172,0,0,0,0.9999997726030794805134158058421888406636340670050389496,0.00004270789051919680086471755614706953227897264439102152161,3.343431503194312206118024076441937340207973299836122591e-44,1,ROOT_OK
cstr,cstrfold_0002487,cal,high_triple,0.000001424878967863711471411511830909096367231558048831729622,86.07039321214445,21.204580793404794,0,0,0,0.9256354438784758748069562093100113460461577931474930762,1502693.417458066889012936493844516800846865673060311711,6.952436804370409487329242271895649500823185756400902205e-46,3,ROOT_OK
cstr,cstrfold_0002488,test,single,0.0003472580014124896668324462708190472646855587138870589806,18.958051332159815,23.06085632437938,0,0,0,0.0003499480384566660917080184780481671637541174112634696604,1.015579843031900352815850470190750715954517211895514812,1.244141761478722062762893912591592671661260699144894001e-44,1,ROOT_OK
cstr,cstrfold_0002489,test,single,0.00000002876540166122257016844928491678037734409983855596336504,27.428351882634082,73.85768293052031,0,0,0,0.00000002876546194737561198291501060079955251897564855954473328,1.00000419158029769881428791605618193074744217889367519,2.677697606603794344453694094718950207073190562501464625e-45,1,ROOT_OK
cstr,cstrfold_0002490,dev,single,0.01840468117119199074166857953975263002855428859012000977,91.77289393171745,21.25976816186889,0,0,0,0.9999982675052550117202900635503986592352872472478257823,0.00009413549702235299042762790161074336586444024670350627315,6.41607909891854812544042442492598241175181787579254354e-45,1,ROOT_OK
cstr,cstrfold_0002491,dev,single,0.01811404063241085370183402760854133693562919176135445271,18.80905500807571,22.652531206490657,0,0,0,0.9980853832602071225659443359705323799390394109301661089,0.1064458348370284621395826542330412849165652075225846387,3.87780777298515868144974582735612174758338976480388838e-44,1,ROOT_OK
cstr,cstrfold_0002492,dev,low_triple,0.004999793633356720368842576931153586093868899290742453853,26.494066833257225,77.56060088193918,0,0,0,0.01362526107702298411035087636634393667158795853449197404,74.567130953068359834369463732594332346730368322103987,4.587834131675135109464257671579730381055895240677251604e-48,3,ROOT_OK
cstr,cstrfold_0002493,dev,single,0.000002402400409784481320317048846643819012652641115660831128,89.71379647417403,20.178058084036103,0,0,0,0.000002402511104058818890623337784209052525496237602857397235,1.000092156215385967495350964231667284190739977672987968,1.776703779534425792058854928546662043576893654820972488e-44,1,ROOT_OK
cstr,cstrfold_0002494,dev,middle_triple,0.000354513111312564037187975858449808336437783104419794261,18.90576845350954,23.02129406398259,0,0,0,0.7873945023468675048094789847849682815979266245118139342,-106761.9142040607769535620728425919142245117227090280269,3.064870259072681404521449993421192995336805845174119232e-46,3,ROOT_OK
cstr,cstrfold_0002495,dev,high_triple,0.0000000456789161323753272793117707312563703287763408274610549,26.449707737107513,73.9670080999521,0,0,0,0.8214855430226776572783932080232915173614498185152613926,1389336342.743275316975047241438984046278261750821903857,1.09721844289022614482938560502263274940738161714093159e-46,3,ROOT_OK
cstr,cstrfold_0002496,cal,low_triple,0.0182456404719555375255549740240081931018182009887192392,84.04005301145924,21.45868596816186,0,0,0,0.05020369252863304606546240971673942098654156994250671633,1038.417969703129817726396395928542781839171053105527268,1.911283072767689163083881755785039464255876948343103592e-47,3,ROOT_OK
cstr,cstrfold_0002497,cal,middle_triple,0.0178205228777523683015562715842542863529253332894525029,18.863241359509267,22.976741703358517,0,0,0,0.05396306854036894286781686724617545942901702772506332191,-87.4540461106744799938940998468078724779895463912582705,9.887448763742997695400855236008449672031837796153314807e-47,3,ROOT_OK
cstr,cstrfold_0002498,test,single,0.005337899770610766027764061783362221734075350531299100301,27.79180033697723,72.63081102598991,0,0,0,0.9999996507712006490659063015283433616885806784339582488,0.00006542448731502454445170321135356600704642917009153352013,4.060227747542401939883013157256883610719816946337473041e-44,1,ROOT_OK
cstr,cstrfold_0002499,test,high_triple,0.000001592906051506711228593404792124624135662677932808239256,89.03153225089281,20.872393496282555,0,0,0,0.9300378304700558576641785815606584144797047418880947131,482896.534305376783628208917404834036040287134844051717,1.583249627627069071087137292906009779585814452575097477e-45,3,ROOT_OK
cstr,cstrfold_0002500,dev,single,0.0004182466894650346516565216125926222990785979832616235325,18.486210148180092,22.705352048294607,0,0,0,0.0004220940129499088888841464569736747724041348649840596406,1.018519771388896486069918840090364400684877670629861347,5.082164272031869752827504338708359117583523958104892066e-45,1,ROOT_OK
cstr,cstrfold_0002501,dev,single,0.00000002920418224698064421308650486910144542499910520071933818,27.891998466715986,70.97674127848208,0,0,0,0.00000002920424192922033681393260464991220893425532726542699294,1.000004087245340972981665970456710160070968818019440309,1.508587414106968340394391948309558933910082190183101371e-45,1,ROOT_OK
cstr,cstrfold_0002502,dev,single,0.01838313469837191181719901443726033294524837865765585537,90.99964979232266,21.285879211870668,0,0,0,0.9999982473602767485858196016812529221616259382038641551,0.00009534171542627616750386655440043043118676934652400594821,2.582099856337393576283259996789589630449507492724278737e-44,1,ROOT_OK
cstr,cstrfold_0002503,dev,single,0.0182152459489037191638124017345454143622798073407700886,18.70348421312963,22.531297430668534,0,0,0,0.9979847875046309875949541567447361439487677642815116623,0.1114516744523839693929581710631307533388668549795969196,2.413851432556868438575452735400756571377662075051190337e-44,1,ROOT_OK
cstr,cstrfold_0002504,dev,low_triple,0.005401400222917269614289296490700928637780161190053340461,27.294819124094342,71.84068879720067,0,0,0,0.01528871303085978413881719449315193833477472840276850595,5579.235486329535512779942810384935459231253007764431964,2.666072524904209100495048888049016382352182621342840739e-48,3,ROOT_OK
cstr,cstrfold_0002505,dev,single,0.000002067736015928908237925745082255573351331845664360913886,89.21623654990275,20.439745753839134,0,0,0,0.000002067819136154367684465858735888501854880093613988150927,1.000080399729899957024061492371240030625421316276148804,7.256603574139436457864650803790570639483677098818622819e-45,1,ROOT_OK
cstr,cstrfold_0002506,cal,middle_triple,0.0004274829717839914153011876353668050007226764634248871603,19.122700682340643,21.898947048309232,0,0,0,0.7849749964993269389034294229253853718112869839818736264,-15760.29930195380327395853453289454574931403083336125864,9.579315524268523014749103520846171320434847921649122793e-46,3,ROOT_OK
cstr,cstrfold_0002507,cal,high_triple,0.00000001625509990893607563054117723510461877700997372901625914,28.483178229683986,74.72867136924764,0,0,0,0.8367643226150178908386923339406488766129079848550271627,28316643662.62375188469328309058698560614827968804344876,1.139441690317240486384351768788657919485709396192045804e-47,3,ROOT_OK
cstr,cstrfold_0002508,test,low_triple,0.01855479774076898239295886583330782293419230921511732717,86.15209171462692,21.044055712236165,0,0,0,0.04716558854183365494516465837736640400969309323659231117,32.00408562397329980931506029260063531634410062901968755,1.181939985006347959848665733343628450619385677593872994e-45,3,ROOT_OK
cstr,cstrfold_0002509,test,middle_triple,0.01780683707771320838486505984635311227318970608146274674,19.900477779420697,22.932105656696162,0,0,0,0.0520561006127225758720381242960210434603300051438575944,-387.1351995030684625331963384314497557283205202300639987,5.546301998384400139481782684868721533875149605689585885e-47,3,ROOT_OK
cstr,cstrfold_0002510,dev,single,0.005391229128982801867502499218418588952487688955487563508,26.73251163121646,72.20063994815678,0,0,0,0.9999993754242878504812008375290886826387353660597290621,0.000115850646209900244455343161762032690865412540193760166,1.470729346646471832347427206119587417271952439111575849e-44,1,ROOT_OK
cstr,cstrfold_0002511,dev,high_triple,0.000001359674979264820871446194388136246782296914406587478669,85.27276643207529,21.32567352109938,0,0,0,0.923636577162524794876222138336758469453721292945041146,7022638.941073540348898456410714828334263681939139916027,2.026702194010888708186705984164806037027025677652888039e-47,3,ROOT_OK
cstr,cstrfold_0002512,dev,single,0.000361146324052584943757502180292618934266430142707965452,18.48797026766174,23.435979579534344,0,0,0,0.0003641071907846014368420881505030038405875500722980093023,1.016494232069768420909315222628762371724569212698565462,6.556979052332926367590633183037537096327211021802853301e-45,1,ROOT_OK
cstr,cstrfold_0002513,dev,single,0.00000003140054281362122166704166287207201239617045320059066383,26.86245280074153,76.20042688163583,0,0,0,0.00000003140061696105353906606727141960032453342053378246329171,1.000004722692898610844601132222414361045776559001292778,2.150522598926880411207036334344920953169920549927814484e-45,1,ROOT_OK
cstr,cstrfold_0002514,dev,single,0.01914732109748925610709092020962686948008960287558329033,89.87534466235417,20.483054394013003,0,0,0,0.9999970262007452148187118960459689765841285207767297087,0.0001553173177928357885623581348929405592183204484282384886,5.829848654221754605691275872895136982619350698562811822e-45,1,ROOT_OK
cstr,cstrfold_0002515,dev,single,0.01844677258320027158591590139462900058612507498372670487,19.620241433330197,22.197262265439722,0,0,0,0.9983639057006748058761825670249173609745633043791961464,0.08926128854098055149694390119429428636703841853921005051,4.539036181816003039660411140074928356560440393227097303e-44,1,ROOT_OK
cstr,cstrfold_0002516,cal,low_triple,0.005194438359184137797094397053069541420367705271181152974,26.273742797719148,74.77533556463925,0,0,0,0.01465708513095554190161507132702587228013490417207773788,575.3445409011208074368650849584810718886497721534769983,2.100334970935843433581804216870881695467562118351464376e-47,3,ROOT_OK
cstr,cstrfold_0002517,cal,single,0.000001654511908384188890676474541142432409130549020943937407,90.08661580887588,20.75227679152037,0,0,0,0.000001654565981084166710385278846388098101442187888898141898,1.000065365517370571684945164015127242621180643979311488,1.009704664329417213241260226789290876928708301116735413e-44,1,ROOT_OK
cstr,cstrfold_0002518,test,middle_triple,0.0003209724026859054343578612109291836789267777669049429165,19.924310584703328,22.381439069792346,0,0,0,0.7985085707884122506339685376944486333201669524254290044,-732197.0630915446435103424391304109259848306067779095729,5.600610258954177395448678539288538617795446129572784696e-48,3,ROOT_OK
cstr,cstrfold_0002519,test,high_triple,0.000000055453476180471905985807216676847500105176411410047717,26.56649037639399,70.76778248807288,0,0,0,0.8250394877396469548555301006529629835847804417352041758,2596009140.335193125893097511586764162034005519461707387,9.776844245958746077934686639628479454780055008359517102e-48,3,ROOT_OK
cstr,cstrfold_0002520,dev,low_triple,0.01966813304079066608351479711389617289195722658206772152,84.39692471981807,19.98396495305079,0,0,0,0.0542644477858646336993875056024959646870372788460289681,9238.903619596340118934638551460576481281288985325338615,1.383136354463010596048153443070971077542182399423700777e-48,3,ROOT_OK
cstr,cstrfold_0002521,dev,middle_triple,0.01863289770063661758484963231703094720565632383693246386,20.1012318989003,21.95558951297371,0,0,0,0.05401451148727249323034978479762764287224027521665824885,-7925.664371459621149699886030857226670302902995783488795,6.023791467871671794795090585770695365103912258312419387e-47,3,ROOT_OK
cstr,cstrfold_0002522,dev,single,0.005074262774064285477974432081035231561507210728711650059,26.601926087311803,76.48162347678594,0,0,0,0.9999994715982920689633040674031632186635043612498443266,0.0001041339154795337682916437739438722730520546230680772735,2.55108549802722495185519600626024712364753471400216144e-44,1,ROOT_OK
cstr,cstrfold_0002523,dev,high_triple,0.000001011388949143169210691396971756002237233529567754748951,91.3005099447577,21.477764464327738,0,0,0,0.9254168383520789384724334899784283612281237426007967177,265831237.0845306883944154018925524102164375293441923218,1.859087636128171840090335411735812524494334766915299775e-49,3,ROOT_OK
cstr,cstrfold_0002524,dev,single,0.0002979891372362911839743134549593108419687221796208874944,20.056047939230616,22.58100749464807,0,0,0,0.000299923473309166886495190317812731394466335092033414638,1.013043652574097725211765208545553815738199829474688192,3.875838390187222460598017653655100626262430087019987774e-45,1,ROOT_OK
cstr,cstrfold_0002525,dev,single,0.00000004501088683364529485188041443637390928493393488275325472,26.348126445172195,74.82558129141721,0,0,0,0.00000004501103640351767211653925072732659952072191474297041428,1.000006645958164796063475376683706682522045459395004562,1.79419023268874305800279634440758343808214732128265437e-45,1,ROOT_OK
cstr,cstrfold_0002526,cal,single,0.01912619650155807708508663912955279733236867977876572958,84.20800305723418,20.53893769647788,0,0,0,0.9999964723980873598433431086174945304443461591213707321,0.0001844462204799222209838610876391662073436793505939899847,2.15835936020418981842396519654564185904549551252033662e-44,1,ROOT_OK
cstr,cstrfold_0002527,cal,single,0.01777310138916865901929845728932935452311125985974930833,18.530872620416112,23.075784643828953,0,0,0,0.998051117851797670813790962769945269354349359189724722,0.1104250619113823576380783524584882021464067516967206331,7.238414731597095197245905290939149600587277900097570677e-44,1,ROOT_OK
cstr,cstrfold_0002528,test,low_triple,0.005055768039566160564432086566576796653323066248061138176,26.34375222798604,76.78810256153041,0,0,0,0.01429094567608922691588043334815196463193729625564974329,901.0896661360229122937468431511345730280834770531572675,1.000800384133718364728351325917800778557931597701274132e-47,3,ROOT_OK
cstr,cstrfold_0002529,test,single,0.000003141806596170751888839288705499395223474994725991933369,90.73386628375258,19.71020387049667,0,0,0,0.000003141991299771427916719557336881363656251956682766483956,1.000117583094326332480904867255686395830168473488860577,1.311211271051158888622575067422633555133949934620240275e-44,1,ROOT_OK
cstr,cstrfold_0002530,dev,middle_triple,0.0003335530199416954780715574223580736731368746789729365789,19.137918324427954,23.047786710663644,0,0,0,0.7904770840119233781314042860281667335900576336215860862,-268226.2684932754212540678502726908394932519560317963717,4.865895691410307493162602210758681341138145931481438223e-46,3,ROOT_OK
cstr,cstrfold_0002531,dev,high_triple,0.00000003487806116550956167005693794612301248982094014379038769,27.048716625058102,73.71718142441833,0,0,0,0.8267778557584043834272872328358200974975024025451687832,1659385866.864094599869030171876934901544783113128359953,5.496992743668834831486044040320285261537358071100831575e-47,3,ROOT_OK
cstr,cstrfold_0002532,dev,low_triple,0.01942977904684234161868694662841165866669455132770798406,89.71700166121725,20.200421827533898,0,0,0,0.0535067240777615183419775092472180251470920224711531047,2197.676720764385716368407415207892132098736194353523567,2.338668262274562371042768326511906940078033003314958799e-48,3,ROOT_OK
cstr,cstrfold_0002533,dev,middle_triple,0.01871202993572440814885661092058552553109012439881170511,19.289849505546098,21.910867343372775,0,0,0,0.0563711812477794518865030416461503429874717140656781429,-96.49378279110362196804779532904013334044925341991182304,6.965872952741259795765946745243217560133349301187730383e-45,3,ROOT_OK
cstr,cstrfold_0002534,dev,single,0.005047432826611485663630744467220530582811286172947854467,26.614664650792808,76.88079706856601,0,0,0,0.9999994862959832736656138589054511353076773522728494658,0.0001017755187927355983225684326975723094373591699320161108,2.827925075716117613770931364678273647286553290627968921e-45,1,ROOT_OK
cstr,cstrfold_0002535,dev,high_triple,0.000004044571403344534113056808977671377591677711481601241202,85.06228617490208,19.571850314997807,0,0,0,0.9197669579372962732687936563899371232873027389933397019,1129067.006563828130594127368255110415957417283892847115,3.145477310773113177930235882927593632490359184186988141e-46,3,ROOT_OK
cstr,cstrfold_0002536,cal,single,0.0003401962019622669550431096933587094569636817847646672253,18.460394082057935,23.77457756126657,0,0,0,0.0003428617797367508750909023230533336969858565602484751856,1.015759577722376623441517270201456307756161660901886978,1.731399628262916167714582850802564854299100963158925877e-44,1,ROOT_OK
cstr,cstrfold_0002537,cal,single,0.00000005578353713373102976501646271170834406218062455521681494,25.980121463026723,74.3600507749033,0,0,0,0.00000005578376541712249246549229948782083986137086084628635276,1.00000818463960272416721442502298527890374798513303773,4.930641220820951919379641174424149264582886156127814114e-45,1,ROOT_OK
cstr,cstrfold_0002538,test,single,0.01847065196345692875202625108555183371680802239914748503,85.22559375311123,21.206717318601118,0,0,0,0.9999977161823948023172367181889812119437637042318971764,0.000123649306976657000216834231480491820113061110519464164,1.565266745357426088516459632816859099857441921274592999e-44,1,ROOT_OK
cstr,cstrfold_0002539,test,single,0.01733328997533854937862158302726656591623477727512982759,19.494228204010824,23.557283599479685,0,0,0,0.9986487264565806802398657149020092353668886253251500231,0.07836447948341991501095281844139995818011460030701239802,6.432842498283485285455263102395568078145381997577524079e-44,1,ROOT_OK
cstr,cstrfold_0002540,dev,low_triple,0.005188074051116996941265762576426318669720112542497308659,27.099602613016177,74.4792579174178,0,0,0,0.0134302167062443141981164775598117681779460827623635659,31.08152953149950433548005215079521273606649946300326499,7.041562708445105666218003158972402510846008856912496198e-47,3,ROOT_OK
cstr,cstrfold_0002541,dev,single,0.000001386083538581112524367122678924058573157086906193540523,84.46268065872653,21.34092001410206,0,0,0,0.000001386122619754678963998281468814643386435747689386201056,1.000056391972167584416304007634635492330441987691925594,5.228407734389892285202349450206710794728503287728051945e-46,1,ROOT_OK
cstr,cstrfold_0002542,dev,middle_triple,0.0003385355256248531523920086327329213994541647844889613688,18.56988359296881,23.660917302360865,0,0,0,0.7843513457048837009849163012404303435082788945988810687,-437314.8121726648134551819572108790784781101703249719162,4.377125705892806546356120394194509471897873410848570672e-47,3,ROOT_OK
cstr,cstrfold_0002543,dev,high_triple,0.00000003954577844560132640247212693062937027720270307938880457,26.78209911614823,73.75019225329905,0,0,0,0.8245507390711988880853118290364849962491675963040762614,1425117157.668700026988054030763219380822269255784992698,5.631375368886134483194634407256874886269271099922959346e-48,3,ROOT_OK
cstr,cstrfold_0002544,dev,low_triple,0.0196992771118727624993759989370735989703264681927566759,92.68550939845609,19.931141815312266,0,0,0,0.05417544580440103703752324537093108255787473040168116633,1235.572410188127257975218186718316041540792385781583793,2.679174306958602309330370704203797108509498538869831016e-47,3,ROOT_OK
cstr,cstrfold_0002545,dev,middle_triple,0.01745881335350885854849188230831145769644016618017379738,20.11348209792925,23.22922432950199,0,0,0,0.05678483658673477106655741711526278057309809912813227457,-32.04550884918310105730141530372659544182049820442833197,2.359790765785069167980288033641692665569060894043605746e-44,3,ROOT_OK
cstr,cstrfold_0002546,cal,single,0.005115694158070455749855585467268390975545558788967917993,28.372346661662277,75.67910242079789,0,0,0,0.9999997866734514632365538481248765080146457313376032632,0.00004170045208098880503713952108151052237184304752853728311,2.894493427497447380842534350742793639381785243666811691e-44,1,ROOT_OK
cstr,cstrfold_0002547,cal,high_triple,0.000002777812874738643348830668600740518962054375074701264689,85.7165639067299,20.14119073831586,0,0,0,0.9202385904490105864151773800941624602287297049944620251,45058712.80825065382363990839902149062549218553994351047,6.966813709403066696707459399686820312607974289364354185e-48,3,ROOT_OK
cstr,cstrfold_0002548,test,single,0.0003878615152498424706060881726379940012481523339386829569,18.812503827391154,22.672524945147927,0,0,0,0.0003911619103710596108210090845186600245098725994466493683,1.017123182970980378367451453266086486635718526251107454,7.567412188318464362291977031711494149670515798974242064e-45,1,ROOT_OK
cstr,cstrfold_0002549,test,single,0.00000001976721753403169351411054356263871271969841110625879228,28.24715812488649,73.70129575412024,0,0,0,0.00000001976724594160578101610081454654008581175359581184699591,1.000002874213724065523129702023500327628809450773098932,5.107114237419080325249415917218922184562284438476174684e-45,1,ROOT_OK
cstr,cstrfold_0002550,dev,single,0.01830748079765675936344140409356336159483412341686478758,84.06234790342548,21.390711972899407,0,0,0,0.9999978525360944116871841632327695643297714581147765825,0.0001173029759829510753062077059536280490665357139335412711,1.139783483056019672964875510249344514925444806309960669e-45,1,ROOT_OK
cstr,cstrfold_0002551,dev,single,0.01795370528606318712916988934441006330727074606255327454,18.744144143850015,22.86723506895201,0,0,0,0.9981151044700230395169327151601126963117456263927947955,0.1057132846672862041597093972312457257517227592262715741,7.291476995288344053963759846560305804540568640527977196e-44,1,ROOT_OK
cstr,cstrfold_0002552,dev,low_triple,0.005480548463401687680588720742300992044763656063394386843,28.517916891743077,70.69707409012253,0,0,0,0.01548702582780704650972227169238386702159636664921132269,9115.396302958851713133528358985312229037434866711018137,7.609879591568981483390539934852788288526109354682557286e-49,3,ROOT_OK
cstr,cstrfold_0002553,dev,single,0.000001844466557636838447052179859239932534817371588718029184,89.21654370540294,20.621781327066536,0,0,0,0.000001844533315644160389194386717564152865433805309013372624,1.000072389279944304908499425138429154517355404207999266,2.338415578621150451705884493519389826461856961405233579e-45,1,ROOT_OK
cstr,cstrfold_0002554,dev,middle_triple,0.0005095683923598536271223167768677705206433910236142277441,18.627500144282653,21.6205497882037,0,0,0,0.7680363960081665746376379657447172860824634281112653379,-4560.25587113817687999826715180348861288024791179773481,9.15843944697903604843341018995561470916405614413935512e-47,3,ROOT_OK
cstr,cstrfold_0002555,dev,high_triple,0.00000003781630196209089471707158141236051753149810088940444375,27.138602726894735,72.16004017386074,0,0,0,0.8287971479349902110958809099309951939435400985219107525,1547000561.230688095354774994367527963158149301729959722,8.840527015070048707105040387997859656036547457387712783e-47,3,ROOT_OK
cstr,cstrfold_0002556,cal,low_triple,0.01831455229427716226010277834760417872379498821682390744,85.42773029036607,21.280386588134395,0,0,0,0.04588613830961176462774769144257218282781125436602561254,26.77783264986686567204990926269506977403991902994852333,1.108382548457038993680673431154198286911691885081743154e-45,3,ROOT_OK
cstr,cstrfold_0002557,cal,middle_triple,0.01822644021752769251887851802400295603506349989830940977,18.69879209881694,22.31282816410606,0,0,0,0.06207812744322080850542316345595184554243806641280697164,-25.32653117431424861374206334225010192394625158982190542,3.105808331907876099495695203227303445043186861791367272e-44,3,ROOT_OK
cstr,cstrfold_0002558,test,single,0.005147991408113300217742124626302182003865942456256261097,28.17786860848214,75.22865706974842,0,0,0,0.9999997570381168011043720039550670990631763850986351072,0.00004719552436164766501847609415851644645711011071610478559,4.825121361011976702101644809157155628682785417221077944e-44,1,ROOT_OK
cstr,cstrfold_0002559,test,high_triple,0.000001967110375441943016957981905386579560370276748833875718,88.94440919901426,20.534270625017193,0,0,0,0.9258987949375830309141014074622260601111873278774136243,798504.5696734994315049229717164880750838678316579018646,1.027215466773258098657103323224163906895061722778321368e-45,3,ROOT_OK
cstr,cstrfold_0002560,dev,single,0.0003679241540979654278253714494152199138359367971189360291,19.79662029195297,21.897214261336003,0,0,0,0.0003707847796915118000326561288853255025785593756716980091,1.015637677597507437601949334025072635499442090524260625,6.527869232031855345345926402083218695567486212675169745e-45,1,ROOT_OK
cstr,cstrfold_0002561,dev,single,0.00000004259339395343130704091475482479085766889760655514455876,26.30061331025021,75.89844417373091,0,0,0,0.00000004259352983461291074707664751045506321112164286106573827,1.000006380402481493384202407808818061585413939871550016,2.497324681645332497530221000015495456581226244546755709e-46,1,ROOT_OK
cstr,cstrfold_0002562,dev,single,0.0198781408209371608284673754756804222467915545512991419,90.40268709953018,19.77118575454676,0,0,0,0.9999954708179674555701623450465239747456198417097189276,0.0002278600723595212067321829221426404457737490480174417646,1.96713244862631733273181411638171798027201212323000991e-44,1,ROOT_OK
cstr,cstrfold_0002563,dev,single,0.01898992415748922528743839619557113889732704083751382958,19.560492306020013,21.60618969133882,0,0,0,0.9981549470460269697742290997357105731531972455593807129,0.0978611657081832200673583819808052856520458692099322226,3.379491902224396358993144863987013197718582315491647783e-44,1,ROOT_OK
cstr,cstrfold_0002564,dev,low_triple,0.005157004777805921837077625529333551177091373025972088791,28.023710893611145,75.11461835357937,0,0,0,0.01456733234551561244095016560111696469380173104324429185,2247.293380180436357396047185462312612352623856140065783,6.354949403966514293808323829221440013714617727122923643e-48,3,ROOT_OK
cstr,cstrfold_0002565,dev,single,0.00000233802043701569429545806651207611071081935638957567148,87.54735061063883,20.314202828092956,0,0,0,0.000002338126022092066556193796573186027412954364330019848545,1.000090323093532951446554224301106928578435079977234051,6.240391723071153882097900618453247456234242415394885833e-46,1,ROOT_OK
cstr,cstrfold_0002566,cal,middle_triple,0.0003123326603000016744333358257367177145795749301561985373,19.056543718061068,23.463461096004217,0,0,0,0.7897504401929931638516071726494938722277678037032677459,-363849.3554366764896209033974545832624962332556682961863,1.542951075244395254688899569062750609057708179294615928e-47,3,ROOT_OK
cstr,cstrfold_0002567,cal,high_triple,0.00000003246415446842230442588113740076409693501574598172660409,26.601246079561594,77.64068851595555,0,0,0,0.8301096799108305428955381515299560043279891637745070309,66417348.67259446978426277623272897679591473113976829107,9.784616145212602985208557274340174677486513924403023609e-46,3,ROOT_OK
cstr,cstrfold_0002568,test,low_triple,0.01952915755154860350183486233656980494221478692108797939,91.56581613645771,20.097816526381095,0,0,0,0.05346817134414192939699732138289645016750327604277092014,409.8491341195459481180103562359170818569102902303072302,6.655346742029517786862875233135134492289115685980746577e-47,3,ROOT_OK
cstr,cstrfold_0002569,test,middle_triple,0.01807373682394870280410815297166127680724244968968717749,18.83288089310594,22.67733209003666,0,0,0,0.0544642937056764897279876115760005431796662872630831773,-99.94784363673735711925529339654488228552411085743538655,5.531329189965990036107462153595189168436204530289212068e-45,3,ROOT_OK
cstr,cstrfold_0002570,dev,single,0.005234101102523713604698874201249579959504408151921130334,27.81562566464398,74.04653074632377,0,0,0,0.9999996839661795608010067529419405186477212440934213216,0.00006037985622453817787325347314238413317106221722329133958,4.853258398299217564194030577769737493999210791192965048e-44,1,ROOT_OK
cstr,cstrfold_0002571,dev,high_triple,0.000001381224600595307311946650412115238190002533334827162812,89.99524750516416,21.045085418898346,0,0,0,0.9240147468528245506314411478527368829957742418641686065,60714117.62965823060827229454964226840881691460311980008,1.607676196234914422896522842651812282024600885047183493e-47,3,ROOT_OK
cstr,cstrfold_0002572,dev,single,0.0003283647639687920452336924868623645242924746849018871179,20.11842684419502,22.088319078404947,0,0,0,0.0003306615906408108351504873502796325218591003415247814038,1.014060397605694262176014297216926750983709884694546272,1.061421737250392452411632625173409743216038678511066583e-44,1,ROOT_OK
cstr,cstrfold_0002573,dev,single,0.00000003146853410506668547734349850936805652972610810281351261,26.82425728789706,76.46213192964247,0,0,0,0.00000003146860883310872216712621881570082629974116250461578111,1.000004749390071717944448318523696433339801692806572308,1.056990327925074455239983953979570144142122155782428587e-45,1,ROOT_OK
cstr,cstrfold_0002574,dev,single,0.01966665358651494908689725381110298080089233007031630776,91.90089398339674,19.9649095136931,0,0,0,0.9999961707989155647309655469625453552178271807043851421,0.0001947145703848086903599714706101850132204895920453756204,1.566997181371952047255960649628134222058215019959297448e-45,1,ROOT_OK
cstr,cstrfold_0002575,dev,single,0.01731789148797760258519888844482775897832481236113308271,18.598608836483862,23.645422945349246,0,0,0,0.9982497233581276358771974328145221976555409716194382383,0.1017067048643863783272573388261825088367237376417685607,6.123576523468409119125801459261401382249176137062463156e-45,1,ROOT_OK
cstr,cstrfold_0002576,cal,low_triple,0.005200755657788815230482217017917229172020479598474699682,27.738839465108686,74.52187945684926,0,0,0,0.01469813033910186656777251904269970191407208798331002692,2312.88173141332754493912436887377040669955188619678741,7.281016363353757375977217052148182413814200925533900085e-49,3,ROOT_OK
cstr,cstrfold_0002577,cal,single,0.000001765042842314842777429898772598723397625023877003347812,90.72918732873828,20.61842304376267,0,0,0,0.000001765103964230014853175738625756652406326115159861794528,1.000069260062053019225798036416198358586275763193870362,7.130867450603473794172563642002371745129941329743140752e-45,1,ROOT_OK
cstr,cstrfold_0002578,test,middle_triple,0.0003747235104787342093051950308170901828320813202255645094,19.48253328700995,22.131493534033144,0,0,0,0.7877505495038992395696045537728232243086081241675056814,-14578.53629364883846529549029799946663251342116703200985,5.551011844359513576666879924746387358821373760448420687e-46,3,ROOT_OK
cstr,cstrfold_0002579,test,high_triple,0.00000002754602311862640049859872209418832035937137824219506583,28.133402295658076,70.41790353042342,0,0,0,0.8379175907303180771994774977286979397795880185919154877,1590430508.244350911541284992012283549975640478908502314,1.669867544065009872885469605350823741111690110971107237e-46,3,ROOT_OK
cstr,cstrfold_0002580,dev,low_triple,0.02010016888625757965000053904326700332566769500133353628,88.46458915420882,19.565405483467952,0,0,0,0.05493126893861810759198017707896488809298155072252890352,303.0636789179429368938863790340469732147768699707057133,1.599121017102755199449939667133819295857014833783947118e-46,3,ROOT_OK
cstr,cstrfold_0002581,dev,middle_triple,0.0180328561163093736057714279056681046279443384216856147,18.70758897947971,22.746730658297324,0,0,0,0.05257990635232770258943999784257960624145993995932506682,-2645.154618878628178070935357364400354605271718620038314,2.401506753391374480929770749618839012846388897024021835e-46,3,ROOT_OK
cstr,cstrfold_0002582,dev,single,0.005261399538329747999689998606898563961529923745471457838,28.327866185995788,73.61686556528059,0,0,0,0.9999997517695422943090327506416423131536027118733891977,0.00004717960393150416812170024292283547583978684099406118855,2.587113831505857150593232524782691801862505444142615663e-44,1,ROOT_OK
cstr,cstrfold_0002583,dev,high_triple,0.000002718950631328126481362726653783315136026784794245676983,84.16599569590755,20.256450061593448,0,0,0,0.9200271860217504536545214119372077432986692374193615499,27505773.81715509123438617002170406496835017124227588598,1.746115126319889539779050865335717691737064548305508367e-47,3,ROOT_OK
cstr,cstrfold_0002584,dev,single,0.0003084923013752949861600902107266672386759396570932947498,19.146175862098243,23.41749057760916,0,0,0,0.0003106472451708901673207070689283708281897472345985608698,1.014041420350044583125461097858850545172780639908325701,3.65494475240918117274650769754705275739939733814383123e-45,1,ROOT_OK
cstr,cstrfold_0002585,dev,single,0.00000001557021369751877100261244697136680708404182789239441145,28.075594771025692,77.74259822197047,0,0,0,0.0000000155702323023786928663445619331889948632901766039821677,1.000002389803576147187923572838641833398216554088028972,4.876326031664166589341684611842605180911488230144546157e-45,1,ROOT_OK
cstr,cstrfold_0002586,cal,single,0.01836696250515283223725404086866224418665964954797492411,88.54785809160646,21.31021133399865,0,0,0,0.9999981105817452505579073659312944090094449798653802982,0.0001028729769151558549652453092340234099338285671844571495,2.219462154278208809025570363286889885089515228160375509e-44,1,ROOT_OK
cstr,cstrfold_0002587,cal,single,0.01854897415131471158463424808385125546071724292015111725,20.191278099740828,22.043773173115227,0,0,0,0.9985631501137565414189390772115428712923639828305728201,0.07791526100401809447412554038484544322777962917670689805,5.240844080688127125540415966824810435064184002604160491e-45,1,ROOT_OK
cstr,cstrfold_0002588,test,low_triple,0.005112391431342371924530884192030909655285353652469783987,26.865573982991073,75.86586608748419,0,0,0,0.01412280820171900194842046716681795222697606619150409551,117.5834723667878118214333844025416304571751973766853667,3.806011407470893706668597695522347206442900761481175287e-47,3,ROOT_OK
cstr,cstrfold_0002589,test,single,0.000003162897699041058033930097788695139219605855717615034258,84.98959843350859,19.969365597099475,0,0,0,0.000003163087484008223212803077834290230521021078421911353951,1.000120012371038317063801106514313700267823790153328737,9.818489705222110116311565157027521546881233003446725197e-45,1,ROOT_OK
cstr,cstrfold_0002590,dev,middle_triple,0.0002901262529425869790839163177919897462907571508891727624,19.052309689283007,23.842458543193764,0,0,0,0.7795762788770760292139814523641081650178846143778512936,-11908.84044639798898434567233629764089501751657353901202,5.587360207863669325753749711412273182547920071160303776e-46,3,ROOT_OK
cstr,cstrfold_0002591,dev,high_triple,0.0000000201800057134572419192933618315969350691531391956022528,28.57654276802116,71.65367072564572,0,0,0,0.8407046413572355890814950507336917246181766842580983392,1004339109.867805125065255418158575598972471605745363867,3.37383447152425614437549448853388646128137974665863567e-46,3,ROOT_OK
cstr,cstrfold_0002592,dev,low_triple,0.01898082666888239562409885020048157689166295169706031408,92.26317567457185,20.638812567565175,0,0,0,0.05092756177234849605212067089168583987226866360902531743,102.7173275041049740385451622786158665158815342358133374,4.418656851139782076947674236942198998375950208241946377e-46,3,ROOT_OK
cstr,cstrfold_0002593,dev,middle_triple,0.01884671850510328240198451507099373227422519017682734853,19.978875500749535,21.727411719816722,0,0,0,0.05500661752480636614185740513377555929320521192374579741,-500.4621899759497088825679297799922950429007294630387503,1.449588148471567920602704219632138063871589557386581092e-45,3,ROOT_OK
cstr,cstrfold_0002594,dev,single,0.005017699084987538278893010725947938596164263446600013244,26.75638485312983,77.31832535177564,0,0,0,0.9999995357520508563925485275315867936636614520026216928,0.0000925222551534340817297178495305717047509176564388088857,5.371995722891197650879628875500496650565080405818943156e-44,1,ROOT_OK
cstr,cstrfold_0002595,dev,high_triple,0.000002138606797843033802201652127320550609439448638898742906,89.6450928860334,20.366750400538077,0,0,0,0.9249697076265214330540930439901372569800189677933799547,932063.4374927550622935556088349226550916451278711230798,8.6018408607277371324184674641344947582538001615423672e-46,3,ROOT_OK
cstr,cstrfold_0002596,cal,single,0.0002754786758095045865438564547492549100219161673642788475,20.058613296823097,22.93509120812745,0,0,0,0.0002771579768334206068777148418861697836603671188697028984,1.012245717448661560141598428743156863380027115635955186,3.421117803166968285830807220882745334485117180600249272e-45,1,ROOT_OK
cstr,cstrfold_0002597,cal,single,0.00000002143299417200116633903997611289135698810920355328625155,28.460861421218773,71.56843650165463,0,0,0,0.00000002143302658932419540257893638405414616303003556249919235,1.000003024995822219277603295197942189062986443556139836,3.706215163810334585444312134231893045197345125305311483e-45,1,ROOT_OK
cstr,cstrfold_0002598,test,single,0.01822006178284664292065487481585742106744675107875896499,92.3133110035446,21.464501321107022,0,0,0,0.9999984997992801173566047597658741922779726428870322421,0.00008233947218131950179047495060844343011196941319481031565,1.717154575158052658053993485770495467828035091853222573e-44,1,ROOT_OK
cstr,cstrfold_0002599,test,single,0.01744654368487067718138040706242613583407557993271388918,20.214069608263888,23.360463790170712,0,0,0,0.9988678756961969224451267532225796335204679832104630864,0.06518861524601030304501996646293267549469210512248687762,5.321803916872834036323433665234950781665067821166957084e-45,1,ROOT_OK
cstr,cstrfold_0002600,dev,low_triple,0.005174746266007441364024631369885599961757513010090761365,28.705961251536966,74.74815097175946,0,0,0,0.01411634795424248392946760321583237719085599420470135088,83.56954831801315270359048974771209654457014173449236673,1.544118267309932353236696525011116816420040464436033834e-46,3,ROOT_OK
cstr,cstrfold_0002601,dev,single,0.000001374427578665412322723478146409408206565287229343394078,85.80999826127355,21.277182549036873,0,0,0,0.000001374465884887189698910075681220260717772628186500319723,1.000055742500515010556232602200525721911804381123722015,1.412975728599354594144270919564544969314072417739470105e-44,1,ROOT_OK
cstr,cstrfold_0002602,dev,middle_triple,0.0002971986774821724044211918137492540706313579918278798104,19.425178415457037,23.275239700325432,0,0,0,0.7900057369115665187148793469921531681144285932579974407,-29338.689107434233055806528484877836489659294156527201,1.604628251707881396356175668709067520634438650721703846e-45,3,ROOT_OK
cstr,cstrfold_0002603,dev,high_triple,0.000000019434625143472176003203402323051205971269896967359347,27.948527134417002,75.6721360018943,0,0,0,0.8319837061960520681357973284687152346000568853184730807,44681862854.64490697466060528257582319845993104163616718,1.446536245317858026357769899610750561898524353781989746e-48,3,ROOT_OK
cstr,cstrfold_0002604,dev,low_triple,0.01894330152310918417904169058099483533303853863910684179,86.14066883468885,20.701780209241097,0,0,0,0.05223541786028003460728326438313081556733593674923197319,6976.914110254753609898033174412075998600333582396597332,5.640479172525810954822544146959893144188083375090226057e-48,3,ROOT_OK
cstr,cstrfold_0002605,dev,middle_triple,0.01762945903529322996705635493706900488366309257984370836,20.152629207388163,23.13444072124828,0,0,0,0.05107460060340184365391778173981695448864666533987063857,-5786.291274373540909312231668342921255387194823188744377,6.111560468579810990501167968383256160141007099156821048e-47,3,ROOT_OK
cstr,cstrfold_0002606,cal,single,0.005237171298184948870741565125615244954255489627003108723,26.74830560034841,74.12235038420599,0,0,0,0.9999994444828133524661474093529105865436565141442617318,0.0001060722391671567988198246533312146262573056690388856307,5.214417673087635956486736454370341774822883390081063287e-44,1,ROOT_OK
cstr,cstrfold_0002607,cal,high_triple,0.000001477033632495972623433417320905710166707748199104738203,90.3427713844368,20.92058327782945,0,0,0,0.9243198583893282526930998734671956188725714021390807879,6678591.20721816520785141720277355400105239311864262687,1.720812977472572511101923579087852449122436052917208497e-46,3,ROOT_OK
cstr,cstrfold_0002608,test,single,0.0003229851365820260038708093251504237836783479955614595476,18.673985264458558,23.736101818882606,0,0,0,0.0003253823609375198569900273126890430562911411406802563554,1.014923833359021442947155931653332430151857585334063664,9.723773842354727393626835954193397906491426160327362727e-45,1,ROOT_OK
cstr,cstrfold_0002609,test,single,0.00000001618884628143941715066374846468955307020661805057681195,28.133767961206686,76.86943022681162,0,0,0,0.00000001618886616524013309136253064724830192543047723705620793,1.000002456483709862232765264054911015098778348570039467,4.790275098585841387558787195447904528727668077148359748e-45,1,ROOT_OK
cstr,cstrfold_0002610,dev,single,0.01964786205970469583789028561761845339859877359854365066,86.84774993748097,19.996214594749226,0,0,0,0.9999955562564845138074395250313781523075954707223244591,0.0002261815897246026856577652260275818492294474951563483428,1.618384413630825757598915505285593850254096543414084363e-44,1,ROOT_OK
cstr,cstrfold_0002611,dev,single,0.0190029130629944808206659614691798835388191688025029307,19.057797248909758,21.625227522949494,0,0,0,0.9978859709921653876390769304832919423437899637153675961,0.112137568480067742139572465642485026797657299132624827,5.415886927156592103384074700711402012716079096872377675e-44,1,ROOT_OK
cstr,cstrfold_0002612,dev,low_triple,0.005077374707205334744657667288418908306046542725223547418,26.139132254469814,76.48978306278245,0,0,0,0.01430676345058822581613623156483261424079885692203993692,442.1810763804677490909281456908360353286664676988389773,1.520188304023063563510146854143380607428262306388329058e-47,3,ROOT_OK
cstr,cstrfold_0002613,dev,single,0.000001208799335068367136345195034294601263755647294086984115,90.56290983361527,21.22978826356937,0,0,0,0.000001208828895825310023034567905608811236719363245302363245,1.000048910176285960799637451593483176261894982710045566,7.909615575276963687383209059533149508129215458666760259e-45,1,ROOT_OK
cstr,cstrfold_0002614,dev,middle_triple,0.0002708064284039695082235816266392315320592017729476780496,19.852696260808976,23.237779444906224,0,0,0,0.7974947007109072810718014889813986198888495955624397244,-153730.42735156607267917086862866678884372411598441038,7.359364139286137423127096946640858518477935754172487525e-46,3,ROOT_OK
cstr,cstrfold_0002615,dev,high_triple,0.00000001844483603212009968910759375362635232687428918033826575,28.18650704289154,74.96159902347871,0,0,0,0.8483234053129466010831663769627068788375762471863324917,77296854.20750621120728279649062665178482379883498070683,8.878992066139437861424115862363575303922190957348382128e-46,3,ROOT_OK
cstr,cstrfold_0002616,cal,low_triple,0.0182089957031791624016465380051739274711750430714560682,88.3542624615696,21.48629083963201,0,0,0,0.05019776627457890158426571957606720176069372409081116674,18994.72640650109405039023720647799628982897322376857989,2.433382117433332347455982267154368525289351492282759383e-48,3,ROOT_OK
cstr,cstrfold_0002617,cal,middle_triple,0.01745408418993484689294437928543001192611454260828979371,19.18306645491651,23.42103520835298,0,0,0,0.05168419113516293338928610189277646593204411157497620128,-178.8293267991780433860393300590733522086260954864081184,2.337361747137907539668469531568934748088544414148579286e-45,3,ROOT_OK
cstr,cstrfold_0002618,test,single,0.005470573293383888115322333153277177190246033608943770396,27.284333877355323,70.94732059374691,0,0,0,0.9999994944401494997265063951896557096544582098235097131,0.00009241462763752410359555806933241130802024613955199016562,1.793087908845845465995290670739411568417485088707555979e-44,1,ROOT_OK
cstr,cstrfold_0002619,test,high_triple,0.000003287529564271776591354917979337804120218827239272539763,89.26017575918351,19.707957458843996,0,0,0,0.9255410450997794190236072458029633631679143230281900509,329439.5585152943043613020548043727431012178037786884764,3.783171330541688679437668514855996469207014021351754195e-46,3,ROOT_OK
cstr,cstrfold_0002620,dev,single,0.0003152460861928863068965719521500121348725197894837872347,20.10867497194352,22.278584193151726,0,0,0,0.0003173814784874860361614636444409608738408296779935579961,1.013613960975938156461143782812162766152082376093198007,8.636059944927290202272252931248160964313418998851405214e-45,1,ROOT_OK
cstr,cstrfold_0002621,dev,single,0.00000002493925137829285583048760097763204734031852077551611621,28.345796357897886,70.44324670999747,0,0,0,0.00000002493929456975872573876700441438305300550563512745764876,1.000003463738341989806141185232233008281421246872371658,3.647997210358983623962227203248512623188372072932893674e-45,1,ROOT_OK
cstr,cstrfold_0002622,dev,single,0.01959772158190052184417283916576934090088054946158197824,86.05210449312193,20.0470905534226,0,0,0,0.9999955689031168349946941933238123571759955228711670927,0.0002261148658278713268098249979401516480020823920274426266,1.543833073733831176242026619784832028315064841550518685e-44,1,ROOT_OK
cstr,cstrfold_0002623,dev,single,0.01721120511273917024227957345625015692689168258236436423,19.91082819627101,23.684812395767086,0,0,0,0.9988296169947780020584852311250677657255361787292559007,0.06831669431379021734983821602689788086785901472482626746,2.130586186909758272334947051791661675529280106864509101e-44,1,ROOT_OK
cstr,cstrfold_0002624,dev,low_triple,0.005421794159426047211700558391716767261888854120319287341,28.287392951296216,71.4737012057764,0,0,0,0.01532877498460725924781906793663218700991334417676160226,19701.08734976961495482645487458905574628520789319203327,1.710324471764224866891967198525073564667096561579327801e-49,3,ROOT_OK
cstr,cstrfold_0002625,dev,single,0.00000206124878942778994015892769010571283135199428942188588,90.19622187171342,20.397907854175788,0,0,0,0.00000206133121112087283648540580582062806431275334735119837,1.000079974957870522978191856302395986039086898722437613,3.73804360994378901858193631768021864097082728505011125e-45,1,ROOT_OK
cstr,cstrfold_0002626,cal,middle_triple,0.0005249247955704617318186245794956339118096957409200892362,18.508296232272137,21.591497659540238,0,0,0,0.7831621914557358787182298426706675520218599036572655509,-252645.2074118816938922232057063025503382238787699427971,2.225939258214683235139047421684481162810890093045136626e-46,3,ROOT_OK
cstr,cstrfold_0002627,cal,high_triple,0.0000000225974869915524887486859091108857322828026503094121632,27.379212578435716,77.31055655437616,0,0,0,0.8283799178731635294907154829833150614394310404964716853,442391322.6405491796944651862427916678830811469623968908,4.533803428887908536948746995531816894284925274650247503e-46,3,ROOT_OK
cstr,cstrfold_0002628,test,low_triple,0.01936664439361504863348099838209790605179744984983595517,88.02345329080364,20.267465529645328,0,0,0,0.05340446157556352676516337425565337013000251115122545429,15328.47551713317138259732619832798401549821200403672981,7.280540117198100283563280286009539371109844491793399424e-49,3,ROOT_OK
cstr,cstrfold_0002629,test,middle_triple,0.01755998022042333833611997385963319614915778761020825417,19.12795768000505,23.286987292298196,0,0,0,0.05249672976024527520972681658292320693887389668195811984,-121.4178704280587693700886630291299743295171947818804207,1.558562244200332236464093602021679227492455534357917267e-45,3,ROOT_OK
cstr,cstrfold_0002630,dev,single,0.004994078216850036679542673503828545917594297115125526347,28.17449990017778,77.51348542922145,0,0,0,0.9999997874706792087374194614387594620426004779596204963,0.00004255630673154340966567072933670277055833395613786588624,5.250436042112929433206039005563434681882676253683968997e-44,1,ROOT_OK
cstr,cstrfold_0002631,dev,high_triple,0.000001225029995839225601972873537939078656943584052470728591,89.76611128563314,21.249282489478936,0,0,0,0.9246720251632167415453930361610568740378233392184550534,15099493.50151992490104214736278542489926426619100242561,1.740042855199208310409658937616505089427122906564814638e-47,3,ROOT_OK
cstr,cstrfold_0002632,dev,single,0.0002956362053352047529096409599660985591135835639773045199,19.91802876564828,22.761460960753023,0,0,0,0.0002975560379279358436274143103224473855447185277967739165,1.013048897773728863836197690093430542152744938649831602,7.957415234744259296690746147355227394178969043632357999e-45,1,ROOT_OK
cstr,cstrfold_0002633,dev,single,0.00000003881374721994669237558972756159084996547844555829224177,26.490194521688263,75.89189873400795,0,0,0,0.00000003881386004559358138118916896956644015703858589724601921,1.000005813707491515756158038427601313039720184875954563,2.014342472644076386639377175532086393315128564544774853e-45,1,ROOT_OK
cstr,cstrfold_0002634,dev,single,0.0192240807234357258101914737212001619787484306181636304,86.67311494663946,20.413661655524436,0,0,0,0.9999965274667195689416456807121911725462795897143208505,0.0001806423169264183490750334803351841061574458500426422428,6.134463213369687282859928750244584246647012217055804649e-45,1,ROOT_OK
cstr,cstrfold_0002635,dev,single,0.01895821331570072529957562824030560944793405963744696306,19.78338778328258,21.619875070911817,0,0,0,0.9982673559916367894179683023710237832295917214015226978,0.09202151574866212096351081385055933727767052877835811774,2.587620360645040234388385375795020749975711192315638242e-44,1,ROOT_OK
cstr,cstrfold_0002636,cal,low_triple,0.00501397481884319421403869072351972532648803430070938863,27.342629381861816,77.30146493316138,0,0,0,0.01419420704921329295791569510784201354251821693669056723,14395.19798936727119875369980333529553258451007372891466,1.267247038975596681539463310532512954006685042406453605e-49,3,ROOT_OK
cstr,cstrfold_0002637,cal,single,0.000001330920483694831868336351695583014130026147357982329092,92.08143187512515,20.997935684808514,0,0,0,0.000001330955908426708280928207837723860216504242015758805921,1.000053234484334566157781357971429275122666041064377108,3.488958802078373101521453247726466477447099788590294731e-45,1,ROOT_OK
cstr,cstrfold_0002638,test,middle_triple,0.0004266061359261301479421798087766830485865252254209750104,18.59575561103913,22.481292181985626,0,0,0,0.7847183451693271130524614731412720528177169806042309477,-2886254.56476290446261230236592342989971453857805643058,3.274153709740078049470186094968546737236202840169017942e-47,3,ROOT_OK
cstr,cstrfold_0002639,test,high_triple,0.00000001341768361927758853578051835690036422433411732402198945,28.471601331704417,77.19079441350932,0,0,0,0.8349565753669821859047793398409117349276426157889958755,7552986541.118082270341466703325102049852186297428481841,6.833171714336218380995717381298712621288047272417661239e-47,3,ROOT_OK
cstr,cstrfold_0002640,dev,low_triple,0.01978597894886481415233324936475883964250435910006253434,85.43089560727357,19.868310858503044,0,0,0,0.05458949192020302404425247901257824955645688693907967789,16791.65651331619656554600788089491760650782518527002613,3.018071337373578301725380650221268547065518353502535642e-48,3,ROOT_OK
cstr,cstrfold_0002641,dev,middle_triple,0.01868528742087045984942623571422838363478626961830408686,18.32144590596355,22.023983254777463,0,0,0,0.05456882660783736567022665975972849716602787704109940508,-4208.653052024518564505006998855267653188404796494301643,4.020145889289435306085543080935220793975553578688388325e-47,3,ROOT_OK
cstr,cstrfold_0002642,dev,single,0.005284961250379290742949680208404444807995187063986859104,28.008527081869392,73.32688628910061,0,0,0,0.9999997014234427839418628246922519514849745124606828213,0.00005649558309045729097000140625865630682443863219495919862,4.396038590818498729510506565320670518836662879277478835e-44,1,ROOT_OK
cstr,cstrfold_0002643,dev,high_triple,0.000001532332104713621102295192793352892854851560866180594866,87.4627991767632,21.009483044317143,0,0,0,0.9236419023561266852026272881501376745882541864994966417,6126848.856017977214264806677872999545323490305803988508,2.417592575876945660602843084439199600383731529581467227e-47,3,ROOT_OK
cstr,cstrfold_0002644,dev,single,0.0004378895442330552114300430710149439153338281919365948071,19.23751223145214,21.6612092972083,0,0,0,0.0004419037526479378753088280306070389570159681795127134733,1.018456052428119668664426658286858663008218912882316105,1.871533943436578265314624545935485257762653894325675315e-44,1,ROOT_OK
cstr,cstrfold_0002645,dev,single,0.00000003272819038283129032275272035604505813035121330355676839,27.086519432791683,74.30152700407935,0,0,0,0.00000003272826889889717003842390052825906691848303808536755744,1.000004798077904839738610935944501226365818199524311402,2.396936029520831001665446548166917553457040712861976765e-45,1,ROOT_OK
cstr,cstrfold_0002646,cal,single,0.01958882153624144460383725363958901062691315623773812983,91.50878400208526,20.04049602484689,0,0,0,0.9999963002989015557239723325714900896951376840578733175,0.0001888767026021731404245902858696862577827927385977626847,4.349622072983855273349134054262657928320227239106124911e-45,1,ROOT_OK
cstr,cstrfold_0002647,cal,single,0.01771221882104192162091526048227791579621401069485071889,19.388708826525328,23.085369008555052,0,0,0,0.9984948241536748734306489687625678632154925944072364392,0.08547054840921192411036397461810883491914411198553265516,6.011997715963097361769216290113396979914671140012743117e-44,1,ROOT_OK
cstr,cstrfold_0002648,test,low_triple,0.005172764328517222793898605220765031849884451363951252161,27.163717130633643,74.41683032553958,0,0,0,0.01294510479073357534152090309861909195835281701153037484,21.82996285614697440655371631822672308532520032835583753,2.478438968634354828794425937931939537627300753400738023e-46,3,ROOT_OK
cstr,cstrfold_0002649,test,single,0.000002385409501818024345000774044197555342202514721315049249,87.16648989300957,20.312462942845485,0,0,0,0.00000238551940070258517639820825695958096164852703190815811,1.000092145727126220721974893382314657000192253430874169,1.446046837822719341008672042553651099064022091814588945e-44,1,ROOT_OK
cstr,cstrfold_0002650,dev,middle_triple,0.0004258592146304606534386254844568407300292466869315710615,18.718725262582126,22.376202932538437,0,0,0,0.7658292111249142594425889255994057553506281146112506059,-4493.773971896929798858458222300767019607808833613036767,1.88422480611541760472027760432280841486993539425598252e-45,3,ROOT_OK
cstr,cstrfold_0002651,dev,high_triple,0.00000002099831139287239922257355996924042362235986825474739777,27.645643975014988,76.55951777927682,0,0,0,0.8299367849394554874864986045019900448775203350293072777,996021089.7600937922557605518036829648409786271262129063,3.305325317880578156954207897646875242301431243022924973e-48,3,ROOT_OK
cstr,cstrfold_0002652,dev,low_triple,0.01873423503637141659325969497666737985597501218530998813,85.25496387511778,20.923208933320176,0,0,0,0.05141935351600741956813715069707864090878296339010162235,549.3275469230820824846144412220269314421525016222556496,8.732406025727433928525904597220184306984128927158057867e-47,3,ROOT_OK
cstr,cstrfold_0002653,dev,middle_triple,0.01799698776656942457200689052552927477571784602887319813,19.1257957832444,22.757899384281515,0,0,0,0.0524483994035542293208962191689888143607958463161537756,-1355.156524193651368181945500538096849575738735113458391,1.881024531205284556763268953919668411003823346772684679e-46,3,ROOT_OK
cstr,cstrfold_0002654,dev,single,0.005020547307221907995473922789738898451755186230584665703,27.59743604350046,77.20658520225543,0,0,0,0.999999704957199204753352934406105781469380024435572379,0.00005876713467927277598197368851683365195005437532905190131,1.408762383840947173630660495220413925982374250160047767e-44,1,ROOT_OK
cstr,cstrfold_0002655,dev,high_triple,0.000001474523681904590932461088004739078518820136817640732427,89.42203145681701,20.969438508496772,0,0,0,0.9235915342716813282362385874455395511674495172381926337,279032479.2723288827887005667957711053242067428633397868,2.608738313531920305968979012537134126615834240182678113e-48,3,ROOT_OK
cstr,cstrfold_0002656,cal,single,0.0003935588976789860121207190982516860247895094225730541818,18.550944545165112,22.92824852242556,0,0,0,0.0003969981674138973429213463982993031799551068750699749402,1.017588239503899320832865926134736339388990183102371231,8.831627676416957696442386358939014554913669279936914467e-45,1,ROOT_OK
cstr,cstrfold_0002657,cal,single,0.0000000361824247972870868961238734499635339816257793391025239,26.657485836256487,75.72958740562902,0,0,0,0.00000003618252263124800946976295473034001731671299763666022354,1.000005407827405944562162593660672493645324517848622434,1.343861363758797229734386902136516092856530100889707308e-46,1,ROOT_OK
cstr,cstrfold_0002658,test,single,0.01837311160056268909079400515063750087619086520483176107,85.58023655150647,21.312819339954455,0,0,0,0.9999978850503634506651706664959140003884487595871512294,0.0001151142124313331046567754949228261279181465492923894338,1.81647717537096021051459748689652137237508065326092395e-44,1,ROOT_OK
cstr,cstrfold_0002659,test,single,0.01804263188768467264499084453331236218027141110703826672,18.320350790682973,22.765972690987404,0,0,0,0.9978203933322350141564074775040198624530040312260595523,0.1217412117728609472438636853910510417558561827447153616,3.413225499253604781385450377717470569560546239778681677e-44,1,ROOT_OK
cstr,cstrfold_0002660,dev,low_triple,0.005312240191996250402206242923799037502240721452423282724,27.778495511826794,72.97689339478134,0,0,0,0.01502816565119089685751451234997097229844275415597943125,10297.42537238644292941755145549565603128869596208572832,1.064528267434665923530656450774669689551323527640096595e-48,3,ROOT_OK
cstr,cstrfold_0002661,dev,single,0.000001966639150442016608270161535228019137004402676279837691,88.21290473596605,20.569177427560973,0,0,0,0.000001966714841882927147409575289978118507322046476609103602,1.000076977625190364021976596295391049402714986669213029,6.438193499848717102167114061575965428962360788329408755e-45,1,ROOT_OK
cstr,cstrfold_0002662,dev,middle_triple,0.000248123751572567886729789153662318463442900360275269983,20.13671122132703,23.337685679640284,0,0,0,0.8009990809636495164676167567144339421704089489773810455,-1522168.628900399942818254557610925492931526299816009878,9.803923116711387108248563821079026495214889687539041441e-47,3,ROOT_OK
cstr,cstrfold_0002663,dev,high_triple,0.00000001672147419856544126695071642218803385625554588440934773,28.49208202824607,74.43837709800628,0,0,0,0.8553685235656043654825835740684711584360975375564325296,61709058.83210331708580004497292916908330128543616167467,2.511715774872924863995892354379020460051523056540418903e-45,3,ROOT_OK
cstr,cstrfold_0002664,dev,low_triple,0.01966255419397326976722023829283758790102775825034784114,91.65445245991033,19.967454294015155,0,0,0,0.05350612607306734229259975842827588342563375174546568729,215.4851342483798262875240544673605818550310447851989351,1.185547175560465999795504316424475311205940154186535746e-46,3,ROOT_OK
cstr,cstrfold_0002665,dev,middle_triple,0.01837488038897377660030326386591564683940705522530454757,20.181445519766214,22.24194904225118,0,0,0,0.05339050244379939157210150075048158965008263859331751465,-1041.236333414857396726615647453809596269326487727122002,4.791090290820894393367359565627838819206810993051087271e-46,3,ROOT_OK
cstr,cstrfold_0002666,cal,single,0.005183678388667233921569173439583868157018548307987461475,27.140902778369863,74.82909729677579,0,0,0,0.9999995679337097838902200062596975937306468025966656879,0.00008335144674800763995683949826573996068625923155508327382,6.227363815947229959093889613051973623048574085861560386e-44,1,ROOT_OK
cstr,cstrfold_0002667,cal,high_triple,0.000001801565727998396619226510324428284416411510171024295762,84.14352048669666,20.92879415307158,0,0,0,0.9216995952118841711122492669952117501746051102076133525,94490236.2740551195415340995088203168698382160490593929,9.83572592088271958293304143382030335115152482013905503e-48,3,ROOT_OK
cstr,cstrfold_0002668,test,single,0.0004231910038085241487640430282919000061409801607726743936,19.231911869154125,21.794829883991724,0,0,0,0.0004269631273803720035005231373454077563135733892071454971,1.017942105983347308718230428789895128854353005256469066,1.109751785438027250281749273525224549472888840745781557e-44,1,ROOT_OK
cstr,cstrfold_0002669,test,single,0.00000004881529820882974023415037976379799007232417572708736129,26.717431359680138,71.3846255271618,0,0,0,0.00000004881546593154263774662227440179281729429479941987346857,1.000006871744724891648011519394399231929259847018809145,2.270646163511168142239627860862378792724079197778322396e-45,1,ROOT_OK
cstr,cstrfold_0002670,dev,single,0.01980755333569513178452631504516786123665664608550217968,87.64520915852074,19.841547284831254,0,0,0,0.9999952489340899182028291005041728430870130805582175909,0.0002398752162452220476306085013517882083038104803875625757,1.082675689277571223016481841924768354773845791492663407e-44,1,ROOT_OK
cstr,cstrfold_0002671,dev,single,0.01852250046885063440067121764578817027195455774712474708,19.364849318793723,22.131400468383276,0,0,0,0.9982222109892859792067732821620367106147093263362476183,0.09663746219699997136284918621503125451510403568980929683,8.854334044344508427639524059442117982254577793296598129e-45,1,ROOT_OK
cstr,cstrfold_0002672,dev,low_triple,0.005424492991690215091081265439997661567387890503372906455,28.12015188880211,71.4551479259836,0,0,0,0.0153376277925000053832660067501264279086928394650756263,9285.867682587915683129611352436602796246822400955874219,3.543675086706611539557364642091267648623202136135654766e-49,3,ROOT_OK
cstr,cstrfold_0002673,dev,single,0.000001517213887095081128286223554972479219177767395828238289,85.28224496088427,21.145320527635825,0,0,0,0.000001517260262479644817179258287570976159029322715726958172,1.000061133684688414151773521164901102224562461850605743,5.712580071757699021846592110511404086342076265862161013e-46,1,ROOT_OK
cstr,cstrfold_0002674,dev,middle_triple,0.0003217087216017628685062132123166143639709063964966904814,18.89494088340301,23.516751808997824,0,0,0,0.7803288551866170992514337354845197326417786145445896128,-14228.94130779732032325156456816735580795386828834722907,3.794411051114235928735228111000966302626037436261385526e-45,3,ROOT_OK
cstr,cstrfold_0002675,dev,high_triple,0.00000001495891343987810145794108917935667876630991052739384327,28.193106150102956,77.52157734810078,0,0,0,0.8329856141978808385978897050554695246929489226579587853,2392426286.269152108884642639891427848195742436182900138,1.142410481085301361392904640216138558270802924357723179e-46,3,ROOT_OK
cstr,cstrfold_0002676,cal,low_triple,0.01848121242332148058831831382115081573014034420859027534,92.3493298546704,21.064302821463674,0,0,0,0.04596241288287536542231968169610644159801004175530322441,24.87086728984422879378693574120999424963320541848038449,1.539808406464531675746407688942489921651835754838051485e-45,3,ROOT_OK
cstr,cstrfold_0002677,cal,middle_triple,0.01780105982949583493425574143763906599320824053753209348,18.816323488057044,23.018908604716483,0,0,0,0.05182431749061987997346303825417928071236872095446524153,-10468.68542155619459962661594691322940898369213828888975,2.368964346538949438585205679997105751729797674805156871e-47,3,ROOT_OK
cstr,cstrfold_0002678,test,single,0.005492408138665171616255877285051473480487722962195463197,27.384698986076007,70.65919113340831,0,0,0,0.9999995112776300502588846712932373467255620206089404364,0.00008898163344884976223637266119193413461383253972046139451,2.13442968977493808006935986719228481923015174157002885e-45,1,ROOT_OK
cstr,cstrfold_0002679,test,high_triple,0.000001168876910858582766437060834559475555461672727235399208,92.32087399175296,21.19586612305736,0,0,0,0.9252558896561725881975978128517845962490742283780355724,21050205.57195470727707256435977223849070232516293557513,6.034288204728776655774620212552864354677167089012775604e-47,3,ROOT_OK
cstr,cstrfold_0002680,dev,single,0.0004300171559160132038469031516068078749237707522967344984,18.379765901994826,22.69487021292809,0,0,0,0.00043408359066601495889223004333283492988830611555131684,1.019042217568320220906284144350828592957459533280756242,1.594232582053748074697789107780420895024314065510840647e-44,1,ROOT_OK
cstr,cstrfold_0002681,dev,single,0.0000000441435020583652399338860242345315358434395555230035962,26.598165580205816,73.4662315705147,0,0,0,0.00000004414364327025863371657859855811846758060181676154594972,1.000006397871344846114011678193702720590340163190953778,4.043244949351754425712802737726631295607722375820618292e-45,1,ROOT_OK
cstr,cstrfold_0002682,dev,single,0.01947813466198896120121512012683913993816696240630916984,86.85625228660538,20.16098942085159,0,0,0,0.9999959804733082512545670607410661982610870327539667801,0.0002063711530241102296757304775788352110724592344300048874,1.519582775774482887075273631325060197991795308853024293e-44,1,ROOT_OK
cstr,cstrfold_0002683,dev,single,0.01808570845888712661954081349667653876717735685055096584,18.964528701320308,22.664435211032327,0,0,0,0.9981740003751322344518120366030703840365855798333616624,0.1016525437785665157121373794425655676411051763333146169,5.010319667983427267595043844654888102344749811360681961e-44,1,ROOT_OK
cstr,cstrfold_0002684,dev,low_triple,0.005230427700059350846122475145876703037231227575893017452,27.750377887306108,74.04903522305652,0,0,0,0.01422179615258807356129395414854911517877261011960386892,73.65436845190633828169316258812648876454519147082198133,2.591834839975551898557238923390908550354986290033693235e-47,3,ROOT_OK
cstr,cstrfold_0002685,dev,single,0.000003462527587731187539661814800059444597204088342338446203,85.7251315836595,19.78756858700063,0,0,0,0.000003462752855490265276547340356766549478367309495112696966,1.000130123812897975649409445101910000932307476473617492,4.344076987755345916122321025732433801606377835005418954e-45,1,ROOT_OK
cstr,cstrfold_0002686,cal,middle_triple,0.0003529218739628585509896127950613109643956004208963981244,19.636014218022655,22.244527427598253,0,0,0,0.7954349407650347549670422288454343066388076579065982809,-308804.5908937869355696709995734294924653935970155850659,3.712788787162334608465090269166284158735505102299710748e-46,3,ROOT_OK
cstr,cstrfold_0002687,cal,high_triple,0.00000003476507431467034529464139485029609282328042517285424276,27.57080793136587,70.72843447720184,0,0,0,0.8330334806494340026716677403270201824728842070916943968,11859859132.15344107861148588956200475762912880820528028,9.396054059023570632113722379773359724548790997858063061e-48,3,ROOT_OK
cstr,cstrfold_0002688,test,low_triple,0.01942598891559260456008841917564240866439800500713056936,90.85167795415524,20.20112387447694,0,0,0,0.05354679733782435538800567666757315407788919253647776957,15649.61869963985882086764356056999756631543976185031949,1.907009637304722773799170823754307961252974842060100921e-48,3,ROOT_OK
cstr,cstrfold_0002689,test,middle_triple,0.0177100002684182044577574022330522451433157209955769458,20.22787775974973,23.029339969641086,0,0,0,0.05152687270134904811908055000293829621136907254354631692,-655.3992198180445916208760583169776826398765149227172405,9.315550288891103143443036064264920521764516670905373066e-46,3,ROOT_OK
cstr,cstrfold_0002690,dev,single,0.005194215024487853726338936060167481587144701214792661898,28.058277609704948,74.7830064146831,0,0,0,0.9999997348319792767688356544289397131583472923922786925,0.0000510507055579813993889376532850108264990022371448213099,4.760239681530595824662722065043706012892340734144012821e-44,1,ROOT_OK
cstr,cstrfold_0002691,dev,high_triple,0.000002154543636225975267548597547747044786658065855960339833,84.73842886221514,20.60347576585366,0,0,0,0.921100506219514603594336092028279104834190240090161835,69281776.85054014243023267377022272972202984345496429609,1.104420893133234034893418775253080914361137748129376855e-47,3,ROOT_OK
cstr,cstrfold_0002692,dev,single,0.0003820664244278615834288230367255501897707674554273106072,19.06671344498355,22.47969303898309,0,0,0,0.000385239531468433877030004643896870965239082429037804998,1.016710074920901875933623914386859053281185001362641964,1.746719519017719635762348526277086971170228952583151481e-44,1,ROOT_OK
cstr,cstrfold_0002693,dev,single,0.00000003987262078991966583331751961820356999767952039579523705,26.17057643002888,77.73828481383589,0,0,0,0.00000003987274279097678497668670075024927399597662078810328069,1.000006119554086944671178417581963509769354107564154689,3.326581668600895670238940260890444540495864130387414058e-45,1,ROOT_OK
cstr,cstrfold_0002694,dev,single,0.02013722293044574297169760627518711517286328408563874017,85.05013549545538,19.541801399977167,0,0,0,0.999993765304221156958202010002243136736810666553801004,0.0003096335203529098884429468980753993953128054923695441466,2.689256611425678222338982883668484907138031870110798362e-44,1,ROOT_OK
cstr,cstrfold_0002695,dev,single,0.01838256500023564017597733156057097811723893263428305069,19.89267209436167,22.25219721175936,0,0,0,0.9984978984414591924457780296999547508894902924330621589,0.08220283867232753380074929795027876934483195032760890482,1.594666430442279135614289347152202589033326512095694219e-44,1,ROOT_OK
cstr,cstrfold_0002696,cal,low_triple,0.005409954639709574365805128677843920886295389960942886466,28.264777617443833,71.61610062548468,0,0,0,0.01498810878199505816448956547297002684981665017198612015,146.3281966288074307951122408857102162259759520662540549,1.528477779211580328601564927809459180102688176220713046e-47,3,ROOT_OK
cstr,cstrfold_0002697,cal,single,0.00000319735787424027743750276800309081581532234050002541909,84.74934900391881,19.964154302483966,0,0,0,0.000003197551764101391646599098827785374016355006100424275736,1.000121286763749486558895027535125718973383609886023833,1.66361475442886987429070002735851879960571105396214076e-44,1,ROOT_OK
cstr,cstrfold_0002698,test,middle_triple,0.0003052376643160345836656019138107714783043507813363023034,19.326389726349866,23.25926613041847,0,0,0,0.790625330773357022506053108666415857557633536438136545,-49348.14486971699061047543334510334038513461935984961587,2.296593868592894596104406356750374043848186701847540587e-45,3,ROOT_OK
cstr,cstrfold_0002699,test,high_triple,0.00000002039272475940209673769292220150360115659676082537556648,28.430695298360096,72.31690719559109,0,0,0,0.8422205196143024833622606040460800121478976922175746709,243586794.9945898571964205541847823179617762236392049885,1.428509232339187793735789110477988920701202506410449512e-45,3,ROOT_OK
cstr,cstrfold_0002700,dev,low_triple,0.01924754684763846066777638601911710899667404687793236781,85.12903621889879,20.39469222423241,0,0,0,0.0530489036897769539291263647337985859823610298274679737,2529.519123498220629456810401164676849426115546152259355,1.364483806104938995022126649270039879099726391728114659e-47,3,ROOT_OK
cstr,cstrfold_0002701,dev,middle_triple,0.01720970633630199795967674698534337234469072806890844199,18.716870294614466,23.774977411562002,0,0,0,0.05080352307406224895557470384188542056123514648668048114,-239.4826486694383416998549580748130552611321874915610102,2.891213285941253272140974807765376208388822128647542368e-45,3,ROOT_OK
cstr,cstrfold_0002702,dev,single,0.005347838134209544039076259734913557171732691972554231344,28.441875766261525,72.43173776315835,0,0,0,0.9999997474020615593773506141472032762917336559423249647,0.00004723371121286724222605534941680389917226094862023301267,1.106370757545717956159320747046742670196614750428975343e-44,1,ROOT_OK
cstr,cstrfold_0002703,dev,high_triple,0.00000235949508533712028568286032462776309094553352378505852,86.24236987480772,20.376959591652284,0,0,0,0.9218318340491279768912050416321858941147605018408114944,3074555.42510327234227177011581703962874295686533489176,2.6690803794545876891538725791635719465384880922447651e-46,3,ROOT_OK
cstr,cstrfold_0002704,dev,single,0.0004523993090348944034820333844942771485484716105049153144,19.093748493070628,21.667822117552547,0,0,0,0.0004566872110995764536497843468096971331867521726464630464,1.019086359822237156270965787925796597188517017063371016,1.198400717484877868279027292389887589739218778004072834e-44,1,ROOT_OK
cstr,cstrfold_0002705,dev,single,0.00000002457174165601633033876233211249293960341412274292731399,28.33496276431646,70.61352761321362,0,0,0,0.00000002457178368671509324546350629465450022107243513700733374,1.000003421064079489858789264037474406244935878149937432,1.579407945937809909165671967094835173561851266925599211e-45,1,ROOT_OK
cstr,cstrfold_0002706,cal,single,0.01823598258172865809090809413716740790150998606298049318,89.97673725316157,21.451601135205227,0,0,0,0.9999983545079438758507110980576866981213071132471873796,0.00009023518278054499644205698922326312847505835819636188847,8.657738941688966705940673665600242196655675199261717492e-45,1,ROOT_OK
cstr,cstrfold_0002707,cal,single,0.01753634310161852095082917319625498006118908845514618016,18.480507932407388,23.378595028311185,0,0,0,0.9981101939136238562366121671248210048526155902373230606,0.1084959925895651678188324064527655095532295571246244784,1.734920736964326712979325456959517318051756069689714533e-44,1,ROOT_OK
cstr,cstrfold_0002708,test,low_triple,0.005519074861824180632117770811041872069179873268911204292,26.26740275439016,70.44345552279998,0,0,0,0.01565238163235170555897606948589456605594884154010086127,8300.38638516807894671416229624542719020477577152983321,1.520404157722603278672165502008631868715516664643105748e-48,3,ROOT_OK
cstr,cstrfold_0002709,test,single,0.000002986227227324874366206941816253980688960981772050080795,84.9091931038963,20.065998311496106,0,0,0,0.000002986397263758583772818634701924642591828083512954280269,1.000113885255615962307895646007668513398336784771300447,1.739512933766517093887792147415242199852392053719197548e-44,1,ROOT_OK
cstr,cstrfold_0002710,dev,middle_triple,0.0003979247159259188314414338208220598592276638880658517741,19.543484923607725,21.796185372783512,0,0,0,0.7940251526710541229480902389341954235010815714020071678,-154584.6661458044566508023809427698585135707138786610345,2.085642841333412828581859337219408694039284532584219951e-47,3,ROOT_OK
cstr,cstrfold_0002711,dev,high_triple,0.00000002826829526333184766036113703146098776714030415156856271,27.27207847309797,75.03996172248533,0,0,0,0.8271397248455261912035616791011992329969693384174722205,23201881323.07841029017061163659811851675194982677768431,7.873958143279414748980153942043528456027975082397175566e-48,3,ROOT_OK
cstr,cstrfold_0002712,dev,low_triple,0.01941966692465578328331663107126006857695954524588214324,85.22485867668335,20.223164339884786,0,0,0,0.05341778244449624577546259443820838581118291879844151575,907.8387318267803549150828876228114079115832539076594215,1.170697187856715070014856477756843830371370465909364777e-47,3,ROOT_OK
cstr,cstrfold_0002713,dev,middle_triple,0.0171019576460228475725412310384058880850810701325045577,19.902310483200914,23.794892015859887,0,0,0,0.05259967053461182691883472322107829067416699709882288261,-58.74173441385158210393387678892491087874612265533298542,9.576825370338357544926516982203276843913205906796809421e-45,3,ROOT_OK
cstr,cstrfold_0002714,dev,single,0.005429674553104065692181169519542713070741306552777837353,26.139238995971052,71.91088498066966,0,0,0,0.9999991300973834521159662396552205407739283894903143122,0.0001602132353940809905682172521265381018571822066592290002,3.598405739117147610020069460759878418859531583222330517e-44,1,ROOT_OK
cstr,cstrfold_0002715,dev,high_triple,0.000003786282897252729455557038937178570201509800196294671172,85.87874551891724,19.637449426923514,0,0,0,0.9189491037993201128733278495087330255401854523157342391,16108939.25812585484072123132650606986438346906695112035,3.176641368194545071241441914946891422165649234165863316e-47,3,ROOT_OK
cstr,cstrfold_0002716,cal,single,0.0003964990079183925363654308580392277305053647727865945248,19.695175462890813,21.664127446502775,0,0,0,0.0003997865953643712026143903844148233820135061109491746163,1.01668269914089502416889427056775294298318269291306565,8.151008965461240136127876596180999907434747916616337419e-45,1,ROOT_OK
cstr,cstrfold_0002717,cal,single,0.00000002998708871410871182856563678241283460034490324729682662,27.74168820002469,71.47619429210505,0,0,0,0.00000002998715208829494659810011266496466155998445310680780308,1.000004226771381497982276383402185371329559162921527808,2.043172425770789045100155183313038387803547958676603129e-45,1,ROOT_OK
cstr,cstrfold_0002718,test,single,0.01910420290514043058399873111684405337686706390845447824,89.7506482966883,20.53378463295207,0,0,0,0.999997105591106599868373905892790016483220906219111079,0.0001515119193113736033662081600933065896133986445551330477,1.3957548147587260895602750323654077245762260495127079e-44,1,ROOT_OK
cstr,cstrfold_0002719,test,single,0.01723593048026281974111001558654187416666915338776529212,20.026539171040135,23.644528613749717,0,0,0,0.9988609332613096042847342115671713922975612423369773282,0.06638751678890630382816765967050272009460736643603893013,6.033886955271855247555270417755476268804182130070207117e-44,1,ROOT_OK
cstr,cstrfold_0002720,dev,low_triple,0.005020753316890621783698882747914030028880742104097966299,27.154232017259623,77.22008900916633,0,0,0,0.01421696747325542554106822082717362605570380675056981168,11350.72062205282316350936948679317574492579883350984563,8.015136205415408173629800993756801687555358795434415764e-49,3,ROOT_OK
cstr,cstrfold_0002721,dev,single,0.000001573308747394419656630465060181951268652505478262750944,88.6287212109357,20.90591543305221,0,0,0,0.000001573358022808833590711208608452138443086122985181873917,1.000062640675459463267477112514066636614530016813864101,5.292077662251755987108217384011742457503493515025902507e-45,1,ROOT_OK
cstr,cstrfold_0002722,dev,middle_triple,0.0004321399769156551872511485115406404853801017246543814411,19.198368696424186,21.77086898595592,0,0,0,0.7871785194691380917683674867763947905635456706064811831,-21335.05152242506092155160834387863563780945931148618029,1.113465730732010642836171075109380858971418699036442898e-46,3,ROOT_OK
cstr,cstrfold_0002723,dev,high_triple,0.00000001486152610114291317527285879181777548529062073020616823,28.628910061419962,74.98295936566653,0,0,0,0.8379361441171891928665321690770685265092660196387527564,4006627504.646826636937467439756137110324424286591714299,2.884246025804434746896274445630849738870957014252716081e-47,3,ROOT_OK
cstr,cstrfold_0002724,dev,low_triple,0.01849600478371071562622066071631625615409018899530103206,84.0502735637908,21.182469097194097,0,0,0,0.0507027527588537975337444183495575946039523445910490864,432.9365653921692384135388473457591145034712742182028859,6.546038235105327967435938209694090426111174940763892859e-47,3,ROOT_OK
cstr,cstrfold_0002725,dev,middle_triple,0.01888801691557756161472386207862460086812540405240764726,18.431432070814214,21.79024646880709,0,0,0,0.05587121668909397650329954971132177985946733320597583586,-244.9218182584655771338611912567025929218825814646713544,8.028360297489424480778733727839513376084615711361099366e-46,3,ROOT_OK
cstr,cstrfold_0002726,cal,single,0.005089286441820993149421529915287495258570646085974235304,26.686705416980317,76.25014473363113,0,0,0,0.9999994892943829940666726499922278111303058729828786065,0.0001003493709216960286659740442469710160170727595715215009,6.455777938959614165119530309929538235632178629191640285e-45,1,ROOT_OK
cstr,cstrfold_0002727,cal,high_triple,0.000002588946018308682353409715362394942848434712443770179377,91.5623403303213,19.98284077685997,0,0,0,0.9282268194855951378275171031231846753725226200951302588,323881.9513201002395929598613655549339750272277315438024,6.38354909938386480006223204604312071466898187838098616e-46,3,ROOT_OK
cstr,cstrfold_0002728,test,single,0.0003340408177145903716152748241238354380113314848782109531,18.915037248761777,23.30175764571958,0,0,0,0.0003365563809833829284535864455793609106250189024737739978,1.015143456385349461749388426793343313684065666270914357,1.434271585588904851421279131040856223140951550966008989e-44,1,ROOT_OK
cstr,cstrfold_0002729,test,single,0.00000002189278711055016146983888658536942365230356614409596853,28.14516963328158,73.04780070385132,0,0,0,0.00000002189282164271764401055892296822086565577922196308971986,1.000003154665247725588399320820655461818576007827317948,3.569274536103399371298412963963804686605715713629960229e-45,1,ROOT_OK
cstr,cstrfold_0002730,dev,single,0.01967687495811099819053673450044566320994404239898300938,91.30141924150108,19.95618707780256,0,0,0,0.999996075618874935943557183957574856124977453484535985,0.0001994510162880056335423410407716780833450227761387374322,4.190028814762198482609717766064290489724918951991245185e-45,1,ROOT_OK
cstr,cstrfold_0002731,dev,single,0.01869753464884369803395384659613126581401421745507905746,19.52382004902619,21.922073878103063,0,0,0,0.9982367482551824065201872890676303786531112252987888153,0.09495222691628082054212853835054065219354938937334132431,8.570453692101181530076591524595605944304372303901616769e-45,1,ROOT_OK
cstr,cstrfold_0002732,dev,low_triple,0.005099730215641172181897226209922533798864729651891874371,27.270454196384502,76.02808358135383,0,0,0,0.01442600206188487771289603209856362568836003949803548942,2753.119692993392448236740935876871547078436965274348418,4.327576045700641058917809624585248941116844068671034417e-48,3,ROOT_OK
cstr,cstrfold_0002733,dev,single,0.000003480155629617756526191389915896823563009484107431443499,85.02978141018322,19.813812695288966,0,0,0,0.000003480383514960139815632883917471391435395401549311691153,1.000130969100724531129391074085038474374402890202739229,1.129184561878876805379425282035672078106664246390261957e-44,1,ROOT_OK
cstr,cstrfold_0002734,dev,middle_triple,0.0003386285992237166756003840188740363541745789375716498051,19.423824017869176,22.67235364064624,0,0,0,0.7789719107320547850974354387800490353008529234502277863,-7173.566844745212969356235682858140881379112710201257277,8.563317151281903371201095268569310854006417888660301657e-46,3,ROOT_OK
cstr,cstrfold_0002735,dev,high_triple,0.00000003587977517007089234041524162418843457854859184162876988,27.044735308957637,73.38022716209,0,0,0,0.8271457447293639404583354489649574923863383304913308227,1240512723.782176494294402218913389737326968473872292093,8.282193075031505343647895390515422060390273341090859376e-48,3,ROOT_OK
cstr,cstrfold_0002736,cal,low_triple,0.01877520744769610690567141904910071743830376300540974615,85.53117308920214,20.87929807524811,0,0,0,0.05174028655914553220538528470358852334676814928570340221,2640.734353909434382143847714166040041743127313068820011,1.242758351724871361006097894800861170761454280859007032e-47,3,ROOT_OK
cstr,cstrfold_0002737,cal,middle_triple,0.01801862374990366820514322086296007508110941117421141821,18.824683002655135,22.739688085383527,0,0,0,0.0546164359207164878501185658480970431574891946051329847,-86.08156220307486408027117014314288793058037927473326779,1.361001643720561188500234167335967649611029017502330136e-45,3,ROOT_OK
cstr,cstrfold_0002738,test,single,0.005503933050200257208692803867137855210956077568120652319,27.836861909348595,70.49177934791395,0,0,0,0.9999996087603186240469985509897134882137497119939234667,0.00007108378490780591803003984437750148240280267325418900142,2.443824075102033167273886634445966325846638375833315312e-45,1,ROOT_OK
cstr,cstrfold_0002739,test,high_triple,0.000002153715712897377451000676431177242120720578644814067897,85.87997168910277,20.543040372587985,0,0,0,0.9221787356711150487674420382142033546902544077440401831,3188653.089637508099486223032819524780998976058985197429,2.323231791228347863925557130336286242932256979529767775e-46,3,ROOT_OK
cstr,cstrfold_0002740,dev,single,0.0004195388728008242604635566095175227572186606338034276285,19.03489304523642,22.075146646606274,0,0,0,0.000423296358354099489537711071037453130051542741157320782,1.018028578403818274276303165393248754460838510579804389,8.703138930827819691428467271477991684260929275495459667e-45,1,ROOT_OK
cstr,cstrfold_0002741,dev,single,0.00000002222551415470304744691336191416534322886209233478938743,27.946838521856094,73.98412703536614,0,0,0,0.00000002222555020701178850344208637934518780130517522290866017,1.000003244231046620536638857327390632291340774139320357,4.321496654108516698373151020643658661721976154052250909e-45,1,ROOT_OK
cstr,cstrfold_0002742,dev,single,0.01880139440856524294571627448789089474453342033301894358,87.65967655605107,20.849444575356458,0,0,0,0.9999974245315550232609028204349222150759431507090063729,0.0001369872901107993724550910167399933960603055834895297869,1.29587155435449489797743355113373996582015938841954497e-44,1,ROOT_OK
cstr,cstrfold_0002743,dev,single,0.01815965466412296448302610765849925913587039736605293827,18.71705138601522,22.598624335980514,0,0,0,0.9980146653162024960478262366279195466284483836519861814,0.1101238242417734177744131095824550806682999011719932388,1.250178445283516108424600057974912507799711172273599224e-44,1,ROOT_OK
cstr,cstrfold_0002744,dev,low_triple,0.005441243415218974800994615180068321059628471470039718818,27.119646004796518,71.00043211117215,0,0,0,0.01395565305101762073826591405469719294858148725677268478,27.90320408106378650537633810887867183828369652581710096,2.186140611172900819657657637683965025202112065482217872e-46,3,ROOT_OK
cstr,cstrfold_0002745,dev,single,0.00000394227972154947695826891295978232733244214751562182669,87.6996099391659,19.48838726469746,0,0,0,0.000003942567091225920566790136900590014507642673844750466813,1.00014579647312995380762633322779784487188136238558159,1.655609710443337631511666978314918572141953295551572381e-44,1,ROOT_OK
cstr,cstrfold_0002746,cal,middle_triple,0.0004146259491582182330736494801109986421927262031448970494,19.071773647911343,22.09148361680485,0,0,0,0.7897679659271538594152311654638961644890864834827736838,-1025139.403153948711497225271600600328848856214391302653,3.297575188684823311723469174922457618960904780410465388e-47,3,ROOT_OK
cstr,cstrfold_0002747,cal,high_triple,0.00000001832152932586067746618314135548609999362388716529539581,28.20275456693307,74.9043638275885,0,0,0,0.8415532268488620808696649147129079530122261591473200448,159340576.691363387048703453963556624263389864514273869,7.969557064589012663108639660624451014139937304066860706e-46,3,ROOT_OK
cstr,cstrfold_0002748,test,low_triple,0.01845034263528190251464130120796234968395068206467496951,87.90288151102223,21.220676770387858,0,0,0,0.05085627045255697305712570213680396090738939735566267243,6962.471175924949768664513505486188823576382766524905085,1.007243853708227170956848456439219520986690158648924061e-48,3,ROOT_OK
cstr,cstrfold_0002749,test,middle_triple,0.01852427403185736198464004630231340396591290837776926956,19.68326363920231,22.10436729996995,0,0,0,0.05423156523859892317869452963348117810496428639808743622,-378.6304653148933200646577200648797909736378835895614607,6.752307243781513359093304488945371935226617196339847561e-46,3,ROOT_OK
cstr,cstrfold_0002750,dev,single,0.004976300602017634372887641448884323640422215528711069634,28.45333669094907,77.76078986675553,0,0,0,0.9999998195840723036981171895364539670906192030462831322,0.00003625505997642708608878554171624213658943517448130509263,3.670558860078115532828155044512448435306641287686038685e-44,1,ROOT_OK
cstr,cstrfold_0002751,dev,high_triple,0.000002621538331473060548150756093429786233970825980501211981,91.79001055023537,19.94737215851475,0,0,0,0.9216642174742390056036147167129574957283357209290986608,77171636.49625506799355831031892140754300448261389946573,4.513266052545700661745740461460131764770291539729844915e-48,3,ROOT_OK
cstr,cstrfold_0002752,dev,single,0.0003614566802760603613855492927622976134724088801229195113,19.734737095262073,22.037255521066534,0,0,0,0.0003642357753657713730506925765940771838160210904158681178,1.015462842203438930735092733124771891537794478596309922,1.802118437033642747506939770610749188460287598314272323e-44,1,ROOT_OK
cstr,cstrfold_0002753,dev,single,0.00000002511596340896402966184021581486592500125258287124814697,27.263028786787217,76.6341346912061,0,0,0,0.0000000251160111199874360394865706316327419996834768365425276,1.000003799264148788874819615574404468395750263000930146,7.380196109415960768538352718737795569347817845122269713e-47,1,ROOT_OK
cstr,cstrfold_0002754,dev,single,0.0192325533581840463322331957491402901350786977791018941,92.7165249745982,20.38885147823576,0,0,0,0.9999971331132927719994942304773061888564082747217665923,0.0001490697072151636254799590557669306057477638102838581641,9.84097093412354752665230615435939083339104298914531509e-45,1,ROOT_OK
cstr,cstrfold_0002755,dev,single,0.01864320706602468145301067616594094339289394626597574247,19.450132812484544,21.99283894369066,0,0,0,0.9982226448434702730278184671054081739950036642601835627,0.09599240013428817295906673886769722869340371376222929476,1.289042106945744997655612997946201945762001772409353516e-44,1,ROOT_OK
cstr,cstrfold_0002756,cal,low_triple,0.005505406943483991748303110495855883760966309019776936255,27.154708138359496,70.51885631065575,0,0,0,0.01557311603232154969091214736733122842566182649687893856,2116.612159128920031808813036253668842603532362854293267,4.370961722732870962596771752871737055755523762462028875e-48,3,ROOT_OK
cstr,cstrfold_0002757,cal,single,0.00000145578717378095176158606637955660334911135877425057511,89.65490244196282,20.978079209509442,0,0,0,0.000001455829515480285154439747132937859311616467247429838517,1.000058171435221127063276732617091135682092512906934453,1.631130582730512393466770964378505743530971083776841983e-44,1,ROOT_OK
cstr,cstrfold_0002758,test,middle_triple,0.0003901651891876577550888401906847348475539046537109710367,19.16030570545431,22.317203219803066,0,0,0,0.7666093535321798178568588494149038587315998496082580027,-4009.162740424917399632107062833541157769020711144464,1.953556978441477817836644248161498191773116797975125849e-44,3,ROOT_OK
cstr,cstrfold_0002759,test,high_triple,0.00000003201144773569618027212370721699361937143712160716788938,27.473412166739532,72.26644801295346,0,0,0,0.831087580156166099179475859948724739727955252109322174,6929726728.413578245620614245561031150244739136526098183,3.614865441341331075333118275158575649922332559955675124e-47,3,ROOT_OK
cstr,cstrfold_0002760,dev,low_triple,0.01911515970934454915390015418067666330463672433532020707,88.89566500619802,20.517399013562237,0,0,0,0.05269851958433114628182409509928645905563094168283995655,12334.27418681345772659396004251560186192260078003882937,2.945928985857284269069030609632672470458589569288367628e-48,3,ROOT_OK
cstr,cstrfold_0002761,dev,middle_triple,0.01836782016494242939918699724471978730075644179283960764,19.10051629616937,22.324319142274184,0,0,0,0.05356009009654858070306604770843752059800555076515254456,-1230.52672001804839118624389835461602360584157527932562,1.014086882710371091052193989771938339244786522614447914e-46,3,ROOT_OK
cstr,cstrfold_0002762,dev,single,0.00547208925232062432836334020455199716571846570483648797,28.43109654638863,70.81316225222186,0,0,0,0.9999997171004871391894072985326107282963804405251390039,0.00005169869950832357773283394334379281182046508069239498191,3.127621578321541260296746466950695273786260186380406096e-44,1,ROOT_OK
cstr,cstrfold_0002763,dev,high_triple,0.000002119489593631065119381487586440649741453456889388775432,90.84540088847798,20.32357419112922,0,0,0,0.9225406447003366612793387668884215227088900438850101184,16038231.90575006875623380017646250343911511810295318967,3.943838324889974188762208101129328141734455868913710897e-47,3,ROOT_OK
cstr,cstrfold_0002764,dev,single,0.0002738410922406018296122279767578099837361419236742194114,19.668700664877537,23.359693585324536,0,0,0,0.000275532797374910000336228487949606519667669256141038056,1.01241063833201664533535507647105880704725501708496267,8.92402102493660825692800599480954137432762721786519271e-45,1,ROOT_OK
cstr,cstrfold_0002765,dev,single,0.00000002396842879974096608325997929143913754172380409975180613,27.60334315585982,75.11090104485581,0,0,0,0.00000002396847137549549382577536647425119794992994377118387271,1.000003552657555843443785003170272310267544160843621052,2.300739501225769885772492370832517035078896739831888087e-45,1,ROOT_OK
cstr,cstrfold_0002766,cal,single,0.01917356877602903240157257128953092950968260881478243898,84.14804579253652,20.472772346500292,0,0,0,0.9999963188337393703142435098100917628389890499538847335,0.0001920003643263551433643340822423819481471557559770536256,5.694924005641333082100196555768194112016076192007565554e-45,1,ROOT_OK
cstr,cstrfold_0002767,cal,single,0.01728379014359613287360602966103412640223440676090331542,18.764071733046855,23.676471185025843,0,0,0,0.9983450583936969774656984414536268238408283478468657827,0.0963305902345056503418641773487378499255088877993448972,2.405644016758980397860102011261766032960114408719899586e-44,1,ROOT_OK
cstr,cstrfold_0002768,test,low_triple,0.005390685882199297873022873106187817135715356198958354579,27.894724744940756,71.9190479791123,0,0,0,0.01524276046579889467178358961165830697899908424124460874,4945.7265141403607601393622655932556056467067379407378,2.480570762066431412213425561435940308341921946985686639e-48,3,ROOT_OK
cstr,cstrfold_0002769,test,single,0.000004117625408999123360471224881792155779232938108188789305,85.07399217583799,19.540072992523523,0,0,0,0.000004117939788604504157708011131376828722518660617983746436,1.000152708128026513190925867763342613938593137507718263,1.518448462425631838173740583358075478108664016055453712e-44,1,ROOT_OK
cstr,cstrfold_0002770,dev,middle_triple,0.0003403109929195988177966043280118600645686645500059355955,18.82626779751891,23.316767696571848,0,0,0,0.7859317543409834581010266353109884682189306584410393,-67323.10101459112831655966178404980659289784807708171267,3.50510075655690251396329484092040432166818426479777766e-48,3,ROOT_OK
cstr,cstrfold_0002771,dev,high_triple,0.0000000266865613168025234159539117256464355752066561332033011,27.10917932558495,76.86796308731839,0,0,0,0.8317421810230370859735696688368936812647974101194576289,113437716.1621159656977438076886479033934930400234088251,2.61781647007333937474803846300044842149596652308126437e-45,3,ROOT_OK
cstr,cstrfold_0002772,dev,low_triple,0.01979128203539260506795287659326239645987299434260631985,88.53140547593415,19.8542002293208,0,0,0,0.05430199130629126149326530719754121835117235359439646927,539.6948590600057367417370684909744614327667221657505546,1.579022231732335428994943411487973943738276504000183818e-47,3,ROOT_OK
cstr,cstrfold_0002773,dev,middle_triple,0.01882265718381597123545472072673770399836796885388228209,18.641388887453807,21.847449242099593,0,0,0,0.05486720700545540012569064404722521886300574316142170748,-15876.18619435976146930666932474458200338660536602659921,3.890505731993670256913398344900587172222812469639489507e-48,3,ROOT_OK
cstr,cstrfold_0002774,dev,single,0.005142704337896042636403728168303775087188721412788094121,26.69414835236129,75.46944619196597,0,0,0,0.9999994693176688874603143194683249136782029359794661846,0.0001031915244717920299934513063557187809884245812168064883,9.558846443725693557585835233366419170221381378700622355e-45,1,ROOT_OK
cstr,cstrfold_0002775,dev,high_triple,0.000003741231991874199415399293545646821812751473242031394415,89.85991507441206,19.474976293732524,0,0,0,0.9197245404443691183124169801079311064112634855516619959,54060438.72367530838983557611836538503672476831413336341,2.077893395077998919130131009298564517606653052277158693e-48,3,ROOT_OK
cstr,cstrfold_0002776,cal,single,0.0003113718590103993128387846854566305323500116980434502996,20.115057683194955,22.327345441424846,0,0,0,0.0003134596567037777669364187424934633085391840865680766823,1.01347547519327443817306967849029155422624281950167553,5.965710096332865272349602751791285003373250479249132814e-45,1,ROOT_OK
cstr,cstrfold_0002777,cal,single,0.00000002840406300641155560042263789585819821547279932367278749,27.200102620023372,75.43095208011353,0,0,0,0.00000002840412305680420465626841611336055541421880589366034799,1.000004228302510776412773065228541993854067368152808985,3.010423190116531066831293161006710846545068173592486468e-45,1,ROOT_OK
cstr,cstrfold_0002778,test,single,0.01846310250212893804714987026135946456292557126502814151,89.99954249612384,21.241819466119228,0,0,0,0.9999981375826707686050557714467248241266750035917657707,0.0001008748171608017048829694846354357067234246193314985053,1.661372777421094166021001297767288754648246223300955664e-44,1,ROOT_OK
cstr,cstrfold_0002779,test,single,0.01751369207356952151776970653219875294059504008166345372,19.09247037845657,23.515643464062936,0,0,0,0.9984765663245775017338341278268335282041782648427600354,0.08748215172566471205142079974613808373801300024018203823,3.997425200807465729818181827929713128341199356148172438e-44,1,ROOT_OK
cstr,cstrfold_0002780,dev,low_triple,0.00519430734408992726514184485218466235253258708416584952,27.654338425367452,74.5926581691156,0,0,0,0.01427829574393746505918822763096303862199698855379535031,101.9623074942039801357300765685282069183292959256805743,1.101513374790680859370414557076708233439177445565302247e-46,3,ROOT_OK
cstr,cstrfold_0002781,dev,single,0.00000346141618764255340858382001260054939220862165881367681,86.39515536714107,19.74959859316695,0,0,0,0.00000346164085578497580447826496002914730167060961595223141,1.000129819104910485252882863793323518565513404356869026,1.149429990794166691124428203310720634424333781776084037e-44,1,ROOT_OK
cstr,cstrfold_0002782,dev,middle_triple,0.0004365913953841024680001257495665888633170703032512897875,18.454019107778787,22.53280583015593,0,0,0,0.7829916202733108317646842435899747115322823928501960563,-586298.4384056823289479499828264960010402406634919826139,2.18858517833589897324366448609336431791851520477936402e-47,3,ROOT_OK
cstr,cstrfold_0002783,dev,high_triple,0.00000001780030559478477214568312615018945276850164857800701648,27.891343073402535,77.16544139180331,0,0,0,0.8339351913157687645532437701395014841111696728960781657,338813552.9629715553944894260148972561132771606941605868,7.84363545570318026531889979886455165290468699178823668e-46,3,ROOT_OK
cstr,cstrfold_0002784,dev,low_triple,0.01862723488863410203993836497929633269618301924222395815,86.11599019302497,21.03185588193202,0,0,0,0.05050150117587161314262522766791925175980438443564381829,161.6588447828178241882159357518257930619135359259354325,2.921250185186292289378194834478444778131575814591325648e-46,3,ROOT_OK
cstr,cstrfold_0002785,dev,middle_triple,0.01843861712806294927601926591472909735320590341356035926,19.461728184097502,22.21750986298936,0,0,0,0.0535959209707685692889392371426850379897417279463289043,-3715.484559692635168840964867825238595741307309590352136,1.141474826072596195332629171430281644980470764778697203e-46,3,ROOT_OK
cstr,cstrfold_0002786,cal,single,0.00518361941700155014225915365917401706208014508833303554,26.0883207677432,74.9524319745177,0,0,0,0.9999992401655528787277215432691089198346643619821342651,0.0001465842095076633516322857693928518577010092104165496957,6.053124499444155130690607926512522561262394302592615638e-44,1,ROOT_OK
cstr,cstrfold_0002787,cal,high_triple,0.000001370921822962684590865005565069098162378416963938774753,88.89887959204603,21.117279873097555,0,0,0,0.9289109930684253342970826386726842542201794251918162739,751421.5399651385136750980088918769015638038796788371366,8.188331821049373415084645790224020230606570665683656153e-46,3,ROOT_OK
cstr,cstrfold_0002788,test,single,0.0003755710049720849943268497152864410035800539950569388368,19.305681019381435,22.302283639292416,0,0,0,0.000378610912474933357656506493987466090617081230423233084,1.016283052230739786539335306812035273365135381478844764,1.061488450533623037855520706618247767636298293236564702e-44,1,ROOT_OK
cstr,cstrfold_0002789,test,single,0.00000002038378282699497425041507782265813362365807630885871691,28.111246899845057,74.10753652221548,0,0,0,0.00000002038381320314046094597428335842688225750141248362374804,1.000002980426044102003325602418109142792986899428280782,2.453761264795562695501515895277522633611558105821499816e-45,1,ROOT_OK
cstr,cstrfold_0002790,dev,single,0.01904406725695349810414477592943073629881046593304721083,90.29823666269051,20.58641318155303,0,0,0,0.9999972485575149777131407882865757409904684581806587212,0.0001444827007009370211530920279852766441892418508391320401,1.86346840086945716695603435326030897095162512305398346e-44,1,ROOT_OK
cstr,cstrfold_0002791,dev,single,0.01807999884357493475192731501415598845817577893719407517,19.231561275408442,22.651410054243755,0,0,0,0.9983075663094227228666792200930378341421644283482008364,0.09421123256546589684320463593400526731501733631722489996,7.035066465659325211140422320581796481197566426847599649e-44,1,ROOT_OK
cstr,cstrfold_0002792,dev,low_triple,0.004992892961891870148571848328047997913757368590073482566,28.59587799812128,77.48706018411238,0,0,0,0.01410615961353360443174700576348116068938439604449787218,10623.84572544694417100518189901701213981802202339405585,1.081766884011827494488652248415698210615394599084517083e-48,3,ROOT_OK
cstr,cstrfold_0002793,dev,single,0.000002401640427668554891322797694183573541994579911790031603,88.96582653688668,20.21331396460599,0,0,0,0.000002401751255295846755004877580023312690721731472481431327,1.000092296437530869670155954074748933248997485246577863,1.503750936617042291193526536944486807452577011791996468e-44,1,ROOT_OK
cstr,cstrfold_0002794,dev,middle_triple,0.0002818694611723608998850983979215008800285540092979859516,19.193726636715088,23.805128800294757,0,0,0,0.7915324929170330312157557020706531632481619223740716566,-2525400.798633695153521187748106735621502581041409665846,2.985252878967982999823261140114416854904231927102190199e-47,3,ROOT_OK
cstr,cstrfold_0002795,dev,high_triple,0.00000004248853399397156046982345659056280355942093861760390262,26.11427190257305,77.23183746153447,0,0,0,0.8152484745338585489321685165097336201076977852669010523,14675315985.71890685577362478515487983036823684027195575,1.481656804836713265792709716474742830668918264478394537e-47,3,ROOT_OK
cstr,cstrfold_0002796,cal,low_triple,0.01936249567149235804327128199545944858158861653239364767,89.05854590712072,20.268221920847093,0,0,0,0.05302257648657882980060293003893412412670753950172150636,403.1661908730357506488175738036655368743349731751813519,1.162630799513089801675223728190188789882792685487626524e-46,3,ROOT_OK
cstr,cstrfold_0002797,cal,middle_triple,0.01746911859555006069671752483559925130253749046348133547,20.02425442650001,23.29959450867183,0,0,0,0.05424400844537117046830943413110022709766589838830763592,-50.99308582927250768380130514065718371949418141862978295,1.055028630942293611574709147942595491160768934464006976e-44,3,ROOT_OK
cstr,cstrfold_0002798,test,single,0.005313532395718874489746691636572100424529586229277158174,28.37150809128758,72.89943367576515,0,0,0,0.9999997459166179372860024517875440604329329573648204895,0.00004781822485701367920529863456614470270865258928320411984,3.821410329862503861431185226406457740131088152051612953e-44,1,ROOT_OK
cstr,cstrfold_0002799,test,high_triple,0.00000339121140376834574889249072747004039556915173879442011,84.1703882593949,19.8989584641561,0,0,0,0.918989633251999681797166505179783791259230241875204428,111122069.596302201711692339903927187248220354994515579,2.011527327058967985932491327769557338441243006744669455e-48,3,ROOT_OK
cstr,cstrfold_0002800,dev,single,0.0004566841703434355229606255955525075321743261592817430608,18.590942669661196,22.159296298525042,0,0,0,0.0004611595831777678886831487511170280187413348270018225595,1.019738552324148229465331480291074075705034858909027867,1.24429595313207189826776482396868880794464364624493377e-45,1,ROOT_OK
cstr,cstrfold_0002801,dev,single,0.00000003288711171121180083106304942904747340642842369844024923,27.412256623658283,72.28869972029813,0,0,0,0.00000003288718881463312026633530064645003271663036344478120804,1.000004688982977490128202571933018393341538984597337579,1.620898023679110409104522443805951280967441962455238712e-45,1,ROOT_OK
cstr,cstrfold_0002802,dev,single,0.01980441789871219324300696084816445736869844418600969538,90.43244342196968,19.841235514749417,0,0,0,0.9999956674471778575729420065307987098355865567097135381,0.0002187786866132552748090748161696812954990178938249553555,9.685427177317134017637128612210192316042126583205125738e-45,1,ROOT_OK
cstr,cstrfold_0002803,dev,single,0.01750616063251696758687251589241644741841019839234328441,20.193502194312636,23.286658686605595,0,0,0,0.9988467649779773457613526023897711632280169065285188605,0.06618338149313374196993597005463503772644094096962055624,4.047259668736028935664003587453173824012080308510231851e-44,1,ROOT_OK
cstr,cstrfold_0002804,dev,low_triple,0.00536756088699574089647737505978912382139990816891996628,26.307733526582687,72.19300211362784,0,0,0,0.01410013785078212595495575386012728429365701228509360618,37.10463053973598916167809998107831349948300446900352674,6.552125062283169354345955488767546427317598310750664395e-47,3,ROOT_OK
cstr,cstrfold_0002805,dev,single,0.000001282950031861174919822150855098115869881919920047101063,90.51268211646686,21.13593535682891,0,0,0,0.000001282983176093999142323854444180147042438064926953697351,1.000051669774295667503565077309196078652875411934898554,7.613434241433832735260211547609592791069798080143178137e-45,1,ROOT_OK
cstr,cstrfold_0002806,cal,middle_triple,0.0004177992177335340711918547422386446640880389621815261617,18.46423984060852,22.736755526517214,0,0,0,0.7820468012438812289471330898842227556660550843648589552,-71226.91907376782955026670805223902334024272478176332572,4.707502132610966971115196273180641433773604970944946419e-46,3,ROOT_OK
cstr,cstrfold_0002807,cal,high_triple,0.00000001709065213843998173786082042358729779884094961523517382,27.89486822860846,77.67403063322432,0,0,0,0.8301834177217010183591021655466650059914152290226554951,5401331138.677880961739824692899553225180763026788081235,9.172723626819204751641496803614060651707060959597159083e-47,3,ROOT_OK
cstr,cstrfold_0002808,test,low_triple,0.0193807623787910901200191218660447922476565158528808992,91.49929860874364,20.244019992049523,0,0,0,0.05335955907173833751813574015755869675160130193358129285,2264.267702515731024575862953728941858322798819453201047,1.067077940698517799329536345574269444887773552224197382e-47,3,ROOT_OK
cstr,cstrfold_0002809,test,middle_triple,0.01733374140602481707860273403805300039789341107397758146,19.934412848561006,23.450184796258043,0,0,0,0.05490590512246997407785213453505377545621882444103302118,-40.62891966648950972697703557505075113729985180255312081,1.161825133624329679311911305008192508315482627081665099e-44,3,ROOT_OK
cstr,cstrfold_0002810,dev,single,0.005166536406163748695668288183936211775658422705625740188,27.806421236699656,75.00169328135334,0,0,0,0.999999700181513395004155991819792117182962238684992283,0.00005803092562304729598369653199504005360868155655419795493,2.894820725495049300849275213720654065870779162429582183e-44,1,ROOT_OK
cstr,cstrfold_0002811,dev,high_triple,0.000001476329962824707452153706353531135348753680800309667137,89.55407126138732,20.960824690020765,0,0,0,0.9241363959474504459884228497039190111894147173882478594,7124626.116713499792995529688256492831076728342764901146,1.557042768045147341099488813002590126517219633164903703e-46,3,ROOT_OK
cstr,cstrfold_0002812,dev,single,0.0004331206088572307315660486369587236514757379644362270336,18.637422565996605,22.358048623891964,0,0,0,0.0004371814626872964420907419360656740506008479292731034606,1.018878791643141217028422968320410731871704734919752452,1.403888448313446380047157055082847879247070442650252281e-44,1,ROOT_OK
cstr,cstrfold_0002813,dev,single,0.00000003900420593304241529916922915811236869285857536125570509,26.78011625615337,73.9417427672223,0,0,0,0.00000003900431690182534659383158317188798035241751805876026494,1.00000569010500219255359466068488179701138097233360188,4.741422278867693185623711209388137086863808641560242418e-45,1,ROOT_OK
cstr,cstrfold_0002814,dev,single,0.01994741350603040422288123082454332805109524357721302621,83.95210968019045,19.7208646529072,0,0,0,0.9999941834320003970255036491372739109275675995839857589,0.0002916153368905525632177720263239622258130602953248967769,1.680396045594507205150779159201025100830661591011782693e-44,1,ROOT_OK
cstr,cstrfold_0002815,dev,single,0.01843544034921666565962545164118202954940199397417732164,19.45141606692095,22.221992129135536,0,0,0,0.9982916961441210695646392220384777771555866279763043593,0.09327736035691529760796303451644958753349802067550177978,6.964711658259327806090787334038521472468467144317519449e-44,1,ROOT_OK
cstr,cstrfold_0002816,cal,low_triple,0.005146940512165211089178930500612982037476119458898903138,28.576522432979406,75.20250227686111,0,0,0,0.01452748877665810561029041985232513655497459916123857722,2322.396981214947618605575173468203762969922526836783149,5.710806316529784280340552423058968220844260673500100107e-48,3,ROOT_OK
cstr,cstrfold_0002817,cal,single,0.000002674030356312480062523382228693833019941251272306804207,92.36061801526762,19.891813536194118,0,0,0,0.00000267416545120602162169418661559352032420665159256441035,1.000101045948466545695140351096822200917821550306740045,9.729858491215554095228438351822969065968045173328935918e-46,1,ROOT_OK
cstr,cstrfold_0002818,test,middle_triple,0.0002793836426961437237805854957253888482375950589464721873,20.062709743394393,22.86946805002945,0,0,0,0.8001513792255726881008065072862725016069323547026279311,-2222655.242132894239398361408013281351981328609213176242,2.66635040117757673262798466211286886993623505913509768e-47,3,ROOT_OK
cstr,cstrfold_0002819,test,high_triple,0.00000001868838308735086649289854141191871632238050907479969948,28.238847446432732,74.43416299493694,0,0,0,0.835167689670796272136640038736623294697923750053348716,34916974552.93552178611110317916838313712682238186276501,1.347647109326494070732513992993058173195846807400374004e-48,3,ROOT_OK
cstr,cstrfold_0002820,dev,low_triple,0.01955836854504715999839814279876008693071308689462467415,86.85259205493145,20.08220713896318,0,0,0,0.05354868809609236948718175288371778507680173230143897293,372.715605619113696891034129729791625722736297772913879,1.187186965896505578665988014046709598849653283803994024e-46,3,ROOT_OK
cstr,cstrfold_0002821,dev,middle_triple,0.01722621010735462949051926412640861934388829265117820341,19.619504135221682,23.510921898441197,0,0,0,0.05742452385672695786742957704172120427173787522889401304,-27.56658316472016866052500180055290424576429856632020306,2.350888071288402743242446335512359971742450009785948924e-44,3,ROOT_OK
cstr,cstrfold_0002822,dev,single,0.005430301906129042778300244234227367557501836512760363435,26.856871704859582,71.51116641966838,0,0,0,0.9999993892193946595166310504189545366910327969032477562,0.0001124766599445874952958202670441507917999132835971392447,4.930333274023166830671198388489536990376640261637711305e-44,1,ROOT_OK
cstr,cstrfold_0002823,dev,high_triple,0.000002474701630569549659816566382554316723760488231934718563,86.36375012479994,20.302718524637854,0,0,0,0.9287213438592411233728557552368645897070313915399708563,282959.5891788643225130909310117549734302162345843609614,2.61975753146895655994886507348190413390432544226867582e-46,3,ROOT_OK
cstr,cstrfold_0002824,dev,single,0.0003318841317382441383430925847801357322517976133695629569,19.84413384792747,22.311510527215837,0,0,0,0.0003342557924361418847975299774845266079228693196292667668,1.014366086707938171098961180548216241646555519894609264,1.520075541766574825003060136237675602834017134893453433e-44,1,ROOT_OK
cstr,cstrfold_0002825,dev,single,0.00000003070096323130482670891993097866524762036098361913044746,27.137604418053936,74.81093214577906,0,0,0,0.00000003070103280196618457839276854872845599299634703919841995,1.000004532155951062841555691247847955465410357853630611,1.978649784644265737796252701805926027440168651268056719e-45,1,ROOT_OK
cstr,cstrfold_0002826,cal,single,0.01825578149197333404875110346281756740273410814708648012,85.3384795419241,21.446158510553776,0,0,0,0.9999980265110745697025829621791123200199529859617245122,0.0001081048421617244425049090301593454151247333813427002495,1.293437119814367972871121964958673631985885441668986652e-44,1,ROOT_OK
cstr,cstrfold_0002827,cal,single,0.01811731125356668725374750032885283933955832667451080923,19.25329107878753,22.60540176022654,0,0,0,0.9983053163551535581243828860719394995590940633122405977,0.09414406455196689488730985020054057772188478450712877323,2.251310803692746805216933114253515802432218594814038455e-44,1,ROOT_OK
cstr,cstrfold_0002828,test,low_triple,0.004984129788920057308335233026531022649057887762860844218,26.989634137682884,77.79862214263157,0,0,0,0.01411598772346041581488377619460957917343606424878071372,9075.092363277038133350437063352716995239506750871826583,3.476258064307938853346829147996432198811581928870668067e-49,3,ROOT_OK
cstr,cstrfold_0002829,test,single,0.000003469023622069166480267932157234938828923315679851468318,91.0227974811982,19.54283066567043,0,0,0,0.000003469246790146638545858226822730270174643011307975568813,1.0001286694884218820949053489813287117754659963795033,1.740224665323490274884140023481862540363576738232506388e-44,1,ROOT_OK
cstr,cstrfold_0002830,dev,middle_triple,0.0003113006568965093504383154684037225583565624824308274691,19.655732357953205,22.80053000919799,0,0,0,0.7961423639729855023036906693542351731412519239373927157,-3275933.983351110364147739825571747038219167535060844006,3.294296068136704697405599724806375020856192421874248757e-47,3,ROOT_OK
cstr,cstrfold_0002831,dev,high_triple,0.00000002346073817420538998305417401322528916759758964742071739,27.939983384411075,73.37750621072941,0,0,0,0.8337428945080249544015881395649010525284987063191757642,24950408033.77820516483069882498432503891696527547446945,5.177526411329300753492393132774666807317644461148841933e-49,3,ROOT_OK
cstr,cstrfold_0002832,dev,low_triple,0.01980814019832350892849338409528583396876416285712223923,90.14673374590978,19.833581775825657,0,0,0,0.05420149675730024330312550571903453206526023197139561756,365.5440437059402713794115557205286646155049545280211574,6.631645300528071509407239436089824627896038385337146311e-47,3,ROOT_OK
cstr,cstrfold_0002833,dev,middle_triple,0.01724997944794031137982877909094924269672634317088461225,19.675245055777633,23.651023214496337,0,0,0,0.05003747155127654642170146465102703005872738954290133945,-10112.96818443361222073902439645870748488982154563491778,4.284508649721243000486160287391542997447471099761214335e-47,3,ROOT_OK
cstr,cstrfold_0002834,dev,single,0.005056326112149422464434726470981922942882627120325865746,27.560791794751577,76.9699955846791,0,0,0,0.9999996962142316252714854938163948272109096419795317275,0.0000600804147422178118357723315253723105881314820372524433,4.258287767821542371919195391701180075917379166364129973e-44,1,ROOT_OK
cstr,cstrfold_0002835,dev,high_triple,0.000002099429993793870131786368107314703840063816417271609242,89.1280207971393,20.419822952398558,0,0,0,0.9223228999204711862530164784538651354667922668778241797,11569625.58075647331014210327520260879308927785757823346,7.518685050750435273286566879284334933056641291195102263e-47,3,ROOT_OK
cstr,cstrfold_0002836,cal,single,0.0003606000738153365486791361461480618825981602008278050455,18.389963255266636,23.52249824268992,0,0,0,0.0003635634488134227914420307540627801331451988092880677582,1.016533423634926222774038865848005288124687700399845143,1.508658171036995978952336298899613301656182132626135e-44,1,ROOT_OK
cstr,cstrfold_0002837,cal,single,0.00000001519066752492423123209337400503455225745188996292080079,28.692895832103744,74.35051205887433,0,0,0,0.00000001519068445105046693048608896382095507182487451694502502,1.000002228491936154266412671932788743252880850913490798,3.522233159222401238551323737766516210245653659982084725e-45,1,ROOT_OK
cstr,cstrfold_0002838,test,single,0.01967270670894798991191003517367073293876601460518412587,86.66323876975707,19.97286453517539,0,0,0,0.9999954636289258389903675321796613353445041066281839584,0.0002306048702376464070487715086261591621874471678990928715,7.340541307922442733056035371520549457699504505472213686e-45,1,ROOT_OK
cstr,cstrfold_0002839,test,single,0.01735404682194655742078417988515701472520413427881330419,19.288922720984132,23.553246936169803,0,0,0,0.9985628176627638246451104193365478511843023326808026504,0.08326782518954692731049960723079228208928299234199700383,2.133662099063569716612100416795032374444707774454362193e-44,1,ROOT_OK
cstr,cstrfold_0002840,dev,low_triple,0.005223511219206806267934830828976904175051400296388923561,26.435186044787862,74.20818928086872,0,0,0,0.0139095853294224450149079954807445366827643812480685843,45.89428585214250745928755330135593904929156563622775806,4.307154487204821751986097822237727806856241298969113038e-47,3,ROOT_OK
cstr,cstrfold_0002841,dev,single,0.000002270026410023703048962458544732745121322080618438921273,84.5163406874692,20.52972818288671,0,0,0,0.000002270127053730363136375732394960655958070380989234813572,1.000088674757966040075276103762690036965485932201999986,1.137053415933935959549081829410330810448416740746402711e-44,1,ROOT_OK
cstr,cstrfold_0002842,dev,middle_triple,0.0002996851751010593515545611212266761497809926199909393658,18.96534632792302,23.780320079883314,0,0,0,0.7872732363952892278259723538044571250553698369389913034,-65230.9424655796227272834654249928996541328609167580649,9.532152185421238419931094467408374894609864659124722813e-47,3,ROOT_OK
cstr,cstrfold_0002843,dev,high_triple,0.00000004698641828971666234777433999411885379779288846878905625,25.975793261998103,76.8006710978473,0,0,0,0.8222375335955947183238988724060404215926147640706140438,66986879.2144741408765664836473284247119784689370226798,9.573800775113054652290351184934981445268772633826107733e-46,3,ROOT_OK
cstr,cstrfold_0002844,dev,low_triple,0.01967133832784076628586249229266715322789846278808792462,88.63307163732014,19.96861718582651,0,0,0,0.05420826758773547244425250535307636213837172759427841494,3383.39897771685135994881687055273043496350756217054163,9.418271418734101598948998299387197914663017853362760497e-48,3,ROOT_OK
cstr,cstrfold_0002845,dev,middle_triple,0.01808813271504496068560898265396613389037262406458976773,18.720929481560827,22.679402917345897,0,0,0,0.05304001605250902319055950580706074096799694234243241748,-485.7867404982468703537518808740501425677177331355079187,1.058796125155903032421704615442923448518428591657570497e-45,3,ROOT_OK
cstr,cstrfold_0002846,cal,single,0.00514331525435089542078263995100026862616624242077305002,27.862606450099065,75.32874331709692,0,0,0,0.9999997146044311735796854995299087570765055208757987628,0.0000554887111865370600343441873416071367399758315956909941,2.676931709712828652050236906530645863864556742551355974e-44,1,ROOT_OK
cstr,cstrfold_0002847,cal,high_triple,0.000002928569663008881424175782393096201242633383135016340747,88.40003521043843,19.9260494172746,0,0,0,0.9205226492424016209711524976333707720538209125936275313,154763850.9302313227483223355311575057915973021850028808,2.901455480159271818225189201739871035453537005236459784e-48,3,ROOT_OK
cstr,cstrfold_0002848,test,single,0.0002715191445985870866402004558637355179243706440302112121,19.431690661959387,23.703618182326416,0,0,0,0.00027320796053831674646283936019352624497639049755717249,1.012495752046927653405678161550100384164690480389993773,9.937970977473769713334059232026950046833953541550659556e-45,1,ROOT_OK
cstr,cstrfold_0002849,test,single,0.00000005641091514626175796723651379495753257193119876871573744,26.00860723955189,74.01856782814177,0,0,0,0.00000005641114750671426953551343391877684827593775103811161273,1.000008238162802003579000517971880054822620148095655461,2.684443612273604376723042622991588627420492641075853689e-45,1,ROOT_OK
cstr,cstrfold_0002850,dev,single,0.01820772237240728901084548948309628915688636464673831284,87.92697169403814,21.489005667703903,0,0,0,0.9999982618522230817867599052979406461705778291494186675,0.00009546425665132254711244518867112059320969902835704542299,1.871290311593522351917395105478497075458698266921860046e-44,1,ROOT_OK
cstr,cstrfold_0002851,dev,single,0.01765214661130331828921836112862322145319144345081213003,19.08419093566243,23.18264254058072,0,0,0,0.998378510732772028056996170885813849361535959617409556,0.09241730950746169482773604993536582299164422019526294784,3.979598641717954291379893530476403830683016551864973082e-44,1,ROOT_OK
cstr,cstrfold_0002852,dev,low_triple,0.00505257439323828697141079303137559644697974222312273687,27.986526865971182,76.64849761545257,0,0,0,0.01427545635839942398732007296126797218560810549710545775,2613.460381110641386787823175934543751571290627359843195,1.38413461242805854077642781731475765990742518204555993e-48,3,ROOT_OK
cstr,cstrfold_0002853,dev,single,0.00000129004668987045962835404605771218465821915117521265032,88.78656740881304,21.21722026713798,0,0,0,0.000001290080337086501284456069856965617396380005794100514979,1.000052165349563636030557050037651421748377913592564338,1.587330074932671055828573814822793378267126045254675217e-44,1,ROOT_OK
cstr,cstrfold_0002854,dev,middle_triple,0.0003049447145033159598759466579484217459204358570838458231,19.8646657021381,22.715317022488037,0,0,0,0.773463804110857246796858955636867286932437669665528703,-4757.025423778215135390589189706736279487745095354742627,1.859861417835138786979374272551951733399943627907147443e-44,3,ROOT_OK
cstr,cstrfold_0002855,dev,high_triple,0.00000003136365692141019523039189832530714664567512662658008112,27.77412289211501,70.8317549647171,0,0,0,0.8357438878983658570477458865034036703616415921932658198,523154906.6017240339148220607937564911648971918931469994,9.656353675167533873859552234055571055227146572438509892e-47,3,ROOT_OK
cstr,cstrfold_0002856,cal,low_triple,0.01972365513160174960983777302996840787563582693609351599,90.72445902639852,19.91290984019802,0,0,0,0.05432460354228946043017034215513629387475342195760773077,2681.501626558674586365393462894672356246846720803521453,5.637579660955457083939674297559658174991290028642166589e-48,3,ROOT_OK
cstr,cstrfold_0002857,cal,middle_triple,0.01860079551415544676021743841045538620558338988242971203,19.52240163512257,22.024215987467162,0,0,0,0.05539990217800154866228270888205893021571213648991806392,-134.3565742573904843240776813800193413647267000500438253,3.124459678120313659845354304597846053118072601110971245e-45,3,ROOT_OK
cstr,cstrfold_0002858,test,single,0.005362382379365248218553699070924170361645969089674195485,26.835768729530773,72.40770139187268,0,0,0,0.99999941458040883907784356125002024977490911949256842,0.0001091718235436111789001501974843231819322482775636100911,3.753164342704496160501227045101017269637467886229115901e-44,1,ROOT_OK
cstr,cstrfold_0002859,test,high_triple,0.000001802133913537503069439258886031876043013019736465363817,92.24606497126402,20.514921357113497,0,0,0,0.92408801303269058073164970149696095236769583617235477,3998228.570128334521003662179519007364147284191286546005,9.63692906409807476485575910286876315075319697703405062e-47,3,ROOT_OK
cstr,cstrfold_0002860,dev,single,0.0003326199254349625051672277748823406778440181703688992022,18.790020868645662,23.472584598342145,0,0,0,0.0003351333247501475244666701995101601329448597099601243676,1.015195326480025239392686028310105161761607667083136165,1.470265077953877908598325362507161538550875676605319776e-44,1,ROOT_OK
cstr,cstrfold_0002861,dev,single,0.00000001985575467488796279972197672716245155333351884508480168,28.51356879853946,72.17605961041347,0,0,0,0.00000001985578273617824504570681656059812183304681147060079773,1.000002826517527844892390232813288637636467045185298776,1.087254980830026083307712770000032865960117820525639539e-45,1,ROOT_OK
cstr,cstrfold_0002862,dev,single,0.01929902935982774743411836615063003478699201743427420362,90.66577323983546,20.327401394963093,0,0,0,0.9999968144328129585173571413307550454216137346737324579,0.0001650702025785887844888035275741151277171390104722016784,2.418333886796041488988482115973043112417526112644868384e-44,1,ROOT_OK
cstr,cstrfold_0002863,dev,single,0.01794460699985065798398430140028263590232691177979337399,19.582740421987168,22.883627945509176,0,0,0,0.9985356097732372694077089240836222075946262195873581006,0.0820715413125004453064842179368839322443970655143399117,2.428131567427982456055623086173455177404398355010528379e-45,1,ROOT_OK
cstr,cstrfold_0002864,dev,low_triple,0.005340532784446180262195940841709569229584238175258795273,28.222182077006543,72.38575859706836,0,0,0,0.01409269749115002468970647419127748354384102632318116662,41.15773737832278904328560195582321951447761302135504422,2.790163895646038472555818447630958114537191274258274642e-46,3,ROOT_OK
cstr,cstrfold_0002865,dev,single,0.000002172546806129618695518127150016642384930207476455815296,91.25970613921339,20.26561713445574,0,0,0,0.000002172637744722841318188093244764031936890332791528278297,1.000083718723366080037455942024643024934347285365656775,5.390222736122552823238478515780798445732703686700831877e-45,1,ROOT_OK
cstr,cstrfold_0002866,cal,middle_triple,0.0004223823511006084759861965971021728487071966058957812487,18.814891015678846,22.282373998960505,0,0,0,0.7870672354278540615501303613527526087772025875189621129,-1165491.348551157207345155436883338360929876684677344572,1.557032267241827909830037303950571148432056160350355127e-47,3,ROOT_OK
cstr,cstrfold_0002867,cal,high_triple,0.00000001958285026291059911653895445632264736475734821482936721,28.687114965773787,71.41850788194263,0,0,0,0.8430657597720848434719899381523159055151464450425462501,421569370.6895859948919640112612627760417328251759300286,8.491777908260860111763457306610920029006920757283976401e-46,3,ROOT_OK
cstr,cstrfold_0002868,test,low_triple,0.02014768545462966017455466178393976007513699513345912845,84.43541481667769,19.533529209405216,0,0,0,0.05519605220404866314138632909713807299709419251425539124,377.1832957996810972726143548183298780913213905897666442,2.587230608878495248159320121106053411643627014316805126e-48,3,ROOT_OK
cstr,cstrfold_0002869,test,middle_triple,0.0181724181235657056563043037011039302310253292338687852,18.82868374728825,22.571957507005674,0,0,0,0.05290735713478364948167747441427510595216554886570345662,-18873.75384354650134916029465641684286405919395251329108,1.112653877846768863891691189079405946791058921300949737e-47,3,ROOT_OK
cstr,cstrfold_0002870,dev,single,0.005007635961199728606946346407007129530635577090739257671,26.975960728774076,77.44048593146528,0,0,0,0.9999995911573743640822981519749517852786216079387604474,0.0000816439784398531873358408097000362436011571834782385383,6.09734515458141447299932003076657430918190967759027149e-44,1,ROOT_OK
cstr,cstrfold_0002871,dev,high_triple,0.00000312522650365315662065852042632237244510180347050049818,91.50366497789703,19.686372710141786,0,0,0,0.9236005513548865907865105601842513034214613335136131496,679068.9519447672142800899548153518682691735978326523818,1.282027186725401966267922241696259898071602392985549413e-47,3,ROOT_OK
cstr,cstrfold_0002872,dev,single,0.000372465257123584197946224926158801438032397443427343957,19.652660703414448,21.984294257127587,0,0,0,0.0003754096900759760557825155321081571832110786076532934721,1.015901045706583950551107222025274809613311607192704898,9.475420862502763119988307553713855620207930571096639662e-45,1,ROOT_OK
cstr,cstrfold_0002873,dev,single,0.00000002034990383998025153969388959717021640901903542372373697,28.662640414867358,71.10774606045575,0,0,0,0.00000002034993287296157911239692100922100072789606528474479152,1.000002853380721229867835368873441476751363672285709531,3.712049401392202929183104418544511512854517385747576514e-46,1,ROOT_OK
cstr,cstrfold_0002874,dev,single,0.01911184909823101223195438181315383258092395105005513123,90.21745289606599,20.51881382420526,0,0,0,0.9999971245713162555770056971050959546679469037387901194,0.0001504581273143041666115546878316062327755224581944457979,1.292845925631557993955626495402530718698438696989522767e-44,1,ROOT_OK
cstr,cstrfold_0002875,dev,single,0.01753431509839543776445373351740498883706396105487558326,20.076220095430635,23.386132216307725,0,0,0,0.9988341685539888919786606347648928858969541535834590937,0.06679968765460922341769058751437781051605361580141218555,2.579460325938661028687546952892621830254730591901349842e-44,1,ROOT_OK
cstr,cstrfold_0002876,cal,low_triple,0.00536127138909910957103931903025131862823689928062973219,28.115476529937336,72.28479535833446,0,0,0,0.01510377401123516172368179902883158758728890024531825537,770.1265971679546763487632474024828528021129038905591617,1.530967428520474735940234397045921829482839218570127196e-47,3,ROOT_OK
cstr,cstrfold_0002877,cal,single,0.000003331739221346672492157602322244821617891442024623112254,86.42949675927598,19.814761235400088,0,0,0,0.000003331948093798700192417015575464320753459319898988411069,1.00012538927337531613254592115343126355481584408164597,1.861760773824769049843615296142976343095535663987334624e-44,1,ROOT_OK
cstr,cstrfold_0002878,test,middle_triple,0.0003634867035796431774551586452172156780418541485757000239,20.1054640566058,21.656604279556,0,0,0,0.7999117426889371289197170275096793628514362759826293793,-2747646.299723880553358148017976687998145882584206758934,1.957751462749361989690155106722962803379406369834075167e-47,3,ROOT_OK
cstr,cstrfold_0002879,test,high_triple,0.00000004290311727911470566740735658387386870760119612347540776,26.017295673910883,77.79805727696021,0,0,0,0.8188860840471319074470115432146682918977548018448584691,115827491.1673864530638846805291232490767193542962207105,1.391738120965509695349192946251434955580058273906382324e-45,3,ROOT_OK
cstr,cstrfold_0002880,dev,low_triple,0.01873551625086312542284900328423920024554528931721699528,91.35881043027811,20.894809908978417,0,0,0,0.05005355309565706686759842276145862515551799691073025749,87.96194712423157571689307387945962358774778141246756963,4.552969830379421163595120707287950133573413836148538162e-46,3,ROOT_OK
cstr,cstrfold_0002881,dev,middle_triple,0.01761130110721668259658338294996703965606264281234744538,18.39879430438281,23.287497332865772,0,0,0,0.05149885404865764101893325947912996404830023432837943798,-1083.609973736106054350962818100413727136877280925987876,5.481599789183668511315674662171573240654522860589615931e-46,3,ROOT_OK
cstr,cstrfold_0002882,dev,single,0.005371667909718137897608528274430556579000424731395613953,28.33248890294761,72.12610880628166,0,0,0,0.9999997273880479204381209026209220808715923582908843292,0.00005075002935880256890098807549172501718490541788152768496,5.306567280360224281747005955609658228768798939542247825e-44,1,ROOT_OK
cstr,cstrfold_0002883,dev,high_triple,0.000001111242985591445086860843160511932875033025317887803956,92.52292636054361,21.266371835442055,0,0,0,0.9256556171625550408395038309210459213138169219402931191,12482688.46216008901733601713733831008482732840481786237,6.359507316763324553088624539818465144745219659169805462e-47,3,ROOT_OK
cstr,cstrfold_0002884,dev,single,0.00037591719064360750844167418591639641815019260986219156,19.37951539081644,22.21790869757797,0,0,0,0.0003789505385071153434497603891353867201516602331275300683,1.0162326733774992413419555313672022678636100746740556,1.060807101960069944997997032217135421028523615191549729e-44,1,ROOT_OK
cstr,cstrfold_0002885,dev,single,0.00000004689334890507268707399620540412684286802113627252810226,26.341576172303768,74.31770856306873,0,0,0,0.00000004689351013050974062995612274423593294732862863844145859,1.000006876277583832523467018428019721507605325460640787,5.210064263610991919432019327920666378766804755162674675e-45,1,ROOT_OK
cstr,cstrfold_0002886,cal,single,0.0193320720719283050635921670194335971395071065763192705,90.48734669828639,20.294987769635263,0,0,0,0.9999967308376053644560212857234197045598166978695596589,0.0001691125715851554297955936959258670244643463469725738777,2.392270983741201564431476086192444730456971491504269366e-44,1,ROOT_OK
cstr,cstrfold_0002887,cal,single,0.0185541236494028070974124713154787884347588456526979651,19.49808070449304,22.084095548492318,0,0,0,0.9982734173159233301333178160600498050612824535397052283,0.09368135868624059357389874425349277092032271758784920325,7.023886091305546438709237589781032188239016775116980103e-44,1,ROOT_OK
cstr,cstrfold_0002888,test,low_triple,0.005248640918433573770043712985266821050665092226159412379,27.803278938984867,73.62266479172547,0,0,0,0.01371843315515154208689943695798290002167146656992612627,35.56719087536955019827565411984345038473677916461351201,6.449369489694782907089507695047987351487321592720767131e-47,3,ROOT_OK
cstr,cstrfold_0002889,test,single,0.000001297167758103995055895443069890753690195934910529178435,88.60797793423689,21.217779602318092,0,0,0,0.000001297201778759590506122066153116560630239723953199179062,1.000052454770777312092027594599891514968167697878632008,6.447270739145470391901126161903623198821953089310870571e-45,1,ROOT_OK
cstr,cstrfold_0002890,dev,middle_triple,0.000227572450491396033859875021119756209956468579326058952,20.12941201483386,23.750535179754873,0,0,0,0.8010071416136842024071991263877136800248060614942404203,-1158445.166095899308290777758984497649178499826737971337,2.484495097918669660896341080509894035975112889457773011e-47,3,ROOT_OK
cstr,cstrfold_0002891,dev,high_triple,0.00000004358950728962194033954946096803594247794000087844279862,27.109517611275457,70.59236731074961,0,0,0,0.8295696923147580837921300037835688006421245089890293304,5323793045.413993787718623704356393203596430337695870988,3.023762135493502069410297662192572042053804554211616574e-47,3,ROOT_OK
cstr,cstrfold_0002892,dev,low_triple,0.01861961512647537525433752281610317420716518117734020733,91.79451065919815,21.018020997761372,0,0,0,0.0498253751404425348761138780142978202957116206346187318,93.24205239368188427542050053528315176944929610994542196,3.156331538921543406556210839451416305717624658206457712e-46,3,ROOT_OK
cstr,cstrfold_0002893,dev,middle_triple,0.01891926734464301706247745618728592237649809127009772207,18.79076322569785,21.730894516512198,0,0,0,0.05515519613868379693475632923250331862618118717436452123,-3776.318963442398522185021392637422112805843060059178514,1.277897379125876908491142042887686293398200977493531429e-46,3,ROOT_OK
cstr,cstrfold_0002894,dev,single,0.005447401320617906756239861881985911913530614207891231603,28.631192439141568,71.111430486073,0,0,0,0.9999997495408508881867462488861910371487087243559272161,0.0000459777863247334946664780247798910209124290043119520173,1.130871860042123450617264151012558299067052054840534987e-44,1,ROOT_OK
cstr,cstrfold_0002895,dev,high_triple,0.000002119603328535055562355985463796458940347865985833126504,92.14153587344836,20.26466012294547,0,0,0,0.9227629124115685120669391771246537579736764469403908687,17511220.18518828850748539269211766154343163885603809429,1.863784712782532462083903980597393845182552993639536833e-47,3,ROOT_OK
cstr,cstrfold_0002896,cal,single,0.0003608090130323786355178346087222389751382828048742050529,20.031804998090614,21.75759674005849,0,0,0,0.000363540902931195757176329857013590022873265863438431596,1.015226231872578949897040628566802355322937710626241053,6.125570313844782530212791780324481056459987959274425626e-45,1,ROOT_OK
cstr,cstrfold_0002897,cal,single,0.00000003617481831449328277218956416640765997479064369394806621,26.52702231805712,76.61062067224692,0,0,0,0.00000003617491726026863213338085860452240566958680058620836698,1.000005470433726511898596321981181609764219150509163051,2.683186571463496306486496402309172279186553509199686626e-45,1,ROOT_OK
cstr,cstrfold_0002898,test,single,0.01850084156703760709311624681062313102413933577144033185,92.49700010796913,21.155118825384438,0,0,0,0.9999981993424184057626282242336510367389839960296327771,0.00009733069533077513789579846055258237430189896898721235794,6.588402922539111211571239831882475776348563808714047973e-45,1,ROOT_OK
cstr,cstrfold_0002899,test,single,0.018383375638300174568225152487920867422076290858996136,18.392468728511947,22.360327713674803,0,0,0,0.9977282928204233195110706749816771079347458890862250944,0.1245825556036557144975294515875150194123397644583857782,6.596319585262869705464100412898786044016443562594045016e-44,1,ROOT_OK
cstr,cstrfold_0002900,dev,low_triple,0.005075011222544530592519816652424905070692953355017023398,28.047264628541818,76.26755200632404,0,0,0,0.0138776092017079010078039007390565632907079178558351163,87.53459747313382270101289480126708669557184181352654336,4.600207596117257207735898846657735222400529898189954446e-47,3,ROOT_OK
cstr,cstrfold_0002901,dev,single,0.000001616602623469865077679991182687887243621704320179069838,84.79784475880254,21.066224705523336,0,0,0,0.000001616655067150260098705641794816695996466086746736883555,1.000064882913740832687677637134181853619876851660445056,4.737725843466099527095229496121557247461239508039746075e-45,1,ROOT_OK
cstr,cstrfold_0002902,dev,middle_triple,0.0003959078082567202366792982906036198048042655553246779135,18.796227461583968,22.61275743033294,0,0,0,0.7858373170329395346388379211562122950688838523723780171,-76319.48627412010368671733828259854783061202944232992582,4.535775051667433422273649693295409249663188652582055888e-46,3,ROOT_OK
cstr,cstrfold_0002903,dev,high_triple,0.00000001607199102252420827921072490118707442419122270346553665,28.34403978396298,75.68324836498412,0,0,0,0.8350026737948852440450847575995968236282087990202520906,28325392406.04184824721725575903775139449427192374912915,1.355660256729637744600559453872984586637945635794661167e-47,3,ROOT_OK
cstr,cstrfold_0002904,dev,low_triple,0.01913380043558610671595831244502163712301707295413220998,90.84325760138792,20.49311743483498,0,0,0,0.05272052500964413497070705280860384727076848733902753262,5574.699978952047173329646617181446521645618752115885898,1.781867716822341770492480091987038057344300360809320744e-48,3,ROOT_OK
cstr,cstrfold_0002905,dev,middle_triple,0.01742632907160073431570083089343372883797159352338844338,18.485477310290737,23.514929391797892,0,0,0,0.05079535471828231686435333038787802389674484656792950433,-8465.07876735994251032077737977524228869994977940179778,1.273804949461695451051004477602290014552686432293291633e-47,3,ROOT_OK
cstr,cstrfold_0002906,cal,single,0.005225591802695384598365953704341199870526448234706097994,26.831644669744595,74.36529465812411,0,0,0,0.9999994767657403878261804204980692378243246731807712722,0.0001001294086623299640913320032665356912467387998258301893,8.026651611702187052083454844532376966186083104855331204e-45,1,ROOT_OK
cstr,cstrfold_0002907,cal,high_triple,0.000002957167045138030933875802382546609989796841382472251971,87.87050055797064,19.935631034391044,0,0,0,0.921078238123343308469329641305524835834064731743831462,2891767.367079532029218207399878148610428158211173021166,2.367629733986403812773643627448503312760909509552368198e-46,3,ROOT_OK
cstr,cstrfold_0002908,test,single,0.0002393179689724443974995735701469194932782705244166389684,20.081331721069507,23.566771912740474,0,0,0,0.0002406206152560085725541430056057047678664963321919625382,1.010929243086249163664212159061259698234571553435531868,1.283647443206168853626231676694052429042311384462815947e-44,1,ROOT_OK
cstr,cstrfold_0002909,test,single,0.00000004786695399204346928744777448903960495021093000235587874,26.41109541219063,73.59644240361038,0,0,0,0.0000000478671203291442745857585953102141513388600683325013761,1.00000694999406373765384085515245021958404396617204359,5.349104442473844937722936854789483396959336207037582849e-45,1,ROOT_OK
cstr,cstrfold_0002910,dev,single,0.01886525139475867862468739129491447197072933141811062525,87.12762451048566,20.78005851638768,0,0,0,0.999997261010584226229982853751312474563342268109685974,0.000145191998381364342979189744880327238496366485543321376,2.473967041742380412595604266114190826568687180456265876e-45,1,ROOT_OK
cstr,cstrfold_0002911,dev,single,0.01857723618076944561816524577870610832628492960728246355,20.05922211135486,22.024134020571285,0,0,0,0.9985056995361654878568197866845410327429902654504965944,0.08092210115965910735339358497642016858025919066324077642,1.314682865174893717331862180633803552900689080354994626e-44,1,ROOT_OK
cstr,cstrfold_0002912,dev,low_triple,0.005359840755815646285040523945139185050487528982218051531,27.18481182705455,72.3965153895422,0,0,0,0.01500590130037606723965229154824332392316425711932420554,260.4973821907395572073611924035810169324333758241783531,1.568178139377066955282390254904715752574786275239144346e-47,3,ROOT_OK
cstr,cstrfold_0002913,dev,single,0.000001267971577775837193840888444313631977970221040834106581,88.60548912610734,21.25466897949052,0,0,0,0.000001268004143501960775980622665802498773215583764061524444,1.000051367630462900761967651168224918150605424503807207,5.876266668411449341881865809272905871742926149538102208e-45,1,ROOT_OK
cstr,cstrfold_0002914,dev,middle_triple,0.0003604824767145816142564252771687790504276598839220590794,20.123240848096007,21.689532507536093,0,0,0,0.7856418097550897128025406605501137461106981004574905633,-6582.384679684487035296953475263155201787047393463644506,1.087939786421289200252330082249758733041513931095720086e-44,3,ROOT_OK
cstr,cstrfold_0002915,dev,high_triple,0.00000001442511743236555847987729672455481022111980010679305584,28.55316231864873,75.79160030724472,0,0,0,0.8387970334710169341851567804886578123228852483333403591,602154982.2398071072123714384564726822268633656565994607,5.850311436858311826848033583136179701267766237388262759e-46,3,ROOT_OK
cstr,cstrfold_0002916,cal,low_triple,0.01938091014405028973541941636798557161137658234557754754,87.72845698738452,20.254171108871155,0,0,0,0.05339830979321400838020595377711169161117070467807835824,2614.442384963681825485354497820620162600763433668105781,3.097886835617307269325128214687893438640048674313535975e-48,3,ROOT_OK
cstr,cstrfold_0002917,cal,middle_triple,0.0175426799306442599079462932761482469088818338863675979,19.725957553367714,23.272552773537008,0,0,0,0.05088867758487814034001855790587524629904123072185249429,-8577.673528543467234026981431334324714918513939289458319,7.118286224496354427181126913333498509466438540594435755e-47,3,ROOT_OK
cstr,cstrfold_0002918,test,single,0.005366967640505081401590442291089358271204170464582762174,28.52020509465512,72.16984270631897,0,0,0,0.9999997531375859067877084525603837619839422895124571365,0.000045996682399542219008870390434649992033722922131094685,1.726347250388264424306630709966324982595348757540727457e-44,1,ROOT_OK
cstr,cstrfold_0002919,test,high_triple,0.000001365140171491721353059108570740128805311697676318796828,86.75926039244467,21.235064710175227,0,0,0,0.923378998419761725357952798842593337909541164313228451,110922226.6969021781898981414780401904932920753677633528,2.885472232025545926280931265875527864728113927685752843e-48,3,ROOT_OK
cstr,cstrfold_0002920,dev,single,0.0003803806201785532083968583031870820502648535849778577863,19.223874344913966,22.330385332518777,0,0,0,0.0003835035103820367175267630136432283665151847922404540956,1.016517403070373144597671591262691511150711984599497549,1.043495253493210280851089745561975447974358503732873508e-44,1,ROOT_OK
cstr,cstrfold_0002921,dev,single,0.00000003442401825423330568943873120893389663765521891338564471,27.00398103855173,74.16006364234686,0,0,0,0.0000000344241049501813826147390995557686179398405405036652856,1.000005036954548922665537168430573635047720020366676408,1.285171817164291495736553990049782112592588633295343718e-46,1,ROOT_OK
cstr,cstrfold_0002922,dev,single,0.0197119447060296507334821174276771511291829707138171767,84.78432339573115,19.993648886497148,0,0,0,0.9999952239110023041702147782206535526193803460506276535,0.000242308148716093953622620414762309436041393894401351664,4.131148030623535332637989511973055903481195146541062967e-45,1,ROOT_OK
cstr,cstrfold_0002923,dev,single,0.01809866050389032778048778874967179323226672903002794721,19.87495742185251,22.5838605719114,0,0,0,0.9985755233009237683310252334439478462660916622744908503,0.07915207648977454389858341951412359119676124771625641118,6.10990061755507794416941707114270432920482240437729356e-44,1,ROOT_OK
cstr,cstrfold_0002924,dev,low_triple,0.005438505943874593448932140845364711948800782031451848522,27.61746364430146,71.31343917327737,0,0,0,0.01511413803752069053990575423914532984852315172987335793,163.9095441679676338483598226738825673850129632338781695,8.217204165745457828787084875888003673362681569563637527e-47,3,ROOT_OK
cstr,cstrfold_0002925,dev,single,0.000002463631825523500032746075377819277642859282792929983919,89.5006261183632,20.148101442840908,0,0,0,0.000002463748052725301958621808283897456338947039039505040148,1.000094357667814832928545691043312475590636558271591817,2.06300038495342144856274368119499134754490073840181677e-45,1,ROOT_OK
cstr,cstrfold_0002926,cal,middle_triple,0.0003169803239863269716907400481655281691990285168463552696,20.059769698949527,22.30235031217012,0,0,0,0.7996122054614514720595381491722154087163243991750928449,-345366.8873315804409080400185285718254345484338986655894,1.973002068190126565436857673203922135974763632442902269e-46,3,ROOT_OK
cstr,cstrfold_0002927,cal,high_triple,0.00000001764709071249501698946852830147193799040033742029074767,28.60760616221686,73.05142050900209,0,0,0,0.8432938545703041849357462081083503260057673381499530422,256529488.132989481521636501521444773197937232504892649,1.123986821527738065069138546116224510366954215283424683e-45,3,ROOT_OK
cstr,cstrfold_0002928,test,low_triple,0.01928987722490372846919744745813261225371897350675810084,90.40508598593718,20.336157330886724,0,0,0,0.05261872625490877509482629496948013541862299412325360238,263.1228412997308662141925776312548939792301845936552509,1.324195713281804319717374294547292211039929372827148168e-46,3,ROOT_OK
cstr,cstrfold_0002929,test,middle_triple,0.01784581161808353350355237973116780326157116161958323941,18.743452012635977,22.969835185193503,0,0,0,0.05198183559961740117536524796912017169209493608575353893,-6467.941293845781905131793320381015058791594859271704913,4.668734033601996247158228833854707764432422008575318972e-47,3,ROOT_OK
cstr,cstrfold_0002930,dev,single,0.005042285680361880657832163386644365707281773327331935429,26.88107522838038,76.93061857979048,0,0,0,0.9999995573880877804000203390932765560675046825016522365,0.00008778017647097229217715090157018854370594757081982410516,2.810665991726732393638501199964813956109750254610518223e-44,1,ROOT_OK
cstr,cstrfold_0002931,dev,high_triple,0.000001482203132310476099525082541800840756477365093364875277,91.5738511194123,20.855000243006888,0,0,0,0.9239964008500786754257481127633778327223167749045084531,124590602.5215167099793628855186995909101592844554006599,6.370695108003084000604153554426896068840532244968442321e-49,3,ROOT_OK
cstr,cstrfold_0002932,dev,single,0.0004086691171801441288263377285526484814203240435893575254,18.645982782848936,22.631698795289598,0,0,0,0.0004123285313873748385835302384340180999836689727925091453,1.018024929973935069058419873724437440203013373503354601,2.137731902393781633844379221257707302732630078885015583e-45,1,ROOT_OK
cstr,cstrfold_0002933,dev,single,0.00000002187130568276234486211516982855969335046011054237523807,28.203251956835224,72.69377396871114,0,0,0,0.00000002187133997784547591097064806942414150502708819974129926,1.000003136083686800198240918091066336709999976305161102,2.891808337147659126711771140884578470725587025814483775e-45,1,ROOT_OK
cstr,cstrfold_0002934,dev,single,0.01998336671660808762831084899887542924268483310393080694,86.20460947809322,19.6805959025573,0,0,0,0.9999944941290847307309875139692408659564942223997305692,0.0002755409608249078159891030811685738758664681536518460607,3.645431403898553454053125954221352056333720337572865191e-45,1,ROOT_OK
cstr,cstrfold_0002935,dev,single,0.01718126657200205673451184038124389901334301162771844336,19.306703941474225,23.798888068074152,0,0,0,0.9986262856902640601873166017722051512657459528804281408,0.08037154831750854943574231113209786480358376970699798175,6.856288602366000899779107428961947733421404174045839458e-44,1,ROOT_OK
cstr,cstrfold_0002936,cal,low_triple,0.005233539912708396727781486395161866254317429395581629452,26.30919687851232,73.88734107132413,0,0,0,0.01347692975718187447320341302721654112082358095898351364,28.87176138367720570452639977641622808419963101470000754,5.027513219416133726692732076266078685932695314685143365e-47,3,ROOT_OK
cstr,cstrfold_0002937,cal,single,0.000001752876481697827135562110040048824825946332295781782381,85.31987639738227,20.907484311759227,0,0,0,0.000001752937652127137577791872715916883445058294808691135008,1.000069796150316926532414551170835816013549324730385894,2.465106971122241278633123241000717226475615442365996106e-45,1,ROOT_OK
cstr,cstrfold_0002938,test,middle_triple,0.0005039352553661560929948713091258335969865413031051963829,18.69554140517893,21.583507718862887,0,0,0,0.7854935190831794353693744336367703708356309740862226816,-1805322.444224951817722572171278652926978730483528626285,3.206930470652101739108010522959251473455102005200661343e-47,3,ROOT_OK
cstr,cstrfold_0002939,test,high_triple,0.00000005410977767908661759566737726390007082732332484575662753,26.358591944355243,72.32942769899596,0,0,0,0.8230124617344173217645019016463396020063400156870521942,351130822.1375581116624932276774288036450994090448291874,7.360135163090368541341265995694318447477720880853721001e-47,3,ROOT_OK
cstr,cstrfold_0002940,dev,low_triple,0.01882706870857242316805771991209288728599177004889990493,90.91435766905066,20.795207513718953,0,0,0,0.04997638161854813689118827422118264202861469546291766596,72.33889513608163562666228483566897398239560948540112667,2.311844335804381437915805270931568011624580383333194294e-46,3,ROOT_OK
cstr,cstrfold_0002941,dev,middle_triple,0.01749256299673944120373646170232915133082261640543517095,18.75574234086465,23.332199413297328,0,0,0,0.05579073134180068101550268339397193105023234334533273162,-40.29365304637449261539680126427177115351966251089231549,1.375350359510894169827709262761619143161380323326050891e-44,3,ROOT_OK
cstr,cstrfold_0002942,dev,single,0.005199062712972979084659500880831738554404215355781222664,27.651461686692233,74.55516519114312,0,0,0,0.9999996656998995722944048304568194724112830336028659773,0.00006430016658505174240610773424802920694680288863083272804,1.372103819553142516188945661011005232858205712213394361e-44,1,ROOT_OK
cstr,cstrfold_0002943,dev,high_triple,0.000001819219072697130384390047319918467082375479303509404568,92.0440590155856,20.509387552027608,0,0,0,0.9243100839236664047548105307265677187835449714053077064,2871993.598934806861412267460736390139773566324340533208,3.156456079123640927594164673433879841068098373628905441e-46,3,ROOT_OK
cstr,cstrfold_0002944,dev,single,0.000406499233765956821370428642898882741681669047195183095,18.691435990877313,22.601632183693,0,0,0,0.0004101145492635488404140386353846170826607075197858313317,1.017901999534593094557461779957194219650862668291501671,4.365233295027852914877629621601811099806277119668860496e-45,1,ROOT_OK
cstr,cstrfold_0002945,dev,single,0.00000004459486805885632270128987967870775828763401177880454725,26.46672709193891,74.17573694523351,0,0,0,0.0000000445950135843034082283555187777897322695964549624128632,1.000006526571345430400583684537893234035085645112680234,1.072737507702411059334171165243880058615911286337306346e-45,1,ROOT_OK
cstr,cstrfold_0002946,cal,single,0.01887277959788104177916026895584571429216785755624289631,89.81236293461961,20.764692596118824,0,0,0,0.9999974902615495363917839254614383582750700166084425291,0.0001329861573466331150981295285443083821922203320806005353,1.759360387008819412709125601878612064664673014272002614e-44,1,ROOT_OK
cstr,cstrfold_0002947,cal,single,0.01724644349011752683832157021745182503794374624230986044,20.16313530634963,23.622289930003447,0,0,0,0.9989011358440587540776676242295251973372305239333415147,0.06399770181555863472710481897994486000190164825463432819,1.616378209975449828166970772423315468467147707018837984e-44,1,ROOT_OK
cstr,cstrfold_0002948,test,low_triple,0.005259279894330300957940933853851631496393691408105667297,26.25837766132234,73.86978668602684,0,0,0,0.01491750353931654927358772466789819828459558518336650134,17020.5563579128047502865232264684562857033421957322412,8.481579738437326364772767956109356866278227091225819601e-49,3,ROOT_OK
cstr,cstrfold_0002949,test,single,0.000001105122566510217117043492118634441505125882912666295135,89.09746035946384,21.45013121698998,0,0,0,0.000001105147543010421064977435433505280446475849585104654283,1.000045202080759958002284957582919273426754500626416336,5.037875710160206858276534059688114507619173485037565038e-45,1,ROOT_OK
cstr,cstrfold_0002950,dev,middle_triple,0.0004185611325134914773734823320438134239702999472778251548,18.73729848511581,22.41320033823722,0,0,0,0.7823374603815279130127966969978621488641084334243499968,-22013.52464884787616338520969987543708228755145853388179,4.668916825341925837575798460023513525229934088548492026e-45,3,ROOT_OK
cstr,cstrfold_0002951,dev,high_triple,0.00000002467028901479754400892511325504128237123573705801210927,27.591320302030784,74.8163295467509,0,0,0,0.830422453313115394327350471916584243154096094776550552,1577443529.597350224051623557219094682483217436081268518,1.972917302749689140655574939049579500479304710747343263e-47,3,ROOT_OK
cstr,cstrfold_0002952,dev,low_triple,0.01843051010325237627547081590291828701960330990962908285,90.80481493191597,21.234018965334812,0,0,0,0.0507925523148727600178812169053182416987944777020248885,18188.99150004731396378608524477446474646345905269697712,2.189861137656229055940461127844675875888539358625251306e-48,3,ROOT_OK
cstr,cstrfold_0002953,dev,middle_triple,0.01805274504160444186020469776028854885556105415903601648,18.63324781866936,22.72878804934105,0,0,0,0.05262569918350719558531597845071069781505922274662591165,-4698.208859672264880244535213667635227739888673069381244,1.303657966055206325281386557236081086522422439591401427e-46,3,ROOT_OK
cstr,cstrfold_0002954,dev,single,0.005280133637471047037046010750308583807540873277434843434,27.325592958875045,73.4620715490826,0,0,0,0.9999995758850226489150423979889110665863940039261888452,0.00008032292322546167395423732739927986650508568567425259167,5.996690561810851193825964988460740936458710964764758772e-46,1,ROOT_OK
cstr,cstrfold_0002955,dev,high_triple,0.000003436001122485305757635595994987405156932923598214953429,89.757046567694,19.613766710553527,0,0,0,0.9229082685244918853987859932597511123150859706387800249,616140.4689974782622645897210954685181340017626596758777,3.528784078690630477495732400107451890218726895800689487e-47,3,ROOT_OK
cstr,cstrfold_0002956,cal,single,0.0004010939308962798075562548449957247284861707342024674987,19.63424914061187,21.67113818526045,0,0,0,0.000404459776891198881392883675395100278717604607235372653,1.016885362623118785820647473290569465912915589022455932,7.832449667119698943122969635777776341790268749836957849e-46,1,ROOT_OK
cstr,cstrfold_0002957,cal,single,0.0000000334165213634463535902049032959632536898655461653248572,27.511372850608446,71.52975478014633,0,0,0,0.0000000334166001217488698513071347023545347424466635382338893,1.00000471374248670219402567700551513545485675087425175,4.850201272127497828127907701736789792843713294413777412e-45,1,ROOT_OK
cstr,cstrfold_0002958,test,single,0.01889668295919426890836641154340086002604466288565114759,87.98762091516338,20.744728086242233,0,0,0,0.9999972887447978899304946544535542539317142722515900908,0.0001434827327259998199652146626555968116467966176345361606,2.061068782736552755635255230135559474314019065436106725e-44,1,ROOT_OK
cstr,cstrfold_0002959,test,single,0.01860468262740875136195472084724745664651106891225585781,18.365789172238735,22.110712271148127,0,0,0,0.9976177000502056657356954324253590607955082624726932253,0.1291441765104010705125961048349882651489308010570551398,7.551740174605458471718921985984252272155119739927821269e-44,1,ROOT_OK
cstr,cstrfold_0002960,dev,low_triple,0.005353221018450692277316918665972542870749188307315252235,28.483168815582832,71.97837547547402,0,0,0,0.01364417341198004187931158414732235510629963821627590451,26.51584135626693947340280093381024978727513376198445286,2.109882474065572564292939436746187458652325514621676862e-46,3,ROOT_OK
cstr,cstrfold_0002961,dev,single,0.000001162122029718191357355056116217457820660060567824505978,91.70319091298404,21.235441292626696,0,0,0,0.000001162149359195922567905367560775058560576972443183107333,1.000047034570922451968005729066688058149046566997993727,1.537919214043457157206436727817093540417516080485894636e-44,1,ROOT_OK
cstr,cstrfold_0002962,dev,middle_triple,0.0004520334043246396986149318160467089986969784914909117942,19.04841100461974,21.717885717252862,0,0,0,0.7885392077401645313190482731079359390732966031955923816,-88838.30291194782059190888158680905468344013645715907123,1.060981079674936432940546687959057575290026059931195743e-45,3,ROOT_OK
cstr,cstrfold_0002963,dev,high_triple,0.00000001939584965344823510407575921607291250651967672289345098,27.678947199485012,77.39246202989486,0,0,0,0.8286911562847053433951702977817890258101613035092758432,4956291374.227265528296616457020592919711542091769936628,3.320232450248969294149505462746688370594663741989335219e-47,3,ROOT_OK
cstr,cstrfold_0002964,dev,low_triple,0.0186777957974919026365017994410501225633116538730398629,84.21462730694147,20.98671045714306,0,0,0,0.0515278097542674550793281366005843414322831604149346267,15810.02800699178067406381109883436537684839608960874523,4.262544681167570981649997309526548194858492577395500255e-49,3,ROOT_OK
cstr,cstrfold_0002965,dev,middle_triple,0.01719862656738409408932255802298851434521653357949526495,19.581234505237454,23.724929948579685,0,0,0,0.04997508377112190752769594171550297013545578614541409799,-1899.558298712865537227309915034214167470682017413691799,1.628154942765379802132264600961448109500092967308120951e-46,3,ROOT_OK
cstr,cstrfold_0002966,cal,single,0.005312371777634767036876199707050822408655403832161808657,26.680284166777703,73.09404537995243,0,0,0,0.9999993889509889239475556158148866263022050822840498292,0.0001150240636042895812601986333357443459008262411073772183,3.16488893354801026201658507182352135487757334278866805e-44,1,ROOT_OK
cstr,cstrfold_0002967,cal,high_triple,0.000002825210660323728338141169378743764028012470092257012734,86.10625792114352,20.094430251962713,0,0,0,0.9209186272042278415108496262650782599075574738482924548,3023121.48898789551765255821519877597835546335169410585,1.217952436442705918185344065828366824013885932410051487e-46,3,ROOT_OK
cstr,cstrfold_0002968,test,single,0.0004426183807077018824480841800438746271680686262539096532,18.520270931169296,22.369194479078644,0,0,0,0.0004468627771275747133287163001790172558579903537253669273,1.019311603530521416850582769515502172804942317360613365,6.107792130733352268367123482359197101536750964479752432e-45,1,ROOT_OK
cstr,cstrfold_0002969,test,single,0.00000001617814136280802484717644744822249446552723590021070242,28.10881907097275,76.9986814680131,0,0,0,0.00000001617816125415031697316580250663136313311855229284595433,1.000002459041461071945245740310026538077696482432330399,1.276819637336894680089048440649119793969916225737833985e-45,1,ROOT_OK
cstr,cstrfold_0002970,dev,single,0.01979668646755618352396601483828097241711372233300775298,84.1290631220626,19.964716486073783,0,0,0,0.9999950358755237195778483589799512540720185600014853339,0.0002507703104517792961128026351014030491413844114303156787,4.115689211689921418859390653703605154517129150222153191e-45,1,ROOT_OK
cstr,cstrfold_0002971,dev,single,0.01826734646798410440834166803746579159898750505490536743,19.352131143220138,22.422444188729177,0,0,0,0.9983016684726138489136796763465615825727995787312334366,0.0935778299817342355348300549211092361770003555809914672,6.406988767894314221020546510482228775934163316005202603e-44,1,ROOT_OK
cstr,cstrfold_0002972,dev,low_triple,0.005164616924069445421504713489800395693750341980252623866,27.128506698530494,75.09995176733807,0,0,0,0.0145025454605483987796729621728472374547501305080711656,349.7019447092686048045974812977561542480692322500691666,3.34265616644502829768059601483438455215871299659137177e-47,3,ROOT_OK
cstr,cstrfold_0002973,dev,single,0.000002354140649742140665150985785878158390471324454289624226,85.35797598550722,20.426453862735663,0,0,0,0.000002354248318041644195245202662763555273466004835629008548,1.000091474532473342434767317670523661831943960137274474,1.548489104635183859426473055858692918003404903632396162e-44,1,ROOT_OK
cstr,cstrfold_0002974,dev,middle_triple,0.0002519616803202975678148409427621523167982856587562321973,19.878697819462694,23.549099075394714,0,0,0,0.7974978180618624126380760019613467557760460799633641636,-115328.84318979849938111336695771349930956923083529288,8.760048304302355450280874546530433541778526903630675255e-46,3,ROOT_OK
cstr,cstrfold_0002975,dev,high_triple,0.00000002443520836045451959222175423516159174622744757924779149,27.68186246460351,74.38953516508477,0,0,0,0.8309420494285913782006409255844346197549770234769267448,27371228181.74965447787522427109641552908536619630613006,5.218120654414059231611258720384386508811627417520377717e-48,3,ROOT_OK
cstr,cstrfold_0002976,cal,low_triple,0.01868834560386858208253915923676712702603967610571271313,87.53502414050426,20.825781256526835,0,0,0,0.04591044051571482751414709696686622496852567866892946327,21.82735727060107979919610969447253903850518737164453936,1.059146807499036339367550857744459440819669835743459931e-45,3,ROOT_OK
cstr,cstrfold_0002977,cal,middle_triple,0.01907290795505671768115637147117410885111622241521188424,18.55316018728543,21.582785465359706,0,0,0,0.05596450837391551197242359299786769602772426836597002436,-539.2609062979545573672621674086785133677158671327501174,1.230973799183050286423802461191091537154172553348923019e-46,3,ROOT_OK
cstr,cstrfold_0002978,test,single,0.005123583770119948450424059604993406743887713563880181337,28.081143981283976,75.68274701650776,0,0,0,0.9999997514870903544610966025969569039384026781112956803,0.00004850378199265359946365854496271669087129041141377178812,2.209663947196892705919776366528766022169802355099972327e-44,1,ROOT_OK
cstr,cstrfold_0002979,test,high_triple,0.000002786628181448614243725781061436184669651082921059284457,83.97430793345686,20.22692951851888,0,0,0,0.920819242309590002016994954028860560742400127107069496,2167294.46169973090032234323683220258327822468728187305,1.406963166906025238160491666468815051065071835885114297e-46,3,ROOT_OK
cstr,cstrfold_0002980,dev,single,0.0004779098827964083559647514905376292842841560620614549707,18.658229533494925,21.86998649885623,0,0,0,0.0004827461779590364378294418327830987629022771581355569664,1.020387570105882012551491065191791276917680941518421756,1.169427516701796543827645509208346675595933483851026404e-44,1,ROOT_OK
cstr,cstrfold_0002981,dev,single,0.00000003036136879226488343993101129275810352022034046494919071,27.807719649748016,71.02992672212449,0,0,0,0.00000003036143334694255510078953204191202238795504843232246376,1.000004252428703736373657192423176689359484953640304274,1.350897380169172821470546458973270739721046473568867613e-45,1,ROOT_OK
cstr,cstrfold_0002982,dev,single,0.01918221022026643193944839119309679381022520388364522911,87.19055107676812,20.454331394637784,0,0,0,0.9999966743732601481021377174985113832636696125821280803,0.0001733775234938104744361502968252545416123725949715468859,1.149531099855754288972351573453512082012406414934309479e-44,1,ROOT_OK
cstr,cstrfold_0002983,dev,single,0.01882468871991057495679379075461689378146512986163608943,19.538488982700834,21.791524919671314,0,0,0,0.998204111452332475915121893109481879497133213670135871,0.09606969794632473763929128592338837637297950674052166441,6.410104004601009477485675666465975375225200658092927062e-44,1,ROOT_OK
cstr,cstrfold_0002984,dev,low_triple,0.005336617472089707792484237053603442656546410082787390433,28.227156216268547,72.60298868700053,0,0,0,0.01508599314649263858673661359472455118373192811037123337,8677.359605853432126356905677418825414724850124809074833,9.883550947170348674057786710326311845491623206312189837e-49,3,ROOT_OK
cstr,cstrfold_0002985,dev,single,0.000002060628918561897057506976071640498651193783831272300451,87.41615726248254,20.53456942915643,0,0,0,0.000002060711871047506572161582188067320342757339643254214129,1.000080514221768477350301464392007535241885067484541733,7.046712797859310937659940102488565364190213960172145401e-45,1,ROOT_OK
cstr,cstrfold_0002986,cal,middle_triple,0.0003436432626725651152530806412238367541422588760253409465,18.406080465536085,23.795765054954515,0,0,0,0.7806351074846577676204572088689227785504899193882787178,-53065.12933647659545728701890612727557402686576598260839,3.943694055152741897956796603730811129520946722197164394e-46,3,ROOT_OK
cstr,cstrfold_0002987,cal,high_triple,0.00000002366765676198675689603671139358767298702718371988633413,27.819288368792,73.97410392666482,0,0,0,0.8352790487163234018720342144537785408007862965530631173,305478914.3949263785362109316439742049954887889565595794,2.795950687784823107056918444526911749618449341640431754e-46,3,ROOT_OK
cstr,cstrfold_0002988,test,low_triple,0.01957351011774518901404323847992743921023304659655040821,84.74248413524897,20.07401860238216,0,0,0,0.05373026492185487492919021400740133476830063428158132642,534.1340053495873352643270351470624200696441951685577039,9.512905190775079025004914143464410896447464300049542645e-48,3,ROOT_OK
cstr,cstrfold_0002989,test,middle_triple,0.01780494570468141914756220564841462814646613523149356559,19.59037898120682,22.956730517250904,0,0,0,0.05172242151291338448317867106865080978063110449711570788,-2897.24207611628664434376600431702431314607684985449603,1.009342698919149173552519749070998474500332807207157356e-46,3,ROOT_OK
cstr,cstrfold_0002990,dev,single,0.005212950488702674641889817467730158873475504832028706465,26.78059317652666,74.45560051777623,0,0,0,0.9999994642280055801504535912526665032911625161289681965,0.0001027773434967256596705576315457954562732232123928840904,2.337953161731822802085402866761854292257364537365123469e-44,1,ROOT_OK
cstr,cstrfold_0002991,dev,high_triple,0.000002090979411033948632510198875596246514787569493174232237,86.39592171615294,20.563614550260517,0,0,0,0.9216648739788610041467659346473044247853623317188657782,23349515.23556861837986705185898957692448643638977614777,2.018466922027634878021348156035768610563710333473219537e-47,3,ROOT_OK
cstr,cstrfold_0002992,dev,single,0.0003181290684470158513388543073649853435748135599028685444,18.899333376914353,23.550785567236847,0,0,0,0.000320435234291395586488368934348474682240065211410548698,1.014574317822671921107709273451211258720038733579006187,1.047306842272941472006786865976989396182635354095929087e-44,1,ROOT_OK
cstr,cstrfold_0002993,dev,single,0.00000003845572371904272145621919414992320823086216384556153043,27.22208581241765,71.47034498919399,0,0,0,0.00000003845582793400997444716015552202393751201139131622937013,1.00000542000844824281570295247421248646458091885247964,1.963650339503030375725337145743711706379567307780440222e-45,1,ROOT_OK
cstr,cstrfold_0002994,dev,single,0.01835134501828101698270465209572720577130623639784555168,85.48889551987304,21.33673309868828,0,0,0,0.9999979071390307247387902904055897022132642016872819517,0.0001140470325433695750456044230056784840275046288799778321,1.541149050124146574902169276058738745560839644178764722e-44,1,ROOT_OK
cstr,cstrfold_0002995,dev,single,0.01820026250106614439748847931480795935328593890534420518,19.35974361070232,22.50015010352497,0,0,0,0.9983273923562532924455093336126177270121259085511806874,0.0924911037887172665116726904903113426294409935018338308,1.062259664967719737132516072584203810319976554022894248e-44,1,ROOT_OK
cstr,cstrfold_0002996,cal,low_triple,0.005297553658076565003225508640944362607476020701980788639,27.05600786450465,73.13973942735795,0,0,0,0.0141705717154473460052853867940256803338800316439399091,50.46359556226995364033640059246246625176256361092766032,9.550150133515376130533611400890496679670327284981968554e-47,3,ROOT_OK
cstr,cstrfold_0002997,cal,single,0.000002857285076527884724465649902730908625392402221306870222,89.29393725712463,19.918812318217192,0,0,0,0.000002857439543597249443065340070103487672793531058151155213,1.00010812591022715406554124789557557157496157797685146,1.396531375828531425469976533252448732105437838846494237e-44,1,ROOT_OK
cstr,cstrfold_0002998,test,middle_triple,0.0003937763185502553588870298153342485701309106778892857197,18.809689960236053,22.62332395699303,0,0,0,0.7870964871788499183644374731910201677547436888879496871,-1035068.707903563505528236115394131379545182702421433087,4.21035929360599229327118083184560981542248839221338682e-47,3,ROOT_OK
cstr,cstrfold_0002999,test,high_triple,0.00000003058934284750009467732335724384612910296278925183732917,27.192211511413685,74.54376976897716,0,0,0,0.8364629179664398187968684159636413790191409670491895948,74936803.99287886236514495082366033117000525411726529846,3.54985922164860730420589368747598900063406949535586839e-45,3,ROOT_OK
