domain,n,mode,repetition,time_ms,throughput_mroots_s,checksum,nonfinite
bem,1,serial,0,0.00123977661133,0.806596923077,0.12307233740234183,0
bem,1,serial,1,0.00124931335449,0.800439694656,0.12307233740234183,0
bem,1,serial,2,0.00125026702881,0.799829138063,0.12307233740234183,0
bem,1,serial,3,0.00123977661133,0.806596923077,0.12307233740234183,0
bem,1,serial,4,0.00124073028564,0.805976940815,0.12307233740234183,0
bem,1,serial,5,0.00123977661133,0.806596923077,0.12307233740234183,0
bem,1,serial,6,0.00123977661133,0.806596923077,0.12307233740234183,0
bem,1,serial,7,0.00123023986816,0.812849612403,0.12307233740234183,0
bem,1,serial,8,0.00123023986816,0.812849612403,0.12307233740234183,0
bem,1,serial,9,0.00123023986816,0.812849612403,0.12307233740234183,0
bem,1,serial,10,0.00122928619385,0.813480217223,0.12307233740234183,0
bem,1,serial,11,0.00123023986816,0.812849612403,0.12307233740234183,0
bem,1,serial,12,0.00125026702881,0.799829138063,0.12307233740234183,0
bem,1,serial,13,0.00122928619385,0.813480217223,0.12307233740234183,0
bem,1,serial,14,0.00139999389648,0.714288828338,0.12307233740234183,0
bem,1,serial,15,0.00128078460693,0.780771407297,0.12307233740234183,0
bem,1,serial,16,0.00125026702881,0.799829138063,0.12307233740234183,0
bem,1,serial,17,0.00123023986816,0.812849612403,0.12307233740234183,0
bem,1,serial,18,0.00123023986816,0.812849612403,0.12307233740234183,0
bem,1,serial,19,0.00123977661133,0.806596923077,0.12307233740234183,0
bem,1,serial,20,0.00123023986816,0.812849612403,0.12307233740234183,0
bem,1,serial,21,0.00123023986816,0.812849612403,0.12307233740234183,0
bem,1,serial,22,0.00123023986816,0.812849612403,0.12307233740234183,0
bem,1,serial,23,0.00123977661133,0.806596923077,0.12307233740234183,0
bem,1,serial,24,0.00123023986816,0.812849612403,0.12307233740234183,0
bem,1,serial,25,0.00124931335449,0.800439694656,0.12307233740234183,0
bem,1,serial,26,0.00122928619385,0.813480217223,0.12307233740234183,0
bem,1,serial,27,0.00123023986816,0.812849612403,0.12307233740234183,0
bem,1,serial,28,0.00123023986816,0.812849612403,0.12307233740234183,0
bem,1,serial,29,0.00124073028564,0.805976940815,0.12307233740234183,0
bem,8,serial,0,0.0102500915527,0.780480833643,8.033630044887845,0
bem,8,serial,1,0.0103397369385,0.773714074894,8.033630044887845,0
bem,8,serial,2,0.0103607177734,0.772147275405,8.033630044887845,0
bem,8,serial,3,0.0103797912598,0.770728408673,8.033630044887845,0
bem,8,serial,4,0.0103597640991,0.772218355887,8.033630044887845,0
bem,8,serial,5,0.0103797912598,0.770728408673,8.033630044887845,0
bem,8,serial,6,0.0103397369385,0.773714074894,8.033630044887845,0
bem,8,serial,7,0.0103797912598,0.770728408673,8.033630044887845,0
bem,8,serial,8,0.0103397369385,0.773714074894,8.033630044887845,0
bem,8,serial,9,0.0103693008423,0.771508139428,8.033630044887845,0
bem,8,serial,10,0.0103302001953,0.774428360414,8.033630044887845,0
bem,8,serial,11,0.0103397369385,0.773714074894,8.033630044887845,0
bem,8,serial,12,0.0103397369385,0.773714074894,8.033630044887845,0
bem,8,serial,13,0.0103797912598,0.770728408673,8.033630044887845,0
bem,8,serial,14,0.0103302001953,0.774428360414,8.033630044887845,0
bem,8,serial,15,0.0103406906128,0.773642718805,8.033630044887845,0
bem,8,serial,16,0.0103302001953,0.774428360414,8.033630044887845,0
bem,8,serial,17,0.0103797912598,0.770728408673,8.033630044887845,0
bem,8,serial,18,0.010350227356,0.772929881139,8.033630044887845,0
bem,8,serial,19,0.0103302001953,0.774428360414,8.033630044887845,0
bem,8,serial,20,0.0103702545166,0.771437189627,8.033630044887845,0
bem,8,serial,21,0.0103302001953,0.774428360414,8.033630044887845,0
bem,8,serial,22,0.0103302001953,0.774428360414,8.033630044887845,0
bem,8,serial,23,0.0103702545166,0.771437189627,8.033630044887845,0
bem,8,serial,24,0.0103397369385,0.773714074894,8.033630044887845,0
bem,8,serial,25,0.0103397369385,0.773714074894,8.033630044887845,0
bem,8,serial,26,0.0103597640991,0.772218355887,8.033630044887845,0
bem,8,serial,27,0.010350227356,0.772929881139,8.033630044887845,0
bem,8,serial,28,0.0103807449341,0.770657602205,8.033630044887845,0
bem,8,serial,29,0.010350227356,0.772929881139,8.033630044887845,0
bem,32,serial,0,0.0404396057129,0.791303461938,39.746720201545187,0
bem,32,serial,1,0.0411100387573,0.778398682349,39.746720201545187,0
bem,32,serial,2,0.0409202575684,0.782008762935,39.746720201545187,0
bem,32,serial,3,0.0408811569214,0.782756712623,39.746720201545187,0
bem,32,serial,4,0.0408792495728,0.782793234574,39.746720201545187,0
bem,32,serial,5,0.0463008880615,0.691131452111,39.746720201545187,0
bem,32,serial,6,0.0408802032471,0.782774973172,39.746720201545187,0
bem,32,serial,7,0.040919303894,0.782026988603,39.746720201545187,0
bem,32,serial,8,0.0409202575684,0.782008762935,39.746720201545187,0
bem,32,serial,9,0.0409097671509,0.782209292025,39.746720201545187,0
bem,32,serial,10,0.0409002304077,0.782391680463,39.746720201545187,0
bem,32,serial,11,0.0409107208252,0.782191057858,39.746720201545187,0
bem,32,serial,12,0.0409002304077,0.782391680463,39.746720201545187,0
bem,32,serial,13,0.040919303894,0.782026988603,39.746720201545187,0
bem,32,serial,14,0.0409097671509,0.782209292025,39.746720201545187,0
bem,32,serial,15,0.0409202575684,0.782008762935,39.746720201545187,0
bem,32,serial,16,0.0409097671509,0.782209292025,39.746720201545187,0
bem,32,serial,17,0.0409002304077,0.782391680463,39.746720201545187,0
bem,32,serial,18,0.0409202575684,0.782008762935,39.746720201545187,0
bem,32,serial,19,0.0408992767334,0.782409923985,39.746720201545187,0
bem,32,serial,20,0.0409097671509,0.782209292025,39.746720201545187,0
bem,32,serial,21,0.0409097671509,0.782209292025,39.746720201545187,0
bem,32,serial,22,0.0409097671509,0.782209292025,39.746720201545187,0
bem,32,serial,23,0.0409107208252,0.782191057858,39.746720201545187,0
bem,32,serial,24,0.0409097671509,0.782209292025,39.746720201545187,0
bem,32,serial,25,0.0409002304077,0.782391680463,39.746720201545187,0
bem,32,serial,26,0.0409107208252,0.782191057858,39.746720201545187,0
bem,32,serial,27,0.0409002304077,0.782391680463,39.746720201545187,0
bem,32,serial,28,0.0409002304077,0.782391680463,39.746720201545187,0
bem,32,serial,29,0.052960395813,0.604225091387,39.746720201545187,0
bem,128,serial,0,0.162919998169,0.785661683271,303.74111367175885,0
bem,128,serial,1,0.171050071716,0.748318891162,303.74111367175885,0
bem,128,serial,2,0.165490150452,0.773459928888,303.74111367175885,0
bem,128,serial,3,0.166919708252,0.766835751994,303.74111367175885,0
bem,128,serial,4,0.166700363159,0.767844757949,303.74111367175885,0
bem,128,serial,5,0.16565990448,0.772667353647,303.74111367175885,0
bem,128,serial,6,0.165250778198,0.774580316024,303.74111367175885,0
bem,128,serial,7,0.170709609985,0.749811331717,303.74111367175885,0
bem,128,serial,8,0.165350914001,0.774111233512,303.74111367175885,0
bem,128,serial,9,0.165440559387,0.773691774702,303.74111367175885,0
bem,128,serial,10,0.165320396423,0.77425413179,303.74111367175885,0
bem,128,serial,11,0.165180206299,0.774911249163,303.74111367175885,0
bem,128,serial,12,0.165170669556,0.774955991547,303.74111367175885,0
bem,128,serial,13,0.171790122986,0.745095223027,303.74111367175885,0
bem,128,serial,14,0.165399551392,0.773883598372,303.74111367175885,0
bem,128,serial,15,0.16543006897,0.773740836821,303.74111367175885,0
bem,128,serial,16,0.165470123291,0.7735535422,303.74111367175885,0
bem,128,serial,17,0.165349960327,0.774115698285,303.74111367175885,0
bem,128,serial,18,0.165510177612,0.773366338231,303.74111367175885,0
bem,128,serial,19,0.170189857483,0.752101223264,303.74111367175885,0
bem,128,serial,20,0.165380477905,0.773972851096,303.74111367175885,0
bem,128,serial,21,0.165340423584,0.774160348845,303.74111367175885,0
bem,128,serial,22,0.165259361267,0.774540086677,303.74111367175885,0
bem,128,serial,23,0.165260314941,0.774535617008,303.74111367175885,0
bem,128,serial,24,0.165289878845,0.774397082836,303.74111367175885,0
bem,128,serial,25,0.170129776001,0.752366828481,303.74111367175885,0
bem,128,serial,26,0.165509223938,0.773370794415,303.74111367175885,0
bem,128,serial,27,0.165209770203,0.774772580599,303.74111367175885,0
bem,128,serial,28,0.165499687195,0.773415359084,303.74111367175885,0
bem,128,serial,29,0.16533946991,0.774164814185,303.74111367175885,0
bem,512,serial,0,0.668610572815,0.765767130849,1436.1135911046765,0
bem,512,serial,1,0.667019844055,0.767593355075,1436.1135911046765,0
bem,512,serial,2,0.673009872437,0.760761499897,1436.1135911046765,0
bem,512,serial,3,0.670340538025,0.763790895757,1436.1135911046765,0
bem,512,serial,4,0.666560173035,0.768122700264,1436.1135911046765,0
bem,512,serial,5,0.673689842224,0.759993646794,1436.1135911046765,0
bem,512,serial,6,0.671911239624,0.762005410546,1436.1135911046765,0
bem,512,serial,7,0.665919303894,0.768861928174,1436.1135911046765,0
bem,512,serial,8,0.672200202942,0.761677842046,1436.1135911046765,0
bem,512,serial,9,0.671451568604,0.762527074089,1436.1135911046765,0
bem,512,serial,10,0.666290283203,0.768433838685,1436.1135911046765,0
bem,512,serial,11,0.685139656067,0.747292899289,1436.1135911046765,0
bem,512,serial,12,0.677260398865,0.755986915606,1436.1135911046765,0
bem,512,serial,13,0.667030334473,0.767581283098,1436.1135911046765,0
bem,512,serial,14,0.672220230103,0.761655149715,1436.1135911046765,0
bem,512,serial,15,0.671800613403,0.7621308909,1436.1135911046765,0
bem,512,serial,16,0.675310134888,0.75817017034,1436.1135911046765,0
bem,512,serial,17,0.686180114746,0.746159774959,1436.1135911046765,0
bem,512,serial,18,0.68044090271,0.752453296033,1436.1135911046765,0
bem,512,serial,19,0.670320510864,0.763813715531,1436.1135911046765,0
bem,512,serial,20,0.727199554443,0.704070838426,1436.1135911046765,0
bem,512,serial,21,0.676791191101,0.756511028412,1436.1135911046765,0
bem,512,serial,22,0.67615032196,0.757228065078,1436.1135911046765,0
bem,512,serial,23,0.667900085449,0.766581725552,1436.1135911046765,0
bem,512,serial,24,0.672070503235,0.76182483465,1436.1135911046765,0
bem,512,serial,25,0.675420761108,0.758045990709,1436.1135911046765,0
bem,512,serial,26,0.666669845581,0.767996337908,1436.1135911046765,0
bem,512,serial,27,0.672270774841,0.761597884604,1436.1135911046765,0
bem,512,serial,28,0.675810813904,0.757608474837,1436.1135911046765,0
bem,512,serial,29,0.666319847107,0.768399744091,1436.1135911046765,0
bem,2048,serial,0,2.69710159302,0.759333651095,5635.5293330603863,0
bem,2048,serial,1,2.73641204834,0.748425297003,5635.5293330603863,0
bem,2048,serial,2,2.73714065552,0.748226071565,5635.5293330603863,0
bem,2048,serial,3,2.73400115967,0.749085271145,5635.5293330603863,0
bem,2048,serial,4,2.73587226868,0.748572959143,5635.5293330603863,0
bem,2048,serial,5,2.73491096497,0.74883607775,5635.5293330603863,0
bem,2048,serial,6,2.73845100403,0.747868045471,5635.5293330603863,0
bem,2048,serial,7,2.7281703949,0.750686248861,5635.5293330603863,0
bem,2048,serial,8,2.740691185,0.747256754504,5635.5293330603863,0
bem,2048,serial,9,2.73743152618,0.74814656747,5635.5293330603863,0
bem,2048,serial,10,2.72669029236,0.751093736513,5635.5293330603863,0
bem,2048,serial,11,2.86192131042,0.715603183267,5635.5293330603863,0
bem,2048,serial,12,2.7440404892,0.746344672414,5635.5293330603863,0
bem,2048,serial,13,2.78218078613,0.736113199476,5635.5293330603863,0
bem,2048,serial,14,2.73902225494,0.747712069993,5635.5293330603863,0
bem,2048,serial,15,2.73632144928,0.748450077216,5635.5293330603863,0
bem,2048,serial,16,2.74182128906,0.746948755621,5635.5293330603863,0
bem,2048,serial,17,2.7329826355,0.749364439202,5635.5293330603863,0
bem,2048,serial,18,2.73839092255,0.747884454019,5635.5293330603863,0
bem,2048,serial,19,2.7353811264,0.748707366674,5635.5293330603863,0
bem,2048,serial,20,2.73554229736,0.748663254805,5635.5293330603863,0
bem,2048,serial,21,2.73734092712,0.748171329229,5635.5293330603863,0
bem,2048,serial,22,2.73935127258,0.747622263891,5635.5293330603863,0
bem,2048,serial,23,2.7301607132,0.750138990024,5635.5293330603863,0
bem,2048,serial,24,2.73278236389,0.74941935628,5635.5293330603863,0
bem,2048,serial,25,2.73882102966,0.747767005518,5635.5293330603863,0
bem,2048,serial,26,2.73840045929,0.74788184944,5635.5293330603863,0
bem,2048,serial,27,2.72798156738,0.750738210436,5635.5293330603863,0
bem,2048,serial,28,2.73613166809,0.74850199056,5635.5293330603863,0
bem,2048,serial,29,2.73513126373,0.7487757634,5635.5293330603863,0
bem,8192,serial,0,10.8661651611,0.753899823767,23613.149247674632,0
bem,8192,serial,1,11.0369949341,0.742231019306,23613.149247674632,0
bem,8192,serial,2,11.0746355057,0.739708317786,23613.149247674632,0
bem,8192,serial,3,11.0158147812,0.743658109974,23613.149247674632,0
bem,8192,serial,4,11.064116478,0.740411583366,23613.149247674632,0
bem,8192,serial,5,11.0115652084,0.743945101803,23613.149247674632,0
bem,8192,serial,6,11.0103149414,0.744029579862,23613.149247674632,0
bem,8192,serial,7,11.0249252319,0.74304358784,23613.149247674632,0
bem,8192,serial,8,11.0187454224,0.743460320208,23613.149247674632,0
bem,8192,serial,9,11.0242052078,0.743092118259,23613.149247674632,0
bem,8192,serial,10,11.0514850616,0.741257844924,23613.149247674632,0
bem,8192,serial,11,11.0167160034,0.743597275037,23613.149247674632,0
bem,8192,serial,12,11.0123643875,0.74389111291,23613.149247674632,0
bem,8192,serial,13,11.0484542847,0.741461184427,23613.149247674632,0
bem,8192,serial,14,11.0176753998,0.743532524126,23613.149247674632,0
bem,8192,serial,15,11.0170860291,0.743572300189,23613.149247674632,0
bem,8192,serial,16,11.023024559,0.743171709011,23613.149247674632,0
bem,8192,serial,17,11.0265550613,0.742933758951,23613.149247674632,0
bem,8192,serial,18,11.0269851685,0.742904780849,23613.149247674632,0
bem,8192,serial,19,11.0087451935,0.744135671779,23613.149247674632,0
bem,8192,serial,20,11.0137548447,0.743797198643,23613.149247674632,0
bem,8192,serial,21,11.0146150589,0.743739109918,23613.149247674632,0
bem,8192,serial,22,11.0484542847,0.741461184427,23613.149247674632,0
bem,8192,serial,23,11.0283060074,0.742815804577,23613.149247674632,0
bem,8192,serial,24,11.017115593,0.743570304848,23613.149247674632,0
bem,8192,serial,25,11.0850658417,0.739012299702,23613.149247674632,0
bem,8192,serial,26,11.0259561539,0.742974113599,23613.149247674632,0
bem,8192,serial,27,11.0170650482,0.743573716244,23613.149247674632,0
bem,8192,serial,28,11.0086145401,0.744144503394,23613.149247674632,0
bem,8192,serial,29,11.0071144104,0.744245920825,23613.149247674632,0
bem,32768,serial,0,43.5588207245,0.75227013622,95193.221636595292,0
bem,32768,serial,1,44.1497812271,0.742200733259,95193.221636595292,0
bem,32768,serial,2,44.2033205032,0.741301776132,95193.221636595292,0
bem,32768,serial,3,44.2156915665,0.741094368065,95193.221636595292,0
bem,32768,serial,4,44.1221008301,0.742666359569,95193.221636595292,0
bem,32768,serial,5,44.2112112045,0.741169470531,95193.221636595292,0
bem,32768,serial,6,44.2185907364,0.741045778581,95193.221636595292,0
bem,32768,serial,7,44.2082214355,0.741219595269,95193.221636595292,0
bem,32768,serial,8,44.1207818985,0.742688560583,95193.221636595292,0
bem,32768,serial,9,44.1063108444,0.742932232886,95193.221636595292,0
bem,32768,serial,10,44.1533412933,0.742140889911,95193.221636595292,0
bem,32768,serial,11,44.1193704605,0.742712320189,95193.221636595292,0
bem,32768,serial,12,44.0624313354,0.743672080883,95193.221636595292,0
bem,32768,serial,13,44.3096513748,0.739522857511,95193.221636595292,0
bem,32768,serial,14,44.0902509689,0.743202845978,95193.221636595292,0
bem,32768,serial,15,44.2918405533,0.739820237558,95193.221636595292,0
bem,32768,serial,16,44.0891313553,0.743221719111,95193.221636595292,0
bem,32768,serial,17,44.1523809433,0.742157032077,95193.221636595292,0
bem,32768,serial,18,44.0932312012,0.743152613391,95193.221636595292,0
bem,32768,serial,19,44.1368808746,0.742417664109,95193.221636595292,0
bem,32768,serial,20,44.1126413345,0.742825616619,95193.221636595292,0
bem,32768,serial,21,44.1197414398,0.742706075118,95193.221636595292,0
bem,32768,serial,22,44.2933921814,0.739794321144,95193.221636595292,0
bem,32768,serial,23,44.2087516785,0.741210705028,95193.221636595292,0
bem,32768,serial,24,44.1266202927,0.742590295442,95193.221636595292,0
bem,32768,serial,25,44.1409711838,0.742348868211,95193.221636595292,0
bem,32768,serial,26,44.2358903885,0.740755972407,95193.221636595292,0
bem,32768,serial,27,44.079791069,0.743379204059,95193.221636595292,0
bem,32768,serial,28,44.2034311295,0.741299920905,95193.221636595292,0
bem,32768,serial,29,44.0781116486,0.743407527556,95193.221636595292,0
bem,131072,serial,0,174.203672409,0.752406640959,384749.15279506525,0
bem,131072,serial,1,176.807993889,0.741323947617,384749.15279506525,0
bem,131072,serial,2,176.633834839,0.742054885009,384749.15279506525,0
bem,131072,serial,3,176.900524139,0.740936187938,384749.15279506525,0
bem,131072,serial,4,176.92686367,0.740825882972,384749.15279506525,0
bem,131072,serial,5,176.873333931,0.741050089841,384749.15279506525,0
bem,131072,serial,6,176.671443939,0.741896919375,384749.15279506525,0
bem,131072,serial,7,176.604814529,0.742176822015,384749.15279506525,0
bem,131072,serial,8,176.672034264,0.741894440432,384749.15279506525,0
bem,131072,serial,9,176.820203781,0.741272757282,384749.15279506525,0
bem,131072,serial,10,176.665405273,0.741922278429,384749.15279506525,0
bem,131072,serial,11,176.756923676,0.741538137655,384749.15279506525,0
bem,131072,serial,12,177.020784378,0.740432828046,384749.15279506525,0
bem,131072,serial,13,176.633803368,0.742055017222,384749.15279506525,0
bem,131072,serial,14,176.776244164,0.741457092384,384749.15279506525,0
bem,131072,serial,15,176.96632576,0.740660684665,384749.15279506525,0
bem,131072,serial,16,176.922794342,0.740842922403,384749.15279506525,0
bem,131072,serial,17,177.109265327,0.740062919677,384749.15279506525,0
bem,131072,serial,18,177.180753708,0.73976432122,384749.15279506525,0
bem,131072,serial,19,176.749975204,0.741567289321,384749.15279506525,0
bem,131072,serial,20,176.963913918,0.740670779135,384749.15279506525,0
bem,131072,serial,21,176.849235535,0.741151069179,384749.15279506525,0
bem,131072,serial,22,176.997493744,0.740530259652,384749.15279506525,0
bem,131072,serial,23,176.744133949,0.741591797539,384749.15279506525,0
bem,131072,serial,24,176.604444504,0.742178377041,384749.15279506525,0
bem,131072,serial,25,176.979624748,0.740605028327,384749.15279506525,0
bem,131072,serial,26,177.024124146,0.740418858914,384749.15279506525,0
bem,131072,serial,27,177.079874039,0.740185753528,384749.15279506525,0
bem,131072,serial,28,177.116974831,0.740030706404,384749.15279506525,0
bem,131072,serial,29,177.030613899,0.740391715947,384749.15279506525,0
bem,524288,serial,0,697.703791618,0.751447829721,1541597.1972558007,0
bem,524288,serial,1,707.219857216,0.741336650337,1541597.1972558007,0
bem,524288,serial,2,707.298277855,0.741254455744,1541597.1972558007,0
bem,524288,serial,3,707.845348358,0.740681564435,1541597.1972558007,0
bem,524288,serial,4,707.260867119,0.741293664579,1541597.1972558007,0
bem,524288,serial,5,707.65189743,0.740884044689,1541597.1972558007,0
bem,524288,serial,6,707.90493679,0.740619217005,1541597.1972558007,0
bem,524288,serial,7,707.293757439,0.741259193208,1541597.1972558007,0
bem,524288,serial,8,707.68710804,0.740847182383,1541597.1972558007,0
bem,524288,serial,9,708.069097519,0.740447509766,1541597.1972558007,0
bem,524288,serial,10,708.060167313,0.740456848448,1541597.1972558007,0
bem,524288,serial,11,707.278436661,0.741275250063,1541597.1972558007,0
bem,524288,serial,12,707.866786957,0.740659132001,1541597.1972558007,0
bem,524288,serial,13,707.766706467,0.740763863586,1541597.1972558007,0
bem,524288,serial,14,707.581057549,0.740958218718,1541597.1972558007,0
bem,524288,serial,15,708.499648094,0.739997544685,1541597.1972558007,0
bem,524288,serial,16,708.125617027,0.740388410464,1541597.1972558007,0
bem,524288,serial,17,708.289337158,0.740217270676,1541597.1972558007,0
bem,524288,serial,18,708.150506973,0.740362387426,1541597.1972558007,0
bem,524288,serial,19,707.770106316,0.740760305248,1541597.1972558007,0
bem,524288,serial,20,708.511528015,0.739985136824,1541597.1972558007,0
bem,524288,serial,21,708.026787758,0.740491756901,1541597.1972558007,0
bem,524288,serial,22,708.391787529,0.74011021758,1541597.1972558007,0
bem,524288,serial,23,708.648178101,0.739842443969,1541597.1972558007,0
bem,524288,serial,24,708.16191864,0.740350456866,1541597.1972558007,0
bem,524288,serial,25,707.718147278,0.740814690165,1541597.1972558007,0
bem,524288,serial,26,709.079819679,0.73939207611,1541597.1972558007,0
bem,524288,serial,27,707.964858055,0.740556531916,1541597.1972558007,0
bem,524288,serial,28,708.178717613,0.740332894735,1541597.1972558007,0
bem,524288,serial,29,708.56542778,0.739928846998,1541597.1972558007,0
bem,2097152,serial,0,2793.76618195,0.750654086069,6177853.5038025202,0
bem,2097152,serial,1,2830.60914993,0.740883636319,6177853.5038025202,0
bem,2097152,serial,2,2830.23293018,0.740982121166,6177853.5038025202,0
bem,2097152,serial,3,2831.51220131,0.740647347036,6177853.5038025202,0
bem,2097152,serial,4,2833.3653717,0.740162924607,6177853.5038025202,0
bem,2097152,serial,5,2830.04298019,0.741031855232,6177853.5038025202,0
bem,2097152,serial,6,2832.50805092,0.740386951176,6177853.5038025202,0
bem,2097152,serial,7,2830.53734875,0.740902430038,6177853.5038025202,0
bem,2097152,serial,8,2832.51123142,0.740386119827,6177853.5038025202,0
bem,2097152,serial,9,2833.0578413,0.740243269808,6177853.5038025202,0
bem,2097152,serial,10,2832.70237064,0.740336161587,6177853.5038025202,0
bem,2097152,serial,11,2829.40251923,0.741199594526,6177853.5038025202,0
bem,2097152,serial,12,2829.23005867,0.741244775614,6177853.5038025202,0
bem,2097152,serial,13,2832.90569019,0.740283027162,6177853.5038025202,0
bem,2097152,serial,14,2830.5343895,0.740903204633,6177853.5038025202,0
bem,2097152,serial,15,2830.5869503,0.740889446896,6177853.5038025202,0
bem,2097152,serial,16,2834.87628269,0.739768438152,6177853.5038025202,0
bem,2097152,serial,17,2834.76229191,0.739798185543,6177853.5038025202,0
bem,2097152,serial,18,2833.78005123,0.740054613303,6177853.5038025202,0
bem,2097152,serial,19,2836.51160336,0.739341942941,6177853.5038025202,0
bem,2097152,serial,20,2829.79203892,0.741097568711,6177853.5038025202,0
bem,2097152,serial,21,2834.07175159,0.739978442261,6177853.5038025202,0
bem,2097152,serial,22,2831.05214977,0.740767703685,6177853.5038025202,0
bem,2097152,serial,23,2831.99121952,0.740522069964,6177853.5038025202,0
bem,2097152,serial,24,2830.16723919,0.740999320097,6177853.5038025202,0
bem,2097152,serial,25,2833.15091038,0.740218952799,6177853.5038025202,0
bem,2097152,serial,26,2834.04798126,0.739984648766,6177853.5038025202,0
bem,2097152,serial,27,2831.69512081,0.740599503311,6177853.5038025202,0
bem,2097152,serial,28,2832.44854927,0.740402504589,6177853.5038025202,0
bem,2097152,serial,29,2831.18697071,0.740732428376,6177853.5038025202,0
bem,8388608,serial,0,11349.6413527,0.739107760268,24683164.9589849,0
bem,8388608,serial,1,11334.7190056,0.740080807991,24683164.9589849,0
bem,8388608,serial,2,11336.800806,0.739944905403,24683164.9589849,0
bem,8388608,serial,3,11337.4437065,0.739902946127,24683164.9589849,0
bem,8388608,serial,4,11321.8979979,0.740918881409,24683164.9589849,0
bem,8388608,serial,5,11358.581316,0.738526033017,24683164.9589849,0
bem,8388608,serial,6,11345.55128,0.739374208706,24683164.9589849,0
bem,8388608,serial,7,11336.2852764,0.739978555185,24683164.9589849,0
bem,8388608,serial,8,11341.2833576,0.739652448095,24683164.9589849,0
bem,8388608,serial,9,11338.8978071,0.73980806095,24683164.9589849,0
bem,8388608,serial,10,11336.1021452,0.739990509309,24683164.9589849,0
bem,8388608,serial,11,11334.8848734,0.740069978099,24683164.9589849,0
bem,8388608,serial,12,11340.1395769,0.739727050369,24683164.9589849,0
bem,8388608,serial,13,11352.2576027,0.738937424923,24683164.9589849,0
bem,8388608,serial,14,11351.5727911,0.738982003144,24683164.9589849,0
bem,8388608,serial,15,11355.3878956,0.738733725095,24683164.9589849,0
bem,8388608,serial,16,11348.9877214,0.739150328284,24683164.9589849,0
bem,8388608,serial,17,11341.154788,0.739660833204,24683164.9589849,0
bem,8388608,serial,18,11351.0781717,0.739014204033,24683164.9589849,0
bem,8388608,serial,19,11350.8857422,0.739026732409,24683164.9589849,0
bem,8388608,serial,20,11350.1548319,0.739074323148,24683164.9589849,0
bem,8388608,serial,21,11349.601922,0.739110328065,24683164.9589849,0
bem,8388608,serial,22,11351.0245018,0.739017698241,24683164.9589849,0
bem,8388608,serial,23,11349.9920216,0.739084924823,24683164.9589849,0
bem,8388608,serial,24,11348.398921,0.739188678367,24683164.9589849,0
bem,8388608,serial,25,11348.1969929,0.739201831381,24683164.9589849,0
bem,8388608,serial,26,11350.5742826,0.739047011289,24683164.9589849,0
bem,8388608,serial,27,11351.192812,0.739006740433,24683164.9589849,0
bem,8388608,serial,28,11347.8657112,0.739223411122,24683164.9589849,0
bem,8388608,serial,29,11349.6474905,0.739107360561,24683164.9589849,0
bem,16777216,serial,0,22387.961525,0.749385600886,49355617.765977256,0
bem,16777216,serial,1,22719.561574,0.73844805259,49355617.765977256,0
bem,16777216,serial,2,22722.5251245,0.738351741633,49355617.765977256,0
bem,16777216,serial,3,22719.5790138,0.738447485747,49355617.765977256,0
bem,16777216,serial,4,22722.4894657,0.738352900342,49355617.765977256,0
bem,16777216,serial,5,22698.8055925,0.739123295788,49355617.765977256,0
bem,16777216,serial,6,22721.1609955,0.738396070664,49355617.765977256,0
bem,16777216,serial,7,22721.9892349,0.738369155382,49355617.765977256,0
bem,16777216,serial,8,22726.9336767,0.73820851676,49355617.765977256,0
bem,16777216,serial,9,22729.5214586,0.73812447088,49355617.765977256,0
bem,16777216,serial,10,22696.0392313,0.739213385605,49355617.765977256,0
bem,16777216,serial,11,22713.931221,0.738631099864,49355617.765977256,0
bem,16777216,serial,12,22712.5761795,0.738675166895,49355617.765977256,0
bem,16777216,serial,13,22714.8067703,0.738602629097,49355617.765977256,0
bem,16777216,serial,14,22719.2324448,0.738458750347,49355617.765977256,0
bem,16777216,serial,15,22696.0960522,0.739211534946,49355617.765977256,0
bem,16777216,serial,16,22714.1450911,0.738624145119,49355617.765977256,0
bem,16777216,serial,17,22713.7193403,0.738637990046,49355617.765977256,0
bem,16777216,serial,18,22709.237319,0.738783771746,49355617.765977256,0
bem,16777216,serial,19,22711.7400894,0.738702359835,49355617.765977256,0
bem,16777216,serial,20,22698.6686821,0.739127753921,49355617.765977256,0
bem,16777216,serial,21,22711.1353693,0.73872202896,49355617.765977256,0
bem,16777216,serial,22,22728.7924376,0.738148146062,49355617.765977256,0
bem,16777216,serial,23,22763.4346151,0.73702480683,49355617.765977256,0
bem,16777216,serial,24,22736.9136724,0.737884492227,49355617.765977256,0
bem,16777216,serial,25,22692.4373007,0.739330719644,49355617.765977256,0
bem,16777216,serial,26,22701.7456455,0.739027573561,49355617.765977256,0
bem,16777216,serial,27,22739.5627832,0.73779853025,49355617.765977256,0
bem,16777216,serial,28,22714.8439112,0.738601421415,49355617.765977256,0
bem,16777216,serial,29,22714.8822813,0.738600173764,49355617.765977256,0
kepler,1,serial,0,0.000869750976562,1.14975438596,0.059582965709126884,0
kepler,1,serial,1,0.000869750976562,1.14975438596,0.059582965709126884,0
kepler,1,serial,2,0.000869750976562,1.14975438596,0.059582965709126884,0
kepler,1,serial,3,0.000860214233398,1.16250110865,0.059582965709126884,0
kepler,1,serial,4,0.0011100769043,0.900838487973,0.059582965709126884,0
kepler,1,serial,5,0.000890731811523,1.12267237687,0.059582965709126884,0
kepler,1,serial,6,0.000860214233398,1.16250110865,0.059582965709126884,0
kepler,1,serial,7,0.000849723815918,1.17685297419,0.059582965709126884,0
kepler,1,serial,8,0.000849723815918,1.17685297419,0.059582965709126884,0
kepler,1,serial,9,0.000860214233398,1.16250110865,0.059582965709126884,0
kepler,1,serial,10,0.000860214233398,1.16250110865,0.059582965709126884,0
kepler,1,serial,11,0.000860214233398,1.16250110865,0.059582965709126884,0
kepler,1,serial,12,0.000860214233398,1.16250110865,0.059582965709126884,0
kepler,1,serial,13,0.000849723815918,1.17685297419,0.059582965709126884,0
kepler,1,serial,14,0.000860214233398,1.16250110865,0.059582965709126884,0
kepler,1,serial,15,0.000860214233398,1.16250110865,0.059582965709126884,0
kepler,1,serial,16,0.000859260559082,1.16379134295,0.059582965709126884,0
kepler,1,serial,17,0.000859260559082,1.16379134295,0.059582965709126884,0
kepler,1,serial,18,0.000859260559082,1.16379134295,0.059582965709126884,0
kepler,1,serial,19,0.000860214233398,1.16250110865,0.059582965709126884,0
kepler,1,serial,20,0.000860214233398,1.16250110865,0.059582965709126884,0
kepler,1,serial,21,0.000860214233398,1.16250110865,0.059582965709126884,0
kepler,1,serial,22,0.000860214233398,1.16250110865,0.059582965709126884,0
kepler,1,serial,23,0.000849723815918,1.17685297419,0.059582965709126884,0
kepler,1,serial,24,0.000860214233398,1.16250110865,0.059582965709126884,0
kepler,1,serial,25,0.000849723815918,1.17685297419,0.059582965709126884,0
kepler,1,serial,26,0.000849723815918,1.17685297419,0.059582965709126884,0
kepler,1,serial,27,0.000860214233398,1.16250110865,0.059582965709126884,0
kepler,1,serial,28,0.000860214233398,1.16250110865,0.059582965709126884,0
kepler,1,serial,29,0.000860214233398,1.16250110865,0.059582965709126884,0
kepler,8,serial,0,0.00819969177246,0.975646429402,71.926389777377921,0
kepler,8,serial,1,0.00818920135498,0.9768962385,71.926389777377921,0
kepler,8,serial,2,0.00819969177246,0.975646429402,71.926389777377921,0
kepler,8,serial,3,0.00817012786865,0.979176841368,71.926389777377921,0
kepler,8,serial,4,0.00811004638672,0.986430856068,71.926389777377921,0
kepler,8,serial,5,0.00811004638672,0.986430856068,71.926389777377921,0
kepler,8,serial,6,0.0081205368042,0.98515654727,71.926389777377921,0
kepler,8,serial,7,0.00817012786865,0.979176841368,71.926389777377921,0
kepler,8,serial,8,0.00811004638672,0.986430856068,71.926389777377921,0
kepler,8,serial,9,0.00816059112549,0.980321140587,71.926389777377921,0
kepler,8,serial,10,0.00811004638672,0.986430856068,71.926389777377921,0
kepler,8,serial,11,0.00817012786865,0.979176841368,71.926389777377921,0
kepler,8,serial,12,0.00811958312988,0.985272257458,71.926389777377921,0
kepler,8,serial,13,0.00817012786865,0.979176841368,71.926389777377921,0
kepler,8,serial,14,0.00816059112549,0.980321140587,71.926389777377921,0
kepler,8,serial,15,0.00815963745117,0.980435717625,71.926389777377921,0
kepler,8,serial,16,0.00815963745117,0.980435717625,71.926389777377921,0
kepler,8,serial,17,0.00816059112549,0.980321140587,71.926389777377921,0
kepler,8,serial,18,0.00815963745117,0.980435717625,71.926389777377921,0
kepler,8,serial,19,0.00815010070801,0.98158296279,71.926389777377921,0
kepler,8,serial,20,0.00816917419434,0.979291151062,71.926389777377921,0
kepler,8,serial,21,0.00815010070801,0.98158296279,71.926389777377921,0
kepler,8,serial,22,0.00815963745117,0.980435717625,71.926389777377921,0
kepler,8,serial,23,0.00816059112549,0.980321140587,71.926389777377921,0
kepler,8,serial,24,0.00815010070801,0.98158296279,71.926389777377921,0
kepler,8,serial,25,0.00815963745117,0.980435717625,71.926389777377921,0
kepler,8,serial,26,0.0201597213745,0.396830881309,71.926389777377921,0
kepler,8,serial,27,0.00817012786865,0.979176841368,71.926389777377921,0
kepler,8,serial,28,0.00811004638672,0.986430856068,71.926389777377921,0
kepler,8,serial,29,0.00816059112549,0.980321140587,71.926389777377921,0
kepler,32,serial,0,0.0309705734253,1.03323886066,447.45838310789838,0
kepler,32,serial,1,0.0310096740723,1.03193603149,447.45838310789838,0
kepler,32,serial,2,0.0308599472046,1.03694279799,447.45838310789838,0
kepler,32,serial,3,0.0306997299194,1.0423544469,447.45838310789838,0
kepler,32,serial,4,0.0308904647827,1.03591837239,447.45838310789838,0
kepler,32,serial,5,0.0306606292725,1.0436837325,447.45838310789838,0
kepler,32,serial,6,0.0308799743652,1.0362702903,447.45838310789838,0
kepler,32,serial,7,0.0308704376221,1.03659042323,447.45838310789838,0
kepler,32,serial,8,0.0307302474976,1.04131930609,447.45838310789838,0
kepler,32,serial,9,0.0308895111084,1.03595035505,447.45838310789838,0
kepler,32,serial,10,0.0308799743652,1.0362702903,447.45838310789838,0
kepler,32,serial,11,0.0308704376221,1.03659042323,447.45838310789838,0
kepler,32,serial,12,0.030909538269,1.03527913363,447.45838310789838,0
kepler,32,serial,13,0.0309104919434,1.0352471924,447.45838310789838,0
kepler,32,serial,14,0.0309104919434,1.0352471924,447.45838310789838,0
kepler,32,serial,15,0.0309104919434,1.0352471924,447.45838310789838,0
kepler,32,serial,16,0.0309190750122,1.03495981,447.45838310789838,0
kepler,32,serial,17,0.0308799743652,1.0362702903,447.45838310789838,0
kepler,32,serial,18,0.0308799743652,1.0362702903,447.45838310789838,0
kepler,32,serial,19,0.0308704376221,1.03659042323,447.45838310789838,0
kepler,32,serial,20,0.0366992950439,0.87195135388,447.45838310789838,0
kepler,32,serial,21,0.0308303833008,1.03793714427,447.45838310789838,0
kepler,32,serial,22,0.0307693481445,1.03999603273,447.45838310789838,0
kepler,32,serial,23,0.0307903289795,1.03928736914,447.45838310789838,0
kepler,32,serial,24,0.031810760498,1.00594891474,447.45838310789838,0
kepler,32,serial,25,0.0308103561401,1.03861181787,447.45838310789838,0
kepler,32,serial,26,0.0307807922363,1.03960936919,447.45838310789838,0
kepler,32,serial,27,0.0308094024658,1.03864396706,447.45838310789838,0
kepler,32,serial,28,0.0308504104614,1.03726334663,447.45838310789838,0
kepler,32,serial,29,0.0308504104614,1.03726334663,447.45838310789838,0
kepler,128,serial,0,0.125030517578,1.02375006102,1724.5561553367311,0
kepler,128,serial,1,0.124889373779,1.02490705275,1724.5561553367311,0
kepler,128,serial,2,0.124920845032,1.02464884838,1724.5561553367311,0
kepler,128,serial,3,0.131760597229,0.97145886321,1724.5561553367311,0
kepler,128,serial,4,0.124959945679,1.02432823018,1724.5561553367311,0
kepler,128,serial,5,0.125289916992,1.02163049568,1724.5561553367311,0
kepler,128,serial,6,0.124950408936,1.02440641123,1724.5561553367311,0
kepler,128,serial,7,0.125,1.024,1724.5561553367311,0
kepler,128,serial,8,0.124869346619,1.02507143239,1724.5561553367311,0
kepler,128,serial,9,0.125080108643,1.0233441703,1724.5561553367311,0
kepler,128,serial,10,0.125,1.024,1724.5561553367311,0
kepler,128,serial,11,0.131759643555,0.971465894615,1724.5561553367311,0
kepler,128,serial,12,0.125070571899,1.02342220121,1724.5561553367311,0
kepler,128,serial,13,0.124950408936,1.02440641123,1724.5561553367311,0
kepler,128,serial,14,0.125009536743,1.02392188096,1724.5561553367311,0
kepler,128,serial,15,0.125,1.024,1724.5561553367311,0
kepler,128,serial,16,0.124829292297,1.0254003499,1724.5561553367311,0
kepler,128,serial,17,0.125080108643,1.0233441703,1724.5561553367311,0
kepler,128,serial,18,0.132949829102,0.962769195455,1724.5561553367311,0
kepler,128,serial,19,0.125011444092,1.02390625858,1724.5561553367311,0
kepler,128,serial,20,0.124929428101,1.02457845158,1724.5561553367311,0
kepler,128,serial,21,0.124859809875,1.02514972694,1724.5561553367311,0
kepler,128,serial,22,0.125239372253,1.02204281047,1724.5561553367311,0
kepler,128,serial,23,0.125029563904,1.02375786977,1724.5561553367311,0
kepler,128,serial,24,0.12488079071,1.02497749471,1724.5561553367311,0
kepler,128,serial,25,0.126699447632,1.01026486218,1724.5561553367311,0
kepler,128,serial,26,0.132289886475,0.967572075319,1724.5561553367311,0
kepler,128,serial,27,0.125949859619,1.01627743284,1724.5561553367311,0
kepler,128,serial,28,0.125170707703,1.02260346969,1724.5561553367311,0
kepler,128,serial,29,0.125,1.024,1724.5561553367311,0
kepler,512,serial,0,0.506070137024,1.01171747262,6968.5803437638488,0
kepler,512,serial,1,0.499810218811,1.02438881946,6968.5803437638488,0
kepler,512,serial,2,0.506290435791,1.01127725077,6968.5803437638488,0
kepler,512,serial,3,0.500671386719,1.02262684384,6968.5803437638488,0
kepler,512,serial,4,0.506080627441,1.01169650099,6968.5803437638488,0
kepler,512,serial,5,0.500549316406,1.02287623461,6968.5803437638488,0
kepler,512,serial,6,0.506219863892,1.01141823251,6968.5803437638488,0
kepler,512,serial,7,0.50027179718,1.0234436618,6968.5803437638488,0
kepler,512,serial,8,0.508939743042,1.00601300449,6968.5803437638488,0
kepler,512,serial,9,0.499890327454,1.02422465865,6968.5803437638488,0
kepler,512,serial,10,0.653389930725,0.783605586685,6968.5803437638488,0
kepler,512,serial,11,0.513131141663,0.997795609015,6968.5803437638488,0
kepler,512,serial,12,0.512009620667,0.999981209989,6968.5803437638488,0
kepler,512,serial,13,0.501330375671,1.0212826209,6968.5803437638488,0
kepler,512,serial,14,0.505499839783,1.01285887691,6968.5803437638488,0
kepler,512,serial,15,0.500421524048,1.02313744592,6968.5803437638488,0
kepler,512,serial,16,0.506330490112,1.01119725159,6968.5803437638488,0
kepler,512,serial,17,0.5,1.024,6968.5803437638488,0
kepler,512,serial,18,0.508699417114,1.00648827731,6968.5803437638488,0
kepler,512,serial,19,0.49995136261,1.02409961907,6968.5803437638488,0
kepler,512,serial,20,0.506540298462,1.01077841497,6968.5803437638488,0
kepler,512,serial,21,0.499499320984,1.02502641844,6968.5803437638488,0
kepler,512,serial,22,0.510009765625,1.00390234562,6968.5803437638488,0
kepler,512,serial,23,0.499830245972,1.02434777432,6968.5803437638488,0
kepler,512,serial,24,0.506580352783,1.01069849469,6968.5803437638488,0
kepler,512,serial,25,0.500039100647,1.02391992814,6968.5803437638488,0
kepler,512,serial,26,0.510479927063,1.00297773302,6968.5803437638488,0
kepler,512,serial,27,0.499110221863,1.02582551423,6968.5803437638488,0
kepler,512,serial,28,0.509601593018,1.00470643541,6968.5803437638488,0
kepler,512,serial,29,0.499959945679,1.02408203782,6968.5803437638488,0
kepler,2048,serial,0,2.17507171631,0.941578148731,28210.760526415987,0
kepler,2048,serial,1,2.09378051758,0.978134996866,28210.760526415987,0
kepler,2048,serial,2,2.09645175934,0.976888683881,28210.760526415987,0
kepler,2048,serial,3,2.09218120575,0.97888270594,28210.760526415987,0
kepler,2048,serial,4,2.09074115753,0.979556934928,28210.760526415987,0
kepler,2048,serial,5,2.08827114105,0.980715559268,28210.760526415987,0
kepler,2048,serial,6,2.0985212326,0.9759253174,28210.760526415987,0
kepler,2048,serial,7,2.08914089203,0.980307267841,28210.760526415987,0
kepler,2048,serial,8,2.09166145325,0.97912594642,28210.760526415987,0
kepler,2048,serial,9,2.09446144104,0.977816998619,28210.760526415987,0
kepler,2048,serial,10,2.09416103363,0.977957266471,28210.760526415987,0
kepler,2048,serial,11,2.08977127075,0.98001155852,28210.760526415987,0
kepler,2048,serial,12,2.08794116974,0.98087054831,28210.760526415987,0
kepler,2048,serial,13,2.09073066711,0.979561849938,28210.760526415987,0
kepler,2048,serial,14,2.10068130493,0.974921800462,28210.760526415987,0
kepler,2048,serial,15,2.11056137085,0.970357947552,28210.760526415987,0
kepler,2048,serial,16,2.10268115997,0.97399455466,28210.760526415987,0
kepler,2048,serial,17,2.0960111618,0.977094033334,28210.760526415987,0
kepler,2048,serial,18,2.09580135345,0.977191849134,28210.760526415987,0
kepler,2048,serial,19,2.09853076935,0.975920882321,28210.760526415987,0
kepler,2048,serial,20,2.09132099152,0.97928534563,28210.760526415987,0
kepler,2048,serial,21,2.09315109253,0.978429128843,28210.760526415987,0
kepler,2048,serial,22,2.09561061859,0.977280789585,28210.760526415987,0
kepler,2048,serial,23,2.09098148346,0.979444350034,28210.760526415987,0
kepler,2048,serial,24,2.09366130829,0.978190690105,28210.760526415987,0
kepler,2048,serial,25,2.093791008,0.978130096165,28210.760526415987,0
kepler,2048,serial,26,2.09127044678,0.979309014363,28210.760526415987,0
kepler,2048,serial,27,2.1059513092,0.972482122948,28210.760526415987,0
kepler,2048,serial,28,2.09182167053,0.979050952981,28210.760526415987,0
kepler,2048,serial,29,2.13249111176,0.960379149395,28210.760526415987,0
kepler,8192,serial,0,8.5283241272,0.960563866689,112785.47907679844,0
kepler,8192,serial,1,8.57358455658,0.95549299665,112785.47907679844,0
kepler,8192,serial,2,8.55261325836,0.957835897933,112785.47907679844,0
kepler,8192,serial,3,8.53165435791,0.960188921906,112785.47907679844,0
kepler,8192,serial,4,8.55057430267,0.958064301884,112785.47907679844,0
kepler,8192,serial,5,8.5725440979,0.955608965839,112785.47907679844,0
kepler,8192,serial,6,8.56913375854,0.955989278593,112785.47907679844,0
kepler,8192,serial,7,8.5497636795,0.95815513821,112785.47907679844,0
kepler,8192,serial,8,8.52211380005,0.961263859203,112785.47907679844,0
kepler,8192,serial,9,8.51660442352,0.961885699114,112785.47907679844,0
kepler,8192,serial,10,8.53994369507,0.959256909941,112785.47907679844,0
kepler,8192,serial,11,8.53557395935,0.959747995743,112785.47907679844,0
kepler,8192,serial,12,8.59210395813,0.953433529194,112785.47907679844,0
kepler,8192,serial,13,8.57568359375,0.955259124295,112785.47907679844,0
kepler,8192,serial,14,8.52080345154,0.961411684543,112785.47907679844,0
kepler,8192,serial,15,8.52607440948,0.960817324194,112785.47907679844,0
kepler,8192,serial,16,8.51896381378,0.96161929773,112785.47907679844,0
kepler,8192,serial,17,8.51721477509,0.961816769487,112785.47907679844,0
kepler,8192,serial,18,8.52656364441,0.96076219467,112785.47907679844,0
kepler,8192,serial,19,8.56062316895,0.95693968048,112785.47907679844,0
kepler,8192,serial,20,8.67147350311,0.944706801798,112785.47907679844,0
kepler,8192,serial,21,8.54425430298,0.95877296128,112785.47907679844,0
kepler,8192,serial,22,8.5324344635,0.960101133509,112785.47907679844,0
kepler,8192,serial,23,8.52317428589,0.961144255089,112785.47907679844,0
kepler,8192,serial,24,8.55491352081,0.95757835308,112785.47907679844,0
kepler,8192,serial,25,8.53698444366,0.959589425758,112785.47907679844,0
kepler,8192,serial,26,8.53081417084,0.960283489471,112785.47907679844,0
kepler,8192,serial,27,8.5686044693,0.956048330781,112785.47907679844,0
kepler,8192,serial,28,8.53079319,0.960285851215,112785.47907679844,0
kepler,8192,serial,29,8.511095047,0.962508344081,112785.47907679844,0
kepler,32768,serial,0,34.3036155701,0.955234585493,449644.30697732151,0
kepler,32768,serial,1,34.1927251816,0.958332505701,449644.30697732151,0
kepler,32768,serial,2,34.2718372345,0.956120320477,449644.30697732151,0
kepler,32768,serial,3,34.2817955017,0.955842584102,449644.30697732151,0
kepler,32768,serial,4,34.209227562,0.95787021033,449644.30697732151,0
kepler,32768,serial,5,34.2459964752,0.956841773423,449644.30697732151,0
kepler,32768,serial,6,34.2824258804,0.95582500825,449644.30697732151,0
kepler,32768,serial,7,34.2572870255,0.956526416574,449644.30697732151,0
kepler,32768,serial,8,34.3730354309,0.953305391543,449644.30697732151,0
kepler,32768,serial,9,34.3066759109,0.955149373406,449644.30697732151,0
kepler,32768,serial,10,34.2088470459,0.95788086503,449644.30697732151,0
kepler,32768,serial,11,34.2012653351,0.958093207341,449644.30697732151,0
kepler,32768,serial,12,34.2831859589,0.955803817047,449644.30697732151,0
kepler,32768,serial,13,34.3168973923,0.954864876782,449644.30697732151,0
kepler,32768,serial,14,34.336766243,0.954312347532,449644.30697732151,0
kepler,32768,serial,15,34.3637962341,0.953561701296,449644.30697732151,0
kepler,32768,serial,16,34.2646360397,0.956321262599,449644.30697732151,0
kepler,32768,serial,17,34.3310060501,0.954472465857,449644.30697732151,0
kepler,32768,serial,18,34.2258577347,0.957404785996,449644.30697732151,0
kepler,32768,serial,19,34.2874155045,0.955685913269,449644.30697732151,0
kepler,32768,serial,20,34.263926506,0.956341065996,449644.30697732151,0
kepler,32768,serial,21,34.3444070816,0.95410003504,449644.30697732151,0
kepler,32768,serial,22,34.3755464554,0.953235755613,449644.30697732151,0
kepler,32768,serial,23,34.2650966644,0.9563084068,449644.30697732151,0
kepler,32768,serial,24,34.305685997,0.955176934892,449644.30697732151,0
kepler,32768,serial,25,34.1889867783,0.958437294809,449644.30697732151,0
kepler,32768,serial,26,34.2629070282,0.956369521507,449644.30697732151,0
kepler,32768,serial,27,34.2989759445,0.955363800161,449644.30697732151,0
kepler,32768,serial,28,34.2821559906,0.955832533082,449644.30697732151,0
kepler,32768,serial,29,34.3021669388,0.955274926464,449644.30697732151,0
kepler,131072,serial,0,137.152006149,0.955669579177,1798044.7978873875,0
kepler,131072,serial,1,136.982655525,0.956851066272,1798044.7978873875,0
kepler,131072,serial,2,137.148396492,0.955694731784,1798044.7978873875,0
kepler,131072,serial,3,137.036824226,0.956472836699,1798044.7978873875,0
kepler,131072,serial,4,136.984885216,0.956835491694,1798044.7978873875,0
kepler,131072,serial,5,137.031805992,0.956507863638,1798044.7978873875,0
kepler,131072,serial,6,137.319664955,0.954502765812,1798044.7978873875,0
kepler,131072,serial,7,137.156345367,0.955639344639,1798044.7978873875,0
kepler,131072,serial,8,137.215675354,0.955226140613,1798044.7978873875,0
kepler,131072,serial,9,137.14954567,0.955686724007,1798044.7978873875,0
kepler,131072,serial,10,137.215374947,0.955228231902,1798044.7978873875,0
kepler,131072,serial,11,137.077436447,0.956189460477,1798044.7978873875,0
kepler,131072,serial,12,136.948525429,0.957089531192,1798044.7978873875,0
kepler,131072,serial,13,137.286206245,0.954735392467,1798044.7978873875,0
kepler,131072,serial,14,137.095225334,0.956065389444,1798044.7978873875,0
kepler,131072,serial,15,136.996016502,0.956757746293,1798044.7978873875,0
kepler,131072,serial,16,137.247004509,0.955008092664,1798044.7978873875,0
kepler,131072,serial,17,137.051985741,0.956367025926,1798044.7978873875,0
kepler,131072,serial,18,137.240924835,0.955050398832,1798044.7978873875,0
kepler,131072,serial,19,137.13099575,0.955816001209,1798044.7978873875,0
kepler,131072,serial,20,137.237575531,0.955073706985,1798044.7978873875,0
kepler,131072,serial,21,137.15946579,0.955617603534,1798044.7978873875,0
kepler,131072,serial,22,137.212844849,0.955245845566,1798044.7978873875,0
kepler,131072,serial,23,137.121935844,0.955879153783,1798044.7978873875,0
kepler,131072,serial,24,137.336565018,0.954385308698,1798044.7978873875,0
kepler,131072,serial,25,137.301725388,0.954627479225,1798044.7978873875,0
kepler,131072,serial,26,137.009494781,0.956663625459,1798044.7978873875,0
kepler,131072,serial,27,137.210366249,0.955263101347,1798044.7978873875,0
kepler,131072,serial,28,137.212954521,0.955245082051,1798044.7978873875,0
kepler,131072,serial,29,137.177685738,0.955490678351,1798044.7978873875,0
kepler,524288,serial,0,548.368970871,0.956086189865,7194046.0696520125,0
kepler,524288,serial,1,548.200651169,0.956379746872,7194046.0696520125,0
kepler,524288,serial,2,548.488552094,0.955877744392,7194046.0696520125,0
kepler,524288,serial,3,548.352732658,0.956114502171,7194046.0696520125,0
kepler,524288,serial,4,548.286391258,0.956230189841,7194046.0696520125,0
kepler,524288,serial,5,548.703950882,0.955502505782,7194046.0696520125,0
kepler,524288,serial,6,548.382491112,0.956062617785,7194046.0696520125,0
kepler,524288,serial,7,548.573050499,0.955730507583,7194046.0696520125,0
kepler,524288,serial,8,547.934451103,0.956844379733,7194046.0696520125,0
kepler,524288,serial,9,548.513881683,0.955833603319,7194046.0696520125,0
kepler,524288,serial,10,548.411622047,0.956011832942,7194046.0696520125,0
kepler,524288,serial,11,548.302361488,0.956202338025,7194046.0696520125,0
kepler,524288,serial,12,547.793730736,0.957090179356,7194046.0696520125,0
kepler,524288,serial,13,548.248791695,0.956295769261,7194046.0696520125,0
kepler,524288,serial,14,548.518601418,0.955825378839,7194046.0696520125,0
kepler,524288,serial,15,548.921291351,0.955124183122,7194046.0696520125,0
kepler,524288,serial,16,548.407851219,0.956018406437,7194046.0696520125,0
kepler,524288,serial,17,548.960681915,0.955055648377,7194046.0696520125,0
kepler,524288,serial,18,548.281411171,0.956238875362,7194046.0696520125,0
kepler,524288,serial,19,548.407912254,0.956018300037,7194046.0696520125,0
kepler,524288,serial,20,548.732131958,0.955453434318,7194046.0696520125,0
kepler,524288,serial,21,548.34705162,0.956124407801,7194046.0696520125,0
kepler,524288,serial,22,549.046762466,0.954905913013,7194046.0696520125,0
kepler,524288,serial,23,548.476672173,0.955898448558,7194046.0696520125,0
kepler,524288,serial,24,549.335681915,0.954403686598,7194046.0696520125,0
kepler,524288,serial,25,548.296410561,0.956212716155,7194046.0696520125,0
kepler,524288,serial,26,548.814170837,0.955310609418,7194046.0696520125,0
kepler,524288,serial,27,548.62720108,0.955636175107,7194046.0696520125,0
kepler,524288,serial,28,548.452250481,0.95594101317,7194046.0696520125,0
kepler,524288,serial,29,548.442991257,0.95595715208,7194046.0696520125,0
kepler,2097152,serial,0,2195.99759674,0.954988294665,28783927.332259491,0
kepler,2097152,serial,1,2197.48419762,0.95434224386,28783927.332259491,0
kepler,2097152,serial,2,2195.60006714,0.955161202346,28783927.332259491,0
kepler,2097152,serial,3,2195.83923721,0.955057166508,28783927.332259491,0
kepler,2097152,serial,4,2196.96111679,0.954569465965,28783927.332259491,0
kepler,2097152,serial,5,2196.93099785,0.954582552685,28783927.332259491,0
kepler,2097152,serial,6,2201.47729969,0.952611230784,28783927.332259491,0
kepler,2097152,serial,7,2196.53474712,0.954754757577,28783927.332259491,0
kepler,2097152,serial,8,2208.25983238,0.949685344653,28783927.332259491,0
kepler,2097152,serial,9,2197.39856815,0.954379433205,28783927.332259491,0
kepler,2097152,serial,10,2204.31812096,0.951383550343,28783927.332259491,0
kepler,2097152,serial,11,2198.01842785,0.954110290173,28783927.332259491,0
kepler,2097152,serial,12,2199.31104946,0.953549522026,28783927.332259491,0
kepler,2097152,serial,13,2207.83880329,0.949866447167,28783927.332259491,0
kepler,2097152,serial,14,2198.11035824,0.95407038693,28783927.332259491,0
kepler,2097152,serial,15,2198.06146812,0.954091607724,28783927.332259491,0
kepler,2097152,serial,16,2196.40945721,0.95480921971,28783927.332259491,0
kepler,2097152,serial,17,2198.86037827,0.953744958402,28783927.332259491,0
kepler,2097152,serial,18,2197.21808815,0.954457826153,28783927.332259491,0
kepler,2097152,serial,19,2202.63132095,0.952112130637,28783927.332259491,0
kepler,2097152,serial,20,2195.21907711,0.955326974819,28783927.332259491,0
kepler,2097152,serial,21,2203.35171032,0.951800836053,28783927.332259491,0
kepler,2097152,serial,22,2197.58168888,0.954299906398,28783927.332259491,0
kepler,2097152,serial,23,2198.8294096,0.953758391099,28783927.332259491,0
kepler,2097152,serial,24,2197.12111759,0.954499951418,28783927.332259491,0
kepler,2097152,serial,25,2196.92136765,0.954586737097,28783927.332259491,0
kepler,2097152,serial,26,2195.19298649,0.955338329208,28783927.332259491,0
kepler,2097152,serial,27,2196.9020586,0.954595127165,28783927.332259491,0
kepler,2097152,serial,28,2199.58996868,0.953428607086,28783927.332259491,0
kepler,2097152,serial,29,2196.13902664,0.95492679405,28783927.332259491,0
kepler,8388608,serial,0,8796.79893494,0.953597787337,115157889.59191644,0
kepler,8388608,serial,1,8796.55594444,0.953624128918,115157889.59191644,0
kepler,8388608,serial,2,8785.06613922,0.954871354075,115157889.59191644,0
kepler,8388608,serial,3,8795.88371468,0.953697010114,115157889.59191644,0
kepler,8388608,serial,4,8794.58002281,0.95383838435,115157889.59191644,0
kepler,8388608,serial,5,8796.8863945,0.953588306568,115157889.59191644,0
kepler,8388608,serial,6,8785.93414974,0.954777017108,115157889.59191644,0
kepler,8388608,serial,7,8794.69749451,0.953825643831,115157889.59191644,0
kepler,8388608,serial,8,8795.29032326,0.953761353144,115157889.59191644,0
kepler,8388608,serial,9,8783.97512913,0.954989953487,115157889.59191644,0
kepler,8388608,serial,10,8794.8909235,0.953804666023,115157889.59191644,0
kepler,8388608,serial,11,8793.87345219,0.953915023409,115157889.59191644,0
kepler,8388608,serial,12,8793.60050297,0.953944632482,115157889.59191644,0
kepler,8388608,serial,13,8784.38398933,0.954945504453,115157889.59191644,0
kepler,8388608,serial,14,8792.51750278,0.954062132642,115157889.59191644,0
kepler,8388608,serial,15,8793.4508934,0.953960862657,115157889.59191644,0
kepler,8388608,serial,16,8784.61626911,0.954920254115,115157889.59191644,0
kepler,8388608,serial,17,8794.67996311,0.953827545196,115157889.59191644,0
kepler,8388608,serial,18,8801.2143364,0.953119385505,115157889.59191644,0
kepler,8388608,serial,19,8804.49854946,0.952763857348,115157889.59191644,0
kepler,8388608,serial,20,8807.02175999,0.952490890634,115157889.59191644,0
kepler,8388608,serial,21,8798.37263584,0.953427224238,115157889.59191644,0
kepler,8388608,serial,22,8795.64185429,0.953723234639,115157889.59191644,0
kepler,8388608,serial,23,8787.5434494,0.954602164792,115157889.59191644,0
kepler,8388608,serial,24,8799.01254559,0.953357886074,115157889.59191644,0
kepler,8388608,serial,25,8796.9500351,0.953581407935,115157889.59191644,0
kepler,8388608,serial,26,8800.31514549,0.953216772503,115157889.59191644,0
kepler,8388608,serial,27,8792.29807186,0.954085943338,115157889.59191644,0
kepler,8388608,serial,28,8798.90959549,0.953369040671,115157889.59191644,0
kepler,8388608,serial,29,8796.12832451,0.953670488939,115157889.59191644,0
kepler,16777216,serial,0,17600.7741318,0.953208982423,230343749.91572928,0
kepler,16777216,serial,1,17622.7958632,0.952017837027,230343749.91572928,0
kepler,16777216,serial,2,17603.7685747,0.953046839306,230343749.91572928,0
kepler,16777216,serial,3,17619.5186129,0.952194913416,230343749.91572928,0
kepler,16777216,serial,4,17597.9247704,0.953363320899,230343749.91572928,0
kepler,16777216,serial,5,17600.0206738,0.953249789361,230343749.91572928,0
kepler,16777216,serial,6,17621.0286837,0.952113313087,230343749.91572928,0
kepler,16777216,serial,7,17597.3146009,0.953396377826,230343749.91572928,0
kepler,16777216,serial,8,17617.2812099,0.952315842613,230343749.91572928,0
kepler,16777216,serial,9,17600.4782133,0.953225008813,230343749.91572928,0
kepler,16777216,serial,10,17597.8687105,0.953366357937,230343749.91572928,0
kepler,16777216,serial,11,17623.6242332,0.95197308896,230343749.91572928,0
kepler,16777216,serial,12,17591.1060791,0.953732865037,230343749.91572928,0
kepler,16777216,serial,13,17602.1666536,0.953133573277,230343749.91572928,0
kepler,16777216,serial,14,17583.5507746,0.954142665215,230343749.91572928,0
kepler,16777216,serial,15,17587.5828066,0.953923923742,230343749.91572928,0
kepler,16777216,serial,16,17606.6407757,0.952891367169,230343749.91572928,0
kepler,16777216,serial,17,17587.826436,0.953910709832,230343749.91572928,0
kepler,16777216,serial,18,17619.2452612,0.95220968613,230343749.91572928,0
kepler,16777216,serial,19,17595.6094999,0.953488766619,230343749.91572928,0
kepler,16777216,serial,20,17582.0379143,0.954224765172,230343749.91572928,0
kepler,16777216,serial,21,17602.9433928,0.953091515758,230343749.91572928,0
kepler,16777216,serial,22,17600.4489231,0.953226595145,230343749.91572928,0
kepler,16777216,serial,23,17584.3574848,0.95409889241,230343749.91572928,0
kepler,16777216,serial,24,17600.0173817,0.953249967666,230343749.91572928,0
kepler,16777216,serial,25,17589.3587675,0.95382760803,230343749.91572928,0
kepler,16777216,serial,26,17611.3939676,0.95263418846,230343749.91572928,0
kepler,16777216,serial,27,17588.774107,0.953859313785,230343749.91572928,0
kepler,16777216,serial,28,17597.4393806,0.953389617495,230343749.91572928,0
kepler,16777216,serial,29,17615.6835098,0.952402215369,230343749.91572928,0
pv,1,serial,0,0.000749588012695,1.33406615776,7.4442028337114401,0
pv,1,serial,1,0.000749588012695,1.33406615776,7.4442028337114401,0
pv,1,serial,2,0.000750541687012,1.33237102922,7.4442028337114401,0
pv,1,serial,3,0.000760078430176,1.31565370138,7.4442028337114401,0
pv,1,serial,4,0.000740051269531,1.35125773196,7.4442028337114401,0
pv,1,serial,5,0.000740051269531,1.35125773196,7.4442028337114401,0
pv,1,serial,6,0.000740051269531,1.35125773196,7.4442028337114401,0
pv,1,serial,7,0.000729560852051,1.3706875817,7.4442028337114401,0
pv,1,serial,8,0.000759124755859,1.31730653266,7.4442028337114401,0
pv,1,serial,9,0.000760078430176,1.31565370138,7.4442028337114401,0
pv,1,serial,10,0.000730514526367,1.36889817232,7.4442028337114401,0
pv,1,serial,11,0.000730514526367,1.36889817232,7.4442028337114401,0
pv,1,serial,12,0.000730514526367,1.36889817232,7.4442028337114401,0
pv,1,serial,13,0.000740051269531,1.35125773196,7.4442028337114401,0
pv,1,serial,14,0.000729560852051,1.3706875817,7.4442028337114401,0
pv,1,serial,15,0.000729560852051,1.3706875817,7.4442028337114401,0
pv,1,serial,16,0.000740051269531,1.35125773196,7.4442028337114401,0
pv,1,serial,17,0.000740051269531,1.35125773196,7.4442028337114401,0
pv,1,serial,18,0.000740051269531,1.35125773196,7.4442028337114401,0
pv,1,serial,19,0.000730514526367,1.36889817232,7.4442028337114401,0
pv,1,serial,20,0.000730514526367,1.36889817232,7.4442028337114401,0
pv,1,serial,21,0.000740051269531,1.35125773196,7.4442028337114401,0
pv,1,serial,22,0.000729560852051,1.3706875817,7.4442028337114401,0
pv,1,serial,23,0.000729560852051,1.3706875817,7.4442028337114401,0
pv,1,serial,24,0.000730514526367,1.36889817232,7.4442028337114401,0
pv,1,serial,25,0.000740051269531,1.35125773196,7.4442028337114401,0
pv,1,serial,26,0.000740051269531,1.35125773196,7.4442028337114401,0
pv,1,serial,27,0.000730514526367,1.36889817232,7.4442028337114401,0
pv,1,serial,28,0.000730514526367,1.36889817232,7.4442028337114401,0
pv,1,serial,29,0.000730514526367,1.36889817232,7.4442028337114401,0
pv,8,serial,0,0.00610065460205,1.31133468814,159.97450671518635,0
pv,8,serial,1,0.00609016418457,1.31359348575,159.97450671518635,0
pv,8,serial,2,0.00609016418457,1.31359348575,159.97450671518635,0
pv,8,serial,3,0.00607013702393,1.31792741555,159.97450671518635,0
pv,8,serial,4,0.00605964660645,1.3202090022,159.97450671518635,0
pv,8,serial,5,0.00605964660645,1.3202090022,159.97450671518635,0
pv,8,serial,6,0.00607013702393,1.31792741555,159.97450671518635,0
pv,8,serial,7,0.0060396194458,1.32458676772,159.97450671518635,0
pv,8,serial,8,0.00609016418457,1.31359348575,159.97450671518635,0
pv,8,serial,9,0.00605964660645,1.3202090022,159.97450671518635,0
pv,8,serial,10,0.00606918334961,1.3181345066,159.97450671518635,0
pv,8,serial,11,0.00606060028076,1.32000125885,159.97450671518635,0
pv,8,serial,12,0.00605964660645,1.3202090022,159.97450671518635,0
pv,8,serial,13,0.0060396194458,1.32458676772,159.97450671518635,0
pv,8,serial,14,0.00607013702393,1.31792741555,159.97450671518635,0
pv,8,serial,15,0.00607013702393,1.31792741555,159.97450671518635,0
pv,8,serial,16,0.00607013702393,1.31792741555,159.97450671518635,0
pv,8,serial,17,0.00605010986328,1.32229003783,159.97450671518635,0
pv,8,serial,18,0.00606060028076,1.32000125885,159.97450671518635,0
pv,8,serial,19,0.00604057312012,1.32437764446,159.97450671518635,0
pv,8,serial,20,0.00607013702393,1.31792741555,159.97450671518635,0
pv,8,serial,21,0.00607013702393,1.31792741555,159.97450671518635,0
pv,8,serial,22,0.00606060028076,1.32000125885,159.97450671518635,0
pv,8,serial,23,0.00605964660645,1.3202090022,159.97450671518635,0
pv,8,serial,24,0.00607013702393,1.31792741555,159.97450671518635,0
pv,8,serial,25,0.00605010986328,1.32229003783,159.97450671518635,0
pv,8,serial,26,0.00605010986328,1.32229003783,159.97450671518635,0
pv,8,serial,27,0.00607013702393,1.31792741555,159.97450671518635,0
pv,8,serial,28,0.00604915618896,1.32249850229,159.97450671518635,0
pv,8,serial,29,0.00604915618896,1.32249850229,159.97450671518635,0
pv,32,serial,0,0.0234594345093,1.36405675027,1302.5552023959826,0
pv,32,serial,1,0.0234508514404,1.36455599837,1302.5552023959826,0
pv,32,serial,2,0.0234403610229,1.36516668701,1302.5552023959826,0
pv,32,serial,3,0.0233993530273,1.36755917835,1302.5552023959826,0
pv,32,serial,4,0.0234298706055,1.3657779225,1302.5552023959826,0
pv,32,serial,5,0.0234298706055,1.3657779225,1302.5552023959826,0
pv,32,serial,6,0.0234298706055,1.3657779225,1302.5552023959826,0
pv,32,serial,7,0.0234298706055,1.3657779225,1302.5552023959826,0
pv,32,serial,8,0.0234298706055,1.3657779225,1302.5552023959826,0
pv,32,serial,9,0.0234298706055,1.3657779225,1302.5552023959826,0
pv,32,serial,10,0.0323696136475,0.988581462495,1302.5552023959826,0
pv,32,serial,11,0.0233993530273,1.36755917835,1302.5552023959826,0
pv,32,serial,12,0.0234403610229,1.36516668701,1302.5552023959826,0
pv,32,serial,13,0.0234394073486,1.36522223126,1302.5552023959826,0
pv,32,serial,14,0.0234298706055,1.3657779225,1302.5552023959826,0
pv,32,serial,15,0.0234003067017,1.36750344378,1302.5552023959826,0
pv,32,serial,16,0.0234403610229,1.36516668701,1302.5552023959826,0
pv,32,serial,17,0.0234203338623,1.36633406629,1302.5552023959826,0
pv,32,serial,18,0.0234308242798,1.36572233302,1302.5552023959826,0
pv,32,serial,19,0.0234394073486,1.36522223126,1302.5552023959826,0
pv,32,serial,20,0.0234298706055,1.3657779225,1302.5552023959826,0
pv,32,serial,21,0.0234594345093,1.36405675027,1302.5552023959826,0
pv,32,serial,22,0.0234098434448,1.36694634782,1302.5552023959826,0
pv,32,serial,23,0.0234403610229,1.36516668701,1302.5552023959826,0
pv,32,serial,24,0.0234203338623,1.36633406629,1302.5552023959826,0
pv,32,serial,25,0.0234298706055,1.3657779225,1302.5552023959826,0
pv,32,serial,26,0.0234403610229,1.36516668701,1302.5552023959826,0
pv,32,serial,27,0.0234308242798,1.36572233302,1302.5552023959826,0
pv,32,serial,28,0.0234098434448,1.36694634782,1302.5552023959826,0
pv,32,serial,29,0.0234403610229,1.36516668701,1302.5552023959826,0
pv,128,serial,0,0.0930604934692,1.37544940101,5992.4286145423757,0
pv,128,serial,1,0.0930299758911,1.3759006038,5992.4286145423757,0
pv,128,serial,2,0.093111038208,1.37470274699,5992.4286145423757,0
pv,128,serial,3,0.0930395126343,1.37575957113,5992.4286145423757,0
pv,128,serial,4,0.0930194854736,1.37605577313,5992.4286145423757,0
pv,128,serial,5,0.0984201431274,1.30054677765,5992.4286145423757,0
pv,128,serial,6,0.0931301116943,1.37442120138,5992.4286145423757,0
pv,128,serial,7,0.0930795669556,1.37516754951,5992.4286145423757,0
pv,128,serial,8,0.0931005477905,1.37485764625,5992.4286145423757,0
pv,128,serial,9,0.0930595397949,1.37546349662,5992.4286145423757,0
pv,128,serial,10,0.0930299758911,1.3759006038,5992.4286145423757,0
pv,128,serial,11,0.0930500030518,1.37560446859,5992.4286145423757,0
pv,128,serial,12,0.0930500030518,1.37560446859,5992.4286145423757,0
pv,128,serial,13,0.0930204391479,1.37604166539,5992.4286145423757,0
pv,128,serial,14,0.0931797027588,1.37368972223,5992.4286145423757,0
pv,128,serial,15,0.0931100845337,1.3747168273,5992.4286145423757,0
pv,128,serial,16,0.0994606018066,1.2869417405,5992.4286145423757,0
pv,128,serial,17,0.0931100845337,1.3747168273,5992.4286145423757,0
pv,128,serial,18,0.0929393768311,1.3772418577,5992.4286145423757,0
pv,128,serial,19,0.0930299758911,1.3759006038,5992.4286145423757,0
pv,128,serial,20,0.0930099487305,1.37619686654,5992.4286145423757,0
pv,128,serial,21,0.0929498672485,1.37708642077,5992.4286145423757,0
pv,128,serial,22,0.0930595397949,1.37546349662,5992.4286145423757,0
pv,128,serial,23,0.0930004119873,1.37633798888,5992.4286145423757,0
pv,128,serial,24,0.0929403305054,1.37722772562,5992.4286145423757,0
pv,128,serial,25,0.0929908752441,1.37647914017,5992.4286145423757,0
pv,128,serial,26,0.0929307937622,1.37736905947,5992.4286145423757,0
pv,128,serial,27,0.0990400314331,1.29240669806,5992.4286145423757,0
pv,128,serial,28,0.0930204391479,1.37604166539,5992.4286145423757,0
pv,128,serial,29,0.0929803848267,1.37663444003,5992.4286145423757,0
pv,512,serial,0,0.375949859619,1.36188373768,25877.13960240634,0
pv,512,serial,1,0.376009941101,1.36166612643,25877.13960240634,0
pv,512,serial,2,0.380460739136,1.34573675371,25877.13960240634,0
pv,512,serial,3,0.375789642334,1.36246437454,25877.13960240634,0
pv,512,serial,4,0.381030082703,1.34372592413,25877.13960240634,0
pv,512,serial,5,0.375630378723,1.36304204612,25877.13960240634,0
pv,512,serial,6,0.376079559326,1.36141406068,25877.13960240634,0
pv,512,serial,7,0.382019996643,1.34024397806,25877.13960240634,0
pv,512,serial,8,0.375659942627,1.36293477665,25877.13960240634,0
pv,512,serial,9,0.375699996948,1.36278947075,25877.13960240634,0
pv,512,serial,10,0.380830764771,1.34442919891,25877.13960240634,0
pv,512,serial,11,0.375749588013,1.36260961112,25877.13960240634,0
pv,512,serial,12,0.381309509277,1.34274123132,25877.13960240634,0
pv,512,serial,13,0.375709533691,1.36275487867,25877.13960240634,0
pv,512,serial,14,0.375619888306,1.36308011354,25877.13960240634,0
pv,512,serial,15,0.383639335632,1.33458681748,25877.13960240634,0
pv,512,serial,16,0.375640869141,1.36300398083,25877.13960240634,0
pv,512,serial,17,0.375610351562,1.36311472213,25877.13960240634,0
pv,512,serial,18,0.524580001831,0.97601890696,25877.13960240634,0
pv,512,serial,19,0.375639915466,1.36300744122,25877.13960240634,0
pv,512,serial,20,0.38410949707,1.33295324355,25877.13960240634,0
pv,512,serial,21,0.375680923462,1.36285866017,25877.13960240634,0
pv,512,serial,22,0.375519752502,1.36344359142,25877.13960240634,0
pv,512,serial,23,0.380920410156,1.34411280244,25877.13960240634,0
pv,512,serial,24,0.375729560852,1.36268224102,25877.13960240634,0
pv,512,serial,25,0.381940841675,1.34052173566,25877.13960240634,0
pv,512,serial,26,0.375700950623,1.36278601146,25877.13960240634,0
pv,512,serial,27,0.375470161438,1.36362367129,25877.13960240634,0
pv,512,serial,28,0.381090164185,1.34351407651,25877.13960240634,0
pv,512,serial,29,0.375540733337,1.3633674181,25877.13960240634,0
pv,2048,serial,0,1.55150985718,1.32000450434,106226.46810889656,0
pv,2048,serial,1,1.58979034424,1.28822017785,106226.46810889656,0
pv,2048,serial,2,1.55900096893,1.31366178778,106226.46810889656,0
pv,2048,serial,3,1.55320167542,1.31856669512,106226.46810889656,0
pv,2048,serial,4,1.56295013428,1.31034250875,106226.46810889656,0
pv,2048,serial,5,1.55212116241,1.31948461859,106226.46810889656,0
pv,2048,serial,6,1.92507076263,1.06385699672,106226.46810889656,0
pv,2048,serial,7,1.56457138062,1.30898470046,106226.46810889656,0
pv,2048,serial,8,1.55642032623,1.31583992157,106226.46810889656,0
pv,2048,serial,9,1.55857086182,1.31402430918,106226.46810889656,0
pv,2048,serial,10,1.5521812439,1.31943354428,106226.46810889656,0
pv,2048,serial,11,1.56109142303,1.31190266616,106226.46810889656,0
pv,2048,serial,12,1.55904960632,1.31362080571,106226.46810889656,0
pv,2048,serial,13,1.55512142181,1.31693896777,106226.46810889656,0
pv,2048,serial,14,1.56447124481,1.30906848355,106226.46810889656,0
pv,2048,serial,15,1.5513010025,1.32018221912,106226.46810889656,0
pv,2048,serial,16,1.56084060669,1.31211347989,106226.46810889656,0
pv,2048,serial,17,1.55336093903,1.31843150458,106226.46810889656,0
pv,2048,serial,18,1.56795120239,1.30616309798,106226.46810889656,0
pv,2048,serial,19,1.55900096893,1.31366178778,106226.46810889656,0
pv,2048,serial,20,1.55249977112,1.31916283538,106226.46810889656,0
pv,2048,serial,21,1.56397151947,1.30948676143,106226.46810889656,0
pv,2048,serial,22,1.551820755,1.31974004948,106226.46810889656,0
pv,2048,serial,23,1.55616092682,1.31605926142,106226.46810889656,0
pv,2048,serial,24,1.56103992462,1.31194594558,106226.46810889656,0
pv,2048,serial,25,1.56187152863,1.31124741214,106226.46810889656,0
pv,2048,serial,26,1.5522518158,1.31937355728,106226.46810889656,0
pv,2048,serial,27,1.55752182007,1.31490934741,106226.46810889656,0
pv,2048,serial,28,1.56157016754,1.31150046445,106226.46810889656,0
pv,2048,serial,29,1.55669116974,1.31561098297,106226.46810889656,0
pv,8192,serial,0,6.37427330017,1.28516610667,424574.89001095772,0
pv,8192,serial,1,6.37214279175,1.28559579842,424574.89001095772,0
pv,8192,serial,2,6.36246299744,1.28755169237,424574.89001095772,0
pv,8192,serial,3,6.36694335938,1.28664565359,424574.89001095772,0
pv,8192,serial,4,6.36324310303,1.2873938442,424574.89001095772,0
pv,8192,serial,5,6.36653327942,1.28672852877,424574.89001095772,0
pv,8192,serial,6,6.41231250763,1.27754222681,424574.89001095772,0
pv,8192,serial,7,6.35835266113,1.28838402596,424574.89001095772,0
pv,8192,serial,8,6.39437294006,1.28112640235,424574.89001095772,0
pv,8192,serial,9,6.36011314392,1.28802740055,424574.89001095772,0
pv,8192,serial,10,6.3670129776,1.28663158514,424574.89001095772,0
pv,8192,serial,11,6.39535331726,1.28093001178,424574.89001095772,0
pv,8192,serial,12,6.36045265198,1.28795864827,424574.89001095772,0
pv,8192,serial,13,6.40586280823,1.27882851151,424574.89001095772,0
pv,8192,serial,14,6.36982345581,1.28606390065,424574.89001095772,0
pv,8192,serial,15,6.39951324463,1.28009735848,424574.89001095772,0
pv,8192,serial,16,6.3824930191,1.2835110004,424574.89001095772,0
pv,8192,serial,17,6.35526275635,1.28901043341,424574.89001095772,0
pv,8192,serial,18,6.35728359222,1.28860068631,424574.89001095772,0
pv,8192,serial,19,6.35964298248,1.28812262301,424574.89001095772,0
pv,8192,serial,20,6.35962295532,1.28812667945,424574.89001095772,0
pv,8192,serial,21,6.36808300018,1.28641539373,424574.89001095772,0
pv,8192,serial,22,6.35490226746,1.28908355396,424574.89001095772,0
pv,8192,serial,23,6.39201259613,1.28159947697,424574.89001095772,0
pv,8192,serial,24,6.49545288086,1.26118996631,424574.89001095772,0
pv,8192,serial,25,6.36089324951,1.28786943573,424574.89001095772,0
pv,8192,serial,26,6.37748241425,1.28451941815,424574.89001095772,0
pv,8192,serial,27,6.35687351227,1.28868381354,424574.89001095772,0
pv,8192,serial,28,6.37076282501,1.28587427048,424574.89001095772,0
pv,8192,serial,29,6.36373329163,1.28729467823,424574.89001095772,0
pv,32768,serial,0,25.528301239,1.2835950067,1687236.0336131039,0
pv,32768,serial,1,25.714931488,1.2742791096,1687236.0336131039,0
pv,32768,serial,2,25.5937318802,1.28031348275,1687236.0336131039,0
pv,32768,serial,3,25.6892023087,1.27555537172,1687236.0336131039,0
pv,32768,serial,4,25.5649719238,1.28175380351,1687236.0336131039,0
pv,32768,serial,5,25.6772317886,1.27615002543,1687236.0336131039,0
pv,32768,serial,6,25.5111923218,1.28445584145,1687236.0336131039,0
pv,32768,serial,7,25.5673418045,1.28163499556,1687236.0336131039,0
pv,32768,serial,8,25.6171226501,1.27914443974,1687236.0336131039,0
pv,32768,serial,9,25.543182373,1.28284720053,1687236.0336131039,0
pv,32768,serial,10,25.7740821838,1.27135467972,1687236.0336131039,0
pv,32768,serial,11,25.5946712494,1.280266493,1687236.0336131039,0
pv,32768,serial,12,25.5442237854,1.28279490014,1687236.0336131039,0
pv,32768,serial,13,25.5939922333,1.28030045885,1687236.0336131039,0
pv,32768,serial,14,25.5556821823,1.28221973361,1687236.0336131039,0
pv,32768,serial,15,25.8623218536,1.26701694401,1687236.0336131039,0
pv,32768,serial,16,25.5600538254,1.2820004302,1687236.0336131039,0
pv,32768,serial,17,25.54829216,1.28259062464,1687236.0336131039,0
pv,32768,serial,18,25.9482221603,1.26282254705,1687236.0336131039,0
pv,32768,serial,19,25.5844421387,1.2807783661,1687236.0336131039,0
pv,32768,serial,20,25.7030630112,1.27486751232,1687236.0336131039,0
pv,32768,serial,21,25.5824918747,1.28087600538,1687236.0336131039,0
pv,32768,serial,22,25.5769920349,1.2811514331,1687236.0336131039,0
pv,32768,serial,23,25.6832427979,1.27585135016,1687236.0336131039,0
pv,32768,serial,24,25.5920724869,1.28039649844,1687236.0336131039,0
pv,32768,serial,25,25.5919313431,1.28040356004,1687236.0336131039,0
pv,32768,serial,26,25.6479225159,1.27760835131,1687236.0336131039,0
pv,32768,serial,27,25.5672016144,1.28164202302,1687236.0336131039,0
pv,32768,serial,28,25.5643415451,1.28178540966,1687236.0336131039,0
pv,32768,serial,29,25.5868425369,1.28065821145,1687236.0336131039,0
pv,131072,serial,0,102.377088547,1.28028645726,6727187.495381535,0
pv,131072,serial,1,102.502368927,1.27872166636,6727187.495381535,0
pv,131072,serial,2,102.686579704,1.2764277511,6727187.495381535,0
pv,131072,serial,3,102.527359009,1.27840998995,6727187.495381535,0
pv,131072,serial,4,102.529688835,1.27838094009,6727187.495381535,0
pv,131072,serial,5,102.520449638,1.27849614845,6727187.495381535,0
pv,131072,serial,6,102.950909615,1.27315048008,6727187.495381535,0
pv,131072,serial,7,102.659059525,1.27676992763,6727187.495381535,0
pv,131072,serial,8,102.322948456,1.28096386957,6727187.495381535,0
pv,131072,serial,9,102.442659378,1.27946697983,6727187.495381535,0
pv,131072,serial,10,102.426708221,1.27966623429,6727187.495381535,0
pv,131072,serial,11,102.442958832,1.27946323978,6727187.495381535,0
pv,131072,serial,12,102.672708511,1.27660019786,6727187.495381535,0
pv,131072,serial,13,102.517468452,1.27853332684,6727187.495381535,0
pv,131072,serial,14,102.492938042,1.2788393279,6727187.495381535,0
pv,131072,serial,15,102.66619873,1.27668114356,6727187.495381535,0
pv,131072,serial,16,102.700178146,1.2762587404,6727187.495381535,0
pv,131072,serial,17,102.431458473,1.27960688985,6727187.495381535,0
pv,131072,serial,18,102.528708458,1.27839316394,6727187.495381535,0
pv,131072,serial,19,102.404889107,1.27993888908,6727187.495381535,0
pv,131072,serial,20,102.495159149,1.27881161499,6727187.495381535,0
pv,131072,serial,21,102.733358383,1.2758465416,6727187.495381535,0
pv,131072,serial,22,102.586159706,1.2776772264,6727187.495381535,0
pv,131072,serial,23,102.632658958,1.27709835573,6727187.495381535,0
pv,131072,serial,24,102.470909119,1.27911424937,6727187.495381535,0
pv,131072,serial,25,102.820979118,1.27475930616,6727187.495381535,0
pv,131072,serial,26,102.724407196,1.27595771616,6727187.495381535,0
pv,131072,serial,27,102.445568085,1.2794306523,6727187.495381535,0
pv,131072,serial,28,102.546567917,1.27817051962,6727187.495381535,0
pv,131072,serial,29,102.303718567,1.28120465058,6727187.495381535,0
pv,524288,serial,0,410.228005409,1.27804048745,26909487.940059576,0
pv,524288,serial,1,410.569745064,1.27697670445,26909487.940059576,0
pv,524288,serial,2,410.000535011,1.27874955086,26909487.940059576,0
pv,524288,serial,3,409.92574501,1.27898285575,26909487.940059576,0
pv,524288,serial,4,410.026446342,1.27866874119,26909487.940059576,0
pv,524288,serial,5,410.180186272,1.27818948245,26909487.940059576,0
pv,524288,serial,6,409.928586006,1.27897399181,26909487.940059576,0
pv,524288,serial,7,410.136945724,1.27832424137,26909487.940059576,0
pv,524288,serial,8,410.517795563,1.27713830111,26909487.940059576,0
pv,524288,serial,9,410.309475899,1.27778672148,26909487.940059576,0
pv,524288,serial,10,410.368185997,1.27760391251,26909487.940059576,0
pv,524288,serial,11,410.102315903,1.2784321855,26909487.940059576,0
pv,524288,serial,12,410.035625458,1.27864011673,26909487.940059576,0
pv,524288,serial,13,410.115216255,1.27839197186,26909487.940059576,0
pv,524288,serial,14,409.82854557,1.27928619338,26909487.940059576,0
pv,524288,serial,15,409.671764374,1.27977577562,26909487.940059576,0
pv,524288,serial,16,409.97364521,1.27883342289,26909487.940059576,0
pv,524288,serial,17,410.274145126,1.27789675813,26909487.940059576,0
pv,524288,serial,18,410.248055458,1.27797802579,26909487.940059576,0
pv,524288,serial,19,410.00598526,1.27873255232,26909487.940059576,0
pv,524288,serial,20,410.531024933,1.2770971453,26909487.940059576,0
pv,524288,serial,21,409.880295753,1.27912467477,26909487.940059576,0
pv,524288,serial,22,409.897654533,1.27907050504,26909487.940059576,0
pv,524288,serial,23,410.273675919,1.27789821959,26909487.940059576,0
pv,524288,serial,24,409.99112606,1.27877889709,26909487.940059576,0
pv,524288,serial,25,410.231665611,1.27802908442,26909487.940059576,0
pv,524288,serial,26,409.991086006,1.27877902202,26909487.940059576,0
pv,524288,serial,27,410.411765099,1.27746825161,26909487.940059576,0
pv,524288,serial,28,409.831576347,1.27927673283,26909487.940059576,0
pv,524288,serial,29,409.967365265,1.27885301227,26909487.940059576,0
pv,2097152,serial,0,1644.36900425,1.275353643,107612395.07456219,0
pv,2097152,serial,1,1641.66542244,1.27745396311,107612395.07456219,0
pv,2097152,serial,2,1642.5107336,1.27679652686,107612395.07456219,0
pv,2097152,serial,3,1641.99122334,1.27720049303,107612395.07456219,0
pv,2097152,serial,4,1641.95214272,1.27723089208,107612395.07456219,0
pv,2097152,serial,5,1641.25323296,1.27777478691,107612395.07456219,0
pv,2097152,serial,6,1644.61607456,1.2751620469,107612395.07456219,0
pv,2097152,serial,7,1644.19215393,1.27549082082,107612395.07456219,0
pv,2097152,serial,8,1641.81871223,1.27733469254,107612395.07456219,0
pv,2097152,serial,9,1641.03913212,1.27794149387,107612395.07456219,0
pv,2097152,serial,10,1641.38092232,1.27767538387,107612395.07456219,0
pv,2097152,serial,11,1641.44959354,1.2776219314,107612395.07456219,0
pv,2097152,serial,12,1641.86173344,1.27730122293,107612395.07456219,0
pv,2097152,serial,13,1642.59614277,1.27673013798,107612395.07456219,0
pv,2097152,serial,14,1644.64437389,1.27514010523,107612395.07456219,0
pv,2097152,serial,15,1642.02028275,1.27717788997,107612395.07456219,0
pv,2097152,serial,16,1640.83693314,1.27809897355,107612395.07456219,0
pv,2097152,serial,17,1642.12729359,1.27709466141,107612395.07456219,0
pv,2097152,serial,18,1641.90287304,1.2772692188,107612395.07456219,0
pv,2097152,serial,19,1641.39206219,1.27766671249,107612395.07456219,0
pv,2097152,serial,20,1642.27304268,1.27698132131,107612395.07456219,0
pv,2097152,serial,21,1644.11523342,1.2755504951,107612395.07456219,0
pv,2097152,serial,22,1641.86147308,1.27730142547,107612395.07456219,0
pv,2097152,serial,23,1642.37715244,1.27690037388,107612395.07456219,0
pv,2097152,serial,24,1641.45251179,1.27761965999,107612395.07456219,0
pv,2097152,serial,25,1642.16354275,1.27706647079,107612395.07456219,0
pv,2097152,serial,26,1641.81593323,1.27733685461,107612395.07456219,0
pv,2097152,serial,27,1643.64143372,1.2759181881,107612395.07456219,0
pv,2097152,serial,28,1644.93946362,1.27491135473,107612395.07456219,0
pv,2097152,serial,29,1645.97946453,1.27410581067,107612395.07456219,0
pv,8388608,serial,0,6575.05199528,1.2758238271,430508932.21452236,0
pv,8388608,serial,1,6564.06735992,1.27795885387,430508932.21452236,0
pv,8388608,serial,2,6572.64697456,1.27629066835,430508932.21452236,0
pv,8388608,serial,3,6562.93663883,1.27817903198,430508932.21452236,0
pv,8388608,serial,4,6569.41016197,1.27691950924,430508932.21452236,0
pv,8388608,serial,5,6571.37218285,1.27653825816,430508932.21452236,0
pv,8388608,serial,6,6560.68389797,1.27861792009,430508932.21452236,0
pv,8388608,serial,7,6569.2551012,1.27694964966,430508932.21452236,0
pv,8388608,serial,8,6558.23652744,1.27909506845,430508932.21452236,0
pv,8388608,serial,9,6570.25404263,1.27675550223,430508932.21452236,0
pv,8388608,serial,10,6563.43865013,1.27808126916,430508932.21452236,0
pv,8388608,serial,11,6578.46807671,1.27516131449,430508932.21452236,0
pv,8388608,serial,12,6565.05621052,1.27776636346,430508932.21452236,0
pv,8388608,serial,13,6573.80589485,1.2760656664,430508932.21452236,0
pv,8388608,serial,14,6571.19453335,1.27657276884,430508932.21452236,0
pv,8388608,serial,15,6575.13118649,1.27580846101,430508932.21452236,0
pv,8388608,serial,16,6564.88083076,1.27780049878,430508932.21452236,0
pv,8388608,serial,17,6583.9450798,1.27410054281,430508932.21452236,0
pv,8388608,serial,18,6562.17219925,1.27832792943,430508932.21452236,0
pv,8388608,serial,19,6572.22594452,1.2763724301,430508932.21452236,0
pv,8388608,serial,20,6570.53812218,1.27670030126,430508932.21452236,0
pv,8388608,serial,21,6559.89315796,1.27877204674,430508932.21452236,0
pv,8388608,serial,22,6572.95247555,1.27623134827,430508932.21452236,0
pv,8388608,serial,23,6565.48048115,1.27768379239,430508932.21452236,0
pv,8388608,serial,24,6572.84082413,1.27625302734,430508932.21452236,0
pv,8388608,serial,25,6563.7869606,1.27801344717,430508932.21452236,0
pv,8388608,serial,26,6572.838624,1.27625345454,430508932.21452236,0
pv,8388608,serial,27,6564.19407082,1.27793418499,430508932.21452236,0
pv,8388608,serial,28,6572.42183399,1.27633438813,430508932.21452236,0
pv,8388608,serial,29,6562.29099941,1.27830478727,430508932.21452236,0
pv,16777216,serial,0,13145.1531076,1.27630434295,861120799.98369408,0
pv,16777216,serial,1,13145.4626179,1.27627429233,861120799.98369408,0
pv,16777216,serial,2,13148.6487207,1.27596503309,861120799.98369408,0
pv,16777216,serial,3,13142.5200272,1.27656004825,861120799.98369408,0
pv,16777216,serial,4,13146.8434486,1.27614024352,861120799.98369408,0
pv,16777216,serial,5,13147.9240894,1.2760353563,861120799.98369408,0
pv,16777216,serial,6,13142.0761871,1.2766031608,861120799.98369408,0
pv,16777216,serial,7,13160.9078054,1.27477650083,861120799.98369408,0
pv,16777216,serial,8,13141.7765274,1.27663227,861120799.98369408,0
pv,16777216,serial,9,13142.4670467,1.27656519437,861120799.98369408,0
pv,16777216,serial,10,13143.7801485,1.2764376618,861120799.98369408,0
pv,16777216,serial,11,13149.8831291,1.27584525545,861120799.98369408,0
pv,16777216,serial,12,13155.325943,1.27531739409,861120799.98369408,0
pv,16777216,serial,13,13149.6003704,1.27587269023,861120799.98369408,0
pv,16777216,serial,14,13153.7806425,1.27546721783,861120799.98369408,0
pv,16777216,serial,15,13155.7621145,1.27527511169,861120799.98369408,0
pv,16777216,serial,16,13152.7820625,1.27556405331,861120799.98369408,0
pv,16777216,serial,17,13147.7279892,1.27605438854,861120799.98369408,0
pv,16777216,serial,18,13148.45821,1.27598352081,861120799.98369408,0
pv,16777216,serial,19,13144.9116774,1.27632778461,861120799.98369408,0
pv,16777216,serial,20,13153.974122,1.2754484572,861120799.98369408,0
pv,16777216,serial,21,13151.895381,1.27565004997,861120799.98369408,0
pv,16777216,serial,22,13153.554822,1.27548911508,861120799.98369408,0
pv,16777216,serial,23,13152.7660122,1.27556560988,861120799.98369408,0
pv,16777216,serial,24,13155.826993,1.27526882262,861120799.98369408,0
pv,16777216,serial,25,13154.2180424,1.2754248064,861120799.98369408,0
pv,16777216,serial,26,13159.9902248,1.27486538465,861120799.98369408,0
pv,16777216,serial,27,13162.5133362,1.27462100676,861120799.98369408,0
pv,16777216,serial,28,13162.9071159,1.27458287537,861120799.98369408,0
pv,16777216,serial,29,13162.7730865,1.27459585375,861120799.98369408,0
cstr,1,serial,0,0.00265979766846,0.375968447472,0.013106352800953767,0
cstr,1,serial,1,0.00265026092529,0.377321338611,0.013106352800953767,0
cstr,1,serial,2,0.00265026092529,0.377321338611,0.013106352800953767,0
cstr,1,serial,3,0.00263023376465,0.380194343727,0.013106352800953767,0
cstr,1,serial,4,0.00265026092529,0.377321338611,0.013106352800953767,0
cstr,1,serial,5,0.00263023376465,0.380194343727,0.013106352800953767,0
cstr,1,serial,6,0.00262069702148,0.381577874818,0.013106352800953767,0
cstr,1,serial,7,0.00262069702148,0.381577874818,0.013106352800953767,0
cstr,1,serial,8,0.00261974334717,0.381716781944,0.013106352800953767,0
cstr,1,serial,9,0.00263023376465,0.380194343727,0.013106352800953767,0
cstr,1,serial,10,0.00264930725098,0.377457163427,0.013106352800953767,0
cstr,1,serial,11,0.00264072418213,0.378684001445,0.013106352800953767,0
cstr,1,serial,12,0.00261974334717,0.381716781944,0.013106352800953767,0
cstr,1,serial,13,0.00261974334717,0.381716781944,0.013106352800953767,0
cstr,1,serial,14,0.00266075134277,0.375833691756,0.013106352800953767,0
cstr,1,serial,15,0.00261974334717,0.381716781944,0.013106352800953767,0
cstr,1,serial,16,0.00261974334717,0.381716781944,0.013106352800953767,0
cstr,1,serial,17,0.00263023376465,0.380194343727,0.013106352800953767,0
cstr,1,serial,18,0.00262928009033,0.380332245194,0.013106352800953767,0
cstr,1,serial,19,0.00261974334717,0.381716781944,0.013106352800953767,0
cstr,1,serial,20,0.00263977050781,0.378820809249,0.013106352800953767,0
cstr,1,serial,21,0.00261974334717,0.381716781944,0.013106352800953767,0
cstr,1,serial,22,0.00265979766846,0.375968447472,0.013106352800953767,0
cstr,1,serial,23,0.00261974334717,0.381716781944,0.013106352800953767,0
cstr,1,serial,24,0.00263023376465,0.380194343727,0.013106352800953767,0
cstr,1,serial,25,0.00267028808594,0.374491428571,0.013106352800953767,0
cstr,1,serial,26,0.0146503448486,0.068257778935,0.013106352800953767,0
cstr,1,serial,27,0.00263977050781,0.378820809249,0.013106352800953767,0
cstr,1,serial,28,0.00267028808594,0.374491428571,0.013106352800953767,0
cstr,1,serial,29,0.00262069702148,0.381577874818,0.013106352800953767,0
cstr,8,serial,0,0.0204696655273,0.39082221394,22.058765054855357,0
cstr,8,serial,1,0.0204296112061,0.391588460461,22.058765054855357,0
cstr,8,serial,2,0.0204696655273,0.39082221394,22.058765054855357,0
cstr,8,serial,3,0.0204200744629,0.391771343172,22.058765054855357,0
cstr,8,serial,4,0.0204095840454,0.391972711556,22.058765054855357,0
cstr,8,serial,5,0.020359992981,0.392927443908,22.058765054855357,0
cstr,8,serial,6,0.0204401016235,0.391387486586,22.058765054855357,0
cstr,8,serial,7,0.0204296112061,0.391588460461,22.058765054855357,0
cstr,8,serial,8,0.0204200744629,0.391771343172,22.058765054855357,0
cstr,8,serial,9,0.0204296112061,0.391588460461,22.058765054855357,0
cstr,8,serial,10,0.020450592041,0.391186718896,22.058765054855357,0
cstr,8,serial,11,0.0203800201416,0.392541319607,22.058765054855357,0
cstr,8,serial,12,0.0203905105591,0.392339366727,22.058765054855357,0
cstr,8,serial,13,0.0203800201416,0.392541319607,22.058765054855357,0
cstr,8,serial,14,0.0203895568848,0.392357717493,22.058765054855357,0
cstr,8,serial,15,0.020359992981,0.392927443908,22.058765054855357,0
cstr,8,serial,16,0.0203504562378,0.393111579737,22.058765054855357,0
cstr,8,serial,17,0.0204401016235,0.391387486586,22.058765054855357,0
cstr,8,serial,18,0.020359992981,0.392927443908,22.058765054855357,0
cstr,8,serial,19,0.0203504562378,0.393111579737,22.058765054855357,0
cstr,8,serial,20,0.0204696655273,0.39082221394,22.058765054855357,0
cstr,8,serial,21,0.0203495025635,0.393130002812,22.058765054855357,0
cstr,8,serial,22,0.0204000473022,0.392155953438,22.058765054855357,0
cstr,8,serial,23,0.0204401016235,0.391387486586,22.058765054855357,0
cstr,8,serial,24,0.0203495025635,0.393130002812,22.058765054855357,0
cstr,8,serial,25,0.0203800201416,0.392541319607,22.058765054855357,0
cstr,8,serial,26,0.0203905105591,0.392339366727,22.058765054855357,0
cstr,8,serial,27,0.0204095840454,0.391972711556,22.058765054855357,0
cstr,8,serial,28,0.020450592041,0.391186718896,22.058765054855357,0
cstr,8,serial,29,0.0204496383667,0.391204961992,22.058765054855357,0
cstr,32,serial,0,0.0810995101929,0.394576982326,120.87218746343281,0
cstr,32,serial,1,0.081000328064,0.395060128333,120.87218746343281,0
cstr,32,serial,2,0.087929725647,0.363926985608,120.87218746343281,0
cstr,32,serial,3,0.0809593200684,0.395260236536,120.87218746343281,0
cstr,32,serial,4,0.0809001922607,0.395549121773,120.87218746343281,0
cstr,32,serial,5,0.0809803009033,0.395157830275,120.87218746343281,0
cstr,32,serial,6,0.0809106826782,0.395497837131,120.87218746343281,0
cstr,32,serial,7,0.0809106826782,0.395497837131,120.87218746343281,0
cstr,32,serial,8,0.081000328064,0.395060128333,120.87218746343281,0
cstr,32,serial,9,0.0810298919678,0.394915989925,120.87218746343281,0
cstr,32,serial,10,0.0809803009033,0.395157830275,120.87218746343281,0
cstr,32,serial,11,0.0808696746826,0.395698389113,120.87218746343281,0
cstr,32,serial,12,0.0809097290039,0.395502498821,120.87218746343281,0
cstr,32,serial,13,0.0810203552246,0.394962474693,120.87218746343281,0
cstr,32,serial,14,0.088171005249,0.362931100872,120.87218746343281,0
cstr,32,serial,15,0.0809106826782,0.395497837131,120.87218746343281,0
cstr,32,serial,16,0.0809698104858,0.395209026772,120.87218746343281,0
cstr,32,serial,17,0.0808897018433,0.395600419717,120.87218746343281,0
cstr,32,serial,18,0.080940246582,0.395353379206,120.87218746343281,0
cstr,32,serial,19,0.0810298919678,0.394915989925,120.87218746343281,0
cstr,32,serial,20,0.0809497833252,0.395306802384,120.87218746343281,0
cstr,32,serial,21,0.0810804367065,0.39466980322,120.87218746343281,0
cstr,32,serial,22,0.0809097290039,0.395502498821,120.87218746343281,0
cstr,32,serial,23,0.0808801651001,0.39564706576,120.87218746343281,0
cstr,32,serial,24,0.0809898376465,0.395111299515,120.87218746343281,0
cstr,32,serial,25,0.0809803009033,0.395157830275,120.87218746343281,0
cstr,32,serial,26,0.0809297561646,0.395404626389,120.87218746343281,0
cstr,32,serial,27,0.0862503051758,0.371013180009,120.87218746343281,0
cstr,32,serial,28,0.0811100006104,0.394525949442,120.87218746343281,0
cstr,32,serial,29,0.0809602737427,0.395255580554,120.87218746343281,0
cstr,128,serial,0,0.327569961548,0.390756220122,443.74573600886015,0
cstr,128,serial,1,0.333519935608,0.383785154452,443.74573600886015,0
cstr,128,serial,2,0.326990127563,0.391449127085,443.74573600886015,0
cstr,128,serial,3,0.332279205322,0.38521820791,443.74573600886015,0
cstr,128,serial,4,0.332201004028,0.385308889642,443.74573600886015,0
cstr,128,serial,5,0.327030181885,0.391401182797,443.74573600886015,0
cstr,128,serial,6,0.326759338379,0.391725606482,443.74573600886015,0
cstr,128,serial,7,0.481519699097,0.26582505397,443.74573600886015,0
cstr,128,serial,8,0.326530456543,0.39200018692,443.74573600886015,0
cstr,128,serial,9,0.334029197693,0.383200034261,443.74573600886015,0
cstr,128,serial,10,0.326771736145,0.391710744356,443.74573600886015,0
cstr,128,serial,11,0.326910018921,0.391545050906,443.74573600886015,0
cstr,128,serial,12,0.332870483398,0.384533944534,443.74573600886015,0
cstr,128,serial,13,0.326710700989,0.391783922634,443.74573600886015,0
cstr,128,serial,14,0.331939697266,0.385612209249,443.74573600886015,0
cstr,128,serial,15,0.334509849548,0.382649420257,443.74573600886015,0
cstr,128,serial,16,0.326920509338,0.391532486778,443.74573600886015,0
cstr,128,serial,17,0.326489448547,0.392049423249,443.74573600886015,0
cstr,128,serial,18,0.332250595093,0.385251379201,443.74573600886015,0
cstr,128,serial,19,0.326630592346,0.391880010628,443.74573600886015,0
cstr,128,serial,20,0.326570510864,0.391952107559,443.74573600886015,0
cstr,128,serial,21,0.334839820862,0.382272334487,443.74573600886015,0
cstr,128,serial,22,0.326829910278,0.39164102175,443.74573600886015,0
cstr,128,serial,23,0.326531410217,0.391999042036,443.74573600886015,0
cstr,128,serial,24,0.337420463562,0.379348657899,443.74573600886015,0
cstr,128,serial,25,0.326780319214,0.391700455853,443.74573600886015,0
cstr,128,serial,26,0.3279504776,0.390302831503,443.74573600886015,0
cstr,128,serial,27,0.334179878235,0.383027250701,443.74573600886015,0
cstr,128,serial,28,0.32666015625,0.391844544096,443.74573600886015,0
cstr,128,serial,29,0.326770782471,0.391711887557,443.74573600886015,0
cstr,512,serial,0,1.60814094543,0.318380053349,1903.8425169216659,0
cstr,512,serial,1,1.61468029022,0.317090635899,1903.8425169216659,0
cstr,512,serial,2,1.61174106598,0.317668892856,1903.8425169216659,0
cstr,512,serial,3,1.61741065979,0.316555351543,1903.8425169216659,0
cstr,512,serial,4,1.61513137817,0.317002076066,1903.8425169216659,0
cstr,512,serial,5,1.6148109436,0.317064980286,1903.8425169216659,0
cstr,512,serial,6,1.61123180389,0.317769298473,1903.8425169216659,0
cstr,512,serial,7,1.60770130157,0.318467117927,1903.8425169216659,0
cstr,512,serial,8,1.61557006836,0.316915997658,1903.8425169216659,0
cstr,512,serial,9,1.6276512146,0.314563707143,1903.8425169216659,0
cstr,512,serial,10,1.60470104218,0.319062545947,1903.8425169216659,0
cstr,512,serial,11,1.61515140533,0.316998145381,1903.8425169216659,0
cstr,512,serial,12,1.61417007446,0.317190863652,1903.8425169216659,0
cstr,512,serial,13,1.61131095886,0.31775368819,1903.8425169216659,0
cstr,512,serial,14,1.61221122742,0.317576252598,1903.8425169216659,0
cstr,512,serial,15,1.61146068573,0.317724164501,1903.8425169216659,0
cstr,512,serial,16,1.61276054382,0.317468084125,1903.8425169216659,0
cstr,512,serial,17,1.61196136475,0.317625478623,1903.8425169216659,0
cstr,512,serial,18,1.6048707962,0.319028797341,1903.8425169216659,0
cstr,512,serial,19,1.60907077789,0.318196071319,1903.8425169216659,0
cstr,512,serial,20,1.61002063751,0.318008346024,1903.8425169216659,0
cstr,512,serial,21,1.61515045166,0.316998332554,1903.8425169216659,0
cstr,512,serial,22,1.61296081543,0.31742866603,1903.8425169216659,0
cstr,512,serial,23,1.60700130463,0.318605839663,1903.8425169216659,0
cstr,512,serial,24,1.61262130737,0.317495494856,1903.8425169216659,0
cstr,512,serial,25,1.61221027374,0.317576440455,1903.8425169216659,0
cstr,512,serial,26,1.60678100586,0.318649522326,1903.8425169216659,0
cstr,512,serial,27,1.61339092255,0.317344044053,1903.8425169216659,0
cstr,512,serial,28,1.61056041718,0.31790176546,1903.8425169216659,0
cstr,512,serial,29,1.61591053009,0.316849225539,1903.8425169216659,0
cstr,2048,serial,0,6.96176433563,0.294178300394,7443.1532358909753,0
cstr,2048,serial,1,6.88678264618,0.297381245383,7443.1532358909753,0
cstr,2048,serial,2,6.88260364532,0.297561810259,7443.1532358909753,0
cstr,2048,serial,3,6.88086414337,0.297637034728,7443.1532358909753,0
cstr,2048,serial,4,6.89487361908,0.297032275448,7443.1532358909753,0
cstr,2048,serial,5,6.88811302185,0.29732380893,7443.1532358909753,0
cstr,2048,serial,6,6.96182441711,0.294175761596,7443.1532358909753,0
cstr,2048,serial,7,6.94367313385,0.294944759139,7443.1532358909753,0
cstr,2048,serial,8,6.91314315796,0.296247300715,7443.1532358909753,0
cstr,2048,serial,9,7.06647396088,0.289819224034,7443.1532358909753,0
cstr,2048,serial,10,6.88988304138,0.297247426074,7443.1532358909753,0
cstr,2048,serial,11,6.89670276642,0.296953496383,7443.1532358909753,0
cstr,2048,serial,12,6.91044330597,0.29636304204,7443.1532358909753,0
cstr,2048,serial,13,6.89769363403,0.296910838413,7443.1532358909753,0
cstr,2048,serial,14,6.91717338562,0.296074694941,7443.1532358909753,0
cstr,2048,serial,15,6.93455314636,0.29533265616,7443.1532358909753,0
cstr,2048,serial,16,6.90659427643,0.2965282045,7443.1532358909753,0
cstr,2048,serial,17,6.89525318146,0.297015924739,7443.1532358909753,0
cstr,2048,serial,18,6.9916229248,0.292921975631,7443.1532358909753,0
cstr,2048,serial,19,6.91493415833,0.296170571275,7443.1532358909753,0
cstr,2048,serial,20,6.91442298889,0.296192466572,7443.1532358909753,0
cstr,2048,serial,21,6.9838924408,0.293246211531,7443.1532358909753,0
cstr,2048,serial,22,6.89806365967,0.296894911535,7443.1532358909753,0
cstr,2048,serial,23,6.88865375519,0.297300470133,7443.1532358909753,0
cstr,2048,serial,24,6.89855289459,0.296873856197,7443.1532358909753,0
cstr,2048,serial,25,6.90603256226,0.296552323137,7443.1532358909753,0
cstr,2048,serial,26,6.89964389801,0.296826913138,7443.1532358909753,0
cstr,2048,serial,27,6.98702335358,0.293114806744,7443.1532358909753,0
cstr,2048,serial,28,6.91988372803,0.295958730015,7443.1532358909753,0
cstr,2048,serial,29,6.91080474854,0.296347541932,7443.1532358909753,0
cstr,8192,serial,0,27.8247928619,0.294413692157,29965.189146559278,0
cstr,8192,serial,1,27.677983284,0.295975321466,29965.189146559278,0
cstr,8192,serial,2,27.770362854,0.29499074402,29965.189146559278,0
cstr,8192,serial,3,27.7617034912,0.295082756813,29965.189146559278,0
cstr,8192,serial,4,27.6992835999,0.295747721073,29965.189146559278,0
cstr,8192,serial,5,27.8366632462,0.29428814537,29965.189146559278,0
cstr,8192,serial,6,27.6897525787,0.295849519663,29965.189146559278,0
cstr,8192,serial,7,27.7619333267,0.295080313881,29965.189146559278,0
cstr,8192,serial,8,27.6974430084,0.295767374537,29965.189146559278,0
cstr,8192,serial,9,27.7385530472,0.295329031261,29965.189146559278,0
cstr,8192,serial,10,28.0184936523,0.292378316324,29965.189146559278,0
cstr,8192,serial,11,27.7259435654,0.29546334395,29965.189146559278,0
cstr,8192,serial,12,27.8647232056,0.293991795273,29965.189146559278,0
cstr,8192,serial,13,27.744934082,0.295261108777,29965.189146559278,0
cstr,8192,serial,14,27.7889537811,0.294793393969,29965.189146559278,0
cstr,8192,serial,15,27.7071828842,0.295663403755,29965.189146559278,0
cstr,8192,serial,16,27.7743434906,0.294948465758,29965.189146559278,0
cstr,8192,serial,17,27.8304042816,0.294354329786,29965.189146559278,0
cstr,8192,serial,18,27.7428531647,0.295283255524,29965.189146559278,0
cstr,8192,serial,19,27.8019428253,0.294655666745,29965.189146559278,0
cstr,8192,serial,20,27.7579526901,0.295122629952,29965.189146559278,0
cstr,8192,serial,21,27.8629341125,0.294010672634,29965.189146559278,0
cstr,8192,serial,22,27.6906633377,0.295839789033,29965.189146559278,0
cstr,8192,serial,23,27.7895526886,0.29478704072,29965.189146559278,0
cstr,8192,serial,24,27.7037124634,0.295700441261,29965.189146559278,0
cstr,8192,serial,25,27.7185630798,0.295542015522,29965.189146559278,0
cstr,8192,serial,26,27.8794031143,0.293836993798,29965.189146559278,0
cstr,8192,serial,27,27.7300128937,0.295419985249,29965.189146559278,0
cstr,8192,serial,28,27.8734636307,0.293899606757,29965.189146559278,0
cstr,8192,serial,29,27.7568244934,0.29513462543,29965.189146559278,0
cstr,32768,serial,0,111.185743332,0.294714043528,121389.68207502534,0
cstr,32768,serial,1,111.086072922,0.294978471541,121389.68207502534,0
cstr,32768,serial,2,110.987213135,0.295241218105,121389.68207502534,0
cstr,32768,serial,3,111.154203415,0.294797668404,121389.68207502534,0
cstr,32768,serial,4,111.269453049,0.294492325631,121389.68207502534,0
cstr,32768,serial,5,111.182453156,0.294722764879,121389.68207502534,0
cstr,32768,serial,6,111.194063187,0.294691992188,121389.68207502534,0
cstr,32768,serial,7,111.179642677,0.294730215091,121389.68207502534,0
cstr,32768,serial,8,111.153673172,0.294799074695,121389.68207502534,0
cstr,32768,serial,9,111.294202805,0.294426836028,121389.68207502534,0
cstr,32768,serial,10,111.0887537,0.294971353162,121389.68207502534,0
cstr,32768,serial,11,111.018893242,0.295156968721,121389.68207502534,0
cstr,32768,serial,12,111.444313049,0.294030256936,121389.68207502534,0
cstr,32768,serial,13,111.0679636,0.295026566958,121389.68207502534,0
cstr,32768,serial,14,111.239782333,0.294570874849,121389.68207502534,0
cstr,32768,serial,15,110.999053001,0.295209725795,121389.68207502534,0
cstr,32768,serial,16,111.029612541,0.295128472936,121389.68207502534,0
cstr,32768,serial,17,111.016822815,0.2951624733,121389.68207502534,0
cstr,32768,serial,18,111.168003082,0.294761074153,121389.68207502534,0
cstr,32768,serial,19,111.188713074,0.294706172004,121389.68207502534,0
cstr,32768,serial,20,110.93002224,0.295393432169,121389.68207502534,0
cstr,32768,serial,21,111.312822342,0.294377586612,121389.68207502534,0
cstr,32768,serial,22,111.1076231,0.294921258197,121389.68207502534,0
cstr,32768,serial,23,111.186632156,0.294711687588,121389.68207502534,0
cstr,32768,serial,24,111.152802467,0.294801383974,121389.68207502534,0
cstr,32768,serial,25,111.182693481,0.294722127824,121389.68207502534,0
cstr,32768,serial,26,111.042593002,0.295093973529,121389.68207502534,0
cstr,32768,serial,27,111.123602867,0.294878848008,121389.68207502534,0
cstr,32768,serial,28,111.169132233,0.29475808025,121389.68207502534,0
cstr,32768,serial,29,111.352083206,0.294273794046,121389.68207502534,0
cstr,131072,serial,0,444.976231575,0.294559553296,487550.60778930265,0
cstr,131072,serial,1,444.686311722,0.294751595777,487550.60778930265,0
cstr,131072,serial,2,444.461471558,0.294900702058,487550.60778930265,0
cstr,131072,serial,3,444.531621933,0.294854164548,487550.60778930265,0
cstr,131072,serial,4,443.986382484,0.295216261514,487550.60778930265,0
cstr,131072,serial,5,444.212182045,0.295066198762,487550.60778930265,0
cstr,131072,serial,6,444.466142654,0.294897602812,487550.60778930265,0
cstr,131072,serial,7,444.85555172,0.294639461041,487550.60778930265,0
cstr,131072,serial,8,444.087711334,0.295148901117,487550.60778930265,0
cstr,131072,serial,9,443.710621834,0.29539973476,487550.60778930265,0
cstr,131072,serial,10,444.584431648,0.294819140459,487550.60778930265,0
cstr,131072,serial,11,444.092572212,0.295145670523,487550.60778930265,0
cstr,131072,serial,12,445.212772369,0.294403054302,487550.60778930265,0
cstr,131072,serial,13,444.111311913,0.29513321657,487550.60778930265,0
cstr,131072,serial,14,444.804411888,0.294673336183,487550.60778930265,0
cstr,131072,serial,15,444.712351799,0.294734336633,487550.60778930265,0
cstr,131072,serial,16,444.236200333,0.295050245572,487550.60778930265,0
cstr,131072,serial,17,444.649282455,0.294776141943,487550.60778930265,0
cstr,131072,serial,18,444.432002068,0.294920256395,487550.60778930265,0
cstr,131072,serial,19,444.612021446,0.294800845856,487550.60778930265,0
cstr,131072,serial,20,445.148201942,0.294445758577,487550.60778930265,0
cstr,131072,serial,21,444.784002304,0.294686857713,487550.60778930265,0
cstr,131072,serial,22,444.009912491,0.295200616727,487550.60778930265,0
cstr,131072,serial,23,444.632041931,0.294787571833,487550.60778930265,0
cstr,131072,serial,24,445.690533638,0.294087466768,487550.60778930265,0
cstr,131072,serial,25,444.412522316,0.294933183514,487550.60778930265,0
cstr,131072,serial,26,444.426282883,0.294924051633,487550.60778930265,0
cstr,131072,serial,27,444.096582413,0.295143005352,487550.60778930265,0
cstr,131072,serial,28,444.861031532,0.294635831663,487550.60778930265,0
cstr,131072,serial,29,444.454381943,0.294905406101,487550.60778930265,0
cstr,524288,serial,0,1777.34809685,0.294983296142,1951676.9458655061,0
cstr,524288,serial,1,1778.92359734,0.294722044716,1951676.9458655061,0
cstr,524288,serial,2,1779.21694946,0.2946734518,1951676.9458655061,0
cstr,524288,serial,3,1778.41336727,0.294806601012,1951676.9458655061,0
cstr,524288,serial,4,1777.86679649,0.294897233603,1951676.9458655061,0
cstr,524288,serial,5,1778.25495815,0.294832862743,1951676.9458655061,0
cstr,524288,serial,6,1778.12263775,0.294854802964,1951676.9458655061,0
cstr,524288,serial,7,1779.066679,0.294698341658,1951676.9458655061,0
cstr,524288,serial,8,1779.95823956,0.294550730657,1951676.9458655061,0
cstr,524288,serial,9,1779.22866917,0.294671510799,1951676.9458655061,0
cstr,524288,serial,10,1781.65251064,0.294270626213,1951676.9458655061,0
cstr,524288,serial,11,1782.17572975,0.294184232928,1951676.9458655061,0
cstr,524288,serial,12,1775.46468735,0.295296213851,1951676.9458655061,0
cstr,524288,serial,13,1777.44281769,0.294967576331,1951676.9458655061,0
cstr,524288,serial,14,1776.97628689,0.29504501769,1951676.9458655061,0
cstr,524288,serial,15,1778.54909801,0.294784102719,1951676.9458655061,0
cstr,524288,serial,16,1776.87019825,0.295062633453,1951676.9458655061,0
cstr,524288,serial,17,1782.2603302,0.294170268572,1951676.9458655061,0
cstr,524288,serial,18,1776.47616768,0.2951280797,1951676.9458655061,0
cstr,524288,serial,19,1777.21352673,0.295005632197,1951676.9458655061,0
cstr,524288,serial,20,1777.32101631,0.294987790719,1951676.9458655061,0
cstr,524288,serial,21,1776.9579668,0.295048059546,1951676.9458655061,0
cstr,524288,serial,22,1777.01913738,0.295037903065,1951676.9458655061,0
cstr,524288,serial,23,1778.74944782,0.294750899651,1951676.9458655061,0
cstr,524288,serial,24,1776.42348671,0.295136831911,1951676.9458655061,0
cstr,524288,serial,25,1777.15242672,0.29501577474,1951676.9458655061,0
cstr,524288,serial,26,1776.33438683,0.2951516358,1951676.9458655061,0
cstr,524288,serial,27,1776.80950737,0.295072711974,1951676.9458655061,0
cstr,524288,serial,28,1776.22799683,0.295169314377,1951676.9458655061,0
cstr,524288,serial,29,1776.91603851,0.29505502153,1951676.9458655061,0
cstr,2097152,serial,0,7108.34265995,0.295026857922,7804040.6478042286,0
cstr,2097152,serial,1,7114.74932289,0.294761193237,7804040.6478042286,0
cstr,2097152,serial,2,7118.8636837,0.294590835445,7804040.6478042286,0
cstr,2097152,serial,3,7123.22745609,0.294410365656,7804040.6478042286,0
cstr,2097152,serial,4,7113.82908249,0.294799323358,7804040.6478042286,0
cstr,2097152,serial,5,7113.61100197,0.29480836096,7804040.6478042286,0
cstr,2097152,serial,6,7111.59374046,0.294891985754,7804040.6478042286,0
cstr,2097152,serial,7,7113.22945213,0.294824174324,7804040.6478042286,0
cstr,2097152,serial,8,7108.92197895,0.295002815646,7804040.6478042286,0
cstr,2097152,serial,9,7104.95062733,0.295167709109,7804040.6478042286,0
cstr,2097152,serial,10,7112.05426216,0.294872890827,7804040.6478042286,0
cstr,2097152,serial,11,7111.80605221,0.294883182219,7804040.6478042286,0
cstr,2097152,serial,12,7117.00097466,0.294667937727,7804040.6478042286,0
cstr,2097152,serial,13,7117.35499382,0.294653280864,7804040.6478042286,0
cstr,2097152,serial,14,7111.90201092,0.294879203451,7804040.6478042286,0
cstr,2097152,serial,15,7108.1211586,0.295036051469,7804040.6478042286,0
cstr,2097152,serial,16,7109.68768978,0.294971043948,7804040.6478042286,0
cstr,2097152,serial,17,7110.46805,0.294938671442,7804040.6478042286,0
cstr,2097152,serial,18,7106.5787878,0.295100084389,7804040.6478042286,0
cstr,2097152,serial,19,7120.17207527,0.294536701898,7804040.6478042286,0
cstr,2097152,serial,20,7111.31770134,0.294903432539,7804040.6478042286,0
cstr,2097152,serial,21,7112.79557228,0.29484215857,7804040.6478042286,0
cstr,2097152,serial,22,7117.94014454,0.294629058044,7804040.6478042286,0
cstr,2097152,serial,23,7114.20175266,0.294783880597,7804040.6478042286,0
cstr,2097152,serial,24,7112.50321198,0.294854278093,7804040.6478042286,0
cstr,2097152,serial,25,7112.0144825,0.294874540141,7804040.6478042286,0
cstr,2097152,serial,26,7112.65886211,0.294847825638,7804040.6478042286,0
cstr,2097152,serial,27,7114.86334229,0.294756469536,7804040.6478042286,0
cstr,2097152,serial,28,7112.61077118,0.294849819211,7804040.6478042286,0
cstr,2097152,serial,29,7116.25038338,0.294699018025,7804040.6478042286,0
cstr,8388608,serial,0,28464.3949032,0.294705298621,31187067.508009069,0
cstr,8388608,serial,1,28437.6888094,0.294982059063,31187067.508009069,0
cstr,8388608,serial,2,28449.6203156,0.294858346331,31187067.508009069,0
cstr,8388608,serial,3,28462.023591,0.294729851979,31187067.508009069,0
cstr,8388608,serial,4,28464.9502525,0.294699548939,31187067.508009069,0
cstr,8388608,serial,5,28481.0488205,0.294532973588,31187067.508009069,0
cstr,8388608,serial,6,28491.962266,0.294420156874,31187067.508009069,0
cstr,8388608,serial,7,28487.613924,0.29446509709,31187067.508009069,0
cstr,8388608,serial,8,28480.7453403,0.294536112021,31187067.508009069,0
cstr,8388608,serial,9,28479.5589495,0.294548381697,31187067.508009069,0
cstr,8388608,serial,10,28470.9717274,0.294637221389,31187067.508009069,0
cstr,8388608,serial,11,28483.4313717,0.294508336813,31187067.508009069,0
cstr,8388608,serial,12,28498.89711,0.294348513475,31187067.508009069,0
cstr,8388608,serial,13,28476.921629,0.294575660575,31187067.508009069,0
cstr,8388608,serial,14,28472.0235472,0.294626336836,31187067.508009069,0
cstr,8388608,serial,15,28438.4052706,0.294974627451,31187067.508009069,0
cstr,8388608,serial,16,28470.3322964,0.29464383881,31187067.508009069,0
cstr,8388608,serial,17,28469.2501945,0.294655038074,31187067.508009069,0
cstr,8388608,serial,18,28457.2457495,0.294779335774,31187067.508009069,0
cstr,8388608,serial,19,28467.335824,0.294674853027,31187067.508009069,0
cstr,8388608,serial,20,28448.4983253,0.294869975352,31187067.508009069,0
cstr,8388608,serial,21,28454.6252785,0.294806482879,31187067.508009069,0
cstr,8388608,serial,22,28464.0367823,0.294709006462,31187067.508009069,0
cstr,8388608,serial,23,28470.0267754,0.294647000728,31187067.508009069,0
cstr,8388608,serial,24,28439.0946493,0.29496747711,31187067.508009069,0
cstr,8388608,serial,25,28453.519208,0.294817942859,31187067.508009069,0
cstr,8388608,serial,26,28468.8004951,0.294659692509,31187067.508009069,0
cstr,8388608,serial,27,28444.8988237,0.294907289071,31187067.508009069,0
cstr,8388608,serial,28,28452.162837,0.294831997414,31187067.508009069,0
cstr,8388608,serial,29,28442.0011215,0.294937334548,31187067.508009069,0
cstr,16777216,serial,0,57011.7376947,0.29427652407,62379146.752807789,0
cstr,16777216,serial,1,56993.5873365,0.294370240303,62379146.752807789,0
cstr,16777216,serial,2,57009.5999241,0.294287558978,62379146.752807789,0
cstr,16777216,serial,3,56933.118598,0.294682891314,62379146.752807789,0
cstr,16777216,serial,4,56933.0957279,0.294683009689,62379146.752807789,0
cstr,16777216,serial,5,56925.8505535,0.294720515142,62379146.752807789,0
cstr,16777216,serial,6,56934.4522982,0.294675988313,62379146.752807789,0
cstr,16777216,serial,7,56908.6053267,0.294809825398,62379146.752807789,0
cstr,16777216,serial,8,56923.0511131,0.294735009314,62379146.752807789,0
cstr,16777216,serial,9,56901.7373028,0.294845408862,62379146.752807789,0
cstr,16777216,serial,10,56910.100687,0.294802079024,62379146.752807789,0
cstr,16777216,serial,11,56891.6209478,0.294897837687,62379146.752807789,0
cstr,16777216,serial,12,56916.3119602,0.294769907293,62379146.752807789,0
cstr,16777216,serial,13,56912.9551287,0.294787293369,62379146.752807789,0
cstr,16777216,serial,14,56936.0127087,0.294667912308,62379146.752807789,0
cstr,16777216,serial,15,56928.1817646,0.294708446326,62379146.752807789,0
cstr,16777216,serial,16,56933.3527079,0.294681679579,62379146.752807789,0
cstr,16777216,serial,17,56910.0655565,0.294802261005,62379146.752807789,0
cstr,16777216,serial,18,56952.3862267,0.294583196799,62379146.752807789,0
cstr,16777216,serial,19,56928.1493559,0.294708614101,62379146.752807789,0
cstr,16777216,serial,20,56944.7165737,0.294622873015,62379146.752807789,0
cstr,16777216,serial,21,56938.2069302,0.294656556723,62379146.752807789,0
cstr,16777216,serial,22,56964.3917618,0.294521111893,62379146.752807789,0
cstr,16777216,serial,23,56941.1747522,0.294641198974,62379146.752807789,0
cstr,16777216,serial,24,56977.0162287,0.294455854492,62379146.752807789,0
cstr,16777216,serial,25,56973.4516973,0.294474277057,62379146.752807789,0
cstr,16777216,serial,26,56985.4451532,0.294412300455,62379146.752807789,0
cstr,16777216,serial,27,56969.7904158,0.294493202056,62379146.752807789,0
cstr,16777216,serial,28,56972.4086866,0.294479668084,62379146.752807789,0
cstr,16777216,serial,29,56943.1764116,0.294630841784,62379146.752807789,0
peng_robinson,1,serial,0,0.000120162963867,8.32203174603,0.067192692122296227,0
peng_robinson,1,serial,1,8.96453857422e-05,11.1550638298,0.067192692122296227,0
peng_robinson,1,serial,2,0.000100135803223,9.98643809524,0.067192692122296227,0
peng_robinson,1,serial,3,0.000100135803223,9.98643809524,0.067192692122296227,0
peng_robinson,1,serial,4,0.000100135803223,9.98643809524,0.067192692122296227,0
peng_robinson,1,serial,5,0.000100135803223,9.98643809524,0.067192692122296227,0
peng_robinson,1,serial,6,8.96453857422e-05,11.1550638298,0.067192692122296227,0
peng_robinson,1,serial,7,0.000100135803223,9.98643809524,0.067192692122296227,0
peng_robinson,1,serial,8,0.000100135803223,9.98643809524,0.067192692122296227,0
peng_robinson,1,serial,9,0.000100135803223,9.98643809524,0.067192692122296227,0
peng_robinson,1,serial,10,8.96453857422e-05,11.1550638298,0.067192692122296227,0
peng_robinson,1,serial,11,8.96453857422e-05,11.1550638298,0.067192692122296227,0
peng_robinson,1,serial,12,0.000100135803223,9.98643809524,0.067192692122296227,0
peng_robinson,1,serial,13,9.05990600586e-05,11.0376421053,0.067192692122296227,0
peng_robinson,1,serial,14,9.05990600586e-05,11.0376421053,0.067192692122296227,0
peng_robinson,1,serial,15,9.05990600586e-05,11.0376421053,0.067192692122296227,0
peng_robinson,1,serial,16,0.000100135803223,9.98643809524,0.067192692122296227,0
peng_robinson,1,serial,17,9.91821289062e-05,10.0824615385,0.067192692122296227,0
peng_robinson,1,serial,18,9.05990600586e-05,11.0376421053,0.067192692122296227,0
peng_robinson,1,serial,19,8.96453857422e-05,11.1550638298,0.067192692122296227,0
peng_robinson,1,serial,20,8.96453857422e-05,11.1550638298,0.067192692122296227,0
peng_robinson,1,serial,21,0.000100135803223,9.98643809524,0.067192692122296227,0
peng_robinson,1,serial,22,8.96453857422e-05,11.1550638298,0.067192692122296227,0
peng_robinson,1,serial,23,9.05990600586e-05,11.0376421053,0.067192692122296227,0
peng_robinson,1,serial,24,8.96453857422e-05,11.1550638298,0.067192692122296227,0
peng_robinson,1,serial,25,8.96453857422e-05,11.1550638298,0.067192692122296227,0
peng_robinson,1,serial,26,0.000100135803223,9.98643809524,0.067192692122296227,0
peng_robinson,1,serial,27,9.05990600586e-05,11.0376421053,0.067192692122296227,0
peng_robinson,1,serial,28,0.000100135803223,9.98643809524,0.067192692122296227,0
peng_robinson,1,serial,29,8.96453857422e-05,11.1550638298,0.067192692122296227,0
peng_robinson,8,serial,0,0.000530242919922,15.0874244604,8.1645205385538482,0
peng_robinson,8,serial,1,0.000490188598633,16.3202490272,8.1645205385538482,0
peng_robinson,8,serial,2,0.000490188598633,16.3202490272,8.1645205385538482,0
peng_robinson,8,serial,3,0.000479698181152,16.6771530815,8.1645205385538482,0
peng_robinson,8,serial,4,0.000470161437988,17.0154320487,8.1645205385538482,0
peng_robinson,8,serial,5,0.000500679016113,15.9783009524,8.1645205385538482,0
peng_robinson,8,serial,6,0.000479698181152,16.6771530815,8.1645205385538482,0
peng_robinson,8,serial,7,0.000489234924316,16.3520623782,8.1645205385538482,0
peng_robinson,8,serial,8,0.000479698181152,16.6771530815,8.1645205385538482,0
peng_robinson,8,serial,9,0.000479698181152,16.6771530815,8.1645205385538482,0
peng_robinson,8,serial,10,0.000479698181152,16.6771530815,8.1645205385538482,0
peng_robinson,8,serial,11,0.000480651855469,16.6440634921,8.1645205385538482,0
peng_robinson,8,serial,12,0.000490188598633,16.3202490272,8.1645205385538482,0
peng_robinson,8,serial,13,0.000479698181152,16.6771530815,8.1645205385538482,0
peng_robinson,8,serial,14,0.000479698181152,16.6771530815,8.1645205385538482,0
peng_robinson,8,serial,15,0.000479698181152,16.6771530815,8.1645205385538482,0
peng_robinson,8,serial,16,0.000479698181152,16.6771530815,8.1645205385538482,0
peng_robinson,8,serial,17,0.000479698181152,16.6771530815,8.1645205385538482,0
peng_robinson,8,serial,18,0.000480651855469,16.6440634921,8.1645205385538482,0
peng_robinson,8,serial,19,0.000490188598633,16.3202490272,8.1645205385538482,0
peng_robinson,8,serial,20,0.000479698181152,16.6771530815,8.1645205385538482,0
peng_robinson,8,serial,21,0.000489234924316,16.3520623782,8.1645205385538482,0
peng_robinson,8,serial,22,0.000479698181152,16.6771530815,8.1645205385538482,0
peng_robinson,8,serial,23,0.000490188598633,16.3202490272,8.1645205385538482,0
peng_robinson,8,serial,24,0.000480651855469,16.6440634921,8.1645205385538482,0
peng_robinson,8,serial,25,0.000480651855469,16.6440634921,8.1645205385538482,0
peng_robinson,8,serial,26,0.000479698181152,16.6771530815,8.1645205385538482,0
peng_robinson,8,serial,27,0.000479698181152,16.6771530815,8.1645205385538482,0
peng_robinson,8,serial,28,0.000479698181152,16.6771530815,8.1645205385538482,0
peng_robinson,8,serial,29,0.000479698181152,16.6771530815,8.1645205385538482,0
peng_robinson,32,serial,0,0.00184059143066,17.3857160622,72.839711332787246,0
peng_robinson,32,serial,1,0.00182056427002,17.5769680461,72.839711332787246,0
peng_robinson,32,serial,2,0.00183010101318,17.4853736321,72.839711332787246,0
peng_robinson,32,serial,3,0.00182056427002,17.5769680461,72.839711332787246,0
peng_robinson,32,serial,4,0.00181007385254,17.6788366702,72.839711332787246,0
peng_robinson,32,serial,5,0.00181007385254,17.6788366702,72.839711332787246,0
peng_robinson,32,serial,6,0.0018196105957,17.5861802935,72.839711332787246,0
peng_robinson,32,serial,7,0.00182056427002,17.5769680461,72.839711332787246,0
peng_robinson,32,serial,8,0.00181007385254,17.6788366702,72.839711332787246,0
peng_robinson,32,serial,9,0.00183010101318,17.4853736321,72.839711332787246,0
peng_robinson,32,serial,10,0.00181007385254,17.6788366702,72.839711332787246,0
peng_robinson,32,serial,11,0.0018196105957,17.5861802935,72.839711332787246,0
peng_robinson,32,serial,12,0.00181007385254,17.6788366702,72.839711332787246,0
peng_robinson,32,serial,13,0.00183010101318,17.4853736321,72.839711332787246,0
peng_robinson,32,serial,14,0.0018196105957,17.5861802935,72.839711332787246,0
peng_robinson,32,serial,15,0.00181007385254,17.6788366702,72.839711332787246,0
peng_robinson,32,serial,16,0.00181007385254,17.6788366702,72.839711332787246,0
peng_robinson,32,serial,17,0.00182056427002,17.5769680461,72.839711332787246,0
peng_robinson,32,serial,18,0.00182056427002,17.5769680461,72.839711332787246,0
peng_robinson,32,serial,19,0.00182056427002,17.5769680461,72.839711332787246,0
peng_robinson,32,serial,20,0.00182056427002,17.5769680461,72.839711332787246,0
peng_robinson,32,serial,21,0.00181007385254,17.6788366702,72.839711332787246,0
peng_robinson,32,serial,22,0.0018196105957,17.5861802935,72.839711332787246,0
peng_robinson,32,serial,23,0.00180912017822,17.6881560358,72.839711332787246,0
peng_robinson,32,serial,24,0.00183010101318,17.4853736321,72.839711332787246,0
peng_robinson,32,serial,25,0.00181007385254,17.6788366702,72.839711332787246,0
peng_robinson,32,serial,26,0.00182914733887,17.4944900938,72.839711332787246,0
peng_robinson,32,serial,27,0.0018196105957,17.5861802935,72.839711332787246,0
peng_robinson,32,serial,28,0.00181007385254,17.6788366702,72.839711332787246,0
peng_robinson,32,serial,29,0.0018196105957,17.5861802935,72.839711332787246,0
peng_robinson,128,serial,0,0.00726985931396,17.6069431982,269.49845284317502,0
peng_robinson,128,serial,1,0.00729942321777,17.5356320878,269.49845284317502,0
peng_robinson,128,serial,2,0.00727939605713,17.5838763265,269.49845284317502,0
peng_robinson,128,serial,3,0.0072603225708,17.6300706686,269.49845284317502,0
peng_robinson,128,serial,4,0.00723075866699,17.7021535215,269.49845284317502,0
peng_robinson,128,serial,5,0.00724983215332,17.6555811629,269.49845284317502,0
peng_robinson,128,serial,6,0.00728034973145,17.5815729631,269.49845284317502,0
peng_robinson,128,serial,7,0.00725936889648,17.6323867578,269.49845284317502,0
peng_robinson,128,serial,8,0.00726985931396,17.6069431982,269.49845284317502,0
peng_robinson,128,serial,9,0.00727081298828,17.604633788,269.49845284317502,0
peng_robinson,128,serial,10,0.0072603225708,17.6300706686,269.49845284317502,0
peng_robinson,128,serial,11,0.0072603225708,17.6300706686,269.49845284317502,0
peng_robinson,128,serial,12,0.00723075866699,17.7021535215,269.49845284317502,0
peng_robinson,128,serial,13,0.00720024108887,17.7771825166,269.49845284317502,0
peng_robinson,128,serial,14,0.00724983215332,17.6555811629,269.49845284317502,0
peng_robinson,128,serial,15,0.00723934173584,17.6811655908,269.49845284317502,0
peng_robinson,128,serial,16,0.00720977783203,17.7536677249,269.49845284317502,0
peng_robinson,128,serial,17,0.00729084014893,17.5562757358,269.49845284317502,0
peng_robinson,128,serial,18,0.00724029541016,17.6788366702,269.49845284317502,0
peng_robinson,128,serial,19,0.00722980499268,17.7044885899,269.49845284317502,0
peng_robinson,128,serial,20,0.00724983215332,17.6555811629,269.49845284317502,0
peng_robinson,128,serial,21,0.0072603225708,17.6300706686,269.49845284317502,0
peng_robinson,128,serial,22,0.00725936889648,17.6323867578,269.49845284317502,0
peng_robinson,128,serial,23,0.00726985931396,17.6069431982,269.49845284317502,0
peng_robinson,128,serial,24,0.00723075866699,17.7021535215,269.49845284317502,0
peng_robinson,128,serial,25,0.00724983215332,17.6555811629,269.49845284317502,0
peng_robinson,128,serial,26,0.00726985931396,17.6069431982,269.49845284317502,0
peng_robinson,128,serial,27,0.00728034973145,17.5815729631,269.49845284317502,0
peng_robinson,128,serial,28,0.00725078582764,17.6532589767,269.49845284317502,0
peng_robinson,128,serial,29,0.00876998901367,14.5952292301,269.49845284317502,0
peng_robinson,512,serial,0,0.0288000106812,17.7777711845,1295.4923158087956,0
peng_robinson,512,serial,1,0.0359697341919,14.2341891455,1295.4923158087956,0
peng_robinson,512,serial,2,0.0288000106812,17.7777711845,1295.4923158087956,0
peng_robinson,512,serial,3,0.028769493103,17.7966291643,1295.4923158087956,0
peng_robinson,512,serial,4,0.028790473938,17.7836600086,1295.4923158087956,0
peng_robinson,512,serial,5,0.0288400650024,17.7530806521,1295.4923158087956,0
peng_robinson,512,serial,6,0.0287103652954,17.8332805846,1295.4923158087956,0
peng_robinson,512,serial,7,0.0287799835205,17.7901422228,1295.4923158087956,0
peng_robinson,512,serial,8,0.0287504196167,17.8084357316,1295.4923158087956,0
peng_robinson,512,serial,9,0.028790473938,17.7836600086,1295.4923158087956,0
peng_robinson,512,serial,10,0.0288095474243,17.7718862591,1295.4923158087956,0
peng_robinson,512,serial,11,0.0287704467773,17.7960392469,1295.4923158087956,0
peng_robinson,512,serial,12,0.0287799835205,17.7901422228,1295.4923158087956,0
peng_robinson,512,serial,13,0.0288095474243,17.7718862591,1295.4923158087956,0
peng_robinson,512,serial,14,0.0287294387817,17.8214410622,1295.4923158087956,0
peng_robinson,512,serial,15,0.0288200378418,17.7654173395,1295.4923158087956,0
peng_robinson,512,serial,16,0.0287609100342,17.8019401817,1295.4923158087956,0
peng_robinson,512,serial,17,0.0287895202637,17.7842491056,1295.4923158087956,0
peng_robinson,512,serial,18,0.0288496017456,17.7472120591,1295.4923158087956,0
peng_robinson,512,serial,19,0.0288200378418,17.7654173395,1295.4923158087956,0
peng_robinson,512,serial,20,0.0287494659424,17.8090264712,1295.4923158087956,0
peng_robinson,512,serial,21,0.0288400650024,17.7530806521,1295.4923158087956,0
peng_robinson,512,serial,22,0.0288095474243,17.7718862591,1295.4923158087956,0
peng_robinson,512,serial,23,0.028829574585,17.7595405888,1295.4923158087956,0
peng_robinson,512,serial,24,0.0288095474243,17.7718862591,1295.4923158087956,0
peng_robinson,512,serial,25,0.0287799835205,17.7901422228,1295.4923158087956,0
peng_robinson,512,serial,26,0.0288705825806,17.734314802,1295.4923158087956,0
peng_robinson,512,serial,27,0.0287799835205,17.7901422228,1295.4923158087956,0
peng_robinson,512,serial,28,0.0287895202637,17.7842491056,1295.4923158087956,0
peng_robinson,512,serial,29,0.0287799835205,17.7901422228,1295.4923158087956,0
peng_robinson,2048,serial,0,0.115169525146,17.7824819317,5267.5126141809124,0
peng_robinson,2048,serial,1,0.116129875183,17.6354275484,5267.5126141809124,0
peng_robinson,2048,serial,2,0.115389823914,17.7485321542,5267.5126141809124,0
peng_robinson,2048,serial,3,0.115260124207,17.7685041908,5267.5126141809124,0
peng_robinson,2048,serial,4,0.115189552307,17.7793902223,5267.5126141809124,0
peng_robinson,2048,serial,5,0.115139961243,17.7870478494,5267.5126141809124,0
peng_robinson,2048,serial,6,0.115119934082,17.7901422228,5267.5126141809124,0
peng_robinson,2048,serial,7,0.119619369507,17.1209730368,5267.5126141809124,0
peng_robinson,2048,serial,8,0.122400283813,16.7319873467,5267.5126141809124,0
peng_robinson,2048,serial,9,0.115409851074,17.7454522377,5267.5126141809124,0
peng_robinson,2048,serial,10,0.115261077881,17.7683571736,5267.5126141809124,0
peng_robinson,2048,serial,11,0.115210533142,17.7761524415,5267.5126141809124,0
peng_robinson,2048,serial,12,0.115210533142,17.7761524415,5267.5126141809124,0
peng_robinson,2048,serial,13,0.11528968811,17.7639477872,5267.5126141809124,0
peng_robinson,2048,serial,14,0.115139961243,17.7870478494,5267.5126141809124,0
peng_robinson,2048,serial,15,0.115399360657,17.747065394,5267.5126141809124,0
peng_robinson,2048,serial,16,0.125050544739,16.3773776778,5267.5126141809124,0
peng_robinson,2048,serial,17,0.115169525146,17.7824819317,5267.5126141809124,0
peng_robinson,2048,serial,18,0.115260124207,17.7685041908,5267.5126141809124,0
peng_robinson,2048,serial,19,0.11526966095,17.7670341279,5267.5126141809124,0
peng_robinson,2048,serial,20,0.11515045166,17.7854274167,5267.5126141809124,0
peng_robinson,2048,serial,21,0.115220069885,17.7746811128,5267.5126141809124,0
peng_robinson,2048,serial,22,0.11526966095,17.7670341279,5267.5126141809124,0
peng_robinson,2048,serial,23,0.115220069885,17.7746811128,5267.5126141809124,0
peng_robinson,2048,serial,24,0.121200561523,16.8976114818,5267.5126141809124,0
peng_robinson,2048,serial,25,0.115249633789,17.7701215411,5267.5126141809124,0
peng_robinson,2048,serial,26,0.115209579468,17.7762995878,5267.5126141809124,0
peng_robinson,2048,serial,27,0.115280151367,17.7654173395,5267.5126141809124,0
peng_robinson,2048,serial,28,0.115240097046,17.7715921151,5267.5126141809124,0
peng_robinson,2048,serial,29,0.115349769592,17.7546951957,5267.5126141809124,0
peng_robinson,8192,serial,0,0.461890220642,17.7358160747,21388.201857235508,0
peng_robinson,8192,serial,1,0.467279434204,17.5312658772,21388.201857235508,0
peng_robinson,8192,serial,2,0.461040496826,17.7685041908,21388.201857235508,0
peng_robinson,8192,serial,3,0.466899871826,17.5455177744,21388.201857235508,0
peng_robinson,8192,serial,4,0.464290618896,17.6441213037,21388.201857235508,0
peng_robinson,8192,serial,5,0.473429679871,17.3035201389,21388.201857235508,0
peng_robinson,8192,serial,6,0.460929870605,17.7727687495,21388.201857235508,0
peng_robinson,8192,serial,7,0.470491409302,17.4115825242,21388.201857235508,0
peng_robinson,8192,serial,8,0.461660385132,17.7446457696,21388.201857235508,0
peng_robinson,8192,serial,9,0.467169761658,17.5353815087,21388.201857235508,0
peng_robinson,8192,serial,10,0.460809707642,17.7774032625,21388.201857235508,0
peng_robinson,8192,serial,11,0.466271400452,17.5691667815,21388.201857235508,0
peng_robinson,8192,serial,12,0.460940361023,17.7723642638,21388.201857235508,0
peng_robinson,8192,serial,13,0.614310264587,13.3352810009,21388.201857235508,0
peng_robinson,8192,serial,14,0.461080551147,17.7669606311,21388.201857235508,0
peng_robinson,8192,serial,15,0.466831207275,17.5480984826,21388.201857235508,0
peng_robinson,8192,serial,16,0.461259841919,17.7600546493,21388.201857235508,0
peng_robinson,8192,serial,17,0.467269897461,17.5316236815,21388.201857235508,0
peng_robinson,8192,serial,18,0.46118927002,17.7627723205,21388.201857235508,0
peng_robinson,8192,serial,19,0.468299865723,17.4930650201,21388.201857235508,0
peng_robinson,8192,serial,20,0.46081161499,17.7773296799,21388.201857235508,0
peng_robinson,8192,serial,21,0.461499214172,17.7508427933,21388.201857235508,0
peng_robinson,8192,serial,22,0.471890449524,17.3599614238,21388.201857235508,0
peng_robinson,8192,serial,23,0.460850715637,17.7758213713,21388.201857235508,0
peng_robinson,8192,serial,24,0.466780662537,17.5499986556,21388.201857235508,0
peng_robinson,8192,serial,25,0.463049888611,17.6913982737,21388.201857235508,0
peng_robinson,8192,serial,26,0.467390060425,17.5271164144,21388.201857235508,0
peng_robinson,8192,serial,27,0.461890220642,17.7358160747,21388.201857235508,0
peng_robinson,8192,serial,28,0.46798992157,17.5046504688,21388.201857235508,0
peng_robinson,8192,serial,29,0.461260795593,17.7600179297,21388.201857235508,0
peng_robinson,32768,serial,0,1.93755149841,16.9120666092,86371.559376896927,0
peng_robinson,32768,serial,1,1.92732143402,17.0018344743,86371.559376896927,0
peng_robinson,32768,serial,2,1.93206119537,16.9601253203,86371.559376896927,0
peng_robinson,32768,serial,3,1.92917060852,16.9855376478,86371.559376896927,0
peng_robinson,32768,serial,4,1.95816040039,16.7340734668,86371.559376896927,0
peng_robinson,32768,serial,5,1.92665100098,17.0077507464,86371.559376896927,0
peng_robinson,32768,serial,6,2.11123180389,15.5207968824,86371.559376896927,0
peng_robinson,32768,serial,7,1.94192123413,16.8740108631,86371.559376896927,0
peng_robinson,32768,serial,8,1.93481063843,16.936024306,86371.559376896927,0
peng_robinson,32768,serial,9,1.93413066864,16.9419783944,86371.559376896927,0
peng_robinson,32768,serial,10,1.935090065,16.9335787479,86371.559376896927,0
peng_robinson,32768,serial,11,1.9382610321,16.9058756572,86371.559376896927,0
peng_robinson,32768,serial,12,1.93742084503,16.9132071042,86371.559376896927,0
peng_robinson,32768,serial,13,1.92979049683,16.9800815445,86371.559376896927,0
peng_robinson,32768,serial,14,1.92192173004,17.0496017022,86371.559376896927,0
peng_robinson,32768,serial,15,1.93049049377,16.9739245573,86371.559376896927,0
peng_robinson,32768,serial,16,1.93011188507,16.9772541444,86371.559376896927,0
peng_robinson,32768,serial,17,1.93037128448,16.9749727751,86371.559376896927,0
peng_robinson,32768,serial,18,1.93827152252,16.9057841583,86371.559376896927,0
peng_robinson,32768,serial,19,1.93323040009,16.9498679508,86371.559376896927,0
peng_robinson,32768,serial,20,1.93238067627,16.9573212993,86371.559376896927,0
peng_robinson,32768,serial,21,1.93357086182,16.9468834306,86371.559376896927,0
peng_robinson,32768,serial,22,1.93133163452,16.9665320105,86371.559376896927,0
peng_robinson,32768,serial,23,1.93046092987,16.9741845033,86371.559376896927,0
peng_robinson,32768,serial,24,1.93031024933,16.9755095127,86371.559376896927,0
peng_robinson,32768,serial,25,1.93960952759,16.8941220044,86371.559376896927,0
peng_robinson,32768,serial,26,1.94511032104,16.8463452409,86371.559376896927,0
peng_robinson,32768,serial,27,1.93694114685,16.9173957883,86371.559376896927,0
peng_robinson,32768,serial,28,1.93036079407,16.9750650245,86371.559376896927,0
peng_robinson,32768,serial,29,1.93314170837,16.9506456035,86371.559376896927,0
peng_robinson,131072,serial,0,7.92956447601,16.5295332923,346451.63202746306,0
peng_robinson,131072,serial,1,7.78199386597,16.8429842348,346451.63202746306,0
peng_robinson,131072,serial,2,7.75898361206,16.8929342493,346451.63202746306,0
peng_robinson,131072,serial,3,7.8050737381,16.7931789498,346451.63202746306,0
peng_robinson,131072,serial,4,7.77104377747,16.8667174904,346451.63202746306,0
peng_robinson,131072,serial,5,7.75710391998,16.8970277248,346451.63202746306,0
peng_robinson,131072,serial,6,7.77575302124,16.8565024689,346451.63202746306,0
peng_robinson,131072,serial,7,7.79951286316,16.8051521037,346451.63202746306,0
peng_robinson,131072,serial,8,8.0577545166,16.2665665391,346451.63202746306,0
peng_robinson,131072,serial,9,7.77463436127,16.8589278813,346451.63202746306,0
peng_robinson,131072,serial,10,7.77372360229,16.8609030505,346451.63202746306,0
peng_robinson,131072,serial,11,7.76911354065,16.8709080276,346451.63202746306,0
peng_robinson,131072,serial,12,7.76812362671,16.873057935,346451.63202746306,0
peng_robinson,131072,serial,13,7.76630401611,16.8770112177,346451.63202746306,0
peng_robinson,131072,serial,14,7.78017425537,16.8469234361,346451.63202746306,0
peng_robinson,131072,serial,15,7.80492401123,16.7935011041,346451.63202746306,0
peng_robinson,131072,serial,16,7.89246273041,16.6072371169,346451.63202746306,0
peng_robinson,131072,serial,17,7.78279399872,16.8412526429,346451.63202746306,0
peng_robinson,131072,serial,18,7.77387428284,16.8605762367,346451.63202746306,0
peng_robinson,131072,serial,19,7.78130435944,16.8444767028,346451.63202746306,0
peng_robinson,131072,serial,20,7.80961418152,16.783415538,346451.63202746306,0
peng_robinson,131072,serial,21,7.7787733078,16.8499575465,346451.63202746306,0
peng_robinson,131072,serial,22,7.76728439331,16.8748810219,346451.63202746306,0
peng_robinson,131072,serial,23,7.76530361176,16.8791854837,346451.63202746306,0
peng_robinson,131072,serial,24,7.77968406677,16.8479849407,346451.63202746306,0
peng_robinson,131072,serial,25,7.7654132843,16.8789470954,346451.63202746306,0
peng_robinson,131072,serial,26,7.78319358826,16.8403880122,346451.63202746306,0
peng_robinson,131072,serial,27,7.84258460999,16.7128576252,346451.63202746306,0
peng_robinson,131072,serial,28,7.79808330536,16.8082328525,346451.63202746306,0
peng_robinson,131072,serial,29,7.7748041153,16.8585597857,346451.63202746306,0
peng_robinson,524288,serial,0,31.1569757462,16.8273071261,1383487.7549022485,0
peng_robinson,524288,serial,1,31.1040248871,16.8559535913,1383487.7549022485,0
peng_robinson,524288,serial,2,31.2480754852,16.7782492796,1383487.7549022485,0
peng_robinson,524288,serial,3,31.1216955185,16.8463829256,1383487.7549022485,0
peng_robinson,524288,serial,4,31.2434549332,16.7807305921,1383487.7549022485,0
peng_robinson,524288,serial,5,31.1430444717,16.8348345158,1383487.7549022485,0
peng_robinson,524288,serial,6,31.1570644379,16.8272592254,1383487.7549022485,0
peng_robinson,524288,serial,7,31.0777254105,16.8702179157,1383487.7549022485,0
peng_robinson,524288,serial,8,31.2690439224,16.7669980988,1383487.7549022485,0
peng_robinson,524288,serial,9,31.1322450638,16.840674321,1383487.7549022485,0
peng_robinson,524288,serial,10,31.1981649399,16.8050909728,1383487.7549022485,0
peng_robinson,524288,serial,11,31.1711053848,16.8196794283,1383487.7549022485,0
peng_robinson,524288,serial,12,31.181974411,16.8138166329,1383487.7549022485,0
peng_robinson,524288,serial,13,31.0914154053,16.8627897175,1383487.7549022485,0
peng_robinson,524288,serial,14,31.1958456039,16.8063403908,1383487.7549022485,0
peng_robinson,524288,serial,15,31.0787734985,16.8696489913,1383487.7549022485,0
peng_robinson,524288,serial,16,31.1140356064,16.8505303083,1383487.7549022485,0
peng_robinson,524288,serial,17,31.1021146774,16.8569888394,1383487.7549022485,0
peng_robinson,524288,serial,18,31.1383743286,16.8373594096,1383487.7549022485,0
peng_robinson,524288,serial,19,31.2176656723,16.7945933403,1383487.7549022485,0
peng_robinson,524288,serial,20,31.2432556152,16.7808376456,1383487.7549022485,0
peng_robinson,524288,serial,21,31.148434639,16.8319212852,1383487.7549022485,0
peng_robinson,524288,serial,22,31.0922136307,16.8623568019,1383487.7549022485,0
peng_robinson,524288,serial,23,31.1425952911,16.8350773305,1383487.7549022485,0
peng_robinson,524288,serial,24,31.1919145584,16.8084584554,1383487.7549022485,0
peng_robinson,524288,serial,25,31.449555397,16.6707603138,1383487.7549022485,0
peng_robinson,524288,serial,26,31.1030454636,16.8564843791,1383487.7549022485,0
peng_robinson,524288,serial,27,31.3267946243,16.7360882684,1383487.7549022485,0
peng_robinson,524288,serial,28,31.0828742981,16.867423359,1383487.7549022485,0
peng_robinson,524288,serial,29,31.1170053482,16.848922129,1383487.7549022485,0
peng_robinson,2097152,serial,0,124.738369942,16.8124050441,5526606.0202312693,0
peng_robinson,2097152,serial,1,124.528610229,16.8407243615,5526606.0202312693,0
peng_robinson,2097152,serial,2,124.605899811,16.8302785276,5526606.0202312693,0
peng_robinson,2097152,serial,3,124.674710274,16.8209895607,5526606.0202312693,0
peng_robinson,2097152,serial,4,124.730460167,16.8134712018,5526606.0202312693,0
peng_robinson,2097152,serial,5,124.535709381,16.8397643569,5526606.0202312693,0
peng_robinson,2097152,serial,6,124.949749947,16.7839631604,5526606.0202312693,0
peng_robinson,2097152,serial,7,124.675679207,16.8208588342,5526606.0202312693,0
peng_robinson,2097152,serial,8,124.724449158,16.8142815155,5526606.0202312693,0
peng_robinson,2097152,serial,9,124.921560287,16.7877506107,5526606.0202312693,0
peng_robinson,2097152,serial,10,124.631528854,16.826817574,5526606.0202312693,0
peng_robinson,2097152,serial,11,124.628728867,16.8271956159,5526606.0202312693,0
peng_robinson,2097152,serial,12,124.930728912,16.7865185632,5526606.0202312693,0
peng_robinson,2097152,serial,13,124.589779854,16.8324561008,5526606.0202312693,0
peng_robinson,2097152,serial,14,124.682159424,16.8199845887,5526606.0202312693,0
peng_robinson,2097152,serial,15,124.791399002,16.8052607533,5526606.0202312693,0
peng_robinson,2097152,serial,16,124.586388588,16.8329142836,5526606.0202312693,0
peng_robinson,2097152,serial,17,124.616949081,16.8287862563,5526606.0202312693,0
peng_robinson,2097152,serial,18,124.721529007,16.8146751944,5526606.0202312693,0
peng_robinson,2097152,serial,19,124.646348953,16.8248169129,5526606.0202312693,0
peng_robinson,2097152,serial,20,124.824110031,16.8008568175,5526606.0202312693,0
peng_robinson,2097152,serial,21,124.537418365,16.8395332706,5526606.0202312693,0
peng_robinson,2097152,serial,22,124.808460236,16.8029634853,5526606.0202312693,0
peng_robinson,2097152,serial,23,124.708620071,16.8164157281,5526606.0202312693,0
peng_robinson,2097152,serial,24,124.76515007,16.8087963572,5526606.0202312693,0
peng_robinson,2097152,serial,25,124.880929947,16.7932125497,5526606.0202312693,0
peng_robinson,2097152,serial,26,124.512860298,16.8428545853,5526606.0202312693,0
peng_robinson,2097152,serial,27,124.674759865,16.8209828699,5526606.0202312693,0
peng_robinson,2097152,serial,28,124.698989868,16.8177144195,5526606.0202312693,0
peng_robinson,2097152,serial,29,124.806349754,16.8032476242,5526606.0202312693,0
peng_robinson,8388608,serial,0,499.051268578,16.8091106629,22113006.913961764,0
peng_robinson,8388608,serial,1,498.851427078,16.8158444472,22113006.913961764,0
peng_robinson,8388608,serial,2,498.563008308,16.8255724155,22113006.913961764,0
peng_robinson,8388608,serial,3,499.687099457,16.7877217745,22113006.913961764,0
peng_robinson,8388608,serial,4,498.709747314,16.8206217047,22113006.913961764,0
peng_robinson,8388608,serial,5,498.740468025,16.8195856118,22113006.913961764,0
peng_robinson,8388608,serial,6,498.874857903,16.8150546517,22113006.913961764,0
peng_robinson,8388608,serial,7,499.252138138,16.80234767,22113006.913961764,0
peng_robinson,8388608,serial,8,498.963017464,16.8120836743,22113006.913961764,0
peng_robinson,8388608,serial,9,499.14908886,16.805816513,22113006.913961764,0
peng_robinson,8388608,serial,10,498.64707756,16.8227357133,22113006.913961764,0
peng_robinson,8388608,serial,11,499.109437943,16.8071516231,22113006.913961764,0
peng_robinson,8388608,serial,12,499.260997772,16.802049504,22113006.913961764,0
peng_robinson,8388608,serial,13,498.998817444,16.8108775146,22113006.913961764,0
peng_robinson,8388608,serial,14,499.114748001,16.8069728126,22113006.913961764,0
peng_robinson,8388608,serial,15,499.429917336,16.7963666349,22113006.913961764,0
peng_robinson,8388608,serial,16,498.937837601,16.8129321287,22113006.913961764,0
peng_robinson,8388608,serial,17,509.035591125,16.479413515,22113006.913961764,0
peng_robinson,8388608,serial,18,499.849798203,16.7822574505,22113006.913961764,0
peng_robinson,8388608,serial,19,499.632897377,16.7895429705,22113006.913961764,0
peng_robinson,8388608,serial,20,499.46230793,16.7952773749,22113006.913961764,0
peng_robinson,8388608,serial,21,499.023518562,16.8100453946,22113006.913961764,0
peng_robinson,8388608,serial,22,499.145488739,16.8059377261,22113006.913961764,0
peng_robinson,8388608,serial,23,499.22458744,16.8032749409,22113006.913961764,0
peng_robinson,8388608,serial,24,499.164467812,16.8052987361,22113006.913961764,0
peng_robinson,8388608,serial,25,499.286607742,16.8011876744,22113006.913961764,0
peng_robinson,8388608,serial,26,499.59185791,16.7909221641,22113006.913961764,0
peng_robinson,8388608,serial,27,499.003287315,16.8107269295,22113006.913961764,0
peng_robinson,8388608,serial,28,499.299257278,16.8007620234,22113006.913961764,0
peng_robinson,8388608,serial,29,498.802807808,16.8174835199,22113006.913961764,0
peng_robinson,16777216,serial,0,999.832015991,16.7800347775,44220652.47627943,0
peng_robinson,16777216,serial,1,998.633146286,16.8001793876,44220652.47627943,0
peng_robinson,16777216,serial,2,998.383276939,16.8043840352,44220652.47627943,0
peng_robinson,16777216,serial,3,1018.06865501,16.4794544232,44220652.47627943,0
peng_robinson,16777216,serial,4,998.784306526,16.7976367774,44220652.47627943,0
peng_robinson,16777216,serial,5,998.914536476,16.7954468449,44220652.47627943,0
peng_robinson,16777216,serial,6,998.158935547,16.8081609076,44220652.47627943,0
peng_robinson,16777216,serial,7,999.010305405,16.7938367695,44220652.47627943,0
peng_robinson,16777216,serial,8,998.815167427,16.7971177723,44220652.47627943,0
peng_robinson,16777216,serial,9,998.990655899,16.7941670935,44220652.47627943,0
peng_robinson,16777216,serial,10,998.517126083,16.8021314425,44220652.47627943,0
peng_robinson,16777216,serial,11,998.885135651,16.7959411961,44220652.47627943,0
peng_robinson,16777216,serial,12,998.554486275,16.8015028029,44220652.47627943,0
peng_robinson,16777216,serial,13,998.904816628,16.7956102731,44220652.47627943,0
peng_robinson,16777216,serial,14,999.286286354,16.7891986802,44220652.47627943,0
peng_robinson,16777216,serial,15,1018.23521614,16.476758743,44220652.47627943,0
peng_robinson,16777216,serial,16,998.433786392,16.8035339235,44220652.47627943,0
peng_robinson,16777216,serial,17,998.827365875,16.7969126329,44220652.47627943,0
peng_robinson,16777216,serial,18,998.198085785,16.8075016762,44220652.47627943,0
peng_robinson,16777216,serial,19,998.449995995,16.803261122,44220652.47627943,0
peng_robinson,16777216,serial,20,998.269125938,16.8063055984,44220652.47627943,0
peng_robinson,16777216,serial,21,997.969765663,16.8113469739,44220652.47627943,0
peng_robinson,16777216,serial,22,998.385126114,16.8043529107,44220652.47627943,0
peng_robinson,16777216,serial,23,998.34600544,16.8050113974,44220652.47627943,0
peng_robinson,16777216,serial,24,998.435935974,16.8034977463,44220652.47627943,0
peng_robinson,16777216,serial,25,997.755486488,16.8149573991,44220652.47627943,0
peng_robinson,16777216,serial,26,999.405117035,16.7872024208,44220652.47627943,0
peng_robinson,16777216,serial,27,1018.08827496,16.4791368418,44220652.47627943,0
peng_robinson,16777216,serial,28,999.124536514,16.7919167099,44220652.47627943,0
peng_robinson,16777216,serial,29,998.881486893,16.796002549,44220652.47627943,0
