method,index,near_knot,multi_root,root_abs,residual,status,path
fp32,0,1,0,9.9861680924462348e-07,1.3680220544257628e-06,1,0
fp32,1,0,0,1.3876314008953727e-07,1.3578441252287704e-07,1,0
fp32,2,0,0,8.4740805350591586e-07,8.1871476593718878e-07,1,0
fp32,3,0,0,1.231510321275664e-06,1.4816070072154217e-06,1,0
fp32,4,0,0,1.2924387684520866e-06,1.5245439788180204e-06,1,0
fp32,5,0,0,7.6068769327974906e-07,6.853375973789521e-07,1,0
fp32,6,0,0,2.2554555556553169e-08,3.5852475654962745e-08,1,0
fp32,7,0,0,1.8040173523914405e-06,1.7711525193559532e-06,1,0
fp32,8,0,0,4.0487564145763599e-07,7.4632661439810732e-07,1,0
fp32,9,1,0,1.2912750553262242e-06,1.5232534202456987e-06,1,0
fp32,10,1,0,1.4359939846109171e-06,1.5510113581033331e-06,1,0
fp32,11,0,0,1.7069763789123726e-06,1.6747094414520493e-06,1,0
fp32,12,0,0,2.7270188374117765e-07,2.6495094984338758e-07,1,0
fp32,13,1,0,4.2485739504272146e-07,3.9586281786844239e-07,1,0
fp32,14,0,0,1.4983127067935698e-06,1.3842414238658483e-06,1,0
fp32,15,0,0,7.698327504357394e-07,1.0328903755572441e-06,1,0
fp32,16,0,0,6.614866592258295e-07,7.5863349007562508e-07,1,0
fp32,17,0,0,1.0596044042188169e-07,1.0685154899408841e-07,1,0
fp32,18,0,0,6.0669370860466643e-08,9.0702830135569457e-08,1,0
fp32,19,0,0,1.032103154052777e-07,1.0852071469282699e-07,1,0
fp32,20,1,0,9.7923661623866565e-07,9.9652979887888837e-07,1,0
fp32,21,1,0,2.9583155169987663e-07,2.8638027517514354e-07,1,0
fp32,22,1,0,1.3177852542511914e-07,1.300178987956687e-07,1,0
fp32,23,0,0,1.5244613904563664e-06,1.4325733487876976e-06,1,0
fp32,24,1,0,6.1697991471376668e-07,6.0131231823445615e-07,1,0
fp32,25,0,0,1.1090041276418106e-06,1.2299400472969151e-06,1,0
fp32,26,0,0,4.7925814783411624e-07,4.8454600763419919e-07,1,0
fp32,27,1,0,3.1866475547204232e-07,3.2361141194919365e-07,1,0
fp32,28,1,0,1.1982445657920948e-07,1.2789052612241992e-07,1,0
fp32,29,0,0,7.1849126603851232e-07,7.84778052711067e-07,1,0
fp32,30,0,0,5.2614306333964578e-07,3.6671720362938736e-07,1,0
fp32,31,0,0,1.8332653972663593e-07,2.3249674513221869e-07,1,0
fp32,32,0,0,1.3863407533065697e-07,1.3182997683288374e-07,1,0
fp32,33,1,0,1.7322593208746184e-06,1.9549960688620708e-06,1,0
fp32,34,0,0,6.3720275944589844e-07,5.8221213815079674e-07,1,0
fp32,35,1,0,8.1644757132792734e-07,1.0581681341432419e-06,1,0
fp32,36,1,0,7.1955293590164615e-07,9.1063309686652392e-07,1,0
fp32,37,1,0,1.9553591825705041e-06,1.8010423591163207e-06,1,0
fp32,38,0,0,2.4763225026092073e-07,2.1302535868959778e-07,1,0
fp32,39,0,0,1.9836675013706895e-07,3.1899512031863253e-07,1,0
fp32,40,1,0,6.1021094666102726e-07,6.1485007023461316e-07,1,0
fp32,41,0,0,5.3976945979528068e-07,5.2229483047115885e-07,1,0
fp32,42,1,0,2.4730089931424004e-07,3.0150034377888281e-07,1,0
fp32,43,0,0,7.4145408035519722e-08,8.0899371084868835e-08,1,0
fp32,44,0,0,1.1863974660464294e-06,1.0734620676175227e-06,1,0
fp32,45,0,0,7.1648307731209115e-08,1.1203480732024929e-07,1,0
fp32,46,0,0,8.4103797259871271e-07,7.1023784259183393e-07,1,0
fp32,47,0,0,5.200167958463453e-07,5.1516458787242459e-07,1,0
fp32,48,0,0,4.1561318386840185e-08,3.7198064298907161e-08,1,0
fp32,49,1,0,5.2090777780122721e-07,6.7956894442551158e-07,1,0
fp32,50,1,0,1.2186284203963282e-06,1.0907757262610838e-06,1,0
fp32,51,1,0,7.4049405007770019e-07,9.1071820340426319e-07,1,0
fp32,52,1,0,7.2509711657176013e-07,1.1120335328807859e-06,1,0
fp32,53,1,0,1.4553083094170916e-07,1.4669497182913785e-07,1,0
fp32,54,1,0,2.1524732041200423e-07,4.6857985742732366e-07,1,0
fp32,55,1,0,8.900874353123811e-07,1.9376593691115242e-06,1,0
fp32,56,0,0,6.0768088339102633e-08,1.2439521859991425e-07,1,0
fp32,57,0,0,1.130554274197948e-06,1.5050295082419396e-06,1,0
fp32,58,1,0,3.9562337583731733e-07,9.1159529161758999e-07,1,0
fp32,59,1,0,6.4315953984817043e-07,6.4542151416346889e-07,1,0
fp32,60,1,0,5.2481004875204462e-08,1.3779156804803859e-07,1,0
fp32,61,1,0,5.8289669535582789e-07,5.4480611123893761e-07,1,0
fp32,62,1,0,2.754310290953299e-08,6.0019166302763188e-08,1,0
fp32,63,1,0,5.6250621982556481e-07,1.0615314011863722e-06,1,0
fp32,64,0,0,2.0716398907438816e-07,2.6456362442540382e-07,1,0
fp32,65,0,0,3.9760553427470313e-07,6.7398733652943248e-07,1,0
fp32,66,0,0,4.2319976190086095e-07,5.3590545954974802e-07,1,0
fp32,67,0,0,3.4734024989546697e-08,3.6717976292335519e-08,1,0
fp32,68,1,0,6.8043081968838237e-07,8.5749823014501488e-07,1,0
fp32,69,1,0,6.6427407396929539e-07,1.7880158036453753e-06,1,0
fp32,70,0,0,5.3216124973332057e-07,1.8893340980812528e-06,1,0
fp32,71,0,0,1.188966610943254e-06,1.4549301209058698e-06,1,0
fp32,72,0,0,5.5726117853538426e-07,1.4731675047368361e-06,1,0
fp32,73,0,0,1.2863482758973532e-06,1.596047698511345e-06,1,0
fp32,74,1,0,3.9446135691179052e-08,3.4176511022696567e-07,1,0
fp32,75,0,0,9.4557374108461545e-07,2.0596824839365237e-06,1,0
fp32,76,1,0,6.1079835278476935e-07,1.3324189868702474e-06,1,0
fp32,77,0,0,2.3698110140912831e-07,1.0926448613015587e-06,1,0
fp32,78,0,0,6.9034031602299706e-07,1.9894847465670235e-06,1,0
fp32,79,1,0,7.2433883513411956e-07,1.7672238677795912e-06,1,0
fp32,80,0,0,1.6044581263585656e-07,4.9392396537367033e-07,1,0
fp32,81,1,0,4.0914485710530357e-07,7.9308195597647531e-07,1,0
fp32,82,0,0,1.5064719467439147e-06,1.9620284160367356e-06,1,0
fp32,83,1,0,2.2444486846850964e-07,1.9446935078291678e-06,1,0
fp32,84,1,0,1.8859395956027925e-07,5.4859089963369218e-07,1,0
fp32,85,0,0,4.9913394395417754e-07,1.41266759793491e-06,1,0
fp32,86,1,0,1.70410076272276e-07,4.3517897453219524e-07,1,0
fp32,87,1,0,4.2218327678256173e-07,1.022360807168356e-06,1,0
fp32,88,0,0,3.2309284359044455e-07,1.1241219261107261e-06,1,0
fp32,89,0,0,6.4477046990418785e-07,6.4482794119059827e-07,1,0
fp32,90,0,0,3.3962896184291935e-07,6.8914302464653697e-07,1,0
fp32,91,0,1,1.056364486062833e-05,1.0082256838793975e-06,1,0
fp32,92,1,0,8.9766257183043763e-07,1.5615790212296552e-06,1,0
fp32,93,0,1,1.3349595675116177e-05,1.611406282816683e-06,1,0
fp32,94,1,0,1.0273008932415451e-07,9.246506481662131e-08,1,0
fp32,95,0,1,7.5542248909599152e-06,1.0688251580914029e-06,1,0
fp32,96,1,0,9.2857891775821599e-07,1.3357632281657576e-06,1,0
fp32,97,0,0,1.5696304300760744e-07,2.3752613444439418e-07,1,0
fp32,98,0,0,7.3514666887319891e-07,1.3721027667965191e-06,1,0
fp32,99,1,0,7.6254884850968097e-07,1.376410520424669e-06,1,0
fp32,100,0,0,4.1231513447925749e-07,4.1572904257991539e-07,1,0
fp32,101,0,1,1.7893321403672502e-05,1.6785106097617644e-06,1,0
fp32,102,0,1,3.1900810371077171e-06,1.5030834534967065e-06,1,0
fp32,103,0,1,2.1923307302884609e-07,1.1330560054249629e-07,1,0
fp32,104,0,0,7.1591130179626816e-07,7.3033839392833144e-07,1,0
fp32,105,0,1,1.5759951708105291e-05,1.0615486181197769e-06,1,0
fp32,106,0,1,7.9412177411697371e-07,6.6951379651596744e-08,1,0
fp32,107,0,1,1.9777599161940884e-05,9.7127329597951645e-07,1,0
fp32,108,0,1,1.1673608219631149e-05,7.5399396457097403e-07,1,0
fp32,109,0,0,2.2171053615238634e-07,3.7584653242762589e-07,1,0
fp32,110,0,1,6.1051774569165218e-07,1.0715807483562957e-07,1,0
fp32,111,0,1,5.8937525162505722e-06,1.1166560003230923e-06,1,0
fp32,112,0,1,1.0036783653077919e-06,5.0793917400702513e-07,1,0
fp32,113,0,0,3.7815734366120068e-07,5.0327546258215287e-07,1,0
fp32,114,1,0,1.0614519485585561e-07,1.691554554838858e-07,1,0
fp32,115,0,1,1.12848092284068e-05,1.7873507970120124e-06,1,0
fp32,116,0,1,3.2782925432073284e-06,1.6519947706246278e-06,1,0
fp32,117,0,1,2.3275658520560683e-06,1.2071066785064646e-06,1,0
fp32,118,0,1,1.5108970430333102e-06,7.9011084845440949e-07,1,0
fp32,119,0,1,1.8610677385844099e-06,9.2802034024653385e-07,1,0
fp32,120,0,1,7.9451357595239358e-06,1.5263674200575206e-06,1,0
fp32,121,0,1,6.5501277544122161e-06,8.2281515747593004e-07,1,0
fp32,122,0,1,1.0628506306176178e-06,5.9542158892357265e-08,1,0
fp32,123,0,1,2.3967581967987428e-06,1.1087181045416074e-06,1,0
fp32,124,0,0,2.5307337780944295e-07,2.4646455570112051e-07,1,0
fp32,125,0,1,3.3390981506453699e-05,1.5102340866875849e-06,1,0
fp32,126,0,1,2.0755795309135294e-06,3.7189315360937401e-07,1,0
fp32,127,0,1,7.9078900494522486e-07,3.9392625621283498e-07,1,0
fp32,128,0,1,3.6803928411544007e-06,5.9013859678313819e-07,1,0
fp32,129,0,0,2.7892188247946592e-07,3.9439968518777721e-07,1,0
fp32,130,0,0,4.3420588102804913e-07,5.4846255433127567e-07,1,0
fp32,131,0,1,3.7636447358657676e-06,1.7672866814593505e-06,1,0
fp32,132,0,1,1.1641157022346249e-05,1.6982496790723936e-06,1,0
fp32,133,0,0,4.2926066079473912e-07,6.2787001899225721e-07,1,0
fp32,134,0,1,2.5988282459366019e-06,5.1991052380834699e-07,1,0
fp32,135,0,1,1.0447040161842835e-05,1.5758410717932934e-06,1,0
fp32,136,0,1,3.1263972486428315e-06,1.504133617714755e-06,1,0
fp32,137,1,0,8.3250069060625265e-08,1.0569141758562277e-07,1,0
fp32,138,0,1,1.500997669712234e-06,6.9221843811754868e-07,1,0
fp32,139,0,1,2.0656751891223735e-06,3.281976809109636e-07,1,0
fp32,140,0,0,4.7132136415939385e-08,8.3622406482157911e-08,1,0
fp32,141,0,1,5.817304000865775e-05,1.8499322067457909e-06,1,0
fp32,142,0,0,4.261328219179461e-07,5.3822118297185613e-07,1,0
fp32,143,0,1,4.3368628448448021e-06,8.0346128823343115e-07,1,0
fp32,144,0,1,9.4947903672704115e-06,1.7669125112637211e-06,1,0
fp32,145,0,1,1.7146446529281434e-07,2.992723033269745e-08,1,0
fp32,146,0,1,3.9285689941159774e-06,5.6136487891974967e-07,1,0
fp32,147,0,1,1.2843049135291551e-06,6.3685198836409192e-07,1,0
fp32,148,0,1,1.3793854538590722e-06,2.6818795689853633e-07,1,0
fp32,149,0,1,1.6527272341804178e-06,2.9952555263065991e-07,1,0
fp32,150,0,1,8.574130213823139e-06,7.3776027875987809e-07,1,0
fp32,151,0,1,8.9309802500103785e-06,4.3916871555309074e-07,1,0
fp32,152,0,0,8.2041124027654178e-07,1.3114310603444022e-06,1,0
fp32,153,0,1,1.09756540793704e-05,1.8721880835766172e-06,1,0
fp32,154,0,1,8.3481972961152451e-06,1.3271649102215937e-06,1,0
fp32,155,0,1,5.2223303370624308e-07,2.7169994701044545e-07,1,0
fp32,156,0,0,1.0536611378952898e-06,1.8013445461106206e-06,1,0
fp32,157,0,1,3.8068332202101374e-06,7.5452751351616928e-07,1,0
fp32,158,0,0,8.3665145744760139e-07,8.160086245121348e-07,1,0
fp32,159,0,1,3.9324143048524718e-06,1.8900264500454502e-06,1,0
fp32,160,0,1,1.0493744408535122e-05,6.389722931178404e-07,1,0
fp32,161,0,1,2.385523137249379e-06,3.8124921266783069e-07,1,0
fp32,162,0,1,1.3312434838930187e-05,1.6454966508443304e-06,1,0
fp32,163,0,1,1.0851497997954596e-06,5.154734605438095e-07,1,0
fp32,164,0,1,5.3194749805030028e-07,2.7719202331140948e-07,1,0
fp32,165,0,1,4.0860899323647004e-05,1.4797517529270434e-06,1,0
fp32,166,0,1,2.7692705470983014e-06,5.026524802150179e-07,1,0
fp32,167,0,1,6.9666493640596627e-06,1.3070225737476323e-06,1,0
fp32,168,0,1,1.19560792439799e-05,7.2148359155955492e-07,1,0
fp32,169,0,1,1.3089206639005369e-05,1.4412676978067473e-06,1,0
fp32,170,0,1,3.6294494494271134e-06,1.9102428552458467e-06,1,0
fp32,171,0,1,1.6110817724346305e-06,8.4250260244777253e-07,1,0
fp32,172,0,1,2.0663506386853214e-05,1.0731726384265518e-06,1,0
fp32,173,0,1,1.5769785391750446e-05,6.9900914797042599e-07,1,0
fp32,174,0,1,7.0416140256490678e-06,1.2975543668410975e-06,1,0
fp32,175,0,1,1.6979542505346501e-06,8.5612659678857811e-07,1,0
fp32,176,0,1,7.4193538752709287e-06,9.7334660092194191e-07,1,0
fp32,177,0,1,2.0241514242513858e-08,9.3523936308112004e-09,1,0
fp32,178,0,1,5.1374939191717317e-07,2.7023299707354308e-07,1,0
fp32,179,0,1,1.0199289017798208e-06,5.3094712942899385e-07,1,0
fp32,180,0,1,1.5959040138291414e-06,1.6659784039845787e-07,1,0
fp32,181,0,1,6.6561145222188145e-06,1.0372783554880042e-06,1,0
fp32,182,0,1,1.1642816313717219e-05,1.8515088101295742e-06,1,0
fp32,183,0,1,6.7965709504402838e-05,1.390123836800223e-06,1,0
fp32,184,0,1,9.8849688496827071e-06,1.5456553945277081e-06,1,0
fp32,185,0,1,3.1099935648981614e-06,1.518559173637376e-06,1,0
fp32,186,0,0,3.4240489572567867e-06,1.5113807659335887e-06,1,0
fp32,187,0,1,1.5490266636941641e-05,1.0335893441784044e-06,1,0
fp32,188,1,0,6.096302453961755e-07,5.2839020661940061e-07,1,0
fp32,189,0,1,4.5551688021561176e-06,6.2491350059246132e-07,1,0
fp32,190,0,1,3.0641033692546671e-06,1.6149031733337915e-06,1,0
fp32,191,0,1,7.695702733734322e-06,1.1058525663572907e-06,1,0
fp32,192,1,0,2.3025029025625088e-06,1.9861104872239915e-06,1,0
fp32,193,0,0,1.1396111343486837e-06,1.2153164688499807e-06,1,0
fp32,194,0,1,3.7281443079351106e-06,7.0479594843614238e-07,1,0
fp32,195,0,1,5.9227730315747351e-06,1.0285669768263535e-06,1,0
fp32,196,0,1,1.2306179722809674e-05,1.7293752560202845e-06,1,0
fp32,197,0,1,1.4331858793070751e-06,2.0113517073626024e-07,1,0
fp32,198,0,1,1.0621173030411768e-05,1.7707332427731297e-06,1,0
fp32,199,0,1,1.282102032540422e-06,1.6029674300520368e-07,1,0
fp32,200,0,1,1.3614754665880469e-06,6.7864227889083238e-07,1,0
fp32,201,1,1,2.6449811629802866e-06,1.0774284154237525e-06,1,0
fp32,202,0,0,5.9281514719344841e-07,8.745827217357513e-07,1,0
fp32,203,0,1,1.7389402132916842e-05,1.143858950918107e-06,1,0
fp32,204,1,0,2.1000565197937249e-06,1.6024116383154867e-06,1,0
fp32,205,0,0,1.820460413526348e-07,1.8730506295971949e-07,1,0
fp32,206,0,1,1.1320281340765348e-05,1.9052126280019616e-06,1,0
fp32,207,0,1,7.8776492435927992e-06,1.1407750143686861e-06,1,0
fp32,208,0,1,5.566660044475924e-06,7.9732899581162201e-07,1,0
fp32,209,0,1,1.5663798854426147e-05,1.6126879091563908e-06,1,0
fp32,210,0,1,3.3724728907280621e-06,4.2805630556368759e-07,1,0
fp32,211,0,1,1.7926668115286759e-05,5.1724184657243605e-07,1,0
fp32,212,0,1,9.3707123425268435e-06,1.3192307810851928e-06,1,0
fp32,213,0,1,4.0153302194312346e-06,1.8649911411002869e-06,1,0
fp32,214,0,0,2.109940211880712e-06,1.5654371449592791e-06,1,0
fp32,215,1,0,8.9635911937335777e-07,1.3935211809136066e-06,1,0
fp32,216,0,0,6.9568112337492494e-07,6.8229509697341494e-07,1,0
fp32,217,0,1,3.2929288567018489e-06,1.7249481626872357e-06,1,0
fp32,218,0,1,2.4118600161493475e-06,1.2172486747264213e-06,1,0
fp32,219,0,1,1.0713093838710108e-06,5.415595833967395e-07,1,0
fp32,220,0,1,2.1908308136531218e-06,1.0792130054282288e-06,1,0
fp32,221,0,1,1.1195724671786422e-06,5.465098095979702e-07,1,0
fp32,222,0,0,6.1961759545425821e-07,9.0039286022980219e-07,1,0
fp32,223,0,0,1.4102218504064012e-07,1.7547025686067518e-07,1,0
fp32,224,0,1,2.8639175280176232e-06,2.0641081992000575e-07,1,0
fp32,225,0,1,7.5071574561214049e-06,1.1845132582844005e-06,1,0
fp32,226,0,1,1.8000755797054069e-06,8.9154364052925951e-07,1,0
fp32,227,0,1,8.5144571309037076e-06,1.6185080708289023e-06,1,0
fp32,228,0,0,5.8420317605722971e-07,7.0064457152174743e-07,1,0
fp32,229,0,0,7.7998836989223719e-07,9.4434905750784282e-07,1,0
fp32,230,1,0,2.754277423910878e-07,2.6073627717054615e-07,1,0
fp32,231,0,0,4.6721661295379135e-07,6.1040356227837962e-07,1,0
fp32,232,0,0,1.4958782599272524e-06,1.1901402576677896e-06,1,0
fp32,233,0,0,2.6886369308698477e-07,3.2390448895952322e-07,1,0
fp32,234,0,0,6.011737632150016e-07,5.4018638789642565e-07,1,0
fp32,235,0,0,4.5406416759874446e-07,6.8257611749420657e-07,1,0
fp32,236,0,0,7.4913340730731193e-07,9.4750542072329403e-07,1,0
fp32,237,1,0,7.7326773206820576e-07,7.9803628693915365e-07,1,0
fp32,238,0,0,4.1461051658586712e-07,6.0517519610008463e-07,1,0
fp32,239,0,0,2.1852204001859832e-07,2.0199661803259917e-07,1,0
fp32,240,0,0,8.5668870841715261e-07,1.0634133121856237e-06,1,0
fp32,241,0,0,4.6130166886371171e-07,5.9886756729519276e-07,1,0
fp32,242,1,0,3.5173467072269204e-07,3.5394357840979106e-07,1,0
fp32,243,1,0,1.3614441316533998e-06,1.7402475577540058e-06,1,0
fp32,244,0,0,2.0977380055242634e-07,2.5977263085064095e-07,1,0
fp32,245,1,0,1.2870923544738844e-06,1.6458690070409802e-06,1,0
fp32,246,0,0,1.8435950499551268e-07,1.9394569905992136e-07,1,0
fp32,247,1,0,1.71945073290658e-06,1.9940976661109739e-06,1,0
fp32,248,1,0,5.4112052616517303e-08,5.8326115131009411e-08,1,0
fp32,249,0,0,1.2092437495780928e-07,1.3829659080974749e-07,1,0
fp32,250,0,0,3.2616582368305558e-07,3.9318915536787006e-07,1,0
fp32,251,0,0,9.8186938712885308e-07,1.1564455924927418e-06,1,0
fp32,252,0,0,4.8102649952141974e-07,5.5220412006654164e-07,1,0
fp32,253,1,0,6.2423829749747028e-07,6.1771962357310224e-07,1,0
fp32,254,0,0,1.1947290179392667e-07,1.3466340383893926e-07,1,0
fp32,255,1,0,4.1465447520039334e-08,5.1541468558090099e-08,1,0
fp32,256,0,0,1.0437428454856956e-06,1.3544972238309077e-06,1,0
fp32,257,1,0,2.2413555651468187e-06,1.9858654416534637e-06,1,0
fp32,258,1,0,7.8731232644457805e-07,8.7329039678936966e-07,1,0
fp32,259,0,0,2.819899052042274e-07,3.5025128722095576e-07,1,0
fp32,260,1,0,4.0589716032712886e-07,4.8373454194035804e-07,1,0
fp32,261,1,0,1.2617841886886083e-06,1.5352974364721541e-06,1,0
fp32,262,0,0,1.0912365233650689e-08,6.9707999705848067e-08,1,0
fp32,263,0,0,1.1344412582658947e-06,1.8651895756782721e-06,1,0
fp32,264,0,0,8.3979523157751146e-07,1.3501177318353541e-06,1,0
fp32,265,1,0,1.2497302885883244e-06,1.5487455175085759e-06,1,0
fp32,266,0,0,5.7148301069176455e-07,4.9989639635530589e-07,1,0
fp32,267,0,0,6.0496500786655361e-07,7.3052002591251859e-07,1,0
fp32,268,0,0,1.2673881810698617e-07,1.6442705942113943e-07,1,0
fp32,269,0,0,1.8001980035542431e-06,1.5794886279445834e-06,1,0
fp32,270,0,0,2.877271905177281e-07,1.0780338308702397e-06,1,0
fp32,271,0,0,6.3654193160900263e-07,1.7550466940852161e-06,1,0
fp32,272,1,0,1.0993232879563664e-06,1.4573580542725666e-06,1,0
fp32,273,0,0,1.4900791400762614e-06,1.7695078108274645e-06,1,0
fp32,274,0,0,5.5910698293359928e-08,5.7602072608334184e-08,1,0
fp32,275,1,0,1.2065139536332481e-06,9.8773165970455401e-07,1,0
fp32,276,0,0,8.749013353792634e-07,1.0070492038564252e-06,1,0
fp32,277,0,0,6.2208718487610781e-07,8.4079545858983806e-07,1,0
fp32,278,0,0,7.6513128721700241e-08,8.9956343015863023e-08,1,0
fp32,279,0,0,8.4762027663387585e-07,1.0207574471507699e-06,1,0
fp32,280,0,0,7.3354198670827486e-07,9.0689612007213921e-07,1,0
fp32,281,1,0,1.9155549400018401e-06,1.7584091016529367e-06,1,0
fp32,282,0,0,9.5181498593888136e-07,1.1837368909734678e-06,1,0
fp32,283,1,0,6.2538499712161411e-08,7.5539882489150736e-08,1,0
fp32,284,0,0,7.5422154877102798e-07,1.0054773861542964e-06,1,0
fp32,285,0,0,1.4938063652714106e-06,1.8348559860886092e-06,1,0
fp32,286,1,0,9.3276163060096451e-07,8.5488099226357922e-07,1,0
fp32,287,1,0,9.2093924264347038e-07,9.6726022986968629e-07,1,0
fp32,288,0,0,4.1883283197208243e-07,3.987072007500002e-07,1,0
fp32,289,0,0,6.6331534664954006e-07,9.0773022613627539e-07,1,0
fp32,290,1,0,1.6217799330142668e-06,1.9051299614348724e-06,1,0
fp32,291,1,0,9.6499311119657705e-07,1.1418902504001937e-06,1,0
fp32,292,0,0,1.5678099627436382e-06,1.842544320764735e-06,1,0
fp32,293,0,0,1.7155821288028505e-06,1.9421985224493092e-06,1,0
fp32,294,0,0,2.6191809610054406e-08,3.51143447541169e-07,1,0
fp32,295,0,0,1.1849414827125315e-07,1.3193691562376076e-07,1,0
fp32,296,1,0,1.1147532901212287e-06,1.2143960588524678e-06,1,0
fp32,297,0,0,9.6209248656720092e-07,1.1014826670207263e-06,1,0
fp32,298,0,0,1.5486151387911207e-06,1.3831819677167452e-06,1,0
fp32,299,0,0,1.6920337047032774e-06,1.5533491043779745e-06,1,0
fp32,300,1,0,3.784797106831661e-07,4.3628383869380404e-07,1,0
fp32,301,0,0,1.2993805587058205e-07,3.1812982315138072e-07,1,0
fp32,302,1,0,1.7131447371809827e-08,2.0416682772591256e-08,1,0
fp32,303,1,0,7.545105709105826e-07,7.6787268104213681e-07,1,0
fp32,304,0,0,1.4950911970679215e-06,1.8287755080539383e-06,1,0
fp32,305,0,0,3.0117042193467114e-07,1.3921404496963774e-06,1,0
fp32,306,0,0,2.4837306256131342e-07,2.8103179356221363e-07,1,0
fp32,307,0,0,2.2701509161393574e-07,2.1298081350908372e-07,1,0
fp32,308,1,0,1.204380127184379e-06,1.5590894572775115e-06,1,0
fp32,309,0,0,4.0507150922408641e-07,3.7845633995053944e-07,1,0
fp32,310,1,0,1.9267852469084801e-07,2.4094325608930675e-07,1,0
fp32,311,0,0,1.9013605716544646e-06,1.7436083658100897e-06,1,0
fp32,312,1,0,7.1460044859250615e-07,8.5434228152999844e-07,1,0
fp32,313,0,0,1.6707808212501618e-06,1.6553327292016968e-06,1,0
fp32,314,0,0,4.9685957037581829e-07,5.6961254439427615e-07,1,0
fp32,315,0,0,4.2165449265496591e-07,4.9781478233299826e-07,1,0
fp32,316,0,0,6.2720348381617441e-07,5.7520461502413136e-07,1,0
fp32,317,0,0,1.0820740259376294e-07,1.2698896064246265e-07,1,0
fp32,318,0,0,8.8500613770747805e-07,9.8364783729950957e-07,1,0
fp32,319,0,0,8.948383571905083e-07,1.6268356157755903e-06,1,0
fp32,320,1,0,4.2516832721162245e-07,4.2749063993594702e-07,1,0
fp32,321,0,0,1.0324695720598243e-06,1.473556662362581e-06,1,0
fp32,322,0,0,7.1686149905048069e-07,8.6212993052718072e-07,1,0
fp32,323,1,0,5.0222672998145867e-07,4.628190924295042e-07,1,0
fp32,324,0,0,2.20648888493713e-07,2.841374550130373e-07,1,0
fp32,325,1,0,3.3840486457492602e-07,4.0534897029095495e-07,1,0
fp32,326,0,0,3.0647143578477198e-07,3.5950364712665769e-07,1,0
fp32,327,0,0,5.6458151131977274e-07,4.962128847839445e-07,1,0
fp32,328,0,0,1.1027468609370317e-06,1.3238934262359855e-06,1,0
fp32,329,1,0,1.2203700219259872e-06,1.1184757800981116e-06,1,0
fp32,330,0,0,5.6468958486988186e-07,5.0745854908537266e-07,1,0
fp32,331,1,0,1.2402910791742272e-06,1.5416782716184385e-06,1,0
fp32,332,0,0,1.352960035116979e-06,1.5737536314124728e-06,1,0
fp32,333,0,0,2.82218936664691e-07,2.5653733732539805e-07,1,0
fp32,334,0,0,1.9544326912424026e-07,2.3283965137106758e-07,1,0
fp32,335,0,0,4.3765700841191801e-07,5.612815627223938e-07,1,0
fp32,336,0,0,7.510352002526588e-07,6.9035156982103164e-07,1,0
fp32,337,1,0,1.351529833382159e-06,1.6900837339465971e-06,1,0
fp32,338,0,0,1.2884053348649616e-06,1.6293153603875144e-06,1,0
fp32,339,0,0,2.0079905738157322e-08,5.9817328312838924e-08,1,0
fp32,340,0,0,6.4253759957111356e-07,9.5689906452808893e-07,1,0
fp32,341,0,0,1.6048091522335994e-07,2.6549936071873503e-07,1,0
fp32,342,1,0,6.17921915413433e-07,5.7304210854204595e-07,1,0
fp32,343,0,0,1.0377204029410336e-07,9.5148348664550476e-08,1,0
fp32,344,0,0,9.8566137474165316e-09,4.9914629207670203e-08,1,0
fp32,345,0,0,1.0762743087866511e-06,1.2592028358119744e-06,1,0
fp32,346,1,0,1.0602675981630227e-06,1.2290761186746012e-06,1,0
fp32,347,1,0,4.849575008236684e-08,4.2967699852648913e-08,1,0
fp32,348,1,0,4.6751867888161769e-07,5.4195380093024999e-07,1,0
fp32,349,0,0,1.1988319714717477e-07,1.7745094021960765e-07,1,0
fp32,350,1,0,5.2519077975432538e-07,6.1632249193030961e-07,1,0
fp32,351,0,0,1.0766189975086604e-06,1.2455587922760656e-06,1,0
fp32,352,1,0,4.3311197561735071e-07,5.0654326281128462e-07,1,0
fp32,353,0,0,8.806707434416694e-07,1.099595240188098e-06,1,0
fp32,354,0,0,3.2847699671378905e-07,5.6705384413833203e-07,1,0
fp32,355,0,0,1.8547793816381386e-06,1.552747491938615e-06,1,0
fp32,356,1,0,2.8967016030279069e-07,2.8664527433984418e-07,1,0
fp32,357,0,0,1.3035157175877998e-07,1.2422846234210496e-07,1,0
fp32,358,0,0,9.2769964155081652e-08,1.1888542339466568e-07,1,0
fp32,359,0,0,4.714000620964498e-07,6.9831216655956143e-07,1,0
fp32,360,0,0,4.8637937055673319e-07,5.9533689471540079e-07,1,0
fp32,361,0,0,2.1734019917118985e-07,2.5453973920527998e-07,1,0
fp32,362,0,0,7.3395011668253574e-07,8.7726896360497932e-07,1,0
fp32,363,0,0,1.807078461535383e-06,1.4763192492125218e-06,1,0
fp32,364,1,0,2.7342234698579659e-08,2.6016060279584468e-08,1,0
fp32,365,0,0,8.3381225302048279e-07,1.5932170004395729e-06,1,0
fp32,366,0,0,1.1763018608057507e-06,1.5243306165228523e-06,1,0
fp32,367,0,0,4.9599325091520541e-07,6.2897136027014592e-07,1,0
fp32,368,0,0,1.7464609305406498e-06,1.626690369448154e-06,1,0
fp32,369,1,0,5.5259991249556606e-07,5.2913500099030725e-07,1,0
fp32,370,1,0,7.6440818119749565e-08,1.0125088859291632e-07,1,0
fp32,371,0,0,1.163428022810109e-06,1.7057067606129905e-06,1,0
fp32,372,0,0,1.2570615379736694e-06,9.9364102108788766e-07,1,0
fp32,373,1,0,6.6558993383480924e-07,5.7388752927085106e-07,1,0
fp32,374,0,1,9.7085992578627156e-08,4.6381815718791321e-08,1,0
fp32,375,0,0,4.3540731597957461e-07,4.7012677099505696e-07,1,0
fp32,376,0,0,1.0544148842939194e-06,1.2773384289253781e-06,1,0
fp32,377,1,0,1.3319350422591469e-07,1.636012874335299e-07,1,0
fp32,378,0,1,4.9629554688124244e-08,2.3741169661648654e-08,1,0
fp32,379,0,1,2.4709542398859696e-06,3.4222859053780418e-07,1,0
fp32,380,0,1,1.3695556444481838e-05,1.0781960816779988e-06,1,0
fp32,381,0,1,8.0866388785238996e-07,1.2537817819030843e-07,1,0
fp32,382,1,0,6.2758589436384682e-07,8.3504567151294433e-07,1,0
fp32,383,0,1,1.0400580993774611e-05,1.8235212225843131e-06,1,0
fp32,384,0,1,1.0917222733386467e-05,1.8601224440733832e-06,1,0
fp32,385,0,1,3.5526740109759203e-06,1.648305039243859e-06,1,0
fp32,386,0,1,1.3620897290067546e-06,7.0304977818989274e-07,1,0
fp32,387,0,0,9.4938259387333801e-07,1.3630711021887832e-06,1,0
fp32,388,0,1,7.7941039440254656e-06,1.1701097444623309e-06,1,0
fp32,389,0,1,3.5402191462807764e-06,1.7214371612149214e-06,1,0
fp32,390,0,0,1.8771085930069376e-07,1.8366904519882506e-07,1,0
fp32,391,0,1,6.0586536352325027e-06,7.7262734986362359e-07,1,0
fp32,392,0,1,3.2477819660314822e-06,1.5871091208702656e-06,1,0
fp32,393,0,1,1.0651511289871962e-05,9.1407821636134714e-07,1,0
fp32,394,0,1,1.7091496129495454e-06,8.5467063537084155e-07,1,0
fp32,395,0,1,4.8743976923226739e-05,1.1622131918678869e-06,1,0
fp32,396,0,1,5.7196843261664299e-07,3.9499712201005636e-07,1,0
fp32,397,0,1,6.418910523109389e-07,2.9754925699757634e-07,1,0
fp32,398,1,0,2.6990592516540346e-07,3.4410203955166732e-07,1,0
fp32,399,0,1,3.6654624944176817e-06,1.9270657872372139e-06,1,0
fp32,400,0,1,7.200542371244012e-06,1.3292041887025169e-06,1,0
fp32,401,1,0,1.4648947210815777e-06,9.7207380605649565e-07,1,0
fp32,402,0,0,1.7752909848844922e-06,1.8079020413009933e-06,1,0
fp32,403,0,1,3.9551315778041385e-07,1.9692019981870208e-07,1,0
fp32,404,0,0,1.9039389864694556e-06,1.1012941775375412e-06,1,0
fp32,405,0,1,4.0456845442626843e-06,5.929998663847983e-07,1,0
fp32,406,0,1,5.4641159450419252e-06,8.8883722117129176e-07,1,0
fp32,407,0,1,1.5109070918839507e-05,2.0455379098126099e-06,1,0
fp32,408,0,1,1.5386404115247387e-06,7.5897845652357748e-07,1,0
fp32,409,0,1,3.9597182666106789e-06,6.1803486748743348e-07,1,0
fp32,410,0,1,7.3956218975546051e-06,1.3351728731906763e-06,1,0
fp32,411,0,1,6.3574093189799896e-07,7.0567472340303789e-08,1,0
fp32,412,0,0,1.4185417693823865e-06,1.9749588431451218e-06,1,0
fp32,413,0,0,3.7668462571360806e-08,5.2871306830248985e-08,1,0
fp32,414,0,1,1.8136750079555952e-06,8.5624063598643294e-07,1,0
fp32,415,0,0,5.0170144483274726e-07,5.3609831213163872e-07,1,0
fp32,416,0,0,1.2970171248127826e-07,9.6387361203436337e-08,1,0
fp32,417,0,0,2.2907955532502911e-09,3.1956637548838278e-09,1,0
fp32,418,1,0,1.1266295705247842e-06,1.6933706919702723e-06,1,0
fp32,419,1,0,1.3844324939782382e-06,9.1355715812764061e-07,1,0
fp32,420,0,1,7.391331541928281e-06,1.1519088650441948e-06,1,0
fp32,421,0,1,3.0171729537009639e-06,1.4632766643268489e-06,1,0
fp32,422,0,1,1.1147343847994762e-07,5.3365329265482292e-08,1,0
fp32,423,0,0,6.9703152094646725e-07,8.5102636786769655e-07,1,0
fp32,424,0,0,1.6356799203975925e-07,2.3500882177915085e-07,1,0
fp32,425,0,0,1.7566229644216946e-06,1.8468894151801862e-06,1,0
fp32,426,0,1,1.7082905445775509e-07,8.244815837699879e-08,1,0
fp32,427,0,0,4.4325660608635076e-07,6.4611332346000855e-07,1,0
fp32,428,0,0,7.6439763851965381e-08,1.0210251318049273e-07,1,0
fp32,429,0,1,8.784672985040487e-06,6.4713080819428391e-07,1,0
fp32,430,0,1,2.5400948926446176e-06,1.3323575896026829e-06,1,0
fp32,431,0,1,8.7499978875804629e-06,1.7304373017859641e-06,1,0
fp32,432,1,0,2.4562332341382387e-06,1.4349688437479983e-06,1,0
fp32,433,0,1,1.6052223874574167e-06,8.4410538835277478e-07,1,0
fp32,434,0,1,4.0728506363052475e-06,6.378458765897968e-07,1,0
fp32,435,0,1,2.5900404314604941e-06,1.3046461133128731e-06,1,0
fp32,436,0,1,1.6980709660607829e-06,8.5383319064334174e-07,1,0
fp32,437,0,1,1.2667135318444878e-06,1.3668759379539159e-07,1,0
fp32,438,0,1,4.5104033818965661e-06,7.1685722218911049e-07,1,0
fp32,439,0,1,5.5332535811025707e-06,7.2123812096550403e-07,1,0
fp32,440,0,1,1.1662409975521371e-06,5.7547630338239795e-07,1,0
fp32,441,0,1,3.5637045203706919e-06,5.1695287550491563e-07,1,0
fp32,442,0,1,8.7093912393143569e-07,4.0000432453413416e-07,1,0
fp32,443,0,1,6.5877358883525972e-06,7.4705922119237463e-07,1,0
fp32,444,0,1,1.1859873803032883e-06,5.6069478006882492e-07,1,0
fp32,445,0,1,4.5281721208212389e-06,7.9596086800569451e-07,1,0
fp32,446,0,1,6.9502092987505648e-06,1.9129284457821985e-07,1,0
fp32,447,0,1,3.1473646351365403e-06,4.264395419980284e-07,1,0
fp32,448,1,0,1.2019112345384997e-06,1.7520986305647548e-06,1,0
fp32,449,0,1,7.9397084196131118e-07,3.9251759299754188e-07,1,0
fp32,450,0,0,1.0038255662259132e-06,7.4962567152507185e-07,1,0
fp32,451,0,1,1.5394067660601252e-06,7.4036537457004047e-07,1,0
fp32,452,0,1,2.4419576281076161e-06,1.2705119641544653e-06,1,0
fp32,453,0,0,5.4373503655114064e-07,1.3981176452126931e-06,1,0
fp32,454,0,1,2.3355530678337288e-06,1.0884149886638542e-06,1,0
fp32,455,0,1,1.6732322058565785e-05,1.5072844348400814e-06,1,0
fp32,456,0,1,1.2976401856601427e-05,1.0074450707379543e-06,1,0
fp32,457,0,1,8.823461619122952e-07,4.3523841146528111e-07,1,0
fp32,458,0,1,1.6831296637320747e-05,1.4776682774261773e-06,1,0
fp32,459,0,1,1.6789730361566058e-06,3.2001382877869288e-07,1,0
fp32,460,0,1,1.2612218270202646e-05,1.1385864030178003e-06,1,0
fp32,461,0,0,3.8272463376287646e-07,3.5040802262954839e-07,1,0
fp32,462,0,1,8.1329240915195555e-06,1.617996960817272e-06,1,0
fp32,463,0,1,7.6606465504447385e-06,1.0948154652576581e-06,1,0
fp32,464,0,1,1.0834489089450727e-05,2.0429543756946224e-06,1,0
fp32,465,0,1,2.0623166285815842e-08,1.0298850196461955e-08,1,0
fp32,466,0,0,7.4029925745122682e-08,1.0835394068922196e-07,1,0
fp32,467,0,0,1.1890001960779273e-07,1.8429658486873531e-07,1,0
fp32,468,0,0,6.345412106867343e-07,5.6088989862973542e-07,1,0
fp32,469,0,0,1.8825100589481281e-08,4.8976527389221758e-08,1,0
fp32,470,0,1,9.5430647784056077e-07,4.5871601976964461e-07,1,0
fp32,471,0,1,7.0779692196154542e-07,3.6787910223227476e-07,1,0
fp32,472,0,1,1.2617945559512123e-06,2.2177727796832781e-07,1,0
fp32,473,0,1,1.6598089316310904e-06,2.9901067331458955e-07,1,0
fp32,474,0,1,9.3416509550081628e-07,4.7397503688656689e-07,1,0
fp32,475,0,1,3.5194463507970397e-06,1.6120862791359622e-06,1,0
fp32,476,0,1,1.6799385766930186e-06,8.0405891889664283e-07,1,0
fp32,477,1,0,3.2374179159688765e-07,3.8090479179872294e-07,1,0
fp32,478,0,1,1.303966729260253e-06,6.4341360554792038e-07,1,0
fp32,479,0,1,5.0313692057102344e-06,9.754514680867268e-07,1,0
fp32,480,0,1,2.0339752162534808e-06,3.2047654861144497e-07,1,0
fp32,481,1,0,3.1409168599338955e-09,3.857981538285979e-09,1,0
fp32,482,0,1,9.6162053151438442e-06,3.8851902501201696e-07,1,0
fp32,483,0,1,4.31061074479544e-06,2.8659704186182103e-07,1,0
fp32,484,0,1,1.1476709560476195e-05,1.6049140458132762e-06,1,0
fp32,485,0,0,1.7436654831115561e-07,1.3964821737877386e-06,1,0
fp32,486,0,0,1.2953037349383578e-06,1.5981126865413399e-06,1,0
fp32,487,0,1,3.5386189192188056e-06,6.4489351514602238e-07,1,0
fp32,488,0,1,1.1509128219344689e-06,5.578865651692851e-07,1,0
fp32,489,0,1,3.6901143865009089e-06,1.8565231881852742e-06,1,0
fp32,490,0,1,7.1700320347645174e-07,3.4893341573438354e-07,1,0
fp32,491,0,1,2.4718245184018883e-07,1.2893174520571488e-07,1,0
fp32,492,0,1,1.1514242106436257e-06,6.0170094315966182e-07,1,0
fp32,493,0,0,3.4520407687921306e-07,4.0719036953351662e-07,1,0
fp32,494,0,1,2.055827074354255e-06,1.0077341809658041e-06,1,0
fp32,495,0,0,1.4048033154523409e-06,1.8460207770121175e-06,1,0
fp32,496,0,0,5.7711040879482312e-07,6.9605054092686383e-07,1,0
fp32,497,0,0,6.1153198460672797e-07,7.9256883968505556e-07,1,0
fp32,498,0,0,2.021124664963736e-06,1.6687811237709021e-06,1,0
fp32,499,0,0,1.1948736693412343e-06,1.5968779187036284e-06,1,0
fp32,500,1,0,7.4748067335761448e-07,9.2911734448967657e-07,1,0
fp32,501,1,0,1.360556000307156e-06,1.6041288793316241e-06,1,0
fp32,502,0,0,7.8689192761771665e-07,9.26512864076091e-07,1,0
fp32,503,0,0,1.2575553962612673e-06,1.4792352258652386e-06,1,0
fp32,504,0,0,1.6677220839866891e-06,1.9229521447441893e-06,1,0
fp32,505,1,0,1.3071880315962403e-06,1.628928937025926e-06,1,0
fp32,506,0,0,6.389085185354304e-07,5.2000540090130351e-07,1,0
fp32,507,1,0,1.8841887925447054e-06,1.4795235050318789e-06,1,0
fp32,508,0,0,1.0900124491897145e-07,1.3408016235046838e-07,1,0
fp32,509,0,0,7.7453283786610427e-08,1.0164723590541636e-07,1,0
fp32,510,1,0,8.2381173172052513e-07,9.3330765453110548e-07,1,0
fp32,511,0,0,9.2244388794071597e-07,1.1473523600203688e-06,1,0
fp32,512,0,0,6.2689055058129384e-07,8.0925534887968209e-07,1,0
fp32,513,0,0,5.7096989181104618e-07,6.9538963551128691e-07,1,0
fp32,514,0,0,3.3963059919983607e-07,7.9949732267881046e-07,1,0
fp32,515,1,0,1.9452776442996367e-06,1.8415166171631884e-06,1,0
fp32,516,0,0,3.7089813487156675e-07,4.612140231874122e-07,1,0
fp32,517,1,0,1.9309686374313628e-06,1.6598940158473438e-06,1,0
fp32,518,0,0,1.1950788536552182e-07,1.0726407973806472e-07,1,0
fp32,519,1,0,8.2260587008775587e-07,1.0526326056961513e-06,1,0
fp32,520,1,0,5.2476224077224742e-07,4.3396018680753616e-07,1,0
fp32,521,0,0,5.8270505975954734e-07,6.7412081152253339e-07,1,0
fp32,522,0,1,1.6369127129323147e-06,7.8845911505472402e-07,1,0
fp32,523,0,0,4.8441127820098018e-07,3.833039898667125e-07,1,0
fp32,524,1,0,2.3320726629805222e-06,1.7058921267409565e-06,1,0
fp32,525,0,0,1.780152563135573e-07,2.2014057724386596e-07,1,0
fp32,526,0,0,6.5144231031766253e-07,8.3251541679229862e-07,1,0
fp32,527,0,0,8.8220021376983482e-07,1.3029450661727893e-06,1,0
fp32,528,0,0,1.4029700778905863e-07,3.045919546584841e-07,1,0
fp32,529,0,0,1.0062177251413118e-06,1.0373084572382177e-06,1,0
fp32,530,0,0,9.863777350460623e-08,1.2512341145954455e-07,1,0
fp32,531,0,0,3.6676525816403682e-08,4.3379201757425916e-08,1,0
fp32,532,0,0,1.211679290236134e-06,1.4101149323356591e-06,1,0
fp32,533,0,0,1.5340228407545453e-06,1.2584024579580277e-06,1,0
fp32,534,0,0,1.0692411658297374e-06,1.0485742640462262e-06,1,0
fp32,535,1,0,7.9443298828252296e-07,8.9091884352284514e-07,1,0
fp32,536,0,0,1.3236826066354013e-06,1.1128414650039124e-06,1,0
fp32,537,0,0,6.7899626321477058e-07,1.064069211298424e-06,1,0
fp32,538,0,0,7.8864864505590049e-07,9.7881886373940574e-07,1,0
fp32,539,0,0,1.5965665340900159e-06,1.4903322713855349e-06,1,0
fp32,540,1,0,1.4563590839955509e-06,1.5619573607493219e-06,1,0
fp32,541,0,0,1.1490265863223215e-06,9.1927154457683297e-07,1,0
fp32,542,1,0,1.2582601938149196e-06,1.5713864331544168e-06,1,0
fp32,543,1,0,7.5086587791872716e-07,9.7787520674713774e-07,1,0
fp32,544,1,0,2.0968287741673919e-06,1.7114537471651804e-06,1,0
fp32,545,1,0,7.5443656166740425e-07,6.9764267090125332e-07,1,0
fp32,546,1,0,5.4482373323949673e-07,5.7317866422275598e-07,1,0
fp32,547,0,0,1.205760083333729e-06,1.1485304195073389e-06,1,0
fp32,548,1,0,1.0758677140287887e-06,8.3652932734534701e-07,1,0
fp32,549,0,0,9.4135935535533122e-07,1.267728347620822e-06,1,0
fp32,550,0,0,1.1061979203752514e-06,1.3056452875182676e-06,1,0
fp32,551,0,0,1.2119377288399846e-06,1.6198616349672713e-06,1,0
fp32,552,0,0,4.0535712564349069e-07,4.6764783107145703e-07,1,0
fp32,553,0,0,8.0079461062254609e-07,9.2689442529836584e-07,1,0
fp32,554,0,0,1.1740694518813655e-06,1.4880298851520594e-06,1,0
fp32,555,1,0,5.5716491997870321e-07,6.7979452084666148e-07,1,0
fp32,556,0,0,1.2296676268341855e-06,1.4465901760210903e-06,1,0
fp32,557,0,0,1.9346247968066166e-06,1.8426524724038587e-06,1,0
fp32,558,1,0,1.3611858258322229e-06,1.6273677679972639e-06,1,0
fp32,559,0,0,1.0009296680379975e-07,1.2178311219855194e-07,1,0
fp32,560,1,0,1.1944654292328494e-06,1.5373874649402584e-06,1,0
fp32,561,1,0,1.0533437539983481e-06,1.1685368579964422e-06,1,0
fp32,562,0,0,2.4590905809418473e-06,1.9660645714570747e-06,1,0
fp32,563,0,0,9.0780993922123798e-07,1.2375371145870679e-06,1,0
fp32,564,0,0,8.1336204216242436e-07,9.6376718540581673e-07,1,0
fp32,565,0,0,1.6006240093346946e-06,1.2828489559492889e-06,1,0
fp32,566,0,0,3.4146770122589487e-07,3.9419986488452957e-07,1,0
fp32,567,1,0,7.2618083191144933e-07,9.4827194937011474e-07,1,0
fp32,568,1,0,2.5998278063710245e-07,3.0684653097809947e-07,1,0
fp32,569,0,0,9.7354779349245746e-08,1.6445963590960844e-07,1,0
fp32,570,0,0,9.1195335016891477e-07,1.0193242176859779e-06,1,0
fp32,571,0,0,5.5969545531553422e-07,6.4489286527874522e-07,1,0
fp32,572,0,0,7.3061497962711996e-07,9.0267269861008344e-07,1,0
fp32,573,0,0,9.6571114527321811e-07,1.0471536997442675e-06,1,0
fp32,574,0,0,5.7623859373023834e-07,6.8198289409202397e-07,1,0
fp32,575,1,0,3.4898933165550261e-07,3.9359551422322691e-07,1,0
fp32,576,0,0,5.879172437772695e-08,1.7205337810022314e-07,1,0
fp32,577,0,0,3.2360983848178648e-07,3.9021492201043387e-07,1,0
fp32,578,0,0,9.5199043048665999e-07,1.3592778116411353e-06,1,0
fp32,579,1,0,1.2336922283751051e-07,1.1306848590859324e-07,1,0
fp32,580,0,0,1.5532392882988688e-07,1.7277171395392517e-07,1,0
fp32,581,0,0,1.0476214145072049e-06,1.2000896961890443e-06,1,0
fp32,582,0,0,6.3223374002774335e-07,8.6701851143011766e-07,1,0
fp32,583,0,0,2.7953925396673185e-07,3.2405202352861074e-07,1,0
fp32,584,0,0,1.8065863471861121e-08,2.0054300429204451e-08,1,0
fp32,585,0,0,6.3127251248573657e-07,7.6823975212196586e-07,1,0
fp32,586,1,0,1.484140168983572e-06,1.7313753812179215e-06,1,0
fp32,587,0,0,6.7385692936738906e-07,6.2903266734780089e-07,1,0
fp32,588,0,0,7.963860100268505e-07,7.1352270935990243e-07,1,0
fp32,589,0,0,4.4336640003805883e-07,4.930101727895961e-07,1,0
fp32,590,0,0,7.1545483937285326e-07,6.5556613282012757e-07,1,0
fp32,591,0,0,2.5083141519388619e-07,4.2616121884320613e-07,1,0
fp32,592,0,0,3.1489018414987413e-07,3.017918467988071e-07,1,0
fp32,593,0,0,1.4449965242135931e-06,1.3091287578300937e-06,1,0
fp32,594,1,0,1.6116536039056939e-06,1.8849003291467815e-06,1,0
fp32,595,1,0,1.5159186910196354e-06,1.9326403876406576e-06,1,0
fp32,596,1,0,9.2045881583402434e-07,1.0856032453208858e-06,1,0
fp32,597,0,0,2.9513219557131265e-07,3.3863505963396164e-07,1,0
fp32,598,0,0,5.2760956048558683e-07,6.5436083119052602e-07,1,0
fp32,599,0,0,1.0943192370049815e-06,1.251997279503361e-06,1,0
fp32_df32_refine,0,1,0,4.4408920985006262e-16,6.9010264897958488e-16,1,1
fp32_df32_refine,1,0,0,4.4408920985006262e-16,3.0900134328451877e-16,1,1
fp32_df32_refine,2,0,0,0,3.1410739662839355e-17,1,1
fp32_df32_refine,3,0,0,0,5.9697028659660321e-17,1,1
fp32_df32_refine,4,0,0,8.8817841970012523e-16,1.0331987871653371e-15,1,1
fp32_df32_refine,5,0,0,8.8817841970012523e-16,6.6069447860017231e-16,1,1
fp32_df32_refine,6,0,0,3.5527136788005009e-15,5.440092820663267e-15,1,1
fp32_df32_refine,7,0,0,8.8817841970012523e-16,8.2398950054668613e-16,1,1
fp32_df32_refine,8,0,0,8.8817841970012523e-16,1.1102230246251565e-15,1,1
fp32_df32_refine,9,1,0,1.3633538742396922e-13,1.6054452185247127e-13,1,1
fp32_df32_refine,10,1,0,5.1514348342607263e-14,5.5397871246114809e-14,1,1
fp32_df32_refine,11,0,0,1.7763568394002505e-15,1.7410917819552524e-15,1,1
fp32_df32_refine,12,0,0,4.4408920985006262e-16,4.8933379777044165e-16,1,1
fp32_df32_refine,13,1,0,8.8817841970012523e-16,5.8162961940065308e-16,1,1
fp32_df32_refine,14,0,0,4.4408920985006262e-16,3.5390594392480912e-16,1,1
fp32_df32_refine,15,0,0,1.7763568394002505e-15,2.5330536154068201e-15,1,1
fp32_df32_refine,16,0,0,1.3322676295501878e-15,1.4805056801681312e-15,1,1
fp32_df32_refine,17,0,0,0,1.0982862973721914e-16,1,1
fp32_df32_refine,18,0,0,3.1086244689504383e-15,4.6629367034256575e-15,1,1
fp32_df32_refine,19,0,0,4.4408920985006262e-16,4.8109462963375993e-16,1,1
fp32_df32_refine,20,1,0,4.4408920985006262e-15,4.272947392827854e-15,1,1
fp32_df32_refine,21,1,0,4.4408920985006262e-16,2.6737819102970605e-16,1,1
fp32_df32_refine,22,1,0,1.7763568394002505e-15,1.6007883418340586e-15,1,1
fp32_df32_refine,23,0,0,4.4408920985006262e-16,4.1045170690996412e-16,1,1
fp32_df32_refine,24,1,0,1.3322676295501878e-15,1.1488786012706109e-15,1,1
fp32_df32_refine,25,0,0,0,2.6300236856263198e-16,1,1
fp32_df32_refine,26,0,0,0,2.4582627450265655e-16,1,1
fp32_df32_refine,27,1,0,0,8.7743033738609618e-17,1,1
fp32_df32_refine,28,1,0,1.1146639167236572e-13,1.1918706694704264e-13,1,1
fp32_df32_refine,29,0,0,8.8817841970012523e-16,1.1720641953786544e-15,1,1
fp32_df32_refine,30,0,0,1.7763568394002505e-15,1.1825009407145047e-15,1,1
fp32_df32_refine,31,0,0,4.4408920985006262e-16,7.6592246423997667e-16,1,1
fp32_df32_refine,32,0,0,1.3322676295501878e-15,1.1214353699925393e-15,1,1
fp32_df32_refine,33,1,0,4.4408920985006262e-16,2.6515623453888629e-16,1,1
fp32_df32_refine,34,0,0,4.4408920985006262e-16,3.2326829875404043e-16,1,1
fp32_df32_refine,35,1,0,5.773159728050814e-15,7.3573657428743447e-15,1,1
fp32_df32_refine,36,1,0,8.8817841970012523e-16,1.0444598199121142e-15,1,1
fp32_df32_refine,37,1,0,6.0529359302563535e-13,5.3293360577355709e-13,1,1
fp32_df32_refine,38,0,0,8.8817841970012523e-16,9.485769492618795e-16,1,1
fp32_df32_refine,39,0,0,5.773159728050814e-15,8.992806499463768e-15,1,1
fp32_df32_refine,40,1,0,8.8817841970012523e-16,1.0701425460047956e-15,1,1
fp32_df32_refine,41,0,0,4.4408920985006262e-16,3.9610246881391008e-16,1,1
fp32_df32_refine,42,1,0,4.4408920985006262e-16,5.3429356788565654e-16,1,1
fp32_df32_refine,43,0,0,1.3322676295501878e-15,1.4936941554086986e-15,1,1
fp32_df32_refine,44,0,0,4.4408920985006262e-16,1.9010821539302113e-16,1,1
fp32_df32_refine,45,0,0,0,1.1102230246251565e-16,1,1
fp32_df32_refine,46,0,0,4.4408920985006262e-16,5.6750775491939324e-16,1,1
fp32_df32_refine,47,0,0,8.8817841970012523e-16,8.9871053794521087e-16,1,1
fp32_df32_refine,48,0,0,4.4408920985006262e-16,4.6276430057429987e-16,1,1
fp32_df32_refine,49,1,0,0,1.7619582934903952e-16,1,1
fp32_df32_refine,50,1,0,4.4408920985006262e-16,5.2254025915434275e-16,1,1
fp32_df32_refine,51,1,0,8.8817841970012523e-16,1.2859494938748712e-15,1,1
fp32_df32_refine,52,1,0,4.4408920985006262e-16,5.4764076908289173e-16,1,1
fp32_df32_refine,53,1,0,0,2.0850812668719786e-16,1,1
fp32_df32_refine,54,1,0,0,3.1806982454503487e-16,1,1
fp32_df32_refine,55,1,0,4.4408920985006262e-16,9.4171183099032231e-16,1,1
fp32_df32_refine,56,0,0,4.4408920985006262e-16,5.0102775960002019e-16,1,1
fp32_df32_refine,57,0,0,4.4408920985006262e-16,7.7715611723760958e-16,1,1
fp32_df32_refine,58,1,0,1.7763568394002505e-15,3.913850234959452e-15,1,1
fp32_df32_refine,59,1,0,4.4408920985006262e-16,4.5398122532379655e-16,1,1
fp32_df32_refine,60,1,0,8.8817841970012523e-16,2.4230857909201061e-15,1,1
fp32_df32_refine,61,1,0,8.8817841970012523e-16,7.6089648482326216e-16,1,1
fp32_df32_refine,62,1,0,0,3.1807382916940891e-16,1,1
fp32_df32_refine,63,1,0,7.5495165674510645e-15,1.410485891181305e-14,1,1
fp32_df32_refine,64,0,0,8.8817841970012523e-16,1.0916463990508094e-15,1,1
fp32_df32_refine,65,0,0,4.4408920985006262e-16,3.9840858305987653e-16,1,1
fp32_df32_refine,66,0,0,0,1.7342021759109832e-17,1,1
fp32_df32_refine,67,0,0,0,1.0514427222686335e-16,1,1
fp32_df32_refine,68,1,0,0,1.8376092918609755e-16,1,1
fp32_df32_refine,69,1,0,0,3.3817214299759787e-17,1,1
fp32_df32_refine,70,0,0,0,5.7619927455867365e-16,1,1
fp32_df32_refine,71,0,0,4.4408920985006262e-16,2.8973798943868343e-16,1,1
fp32_df32_refine,72,0,0,4.4408920985006262e-16,1.5055091197391178e-15,1,1
fp32_df32_refine,73,0,0,4.4408920985006262e-16,4.6094598646146793e-16,1,1
fp32_df32_refine,74,1,0,5.6843418860808015e-14,4.9357966386016292e-13,1,1
fp32_df32_refine,75,0,0,0,3.6079104556734433e-16,1,1
fp32_df32_refine,76,1,0,1.3988810110276972e-13,3.0493272449332522e-13,1,1
fp32_df32_refine,77,0,0,0,2.1743551858294349e-17,1,1
fp32_df32_refine,78,0,0,0,1.2318622246073689e-16,1,1
fp32_df32_refine,79,1,0,4.4408920985006262e-16,6.4621779886902874e-16,1,1
fp32_df32_refine,80,0,0,0,2.6273279597805679e-16,1,1
fp32_df32_refine,81,1,0,0,1.8428788426438565e-17,1,1
fp32_df32_refine,82,0,0,0,1.4171316922749199e-16,1,1
fp32_df32_refine,83,1,0,3.3928415632544784e-13,2.9394724407348166e-12,1,1
fp32_df32_refine,84,1,0,2.4868995751603507e-14,7.2293265423945222e-14,1,1
fp32_df32_refine,85,0,0,4.4408920985006262e-16,1.0332905964685464e-15,1,1
fp32_df32_refine,86,1,0,0,7.541353678859647e-16,1,1
fp32_df32_refine,87,1,0,4.4408920985006262e-16,8.7142661051847475e-16,1,1
fp32_df32_refine,88,0,0,0,1.4333860455625687e-16,1,1
fp32_df32_refine,89,0,0,0,5.7245874707234634e-17,1,1
fp32_df32_refine,90,0,0,4.4408920985006262e-16,6.1779896306173946e-16,1,1
fp32_df32_refine,91,0,1,7.9936057773011271e-15,7.2818902490347664e-16,1,1
fp32_df32_refine,92,1,0,4.4408920985006262e-16,8.3136988396416416e-16,1,1
fp32_df32_refine,93,0,1,8.8817841970012523e-16,1.6915294664757703e-16,1,1
fp32_df32_refine,94,1,0,2.48245868306185e-13,2.2324038147711736e-13,1,1
fp32_df32_refine,95,0,1,3.1086244689504383e-15,3.964478735440934e-16,1,1
fp32_df32_refine,96,1,0,4.4408920985006262e-16,5.7644761454438605e-16,1,1
fp32_df32_refine,97,0,0,0,1.5212062047986871e-17,1,1
fp32_df32_refine,98,0,0,4.4408920985006262e-16,5.8314650897300985e-16,1,1
fp32_df32_refine,99,1,0,0,4.1152480351304004e-17,1,1
fp32_df32_refine,100,0,0,0,8.3266726846886741e-17,1,1
fp32_df32_refine,101,0,1,5.5067062021407764e-14,5.459628699465483e-15,1,1
fp32_df32_refine,102,0,1,8.8817841970012523e-16,3.0094326282442972e-16,1,1
fp32_df32_refine,103,0,1,0,9.0098541286811261e-17,1,1
fp32_df32_refine,104,0,0,4.4408920985006262e-16,5.8286708792820718e-16,1,1
fp32_df32_refine,105,0,1,1.7763568394002505e-15,5.5585768250939577e-17,1,1
fp32_df32_refine,106,0,1,4.8849813083506888e-15,6.3735087745282753e-16,1,1
fp32_df32_refine,107,0,1,2.3980817331903381e-14,1.2953742983619065e-15,1,1
fp32_df32_refine,108,0,1,4.4408920985006262e-15,3.7415906689777818e-16,1,1
fp32_df32_refine,109,0,0,8.8817841970012523e-16,1.4642097201010076e-15,1,1
fp32_df32_refine,110,0,1,4.4408920985006262e-14,7.8985530069450415e-15,1,1
fp32_df32_refine,111,0,1,9.5923269327613525e-14,1.7623800079098757e-14,1,1
fp32_df32_refine,112,0,1,0,1.5471023163992535e-16,1,1
fp32_df32_refine,113,0,0,1.3322676295501878e-15,1.8729762347657996e-15,1,1
fp32_df32_refine,114,1,0,0,3.3992664229820987e-16,1,1
fp32_df32_refine,115,0,1,1.7763568394002505e-15,5.1032243637584731e-16,1,1
fp32_df32_refine,116,0,1,4.4408920985006262e-16,1.2011519050979145e-16,1,1
fp32_df32_refine,117,0,1,8.8817841970012523e-16,4.8443471704879523e-16,1,1
fp32_df32_refine,118,0,1,4.4408920985006262e-16,2.9527943623730165e-16,1,1
fp32_df32_refine,119,0,1,4.4408920985006262e-16,3.6773350908822902e-16,1,1
fp32_df32_refine,120,0,1,8.8817841970012523e-16,7.5325034163190862e-17,1,1
fp32_df32_refine,121,0,1,3.9968028886505635e-15,5.642307442350802e-16,1,1
fp32_df32_refine,122,0,1,3.8635761256955448e-14,2.003436555925553e-15,1,1
fp32_df32_refine,123,0,1,4.4408920985006262e-16,2.0287600188146862e-16,1,1
fp32_df32_refine,124,0,0,4.4408920985006262e-16,3.5283395491455407e-16,1,1
fp32_df32_refine,125,0,1,4.8849813083506888e-15,1.2398563323410079e-16,1,1
fp32_df32_refine,126,0,1,1.7763568394002505e-15,1.67983311232523e-16,1,1
fp32_df32_refine,127,0,1,8.8817841970012523e-16,4.634812150862057e-16,1,1
fp32_df32_refine,128,0,1,3.5527136788005009e-15,5.7231747668754314e-16,1,1
fp32_df32_refine,129,0,0,4.4408920985006262e-16,4.4186708643431227e-16,1,1
fp32_df32_refine,130,0,0,0,2.2779514639106579e-16,1,1
fp32_df32_refine,131,0,1,4.4408920985006262e-16,3.6567914593501998e-16,1,1
fp32_df32_refine,132,0,1,6.2172489379008766e-15,1.0262652406268501e-15,1,1
fp32_df32_refine,133,0,0,0,1.9151674742356606e-16,1,1
fp32_df32_refine,134,0,1,2.6645352591003757e-15,6.7838742370293699e-16,1,1
fp32_df32_refine,135,0,1,2.2204460492503131e-15,3.0853807707815365e-16,1,1
fp32_df32_refine,136,0,1,0,1.393268069057388e-16,1,1
fp32_df32_refine,137,1,0,0,3.0233941345135161e-16,1,1
fp32_df32_refine,138,0,1,4.4408920985006262e-16,1.8995308999212453e-16,1,1
fp32_df32_refine,139,0,1,8.8817841970012523e-16,2.210548502904983e-16,1,1
fp32_df32_refine,140,0,0,8.8817841970012523e-16,1.5245769772198482e-15,1,1
fp32_df32_refine,141,0,1,2.9753977059954195e-14,1.0215060487842453e-15,1,1
fp32_df32_refine,142,0,0,2.2204460492503131e-15,2.9144382511080261e-15,1,1
fp32_df32_refine,143,0,1,3.0198066269804258e-14,4.7700008053600326e-15,1,1
fp32_df32_refine,144,0,1,3.1086244689504383e-15,6.8629427053153297e-16,1,1
fp32_df32_refine,145,0,1,8.8817841970012523e-16,1.8657384283154053e-16,1,1
fp32_df32_refine,146,0,1,1.3322676295501878e-15,1.0793579419029721e-16,1,1
fp32_df32_refine,147,0,1,4.4408920985006262e-16,9.0265399974378932e-17,1,1
fp32_df32_refine,148,0,1,4.4408920985006262e-16,5.365812081368497e-18,1,1
fp32_df32_refine,149,0,1,6.4392935428259079e-14,1.1172871597052942e-14,1,1
fp32_df32_refine,150,0,1,3.9968028886505635e-15,2.2926462240969737e-16,1,1
fp32_df32_refine,151,0,1,7.9491968563161208e-14,4.0527153276022858e-15,1,1
fp32_df32_refine,152,0,0,0,1.7604296082047538e-16,1,1
fp32_df32_refine,153,0,1,0,1.9732680368704201e-17,1,1
fp32_df32_refine,154,0,1,1.7763568394002505e-15,3.4101284347520836e-16,1,1
fp32_df32_refine,155,0,1,0,9.3245513145655133e-17,1,1
fp32_df32_refine,156,0,0,4.4408920985006262e-16,9.7641619451022791e-16,1,1
fp32_df32_refine,157,0,1,4.4408920985006262e-16,1.4627213938551292e-16,1,1
fp32_df32_refine,158,0,0,0,1.2660049979984147e-16,1,1
fp32_df32_refine,159,0,1,0,1.2222816999534757e-16,1,1
fp32_df32_refine,160,0,1,3.1086244689504383e-15,8.8297381086923571e-17,1,1
fp32_df32_refine,161,0,1,3.3306690738754696e-14,5.2325908207768765e-15,1,1
fp32_df32_refine,162,0,1,1.3322676295501878e-15,2.4030237683978653e-16,1,1
fp32_df32_refine,163,0,1,8.8817841970012523e-16,2.7410671158150818e-16,1,1
fp32_df32_refine,164,0,1,0,4.4541279806202978e-17,1,1
fp32_df32_refine,165,0,1,9.3258734068513149e-14,3.5187487339708829e-15,1,1
fp32_df32_refine,166,0,1,4.4408920985006262e-16,2.1849733574082084e-16,1,1
fp32_df32_refine,167,0,1,9.8587804586713901e-14,1.8779198056427289e-14,1,1
fp32_df32_refine,168,0,1,7.1054273576010019e-15,5.2673244906267146e-16,1,1
fp32_df32_refine,169,0,1,1.6431300764452317e-14,2.0124350117717506e-15,1,1
fp32_df32_refine,170,0,1,0,3.3648456615726186e-17,1,1
fp32_df32_refine,171,0,1,0,3.7558737597490087e-17,1,1
fp32_df32_refine,172,0,1,1.6431300764452317e-14,7.9545431904426065e-16,1,1
fp32_df32_refine,173,0,1,3.907985046680551e-14,1.8767399478051415e-15,1,1
fp32_df32_refine,174,0,1,1.2878587085651816e-14,2.4467411363010137e-15,1,1
fp32_df32_refine,175,0,1,4.4408920985006262e-16,2.3651498462142906e-16,1,1
fp32_df32_refine,176,0,1,1.3322676295501878e-15,3.2846685061274003e-16,1,1
fp32_df32_refine,177,0,1,4.4408920985006262e-16,3.3914913043304929e-16,1,1
fp32_df32_refine,178,0,1,0,3.1594729923170896e-18,1,1
fp32_df32_refine,179,0,1,8.8817841970012523e-16,4.0220698590753066e-16,1,1
fp32_df32_refine,180,0,1,3.9968028886505635e-14,4.5493049640902358e-15,1,1
fp32_df32_refine,181,0,1,1.3322676295501878e-15,1.081682167851704e-16,1,1
fp32_df32_refine,182,0,1,1.7763568394002505e-15,1.7232297091503123e-16,1,1
fp32_df32_refine,183,0,1,1.6431300764452317e-14,2.9754942595739032e-16,1,1
fp32_df32_refine,184,0,1,1.3322676295501878e-15,1.8016271987462891e-16,1,1
fp32_df32_refine,185,0,1,8.8817841970012523e-16,4.3833273523901718e-16,1,1
fp32_df32_refine,186,0,0,4.4408920985006262e-16,2.6055073082662252e-16,1,1
fp32_df32_refine,187,0,1,3.9968028886505635e-15,3.1907458389291575e-16,1,1
fp32_df32_refine,188,1,0,3.4727776210274897e-13,3.0113943814591617e-13,1,1
fp32_df32_refine,189,0,1,1.3322676295501878e-15,2.3639931389515354e-16,1,1
fp32_df32_refine,190,0,1,0,1.3023574521287742e-16,1,1
fp32_df32_refine,191,0,1,2.2648549702353193e-14,3.2513632873179027e-15,1,1
fp32_df32_refine,192,1,0,8.1712414612411521e-14,7.0316423819232786e-14,1,1
fp32_df32_refine,193,0,0,5.3290705182007514e-15,5.6066262743570405e-15,1,1
fp32_df32_refine,194,0,1,8.8817841970012523e-16,1.0807429541619721e-16,1,1
fp32_df32_refine,195,0,1,3.1086244689504383e-15,5.6494063296315922e-16,1,1
fp32_df32_refine,196,0,1,8.8817841970012523e-15,1.1270191358643283e-15,1,1
fp32_df32_refine,197,0,1,9.3258734068513149e-15,1.3525344588715993e-15,1,1
fp32_df32_refine,198,0,1,8.4376949871511897e-15,1.5528446539669308e-15,1,1
fp32_df32_refine,199,0,1,4.4408920985006262e-15,6.3093977565846712e-16,1,1
fp32_df32_refine,200,0,1,0,2.6105918142638081e-17,1,1
fp32_df32_refine,201,1,1,0,1.6254446874553498e-16,1,1
fp32_df32_refine,202,0,0,0,2.3207706427742284e-16,1,1
fp32_df32_refine,203,0,1,9.7699626167013776e-15,5.181528260153004e-16,1,1
fp32_df32_refine,204,1,0,0,5.3573769541626325e-17,1,1
fp32_df32_refine,205,0,0,8.8817841970012523e-16,8.8817841970012523e-16,1,1
fp32_df32_refine,206,0,1,2.708944180085382e-14,4.9078650770103914e-15,1,1
fp32_df32_refine,207,0,1,1.7763568394002505e-15,3.0800976390068169e-16,1,1
fp32_df32_refine,208,0,1,7.1054273576010019e-15,1.0520987110521004e-15,1,1
fp32_df32_refine,209,0,1,5.3290705182007514e-15,1.1038419964777613e-16,1,1
fp32_df32_refine,210,0,1,9.3258734068513149e-15,1.1801960261614658e-15,1,1
fp32_df32_refine,211,0,1,8.8817841970012523e-15,3.7002565634780501e-16,1,1
fp32_df32_refine,212,0,1,4.4408920985006262e-16,1.6537026768211176e-16,1,1
fp32_df32_refine,213,0,1,4.4408920985006262e-16,2.2465528924469511e-16,1,1
fp32_df32_refine,214,0,0,0,6.8272404359757343e-17,1,1
fp32_df32_refine,215,1,0,8.8817841970012523e-16,1.0584640834854593e-15,1,1
fp32_df32_refine,216,0,0,4.4408920985006262e-16,3.8935219924273574e-16,1,1
fp32_df32_refine,217,0,1,8.8817841970012523e-16,3.4489448811282319e-16,1,1
fp32_df32_refine,218,0,1,4.4408920985006262e-16,1.1387180598666234e-16,1,1
fp32_df32_refine,219,0,1,4.4408920985006262e-16,1.1629747025304969e-16,1,1
fp32_df32_refine,220,0,1,0,1.4354213307453679e-16,1,1
fp32_df32_refine,221,0,1,0,1.8576905422403335e-16,1,1
fp32_df32_refine,222,0,0,0,1.6621041279417904e-16,1,1
fp32_df32_refine,223,0,0,4.4408920985006262e-16,4.5921755586315123e-16,1,1
fp32_df32_refine,224,0,1,3.1086244689504383e-15,2.4230058860000013e-16,1,1
fp32_df32_refine,225,0,1,3.1086244689504383e-15,5.8550349668589694e-16,1,1
fp32_df32_refine,226,0,1,4.4408920985006262e-16,1.1660144742645634e-16,1,1
fp32_df32_refine,227,0,1,6.6613381477509392e-14,1.1647516154888851e-14,1,1
fp32_df32_refine,228,0,0,1.3322676295501878e-15,1.4833340200370193e-15,1,1
fp32_df32_refine,229,0,0,0,1.1102230246251565e-16,1,1
fp32_df32_refine,230,1,0,8.0824236192711396e-14,7.6561124256972832e-14,1,1
fp32_df32_refine,231,0,0,4.4408920985006262e-16,7.302692543942111e-16,1,1
fp32_df32_refine,232,0,0,4.4408920985006262e-16,4.04932785930751e-16,1,1
fp32_df32_refine,233,0,0,4.4408920985006262e-16,3.6805625012861154e-16,1,1
fp32_df32_refine,234,0,0,4.4408920985006262e-16,5.347016656482843e-16,1,1
fp32_df32_refine,235,0,0,1.7763568394002505e-15,2.5269706631802497e-15,1,1
fp32_df32_refine,236,0,0,1.3322676295501878e-15,1.7356062405777232e-15,1,1
fp32_df32_refine,237,1,0,1.0880185641326534e-12,1.1227009421044896e-12,1,1
fp32_df32_refine,238,0,0,4.4408920985006262e-16,4.4101718706584343e-16,1,1
fp32_df32_refine,239,0,0,1.3322676295501878e-15,1.1123316186213553e-15,1,1
fp32_df32_refine,240,0,0,2.6645352591003757e-15,3.3306690738754696e-15,1,1
fp32_df32_refine,241,0,0,0,2.9871710629796376e-16,1,1
fp32_df32_refine,242,1,0,5.3734794391857577e-14,5.4279377580817492e-14,1,1
fp32_df32_refine,243,1,0,5.7331916991643084e-13,6.9946625977174449e-13,1,1
fp32_df32_refine,244,0,0,4.4408920985006262e-16,6.6613381477509392e-16,1,1
fp32_df32_refine,245,1,0,0,2.4927639778104712e-16,1,1
fp32_df32_refine,246,0,0,8.8817841970012523e-16,7.3563292676784809e-16,1,1
fp32_df32_refine,247,1,0,2.6645352591003757e-15,3.299407119084326e-15,1,1
fp32_df32_refine,248,1,0,6.2172489379008766e-15,6.8331579803971721e-15,1,1
fp32_df32_refine,249,0,0,8.8817841970012523e-16,8.0499723567244867e-16,1,1
fp32_df32_refine,250,0,0,0,4.349665847117619e-17,1,1
fp32_df32_refine,251,0,0,0,1.9199159780837899e-16,1,1
fp32_df32_refine,252,0,0,0,2.0510254531010483e-16,1,1
fp32_df32_refine,253,1,0,3.7614356074300304e-13,3.7231214406951238e-13,1,1
fp32_df32_refine,254,0,0,4.4408920985006262e-16,3.1841648518255799e-16,1,1
fp32_df32_refine,255,1,0,4.4408920985006262e-16,4.7036558674300355e-16,1,1
fp32_df32_refine,256,0,0,3.1086244689504383e-15,4.0648014155742551e-15,1,1
fp32_df32_refine,257,1,0,7.2519767968515225e-13,6.4260396479927773e-13,1,1
fp32_df32_refine,258,1,0,3.1974423109204508e-14,3.5668967102615081e-14,1,1
fp32_df32_refine,259,0,0,8.8817841970012523e-16,9.8892380683225095e-16,1,1
fp32_df32_refine,260,1,0,8.8817841970012523e-16,8.7701090261803505e-16,1,1
fp32_df32_refine,261,1,0,4.4408920985006262e-16,5.7746175733599592e-16,1,1
fp32_df32_refine,262,0,0,1.7763568394002505e-15,9.8809849191638932e-15,1,1
fp32_df32_refine,263,0,0,2.6645352591003757e-15,4.6629367034256575e-15,1,1
fp32_df32_refine,264,0,0,1.7763568394002505e-15,3.3306690738754696e-15,1,1
fp32_df32_refine,265,1,0,1.7763568394002505e-15,2.0260424945962669e-15,1,1
fp32_df32_refine,266,0,0,8.8817841970012523e-16,7.0607438442185869e-16,1,1
fp32_df32_refine,267,0,0,1.7763568394002505e-15,1.9445724347030715e-15,1,1
fp32_df32_refine,268,0,0,1.3322676295501878e-15,1.7603284944950636e-15,1,1
fp32_df32_refine,269,0,0,0,1.0643638487023474e-16,1,1
fp32_df32_refine,270,0,0,8.8817841970012523e-16,3.5527136788005009e-15,1,1
fp32_df32_refine,271,0,0,2.2204460492503131e-15,6.3282712403633923e-15,1,1
fp32_df32_refine,272,1,0,8.8817841970012523e-16,1.1326915917800228e-15,1,1
fp32_df32_refine,273,0,0,4.4408920985006262e-16,7.4961920723100966e-16,1,1
fp32_df32_refine,274,0,0,0,1.0781489292725917e-16,1,1
fp32_df32_refine,275,1,0,4.4408920985006262e-16,3.195771439682912e-16,1,1
fp32_df32_refine,276,0,0,0,6.5491559749405485e-17,1,1
fp32_df32_refine,277,0,0,2.2204460492503131e-15,2.9976021664879227e-15,1,1
fp32_df32_refine,278,0,0,4.4408920985006262e-16,4.5749481241509637e-16,1,1
fp32_df32_refine,279,0,0,4.4408920985006262e-16,5.4386059602834499e-16,1,1
fp32_df32_refine,280,0,0,4.4408920985006262e-16,7.7750612488621844e-16,1,1
fp32_df32_refine,281,1,0,8.8817841970012523e-16,8.5488397017581301e-16,1,1
fp32_df32_refine,282,0,0,0,2.7754258348359487e-16,1,1
fp32_df32_refine,283,1,0,4.4408920985006262e-16,7.6790113069422088e-16,1,1
fp32_df32_refine,284,0,0,4.4408920985006262e-16,3.1196369148486501e-16,1,1
fp32_df32_refine,285,0,0,4.4408920985006262e-16,3.6017280200499958e-16,1,1
fp32_df32_refine,286,1,0,2.2648549702353193e-14,2.0680569322136751e-14,1,1
fp32_df32_refine,287,1,0,6.794564910705958e-14,7.1557089853450741e-14,1,1
fp32_df32_refine,288,0,0,4.4408920985006262e-16,3.8238782331427178e-16,1,1
fp32_df32_refine,289,0,0,8.8817841970012523e-16,1.0129021613555843e-15,1,1
fp32_df32_refine,290,1,0,1.3322676295501878e-15,1.5711832809993858e-15,1,1
fp32_df32_refine,291,1,0,6.6746608240464411e-13,8.3286732306969653e-13,1,1
fp32_df32_refine,292,0,0,8.8817841970012523e-16,1.2919593514743451e-15,1,1
fp32_df32_refine,293,0,0,1.7763568394002505e-15,2.042181030935381e-15,1,1
fp32_df32_refine,294,0,0,1.7763568394002505e-15,2.042810365310288e-14,1,1
fp32_df32_refine,295,0,0,4.4408920985006262e-16,3.2864396389861881e-16,1,1
fp32_df32_refine,296,1,0,9.5923269327613525e-14,1.0443363290360166e-13,1,1
fp32_df32_refine,297,0,0,0,2.7663056311164436e-16,1,1
fp32_df32_refine,298,0,0,4.4408920985006262e-16,5.5194201588315166e-16,1,1
fp32_df32_refine,299,0,0,0,3.9654214699784876e-17,1,1
fp32_df32_refine,300,1,0,8.8817841970012523e-16,1.2633143758032251e-15,1,1
fp32_df32_refine,301,0,0,4.4408920985006262e-15,9.9920072216264089e-15,1,1
fp32_df32_refine,302,1,0,0,1.0392726908931175e-16,1,1
fp32_df32_refine,303,1,0,1.8474111129762605e-13,1.8811758179273113e-13,1,1
fp32_df32_refine,304,0,0,4.4408920985006262e-16,6.5891639277889756e-16,1,1
fp32_df32_refine,305,0,0,1.7763568394002505e-15,7.4384942649885488e-15,1,1
fp32_df32_refine,306,0,0,8.8817841970012523e-16,1.1206259585843145e-15,1,1
fp32_df32_refine,307,0,0,8.8817841970012523e-16,7.7592457007340081e-16,1,1
fp32_df32_refine,308,1,0,8.8817841970012523e-16,8.4058658993215435e-16,1,1
fp32_df32_refine,309,0,0,0,1.1135861661812e-16,1,1
fp32_df32_refine,310,1,0,7.1942451995710144e-14,8.9968837830742347e-14,1,1
fp32_df32_refine,311,0,0,8.8817841970012523e-16,9.465833391403464e-16,1,1
fp32_df32_refine,312,1,0,3.9035441545820504e-13,4.6674305753653408e-13,1,1
fp32_df32_refine,313,0,0,4.4408920985006262e-16,3.5004285920617814e-16,1,1
fp32_df32_refine,314,0,0,8.8817841970012523e-16,1.0523392844443881e-15,1,1
fp32_df32_refine,315,0,0,8.8817841970012523e-16,1.2521729718785648e-15,1,1
fp32_df32_refine,316,0,0,0,1.5483278842756332e-16,1,1
fp32_df32_refine,317,0,0,4.4408920985006262e-16,6.1789920594415684e-16,1,1
fp32_df32_refine,318,0,0,0,1.3576762761987222e-16,1,1
fp32_df32_refine,319,0,0,5.3290705182007514e-15,9.5479180117763462e-15,1,1
fp32_df32_refine,320,1,0,2.19824158875781e-13,2.2095527027627606e-13,1,1
fp32_df32_refine,321,0,0,8.8817841970012523e-16,1.2759466392890223e-15,1,1
fp32_df32_refine,322,0,0,4.4408920985006262e-16,4.7581929281832997e-16,1,1
fp32_df32_refine,323,1,0,1.3766765505351941e-13,1.2132524670864992e-13,1,1
fp32_df32_refine,324,0,0,0,2.651416094439046e-16,1,1
fp32_df32_refine,325,1,0,4.4408920985006262e-16,6.3321198716870132e-16,1,1
fp32_df32_refine,326,0,0,8.8817841970012523e-16,1.3517143178095853e-15,1,1
fp32_df32_refine,327,0,0,1.3322676295501878e-15,1.0879492052967054e-15,1,1
fp32_df32_refine,328,0,0,2.6645352591003757e-15,3.216282712793484e-15,1,1
fp32_df32_refine,329,1,0,2.7533531010703882e-14,2.5039957065266863e-14,1,1
fp32_df32_refine,330,0,0,0,2.137321663035203e-16,1,1
fp32_df32_refine,331,1,0,0,9.5543781475805732e-17,1,1
fp32_df32_refine,332,0,0,1.3322676295501878e-15,1.3841921674872401e-15,1,1
fp32_df32_refine,333,0,0,0,1.0402849376554676e-16,1,1
fp32_df32_refine,334,0,0,8.8817841970012523e-16,8.8677223891263344e-16,1,1
fp32_df32_refine,335,0,0,8.8817841970012523e-16,9.7235636222721244e-16,1,1
fp32_df32_refine,336,0,0,8.8817841970012523e-16,6.7276435016725125e-16,1,1
fp32_df32_refine,337,1,0,7.6161299489285739e-13,9.5216066153677891e-13,1,1
fp32_df32_refine,338,0,0,4.4408920985006262e-16,6.3782151069036403e-16,1,1
fp32_df32_refine,339,0,0,1.7763568394002505e-15,5.6621374255882984e-15,1,1
fp32_df32_refine,340,0,0,1.3322676295501878e-15,1.8202329096668402e-15,1,1
fp32_df32_refine,341,0,0,3.1086244689504383e-15,4.9960036108132044e-15,1,1
fp32_df32_refine,342,1,0,1.5099033134902129e-14,1.4221822725149114e-14,1,1
fp32_df32_refine,343,0,0,0,9.6992130096143542e-17,1,1
fp32_df32_refine,344,0,0,1.3322676295501878e-15,6.7723604502134549e-15,1,1
fp32_df32_refine,345,0,0,1.3322676295501878e-15,1.5027410504256333e-15,1,1
fp32_df32_refine,346,1,0,1.7763568394002505e-15,1.9477563468876643e-15,1,1
fp32_df32_refine,347,1,0,1.9539925233402755e-14,1.7280478489481378e-14,1,1
fp32_df32_refine,348,1,0,0,2.4192891200730087e-16,1,1
fp32_df32_refine,349,0,0,4.4408920985006262e-16,7.1313200736002181e-16,1,1
fp32_df32_refine,350,1,0,2.6645352591003757e-15,3.2140376071998985e-15,1,1
fp32_df32_refine,351,0,0,4.4408920985006262e-16,5.3173805124553879e-16,1,1
fp32_df32_refine,352,1,0,4.454214774796128e-13,5.2074244534540639e-13,1,1
fp32_df32_refine,353,0,0,5.3290705182007514e-15,6.4590283267339824e-15,1,1
fp32_df32_refine,354,0,0,0,3.1148284029100834e-16,1,1
fp32_df32_refine,355,0,0,0,1.8707442173333869e-16,1,1
fp32_df32_refine,356,1,0,1.5809575870662229e-13,1.5651576645462553e-13,1,1
fp32_df32_refine,357,0,0,8.8817841970012523e-16,8.3934537338986731e-16,1,1
fp32_df32_refine,358,0,0,0,2.2204460492503131e-16,1,1
fp32_df32_refine,359,0,0,1.3322676295501878e-15,2.2123878905366424e-15,1,1
fp32_df32_refine,360,0,0,8.8817841970012523e-16,1.1463325174189625e-15,1,1
fp32_df32_refine,361,0,0,0,3.5007982503482914e-17,1,1
fp32_df32_refine,362,0,0,0,2.2371518474428191e-16,1,1
fp32_df32_refine,363,0,0,8.8817841970012523e-16,7.6336550286475877e-16,1,1
fp32_df32_refine,364,1,0,4.4408920985006262e-16,4.4527299079852917e-16,1,1
fp32_df32_refine,365,0,0,8.8817841970012523e-16,1.7763568394002505e-15,1,1
fp32_df32_refine,366,0,0,2.2204460492503131e-15,2.7916425192405294e-15,1,1
fp32_df32_refine,367,0,0,0,6.3739222098574847e-17,1,1
fp32_df32_refine,368,0,0,4.4408920985006262e-16,5.0635730347548627e-16,1,1
fp32_df32_refine,369,1,0,7.8914652590356127e-13,7.555381477495701e-13,1,1
fp32_df32_refine,370,1,0,1.7763568394002505e-15,2.1835031324928556e-15,1,1
fp32_df32_refine,371,0,0,3.1086244689504383e-15,4.5519144009631418e-15,1,1
fp32_df32_refine,372,0,0,4.4408920985006262e-16,4.7252244278601867e-16,1,1
fp32_df32_refine,373,1,0,1.6564527527407336e-13,1.4298520101281933e-13,1,1
fp32_df32_refine,374,0,1,0,9.5761208863249334e-17,1,1
fp32_df32_refine,375,0,0,4.4408920985006262e-16,4.9141391443490355e-16,1,1
fp32_df32_refine,376,0,0,0,9.0452953116456174e-17,1,1
fp32_df32_refine,377,1,0,0,1.3018570366425002e-16,1,1
fp32_df32_refine,378,0,1,4.4408920985006262e-16,3.3544376184390606e-16,1,1
fp32_df32_refine,379,0,1,8.8817841970012523e-16,1.8989960396293788e-16,1,1
fp32_df32_refine,380,0,1,2.3980817331903381e-14,1.9730087171780232e-15,1,1
fp32_df32_refine,381,0,1,7.9936057773011271e-15,1.2062111540201268e-15,1,1
fp32_df32_refine,382,1,0,1.7763568394002505e-15,2.1340495347741094e-15,1,1
fp32_df32_refine,383,0,1,1.3322676295501878e-15,2.7670443338152359e-16,1,1
fp32_df32_refine,384,0,1,2.6645352591003757e-14,4.8826189418597615e-15,1,1
fp32_df32_refine,385,0,1,8.8817841970012523e-16,4.6297806595619668e-16,1,1
fp32_df32_refine,386,0,1,4.4408920985006262e-16,2.2157907880113839e-16,1,1
fp32_df32_refine,387,0,0,0,5.9152635609086091e-17,1,1
fp32_df32_refine,388,0,1,5.773159728050814e-15,9.8038570996264657e-16,1,1
fp32_df32_refine,389,0,1,4.4408920985006262e-16,2.5119664100859888e-16,1,1
fp32_df32_refine,390,0,0,4.4408920985006262e-16,3.4243261371561192e-16,1,1
fp32_df32_refine,391,0,1,6.6613381477509392e-15,7.4032199739070914e-16,1,1
fp32_df32_refine,392,0,1,4.4408920985006262e-16,2.3421799430438887e-16,1,1
fp32_df32_refine,393,0,1,2.2204460492503131e-15,2.4593271041774508e-16,1,1
fp32_df32_refine,394,0,1,0,1.3953371796277965e-16,1,1
fp32_df32_refine,395,0,1,4.7961634663806763e-14,1.269242346259013e-15,1,1
fp32_df32_refine,396,0,1,4.4408920985006262e-16,3.9545391471232731e-16,1,1
fp32_df32_refine,397,0,1,0,1.2937292191873128e-16,1,1
fp32_df32_refine,398,1,0,4.4408920985006262e-16,4.9802860370974993e-16,1,1
fp32_df32_refine,399,0,1,4.4408920985006262e-16,1.180666738615521e-16,1,1
fp32_df32_refine,400,0,1,0,6.6734917132351009e-17,1,1
fp32_df32_refine,401,1,0,1.1429079904701211e-11,6.850259751723639e-12,1,1
fp32_df32_refine,402,0,0,4.4408920985006262e-16,5.2676136160177423e-16,1,1
fp32_df32_refine,403,0,1,0,4.9491573144745667e-17,1,1
fp32_df32_refine,404,0,0,8.8817841970012523e-16,5.8237152623128966e-16,1,1
fp32_df32_refine,405,0,1,1.0658141036401503e-14,1.633440952939577e-15,1,1
fp32_df32_refine,406,0,1,1.9095836023552692e-14,3.0991952286594638e-15,1,1
fp32_df32_refine,407,0,1,3.9968028886505635e-15,4.2683333834287807e-16,1,1
fp32_df32_refine,408,0,1,0,2.9612542637074462e-17,1,1
fp32_df32_refine,409,0,1,7.9936057773011271e-15,1.2620646816831304e-15,1,1
fp32_df32_refine,410,0,1,0,8.6716306373295096e-17,1,1
fp32_df32_refine,411,0,1,4.4408920985006262e-16,3.2465455424496529e-17,1,1
fp32_df32_refine,412,0,0,4.4408920985006262e-16,6.7409082230659953e-16,1,1
fp32_df32_refine,413,0,0,8.8817841970012523e-16,1.0547049361051928e-15,1,1
fp32_df32_refine,414,0,1,4.4408920985006262e-16,3.6879660185536887e-16,1,1
fp32_df32_refine,415,0,0,8.8817841970012523e-16,7.2164496600635175e-16,1,1
fp32_df32_refine,416,0,0,4.4408920985006262e-16,2.0885664729172454e-16,1,1
fp32_df32_refine,417,0,0,1.7763568394002505e-15,2.31683655403821e-15,1,1
fp32_df32_refine,418,1,0,1.1546319456101628e-14,1.752801089204584e-14,1,1
fp32_df32_refine,419,1,0,7.4971140406887571e-12,4.52465264634265e-12,1,1
fp32_df32_refine,420,0,1,7.9936057773011271e-15,1.3497309793222665e-15,1,1
fp32_df32_refine,421,0,1,8.8817841970012523e-16,4.5104566743533943e-16,1,1
fp32_df32_refine,422,0,1,0,1.5057487116490913e-16,1,1
fp32_df32_refine,423,0,0,4.4408920985006262e-16,5.8666449518637611e-16,1,1
fp32_df32_refine,424,0,0,4.4408920985006262e-16,4.2149366826258439e-16,1,1
fp32_df32_refine,425,0,0,4.4408920985006262e-16,4.9960036108132044e-16,1,1
fp32_df32_refine,426,0,1,4.4408920985006262e-16,3.6364825246577514e-16,1,1
fp32_df32_refine,427,0,0,8.8817841970012523e-16,1.1077314242717975e-15,1,1
fp32_df32_refine,428,0,0,4.4408920985006262e-15,5.6991992089293834e-15,1,1
fp32_df32_refine,429,0,1,0,5.0576580502373064e-17,1,1
fp32_df32_refine,430,0,1,0,1.0175714755352884e-16,1,1
fp32_df32_refine,431,0,1,8.8817841970012523e-16,2.2616629460527561e-16,1,1
fp32_df32_refine,432,1,0,2.7436719562956569e-11,1.602919999246427e-11,1,1
fp32_df32_refine,433,0,1,8.8817841970012523e-16,4.0210249134453705e-16,1,1
fp32_df32_refine,434,0,1,2.6645352591003757e-15,4.2921042686064475e-16,1,1
fp32_df32_refine,435,0,1,4.4408920985006262e-16,1.9066633873766904e-16,1,1
fp32_df32_refine,436,0,1,4.4408920985006262e-16,3.2095581983416074e-16,1,1
fp32_df32_refine,437,0,1,3.0642155479654321e-14,3.9832326776055572e-15,1,1
fp32_df32_refine,438,0,1,4.4408920985006262e-16,2.6226790345217986e-17,1,1
fp32_df32_refine,439,0,1,6.2172489379008766e-15,7.346430518551764e-16,1,1
fp32_df32_refine,440,0,1,4.4408920985006262e-16,1.0317679412139762e-16,1,1
fp32_df32_refine,441,0,1,3.1530333899354446e-14,4.5581857376139103e-15,1,1
fp32_df32_refine,442,0,1,0,6.7090290869566534e-17,1,1
fp32_df32_refine,443,0,1,1.9095836023552692e-14,2.1248419112659838e-15,1,1
fp32_df32_refine,444,0,1,4.4408920985006262e-16,3.4398641255837965e-16,1,1
fp32_df32_refine,445,0,1,9.3258734068513149e-15,1.5180484707107871e-15,1,1
fp32_df32_refine,446,0,1,4.4408920985006262e-16,8.3815508470871276e-18,1,1
fp32_df32_refine,447,0,1,3.1086244689504383e-15,5.3627714406888295e-16,1,1
fp32_df32_refine,448,1,0,0,1.0301268039175999e-16,1,1
fp32_df32_refine,449,0,1,4.4408920985006262e-16,3.3831390298471406e-16,1,1
fp32_df32_refine,450,0,0,0,7.7629146119520135e-17,1,1
fp32_df32_refine,451,0,1,4.4408920985006262e-16,1.9027344658186449e-16,1,1
fp32_df32_refine,452,0,1,4.4408920985006262e-16,3.3022792833852465e-16,1,1
fp32_df32_refine,453,0,0,4.4408920985006262e-15,1.0769163338864018e-14,1,1
fp32_df32_refine,454,0,1,8.8817841970012523e-16,4.3506107244878273e-16,1,1
fp32_df32_refine,455,0,1,3.9968028886505635e-15,2.5775118546650624e-16,1,1
fp32_df32_refine,456,0,1,3.1086244689504383e-15,2.0306244948343218e-16,1,1
fp32_df32_refine,457,0,1,0,6.2295594872370842e-18,1,1
fp32_df32_refine,458,0,1,4.4408920985006262e-15,3.9652841497828098e-16,1,1
fp32_df32_refine,459,0,1,1.2168044349891716e-13,2.5352957986961749e-14,1,1
fp32_df32_refine,460,0,1,2.7977620220553945e-14,2.3820175919139415e-15,1,1
fp32_df32_refine,461,0,0,4.4408920985006262e-16,3.2729844530316378e-16,1,1
fp32_df32_refine,462,0,1,1.7763568394002505e-15,3.3234963974319125e-16,1,1
fp32_df32_refine,463,0,1,1.3766765505351941e-14,1.9712615941373428e-15,1,1
fp32_df32_refine,464,0,1,7.1054273576010019e-15,1.2179994110478139e-15,1,1
fp32_df32_refine,465,0,1,0,7.976608272904446e-17,1,1
fp32_df32_refine,466,0,0,4.4408920985006262e-16,3.4105923386654858e-16,1,1
fp32_df32_refine,467,0,0,0,1.100610263860993e-16,1,1
fp32_df32_refine,468,0,0,8.8817841970012523e-16,1.0419876254759975e-15,1,1
fp32_df32_refine,469,0,0,2.6645352591003757e-15,7.4384942649885488e-15,1,1
fp32_df32_refine,470,0,1,0,1.400949826720861e-16,1,1
fp32_df32_refine,471,0,1,8.8817841970012523e-16,5.5465819954743785e-16,1,1
fp32_df32_refine,472,0,1,2.708944180085382e-14,4.7163148969977692e-15,1,1
fp32_df32_refine,473,0,1,4.8849813083506888e-15,7.8406692516174794e-16,1,1
fp32_df32_refine,474,0,1,4.4408920985006262e-16,2.9481218519778725e-16,1,1
fp32_df32_refine,475,0,1,4.4408920985006262e-16,1.9154762371511066e-16,1,1
fp32_df32_refine,476,0,1,4.4408920985006262e-16,1.5955577934206446e-16,1,1
fp32_df32_refine,477,1,0,6.4837024638109142e-14,7.6385095335736598e-14,1,1
fp32_df32_refine,478,0,1,0,1.7461958280613204e-16,1,1
fp32_df32_refine,479,0,1,0,2.2309001841631665e-17,1,1
fp32_df32_refine,480,0,1,7.1054273576010019e-15,1.2124589241495912e-15,1,1
fp32_df32_refine,481,1,0,0,7.0869339011174332e-17,1,1
fp32_df32_refine,482,0,1,8.8817841970012523e-15,4.9675259416995371e-16,1,1
fp32_df32_refine,483,0,1,7.1054273576010019e-15,6.3142247920138233e-16,1,1
fp32_df32_refine,484,0,1,2.6645352591003757e-15,3.5849340612254361e-16,1,1
fp32_df32_refine,485,0,0,3.1086244689504383e-15,2.4202861936828413e-14,1,1
fp32_df32_refine,486,0,0,1.3322676295501878e-15,1.5168700353565694e-15,1,1
fp32_df32_refine,487,0,1,8.8817841970012523e-16,2.279985053611015e-16,1,1
fp32_df32_refine,488,0,1,8.8817841970012523e-16,2.9325681964706534e-16,1,1
fp32_df32_refine,489,0,1,0,1.3627816850303817e-17,1,1
fp32_df32_refine,490,0,1,1.3322676295501878e-15,7.3474824775270546e-16,1,1
fp32_df32_refine,491,0,1,0,3.0192486426258963e-17,1,1
fp32_df32_refine,492,0,1,8.8817841970012523e-16,3.8581956783346245e-16,1,1
fp32_df32_refine,493,0,0,8.8817841970012523e-16,9.9920072216264089e-16,1,1
fp32_df32_refine,494,0,1,1.3322676295501878e-15,7.0715504963511884e-16,1,1
fp32_df32_refine,495,0,0,4.4408920985006262e-16,3.570811770163413e-16,1,1
fp32_df32_refine,496,0,0,4.4408920985006262e-16,5.5119178988060064e-16,1,1
fp32_df32_refine,497,0,0,4.4408920985006262e-16,4.3659608569315033e-16,1,1
fp32_df32_refine,498,0,0,8.8817841970012523e-16,5.8642206927699408e-16,1,1
fp32_df32_refine,499,0,0,3.5527136788005009e-15,4.8585243651907402e-15,1,1
fp32_df32_refine,500,1,0,0,1.4507162341510965e-16,1,1
fp32_df32_refine,501,1,0,0,1.5490605545263039e-17,1,1
fp32_df32_refine,502,0,0,0,2.040230447612357e-16,1,1
fp32_df32_refine,503,0,0,2.2204460492503131e-15,2.886579864025407e-15,1,1
fp32_df32_refine,504,0,0,1.3322676295501878e-15,1.5404517093033052e-15,1,1
fp32_df32_refine,505,1,0,4.4408920985006262e-16,7.3855358513349044e-16,1,1
fp32_df32_refine,506,0,0,0,2.169595081261484e-16,1,1
fp32_df32_refine,507,1,0,2.1316282072803006e-14,1.7207609800210192e-14,1,1
fp32_df32_refine,508,0,0,0,2.1869073148545425e-16,1,1
fp32_df32_refine,509,0,0,0,2.683366117334292e-16,1,1
fp32_df32_refine,510,1,0,1.7763568394002505e-15,2.148804210858325e-15,1,1
fp32_df32_refine,511,0,0,4.4408920985006262e-16,4.5344217550089535e-16,1,1
fp32_df32_refine,512,0,0,1.3322676295501878e-15,1.4654754705866091e-15,1,1
fp32_df32_refine,513,0,0,3.1086244689504383e-15,3.7671730634192303e-15,1,1
fp32_df32_refine,514,0,0,1.7763568394002505e-15,4.2188474935755949e-15,1,1
fp32_df32_refine,515,1,0,4.5874415377511468e-13,4.3440454427912493e-13,1,1
fp32_df32_refine,516,0,0,4.4408920985006262e-16,7.4435666087622739e-16,1,1
fp32_df32_refine,517,1,0,4.4408920985006262e-16,3.1043774161334976e-16,1,1
fp32_df32_refine,518,0,0,0,6.8432857006295606e-17,1,1
fp32_df32_refine,519,1,0,4.4408920985006262e-16,3.3540675954792936e-16,1,1
fp32_df32_refine,520,1,0,6.3060667798708891e-14,5.1929178185550746e-14,1,1
fp32_df32_refine,521,0,0,4.4408920985006262e-16,5.0862900761993262e-16,1,1
fp32_df32_refine,522,0,1,0,1.0092461233373069e-16,1,1
fp32_df32_refine,523,0,0,4.4408920985006262e-16,5.3393995065958146e-16,1,1
fp32_df32_refine,524,1,0,8.8817841970012523e-16,7.5022408477598544e-16,1,1
fp32_df32_refine,525,0,0,0,1.8528703426364646e-16,1,1
fp32_df32_refine,526,0,0,4.4408920985006262e-16,4.4551426671782818e-16,1,1
fp32_df32_refine,527,0,0,4.4408920985006262e-16,4.4408920985006262e-16,1,1
fp32_df32_refine,528,0,0,0,6.6613381477509392e-16,1,1
fp32_df32_refine,529,0,0,0,1.125611077822904e-16,1,1
fp32_df32_refine,530,0,0,4.4408920985006262e-16,3.8204431584766827e-16,1,1
fp32_df32_refine,531,0,0,0,1.093850820585337e-17,1,1
fp32_df32_refine,532,0,0,0,1.6664074792717217e-16,1,1
fp32_df32_refine,533,0,0,0,1.5516966512733541e-16,1,1
fp32_df32_refine,534,0,0,4.4408920985006262e-16,2.9470692529734186e-16,1,1
fp32_df32_refine,535,1,0,1.6209256159527285e-13,1.8176574184031669e-13,1,1
fp32_df32_refine,536,0,0,0,7.49324362641105e-17,1,1
fp32_df32_refine,537,0,0,4.4408920985006262e-16,9.9920072216264089e-16,1,1
fp32_df32_refine,538,0,0,1.7763568394002505e-15,2.3314683517128287e-15,1,1
fp32_df32_refine,539,0,0,0,1.06002378395328e-16,1,1
fp32_df32_refine,540,1,0,4.3041126218668069e-12,4.6163767006860234e-12,1,1
fp32_df32_refine,541,0,0,1.3322676295501878e-15,1.0698814400847762e-15,1,1
fp32_df32_refine,542,1,0,4.4408920985006262e-16,3.3519934215112165e-16,1,1
fp32_df32_refine,543,1,0,1.7763568394002505e-15,2.4346429234602582e-15,1,1
fp32_df32_refine,544,1,0,1.3322676295501878e-15,1.2203045872512679e-15,1,1
fp32_df32_refine,545,1,0,1.865174681370263e-13,1.723858020847095e-13,1,1
fp32_df32_refine,546,1,0,1.1013412404281553e-13,1.1608567441038263e-13,1,1
fp32_df32_refine,547,0,0,4.4408920985006262e-16,4.1641432947855289e-16,1,1
fp32_df32_refine,548,1,0,2.6645352591003757e-14,2.0818670823553953e-14,1,1
fp32_df32_refine,549,0,0,8.8817841970012523e-16,9.8329256471405427e-16,1,1
fp32_df32_refine,550,0,0,0,1.8835686217754102e-16,1,1
fp32_df32_refine,551,0,0,0,4.1972163059951762e-17,1,1
fp32_df32_refine,552,0,0,8.8817841970012523e-16,1.2030236110299322e-15,1,1
fp32_df32_refine,553,0,0,8.8817841970012523e-16,1.131918774537018e-15,1,1
fp32_df32_refine,554,0,0,0,3.2285339616054782e-17,1,1
fp32_df32_refine,555,1,0,5.2002846473442332e-13,6.344286227212748e-13,1,1
fp32_df32_refine,556,0,0,1.3322676295501878e-15,1.3316104749449871e-15,1,1
fp32_df32_refine,557,0,0,0,1.0245154970209996e-16,1,1
fp32_df32_refine,558,1,0,4.3698378249246161e-13,5.2244309124607866e-13,1,1
fp32_df32_refine,559,0,0,1.7763568394002505e-15,1.889907515733559e-15,1,1
fp32_df32_refine,560,1,0,3.5527136788005009e-15,4.3499183918145724e-15,1,1
fp32_df32_refine,561,1,0,2.5313084961453569e-14,2.7186326637842693e-14,1,1
fp32_df32_refine,562,0,0,0,9.104034473409748e-18,1,1
fp32_df32_refine,563,0,0,8.8817841970012523e-16,1.3072152934285335e-15,1,1
fp32_df32_refine,564,0,0,4.4408920985006262e-16,7.1112128742920828e-16,1,1
fp32_df32_refine,565,0,0,1.7763568394002505e-15,1.2263292937500567e-15,1,1
fp32_df32_refine,566,0,0,8.8817841970012523e-16,6.9953378474769562e-16,1,1
fp32_df32_refine,567,1,0,4.0589753780295723e-13,5.3018590561308279e-13,1,1
fp32_df32_refine,568,1,0,3.0864200084579352e-13,3.6427595894593295e-13,1,1
fp32_df32_refine,569,0,0,4.4408920985006262e-15,7.5495165674510645e-15,1,1
fp32_df32_refine,570,0,0,8.8817841970012523e-16,9.7401059677379468e-16,1,1
fp32_df32_refine,571,0,0,1.3322676295501878e-15,1.5436453382998588e-15,1,1
fp32_df32_refine,572,0,0,4.4408920985006262e-16,4.6679490147275504e-16,1,1
fp32_df32_refine,573,0,0,4.4408920985006262e-16,4.4301229340651384e-16,1,1
fp32_df32_refine,574,0,0,8.8817841970012523e-16,8.4562226553513376e-16,1,1
fp32_df32_refine,575,1,0,8.8817841970012523e-16,7.4229722964810863e-16,1,1
fp32_df32_refine,576,0,0,2.6645352591003757e-15,7.9936057773011271e-15,1,1
fp32_df32_refine,577,0,0,8.8817841970012523e-16,9.5294857531801477e-16,1,1
fp32_df32_refine,578,0,0,3.5527136788005009e-15,5.3290705182007514e-15,1,1
fp32_df32_refine,579,1,0,4.8849813083506888e-15,4.4569758985322462e-15,1,1
fp32_df32_refine,580,0,0,4.4408920985006262e-16,6.1142255710859228e-16,1,1
fp32_df32_refine,581,0,0,8.8817841970012523e-16,1.2433280942595866e-15,1,1
fp32_df32_refine,582,0,0,2.6645352591003757e-15,3.5527136788005009e-15,1,1
fp32_df32_refine,583,0,0,8.8817841970012523e-16,7.5656442744271213e-16,1,1
fp32_df32_refine,584,0,0,8.8817841970012523e-16,1.0093084056587704e-15,1,1
fp32_df32_refine,585,0,0,1.7763568394002505e-15,2.3993792800341582e-15,1,1
fp32_df32_refine,586,1,0,0,1.3885485996009665e-16,1,1
fp32_df32_refine,587,0,0,8.8817841970012523e-16,7.9983701196128969e-16,1,1
fp32_df32_refine,588,0,0,8.8817841970012523e-16,6.5827692159030343e-16,1,1
fp32_df32_refine,589,0,0,1.7763568394002505e-15,1.9368209410095881e-15,1,1
fp32_df32_refine,590,0,0,4.4408920985006262e-16,2.2901430381514488e-16,1,1
fp32_df32_refine,591,0,0,8.8817841970012523e-16,1.3142009288924734e-15,1,1
fp32_df32_refine,592,0,0,8.8817841970012523e-16,8.7545674941844871e-16,1,1
fp32_df32_refine,593,0,0,1.3322676295501878e-15,1.2327106943859342e-15,1,1
fp32_df32_refine,594,1,0,1.020961093445294e-12,1.1942867584640797e-12,1,1
fp32_df32_refine,595,1,0,5.3290705182007514e-15,6.9072038399736757e-15,1,1
fp32_df32_refine,596,1,0,1.3322676295501878e-15,1.4729466755078764e-15,1,1
fp32_df32_refine,597,0,0,8.8817841970012523e-16,9.1473179400844114e-16,1,1
fp32_df32_refine,598,0,0,4.4408920985006262e-16,5.0193260119787846e-16,1,1
fp32_df32_refine,599,0,0,1.7763568394002505e-15,2.013076811753875e-15,1,1
fp64,0,1,0,7.7071682369478367e-12,1.055801038870866e-11,1,2
fp64,1,0,0,6.2172489379008766e-15,6.0795319997616134e-15,1,2
fp64,2,0,0,0,3.6551640472104419e-18,1,2
fp64,3,0,0,6.4392935428259079e-14,7.7618058053456141e-14,1,2
fp64,4,0,0,3.446576357646336e-11,4.0655078788414141e-11,1,2
fp64,5,0,0,4.53903581387749e-12,4.0894079698222626e-12,1,2
fp64,6,0,0,0,1.1102230246251565e-16,1,2
fp64,7,0,0,1.1186607196123077e-11,1.0982886879384182e-11,1,2
fp64,8,0,0,0,1.1102230246251565e-16,1,2
fp64,9,1,0,0,1.6551024127274957e-16,1,2
fp64,10,1,0,4.4408920985006262e-16,2.7273366710158099e-16,1,2
fp64,11,0,0,3.9968028886505635e-15,3.8492818155226619e-15,1,2
fp64,12,0,0,6.6163963197141129e-11,6.4283419750177722e-11,1,2
fp64,13,1,0,4.4482639793841372e-11,4.1446898460037579e-11,1,2
fp64,14,0,0,6.3948846218409017e-12,5.9080465660907742e-12,1,2
fp64,15,0,0,1.4699352846037073e-13,1.9726301670822304e-13,1,2
fp64,16,0,0,3.9933834017347181e-11,4.5798720534188991e-11,1,2
fp64,17,0,0,1.5618617510426702e-12,1.5752434136130355e-12,1,2
fp64,18,0,0,0,0,1,2
fp64,19,0,0,1.2120793257963669e-10,1.2744452175424693e-10,1,2
fp64,20,1,0,4.4408920985006262e-16,2.1772699395210719e-16,1,2
fp64,21,1,0,4.2069370209674162e-10,4.0725325376532916e-10,1,2
fp64,22,1,0,5.3551829637399351e-11,5.2800236025255616e-11,1,2
fp64,23,0,0,0,6.1158573197613527e-17,1,2
fp64,24,1,0,2.8954527664382113e-10,2.8219254893684282e-10,1,2
fp64,25,0,0,2.4735768988648488e-13,2.7437114910700959e-13,1,2
fp64,26,0,0,2.6645352591003757e-15,2.8270941728632456e-15,1,2
fp64,27,1,0,2.3541169014151819e-12,2.3905867856933159e-12,1,2
fp64,28,1,0,7.9181106116266164e-13,8.4533641236865535e-13,1,2
fp64,29,0,0,2.7976909677818185e-10,3.0558003318851876e-10,1,2
fp64,30,0,0,0,4.5604236815769111e-17,1,2
fp64,31,0,0,6.7182703844537173e-11,8.5201778115406229e-11,1,2
fp64,32,0,0,5.1485438135046024e-10,4.8958551804526143e-10,1,2
fp64,33,1,0,4.971534295350466e-11,5.6107677215658682e-11,1,2
fp64,34,0,0,4.4408920985006262e-16,2.9551272313841152e-16,1,2
fp64,35,1,0,0,3.2745601759384953e-16,1,2
fp64,36,1,0,0,1.5218474221762613e-16,1,2
fp64,37,1,0,1.4614975896165561e-12,1.2871960965030475e-12,1,2
fp64,38,0,0,0,4.8873783304964677e-18,1,2
fp64,39,0,0,0,1.1102230246251565e-16,1,2
fp64,40,1,0,7.3940853440035426e-13,7.4526710249781025e-13,1,2
fp64,41,0,0,3.1536995237502197e-10,3.0516022935677458e-10,1,2
fp64,42,1,0,9.681144774731365e-14,1.1804355594834267e-13,1,2
fp64,43,0,0,2.6645352591003757e-15,2.8227223459373397e-15,1,2
fp64,44,0,0,2.3341684141087171e-10,2.1119789843230906e-10,1,2
fp64,45,0,0,0,1.1102230246251565e-16,1,2
fp64,46,0,0,5.1775694842604025e-10,4.3723349556680975e-10,1,2
fp64,47,0,0,2.0096235786581929e-10,1.990871761298631e-10,1,2
fp64,48,0,0,3.7540637265465193e-11,3.3599657476834993e-11,1,2
fp64,49,1,0,4.4408920985006262e-16,3.5045043992819219e-16,1,2
fp64,50,1,0,5.3654947151926535e-10,4.8025614315577326e-10,1,2
fp64,51,1,0,1.2681855565688238e-11,1.5669840767858929e-11,1,2
fp64,52,1,0,4.5692338801472943e-12,7.007642442869794e-12,1,2
fp64,53,1,0,1.3378631535942986e-11,1.3485541151167804e-11,1,2
fp64,54,1,0,9.0720320145010191e-11,1.9749276813230881e-10,1,2
fp64,55,1,0,1.4162315764565392e-10,3.0830280814492342e-10,1,2
fp64,56,0,0,0,3.0673873029061785e-16,1,2
fp64,57,0,0,4.3893333412370339e-11,5.8432148009046614e-11,1,2
fp64,58,1,0,6.09938766160667e-11,1.4054204489211264e-10,1,2
fp64,59,1,0,2.4200952353226057e-10,2.4286059867337778e-10,1,2
fp64,60,1,0,7.9897422011754315e-11,2.0977460090720807e-10,1,2
fp64,61,1,0,0,4.3968634110023879e-17,1,2
fp64,62,1,0,0,5.4108431928986359e-16,1,2
fp64,63,1,0,3.9844127996957468e-11,7.5192621356983825e-11,1,2
fp64,64,0,0,8.8817841970012523e-16,1.2344002998724736e-15,1,2
fp64,65,0,0,2.0117241206207837e-13,3.4140901064018071e-13,1,2
fp64,66,0,0,0,8.6730960798182116e-17,1,2
fp64,67,0,0,2.7853275241795927e-12,2.94434735982829e-12,1,2
fp64,68,1,0,3.5869085479589558e-11,4.5203319285577198e-11,1,2
fp64,69,1,0,6.2172489379008766e-15,1.6702698585615365e-14,1,2
fp64,70,0,0,1.2376766278521245e-12,4.3945017733797823e-12,1,2
fp64,71,0,0,0,8.4962281372306918e-17,1,2
fp64,72,0,0,2.3132606941089762e-12,6.1145687641635611e-12,1,2
fp64,73,0,0,1.9984014443252818e-14,2.4736704231051516e-14,1,2
fp64,74,1,0,1.9095836023552692e-14,1.6490193312276067e-13,1,2
fp64,75,0,0,0,4.4405777241423107e-16,1,2
fp64,76,1,0,2.2204460492503131e-15,5.1309928086297767e-15,1,2
fp64,77,0,0,1.59574575775423e-11,7.3576198275101165e-11,1,2
fp64,78,0,0,1.6271428648906294e-12,4.6893689847560012e-12,1,2
fp64,79,1,0,2.0383694732117874e-13,4.9961152801116422e-13,1,2
fp64,80,0,0,4.787281682183675e-13,1.4736377476355423e-12,1,2
fp64,81,1,0,2.3824497930036159e-11,4.6181351198720669e-11,1,2
fp64,82,0,0,2.7173818750725331e-12,3.5393670039547129e-12,1,2
fp64,83,1,0,1.9095836023552692e-14,1.6559296987027273e-13,1,2
fp64,84,1,0,5.3290705182007514e-15,1.5293553618838429e-14,1,2
fp64,85,0,0,2.3638868640318833e-12,6.6903116895681407e-12,1,2
fp64,86,1,0,3.9968028886505635e-15,1.0491457378346231e-14,1,2
fp64,87,1,0,1.9269030815394217e-12,4.6669620804230899e-12,1,2
fp64,88,0,0,4.2714720649428273e-11,1.4861778715551254e-10,1,2
fp64,89,0,0,3.2534552829588392e-10,3.2537472369198461e-10,1,2
fp64,90,0,0,2.078337502098293e-13,4.21729319292008e-13,1,2
fp64,91,0,1,8.6430862467068437e-11,8.2315612790044775e-12,1,2
fp64,92,1,0,0,6.1152660630461759e-17,1,2
fp64,93,0,1,4.716227408607665e-13,5.7098943482849314e-14,1,2
fp64,94,1,0,4.1744385725905886e-14,3.7271283889251967e-14,1,2
fp64,95,0,1,3.3693696721570632e-09,4.7636212545602659e-10,1,2
fp64,96,1,0,2.7797630863801714e-10,3.998688772440347e-10,1,2
fp64,97,0,0,6.4739325011942128e-12,9.7967121088869181e-12,1,2
fp64,98,0,0,0,3.6110190404797854e-16,1,2
fp64,99,1,0,1.7266188478970435e-12,3.1164442730644887e-12,1,2
fp64,100,0,0,4.6190073987872893e-10,4.6572501410935274e-10,1,2
fp64,101,0,1,3.2107649872159527e-11,3.0152596623412129e-12,1,2
fp64,102,0,1,3.0577318455016211e-11,1.4406473616600715e-11,1,2
fp64,103,0,1,9.4515506532388827e-12,4.8849789791676375e-12,1,2
fp64,104,0,0,3.5778580098622115e-10,3.6499578359716622e-10,1,2
fp64,105,0,1,2.3352431099965543e-11,1.5708537078009081e-12,1,2
fp64,106,0,1,2.0829205027439457e-10,1.7564143489115356e-11,1,2
fp64,107,0,1,7.0219385861491901e-12,3.4168728496211939e-13,1,2
fp64,108,0,1,1.7467316482111528e-10,1.1325855665478045e-11,1,2
fp64,109,0,0,0,8.9530566184014614e-17,1,2
fp64,110,0,1,4.9297943505166586e-10,8.6529300571036659e-11,1,2
fp64,111,0,1,4.2406078648582479e-12,8.0361367802871691e-13,1,2
fp64,112,0,1,1.4424017535930034e-12,7.3003398743692935e-13,1,2
fp64,113,0,0,1.9539925233402755e-14,2.6161599989598804e-14,1,2
fp64,114,1,0,5.5622173533720343e-12,8.8639763350878628e-12,1,2
fp64,115,0,1,1.8678392166293634e-11,2.9593771464176991e-12,1,2
fp64,116,0,1,4.1566750041965861e-13,2.0947959428458011e-13,1,2
fp64,117,0,1,7.2817307739114767e-12,3.7764136160194646e-12,1,2
fp64,118,0,1,2.8799185258776561e-12,1.5060805106120403e-12,1,2
fp64,119,0,1,4.8849813083506888e-15,2.4140495556702063e-15,1,2
fp64,120,0,1,9.5332630678512942e-12,1.8324173857115508e-12,1,2
fp64,121,0,1,1.6334591457223269e-09,2.0537752827857307e-10,1,2
fp64,122,0,1,1.1761498441842377e-09,6.5897205351657402e-11,1,2
fp64,123,0,1,7.5504047458707646e-12,3.4927156607185357e-12,1,2
fp64,124,0,0,6.4172223090963598e-11,6.2496573222295894e-11,1,2
fp64,125,0,1,3.9831693499081666e-11,1.7927877603181772e-12,1,2
fp64,126,0,1,8.6473050942004193e-12,1.5492184180107926e-12,1,2
fp64,127,0,1,1.3322676295501878e-14,6.6029688585353341e-15,1,2
fp64,128,0,1,3.2995828291859652e-13,5.2961951690813546e-14,1,2
fp64,129,0,0,0,5.6605703763510938e-17,1,2
fp64,130,0,0,9.681144774731365e-14,1.2246214683774064e-13,1,2
fp64,131,0,1,2.6644020323374207e-11,1.2512129139909521e-11,1,2
fp64,132,0,1,2.0682096035784525e-09,3.0184742347400971e-10,1,2
fp64,133,0,0,2.1722579290894828e-10,3.1773170706124748e-10,1,2
fp64,134,0,1,1.1857181902996672e-11,2.3723055120347883e-12,1,2
fp64,135,0,1,1.4486092325682876e-09,2.1830025971505696e-10,1,2
fp64,136,0,1,2.5014212923224477e-11,1.2034013409538473e-11,1,2
fp64,137,1,0,2.3789858971667854e-12,3.020432900011801e-12,1,2
fp64,138,0,1,4.7282178172736167e-12,2.1805078847041327e-12,1,2
fp64,139,0,1,2.9165443393708301e-09,4.6347583675367945e-10,1,2
fp64,140,0,0,0,1.0063961862261462e-16,1,2
fp64,141,0,1,1.4208310084029563e-09,4.5744368283870476e-11,1,2
fp64,142,0,0,5.3235194030776256e-11,6.7237775787155896e-11,1,2
fp64,143,0,1,6.7931882341554228e-11,1.2587068470755367e-11,1,2
fp64,144,0,1,1.5065726444163374e-11,2.8055659446685958e-12,1,2
fp64,145,0,1,7.9305451095024182e-12,1.3841932588127736e-12,1,2
fp64,146,0,1,1.6732464303004235e-09,2.3900260550702297e-10,1,2
fp64,147,0,1,1.865174681370263e-13,9.2485445459175131e-14,1,2
fp64,148,0,1,8.6215479200291156e-12,1.6763117718771728e-12,1,2
fp64,149,0,1,2.5190383112771997e-10,4.5651106534356463e-11,1,2
fp64,150,0,1,1.9106494164589094e-10,1.640757235565768e-11,1,2
fp64,151,0,1,8.6894935691361752e-10,4.2678965648065073e-11,1,2
fp64,152,0,0,7.5495165674510645e-14,1.2048766770339306e-13,1,2
fp64,153,0,1,3.8919978351259488e-12,6.6446843776457047e-13,1,2
fp64,154,0,1,3.0965683350814288e-09,4.9267023012380578e-10,1,2
fp64,155,0,1,5.3894666507403599e-12,2.8040524881105035e-12,1,2
fp64,156,0,0,0,6.4208482634739688e-17,1,2
fp64,157,0,1,1.595967802359155e-11,3.1624215768728995e-12,1,2
fp64,158,0,0,6.6635585938001896e-12,6.4989772193404757e-12,1,2
fp64,159,0,1,2.6445956535781079e-11,1.2711521272260262e-11,1,2
fp64,160,0,1,2.5842439299594844e-11,1.5780151086326842e-12,1,2
fp64,161,0,1,4.0718539651152241e-12,6.5073951383776565e-13,1,2
fp64,162,0,1,2.8053390721538563e-09,3.4610443577310113e-10,1,2
fp64,163,0,1,3.7299496824516609e-11,1.771795262544053e-11,1,2
fp64,164,0,1,4.5328185649395891e-12,2.3621475634480368e-12,1,2
fp64,165,0,1,1.2878804689364642e-08,4.6992862111776172e-10,1,2
fp64,166,0,1,1.3248069308247068e-11,2.4051070502080153e-12,1,2
fp64,167,0,1,1.9355184122105129e-11,3.6323102546364488e-12,1,2
fp64,168,0,1,5.6380899948749175e-10,3.4065314622157404e-11,1,2
fp64,169,0,1,4.7324899554723743e-10,5.2144586695759796e-11,1,2
fp64,170,0,1,9.1482377229112899e-13,4.8168802489692626e-13,1,2
fp64,171,0,1,2.8790303474579559e-12,1.5056354419662973e-12,1,2
fp64,172,0,1,6.1569167542074865e-09,3.2060241680420764e-10,1,2
fp64,173,0,1,2.4605073534189614e-10,1.0932087187293148e-11,1,2
fp64,174,0,1,1.0307443787382908e-10,1.8990113432281688e-11,1,2
fp64,175,0,1,5.0359716396997101e-13,2.5394725019761097e-13,1,2
fp64,176,0,1,1.1980638703334989e-10,1.57044851056978e-11,1,2
fp64,177,0,1,6.4148686362841545e-12,2.9640089183617276e-12,1,2
fp64,178,0,1,1.0524914273446484e-12,5.5375030228630279e-13,1,2
fp64,179,0,1,5.0546233865134127e-12,2.6313671950675534e-12,1,2
fp64,180,0,1,2.2377655284344655e-12,2.3372810395570842e-13,1,2
fp64,181,0,1,7.6910700030907719e-10,1.1977821206831845e-10,1,2
fp64,182,0,1,1.8784973576657649e-13,2.989213363888782e-14,1,2
fp64,183,0,1,3.0280915552793886e-09,6.0529923886906062e-11,1,2
fp64,184,0,1,8.1724849110287323e-11,1.2783166344895301e-11,1,2
fp64,185,0,1,6.2585492344169324e-12,3.0557669290103948e-12,1,2
fp64,186,0,0,5.4671822624641209e-12,2.4133639038930108e-12,1,2
fp64,187,0,1,2.0512924692184242e-10,1.3755229118789802e-11,1,2
fp64,188,1,0,6.0662586065518553e-13,5.2589738698243163e-13,1,2
fp64,189,0,1,8.3760687275002965e-10,1.1493044166027701e-10,1,2
fp64,190,0,1,6.652456363553938e-13,3.5053676891501031e-13,1,2
fp64,191,0,1,1.9895858294205482e-09,2.8581492323514661e-10,1,2
fp64,192,1,0,0,4.5493947294275003e-18,1,2
fp64,193,0,0,3.3704017354807547e-10,3.5942993026338854e-10,1,2
fp64,194,0,1,1.0361045355011811e-11,1.9592834629733825e-12,1,2
fp64,195,0,1,5.6425975003548956e-12,9.8025382511364482e-13,1,2
fp64,196,0,1,1.5286136800796157e-09,2.147113413131905e-10,1,2
fp64,197,0,1,1.506796021288892e-09,2.1147762302627801e-10,1,2
fp64,198,0,1,5.6228799394375528e-11,9.3713559319198673e-12,1,2
fp64,199,0,1,8.7607698873171103e-11,1.095251295764228e-11,1,2
fp64,200,0,1,7.5495165674510645e-15,3.820966770711439e-15,1,2
fp64,201,1,1,1.3470780046986874e-10,5.4876726131351246e-11,1,2
fp64,202,0,0,2.2204460492503131e-15,3.5204246529610731e-15,1,2
fp64,203,0,1,5.4275695049454953e-11,3.575955898551852e-12,1,2
fp64,204,1,0,4.3698378249246161e-13,3.3356135286118766e-13,1,2
fp64,205,0,0,1.8327561690512084e-10,1.8857010397610452e-10,1,2
fp64,206,0,1,1.2891909761947318e-10,2.170477223066592e-11,1,2
fp64,207,0,1,1.0887148960136983e-09,1.5779602882021027e-10,1,2
fp64,208,0,1,2.8938469398553934e-09,4.1475422074956855e-10,1,2
fp64,209,0,1,4.1255887595070817e-12,4.2420527688258958e-13,1,2
fp64,210,0,1,9.9600327985172044e-12,1.2641613420893126e-12,1,2
fp64,211,0,1,1.0774319214590378e-09,3.1218101499171982e-11,1,2
fp64,212,0,1,2.1040946762695967e-12,2.959801778629329e-13,1,2
fp64,213,0,1,1.2108092306561957e-11,5.6236308717006153e-12,1,2
fp64,214,0,0,5.340172748447003e-12,3.9618962939220839e-12,1,2
fp64,215,1,0,1.1799450305716164e-11,1.8343917173970911e-11,1,2
fp64,216,0,0,2.886579864025407e-14,2.8272336168218922e-14,1,2
fp64,217,0,1,2.2226664952995634e-12,1.1643654027628747e-12,1,2
fp64,218,0,1,6.9322325657594774e-13,3.498582725567711e-13,1,2
fp64,219,0,1,1.1026735080577055e-12,5.5747351373743458e-13,1,2
fp64,220,0,1,1.3500311979441904e-12,6.6509021615203569e-13,1,2
fp64,221,0,1,6.4499516838623094e-12,3.1485329384506727e-12,1,2
fp64,222,0,0,0,2.8078616515223345e-17,1,2
fp64,223,0,0,2.8451463407463962e-11,3.5401625713078598e-11,1,2
fp64,224,0,1,1.4063679110165594e-09,1.0138694719697264e-10,1,2
fp64,225,0,1,3.3528291254469877e-11,5.288814048057119e-12,1,2
fp64,226,0,1,2.9531932455029164e-13,1.4621046694210552e-13,1,2
fp64,227,0,1,2.2710722191732202e-12,4.3031062331867333e-13,1,2
fp64,228,0,0,0,1.4691310024532544e-17,1,2
fp64,229,0,0,0,0,1,2
fp64,230,1,0,0,1.7964596326094475e-16,1,2
fp64,231,0,0,0,1.8858767898937098e-17,1,2
fp64,232,0,0,5.773159728050814e-15,4.5239912156285377e-15,1,2
fp64,233,0,0,6.5547567373869242e-13,7.8982562455100499e-13,1,2
fp64,234,0,0,3.2352787115996762e-11,2.9070721719921704e-11,1,2
fp64,235,0,0,2.6645352591003757e-14,4.0382100924433324e-14,1,2
fp64,236,0,0,9.2814644858663087e-14,1.1754049667804645e-13,1,2
fp64,237,1,0,0,5.325924831237526e-17,1,2
fp64,238,0,0,1.1219469797651982e-11,1.6376509993556997e-11,1,2
fp64,239,0,0,1.1893730444967332e-10,1.0994290523940742e-10,1,2
fp64,240,0,0,3.8538505719998284e-10,4.7838122352317214e-10,1,2
fp64,241,0,0,7.1083583463860123e-11,9.2281443694263069e-11,1,2
fp64,242,1,0,1.3962608846895819e-11,1.4050204539433468e-11,1,2
fp64,243,1,0,6.8611782921834674e-13,8.3706470142752881e-13,1,2
fp64,244,0,0,2.8002133944937668e-10,3.4676372884234752e-10,1,2
fp64,245,1,0,2.2204460492503131e-15,3.0517860589850746e-15,1,2
fp64,246,0,0,9.1748830755022937e-13,9.6530123888974728e-13,1,2
fp64,247,1,0,3.3666402998733247e-12,3.904592612582867e-12,1,2
fp64,248,1,0,3.4477665167287341e-10,3.716266252235788e-10,1,2
fp64,249,0,0,5.6188831365489023e-11,6.4260994773439152e-11,1,2
fp64,250,0,0,1.7925305684229897e-10,2.1608767129848185e-10,1,2
fp64,251,0,0,2.9132252166164108e-13,3.4320922205130217e-13,1,2
fp64,252,0,0,7.815970093361102e-13,8.9716161935891066e-13,1,2
fp64,253,1,0,0,2.4324290271669531e-17,1,2
fp64,254,0,0,4.9529269574577484e-12,5.5826104789770469e-12,1,2
fp64,255,1,0,7.6516570857165789e-13,9.5129809280664909e-13,1,2
fp64,256,0,0,9.7913233076951656e-11,1.2706490573293903e-10,1,2
fp64,257,1,0,2.6645352591003757e-15,2.296657547824495e-15,1,2
fp64,258,1,0,5.0150994468367571e-12,5.5630048244451549e-12,1,2
fp64,259,0,0,0,9.7459705261853011e-18,1,2
fp64,260,1,0,2.9143532032094299e-10,3.4732254577760045e-10,1,2
fp64,261,1,0,3.1086244689504383e-15,3.833412949149856e-15,1,2
fp64,262,0,0,0,0,1,2
fp64,263,0,0,0,2.2204460492503131e-16,1,2
fp64,264,0,0,0,0,1,2
fp64,265,1,0,2.7395863355650363e-12,3.3949605900060372e-12,1,2
fp64,266,0,0,1.4939605108565956e-10,1.3068216326075798e-10,1,2
fp64,267,0,0,1.5582646284428847e-11,1.8816526717536369e-11,1,2
fp64,268,0,0,3.3706371027619753e-13,4.3737673590796326e-13,1,2
fp64,269,0,0,5.3999205107402304e-10,4.7378703912871807e-10,1,2
fp64,270,0,0,0,1.1102230246251565e-16,1,2
fp64,271,0,0,9.9865893332662381e-11,2.7534619029268015e-10,1,2
fp64,272,1,0,3.187978769858546e-10,4.2262646331046415e-10,1,2
fp64,273,0,0,4.3653969328261155e-13,5.1832656850404909e-13,1,2
fp64,274,0,0,1.085354028873553e-10,1.1181872230299456e-10,1,2
fp64,275,1,0,2.5865087849297197e-11,2.1174849832559565e-11,1,2
fp64,276,0,0,2.7222668563808838e-13,3.1316979411385849e-13,1,2
fp64,277,0,0,4.744382664512159e-11,6.4123928389392404e-11,1,2
fp64,278,0,0,0,4.1787251726619947e-17,1,2
fp64,279,0,0,7.3639316866547233e-11,8.8680831331296879e-11,1,2
fp64,280,0,0,0,2.7019575919901153e-17,1,2
fp64,281,1,0,3.9474645774362216e-10,3.6236279934230977e-10,1,2
fp64,282,0,0,2.4869972747865177e-10,3.0929825115626074e-10,1,2
fp64,283,1,0,1.9239587700781158e-10,2.3239367560933481e-10,1,2
fp64,284,0,0,0,2.1725671412790588e-18,1,2
fp64,285,0,0,1.1879386363489175e-12,1.4590313468663638e-12,1,2
fp64,286,1,0,2.4040014423576395e-10,2.2032824090697252e-10,1,2
fp64,287,1,0,1.545874539488068e-10,1.6236286244948351e-10,1,2
fp64,288,0,0,2.1405099914773018e-13,2.0381851607839543e-13,1,2
fp64,289,0,0,1.5301093725383907e-11,2.0939074198258064e-11,1,2
fp64,290,1,0,2.9708502324865549e-10,3.4899027201603805e-10,1,2
fp64,291,1,0,0,1.7601019693157698e-17,1,2
fp64,292,0,0,0,4.3913433280162807e-17,1,2
fp64,293,0,0,2.1016122175865348e-10,2.3792179007767681e-10,1,2
fp64,294,0,0,0,4.4408920985006262e-16,1,2
fp64,295,0,0,9.1401997082130038e-11,1.0177143090323806e-10,1,2
fp64,296,1,0,0,1.0265247270284074e-16,1,2
fp64,297,0,0,9.8882679822054342e-11,1.1320891897401499e-10,1,2
fp64,298,0,0,9.1127105861232849e-13,8.1407280945562859e-13,1,2
fp64,299,0,0,1.4592771435673058e-12,1.3398524212572014e-12,1,2
fp64,300,1,0,4.2565506674918652e-11,4.9066543390009248e-11,1,2
fp64,301,0,0,0,3.3306690738754696e-16,1,2
fp64,302,1,0,2.3271207183483966e-10,2.7733834249490126e-10,1,2
fp64,303,1,0,0,4.5480320722059122e-18,1,2
fp64,304,0,0,3.2832048191266949e-10,4.0159709649227185e-10,1,2
fp64,305,0,0,0,3.3306690738754696e-16,1,2
fp64,306,0,0,1.3264811471458415e-10,1.5008993845361768e-10,1,2
fp64,307,0,0,1.0027534358414414e-12,9.409021046328655e-13,1,2
fp64,308,1,0,3.7623681947707155e-11,4.870448382081286e-11,1,2
fp64,309,0,0,1.0369483049998962e-12,9.6873657885233724e-13,1,2
fp64,310,1,0,2.0206059048177849e-13,2.5286036262776104e-13,1,2
fp64,311,0,0,8.7410079174787825e-12,8.0158197065923345e-12,1,2
fp64,312,1,0,0,4.0025237597823684e-17,1,2
fp64,313,0,0,6.2172489379008766e-14,6.1765527052050988e-14,1,2
fp64,314,0,0,3.4638958368304884e-14,4.0022336010902769e-14,1,2
fp64,315,0,0,8.524958516886727e-11,1.0064765586945976e-10,1,2
fp64,316,0,0,6.1248783822520636e-12,5.6171719622447077e-12,1,2
fp64,317,0,0,2.2259794008050449e-10,2.6123443637920972e-10,1,2
fp64,318,0,0,7.9491968563161208e-14,8.8490857520366089e-14,1,2
fp64,319,0,0,0,1.1102230246251565e-16,1,2
fp64,320,1,0,8.8817841970012523e-16,1.0259006313140672e-15,1,2
fp64,321,0,0,7.5495165674510645e-15,1.0585538848849772e-14,1,2
fp64,322,0,0,1.0969003483296547e-12,1.3194917744574789e-12,1,2
fp64,323,1,0,2.9162583459196867e-10,2.5708494694604311e-10,1,2
fp64,324,0,0,1.9095836023552692e-13,2.4589611216695289e-13,1,2
fp64,325,1,0,7.2164496600635175e-13,8.643309505579971e-13,1,2
fp64,326,0,0,0,7.5710563294568559e-18,1,2
fp64,327,0,0,1.3861800596259855e-10,1.2183199471619053e-10,1,2
fp64,328,0,0,1.5543122344752192e-13,1.8647930862401665e-13,1,2
fp64,329,1,0,2.4014479294010016e-10,2.2009404501118295e-10,1,2
fp64,330,0,0,1.9841905896100798e-12,1.7833484751654091e-12,1,2
fp64,331,1,0,1.042277375518097e-12,1.2956753160915125e-12,1,2
fp64,332,0,0,1.5099033134902129e-14,1.7839151808854277e-14,1,2
fp64,333,0,0,1.0471623568264476e-12,9.5167732964917278e-13,1,2
fp64,334,0,0,4.0699887904338539e-11,4.8487495075979073e-11,1,2
fp64,335,0,0,6.0174087934683484e-13,7.7178167493457511e-13,1,2
fp64,336,0,0,6.5725203057809267e-14,6.0609039444077871e-14,1,2
fp64,337,1,0,0,1.1916469312045682e-16,1,2
fp64,338,0,0,1.2445688923889975e-10,1.5738824141324702e-10,1,2
fp64,339,0,0,0,3.3306690738754696e-16,1,2
fp64,340,0,0,3.5083047578154947e-14,5.241067212951861e-14,1,2
fp64,341,0,0,1.546309746913721e-10,2.5582103102550491e-10,1,2
fp64,342,1,0,4.4408920985006262e-16,3.5967006267634544e-16,1,2
fp64,343,0,0,1.8199663998075266e-11,1.668707440255256e-11,1,2
fp64,344,0,0,0,1.1102230246251565e-16,1,2
fp64,345,0,0,1.5276668818842154e-12,1.7872944040819839e-12,1,2
fp64,346,1,0,2.7187141427020833e-12,3.1517396582122296e-12,1,2
fp64,347,1,0,3.1086244689504383e-15,2.8610731767071045e-15,1,2
fp64,348,1,0,2.7244873024301342e-12,3.1581879349313622e-12,1,2
fp64,349,0,0,1.3185008640448359e-12,1.9515211141866229e-12,1,2
fp64,350,1,0,1.0392575688911165e-11,1.219574076344682e-11,1,2
fp64,351,0,0,1.3481660232628201e-11,1.5597360996617977e-11,1,2
fp64,352,1,0,5.773159728050814e-15,6.5438488489482396e-15,1,2
fp64,353,0,0,4.0304648507571983e-11,5.0323625011673657e-11,1,2
fp64,354,0,0,9.7424290856906737e-12,1.6818441064659899e-11,1,2
fp64,355,0,0,0,1.3206302127904218e-16,1,2
fp64,356,1,0,0,3.2103269892714791e-18,1,2
fp64,357,0,0,4.1690650931514028e-11,3.9732226946912842e-11,1,2
fp64,358,0,0,0,0,1,2
fp64,359,0,0,2.376143726223745e-11,3.5199315554449985e-11,1,2
fp64,360,0,0,0,1.888833314026091e-17,1,2
fp64,361,0,0,1.7719159473017498e-13,2.0752938329538369e-13,1,2
fp64,362,0,0,0,2.9426155434879511e-17,1,2
fp64,363,0,0,0,8.5091611766799665e-17,1,2
fp64,364,1,0,1.276525551929808e-10,1.2146102742276924e-10,1,2
fp64,365,0,0,6.2604144090983027e-11,1.1962197898895965e-10,1,2
fp64,366,0,0,1.8451062899771387e-10,2.3910108597727978e-10,1,2
fp64,367,0,0,1.5987389190286194e-10,2.0273655452409709e-10,1,2
fp64,368,0,0,1.4699352846037073e-12,1.3693776617705604e-12,1,2
fp64,369,1,0,2.7977620220553945e-12,2.6788954928137816e-12,1,2
fp64,370,1,0,8.8817841970012523e-16,1.2851176547948755e-15,1,2
fp64,371,0,0,0,0,1,2
fp64,372,0,0,3.5527136788005009e-13,2.8087834889009665e-13,1,2
fp64,373,1,0,1.8518520050747611e-13,1.5956996258274404e-13,1,2
fp64,374,0,1,3.8498537691111778e-11,1.8392269394341686e-11,1,2
fp64,375,0,0,3.7655745188658329e-10,4.0658419928086768e-10,1,2
fp64,376,0,0,5.5910831520122883e-13,6.7725123124898326e-13,1,2
fp64,377,1,0,0,6.4103325645152378e-17,1,2
fp64,378,0,1,3.8316905204283103e-11,1.8329454029649075e-11,1,2
fp64,379,0,1,1.1215659512231468e-09,1.5535275791049085e-10,1,2
fp64,380,0,1,2.5333779518632582e-10,2.0015487675475147e-11,1,2
fp64,381,0,1,1.6750067999282692e-10,2.5969176198725691e-11,1,2
fp64,382,1,0,0,2.3529196955118057e-18,1,2
fp64,383,0,1,4.8907500271866411e-10,8.5774420806871723e-11,1,2
fp64,384,0,1,2.3878410360111957e-10,4.0672011672394645e-11,1,2
fp64,385,0,1,1.0945910844384343e-11,5.0786954682804702e-12,1,2
fp64,386,0,1,1.1648015885157292e-11,6.0122783658407201e-12,1,2
fp64,387,0,0,0,7.9625242469058477e-17,1,2
fp64,388,0,1,6.2616578588858829e-14,9.3860899900185968e-15,1,2
fp64,389,0,1,1.0168310637936884e-11,4.9446675618845675e-12,1,2
fp64,390,0,0,6.6209260296545835e-12,6.4782924024307191e-12,1,2
fp64,391,0,1,3.0335733924857777e-12,3.8688582200302876e-13,1,2
fp64,392,0,1,5.545786052607582e-12,2.7103134259103732e-12,1,2
fp64,393,0,1,7.1942451995710144e-14,6.2523555443922234e-15,1,2
fp64,394,0,1,5.0515014393681668e-10,2.5260927015357862e-10,1,2
fp64,395,0,1,2.7122037948856814e-10,6.5583210328041628e-12,1,2
fp64,396,0,1,1.4132250925058543e-11,9.7594363532608782e-12,1,2
fp64,397,0,1,9.8308028384508361e-12,4.5569863159943831e-12,1,2
fp64,398,1,0,3.4068925458541344e-10,4.3434321651973926e-10,1,2
fp64,399,0,1,1.1568523916594131e-12,6.0815672028787641e-13,1,2
fp64,400,0,1,1.4627410394041362e-11,2.6987447203464371e-12,1,2
fp64,401,1,0,5.5946358656910888e-11,3.3532601955183247e-11,1,2
fp64,402,0,0,4.9764636855798017e-12,5.067758368196492e-12,1,2
fp64,403,0,1,1.9984014443252818e-14,1.0099953982078956e-14,1,2
fp64,404,0,0,9.3258734068513149e-14,5.3965676519915167e-14,1,2
fp64,405,0,1,2.0494970165430004e-09,3.003620313596596e-10,1,2
fp64,406,0,1,2.2095214546880015e-11,3.5934598432235141e-12,1,2
fp64,407,0,1,4.8729154045190626e-10,6.6012863729152257e-11,1,2
fp64,408,0,1,9.7699626167013776e-13,4.8193570486460365e-13,1,2
fp64,409,0,1,9.7793773079501989e-11,1.5265716272555335e-11,1,2
fp64,410,0,1,9.2987839650504611e-12,1.6796236021864249e-12,1,2
fp64,411,0,1,7.390088541114892e-12,8.2030054658447337e-13,1,2
fp64,412,0,0,3.4554581418433372e-12,4.8106373869490443e-12,1,2
fp64,413,0,0,3.0415669982630789e-12,4.2689248853420364e-12,1,2
fp64,414,0,1,3.2668090454990306e-11,1.5422203468881115e-11,1,2
fp64,415,0,0,2.4011814758750916e-10,2.5658064561895344e-10,1,2
fp64,416,0,0,6.4863225901490296e-11,4.8202894514056344e-11,1,2
fp64,417,0,0,6.2172489379008766e-15,9.0184567821628065e-15,1,2
fp64,418,1,0,4.4408920985006262e-16,9.3583199314771919e-16,1,2
fp64,419,1,0,1.4139800441625994e-12,8.5317826484274797e-13,1,2
fp64,420,0,1,1.1000622635037871e-10,1.7148274682509782e-11,1,2
fp64,421,0,1,1.3356871164660333e-11,6.4775011646932893e-12,1,2
fp64,422,0,1,3.8135272717454427e-11,1.825650767071781e-11,1,2
fp64,423,0,0,0,3.2064463525626494e-17,1,2
fp64,424,0,0,1.3477086113766745e-10,1.9363397792847857e-10,1,2
fp64,425,0,0,3.6560976468535955e-10,3.843974027972763e-10,1,2
fp64,426,0,1,2.0010659795843821e-11,9.6576991087410439e-12,1,2
fp64,427,0,0,5.0230930526140583e-12,7.3218374335801494e-12,1,2
fp64,428,0,0,1.3753886918266289e-11,1.837150541568201e-11,1,2
fp64,429,0,1,3.6787914936553534e-09,2.7153339271754804e-10,1,2
fp64,430,0,1,1.8038903704109543e-12,9.4616357642060508e-13,1,2
fp64,431,0,1,1.0960565788309395e-11,2.1687998398337012e-12,1,2
fp64,432,1,0,2.7132962543419126e-11,1.5851746121892116e-11,1,2
fp64,433,0,1,1.120881165661558e-12,5.895808163734511e-13,1,2
fp64,434,0,1,1.1651519749023009e-09,1.8240110221551419e-10,1,2
fp64,435,0,1,3.4194869158454821e-13,1.7219045347103895e-13,1,2
fp64,436,0,1,1.4166445794216997e-13,7.1095789867697975e-14,1,2
fp64,437,0,1,1.6269559033332825e-09,1.7557248853634265e-10,1,2
fp64,438,0,1,3.1318108106859199e-09,4.979433183174453e-10,1,2
fp64,439,0,1,4.9167248050707713e-10,6.4041383968596479e-11,1,2
fp64,440,0,1,8.9794838231682661e-13,4.4301714522587679e-13,1,2
fp64,441,0,1,2.0661627964102536e-09,2.9975865373541725e-10,1,2
fp64,442,0,1,2.0103918529912335e-12,9.233506568051146e-13,1,2
fp64,443,0,1,3.1552538359846949e-12,3.5801025763415625e-13,1,2
fp64,444,0,1,3.4028335704761048e-11,1.6087711651073311e-11,1,2
fp64,445,0,1,4.9994053341606559e-10,8.7890910624687253e-11,1,2
fp64,446,0,1,5.8859184193238434e-10,1.6228120824246295e-11,1,2
fp64,447,0,1,2.5794477664931037e-11,3.4960667539623795e-12,1,2
fp64,448,1,0,0,3.5602555601585176e-17,1,2
fp64,449,0,1,5.3290705182007514e-13,2.6349371924484893e-13,1,2
fp64,450,0,0,0,9.1506933927334592e-17,1,2
fp64,451,0,1,2.5527135960601299e-11,1.2276721521364393e-11,1,2
fp64,452,0,1,5.3499427110637043e-12,2.783720744375483e-12,1,2
fp64,453,0,0,0,1.1102230246251565e-16,1,2
fp64,454,0,1,1.6535661728767082e-11,7.7063335139942674e-12,1,2
fp64,455,0,1,2.1882673451045775e-10,1.9689607882408035e-11,1,2
fp64,456,0,1,1.3670931053866298e-10,1.0624890884524138e-11,1,2
fp64,457,0,1,9.8099306455878832e-13,4.8398306212348669e-13,1,2
fp64,458,0,1,1.7259749185427609e-10,1.5095100438591272e-11,1,2
fp64,459,0,1,1.0635936575909e-12,2.0107193762464502e-13,1,2
fp64,460,0,1,5.6534776859962221e-11,5.0996029977217749e-12,1,2
fp64,461,0,0,5.3631765695172362e-11,4.9103122357135504e-11,1,2
fp64,462,0,1,1.397326698793222e-11,2.781314739342966e-12,1,2
fp64,463,0,1,1.9104131609992692e-09,2.7294551643842304e-10,1,2
fp64,464,0,1,9.5168317670868419e-12,1.7958331072727798e-12,1,2
fp64,465,0,1,4.4408920985006262e-16,1.6309520390770853e-16,1,2
fp64,466,0,0,2.7108537636877372e-11,3.9677116062098479e-11,1,2
fp64,467,0,0,0,1.4839063884230815e-17,1,2
fp64,468,0,0,8.3195672573310731e-12,7.3540740137323568e-12,1,2
fp64,469,0,0,0,0,1,2
fp64,470,0,1,2.6391333562969521e-11,1.2685448276330546e-11,1,2
fp64,471,0,1,5.9428018062135379e-12,3.0889381322890135e-12,1,2
fp64,472,0,1,4.9917536770749393e-10,8.7739784528918532e-11,1,2
fp64,473,0,1,1.234390367699234e-11,2.2233314901382211e-12,1,2
fp64,474,0,1,2.4007462684494385e-12,1.2181235929012775e-12,1,2
fp64,475,0,1,9.1127105861232849e-13,4.17478580411166e-13,1,2
fp64,476,0,1,3.8200109742092536e-11,1.8283112333509207e-11,1,2
fp64,477,1,0,1.4654943925052066e-14,1.7227495383490261e-14,1,2
fp64,478,0,1,9.1393559387142886e-13,4.5080774575602152e-13,1,2
fp64,479,0,1,8.8471452386329474e-12,1.7157343343046379e-12,1,2
fp64,480,0,1,3.8801850621439371e-11,6.1133972546104553e-12,1,2
fp64,481,1,0,0,1.5117526591385699e-16,1,2
fp64,482,0,1,3.2859643894767032e-09,1.3297224972014908e-10,1,2
fp64,483,0,1,1.9890222802132485e-10,1.3242518806055831e-11,1,2
fp64,484,0,1,1.2067236099255751e-11,1.6852691033217399e-12,1,2
fp64,485,0,0,0,8.8817841970012523e-16,1,2
fp64,486,0,0,3.4252023439762525e-10,4.2259276546516398e-10,1,2
fp64,487,0,1,9.85833636946154e-12,1.7962412879085714e-12,1,2
fp64,488,0,1,1.397415516635192e-11,6.7734919774267815e-12,1,2
fp64,489,0,1,2.0161650127192843e-13,1.0140864339860277e-13,1,2
fp64,490,0,1,9.3494101349733683e-12,4.5500951893943553e-12,1,2
fp64,491,0,1,4.0363268283272191e-12,2.1054095475706208e-12,1,2
fp64,492,0,1,3.1796787425264483e-12,1.6616507176973173e-12,1,2
fp64,493,0,0,0,0,1,2
fp64,494,0,1,3.525180147789797e-12,1.7277983347112858e-12,1,2
fp64,495,0,0,0,3.1496881602463485e-17,1,2
fp64,496,0,0,1.7947243691196491e-10,2.1646107465119526e-10,1,2
fp64,497,0,0,4.2099657093785936e-13,5.4591015719744606e-13,1,2
fp64,498,0,0,2.9012348079504591e-11,2.3954626336260183e-11,1,2
fp64,499,0,0,4.0856207306205761e-14,5.429056559098854e-14,1,2
fp64,500,1,0,3.7836400679225335e-13,4.7006123288788317e-13,1,2
fp64,501,1,0,2.7977620220553945e-14,3.2695936287414196e-14,1,2
fp64,502,0,0,0,3.7489591067462215e-17,1,2
fp64,503,0,0,0,0,1,2
fp64,504,0,0,9.4124708027720771e-12,1.0852884361503157e-11,1,2
fp64,505,1,0,2.7435831384536868e-12,3.4003038085403698e-12,1,2
fp64,506,0,0,4.5018611061209413e-10,3.6640445696203027e-10,1,2
fp64,507,1,0,4.4408920985006262e-16,2.5683926054741256e-16,1,2
fp64,508,0,0,5.4551918537981692e-12,6.7105553132781707e-12,1,2
fp64,509,0,0,1.510658265146958e-11,1.9825175427887604e-11,1,2
fp64,510,1,0,3.3779645747245013e-11,3.8269293156793306e-11,1,2
fp64,511,0,0,1.0182965581861936e-11,1.2665957867403122e-11,1,2
fp64,512,0,0,0,4.123003521690077e-17,1,2
fp64,513,0,0,8.3044682241961709e-14,1.0102401849384195e-13,1,2
fp64,514,0,0,4.2868375516036394e-11,1.0091305568948883e-10,1,2
fp64,515,1,0,0,1.487111431115761e-16,1,2
fp64,516,0,0,8.8817841970012523e-14,1.1069514999561178e-13,1,2
fp64,517,1,0,7.9936057773011271e-15,6.9409266846228688e-15,1,2
fp64,518,0,0,0,1.4833869840591128e-17,1,2
fp64,519,1,0,9.3702823278363212e-14,1.2000099508757434e-13,1,2
fp64,520,1,0,4.4408920985006262e-16,1.4892175638493386e-16,1,2
fp64,521,0,0,0,1.8468007614582335e-17,1,2
fp64,522,0,1,2.3033575047293198e-11,1.1094837375284232e-11,1,2
fp64,523,0,0,6.9131367297359247e-12,5.470261564318779e-12,1,2
fp64,524,1,0,6.9677597025474824e-12,5.0969676587863776e-12,1,2
fp64,525,0,0,0,1.8753580569872981e-17,1,2
fp64,526,0,0,1.3322676295501878e-15,1.8885072515607788e-15,1,2
fp64,527,0,0,1.4745626941703449e-10,2.1778234771119287e-10,1,2
fp64,528,0,0,1.1080025785759062e-10,2.4055357705776714e-10,1,2
fp64,529,0,0,1.0297718233687192e-10,1.061591837779556e-10,1,2
fp64,530,0,0,0,2.1516496518790492e-17,1,2
fp64,531,0,0,2.042810365310288e-14,2.4020799600096193e-14,1,2
fp64,532,0,0,1.5631940186722204e-13,1.8192674328497869e-13,1,2
fp64,533,0,0,2.0271784251235658e-11,1.6629517069264286e-11,1,2
fp64,534,0,0,3.5527136788005009e-15,3.4518236666804337e-15,1,2
fp64,535,1,0,1.0125233984581428e-13,1.1381439793706604e-13,1,2
fp64,536,0,0,2.3952395622472977e-11,2.0137171406431084e-11,1,2
fp64,537,0,0,1.6858514584328077e-10,2.6419311183190075e-10,1,2
fp64,538,0,0,2.8058977363798476e-10,3.4824931827159844e-10,1,2
fp64,539,0,0,1.2812861882594007e-11,1.1960137960496136e-11,1,2
fp64,540,1,0,6.6613381477509392e-15,7.24140018428711e-15,1,2
fp64,541,0,0,9.9954267085422543e-11,7.9967652254270549e-11,1,2
fp64,542,1,0,1.6731371843548004e-10,2.0895099966297857e-10,1,2
fp64,543,1,0,2.3003821070233244e-13,2.9977787106685635e-13,1,2
fp64,544,1,0,1.3411494137471891e-13,1.0950269447934477e-13,1,2
fp64,545,1,0,0,2.9365653048184278e-17,1,2
fp64,546,1,0,0,4.1404449172903153e-17,1,2
fp64,547,0,0,1.7876811142514271e-11,1.7028335929022334e-11,1,2
fp64,548,1,0,1.8109069799265853e-11,1.4080493355599174e-11,1,2
fp64,549,0,0,2.1314505715963605e-11,2.8704373686097478e-11,1,2
fp64,550,0,0,0,3.3687742747490292e-17,1,2
fp64,551,0,0,6.4526162191214098e-13,8.6246484101693731e-13,1,2
fp64,552,0,0,1.3411494137471891e-12,1.5474659729360175e-12,1,2
fp64,553,0,0,3.1086244689504383e-15,3.7218671496264369e-15,1,2
fp64,554,0,0,6.567635324472576e-12,8.3237776133698767e-12,1,2
fp64,555,1,0,6.6568972556524386e-13,8.1232754720227154e-13,1,2
fp64,556,0,0,1.1661782650662644e-12,1.3718703226477904e-12,1,2
fp64,557,0,0,2.4604318582532869e-11,2.3434671162486683e-11,1,2
fp64,558,1,0,3.907985046680551e-14,4.6517977036424559e-14,1,2
fp64,559,0,0,9.610090501155355e-13,1.169085755226222e-12,1,2
fp64,560,1,0,3.9612757518625585e-13,5.0990717432309947e-13,1,2
fp64,561,1,0,2.2070789640338262e-10,2.3904713227865041e-10,1,2
fp64,562,0,0,6.0022564696282643e-10,4.7988446315011741e-10,1,2
fp64,563,0,0,8.6113338682025642e-11,1.1739081482670251e-10,1,2
fp64,564,0,0,2.5705260142672159e-10,3.045862758552505e-10,1,2
fp64,565,0,0,1.3392842390658188e-11,1.0733922896523989e-11,1,2
fp64,566,0,0,1.8767654097473496e-10,2.1665902640963449e-10,1,2
fp64,567,1,0,1.5987211554602254e-14,2.0974762787491562e-14,1,2
fp64,568,1,0,1.4166445794216997e-13,1.6703522817513993e-13,1,2
fp64,569,0,0,2.8302249432954341e-11,4.7810422287852816e-11,1,2
fp64,570,0,0,0,1.144930495115297e-17,1,2
fp64,571,0,0,9.5301544433823437e-13,1.0981530016436612e-12,1,2
fp64,572,0,0,2.188209613507297e-10,2.7035243331925879e-10,1,2
fp64,573,0,0,1.2331025089906689e-10,1.3370925177896832e-10,1,2
fp64,574,0,0,2.9709568138969189e-13,3.515105784137591e-13,1,2
fp64,575,1,0,2.6423307986078726e-13,2.9785138796310889e-13,1,2
fp64,576,0,0,0,4.4408920985006262e-16,1,2
fp64,577,0,0,3.4665603720895888e-12,4.1801122506613589e-12,1,2
fp64,578,0,0,3.3077540706472064e-10,4.7228987387626375e-10,1,2
fp64,579,1,0,2.4134205744985593e-10,2.2119100749939461e-10,1,2
fp64,580,0,0,2.230646778400569e-10,2.4812174032106567e-10,1,2
fp64,581,0,0,3.7938452379648879e-10,4.3459956488128372e-10,1,2
fp64,582,0,0,3.2440894415231014e-10,4.4488090988892282e-10,1,2
fp64,583,0,0,7.900524678916554e-11,9.1585854417562442e-11,1,2
fp64,584,0,0,6.8256511553954624e-13,7.5768505076460564e-13,1,2
fp64,585,0,0,8.9626084331939637e-11,1.0907237412106615e-10,1,2
fp64,586,1,0,1.6076029396572267e-13,1.876654306257483e-13,1,2
fp64,587,0,0,1.0463185873277325e-11,9.7670604471431072e-12,1,2
fp64,588,0,0,1.8856027850233659e-12,1.6892646493348889e-12,1,2
fp64,589,0,0,1.5640821970919205e-12,1.7393995932344449e-12,1,2
fp64,590,0,0,3.4410874150125892e-10,3.1530451083222509e-10,1,2
fp64,591,0,0,1.8878232310726162e-12,3.2073442730654754e-12,1,2
fp64,592,0,0,3.9968028886505635e-15,3.9614673588258742e-15,1,2
fp64,593,0,0,1.7559287357471476e-12,1.5907309976090312e-12,1,2
fp64,594,1,0,5.3290705182007514e-15,6.4279203697241445e-15,1,2
fp64,595,1,0,1.3745449223279138e-11,1.7523837632915591e-11,1,2
fp64,596,1,0,1.1919354392375681e-12,1.4059042942439358e-12,1,2
fp64,597,0,0,1.6287904358591732e-10,1.8688777288057607e-10,1,2
fp64,598,0,0,1.7763568394002505e-15,2.3280929687404776e-15,1,2
fp64,599,0,0,8.8817841970012523e-14,1.0147844773782483e-13,1,2
adaptive,0,1,0,7.7071682369478367e-12,1.055801038870866e-11,1,2
adaptive,1,0,0,6.2172489379008766e-15,6.0795319997616134e-15,1,2
adaptive,2,0,0,0,3.6551640472104419e-18,1,2
adaptive,3,0,0,6.4392935428259079e-14,7.7618058053456141e-14,1,2
adaptive,4,0,0,3.446576357646336e-11,4.0655078788414141e-11,1,2
adaptive,5,0,0,4.53903581387749e-12,4.0894079698222626e-12,1,2
adaptive,6,0,0,2.2554555556553169e-08,3.5852475654962745e-08,1,0
adaptive,7,0,0,1.1186607196123077e-11,1.0982886879384182e-11,1,2
adaptive,8,0,0,0,1.1102230246251565e-16,1,2
adaptive,9,1,0,0,1.6551024127274957e-16,1,2
adaptive,10,1,0,4.4408920985006262e-16,2.7273366710158099e-16,1,2
adaptive,11,0,0,3.9968028886505635e-15,3.8492818155226619e-15,1,2
adaptive,12,0,0,6.6163963197141129e-11,6.4283419750177722e-11,1,2
adaptive,13,1,0,4.4482639793841372e-11,4.1446898460037579e-11,1,2
adaptive,14,0,0,6.3948846218409017e-12,5.9080465660907742e-12,1,2
adaptive,15,0,0,1.4699352846037073e-13,1.9726301670822304e-13,1,2
adaptive,16,0,0,3.9933834017347181e-11,4.5798720534188991e-11,1,2
adaptive,17,0,0,1.5618617510426702e-12,1.5752434136130355e-12,1,2
adaptive,18,0,0,0,0,1,2
adaptive,19,0,0,1.2120793257963669e-10,1.2744452175424693e-10,1,2
adaptive,20,1,0,4.4408920985006262e-16,2.1772699395210719e-16,1,2
adaptive,21,1,0,4.2069370209674162e-10,4.0725325376532916e-10,1,2
adaptive,22,1,0,5.3551829637399351e-11,5.2800236025255616e-11,1,2
adaptive,23,0,0,0,6.1158573197613527e-17,1,2
adaptive,24,1,0,2.8954527664382113e-10,2.8219254893684282e-10,1,2
adaptive,25,0,0,2.4735768988648488e-13,2.7437114910700959e-13,1,2
adaptive,26,0,0,2.6645352591003757e-15,2.8270941728632456e-15,1,2
adaptive,27,1,0,2.3541169014151819e-12,2.3905867856933159e-12,1,2
adaptive,28,1,0,7.9181106116266164e-13,8.4533641236865535e-13,1,2
adaptive,29,0,0,2.7976909677818185e-10,3.0558003318851876e-10,1,2
adaptive,30,0,0,0,4.5604236815769111e-17,1,2
adaptive,31,0,0,6.7182703844537173e-11,8.5201778115406229e-11,1,2
adaptive,32,0,0,5.1485438135046024e-10,4.8958551804526143e-10,1,2
adaptive,33,1,0,4.971534295350466e-11,5.6107677215658682e-11,1,2
adaptive,34,0,0,4.4408920985006262e-16,2.9551272313841152e-16,1,2
adaptive,35,1,0,0,3.2745601759384953e-16,1,2
adaptive,36,1,0,0,1.5218474221762613e-16,1,2
adaptive,37,1,0,1.4614975896165561e-12,1.2871960965030475e-12,1,2
adaptive,38,0,0,0,4.8873783304964677e-18,1,2
adaptive,39,0,0,0,1.1102230246251565e-16,1,2
adaptive,40,1,0,7.3940853440035426e-13,7.4526710249781025e-13,1,2
adaptive,41,0,0,3.1536995237502197e-10,3.0516022935677458e-10,1,2
adaptive,42,1,0,9.681144774731365e-14,1.1804355594834267e-13,1,2
adaptive,43,0,0,2.6645352591003757e-15,2.8227223459373397e-15,1,2
adaptive,44,0,0,2.3341684141087171e-10,2.1119789843230906e-10,1,2
adaptive,45,0,0,0,1.1102230246251565e-16,1,2
adaptive,46,0,0,5.1775694842604025e-10,4.3723349556680975e-10,1,2
adaptive,47,0,0,2.0096235786581929e-10,1.990871761298631e-10,1,2
adaptive,48,0,0,3.7540637265465193e-11,3.3599657476834993e-11,1,2
adaptive,49,1,0,4.4408920985006262e-16,3.5045043992819219e-16,1,2
adaptive,50,1,0,5.3654947151926535e-10,4.8025614315577326e-10,1,2
adaptive,51,1,0,1.2681855565688238e-11,1.5669840767858929e-11,1,2
adaptive,52,1,0,4.5692338801472943e-12,7.007642442869794e-12,1,2
adaptive,53,1,0,1.3378631535942986e-11,1.3485541151167804e-11,1,2
adaptive,54,1,0,9.0720320145010191e-11,1.9749276813230881e-10,1,2
adaptive,55,1,0,1.4162315764565392e-10,3.0830280814492342e-10,1,2
adaptive,56,0,0,0,3.0673873029061785e-16,1,2
adaptive,57,0,0,4.3893333412370339e-11,5.8432148009046614e-11,1,2
adaptive,58,1,0,6.09938766160667e-11,1.4054204489211264e-10,1,2
adaptive,59,1,0,2.4200952353226057e-10,2.4286059867337778e-10,1,2
adaptive,60,1,0,7.9897422011754315e-11,2.0977460090720807e-10,1,2
adaptive,61,1,0,0,4.3968634110023879e-17,1,2
adaptive,62,1,0,0,5.4108431928986359e-16,1,2
adaptive,63,1,0,3.9844127996957468e-11,7.5192621356983825e-11,1,2
adaptive,64,0,0,8.8817841970012523e-16,1.2344002998724736e-15,1,2
adaptive,65,0,0,2.0117241206207837e-13,3.4140901064018071e-13,1,2
adaptive,66,0,0,0,8.6730960798182116e-17,1,2
adaptive,67,0,0,2.7853275241795927e-12,2.94434735982829e-12,1,2
adaptive,68,1,0,3.5869085479589558e-11,4.5203319285577198e-11,1,2
adaptive,69,1,0,6.2172489379008766e-15,1.6702698585615365e-14,1,2
adaptive,70,0,0,1.2376766278521245e-12,4.3945017733797823e-12,1,2
adaptive,71,0,0,0,8.4962281372306918e-17,1,2
adaptive,72,0,0,2.3132606941089762e-12,6.1145687641635611e-12,1,2
adaptive,73,0,0,1.9984014443252818e-14,2.4736704231051516e-14,1,2
adaptive,74,1,0,1.9095836023552692e-14,1.6490193312276067e-13,1,2
adaptive,75,0,0,0,4.4405777241423107e-16,1,2
adaptive,76,1,0,2.2204460492503131e-15,5.1309928086297767e-15,1,2
adaptive,77,0,0,1.59574575775423e-11,7.3576198275101165e-11,1,2
adaptive,78,0,0,1.6271428648906294e-12,4.6893689847560012e-12,1,2
adaptive,79,1,0,2.0383694732117874e-13,4.9961152801116422e-13,1,2
adaptive,80,0,0,4.787281682183675e-13,1.4736377476355423e-12,1,2
adaptive,81,1,0,2.3824497930036159e-11,4.6181351198720669e-11,1,2
adaptive,82,0,0,2.7173818750725331e-12,3.5393670039547129e-12,1,2
adaptive,83,1,0,1.9095836023552692e-14,1.6559296987027273e-13,1,2
adaptive,84,1,0,5.3290705182007514e-15,1.5293553618838429e-14,1,2
adaptive,85,0,0,2.3638868640318833e-12,6.6903116895681407e-12,1,2
adaptive,86,1,0,3.9968028886505635e-15,1.0491457378346231e-14,1,2
adaptive,87,1,0,1.9269030815394217e-12,4.6669620804230899e-12,1,2
adaptive,88,0,0,4.2714720649428273e-11,1.4861778715551254e-10,1,2
adaptive,89,0,0,3.2534552829588392e-10,3.2537472369198461e-10,1,2
adaptive,90,0,0,2.078337502098293e-13,4.21729319292008e-13,1,2
adaptive,91,0,1,8.6430862467068437e-11,8.2315612790044775e-12,1,2
adaptive,92,1,0,0,6.1152660630461759e-17,1,2
adaptive,93,0,1,4.716227408607665e-13,5.7098943482849314e-14,1,2
adaptive,94,1,0,4.1744385725905886e-14,3.7271283889251967e-14,1,2
adaptive,95,0,1,3.3693696721570632e-09,4.7636212545602659e-10,1,2
adaptive,96,1,0,2.7797630863801714e-10,3.998688772440347e-10,1,2
adaptive,97,0,0,6.4739325011942128e-12,9.7967121088869181e-12,1,2
adaptive,98,0,0,0,3.6110190404797854e-16,1,2
adaptive,99,1,0,1.7266188478970435e-12,3.1164442730644887e-12,1,2
adaptive,100,0,0,4.6190073987872893e-10,4.6572501410935274e-10,1,2
adaptive,101,0,1,3.2107649872159527e-11,3.0152596623412129e-12,1,2
adaptive,102,0,1,3.0577318455016211e-11,1.4406473616600715e-11,1,2
adaptive,103,0,1,9.4515506532388827e-12,4.8849789791676375e-12,1,2
adaptive,104,0,0,3.5778580098622115e-10,3.6499578359716622e-10,1,2
adaptive,105,0,1,2.3352431099965543e-11,1.5708537078009081e-12,1,2
adaptive,106,0,1,2.0829205027439457e-10,1.7564143489115356e-11,1,2
adaptive,107,0,1,7.0219385861491901e-12,3.4168728496211939e-13,1,2
adaptive,108,0,1,1.7467316482111528e-10,1.1325855665478045e-11,1,2
adaptive,109,0,0,0,8.9530566184014614e-17,1,2
adaptive,110,0,1,4.9297943505166586e-10,8.6529300571036659e-11,1,2
adaptive,111,0,1,4.2406078648582479e-12,8.0361367802871691e-13,1,2
adaptive,112,0,1,1.4424017535930034e-12,7.3003398743692935e-13,1,2
adaptive,113,0,0,1.9539925233402755e-14,2.6161599989598804e-14,1,2
adaptive,114,1,0,5.5622173533720343e-12,8.8639763350878628e-12,1,2
adaptive,115,0,1,1.8678392166293634e-11,2.9593771464176991e-12,1,2
adaptive,116,0,1,4.1566750041965861e-13,2.0947959428458011e-13,1,2
adaptive,117,0,1,7.2817307739114767e-12,3.7764136160194646e-12,1,2
adaptive,118,0,1,2.8799185258776561e-12,1.5060805106120403e-12,1,2
adaptive,119,0,1,4.8849813083506888e-15,2.4140495556702063e-15,1,2
adaptive,120,0,1,9.5332630678512942e-12,1.8324173857115508e-12,1,2
adaptive,121,0,1,1.6334591457223269e-09,2.0537752827857307e-10,1,2
adaptive,122,0,1,1.1761498441842377e-09,6.5897205351657402e-11,1,2
adaptive,123,0,1,7.5504047458707646e-12,3.4927156607185357e-12,1,2
adaptive,124,0,0,6.4172223090963598e-11,6.2496573222295894e-11,1,2
adaptive,125,0,1,3.9831693499081666e-11,1.7927877603181772e-12,1,2
adaptive,126,0,1,8.6473050942004193e-12,1.5492184180107926e-12,1,2
adaptive,127,0,1,1.3322676295501878e-14,6.6029688585353341e-15,1,2
adaptive,128,0,1,3.2995828291859652e-13,5.2961951690813546e-14,1,2
adaptive,129,0,0,0,5.6605703763510938e-17,1,2
adaptive,130,0,0,9.681144774731365e-14,1.2246214683774064e-13,1,2
adaptive,131,0,1,2.6644020323374207e-11,1.2512129139909521e-11,1,2
adaptive,132,0,1,2.0682096035784525e-09,3.0184742347400971e-10,1,2
adaptive,133,0,0,2.1722579290894828e-10,3.1773170706124748e-10,1,2
adaptive,134,0,1,1.1857181902996672e-11,2.3723055120347883e-12,1,2
adaptive,135,0,1,1.4486092325682876e-09,2.1830025971505696e-10,1,2
adaptive,136,0,1,2.5014212923224477e-11,1.2034013409538473e-11,1,2
adaptive,137,1,0,2.3789858971667854e-12,3.020432900011801e-12,1,2
adaptive,138,0,1,4.7282178172736167e-12,2.1805078847041327e-12,1,2
adaptive,139,0,1,2.9165443393708301e-09,4.6347583675367945e-10,1,2
adaptive,140,0,0,0,1.0063961862261462e-16,1,2
adaptive,141,0,1,1.4208310084029563e-09,4.5744368283870476e-11,1,2
adaptive,142,0,0,5.3235194030776256e-11,6.7237775787155896e-11,1,2
adaptive,143,0,1,6.7931882341554228e-11,1.2587068470755367e-11,1,2
adaptive,144,0,1,1.5065726444163374e-11,2.8055659446685958e-12,1,2
adaptive,145,0,1,7.9305451095024182e-12,1.3841932588127736e-12,1,2
adaptive,146,0,1,1.6732464303004235e-09,2.3900260550702297e-10,1,2
adaptive,147,0,1,1.865174681370263e-13,9.2485445459175131e-14,1,2
adaptive,148,0,1,8.6215479200291156e-12,1.6763117718771728e-12,1,2
adaptive,149,0,1,2.5190383112771997e-10,4.5651106534356463e-11,1,2
adaptive,150,0,1,1.9106494164589094e-10,1.640757235565768e-11,1,2
adaptive,151,0,1,8.6894935691361752e-10,4.2678965648065073e-11,1,2
adaptive,152,0,0,7.5495165674510645e-14,1.2048766770339306e-13,1,2
adaptive,153,0,1,3.8919978351259488e-12,6.6446843776457047e-13,1,2
adaptive,154,0,1,3.0965683350814288e-09,4.9267023012380578e-10,1,2
adaptive,155,0,1,5.3894666507403599e-12,2.8040524881105035e-12,1,2
adaptive,156,0,0,0,6.4208482634739688e-17,1,2
adaptive,157,0,1,1.595967802359155e-11,3.1624215768728995e-12,1,2
adaptive,158,0,0,6.6635585938001896e-12,6.4989772193404757e-12,1,2
adaptive,159,0,1,2.6445956535781079e-11,1.2711521272260262e-11,1,2
adaptive,160,0,1,2.5842439299594844e-11,1.5780151086326842e-12,1,2
adaptive,161,0,1,4.0718539651152241e-12,6.5073951383776565e-13,1,2
adaptive,162,0,1,2.8053390721538563e-09,3.4610443577310113e-10,1,2
adaptive,163,0,1,3.7299496824516609e-11,1.771795262544053e-11,1,2
adaptive,164,0,1,4.5328185649395891e-12,2.3621475634480368e-12,1,2
adaptive,165,0,1,1.2878804689364642e-08,4.6992862111776172e-10,1,2
adaptive,166,0,1,1.3248069308247068e-11,2.4051070502080153e-12,1,2
adaptive,167,0,1,1.9355184122105129e-11,3.6323102546364488e-12,1,2
adaptive,168,0,1,5.6380899948749175e-10,3.4065314622157404e-11,1,2
adaptive,169,0,1,4.7324899554723743e-10,5.2144586695759796e-11,1,2
adaptive,170,0,1,9.1482377229112899e-13,4.8168802489692626e-13,1,2
adaptive,171,0,1,2.8790303474579559e-12,1.5056354419662973e-12,1,2
adaptive,172,0,1,6.1569167542074865e-09,3.2060241680420764e-10,1,2
adaptive,173,0,1,2.4605073534189614e-10,1.0932087187293148e-11,1,2
adaptive,174,0,1,1.0307443787382908e-10,1.8990113432281688e-11,1,2
adaptive,175,0,1,5.0359716396997101e-13,2.5394725019761097e-13,1,2
adaptive,176,0,1,1.1980638703334989e-10,1.57044851056978e-11,1,2
adaptive,177,0,1,2.0241514242513858e-08,9.3523936308112004e-09,1,0
adaptive,178,0,1,1.0524914273446484e-12,5.5375030228630279e-13,1,2
adaptive,179,0,1,5.0546233865134127e-12,2.6313671950675534e-12,1,2
adaptive,180,0,1,2.2377655284344655e-12,2.3372810395570842e-13,1,2
adaptive,181,0,1,7.6910700030907719e-10,1.1977821206831845e-10,1,2
adaptive,182,0,1,1.8784973576657649e-13,2.989213363888782e-14,1,2
adaptive,183,0,1,3.0280915552793886e-09,6.0529923886906062e-11,1,2
adaptive,184,0,1,8.1724849110287323e-11,1.2783166344895301e-11,1,2
adaptive,185,0,1,6.2585492344169324e-12,3.0557669290103948e-12,1,2
adaptive,186,0,0,5.4671822624641209e-12,2.4133639038930108e-12,1,2
adaptive,187,0,1,2.0512924692184242e-10,1.3755229118789802e-11,1,2
adaptive,188,1,0,6.0662586065518553e-13,5.2589738698243163e-13,1,2
adaptive,189,0,1,8.3760687275002965e-10,1.1493044166027701e-10,1,2
adaptive,190,0,1,6.652456363553938e-13,3.5053676891501031e-13,1,2
adaptive,191,0,1,1.9895858294205482e-09,2.8581492323514661e-10,1,2
adaptive,192,1,0,0,4.5493947294275003e-18,1,2
adaptive,193,0,0,3.3704017354807547e-10,3.5942993026338854e-10,1,2
adaptive,194,0,1,1.0361045355011811e-11,1.9592834629733825e-12,1,2
adaptive,195,0,1,5.6425975003548956e-12,9.8025382511364482e-13,1,2
adaptive,196,0,1,1.5286136800796157e-09,2.147113413131905e-10,1,2
adaptive,197,0,1,1.506796021288892e-09,2.1147762302627801e-10,1,2
adaptive,198,0,1,5.6228799394375528e-11,9.3713559319198673e-12,1,2
adaptive,199,0,1,8.7607698873171103e-11,1.095251295764228e-11,1,2
adaptive,200,0,1,7.5495165674510645e-15,3.820966770711439e-15,1,2
adaptive,201,1,1,1.3470780046986874e-10,5.4876726131351246e-11,1,2
adaptive,202,0,0,2.2204460492503131e-15,3.5204246529610731e-15,1,2
adaptive,203,0,1,5.4275695049454953e-11,3.575955898551852e-12,1,2
adaptive,204,1,0,4.3698378249246161e-13,3.3356135286118766e-13,1,2
adaptive,205,0,0,1.8327561690512084e-10,1.8857010397610452e-10,1,2
adaptive,206,0,1,1.2891909761947318e-10,2.170477223066592e-11,1,2
adaptive,207,0,1,1.0887148960136983e-09,1.5779602882021027e-10,1,2
adaptive,208,0,1,2.8938469398553934e-09,4.1475422074956855e-10,1,2
adaptive,209,0,1,4.1255887595070817e-12,4.2420527688258958e-13,1,2
adaptive,210,0,1,9.9600327985172044e-12,1.2641613420893126e-12,1,2
adaptive,211,0,1,1.0774319214590378e-09,3.1218101499171982e-11,1,2
adaptive,212,0,1,2.1040946762695967e-12,2.959801778629329e-13,1,2
adaptive,213,0,1,1.2108092306561957e-11,5.6236308717006153e-12,1,2
adaptive,214,0,0,5.340172748447003e-12,3.9618962939220839e-12,1,2
adaptive,215,1,0,1.1799450305716164e-11,1.8343917173970911e-11,1,2
adaptive,216,0,0,2.886579864025407e-14,2.8272336168218922e-14,1,2
adaptive,217,0,1,2.2226664952995634e-12,1.1643654027628747e-12,1,2
adaptive,218,0,1,6.9322325657594774e-13,3.498582725567711e-13,1,2
adaptive,219,0,1,1.1026735080577055e-12,5.5747351373743458e-13,1,2
adaptive,220,0,1,1.3500311979441904e-12,6.6509021615203569e-13,1,2
adaptive,221,0,1,6.4499516838623094e-12,3.1485329384506727e-12,1,2
adaptive,222,0,0,0,2.8078616515223345e-17,1,2
adaptive,223,0,0,2.8451463407463962e-11,3.5401625713078598e-11,1,2
adaptive,224,0,1,1.4063679110165594e-09,1.0138694719697264e-10,1,2
adaptive,225,0,1,3.3528291254469877e-11,5.288814048057119e-12,1,2
adaptive,226,0,1,2.9531932455029164e-13,1.4621046694210552e-13,1,2
adaptive,227,0,1,2.2710722191732202e-12,4.3031062331867333e-13,1,2
adaptive,228,0,0,0,1.4691310024532544e-17,1,2
adaptive,229,0,0,0,0,1,2
adaptive,230,1,0,0,1.7964596326094475e-16,1,2
adaptive,231,0,0,0,1.8858767898937098e-17,1,2
adaptive,232,0,0,5.773159728050814e-15,4.5239912156285377e-15,1,2
adaptive,233,0,0,6.5547567373869242e-13,7.8982562455100499e-13,1,2
adaptive,234,0,0,3.2352787115996762e-11,2.9070721719921704e-11,1,2
adaptive,235,0,0,2.6645352591003757e-14,4.0382100924433324e-14,1,2
adaptive,236,0,0,9.2814644858663087e-14,1.1754049667804645e-13,1,2
adaptive,237,1,0,0,5.325924831237526e-17,1,2
adaptive,238,0,0,1.1219469797651982e-11,1.6376509993556997e-11,1,2
adaptive,239,0,0,1.1893730444967332e-10,1.0994290523940742e-10,1,2
adaptive,240,0,0,3.8538505719998284e-10,4.7838122352317214e-10,1,2
adaptive,241,0,0,7.1083583463860123e-11,9.2281443694263069e-11,1,2
adaptive,242,1,0,1.3962608846895819e-11,1.4050204539433468e-11,1,2
adaptive,243,1,0,6.8611782921834674e-13,8.3706470142752881e-13,1,2
adaptive,244,0,0,2.8002133944937668e-10,3.4676372884234752e-10,1,2
adaptive,245,1,0,2.2204460492503131e-15,3.0517860589850746e-15,1,2
adaptive,246,0,0,9.1748830755022937e-13,9.6530123888974728e-13,1,2
adaptive,247,1,0,3.3666402998733247e-12,3.904592612582867e-12,1,2
adaptive,248,1,0,3.4477665167287341e-10,3.716266252235788e-10,1,2
adaptive,249,0,0,5.6188831365489023e-11,6.4260994773439152e-11,1,2
adaptive,250,0,0,1.7925305684229897e-10,2.1608767129848185e-10,1,2
adaptive,251,0,0,2.9132252166164108e-13,3.4320922205130217e-13,1,2
adaptive,252,0,0,7.815970093361102e-13,8.9716161935891066e-13,1,2
adaptive,253,1,0,0,2.4324290271669531e-17,1,2
adaptive,254,0,0,4.9529269574577484e-12,5.5826104789770469e-12,1,2
adaptive,255,1,0,7.6516570857165789e-13,9.5129809280664909e-13,1,2
adaptive,256,0,0,9.7913233076951656e-11,1.2706490573293903e-10,1,2
adaptive,257,1,0,2.6645352591003757e-15,2.296657547824495e-15,1,2
adaptive,258,1,0,5.0150994468367571e-12,5.5630048244451549e-12,1,2
adaptive,259,0,0,0,9.7459705261853011e-18,1,2
adaptive,260,1,0,2.9143532032094299e-10,3.4732254577760045e-10,1,2
adaptive,261,1,0,3.1086244689504383e-15,3.833412949149856e-15,1,2
adaptive,262,0,0,0,0,1,2
adaptive,263,0,0,0,2.2204460492503131e-16,1,2
adaptive,264,0,0,0,0,1,2
adaptive,265,1,0,2.7395863355650363e-12,3.3949605900060372e-12,1,2
adaptive,266,0,0,1.4939605108565956e-10,1.3068216326075798e-10,1,2
adaptive,267,0,0,1.5582646284428847e-11,1.8816526717536369e-11,1,2
adaptive,268,0,0,3.3706371027619753e-13,4.3737673590796326e-13,1,2
adaptive,269,0,0,5.3999205107402304e-10,4.7378703912871807e-10,1,2
adaptive,270,0,0,0,1.1102230246251565e-16,1,2
adaptive,271,0,0,9.9865893332662381e-11,2.7534619029268015e-10,1,2
adaptive,272,1,0,3.187978769858546e-10,4.2262646331046415e-10,1,2
adaptive,273,0,0,4.3653969328261155e-13,5.1832656850404909e-13,1,2
adaptive,274,0,0,1.085354028873553e-10,1.1181872230299456e-10,1,2
adaptive,275,1,0,2.5865087849297197e-11,2.1174849832559565e-11,1,2
adaptive,276,0,0,2.7222668563808838e-13,3.1316979411385849e-13,1,2
adaptive,277,0,0,4.744382664512159e-11,6.4123928389392404e-11,1,2
adaptive,278,0,0,0,4.1787251726619947e-17,1,2
adaptive,279,0,0,7.3639316866547233e-11,8.8680831331296879e-11,1,2
adaptive,280,0,0,0,2.7019575919901153e-17,1,2
adaptive,281,1,0,3.9474645774362216e-10,3.6236279934230977e-10,1,2
adaptive,282,0,0,2.4869972747865177e-10,3.0929825115626074e-10,1,2
adaptive,283,1,0,1.9239587700781158e-10,2.3239367560933481e-10,1,2
adaptive,284,0,0,0,2.1725671412790588e-18,1,2
adaptive,285,0,0,1.1879386363489175e-12,1.4590313468663638e-12,1,2
adaptive,286,1,0,2.4040014423576395e-10,2.2032824090697252e-10,1,2
adaptive,287,1,0,1.545874539488068e-10,1.6236286244948351e-10,1,2
adaptive,288,0,0,2.1405099914773018e-13,2.0381851607839543e-13,1,2
adaptive,289,0,0,1.5301093725383907e-11,2.0939074198258064e-11,1,2
adaptive,290,1,0,2.9708502324865549e-10,3.4899027201603805e-10,1,2
adaptive,291,1,0,0,1.7601019693157698e-17,1,2
adaptive,292,0,0,0,4.3913433280162807e-17,1,2
adaptive,293,0,0,2.1016122175865348e-10,2.3792179007767681e-10,1,2
adaptive,294,0,0,0,4.4408920985006262e-16,1,2
adaptive,295,0,0,9.1401997082130038e-11,1.0177143090323806e-10,1,2
adaptive,296,1,0,0,1.0265247270284074e-16,1,2
adaptive,297,0,0,9.8882679822054342e-11,1.1320891897401499e-10,1,2
adaptive,298,0,0,9.1127105861232849e-13,8.1407280945562859e-13,1,2
adaptive,299,0,0,1.4592771435673058e-12,1.3398524212572014e-12,1,2
adaptive,300,1,0,4.2565506674918652e-11,4.9066543390009248e-11,1,2
adaptive,301,0,0,0,3.3306690738754696e-16,1,2
adaptive,302,1,0,1.7131447371809827e-08,2.0416682772591256e-08,1,0
adaptive,303,1,0,0,4.5480320722059122e-18,1,2
adaptive,304,0,0,3.2832048191266949e-10,4.0159709649227185e-10,1,2
adaptive,305,0,0,0,3.3306690738754696e-16,1,2
adaptive,306,0,0,1.3264811471458415e-10,1.5008993845361768e-10,1,2
adaptive,307,0,0,1.0027534358414414e-12,9.409021046328655e-13,1,2
adaptive,308,1,0,3.7623681947707155e-11,4.870448382081286e-11,1,2
adaptive,309,0,0,1.0369483049998962e-12,9.6873657885233724e-13,1,2
adaptive,310,1,0,2.0206059048177849e-13,2.5286036262776104e-13,1,2
adaptive,311,0,0,8.7410079174787825e-12,8.0158197065923345e-12,1,2
adaptive,312,1,0,0,4.0025237597823684e-17,1,2
adaptive,313,0,0,6.2172489379008766e-14,6.1765527052050988e-14,1,2
adaptive,314,0,0,3.4638958368304884e-14,4.0022336010902769e-14,1,2
adaptive,315,0,0,8.524958516886727e-11,1.0064765586945976e-10,1,2
adaptive,316,0,0,6.1248783822520636e-12,5.6171719622447077e-12,1,2
adaptive,317,0,0,2.2259794008050449e-10,2.6123443637920972e-10,1,2
adaptive,318,0,0,7.9491968563161208e-14,8.8490857520366089e-14,1,2
adaptive,319,0,0,0,1.1102230246251565e-16,1,2
adaptive,320,1,0,8.8817841970012523e-16,1.0259006313140672e-15,1,2
adaptive,321,0,0,7.5495165674510645e-15,1.0585538848849772e-14,1,2
adaptive,322,0,0,1.0969003483296547e-12,1.3194917744574789e-12,1,2
adaptive,323,1,0,2.9162583459196867e-10,2.5708494694604311e-10,1,2
adaptive,324,0,0,1.9095836023552692e-13,2.4589611216695289e-13,1,2
adaptive,325,1,0,7.2164496600635175e-13,8.643309505579971e-13,1,2
adaptive,326,0,0,0,7.5710563294568559e-18,1,2
adaptive,327,0,0,1.3861800596259855e-10,1.2183199471619053e-10,1,2
adaptive,328,0,0,1.5543122344752192e-13,1.8647930862401665e-13,1,2
adaptive,329,1,0,2.4014479294010016e-10,2.2009404501118295e-10,1,2
adaptive,330,0,0,1.9841905896100798e-12,1.7833484751654091e-12,1,2
adaptive,331,1,0,1.042277375518097e-12,1.2956753160915125e-12,1,2
adaptive,332,0,0,1.5099033134902129e-14,1.7839151808854277e-14,1,2
adaptive,333,0,0,1.0471623568264476e-12,9.5167732964917278e-13,1,2
adaptive,334,0,0,4.0699887904338539e-11,4.8487495075979073e-11,1,2
adaptive,335,0,0,6.0174087934683484e-13,7.7178167493457511e-13,1,2
adaptive,336,0,0,6.5725203057809267e-14,6.0609039444077871e-14,1,2
adaptive,337,1,0,0,1.1916469312045682e-16,1,2
adaptive,338,0,0,1.2445688923889975e-10,1.5738824141324702e-10,1,2
adaptive,339,0,0,0,3.3306690738754696e-16,1,2
adaptive,340,0,0,3.5083047578154947e-14,5.241067212951861e-14,1,2
adaptive,341,0,0,1.546309746913721e-10,2.5582103102550491e-10,1,2
adaptive,342,1,0,4.4408920985006262e-16,3.5967006267634544e-16,1,2
adaptive,343,0,0,1.8199663998075266e-11,1.668707440255256e-11,1,2
adaptive,344,0,0,9.8566137474165316e-09,4.9914629207670203e-08,1,0
adaptive,345,0,0,1.5276668818842154e-12,1.7872944040819839e-12,1,2
adaptive,346,1,0,2.7187141427020833e-12,3.1517396582122296e-12,1,2
adaptive,347,1,0,3.1086244689504383e-15,2.8610731767071045e-15,1,2
adaptive,348,1,0,2.7244873024301342e-12,3.1581879349313622e-12,1,2
adaptive,349,0,0,1.3185008640448359e-12,1.9515211141866229e-12,1,2
adaptive,350,1,0,1.0392575688911165e-11,1.219574076344682e-11,1,2
adaptive,351,0,0,1.3481660232628201e-11,1.5597360996617977e-11,1,2
adaptive,352,1,0,5.773159728050814e-15,6.5438488489482396e-15,1,2
adaptive,353,0,0,4.0304648507571983e-11,5.0323625011673657e-11,1,2
adaptive,354,0,0,9.7424290856906737e-12,1.6818441064659899e-11,1,2
adaptive,355,0,0,0,1.3206302127904218e-16,1,2
adaptive,356,1,0,0,3.2103269892714791e-18,1,2
adaptive,357,0,0,4.1690650931514028e-11,3.9732226946912842e-11,1,2
adaptive,358,0,0,0,0,1,2
adaptive,359,0,0,2.376143726223745e-11,3.5199315554449985e-11,1,2
adaptive,360,0,0,0,1.888833314026091e-17,1,2
adaptive,361,0,0,1.7719159473017498e-13,2.0752938329538369e-13,1,2
adaptive,362,0,0,0,2.9426155434879511e-17,1,2
adaptive,363,0,0,0,8.5091611766799665e-17,1,2
adaptive,364,1,0,2.7342234698579659e-08,2.6016060279584468e-08,1,0
adaptive,365,0,0,6.2604144090983027e-11,1.1962197898895965e-10,1,2
adaptive,366,0,0,1.8451062899771387e-10,2.3910108597727978e-10,1,2
adaptive,367,0,0,1.5987389190286194e-10,2.0273655452409709e-10,1,2
adaptive,368,0,0,1.4699352846037073e-12,1.3693776617705604e-12,1,2
adaptive,369,1,0,2.7977620220553945e-12,2.6788954928137816e-12,1,2
adaptive,370,1,0,8.8817841970012523e-16,1.2851176547948755e-15,1,2
adaptive,371,0,0,0,0,1,2
adaptive,372,0,0,3.5527136788005009e-13,2.8087834889009665e-13,1,2
adaptive,373,1,0,1.8518520050747611e-13,1.5956996258274404e-13,1,2
adaptive,374,0,1,3.8498537691111778e-11,1.8392269394341686e-11,1,2
adaptive,375,0,0,3.7655745188658329e-10,4.0658419928086768e-10,1,2
adaptive,376,0,0,5.5910831520122883e-13,6.7725123124898326e-13,1,2
adaptive,377,1,0,0,6.4103325645152378e-17,1,2
adaptive,378,0,1,3.8316905204283103e-11,1.8329454029649075e-11,1,2
adaptive,379,0,1,1.1215659512231468e-09,1.5535275791049085e-10,1,2
adaptive,380,0,1,2.5333779518632582e-10,2.0015487675475147e-11,1,2
adaptive,381,0,1,1.6750067999282692e-10,2.5969176198725691e-11,1,2
adaptive,382,1,0,0,2.3529196955118057e-18,1,2
adaptive,383,0,1,4.8907500271866411e-10,8.5774420806871723e-11,1,2
adaptive,384,0,1,2.3878410360111957e-10,4.0672011672394645e-11,1,2
adaptive,385,0,1,1.0945910844384343e-11,5.0786954682804702e-12,1,2
adaptive,386,0,1,1.1648015885157292e-11,6.0122783658407201e-12,1,2
adaptive,387,0,0,0,7.9625242469058477e-17,1,2
adaptive,388,0,1,6.2616578588858829e-14,9.3860899900185968e-15,1,2
adaptive,389,0,1,1.0168310637936884e-11,4.9446675618845675e-12,1,2
adaptive,390,0,0,6.6209260296545835e-12,6.4782924024307191e-12,1,2
adaptive,391,0,1,3.0335733924857777e-12,3.8688582200302876e-13,1,2
adaptive,392,0,1,5.545786052607582e-12,2.7103134259103732e-12,1,2
adaptive,393,0,1,7.1942451995710144e-14,6.2523555443922234e-15,1,2
adaptive,394,0,1,5.0515014393681668e-10,2.5260927015357862e-10,1,2
adaptive,395,0,1,2.7122037948856814e-10,6.5583210328041628e-12,1,2
adaptive,396,0,1,1.4132250925058543e-11,9.7594363532608782e-12,1,2
adaptive,397,0,1,9.8308028384508361e-12,4.5569863159943831e-12,1,2
adaptive,398,1,0,3.4068925458541344e-10,4.3434321651973926e-10,1,2
adaptive,399,0,1,1.1568523916594131e-12,6.0815672028787641e-13,1,2
adaptive,400,0,1,1.4627410394041362e-11,2.6987447203464371e-12,1,2
adaptive,401,1,0,5.5946358656910888e-11,3.3532601955183247e-11,1,2
adaptive,402,0,0,4.9764636855798017e-12,5.067758368196492e-12,1,2
adaptive,403,0,1,1.9984014443252818e-14,1.0099953982078956e-14,1,2
adaptive,404,0,0,9.3258734068513149e-14,5.3965676519915167e-14,1,2
adaptive,405,0,1,2.0494970165430004e-09,3.003620313596596e-10,1,2
adaptive,406,0,1,2.2095214546880015e-11,3.5934598432235141e-12,1,2
adaptive,407,0,1,4.8729154045190626e-10,6.6012863729152257e-11,1,2
adaptive,408,0,1,9.7699626167013776e-13,4.8193570486460365e-13,1,2
adaptive,409,0,1,9.7793773079501989e-11,1.5265716272555335e-11,1,2
adaptive,410,0,1,9.2987839650504611e-12,1.6796236021864249e-12,1,2
adaptive,411,0,1,7.390088541114892e-12,8.2030054658447337e-13,1,2
adaptive,412,0,0,3.4554581418433372e-12,4.8106373869490443e-12,1,2
adaptive,413,0,0,3.0415669982630789e-12,4.2689248853420364e-12,1,2
adaptive,414,0,1,3.2668090454990306e-11,1.5422203468881115e-11,1,2
adaptive,415,0,0,2.4011814758750916e-10,2.5658064561895344e-10,1,2
adaptive,416,0,0,6.4863225901490296e-11,4.8202894514056344e-11,1,2
adaptive,417,0,0,2.2907955532502911e-09,3.1956637548838278e-09,1,0
adaptive,418,1,0,4.4408920985006262e-16,9.3583199314771919e-16,1,2
adaptive,419,1,0,1.4139800441625994e-12,8.5317826484274797e-13,1,2
adaptive,420,0,1,1.1000622635037871e-10,1.7148274682509782e-11,1,2
adaptive,421,0,1,1.3356871164660333e-11,6.4775011646932893e-12,1,2
adaptive,422,0,1,3.8135272717454427e-11,1.825650767071781e-11,1,2
adaptive,423,0,0,0,3.2064463525626494e-17,1,2
adaptive,424,0,0,1.3477086113766745e-10,1.9363397792847857e-10,1,2
adaptive,425,0,0,3.6560976468535955e-10,3.843974027972763e-10,1,2
adaptive,426,0,1,2.0010659795843821e-11,9.6576991087410439e-12,1,2
adaptive,427,0,0,5.0230930526140583e-12,7.3218374335801494e-12,1,2
adaptive,428,0,0,1.3753886918266289e-11,1.837150541568201e-11,1,2
adaptive,429,0,1,3.6787914936553534e-09,2.7153339271754804e-10,1,2
adaptive,430,0,1,1.8038903704109543e-12,9.4616357642060508e-13,1,2
adaptive,431,0,1,1.0960565788309395e-11,2.1687998398337012e-12,1,2
adaptive,432,1,0,2.7132962543419126e-11,1.5851746121892116e-11,1,2
adaptive,433,0,1,1.120881165661558e-12,5.895808163734511e-13,1,2
adaptive,434,0,1,1.1651519749023009e-09,1.8240110221551419e-10,1,2
adaptive,435,0,1,3.4194869158454821e-13,1.7219045347103895e-13,1,2
adaptive,436,0,1,1.4166445794216997e-13,7.1095789867697975e-14,1,2
adaptive,437,0,1,1.6269559033332825e-09,1.7557248853634265e-10,1,2
adaptive,438,0,1,3.1318108106859199e-09,4.979433183174453e-10,1,2
adaptive,439,0,1,4.9167248050707713e-10,6.4041383968596479e-11,1,2
adaptive,440,0,1,8.9794838231682661e-13,4.4301714522587679e-13,1,2
adaptive,441,0,1,2.0661627964102536e-09,2.9975865373541725e-10,1,2
adaptive,442,0,1,2.0103918529912335e-12,9.233506568051146e-13,1,2
adaptive,443,0,1,3.1552538359846949e-12,3.5801025763415625e-13,1,2
adaptive,444,0,1,3.4028335704761048e-11,1.6087711651073311e-11,1,2
adaptive,445,0,1,4.9994053341606559e-10,8.7890910624687253e-11,1,2
adaptive,446,0,1,5.8859184193238434e-10,1.6228120824246295e-11,1,2
adaptive,447,0,1,2.5794477664931037e-11,3.4960667539623795e-12,1,2
adaptive,448,1,0,0,3.5602555601585176e-17,1,2
adaptive,449,0,1,5.3290705182007514e-13,2.6349371924484893e-13,1,2
adaptive,450,0,0,0,9.1506933927334592e-17,1,2
adaptive,451,0,1,2.5527135960601299e-11,1.2276721521364393e-11,1,2
adaptive,452,0,1,5.3499427110637043e-12,2.783720744375483e-12,1,2
adaptive,453,0,0,0,1.1102230246251565e-16,1,2
adaptive,454,0,1,1.6535661728767082e-11,7.7063335139942674e-12,1,2
adaptive,455,0,1,2.1882673451045775e-10,1.9689607882408035e-11,1,2
adaptive,456,0,1,1.3670931053866298e-10,1.0624890884524138e-11,1,2
adaptive,457,0,1,9.8099306455878832e-13,4.8398306212348669e-13,1,2
adaptive,458,0,1,1.7259749185427609e-10,1.5095100438591272e-11,1,2
adaptive,459,0,1,1.0635936575909e-12,2.0107193762464502e-13,1,2
adaptive,460,0,1,5.6534776859962221e-11,5.0996029977217749e-12,1,2
adaptive,461,0,0,5.3631765695172362e-11,4.9103122357135504e-11,1,2
adaptive,462,0,1,1.397326698793222e-11,2.781314739342966e-12,1,2
adaptive,463,0,1,1.9104131609992692e-09,2.7294551643842304e-10,1,2
adaptive,464,0,1,9.5168317670868419e-12,1.7958331072727798e-12,1,2
adaptive,465,0,1,2.0623166285815842e-08,1.0298850196461955e-08,1,0
adaptive,466,0,0,2.7108537636877372e-11,3.9677116062098479e-11,1,2
adaptive,467,0,0,0,1.4839063884230815e-17,1,2
adaptive,468,0,0,8.3195672573310731e-12,7.3540740137323568e-12,1,2
adaptive,469,0,0,1.8825100589481281e-08,4.8976527389221758e-08,1,0
adaptive,470,0,1,2.6391333562969521e-11,1.2685448276330546e-11,1,2
adaptive,471,0,1,5.9428018062135379e-12,3.0889381322890135e-12,1,2
adaptive,472,0,1,4.9917536770749393e-10,8.7739784528918532e-11,1,2
adaptive,473,0,1,1.234390367699234e-11,2.2233314901382211e-12,1,2
adaptive,474,0,1,2.4007462684494385e-12,1.2181235929012775e-12,1,2
adaptive,475,0,1,9.1127105861232849e-13,4.17478580411166e-13,1,2
adaptive,476,0,1,3.8200109742092536e-11,1.8283112333509207e-11,1,2
adaptive,477,1,0,1.4654943925052066e-14,1.7227495383490261e-14,1,2
adaptive,478,0,1,9.1393559387142886e-13,4.5080774575602152e-13,1,2
adaptive,479,0,1,8.8471452386329474e-12,1.7157343343046379e-12,1,2
adaptive,480,0,1,3.8801850621439371e-11,6.1133972546104553e-12,1,2
adaptive,481,1,0,3.1409168599338955e-09,3.857981538285979e-09,1,0
adaptive,482,0,1,3.2859643894767032e-09,1.3297224972014908e-10,1,2
adaptive,483,0,1,1.9890222802132485e-10,1.3242518806055831e-11,1,2
adaptive,484,0,1,1.2067236099255751e-11,1.6852691033217399e-12,1,2
adaptive,485,0,0,0,8.8817841970012523e-16,1,2
adaptive,486,0,0,3.4252023439762525e-10,4.2259276546516398e-10,1,2
adaptive,487,0,1,9.85833636946154e-12,1.7962412879085714e-12,1,2
adaptive,488,0,1,1.397415516635192e-11,6.7734919774267815e-12,1,2
adaptive,489,0,1,2.0161650127192843e-13,1.0140864339860277e-13,1,2
adaptive,490,0,1,9.3494101349733683e-12,4.5500951893943553e-12,1,2
adaptive,491,0,1,4.0363268283272191e-12,2.1054095475706208e-12,1,2
adaptive,492,0,1,3.1796787425264483e-12,1.6616507176973173e-12,1,2
adaptive,493,0,0,0,0,1,2
adaptive,494,0,1,3.525180147789797e-12,1.7277983347112858e-12,1,2
adaptive,495,0,0,0,3.1496881602463485e-17,1,2
adaptive,496,0,0,1.7947243691196491e-10,2.1646107465119526e-10,1,2
adaptive,497,0,0,4.2099657093785936e-13,5.4591015719744606e-13,1,2
adaptive,498,0,0,2.9012348079504591e-11,2.3954626336260183e-11,1,2
adaptive,499,0,0,4.0856207306205761e-14,5.429056559098854e-14,1,2
adaptive,500,1,0,3.7836400679225335e-13,4.7006123288788317e-13,1,2
adaptive,501,1,0,2.7977620220553945e-14,3.2695936287414196e-14,1,2
adaptive,502,0,0,0,3.7489591067462215e-17,1,2
adaptive,503,0,0,0,0,1,2
adaptive,504,0,0,9.4124708027720771e-12,1.0852884361503157e-11,1,2
adaptive,505,1,0,2.7435831384536868e-12,3.4003038085403698e-12,1,2
adaptive,506,0,0,4.5018611061209413e-10,3.6640445696203027e-10,1,2
adaptive,507,1,0,4.4408920985006262e-16,2.5683926054741256e-16,1,2
adaptive,508,0,0,5.4551918537981692e-12,6.7105553132781707e-12,1,2
adaptive,509,0,0,1.510658265146958e-11,1.9825175427887604e-11,1,2
adaptive,510,1,0,3.3779645747245013e-11,3.8269293156793306e-11,1,2
adaptive,511,0,0,1.0182965581861936e-11,1.2665957867403122e-11,1,2
adaptive,512,0,0,0,4.123003521690077e-17,1,2
adaptive,513,0,0,8.3044682241961709e-14,1.0102401849384195e-13,1,2
adaptive,514,0,0,4.2868375516036394e-11,1.0091305568948883e-10,1,2
adaptive,515,1,0,0,1.487111431115761e-16,1,2
adaptive,516,0,0,8.8817841970012523e-14,1.1069514999561178e-13,1,2
adaptive,517,1,0,7.9936057773011271e-15,6.9409266846228688e-15,1,2
adaptive,518,0,0,0,1.4833869840591128e-17,1,2
adaptive,519,1,0,9.3702823278363212e-14,1.2000099508757434e-13,1,2
adaptive,520,1,0,4.4408920985006262e-16,1.4892175638493386e-16,1,2
adaptive,521,0,0,0,1.8468007614582335e-17,1,2
adaptive,522,0,1,2.3033575047293198e-11,1.1094837375284232e-11,1,2
adaptive,523,0,0,6.9131367297359247e-12,5.470261564318779e-12,1,2
adaptive,524,1,0,6.9677597025474824e-12,5.0969676587863776e-12,1,2
adaptive,525,0,0,0,1.8753580569872981e-17,1,2
adaptive,526,0,0,1.3322676295501878e-15,1.8885072515607788e-15,1,2
adaptive,527,0,0,1.4745626941703449e-10,2.1778234771119287e-10,1,2
adaptive,528,0,0,1.1080025785759062e-10,2.4055357705776714e-10,1,2
adaptive,529,0,0,1.0297718233687192e-10,1.061591837779556e-10,1,2
adaptive,530,0,0,0,2.1516496518790492e-17,1,2
adaptive,531,0,0,2.042810365310288e-14,2.4020799600096193e-14,1,2
adaptive,532,0,0,1.5631940186722204e-13,1.8192674328497869e-13,1,2
adaptive,533,0,0,2.0271784251235658e-11,1.6629517069264286e-11,1,2
adaptive,534,0,0,3.5527136788005009e-15,3.4518236666804337e-15,1,2
adaptive,535,1,0,1.0125233984581428e-13,1.1381439793706604e-13,1,2
adaptive,536,0,0,2.3952395622472977e-11,2.0137171406431084e-11,1,2
adaptive,537,0,0,1.6858514584328077e-10,2.6419311183190075e-10,1,2
adaptive,538,0,0,2.8058977363798476e-10,3.4824931827159844e-10,1,2
adaptive,539,0,0,1.2812861882594007e-11,1.1960137960496136e-11,1,2
adaptive,540,1,0,6.6613381477509392e-15,7.24140018428711e-15,1,2
adaptive,541,0,0,9.9954267085422543e-11,7.9967652254270549e-11,1,2
adaptive,542,1,0,1.6731371843548004e-10,2.0895099966297857e-10,1,2
adaptive,543,1,0,2.3003821070233244e-13,2.9977787106685635e-13,1,2
adaptive,544,1,0,1.3411494137471891e-13,1.0950269447934477e-13,1,2
adaptive,545,1,0,0,2.9365653048184278e-17,1,2
adaptive,546,1,0,0,4.1404449172903153e-17,1,2
adaptive,547,0,0,1.7876811142514271e-11,1.7028335929022334e-11,1,2
adaptive,548,1,0,1.8109069799265853e-11,1.4080493355599174e-11,1,2
adaptive,549,0,0,2.1314505715963605e-11,2.8704373686097478e-11,1,2
adaptive,550,0,0,0,3.3687742747490292e-17,1,2
adaptive,551,0,0,6.4526162191214098e-13,8.6246484101693731e-13,1,2
adaptive,552,0,0,1.3411494137471891e-12,1.5474659729360175e-12,1,2
adaptive,553,0,0,3.1086244689504383e-15,3.7218671496264369e-15,1,2
adaptive,554,0,0,6.567635324472576e-12,8.3237776133698767e-12,1,2
adaptive,555,1,0,6.6568972556524386e-13,8.1232754720227154e-13,1,2
adaptive,556,0,0,1.1661782650662644e-12,1.3718703226477904e-12,1,2
adaptive,557,0,0,2.4604318582532869e-11,2.3434671162486683e-11,1,2
adaptive,558,1,0,3.907985046680551e-14,4.6517977036424559e-14,1,2
adaptive,559,0,0,9.610090501155355e-13,1.169085755226222e-12,1,2
adaptive,560,1,0,3.9612757518625585e-13,5.0990717432309947e-13,1,2
adaptive,561,1,0,2.2070789640338262e-10,2.3904713227865041e-10,1,2
adaptive,562,0,0,6.0022564696282643e-10,4.7988446315011741e-10,1,2
adaptive,563,0,0,8.6113338682025642e-11,1.1739081482670251e-10,1,2
adaptive,564,0,0,2.5705260142672159e-10,3.045862758552505e-10,1,2
adaptive,565,0,0,1.3392842390658188e-11,1.0733922896523989e-11,1,2
adaptive,566,0,0,1.8767654097473496e-10,2.1665902640963449e-10,1,2
adaptive,567,1,0,1.5987211554602254e-14,2.0974762787491562e-14,1,2
adaptive,568,1,0,1.4166445794216997e-13,1.6703522817513993e-13,1,2
adaptive,569,0,0,2.8302249432954341e-11,4.7810422287852816e-11,1,2
adaptive,570,0,0,0,1.144930495115297e-17,1,2
adaptive,571,0,0,9.5301544433823437e-13,1.0981530016436612e-12,1,2
adaptive,572,0,0,2.188209613507297e-10,2.7035243331925879e-10,1,2
adaptive,573,0,0,1.2331025089906689e-10,1.3370925177896832e-10,1,2
adaptive,574,0,0,2.9709568138969189e-13,3.515105784137591e-13,1,2
adaptive,575,1,0,2.6423307986078726e-13,2.9785138796310889e-13,1,2
adaptive,576,0,0,0,4.4408920985006262e-16,1,2
adaptive,577,0,0,3.4665603720895888e-12,4.1801122506613589e-12,1,2
adaptive,578,0,0,3.3077540706472064e-10,4.7228987387626375e-10,1,2
adaptive,579,1,0,2.4134205744985593e-10,2.2119100749939461e-10,1,2
adaptive,580,0,0,2.230646778400569e-10,2.4812174032106567e-10,1,2
adaptive,581,0,0,3.7938452379648879e-10,4.3459956488128372e-10,1,2
adaptive,582,0,0,3.2440894415231014e-10,4.4488090988892282e-10,1,2
adaptive,583,0,0,7.900524678916554e-11,9.1585854417562442e-11,1,2
adaptive,584,0,0,1.8065863471861121e-08,2.0054300429204451e-08,1,0
adaptive,585,0,0,8.9626084331939637e-11,1.0907237412106615e-10,1,2
adaptive,586,1,0,1.6076029396572267e-13,1.876654306257483e-13,1,2
adaptive,587,0,0,1.0463185873277325e-11,9.7670604471431072e-12,1,2
adaptive,588,0,0,1.8856027850233659e-12,1.6892646493348889e-12,1,2
adaptive,589,0,0,1.5640821970919205e-12,1.7393995932344449e-12,1,2
adaptive,590,0,0,3.4410874150125892e-10,3.1530451083222509e-10,1,2
adaptive,591,0,0,1.8878232310726162e-12,3.2073442730654754e-12,1,2
adaptive,592,0,0,3.9968028886505635e-15,3.9614673588258742e-15,1,2
adaptive,593,0,0,1.7559287357471476e-12,1.5907309976090312e-12,1,2
adaptive,594,1,0,5.3290705182007514e-15,6.4279203697241445e-15,1,2
adaptive,595,1,0,1.3745449223279138e-11,1.7523837632915591e-11,1,2
adaptive,596,1,0,1.1919354392375681e-12,1.4059042942439358e-12,1,2
adaptive,597,0,0,1.6287904358591732e-10,1.8688777288057607e-10,1,2
adaptive,598,0,0,1.7763568394002505e-15,2.3280929687404776e-15,1,2
adaptive,599,0,0,8.8817841970012523e-14,1.0147844773782483e-13,1,2
