domain,sample_id,branch,valid_steps,best_relative_error,convergence_observed
bem,bem_0000006,smooth,7,1.3560401440541288e-10,1
bem,bem_0000007,smooth,7,1.2792311645619714e-10,1
bem,bem_0000016,smooth,7,1.3334877790680954e-10,1
bem,bem_0000017,smooth,7,1.297938654490961e-10,1
bem,bem_0000026,smooth,7,1.3279225465546268e-10,1
bem,bem_0000027,smooth,7,1.3697994839873776e-10,1
bem,bem_0000036,smooth,7,1.2512987032327167e-10,1
bem,bem_0000037,smooth,7,1.1907039088351512e-10,1
bem,bem_0000046,smooth,7,1.3675468788208107e-10,1
bem,bem_0000047,smooth,7,1.224460727003515e-10,1
bem,bem_0000056,smooth,7,1.4546656170105706e-10,1
bem,bem_0000057,smooth,7,1.0164406755371356e-10,1
bem,bem_0000066,smooth,7,1.4766465578902292e-10,1
bem,bem_0000067,smooth,7,1.5430489085378405e-10,1
bem,bem_0000076,smooth,7,1.290399507505053e-10,1
bem,bem_0000077,smooth,7,1.2659410203597618e-10,1
bem,bem_0000086,smooth,7,1.2701113818446343e-10,1
bem,bem_0000087,smooth,7,1.0615935399490679e-10,1
bem,bem_0000096,smooth,7,7.086279210910216e-11,1
bem,bem_0000097,smooth,7,1.3469659952153535e-10,1
bem,bem_0000106,smooth,7,1.2994758855550573e-10,1
bem,bem_0000107,smooth,7,1.155872737629124e-10,1
bem,bem_0000116,smooth,7,2.6372073147560355e-11,1
bem,bem_0000117,smooth,7,1.3193904679330932e-10,1
bem,bem_0000126,smooth,7,1.45831975159266e-10,1
bem,bem_0000127,smooth,7,1.0667947644213607e-10,1
bem,bem_0000136,smooth,7,1.4928001299082114e-10,1
bem,bem_0000137,smooth,7,1.4581339692119254e-10,1
bem,bem_0000146,smooth,7,1.0725800385064283e-10,1
bem,bem_0000147,smooth,7,1.2114735590202727e-10,1
bem,bem_0000156,smooth,7,1.2597994710843215e-10,1
bem,bem_0000157,smooth,7,1.7110208656691274e-10,1
bem,bem_0000166,smooth,7,1.2057315076951653e-10,1
bem,bem_0000167,smooth,7,1.1959669121501908e-10,1
bem,bem_0000176,smooth,7,1.5482385944316088e-10,1
bem,bem_0000177,smooth,7,5.061752750385924e-11,1
bem,bem_0000186,smooth,7,1.2254653056752552e-10,1
bem,bem_0000187,smooth,7,1.3181321195033372e-10,1
bem,bem_0000196,smooth,7,1.1059166965702847e-10,1
bem,bem_0000197,smooth,7,8.632091316269161e-11,1
bem,bem_0000206,smooth,7,9.028081327352177e-11,1
bem,bem_0000207,smooth,7,1.2377070597326956e-10,1
bem,bem_0000216,smooth,7,1.7842700732517401e-10,1
bem,bem_0000217,smooth,7,1.2900248453502526e-10,1
bem,bem_0000226,smooth,7,1.2102134997452253e-10,1
bem,bem_0000227,smooth,7,1.2947774659020684e-10,1
bem,bem_0000236,smooth,7,1.2963218383818847e-10,1
bem,bem_0000237,smooth,7,1.1956793494437863e-10,1
bem,bem_0000246,smooth,7,2.0323311847610573e-10,1
bem,bem_0000247,smooth,7,1.238143819503882e-10,1
bem,bem_0000256,smooth,7,1.209055646080944e-10,1
bem,bem_0000257,smooth,7,1.9887343198035404e-10,1
bem,bem_0000266,smooth,7,2.1907216753617913e-11,1
bem,bem_0000267,smooth,7,1.3733008474199944e-10,1
bem,bem_0000276,smooth,7,1.1590853918008863e-10,1
bem,bem_0000277,smooth,7,1.304786507003361e-10,1
bem,bem_0000286,smooth,7,7.058007432990599e-11,1
bem,bem_0000287,smooth,7,1.2883687935515272e-10,1
bem,bem_0000296,smooth,7,1.2252032685924273e-10,1
bem,bem_0000297,smooth,7,1.2054125592518827e-10,1
bem,bem_0000306,smooth,7,1.3186433360707047e-10,1
bem,bem_0000307,smooth,7,1.3007144936236156e-10,1
bem,bem_0000316,smooth,7,1.2839192572377764e-10,1
bem,bem_0000317,smooth,7,1.3443855791846466e-10,1
bem,bem_0000326,smooth,7,1.2785520622557897e-10,1
bem,bem_0000327,smooth,7,5.491822806180413e-11,1
bem,bem_0000336,smooth,7,1.3396854665741612e-10,1
bem,bem_0000337,smooth,7,1.528701320724061e-10,1
bem,bem_0000346,smooth,7,1.3936311417049138e-10,1
bem,bem_0000347,smooth,7,1.3000138921498583e-10,1
bem,bem_0000356,smooth,7,1.8263965339916857e-10,1
bem,bem_0000357,smooth,7,1.4031872716687274e-10,1
bem,bem_0000366,smooth,7,1.0979381065472441e-10,1
bem,bem_0000367,smooth,7,1.4084286679522548e-10,1
bem,bem_0000376,smooth,7,1.3652590986493877e-10,1
bem,bem_0000377,smooth,7,1.3043291162303545e-10,1
bem,bem_0000386,smooth,7,1.440796446099003e-10,1
bem,bem_0000387,smooth,7,1.265087904395805e-10,1
bem,bem_0000396,smooth,7,5.1062350230211675e-11,1
bem,bem_0000397,smooth,7,1.224981245754249e-10,1
bem,bem_0000406,smooth,7,1.3774031109290568e-10,1
bem,bem_0000407,smooth,7,1.521210593869391e-10,1
bem,bem_0000416,smooth,7,1.2299148441665833e-10,1
bem,bem_0000417,smooth,7,8.618738770375492e-11,1
bem,bem_0000426,smooth,7,8.50603586166569e-11,1
bem,bem_0000427,smooth,7,1.3714486685612284e-10,1
bem,bem_0000436,smooth,7,1.2914306192975435e-10,1
bem,bem_0000437,smooth,7,5.921557222457804e-11,1
bem,bem_0000446,smooth,7,1.2853650653429435e-10,1
bem,bem_0000447,smooth,7,1.286673269920963e-10,1
bem,bem_0000456,smooth,7,1.1960788578749836e-10,1
bem,bem_0000457,smooth,7,1.4882065600668672e-10,1
bem,bem_0000466,smooth,7,1.365227731767914e-10,1
bem,bem_0000467,smooth,7,1.2572088365844017e-10,1
bem,bem_0000476,smooth,7,9.200801277893821e-11,1
bem,bem_0000477,smooth,7,1.3333265940035506e-10,1
bem,bem_0000486,smooth,7,1.289624597812965e-10,1
bem,bem_0000487,smooth,7,1.2970604453429222e-10,1
bem,bem_0000496,smooth,7,1.1953731906132114e-10,1
bem,bem_0000497,smooth,7,6.049499009435423e-11,1
bem,bem_0000506,smooth,7,1.7137169576897598e-11,1
bem,bem_0000507,smooth,7,9.463465863379682e-11,1
bem,bem_0000516,smooth,7,1.3103909631118642e-10,1
bem,bem_0000517,smooth,7,1.3419517465515132e-10,1
bem,bem_0000526,smooth,7,1.6178317410273024e-10,1
bem,bem_0000527,smooth,7,1.9451698219053952e-10,1
bem,bem_0000536,smooth,7,1.3571170682146521e-10,1
bem,bem_0000537,smooth,7,1.089926919004081e-10,1
bem,bem_0000546,smooth,7,1.3673308458152263e-10,1
bem,bem_0000547,smooth,7,1.3421684211829926e-10,1
bem,bem_0000556,smooth,7,1.279772771656413e-10,1
bem,bem_0000557,smooth,7,1.3854761000975047e-10,1
bem,bem_0000566,smooth,7,1.4212456503279775e-10,1
bem,bem_0000567,smooth,7,1.5556256384485864e-10,1
bem,bem_0000576,smooth,7,1.4512145953382205e-10,1
bem,bem_0000577,smooth,7,1.2235336165487555e-10,1
bem,bem_0000586,smooth,7,1.386608853813837e-10,1
bem,bem_0000587,smooth,7,1.2628911665301661e-10,1
bem,bem_0000596,smooth,7,1.972537389380496e-10,1
bem,bem_0000597,smooth,7,1.4935354834929848e-10,1
bem,bem_0000606,smooth,7,1.3155080996548273e-10,1
bem,bem_0000607,smooth,7,1.2085329374376297e-10,1
bem,bem_0000616,smooth,7,1.1953796243961944e-10,1
bem,bem_0000617,smooth,7,1.1189152503068214e-10,1
bem,bem_0000626,smooth,7,1.4751301446384136e-10,1
bem,bem_0000627,smooth,7,8.744389926029263e-11,1
bem,bem_0000636,smooth,7,8.188616366445803e-11,1
bem,bem_0000637,smooth,7,1.2655500309618476e-10,1
bem,bem_0000646,smooth,7,2.9315479337418155e-10,1
bem,bem_0000647,smooth,7,1.3814044888778204e-10,1
bem,bem_0000656,smooth,7,1.3613789663927008e-10,1
bem,bem_0000657,smooth,7,1.169517695468763e-10,1
bem,bem_0000666,smooth,7,1.2858674821311794e-10,1
bem,bem_0000667,smooth,7,1.1738872841277066e-10,1
bem,bem_0000676,smooth,7,1.244211557133414e-10,1
bem,bem_0000677,smooth,7,1.6235023244424414e-10,1
bem,bem_0000686,smooth,7,1.4071573725418117e-10,1
bem,bem_0000687,smooth,7,2.0233688597837814e-10,1
bem,bem_0000696,smooth,7,3.1690336798508215e-11,1
bem,bem_0000697,smooth,7,8.509717024685067e-11,1
bem,bem_0000706,smooth,7,1.3578049696171996e-10,1
bem,bem_0000707,smooth,7,1.3453809178013327e-10,1
bem,bem_0000716,smooth,7,1.293589543066092e-10,1
bem,bem_0000717,smooth,7,1.419468156658235e-10,1
bem,bem_0000726,smooth,7,1.367482008940556e-10,1
bem,bem_0000727,smooth,7,3.9130856194930955e-11,1
bem,bem_0000736,smooth,7,1.2050972224879167e-10,1
bem,bem_0000737,smooth,7,1.3547645752005168e-10,1
bem,bem_0000746,smooth,7,1.2271240467106842e-10,1
bem,bem_0000747,smooth,7,1.2938552561930963e-10,1
bem,bem_0000756,smooth,7,1.265339122470739e-10,1
bem,bem_0000757,smooth,7,1.388859234573808e-10,1
bem,bem_0000766,smooth,7,1.5902699076252008e-10,1
bem,bem_0000767,smooth,7,1.3734849405305556e-10,1
bem,bem_0000776,smooth,7,1.1915970373863596e-10,1
bem,bem_0000777,smooth,7,1.2763048964589108e-10,1
bem,bem_0000786,smooth,7,1.2429907260992548e-10,1
bem,bem_0000787,smooth,7,1.219314857141766e-10,1
bem,bem_0000796,smooth,7,1.5290561675226322e-10,1
bem,bem_0000797,smooth,7,1.4265368442437297e-10,1
bem,bem_0000806,smooth,7,1.5810178453839904e-10,1
bem,bem_0000807,smooth,7,1.335139900371741e-10,1
bem,bem_0000816,smooth,7,1.0497457417786477e-10,1
bem,bem_0000817,smooth,7,1.404910492941651e-10,1
bem,bem_0000826,smooth,7,1.3498028248513802e-10,1
bem,bem_0000827,smooth,7,1.1853945703187706e-10,1
bem,bem_0000836,smooth,7,1.2356646765555747e-10,1
bem,bem_0000837,smooth,7,1.3253469855618794e-10,1
bem,bem_0000846,smooth,7,1.210960179083645e-10,1
bem,bem_0000847,smooth,7,1.9760380068639795e-10,1
bem,bem_0000856,smooth,7,3.7661184306280276e-11,1
bem,bem_0000857,smooth,7,1.2656218991886698e-10,1
bem,bem_0000866,smooth,7,1.2997408701566448e-10,1
bem,bem_0000867,smooth,7,6.084792047434386e-11,1
bem,bem_0000876,smooth,7,6.661462966416795e-11,1
bem,bem_0000877,smooth,7,1.4202179426311665e-10,1
bem,bem_0000886,smooth,7,7.537093744784672e-11,1
bem,bem_0000887,smooth,7,1.25947935071163e-10,1
bem,bem_0000896,smooth,7,1.1574753605999974e-10,1
bem,bem_0000897,smooth,7,1.2413058363041378e-10,1
bem,bem_0000906,smooth,7,1.31851145529647e-10,1
bem,bem_0000907,smooth,7,1.681234330081496e-10,1
bem,bem_0000916,smooth,7,1.4366202800640393e-10,1
bem,bem_0000917,smooth,7,9.527374818010387e-11,1
bem,bem_0000926,smooth,7,9.790345624913566e-11,1
bem,bem_0000927,smooth,7,1.5361951468821445e-10,1
bem,bem_0000936,smooth,7,1.3299542393341387e-10,1
bem,bem_0000937,smooth,7,1.399479709614631e-10,1
bem,bem_0000946,smooth,7,1.3871525394041366e-10,1
bem,bem_0000947,smooth,7,1.1641742422936062e-10,1
bem,bem_0000956,smooth,7,1.0507460706283072e-10,1
bem,bem_0000957,smooth,7,1.2962568081271285e-10,1
bem,bem_0000966,smooth,7,1.8043806886516534e-10,1
bem,bem_0000967,smooth,7,1.1038636587632708e-10,1
bem,bem_0000976,smooth,7,1.2677799300713655e-10,1
bem,bem_0000977,smooth,7,1.219247737900887e-10,1
bem,bem_0000986,smooth,7,1.7550296990262493e-10,1
bem,bem_0000987,smooth,7,1.513057590795597e-10,1
bem,bem_0000996,smooth,7,1.1725263096772572e-10,1
bem,bem_0000997,smooth,7,1.3716377852559585e-10,1
bem,bem_0001006,smooth,7,1.3249399273931643e-10,1
bem,bem_0001007,smooth,7,7.430380295122068e-11,1
bem,bem_0001016,smooth,7,8.326490001531547e-11,1
bem,bem_0001017,smooth,7,1.28507101069178e-10,1
bem,bem_0001026,smooth,7,1.474158363669842e-10,1
bem,bem_0001027,smooth,7,1.2757988309386699e-10,1
bem,bem_0001036,smooth,7,1.7771139870038628e-10,1
bem,bem_0001037,smooth,7,1.6755863560973883e-10,1
bem,bem_0001046,smooth,7,1.837808061392951e-10,1
bem,bem_0001047,smooth,7,1.1392439839942423e-10,1
bem,bem_0001056,smooth,7,1.4623139732559857e-10,1
bem,bem_0001057,smooth,7,1.3618830597609253e-10,1
bem,bem_0001066,smooth,7,1.0544082355839334e-10,1
bem,bem_0001067,smooth,7,1.1456633241870546e-10,1
bem,bem_0001076,smooth,7,1.3322258576257134e-10,1
bem,bem_0001077,smooth,7,1.9683436551748663e-10,1
bem,bem_0001086,smooth,7,1.3647021637252874e-10,1
bem,bem_0001087,smooth,7,2.3917348617380597e-10,1
bem,bem_0001096,smooth,7,1.6179560295610913e-10,1
bem,bem_0001097,smooth,7,1.2878662078809112e-10,1
bem,bem_0001106,smooth,7,1.5360369124419298e-10,1
bem,bem_0001107,smooth,7,1.3544774078212292e-10,1
bem,bem_0001116,smooth,7,1.5684599854945734e-10,1
bem,bem_0001117,smooth,7,9.188567292790756e-11,1
bem,bem_0001126,smooth,7,8.463562142340496e-11,1
bem,bem_0001127,smooth,7,1.3001456787398327e-10,1
bem,bem_0001136,smooth,7,1.364711477342062e-10,1
bem,bem_0001137,smooth,7,1.2173385983184856e-10,1
bem,bem_0001146,smooth,7,1.443847105661517e-10,1
bem,bem_0001147,smooth,7,6.098327266894517e-11,1
bem,bem_0001156,smooth,7,1.2084963340418458e-10,1
bem,bem_0001157,smooth,7,6.483131164099713e-11,1
bem,bem_0001166,smooth,7,1.1885551259717835e-10,1
bem,bem_0001167,smooth,7,6.468259897475766e-11,1
bem,bem_0001176,smooth,7,1.4566438296380428e-10,1
bem,bem_0001177,smooth,7,4.489386470821789e-11,1
bem,bem_0001186,smooth,7,1.3336862886556832e-10,1
bem,bem_0001187,smooth,7,6.762737316360218e-11,1
bem,bem_0001196,smooth,7,1.2276865620928327e-10,1
bem,bem_0001197,smooth,7,1.299267686274606e-10,1
bem,bem_0001206,smooth,7,1.222003049299388e-10,1
bem,bem_0001207,smooth,7,1.1658743962575971e-10,1
bem,bem_0001216,smooth,7,1.298850674824904e-10,1
bem,bem_0001217,smooth,7,1.4921426661412922e-10,1
bem,bem_0001226,smooth,7,1.2321473150154947e-10,1
bem,bem_0001227,smooth,7,1.5067621178118297e-10,1
bem,bem_0001236,smooth,7,1.3555267641113258e-10,1
bem,bem_0001237,smooth,7,1.1457175585963663e-10,1
bem,bem_0001246,smooth,7,1.3406595640813345e-10,1
bem,bem_0001247,smooth,7,1.0612944137665148e-10,1
bem,bem_0001256,smooth,7,1.192698896977725e-10,1
bem,bem_0001257,smooth,7,1.346108723345889e-10,1
bem,bem_0001266,smooth,7,1.3276183410549285e-10,1
bem,bem_0001267,smooth,7,1.446143084608339e-10,1
bem,bem_0001276,smooth,7,1.2994719031667252e-10,1
bem,bem_0001277,smooth,7,7.817581324634764e-11,1
bem,bem_0001286,smooth,7,1.3841661237538269e-10,1
bem,bem_0001287,smooth,7,1.5996921844143457e-10,1
bem,bem_0001296,smooth,7,1.3034653091904093e-10,1
bem,bem_0001297,smooth,7,1.283617965076963e-10,1
bem,bem_0001306,smooth,7,1.512240523864077e-10,1
bem,bem_0001307,smooth,7,1.4685464787078558e-10,1
bem,bem_0001316,smooth,7,1.235953017644732e-10,1
bem,bem_0001317,smooth,7,1.3218854684146634e-10,1
bem,bem_0001326,smooth,7,1.2706000487633838e-10,1
bem,bem_0001327,smooth,7,1.3410194664459412e-10,1
bem,bem_0001336,smooth,7,1.834442919041999e-10,1
bem,bem_0001337,smooth,7,1.3521535800422562e-10,1
bem,bem_0001346,smooth,7,2.3835075551674563e-10,1
bem,bem_0001347,smooth,7,1.251272505066057e-10,1
bem,bem_0001356,smooth,7,1.9735231753638362e-10,1
bem,bem_0001357,smooth,7,1.5068192565487807e-10,1
bem,bem_0001366,smooth,7,1.150142873586286e-10,1
bem,bem_0001367,smooth,7,1.1897124810777494e-10,1
bem,bem_0001376,smooth,7,1.5409264441137466e-10,1
bem,bem_0001377,smooth,7,7.471785519659084e-11,1
bem,bem_0001386,smooth,7,2.733395217349891e-10,1
bem,bem_0001387,smooth,7,1.2092766127592197e-10,1
bem,bem_0001396,smooth,7,1.9190297110174127e-10,1
bem,bem_0001397,smooth,7,1.1554297359898297e-10,1
bem,bem_0001406,smooth,7,1.8244202322499243e-10,1
bem,bem_0001407,smooth,7,1.2434346610296344e-10,1
bem,bem_0001416,smooth,7,1.3621430532537181e-10,1
bem,bem_0001417,smooth,7,1.123948691870786e-10,1
bem,bem_0001426,smooth,7,1.3203691359701746e-10,1
bem,bem_0001427,smooth,7,1.5593203054353598e-10,1
bem,bem_0001436,smooth,7,5.523474928295528e-11,1
bem,bem_0001437,smooth,7,1.368408247184002e-10,1
bem,bem_0001446,smooth,7,1.4782178233543967e-10,1
bem,bem_0001447,smooth,7,1.1929326551317791e-10,1
bem,bem_0001456,smooth,7,1.1539588462608557e-10,1
bem,bem_0001457,smooth,7,1.4356416975695142e-10,1
bem,bem_0001466,smooth,7,1.49931740063951e-10,1
bem,bem_0001467,smooth,7,1.267273705921661e-10,1
bem,bem_0001476,smooth,7,1.429600222555041e-10,1
bem,bem_0001477,smooth,7,9.826466339152512e-11,1
bem,bem_0001486,smooth,7,1.4638543101201408e-10,1
bem,bem_0001487,smooth,7,1.322334114551572e-10,1
bem,bem_0001496,smooth,7,1.2914665875324955e-10,1
bem,bem_0001497,smooth,7,1.631515401164465e-10,1
bem,bem_0001506,smooth,7,6.408347827974939e-11,1
bem,bem_0001507,smooth,7,1.1954964693587414e-10,1
bem,bem_0001516,smooth,7,1.3301341211753794e-10,1
bem,bem_0001517,smooth,7,1.3614507341731017e-10,1
bem,bem_0001526,smooth,7,1.7627787200026754e-10,1
bem,bem_0001527,smooth,7,1.3032687472411238e-10,1
bem,bem_0001536,smooth,7,1.5742943255707169e-10,1
bem,bem_0001537,smooth,7,1.560696937738445e-10,1
bem,bem_0001546,smooth,7,1.265455200920877e-10,1
bem,bem_0001547,smooth,7,1.3106929019381127e-10,1
bem,bem_0001556,smooth,7,1.3277476350526582e-10,1
bem,bem_0001557,smooth,7,1.0665014272472006e-10,1
bem,bem_0001566,smooth,7,8.691213397692057e-11,1
bem,bem_0001567,smooth,7,1.5257002502004218e-10,1
bem,bem_0001576,smooth,7,1.4020838222918557e-10,1
bem,bem_0001577,smooth,7,1.7691395083061807e-10,1
bem,bem_0001586,smooth,7,1.2763800662912647e-10,1
bem,bem_0001587,smooth,7,5.4090889826732785e-11,1
bem,bem_0001596,smooth,7,1.9324641627636898e-10,1
bem,bem_0001597,smooth,7,1.6716145080763208e-10,1
bem,bem_0001606,smooth,7,7.363073353685964e-11,1
bem,bem_0001607,smooth,7,1.3834574638956128e-10,1
bem,bem_0001616,smooth,7,1.304270542371615e-10,1
bem,bem_0001617,smooth,7,2.2862987899303995e-10,1
bem,bem_0001626,smooth,7,1.1993292755787822e-10,1
bem,bem_0001627,smooth,7,1.3260406844316574e-10,1
bem,bem_0001636,smooth,7,1.2806790452952841e-10,1
bem,bem_0001637,smooth,7,8.295410904916083e-11,1
bem,bem_0001646,smooth,7,1.4679272160275204e-10,1
bem,bem_0001647,smooth,7,1.3062520735977502e-10,1
bem,bem_0001656,smooth,7,1.2986479033819108e-10,1
bem,bem_0001657,smooth,7,1.3553273229070182e-10,1
bem,bem_0001666,smooth,7,1.263438395219878e-10,1
bem,bem_0001667,smooth,7,1.2289748242539995e-10,1
bem,bem_0001676,smooth,7,1.2915017520404185e-10,1
bem,bem_0001677,smooth,7,9.226336387885514e-11,1
bem,bem_0001686,smooth,7,1.4223757792584706e-10,1
bem,bem_0001687,smooth,7,1.196733380413304e-10,1
bem,bem_0001696,smooth,7,1.463629103422816e-10,1
bem,bem_0001697,smooth,7,1.6805783518003083e-10,1
bem,bem_0001706,smooth,7,1.1785253276913986e-10,1
bem,bem_0001707,smooth,7,1.303482042767193e-10,1
bem,bem_0001716,smooth,7,1.035667683382211e-10,1
bem,bem_0001717,smooth,7,1.6267110443153476e-10,1
bem,bem_0001726,smooth,7,1.2610971528647422e-10,1
bem,bem_0001727,smooth,7,1.775590386674586e-10,1
bem,bem_0001736,smooth,7,4.944690420553337e-11,1
bem,bem_0001737,smooth,7,1.726718777537236e-10,1
bem,bem_0001746,smooth,7,1.3239147179643294e-10,1
bem,bem_0001747,smooth,7,1.2534813719820218e-10,1
bem,bem_0001756,smooth,7,9.669536565405698e-11,1
bem,bem_0001757,smooth,7,2.0211792152355387e-10,1
bem,bem_0001766,smooth,7,1.9887092250668975e-10,1
bem,bem_0001767,smooth,7,1.0508519917357596e-10,1
bem,bem_0001776,smooth,7,1.2819451767685262e-10,1
bem,bem_0001777,smooth,7,8.481798013990396e-11,1
bem,bem_0001786,smooth,7,1.1789452511527836e-10,1
bem,bem_0001787,smooth,7,6.219935686388735e-11,1
bem,bem_0001796,smooth,7,1.1890865526222115e-10,1
bem,bem_0001797,smooth,7,1.397534584057844e-10,1
bem,bem_0001806,smooth,7,1.031038876138594e-10,1
bem,bem_0001807,smooth,7,1.414868497037163e-10,1
bem,bem_0001816,smooth,7,1.330723568713006e-10,1
bem,bem_0001817,smooth,7,2.8206006084210136e-10,1
bem,bem_0001826,smooth,7,1.3158773871353722e-10,1
bem,bem_0001827,smooth,7,1.5870205062187155e-10,1
bem,bem_0001836,smooth,7,1.2979420567433696e-10,1
bem,bem_0001837,smooth,7,1.2313409468857315e-10,1
bem,bem_0001846,smooth,7,6.705859948419995e-11,1
bem,bem_0001847,smooth,7,1.407609885280626e-10,1
bem,bem_0001856,smooth,7,1.3390254611075238e-10,1
bem,bem_0001857,smooth,7,1.1052530753837362e-10,1
bem,bem_0001866,smooth,7,1.5021819783309256e-10,1
bem,bem_0001867,smooth,7,1.4327067309852986e-10,1
bem,bem_0001876,smooth,7,1.1689570286227312e-10,1
bem,bem_0001877,smooth,7,1.604491811075971e-10,1
bem,bem_0001886,smooth,7,1.2973149937934239e-10,1
bem,bem_0001887,smooth,7,1.6108712416602229e-10,1
bem,bem_0001896,smooth,7,5.0894569605932855e-11,1
bem,bem_0001897,smooth,7,1.125000676064754e-10,1
bem,bem_0001906,smooth,7,1.2979678585679862e-10,1
bem,bem_0001907,smooth,7,1.3277029430647476e-10,1
bem,bem_0001916,smooth,7,1.2783653836082551e-10,1
bem,bem_0001917,smooth,7,1.3307527657377306e-10,1
bem,bem_0001926,smooth,7,1.377767486674821e-10,1
bem,bem_0001927,smooth,7,1.2307568047162415e-10,1
bem,bem_0001936,smooth,7,1.7070283844384892e-10,1
bem,bem_0001937,smooth,7,1.3307676643803515e-10,1
bem,bem_0001946,smooth,7,1.229389166655099e-10,1
bem,bem_0001947,smooth,7,1.2533127510030319e-10,1
bem,bem_0001956,smooth,7,1.1221717499755398e-10,1
bem,bem_0001957,smooth,7,9.489201760360621e-11,1
bem,bem_0001966,smooth,7,1.3136575320180752e-10,1
bem,bem_0001967,smooth,7,1.414149030047252e-10,1
bem,bem_0001976,smooth,7,7.266366625930168e-11,1
bem,bem_0001977,smooth,7,1.3150682668078436e-10,1
bem,bem_0001986,smooth,7,1.0311435223468019e-10,1
bem,bem_0001987,smooth,7,1.2736820518923146e-10,1
bem,bem_0001996,smooth,7,1.2734203722177726e-10,1
bem,bem_0001997,smooth,7,1.4038817328802878e-10,1
bem,bem_0002006,smooth,7,1.35808152102062e-10,1
bem,bem_0002007,smooth,7,1.4552209757449502e-10,1
bem,bem_0002016,smooth,7,1.3206007920633783e-10,1
bem,bem_0002017,smooth,7,1.4479922630620563e-10,1
bem,bem_0002026,smooth,7,1.307585298214518e-10,1
bem,bem_0002027,smooth,7,1.349546709808916e-10,1
bem,bem_0002036,smooth,7,1.282136292357576e-10,1
bem,bem_0002037,smooth,7,1.1014344206144905e-10,1
bem,bem_0002046,smooth,7,9.023986417666966e-11,1
bem,bem_0002047,smooth,7,1.4474634231252234e-10,1
bem,bem_0002056,smooth,7,1.442246667380518e-10,1
bem,bem_0002057,smooth,7,1.1813602326338328e-10,1
bem,bem_0002066,smooth,7,1.3596048345077478e-10,1
bem,bem_0002067,smooth,7,1.4411950256295296e-10,1
bem,bem_0002076,smooth,7,1.0558037647233368e-10,1
bem,bem_0002077,smooth,7,1.0576355519544916e-10,1
bem,bem_0002086,smooth,7,2.344580402986536e-10,1
bem,bem_0002087,smooth,7,1.319278508525359e-10,1
bem,bem_0002096,smooth,7,1.353271696480598e-10,1
bem,bem_0002097,smooth,7,1.3050565710302102e-10,1
bem,bem_0002106,smooth,7,2.8316149204594145e-10,1
bem,bem_0002107,smooth,7,1.252676995652542e-10,1
bem,bem_0002116,smooth,7,7.173357455377301e-11,1
bem,bem_0002117,smooth,7,1.3695844389073075e-10,1
bem,bem_0002126,smooth,7,1.5509879323408302e-10,1
bem,bem_0002127,smooth,7,1.3515355117083925e-10,1
bem,bem_0002136,smooth,7,1.3043451771636074e-10,1
bem,bem_0002137,smooth,7,1.225690654543551e-10,1
bem,bem_0002146,smooth,7,1.2677410983637812e-10,1
bem,bem_0002147,smooth,7,1.660643936091336e-10,1
bem,bem_0002156,smooth,7,4.1692865909556085e-11,1
bem,bem_0002157,smooth,7,1.3819802244609373e-10,1
bem,bem_0002166,smooth,7,9.494276600192701e-11,1
bem,bem_0002167,smooth,7,1.351135575771494e-10,1
bem,bem_0002176,smooth,7,1.5068378543063144e-10,1
bem,bem_0002177,smooth,7,1.2059399674424195e-10,1
bem,bem_0002186,smooth,7,1.296495839125668e-10,1
bem,bem_0002187,smooth,7,1.3804717676648073e-10,1
bem,bem_0002196,smooth,7,1.357168682030115e-10,1
bem,bem_0002197,smooth,7,1.2295682751216042e-10,1
bem,bem_0002206,smooth,7,1.7119329144752012e-10,1
bem,bem_0002207,smooth,7,1.406370455698078e-10,1
bem,bem_0002216,smooth,7,1.821805940634388e-11,1
bem,bem_0002217,smooth,7,1.1956021489735785e-10,1
bem,bem_0002226,smooth,7,1.2391721874971818e-10,1
bem,bem_0002227,smooth,7,1.119649252336822e-10,1
bem,bem_0002236,smooth,7,1.2079431018654388e-10,1
bem,bem_0002237,smooth,7,1.3737535707667253e-10,1
bem,bem_0002246,smooth,7,1.769913128660688e-10,1
bem,bem_0002247,smooth,7,1.404526413437332e-10,1
bem,bem_0002256,smooth,7,1.196471090025779e-10,1
bem,bem_0002257,smooth,7,2.0370795619506387e-10,1
bem,bem_0002266,smooth,7,1.2800604037902545e-10,1
bem,bem_0002267,smooth,7,1.6678586335266646e-10,1
bem,bem_0002276,smooth,7,1.3101262752802205e-10,1
bem,bem_0002277,smooth,7,1.2207562121561107e-10,1
bem,bem_0002286,smooth,7,1.152567694583399e-10,1
bem,bem_0002287,smooth,7,1.5723265172887547e-10,1
bem,bem_0002296,smooth,7,1.4862127837279045e-10,1
bem,bem_0002297,smooth,7,1.7274259520736474e-10,1
bem,bem_0002306,smooth,7,1.4820329119701329e-10,1
bem,bem_0002307,smooth,7,1.412734117934004e-10,1
bem,bem_0002316,smooth,7,1.6765317420752154e-10,1
bem,bem_0002317,smooth,7,1.3523015281188296e-10,1
bem,bem_0002326,smooth,7,1.296704780029719e-10,1
bem,bem_0002327,smooth,7,1.2004792346835042e-10,1
bem,bem_0002336,smooth,7,1.4299392145631628e-10,1
bem,bem_0002337,smooth,7,1.2741879578761754e-10,1
bem,bem_0002346,smooth,7,5.197515983292236e-11,1
bem,bem_0002347,smooth,7,8.645766406875749e-11,1
bem,bem_0002356,smooth,7,1.2318506780421484e-10,1
bem,bem_0002357,smooth,7,1.374641711385043e-10,1
bem,bem_0002366,smooth,7,1.6661320198692145e-10,1
bem,bem_0002367,smooth,7,1.372590240367342e-10,1
bem,bem_0002376,smooth,7,1.3244549145605624e-10,1
bem,bem_0002377,smooth,7,7.43202747862723e-11,1
bem,bem_0002386,smooth,7,1.454796634008498e-10,1
bem,bem_0002387,smooth,7,1.2792662430864392e-10,1
bem,bem_0002396,smooth,7,1.4691064180354764e-10,1
bem,bem_0002397,smooth,7,1.2975597594505947e-10,1
bem,bem_0002406,smooth,7,1.486264949262837e-10,1
bem,bem_0002407,smooth,7,8.635148047892245e-11,1
bem,bem_0002416,smooth,7,1.261241735109512e-10,1
bem,bem_0002417,smooth,7,1.3931280907270984e-10,1
bem,bem_0002426,smooth,7,1.2268108235236214e-10,1
bem,bem_0002427,smooth,7,1.2010615375476833e-10,1
bem,bem_0002436,smooth,7,1.5845762759645592e-10,1
bem,bem_0002437,smooth,7,1.2835013494233689e-10,1
bem,bem_0002446,smooth,7,1.2870624094479416e-10,1
bem,bem_0002447,smooth,7,3.8306646872315274e-11,1
bem,bem_0002456,smooth,7,1.626487163647421e-10,1
bem,bem_0002457,smooth,7,1.2834228797787573e-10,1
bem,bem_0002466,smooth,7,1.650857038395765e-10,1
bem,bem_0002467,smooth,7,8.201507930413635e-11,1
bem,bem_0002476,smooth,7,1.3004294864100373e-10,1
bem,bem_0002477,smooth,7,1.623450344661164e-10,1
bem,bem_0002486,smooth,7,1.3222866855436e-10,1
bem,bem_0002487,smooth,7,1.5771477254132964e-10,1
bem,bem_0002496,smooth,7,6.22306069696955e-11,1
bem,bem_0002497,smooth,7,1.325547746576065e-10,1
bem,bem_0002506,smooth,7,1.422683796785359e-10,1
bem,bem_0002507,smooth,7,1.3496043694665252e-10,1
bem,bem_0002516,smooth,7,9.567633337106381e-11,1
bem,bem_0002517,smooth,7,1.4851000413735527e-10,1
bem,bem_0002526,smooth,7,1.4471498152142432e-10,1
bem,bem_0002527,smooth,7,1.9481007158736548e-11,1
bem,bem_0002536,smooth,7,1.3906852512906107e-10,1
bem,bem_0002537,smooth,7,1.4053308867033197e-10,1
bem,bem_0002546,smooth,7,1.4937292747067002e-10,1
bem,bem_0002547,smooth,7,1.2906486563972536e-10,1
bem,bem_0002556,smooth,7,1.5002117332813605e-10,1
bem,bem_0002557,smooth,7,1.2420465329986154e-10,1
bem,bem_0002566,smooth,7,1.533544588467361e-10,1
bem,bem_0002567,smooth,7,1.1615195290447043e-10,1
bem,bem_0002576,smooth,7,1.3633041362672868e-10,1
bem,bem_0002577,smooth,7,4.500758063996098e-11,1
bem,bem_0002586,smooth,7,1.5205741985927375e-10,1
bem,bem_0002587,smooth,7,1.2837020502626027e-10,1
bem,bem_0002596,smooth,7,1.6539096942847854e-10,1
bem,bem_0002597,smooth,7,2.438677949986982e-11,1
bem,bem_0002606,smooth,7,1.3658441916966925e-10,1
bem,bem_0002607,smooth,7,3.417492011538159e-11,1
bem,bem_0002616,smooth,7,1.3847026155861283e-10,1
bem,bem_0002617,smooth,7,1.4423336397663812e-10,1
bem,bem_0002626,smooth,7,1.3149560397165186e-10,1
bem,bem_0002627,smooth,7,1.2272772118329955e-10,1
bem,bem_0002636,smooth,7,2.0255181515502764e-10,1
bem,bem_0002637,smooth,7,1.508623908349708e-10,1
bem,bem_0002646,smooth,7,1.561306163711809e-10,1
bem,bem_0002647,smooth,7,1.2180800584163998e-10,1
bem,bem_0002656,smooth,7,1.090005878578664e-10,1
bem,bem_0002657,smooth,7,1.1698605629886483e-10,1
bem,bem_0002666,smooth,7,1.0259031683005779e-10,1
bem,bem_0002667,smooth,7,1.1596614422479014e-10,1
bem,bem_0002676,smooth,7,1.2877181763850684e-10,1
bem,bem_0002677,smooth,7,1.5045487967133502e-10,1
bem,bem_0002686,smooth,7,1.3008160429088065e-10,1
bem,bem_0002687,smooth,7,4.3078995827251055e-11,1
bem,bem_0002696,smooth,7,2.924562099379024e-10,1
bem,bem_0002697,smooth,7,3.9558346297613605e-11,1
bem,bem_0002706,smooth,7,1.9299448764190072e-10,1
bem,bem_0002707,smooth,7,1.3652846147268443e-10,1
bem,bem_0002716,smooth,7,1.5637826182603435e-10,1
bem,bem_0002717,smooth,7,1.6478287411579584e-10,1
bem,bem_0002726,smooth,7,1.238994705148994e-10,1
bem,bem_0002727,smooth,7,1.306610758001405e-10,1
bem,bem_0002736,smooth,7,1.792554954725627e-10,1
bem,bem_0002737,smooth,7,1.3491706431991494e-10,1
bem,bem_0002746,smooth,7,1.213742377446805e-10,1
bem,bem_0002747,smooth,7,1.217048980881427e-10,1
bem,bem_0002756,smooth,7,6.925246925611166e-11,1
bem,bem_0002757,smooth,7,1.2873004592791847e-10,1
bem,bem_0002766,smooth,7,2.454679292741627e-10,1
bem,bem_0002767,smooth,7,3.6383635738171536e-10,1
bem,bem_0002776,smooth,7,7.885731249335905e-11,1
bem,bem_0002777,smooth,7,1.45283514410748e-10,1
bem,bem_0002786,smooth,7,1.6223389817232005e-10,1
bem,bem_0002787,smooth,7,2.7331184446989713e-10,1
bem,bem_0002796,smooth,7,1.4556045266742811e-10,1
bem,bem_0002797,smooth,7,1.514151727701849e-10,1
bem,bem_0002806,smooth,7,1.445966086711883e-10,1
bem,bem_0002807,smooth,7,1.2327554518407164e-10,1
bem,bem_0002816,smooth,7,1.2402894125426768e-10,1
bem,bem_0002817,smooth,7,1.4632183826734488e-10,1
bem,bem_0002826,smooth,7,1.146398200398305e-10,1
bem,bem_0002827,smooth,7,1.2999675982302376e-10,1
bem,bem_0002836,smooth,7,1.2392186265720733e-10,1
bem,bem_0002837,smooth,7,1.4482843043274677e-10,1
bem,bem_0002846,smooth,7,8.793119689034087e-11,1
bem,bem_0002847,smooth,7,1.3205523124646348e-10,1
bem,bem_0002856,smooth,7,1.2679480465801842e-10,1
bem,bem_0002857,smooth,7,1.0678352646602786e-10,1
bem,bem_0002866,smooth,7,1.3722064412448647e-10,1
bem,bem_0002867,smooth,7,1.3477259783782052e-10,1
bem,bem_0002876,smooth,7,9.375666794735966e-11,1
bem,bem_0002877,smooth,7,2.918003767918587e-10,1
bem,bem_0002886,smooth,7,1.2963328619230193e-10,1
bem,bem_0002887,smooth,7,1.3381020089876424e-10,1
bem,bem_0002896,smooth,7,6.147901652103151e-11,1
bem,bem_0002897,smooth,7,1.444727737925618e-10,1
bem,bem_0002906,smooth,7,1.4094991835929498e-10,1
bem,bem_0002907,smooth,7,9.069970280572285e-11,1
bem,bem_0002916,smooth,7,1.2699052646643156e-10,1
bem,bem_0002917,smooth,7,1.706377810261409e-10,1
bem,bem_0002926,smooth,7,1.3501033588791503e-10,1
bem,bem_0002927,smooth,7,1.4029763948583976e-10,1
bem,bem_0002936,smooth,7,2.0563094595668317e-10,1
bem,bem_0002937,smooth,7,1.8926443375954158e-10,1
bem,bem_0002946,smooth,7,1.237869444728331e-10,1
bem,bem_0002947,smooth,7,1.629304061411182e-10,1
bem,bem_0002956,smooth,7,2.1743917539101057e-10,1
bem,bem_0002957,smooth,7,1.1408134361969427e-10,1
bem,bem_0002966,smooth,7,1.2932736097754802e-10,1
bem,bem_0002967,smooth,7,1.3954816669872635e-10,1
bem,bem_0002976,smooth,7,1.24568850259589e-10,1
bem,bem_0002977,smooth,7,1.822573749165347e-10,1
bem,bem_0002986,smooth,7,1.409799998973535e-10,1
bem,bem_0002987,smooth,7,8.891463675266159e-11,1
bem,bem_0002996,smooth,7,2.961797373868869e-10,1
bem,bem_0002997,smooth,7,1.3051542920601755e-10,1
kepler,kepler_0000006,ordinary,7,1.8122579691577593e-11,1
kepler,kepler_0000007,ordinary,7,1.719301182088805e-11,1
kepler,kepler_0000016,difficult,7,1.8516021033440212e-11,1
kepler,kepler_0000017,high_e,7,1.5418885053315e-11,1
kepler,kepler_0000026,ordinary,7,3.4522649343869007e-13,1
kepler,kepler_0000027,ordinary,7,1.9379582902124462e-11,1
kepler,kepler_0000036,difficult,7,1.8497938600661592e-11,1
kepler,kepler_0000037,high_e,7,1.6107186986816813e-11,1
kepler,kepler_0000046,ordinary,7,1.5620640250685467e-11,1
kepler,kepler_0000047,ordinary,7,1.750273672825185e-11,1
kepler,kepler_0000056,difficult,7,1.8420492311121795e-11,1
kepler,kepler_0000057,high_e,7,1.5149619409114203e-11,1
kepler,kepler_0000066,ordinary,7,1.5528925449800325e-11,1
kepler,kepler_0000067,ordinary,7,1.3540120715827069e-12,1
kepler,kepler_0000076,difficult,7,1.849666680390347e-11,1
kepler,kepler_0000077,high_e,7,1.472346678903322e-11,1
kepler,kepler_0000086,ordinary,7,1.45867350952171e-11,1
kepler,kepler_0000087,ordinary,7,1.2673203096048444e-11,1
kepler,kepler_0000096,difficult,7,1.851914715024799e-11,1
kepler,kepler_0000097,high_e,7,1.522159820568625e-11,1
kepler,kepler_0000106,ordinary,7,1.8559208277361905e-11,1
kepler,kepler_0000107,ordinary,7,8.035641749508857e-12,1
kepler,kepler_0000116,difficult,7,1.8530543043483346e-11,1
kepler,kepler_0000117,high_e,7,1.5250956324513538e-11,1
kepler,kepler_0000126,ordinary,7,1.75762411158457e-11,1
kepler,kepler_0000127,ordinary,7,4.797706993179838e-13,1
kepler,kepler_0000136,difficult,7,1.851965418808216e-11,1
kepler,kepler_0000137,high_e,7,1.5796628110497634e-11,1
kepler,kepler_0000146,ordinary,7,1.661641514808066e-11,1
kepler,kepler_0000147,ordinary,7,1.2697691433962447e-11,1
kepler,kepler_0000156,difficult,7,1.8518511418566942e-11,1
kepler,kepler_0000157,high_e,7,1.770732932889215e-11,1
kepler,kepler_0000166,ordinary,7,1.6104124880718373e-11,1
kepler,kepler_0000167,ordinary,7,1.8099025212804462e-11,1
kepler,kepler_0000176,difficult,7,1.851290562368398e-11,1
kepler,kepler_0000177,high_e,7,1.7258148660738533e-11,1
kepler,kepler_0000186,ordinary,7,1.6379377178851362e-11,1
kepler,kepler_0000187,ordinary,7,1.2905287121392225e-13,1
kepler,kepler_0000196,difficult,7,1.8508250966327837e-11,1
kepler,kepler_0000197,high_e,7,1.7473515307820426e-11,1
kepler,kepler_0000206,ordinary,7,1.7449595658057708e-11,1
kepler,kepler_0000207,ordinary,7,7.685556192112119e-12,1
kepler,kepler_0000216,difficult,7,1.851880200402173e-11,1
kepler,kepler_0000217,high_e,7,1.6199208384993494e-11,1
kepler,kepler_0000226,ordinary,7,4.250502216882275e-12,1
kepler,kepler_0000227,ordinary,7,1.6923612402865586e-11,1
kepler,kepler_0000236,difficult,7,1.849521030017721e-11,1
kepler,kepler_0000237,high_e,7,1.780866469068314e-11,1
kepler,kepler_0000246,ordinary,7,2.2576077431528166e-12,1
kepler,kepler_0000247,ordinary,7,1.993763191142647e-11,1
kepler,kepler_0000256,difficult,7,1.850998054284695e-11,1
kepler,kepler_0000257,high_e,7,2.012651469369541e-11,1
kepler,kepler_0000266,ordinary,7,7.048302693485556e-12,1
kepler,kepler_0000267,ordinary,7,1.7463835273520877e-11,1
kepler,kepler_0000276,difficult,7,1.851924927237562e-11,1
kepler,kepler_0000277,high_e,7,1.881702531684995e-11,1
kepler,kepler_0000286,ordinary,7,2.9528864511812352e-12,1
kepler,kepler_0000287,ordinary,7,1.679536503040514e-11,1
kepler,kepler_0000296,difficult,7,1.8513360911444804e-11,1
kepler,kepler_0000297,high_e,7,1.5214077158949827e-11,1
kepler,kepler_0000306,ordinary,7,1.2632351088861289e-11,1
kepler,kepler_0000307,ordinary,7,1.7003498635985513e-11,1
kepler,kepler_0000316,difficult,7,1.852068195862673e-11,1
kepler,kepler_0000317,high_e,7,1.8108987423095522e-11,1
kepler,kepler_0000326,ordinary,7,1.8074162565661937e-11,1
kepler,kepler_0000327,ordinary,7,7.123111363715794e-12,1
kepler,kepler_0000336,difficult,7,1.8532251437199508e-11,1
kepler,kepler_0000337,high_e,7,1.6957801403890553e-11,1
kepler,kepler_0000346,ordinary,7,1.746249240230269e-11,1
kepler,kepler_0000347,ordinary,7,7.151102731234137e-12,1
kepler,kepler_0000356,difficult,7,1.8512802707294804e-11,1
kepler,kepler_0000357,high_e,7,1.6515668116041745e-11,1
kepler,kepler_0000366,ordinary,7,1.5805033151905606e-11,1
kepler,kepler_0000367,ordinary,7,1.729600537675399e-11,1
kepler,kepler_0000376,difficult,7,1.8488916094643437e-11,1
kepler,kepler_0000377,high_e,7,1.7248042517188625e-11,1
kepler,kepler_0000386,ordinary,7,3.46983348385565e-12,1
kepler,kepler_0000387,ordinary,7,4.81911219160277e-13,1
kepler,kepler_0000396,difficult,7,1.8519534202907773e-11,1
kepler,kepler_0000397,high_e,7,2.0714015343337647e-11,1
kepler,kepler_0000406,ordinary,7,1.724665931873501e-11,1
kepler,kepler_0000407,ordinary,7,1.0186412886038052e-12,1
kepler,kepler_0000416,difficult,7,1.8516756103600594e-11,1
kepler,kepler_0000417,high_e,7,1.5535994820026437e-11,1
kepler,kepler_0000426,ordinary,7,5.800650747234769e-13,1
kepler,kepler_0000427,ordinary,7,1.0981993618914179e-11,1
kepler,kepler_0000436,difficult,7,1.8518491626432637e-11,1
kepler,kepler_0000437,high_e,7,1.7125393866419595e-11,1
kepler,kepler_0000446,ordinary,7,1.911840051339202e-11,1
kepler,kepler_0000447,ordinary,7,1.0119574997686494e-11,1
kepler,kepler_0000456,difficult,7,1.8518541246270702e-11,1
kepler,kepler_0000457,high_e,7,2.001202840948633e-11,1
kepler,kepler_0000466,ordinary,7,1.979273214134224e-11,1
kepler,kepler_0000467,ordinary,7,1.776819044186289e-11,1
kepler,kepler_0000476,difficult,7,1.8518358537821108e-11,1
kepler,kepler_0000477,high_e,7,1.9173339331227534e-11,1
kepler,kepler_0000486,ordinary,7,2.2050635935595694e-11,1
kepler,kepler_0000487,ordinary,7,1.8831435772493375e-11,1
kepler,kepler_0000496,difficult,7,1.848157697183602e-11,1
kepler,kepler_0000497,high_e,7,1.5358591267342357e-11,1
kepler,kepler_0000506,ordinary,7,1.6788007568873227e-11,1
kepler,kepler_0000507,ordinary,7,1.885998525245039e-11,1
kepler,kepler_0000516,difficult,7,1.844138411854802e-11,1
kepler,kepler_0000517,high_e,7,1.5717540671522792e-11,1
kepler,kepler_0000526,ordinary,7,2.6103821492961207e-12,1
kepler,kepler_0000527,ordinary,7,1.8137425537369026e-11,1
kepler,kepler_0000536,difficult,7,1.85143740999364e-11,1
kepler,kepler_0000537,high_e,7,1.8051903626775787e-11,1
kepler,kepler_0000546,ordinary,7,1.323509826381585e-11,1
kepler,kepler_0000547,ordinary,7,4.1717090339868187e-13,1
kepler,kepler_0000556,difficult,7,1.85083781712466e-11,1
kepler,kepler_0000557,high_e,7,1.504376546800598e-11,1
kepler,kepler_0000566,ordinary,7,4.0036617318950955e-13,1
kepler,kepler_0000567,ordinary,7,1.6066445155933008e-11,1
kepler,kepler_0000576,difficult,7,1.8519293584180614e-11,1
kepler,kepler_0000577,high_e,7,1.4954381618498812e-11,1
kepler,kepler_0000586,ordinary,7,1.645164491859564e-11,1
kepler,kepler_0000587,ordinary,7,1.5699275235572973e-11,1
kepler,kepler_0000596,difficult,7,1.8520358386042013e-11,1
kepler,kepler_0000597,high_e,7,1.5193219333225595e-11,1
kepler,kepler_0000606,ordinary,7,1.7061509989492693e-11,1
kepler,kepler_0000607,ordinary,7,1.7934364199028388e-11,1
kepler,kepler_0000616,difficult,7,1.8499186915328403e-11,1
kepler,kepler_0000617,high_e,7,1.7038020458509998e-11,1
kepler,kepler_0000626,ordinary,7,1.6688249201967233e-11,1
kepler,kepler_0000627,ordinary,7,1.741418051804647e-11,1
kepler,kepler_0000636,difficult,7,1.841101635795771e-11,1
kepler,kepler_0000637,high_e,7,1.4785474639372146e-11,1
kepler,kepler_0000646,ordinary,7,1.719701778594822e-11,1
kepler,kepler_0000647,ordinary,7,9.958998663519777e-14,1
kepler,kepler_0000656,difficult,7,1.8518916449216454e-11,1
kepler,kepler_0000657,high_e,7,1.5545274226136655e-11,1
kepler,kepler_0000666,ordinary,7,4.598607619407388e-13,1
kepler,kepler_0000667,ordinary,7,1.0439642397531026e-11,1
kepler,kepler_0000676,difficult,7,1.8506373990820344e-11,1
kepler,kepler_0000677,high_e,7,1.592702577076509e-11,1
kepler,kepler_0000686,ordinary,7,1.70495512198486e-11,1
kepler,kepler_0000687,ordinary,7,1.1437861705600786e-11,1
kepler,kepler_0000696,difficult,7,1.8514443358518684e-11,1
kepler,kepler_0000697,high_e,7,1.547020021370539e-11,1
kepler,kepler_0000706,ordinary,7,2.7477488430478204e-12,1
kepler,kepler_0000707,ordinary,7,8.473870213223096e-15,1
kepler,kepler_0000716,difficult,7,1.854112446302744e-11,1
kepler,kepler_0000717,high_e,7,1.866486177309071e-11,1
kepler,kepler_0000726,ordinary,7,1.5202770659049716e-11,1
kepler,kepler_0000727,ordinary,7,8.852396757597561e-15,1
kepler,kepler_0000736,difficult,7,1.8517578125934912e-11,1
kepler,kepler_0000737,high_e,7,1.7357093935759106e-11,1
kepler,kepler_0000746,ordinary,7,1.5223161073577246e-11,1
kepler,kepler_0000747,ordinary,7,8.463586389295107e-12,1
kepler,kepler_0000756,difficult,7,1.8515259412036794e-11,1
kepler,kepler_0000757,high_e,7,1.6083625431165597e-11,1
kepler,kepler_0000766,ordinary,7,1.8890794150241265e-11,1
kepler,kepler_0000767,ordinary,7,1.778724421712952e-11,1
kepler,kepler_0000776,difficult,7,1.8518821278085216e-11,1
kepler,kepler_0000777,high_e,7,2.037787648567175e-11,1
kepler,kepler_0000786,ordinary,7,4.02360839481775e-12,1
kepler,kepler_0000787,ordinary,7,9.388002559448467e-12,1
kepler,kepler_0000796,difficult,7,1.8467734535701683e-11,1
kepler,kepler_0000797,high_e,7,2.0242832229759806e-11,1
kepler,kepler_0000806,ordinary,7,1.0749120072604315e-11,1
kepler,kepler_0000807,ordinary,7,1.6836304285792607e-11,1
kepler,kepler_0000816,difficult,7,1.851831168372701e-11,1
kepler,kepler_0000817,high_e,7,1.6968581534232517e-11,1
kepler,kepler_0000826,ordinary,7,1.934027983683193e-11,1
kepler,kepler_0000827,ordinary,7,1.7855538836829545e-11,1
kepler,kepler_0000836,difficult,7,1.8497775917272216e-11,1
kepler,kepler_0000837,high_e,7,1.6246573198233473e-11,1
kepler,kepler_0000846,ordinary,7,6.0248930148184006e-12,1
kepler,kepler_0000847,ordinary,7,1.5624585263650366e-11,1
kepler,kepler_0000856,difficult,7,1.850332573184009e-11,1
kepler,kepler_0000857,high_e,7,1.758764208215695e-11,1
kepler,kepler_0000866,ordinary,7,2.1119794893120418e-11,1
kepler,kepler_0000867,ordinary,7,3.5555369955900686e-12,1
kepler,kepler_0000876,difficult,7,1.8509035276570495e-11,1
kepler,kepler_0000877,high_e,7,1.5532525425094838e-11,1
kepler,kepler_0000886,ordinary,7,1.4369633458794676e-11,1
kepler,kepler_0000887,ordinary,7,1.5074059026097506e-15,1
kepler,kepler_0000896,difficult,7,1.849911751629466e-11,1
kepler,kepler_0000897,high_e,7,1.800896218070237e-11,1
kepler,kepler_0000906,ordinary,7,1.6422208535601174e-11,1
kepler,kepler_0000907,ordinary,7,1.2106115999893296e-11,1
kepler,kepler_0000916,difficult,7,1.8519905303701738e-11,1
kepler,kepler_0000917,high_e,7,1.8872903497979767e-11,1
kepler,kepler_0000926,ordinary,7,1.471238902724664e-11,1
kepler,kepler_0000927,ordinary,7,1.8223629914523438e-11,1
kepler,kepler_0000936,difficult,7,1.851743650324511e-11,1
kepler,kepler_0000937,high_e,7,1.6724676687415154e-11,1
kepler,kepler_0000946,ordinary,7,6.128924634701773e-12,1
kepler,kepler_0000947,ordinary,7,8.752851787485574e-13,1
kepler,kepler_0000956,difficult,7,1.8518485762286218e-11,1
kepler,kepler_0000957,high_e,7,1.6226744288395887e-11,1
kepler,kepler_0000966,ordinary,7,3.0684479580993264e-12,1
kepler,kepler_0000967,ordinary,7,1.1651193851806458e-11,1
kepler,kepler_0000976,difficult,7,1.8518427535523984e-11,1
kepler,kepler_0000977,high_e,7,1.641700511939115e-11,1
kepler,kepler_0000986,ordinary,7,1.698682823901451e-11,1
kepler,kepler_0000987,ordinary,7,4.373165443214964e-13,1
kepler,kepler_0000996,difficult,7,1.852420487723465e-11,1
kepler,kepler_0000997,high_e,7,1.957396719348586e-11,1
kepler,kepler_0001006,ordinary,7,1.602129976951695e-11,1
kepler,kepler_0001007,ordinary,7,1.7555028615221285e-11,1
kepler,kepler_0001016,difficult,7,1.8518482849890456e-11,1
kepler,kepler_0001017,high_e,7,1.60446217118275e-11,1
kepler,kepler_0001026,ordinary,7,1.3363670901961493e-11,1
kepler,kepler_0001027,ordinary,7,6.417979034488939e-12,1
kepler,kepler_0001036,difficult,7,1.8399800847845707e-11,1
kepler,kepler_0001037,high_e,7,1.5030158229356278e-11,1
kepler,kepler_0001046,ordinary,7,7.311954370742193e-13,1
kepler,kepler_0001047,ordinary,7,1.841158884217371e-11,1
kepler,kepler_0001056,difficult,7,1.8518258102137367e-11,1
kepler,kepler_0001057,high_e,7,2.0999228873534895e-11,1
kepler,kepler_0001066,ordinary,7,1.5810517007210417e-11,1
kepler,kepler_0001067,ordinary,7,1.692932561964545e-11,1
kepler,kepler_0001076,difficult,7,1.8522398294284902e-11,1
kepler,kepler_0001077,high_e,7,1.7471580588647285e-11,1
kepler,kepler_0001086,ordinary,7,1.1845444679936935e-11,1
kepler,kepler_0001087,ordinary,7,1.742091800702015e-11,1
kepler,kepler_0001096,difficult,7,1.8524010680572015e-11,1
kepler,kepler_0001097,high_e,7,1.547833848969525e-11,1
kepler,kepler_0001106,ordinary,7,1.5508094804002483e-11,1
kepler,kepler_0001107,ordinary,7,1.4823633784068073e-11,1
kepler,kepler_0001116,difficult,7,1.8517656130025253e-11,1
kepler,kepler_0001117,high_e,7,1.5892203354081445e-11,1
kepler,kepler_0001126,ordinary,7,1.648734654003878e-11,1
kepler,kepler_0001127,ordinary,7,4.675482510453936e-13,1
kepler,kepler_0001136,difficult,7,1.8517183698580497e-11,1
kepler,kepler_0001137,high_e,7,1.6927576752252757e-11,1
kepler,kepler_0001146,ordinary,7,2.1840353588812876e-11,1
kepler,kepler_0001147,ordinary,7,1.5114203918853837e-11,1
kepler,kepler_0001156,difficult,7,1.852723872500561e-11,1
kepler,kepler_0001157,high_e,7,1.926024073535408e-11,1
kepler,kepler_0001166,ordinary,7,7.866632735801292e-12,1
kepler,kepler_0001167,ordinary,7,8.569003684122382e-13,1
kepler,kepler_0001176,difficult,7,1.8518270772734926e-11,1
kepler,kepler_0001177,high_e,7,1.80787084189285e-11,1
kepler,kepler_0001186,ordinary,7,1.7344855133592977e-11,1
kepler,kepler_0001187,ordinary,7,8.546017890740556e-13,1
kepler,kepler_0001196,difficult,7,1.8559670437829195e-11,1
kepler,kepler_0001197,high_e,7,1.5785950694594656e-11,1
kepler,kepler_0001206,ordinary,7,9.316924202210414e-12,1
kepler,kepler_0001207,ordinary,7,1.7707342101495216e-11,1
kepler,kepler_0001216,difficult,7,1.8559194558867086e-11,1
kepler,kepler_0001217,high_e,7,1.731769265638846e-11,1
kepler,kepler_0001226,ordinary,7,1.8560079386546465e-11,1
kepler,kepler_0001227,ordinary,7,8.550759641619829e-14,1
kepler,kepler_0001236,difficult,7,1.8500386695319836e-11,1
kepler,kepler_0001237,high_e,7,1.978612430292643e-11,1
kepler,kepler_0001246,ordinary,7,3.1550080844332004e-12,1
kepler,kepler_0001247,ordinary,7,1.3110077782289259e-11,1
kepler,kepler_0001256,difficult,7,1.8517125509934852e-11,1
kepler,kepler_0001257,high_e,7,1.969542173510855e-11,1
kepler,kepler_0001266,ordinary,7,1.7032003535440403e-11,1
kepler,kepler_0001267,ordinary,7,1.4506215528855052e-11,1
kepler,kepler_0001276,difficult,7,1.8512886147213028e-11,1
kepler,kepler_0001277,high_e,7,1.6248138225915834e-11,1
kepler,kepler_0001286,ordinary,7,7.023737734837957e-12,1
kepler,kepler_0001287,ordinary,7,1.8861911597599394e-11,1
kepler,kepler_0001296,difficult,7,1.8489374553096064e-11,1
kepler,kepler_0001297,high_e,7,1.7111111068958685e-11,1
kepler,kepler_0001306,ordinary,7,1.422651453723838e-11,1
kepler,kepler_0001307,ordinary,7,1.1715628070501839e-11,1
kepler,kepler_0001316,difficult,7,1.8518464223391692e-11,1
kepler,kepler_0001317,high_e,7,1.4693101388104616e-11,1
kepler,kepler_0001326,ordinary,7,1.733799425090722e-11,1
kepler,kepler_0001327,ordinary,7,6.320118105873205e-14,1
kepler,kepler_0001336,difficult,7,1.848505316594371e-11,1
kepler,kepler_0001337,high_e,7,1.6395241020103406e-11,1
kepler,kepler_0001346,ordinary,7,2.0632925580620036e-12,1
kepler,kepler_0001347,ordinary,7,8.498333996438042e-12,1
kepler,kepler_0001356,difficult,7,1.849735197897822e-11,1
kepler,kepler_0001357,high_e,7,1.5028491052516208e-11,1
kepler,kepler_0001366,ordinary,7,1.1259429331547737e-11,1
kepler,kepler_0001367,ordinary,7,1.7901911108300453e-11,1
kepler,kepler_0001376,difficult,7,1.8518832273792048e-11,1
kepler,kepler_0001377,high_e,7,1.5864215048377148e-11,1
kepler,kepler_0001386,ordinary,7,8.433752176851114e-12,1
kepler,kepler_0001387,ordinary,7,1.163936161146103e-11,1
kepler,kepler_0001396,difficult,7,1.8518451379453692e-11,1
kepler,kepler_0001397,high_e,7,1.5065023444638135e-11,1
kepler,kepler_0001406,ordinary,7,1.792934325155725e-11,1
kepler,kepler_0001407,ordinary,7,2.0847571154298483e-12,1
kepler,kepler_0001416,difficult,7,1.8518409629899963e-11,1
kepler,kepler_0001417,high_e,7,1.477791341755147e-11,1
kepler,kepler_0001426,ordinary,7,6.463394429427155e-12,1
kepler,kepler_0001427,ordinary,7,1.7851754571087045e-11,1
kepler,kepler_0001436,difficult,7,1.8494639297392018e-11,1
kepler,kepler_0001437,high_e,7,1.5651341854431193e-11,1
kepler,kepler_0001446,ordinary,7,7.408693076761887e-13,1
kepler,kepler_0001447,ordinary,7,1.8397511444395708e-11,1
kepler,kepler_0001456,difficult,7,1.8464631053137583e-11,1
kepler,kepler_0001457,high_e,7,1.5906373051504175e-11,1
kepler,kepler_0001466,ordinary,7,1.1684857145836622e-11,1
kepler,kepler_0001467,ordinary,7,9.711543568393048e-12,1
kepler,kepler_0001476,difficult,7,1.8517187759184152e-11,1
kepler,kepler_0001477,high_e,7,1.9849900211030245e-11,1
kepler,kepler_0001486,ordinary,7,1.6888148447979976e-12,1
kepler,kepler_0001487,ordinary,7,5.167118890423016e-13,1
kepler,kepler_0001496,difficult,7,1.848507127039886e-11,1
kepler,kepler_0001497,high_e,7,1.509840017084072e-11,1
kepler,kepler_0001506,ordinary,7,1.787516495187311e-11,1
kepler,kepler_0001507,ordinary,7,2.0701739739703997e-11,1
kepler,kepler_0001516,difficult,7,1.8518501956994255e-11,1
kepler,kepler_0001517,high_e,7,1.6118894796722177e-11,1
kepler,kepler_0001526,ordinary,7,3.945979495854382e-13,1
kepler,kepler_0001527,ordinary,7,1.8115763361924038e-11,1
kepler,kepler_0001536,difficult,7,1.8519731889136073e-11,1
kepler,kepler_0001537,high_e,7,1.5015066446862815e-11,1
kepler,kepler_0001546,ordinary,7,1.301017427988622e-11,1
kepler,kepler_0001547,ordinary,7,1.5280071613268957e-11,1
kepler,kepler_0001556,difficult,7,1.8500089289005223e-11,1
kepler,kepler_0001557,high_e,7,1.849061401062287e-11,1
kepler,kepler_0001566,ordinary,7,1.5193579803185724e-11,1
kepler,kepler_0001567,ordinary,7,1.538108412071797e-11,1
kepler,kepler_0001576,difficult,7,1.849586018104134e-11,1
kepler,kepler_0001577,high_e,7,2.068750327575798e-11,1
kepler,kepler_0001586,ordinary,7,2.534336674981602e-14,1
kepler,kepler_0001587,ordinary,7,1.7097339446042422e-13,1
kepler,kepler_0001596,difficult,7,1.8518914434234234e-11,1
kepler,kepler_0001597,high_e,7,1.6398823697419396e-11,1
kepler,kepler_0001606,ordinary,7,1.2644111131529523e-13,1
kepler,kepler_0001607,ordinary,7,5.734853893122137e-13,1
kepler,kepler_0001616,difficult,7,1.8518369051219973e-11,1
kepler,kepler_0001617,high_e,7,1.6413981184324358e-11,1
kepler,kepler_0001626,ordinary,7,9.762611570682978e-12,1
kepler,kepler_0001627,ordinary,7,2.1680998019370467e-11,1
kepler,kepler_0001636,difficult,7,1.850847519017401e-11,1
kepler,kepler_0001637,high_e,7,2.1075924974331513e-11,1
kepler,kepler_0001646,ordinary,7,1.66750714028231e-11,1
kepler,kepler_0001647,ordinary,7,8.29874458612178e-12,1
kepler,kepler_0001656,difficult,7,1.849645341664445e-11,1
kepler,kepler_0001657,high_e,7,1.73898860628813e-11,1
kepler,kepler_0001666,ordinary,7,1.804948493546908e-11,1
kepler,kepler_0001667,ordinary,7,1.7725502002773324e-11,1
kepler,kepler_0001676,difficult,7,1.851834920824156e-11,1
kepler,kepler_0001677,high_e,7,1.656633757682668e-11,1
kepler,kepler_0001686,ordinary,7,1.789094693869073e-11,1
kepler,kepler_0001687,ordinary,7,1.7173036647944887e-11,1
kepler,kepler_0001696,difficult,7,1.843715350090486e-11,1
kepler,kepler_0001697,high_e,7,1.6394635174676242e-11,1
kepler,kepler_0001706,ordinary,7,1.2086125211144984e-11,1
kepler,kepler_0001707,ordinary,7,1.9269147320520675e-12,1
kepler,kepler_0001716,difficult,7,1.8518435341594056e-11,1
kepler,kepler_0001717,high_e,7,1.8556092971000497e-11,1
kepler,kepler_0001726,ordinary,7,1.5337462748774386e-11,1
kepler,kepler_0001727,ordinary,7,1.6423560495175938e-11,1
kepler,kepler_0001736,difficult,7,1.8515451347592495e-11,1
kepler,kepler_0001737,high_e,7,1.8451414974380334e-11,1
kepler,kepler_0001746,ordinary,7,5.933979114638958e-12,1
kepler,kepler_0001747,ordinary,7,1.805963674238078e-11,1
kepler,kepler_0001756,difficult,7,1.8516636059197456e-11,1
kepler,kepler_0001757,high_e,7,2.029168152857185e-11,1
kepler,kepler_0001766,ordinary,7,1.9560027845620582e-11,1
kepler,kepler_0001767,ordinary,7,1.9028702683554617e-11,1
kepler,kepler_0001776,difficult,7,1.8518446798086656e-11,1
kepler,kepler_0001777,high_e,7,1.9209245560080352e-11,1
kepler,kepler_0001786,ordinary,7,1.663810001373403e-11,1
kepler,kepler_0001787,ordinary,7,1.0838681517797579e-11,1
kepler,kepler_0001796,difficult,7,1.851761296183551e-11,1
kepler,kepler_0001797,high_e,7,1.535182410820374e-11,1
kepler,kepler_0001806,ordinary,7,1.6248907933965285e-11,1
kepler,kepler_0001807,ordinary,7,8.489528866956812e-13,1
kepler,kepler_0001816,difficult,7,1.8463981966541725e-11,1
kepler,kepler_0001817,high_e,7,1.3415438869124365e-11,1
kepler,kepler_0001826,ordinary,7,1.729939863960974e-11,1
kepler,kepler_0001827,ordinary,7,1.824457820640665e-11,1
kepler,kepler_0001836,difficult,7,1.8517004477252404e-11,1
kepler,kepler_0001837,high_e,7,1.5303865891185338e-11,1
kepler,kepler_0001846,ordinary,7,1.7533600931087985e-11,1
kepler,kepler_0001847,ordinary,7,1.7232816338033695e-11,1
kepler,kepler_0001856,difficult,7,1.8518195154439263e-11,1
kepler,kepler_0001857,high_e,7,1.7651159852152935e-11,1
kepler,kepler_0001866,ordinary,7,4.0426310687879455e-13,1
kepler,kepler_0001867,ordinary,7,1.0761244693572564e-13,1
kepler,kepler_0001876,difficult,7,1.8515456114215973e-11,1
kepler,kepler_0001877,high_e,7,1.583299794956712e-11,1
kepler,kepler_0001886,ordinary,7,2.094313343269752e-11,1
kepler,kepler_0001887,ordinary,7,1.6723754872940012e-11,1
kepler,kepler_0001896,difficult,7,1.850725466488451e-11,1
kepler,kepler_0001897,high_e,7,1.811417430735724e-11,1
kepler,kepler_0001906,ordinary,7,6.334053785650984e-13,1
kepler,kepler_0001907,ordinary,7,1.2749241602553863e-11,1
kepler,kepler_0001916,difficult,7,1.8514304318370863e-11,1
kepler,kepler_0001917,high_e,7,1.7775325869025022e-11,1
kepler,kepler_0001926,ordinary,7,1.932298650353002e-11,1
kepler,kepler_0001927,ordinary,7,2.079575585343521e-11,1
kepler,kepler_0001936,difficult,7,1.8517264231290613e-11,1
kepler,kepler_0001937,high_e,7,1.575259907673784e-11,1
kepler,kepler_0001946,ordinary,7,1.7037368020873088e-12,1
kepler,kepler_0001947,ordinary,7,1.9683302133643303e-11,1
kepler,kepler_0001956,difficult,7,1.8488939995217866e-11,1
kepler,kepler_0001957,high_e,7,1.609123634941697e-11,1
kepler,kepler_0001966,ordinary,7,6.618758587373632e-13,1
kepler,kepler_0001967,ordinary,6,2.398334558755008e-11,1
kepler,kepler_0001976,difficult,7,1.851809233627877e-11,1
kepler,kepler_0001977,high_e,7,1.9751487906242127e-11,1
kepler,kepler_0001986,ordinary,7,1.2310360622071163e-11,1
kepler,kepler_0001987,ordinary,7,1.7829198874436288e-11,1
kepler,kepler_0001996,difficult,7,1.850497547018289e-11,1
kepler,kepler_0001997,high_e,7,1.5373684419702827e-11,1
kepler,kepler_0002006,ordinary,7,1.514500195224716e-11,1
kepler,kepler_0002007,ordinary,7,1.7759214762297357e-11,1
kepler,kepler_0002016,difficult,7,1.8518379205197563e-11,1
kepler,kepler_0002017,high_e,7,1.7055488754737805e-11,1
kepler,kepler_0002026,ordinary,7,3.1559773145630345e-13,1
kepler,kepler_0002027,ordinary,7,8.346315097750784e-12,1
kepler,kepler_0002036,difficult,7,1.8506403977502223e-11,1
kepler,kepler_0002037,high_e,7,1.9367129567561564e-11,1
kepler,kepler_0002046,ordinary,7,1.8258592981168538e-11,1
kepler,kepler_0002047,ordinary,7,1.7592158844038417e-11,1
kepler,kepler_0002056,difficult,7,1.85234651603523e-11,1
kepler,kepler_0002057,high_e,7,1.597874877410601e-11,1
kepler,kepler_0002066,ordinary,7,1.0367049728362376e-13,1
kepler,kepler_0002067,ordinary,7,1.2147390944251387e-11,1
kepler,kepler_0002076,difficult,7,1.852294301541809e-11,1
kepler,kepler_0002077,high_e,7,1.6216685025299247e-11,1
kepler,kepler_0002086,ordinary,7,1.684513671709877e-11,1
kepler,kepler_0002087,ordinary,7,1.9591727020643768e-11,1
kepler,kepler_0002096,difficult,7,1.8517730554467478e-11,1
kepler,kepler_0002097,high_e,7,1.7355617772355003e-11,1
kepler,kepler_0002106,ordinary,7,9.424284016575041e-14,1
kepler,kepler_0002107,ordinary,7,1.67363242390356e-11,1
kepler,kepler_0002116,difficult,7,1.851840520835755e-11,1
kepler,kepler_0002117,high_e,7,1.52832371208408e-11,1
kepler,kepler_0002126,ordinary,7,8.82113026575981e-13,1
kepler,kepler_0002127,ordinary,7,1.0919876264853746e-12,1
kepler,kepler_0002136,difficult,7,1.8528625148693002e-11,1
kepler,kepler_0002137,high_e,7,1.952080352423406e-11,1
kepler,kepler_0002146,ordinary,7,9.762541685449963e-12,1
kepler,kepler_0002147,ordinary,7,5.111866386019933e-13,1
kepler,kepler_0002156,difficult,7,1.851491087453893e-11,1
kepler,kepler_0002157,high_e,7,1.6955481405593322e-11,1
kepler,kepler_0002166,ordinary,7,1.9629629632567043e-12,1
kepler,kepler_0002167,ordinary,7,2.0906717462349563e-11,1
kepler,kepler_0002176,difficult,7,1.851729227533282e-11,1
kepler,kepler_0002177,high_e,7,1.7338562003189064e-11,1
kepler,kepler_0002186,ordinary,7,1.677757025144129e-11,1
kepler,kepler_0002187,ordinary,7,1.8555557775341477e-11,1
kepler,kepler_0002196,difficult,7,1.8517749329794277e-11,1
kepler,kepler_0002197,high_e,7,1.6511280614062396e-11,1
kepler,kepler_0002206,ordinary,7,1.419181490674415e-11,1
kepler,kepler_0002207,ordinary,7,2.0433303903192874e-11,1
kepler,kepler_0002216,difficult,7,1.8518027639397808e-11,1
kepler,kepler_0002217,high_e,7,1.650034394176448e-11,1
kepler,kepler_0002226,ordinary,7,6.757272309712638e-12,1
kepler,kepler_0002227,ordinary,7,1.7234822165916142e-11,1
kepler,kepler_0002236,difficult,7,1.8511246411728624e-11,1
kepler,kepler_0002237,high_e,7,1.5331374167719185e-11,1
kepler,kepler_0002246,ordinary,7,5.314318056500984e-13,1
kepler,kepler_0002247,ordinary,7,2.5217386736615166e-13,1
kepler,kepler_0002256,difficult,7,1.8486820211166184e-11,1
kepler,kepler_0002257,high_e,7,1.4673970381800218e-11,1
kepler,kepler_0002266,ordinary,7,1.6975902188406342e-11,1
kepler,kepler_0002267,ordinary,7,9.1036788437463e-12,1
kepler,kepler_0002276,difficult,7,1.8454475225690233e-11,1
kepler,kepler_0002277,high_e,7,1.8492103962372557e-11,1
kepler,kepler_0002286,ordinary,7,1.7387667360643032e-11,1
kepler,kepler_0002287,ordinary,7,1.5964544674141402e-11,1
kepler,kepler_0002296,difficult,7,1.8518750195324375e-11,1
kepler,kepler_0002297,high_e,7,1.6230912094231047e-11,1
kepler,kepler_0002306,ordinary,7,1.2556789432377202e-13,1
kepler,kepler_0002307,ordinary,7,5.22561545603748e-13,1
kepler,kepler_0002316,difficult,7,1.8517919246062456e-11,1
kepler,kepler_0002317,high_e,7,1.7640984304101345e-11,1
kepler,kepler_0002326,ordinary,7,1.6914308474560783e-11,1
kepler,kepler_0002327,ordinary,7,1.8343306116352718e-11,1
kepler,kepler_0002336,difficult,7,1.8538887452757614e-11,1
kepler,kepler_0002337,high_e,7,1.6664816013087734e-11,1
kepler,kepler_0002346,ordinary,7,1.6088941819538875e-11,1
kepler,kepler_0002347,ordinary,7,5.686616148722888e-13,1
kepler,kepler_0002356,difficult,7,1.851793615344751e-11,1
kepler,kepler_0002357,high_e,7,1.5525801802805936e-11,1
kepler,kepler_0002366,ordinary,7,1.9608707383710992e-11,1
kepler,kepler_0002367,ordinary,7,9.155741809049644e-13,1
kepler,kepler_0002376,difficult,7,1.8514234155492275e-11,1
kepler,kepler_0002377,high_e,6,2.03673643278043e-11,1
kepler,kepler_0002386,ordinary,7,1.7194710591422944e-11,1
kepler,kepler_0002387,ordinary,7,4.111103543573913e-13,1
kepler,kepler_0002396,difficult,7,1.8504739100314244e-11,1
kepler,kepler_0002397,high_e,7,1.4787186978649263e-11,1
kepler,kepler_0002406,ordinary,7,1.7947356105988344e-11,1
kepler,kepler_0002407,ordinary,7,1.6397001589667878e-11,1
kepler,kepler_0002416,difficult,7,1.8501656520623293e-11,1
kepler,kepler_0002417,high_e,7,1.6941083439916295e-11,1
kepler,kepler_0002426,ordinary,7,5.838993516911579e-13,1
kepler,kepler_0002427,ordinary,7,7.236810561382274e-13,1
kepler,kepler_0002436,difficult,7,1.8521354061222863e-11,1
kepler,kepler_0002437,high_e,7,1.7131380892986228e-11,1
kepler,kepler_0002446,ordinary,7,1.6296699477352482e-11,1
kepler,kepler_0002447,ordinary,7,1.5321663397410963e-11,1
kepler,kepler_0002456,difficult,7,1.8519518646880136e-11,1
kepler,kepler_0002457,high_e,7,2.0585729914967895e-11,1
kepler,kepler_0002466,ordinary,7,1.0155273751696443e-11,1
kepler,kepler_0002467,ordinary,7,6.918970721567772e-13,1
kepler,kepler_0002476,difficult,7,1.852610225851126e-11,1
kepler,kepler_0002477,high_e,7,1.5152645822501057e-11,1
kepler,kepler_0002486,ordinary,7,4.6874065447152725e-12,1
kepler,kepler_0002487,ordinary,7,1.7315927767420196e-11,1
kepler,kepler_0002496,difficult,7,1.85065394422997e-11,1
kepler,kepler_0002497,high_e,7,1.5249952535983214e-11,1
kepler,kepler_0002506,ordinary,7,1.3167141365065252e-11,1
kepler,kepler_0002507,ordinary,7,2.710631729169467e-12,1
kepler,kepler_0002516,difficult,7,1.8418429486594928e-11,1
kepler,kepler_0002517,high_e,7,1.829753795523056e-11,1
kepler,kepler_0002526,ordinary,7,5.121934734346451e-13,1
kepler,kepler_0002527,ordinary,7,1.9224115330035044e-11,1
kepler,kepler_0002536,difficult,7,1.8475710159748114e-11,1
kepler,kepler_0002537,high_e,7,1.742421288054851e-11,1
kepler,kepler_0002546,ordinary,7,1.8911357320229287e-11,1
kepler,kepler_0002547,ordinary,7,9.077899886582938e-13,1
kepler,kepler_0002556,difficult,7,1.8518830202002712e-11,1
kepler,kepler_0002557,high_e,7,1.5927117743185252e-11,1
kepler,kepler_0002566,ordinary,7,5.088504107063915e-12,1
kepler,kepler_0002567,ordinary,7,2.2016160650228878e-11,1
kepler,kepler_0002576,difficult,7,1.8516770426891775e-11,1
kepler,kepler_0002577,high_e,7,1.465080291182019e-11,1
kepler,kepler_0002586,ordinary,7,5.156158719294492e-14,1
kepler,kepler_0002587,ordinary,7,2.1890188603482553e-13,1
kepler,kepler_0002596,difficult,7,1.8518182924016403e-11,1
kepler,kepler_0002597,high_e,7,1.5132849147201353e-11,1
kepler,kepler_0002606,ordinary,7,1.1305462946658238e-12,1
kepler,kepler_0002607,ordinary,7,3.056386223309773e-12,1
kepler,kepler_0002616,difficult,7,1.8516834205425994e-11,1
kepler,kepler_0002617,high_e,7,1.4624573486088183e-11,1
kepler,kepler_0002626,ordinary,7,1.6891080602655038e-12,1
kepler,kepler_0002627,ordinary,7,1.1875039019463007e-11,1
kepler,kepler_0002636,difficult,7,1.85194766089373e-11,1
kepler,kepler_0002637,high_e,7,2.089220154064466e-11,1
kepler,kepler_0002646,ordinary,7,1.6494840607985856e-11,1
kepler,kepler_0002647,ordinary,7,1.733254953215051e-11,1
kepler,kepler_0002656,difficult,7,1.8517200818726397e-11,1
kepler,kepler_0002657,high_e,7,2.0261373714032034e-11,1
kepler,kepler_0002666,ordinary,7,2.3299026788577314e-11,1
kepler,kepler_0002667,ordinary,7,1.5607799055799388e-11,1
kepler,kepler_0002676,difficult,7,1.8518056175816706e-11,1
kepler,kepler_0002677,high_e,7,2.1061292464176852e-11,1
kepler,kepler_0002686,ordinary,7,1.8282312188924838e-11,1
kepler,kepler_0002687,ordinary,7,1.5420170890176922e-11,1
kepler,kepler_0002696,difficult,7,1.8518423245897986e-11,1
kepler,kepler_0002697,high_e,7,1.5014592335449516e-11,1
kepler,kepler_0002706,ordinary,7,1.8958360993839116e-11,1
kepler,kepler_0002707,ordinary,7,1.1363242741984582e-11,1
kepler,kepler_0002716,difficult,7,1.8517615017897598e-11,1
kepler,kepler_0002717,high_e,7,1.4923135733734816e-11,1
kepler,kepler_0002726,ordinary,7,9.302787648968321e-12,1
kepler,kepler_0002727,ordinary,7,1.7499590620993777e-11,1
kepler,kepler_0002736,difficult,7,1.8507823010096236e-11,1
kepler,kepler_0002737,high_e,7,1.8487282053479818e-11,1
kepler,kepler_0002746,ordinary,7,9.78488214796804e-14,1
kepler,kepler_0002747,ordinary,7,1.8456568872494254e-11,1
kepler,kepler_0002756,difficult,7,1.851846516569203e-11,1
kepler,kepler_0002757,high_e,7,1.4990092762935436e-11,1
kepler,kepler_0002766,ordinary,7,2.308966225169233e-13,1
kepler,kepler_0002767,ordinary,7,1.6389592567008035e-11,1
kepler,kepler_0002776,difficult,7,1.843319177932096e-11,1
kepler,kepler_0002777,high_e,7,1.8675798963747067e-11,1
kepler,kepler_0002786,ordinary,7,3.2938030381455286e-13,1
kepler,kepler_0002787,ordinary,7,1.674541584509862e-11,1
kepler,kepler_0002796,difficult,7,1.8515207852216875e-11,1
kepler,kepler_0002797,high_e,7,1.5951751619808045e-11,1
kepler,kepler_0002806,ordinary,7,7.017147718023239e-13,1
kepler,kepler_0002807,ordinary,7,1.698639437061544e-11,1
kepler,kepler_0002816,difficult,7,1.8488056325525428e-11,1
kepler,kepler_0002817,high_e,7,1.7638398880437757e-11,1
kepler,kepler_0002826,ordinary,7,1.8984982625008173e-11,1
kepler,kepler_0002827,ordinary,7,1.5750053167256203e-11,1
kepler,kepler_0002836,difficult,7,1.8516901576145364e-11,1
kepler,kepler_0002837,high_e,7,1.6477601869447066e-11,1
kepler,kepler_0002846,ordinary,7,1.9084323501527042e-11,1
kepler,kepler_0002847,ordinary,7,9.366759650492716e-12,1
kepler,kepler_0002856,difficult,7,1.8518470217100185e-11,1
kepler,kepler_0002857,high_e,7,1.4519144938049077e-11,1
kepler,kepler_0002866,ordinary,7,1.7208902751620117e-11,1
kepler,kepler_0002867,ordinary,7,1.688932529629202e-11,1
kepler,kepler_0002876,difficult,7,1.8498057928000113e-11,1
kepler,kepler_0002877,high_e,7,1.6270531969626615e-11,1
kepler,kepler_0002886,ordinary,7,1.6080728968569882e-11,1
kepler,kepler_0002887,ordinary,7,1.123283408795262e-11,1
kepler,kepler_0002896,difficult,7,1.8518940833131346e-11,1
kepler,kepler_0002897,high_e,7,1.5695188998354928e-11,1
kepler,kepler_0002906,ordinary,7,7.930581217404557e-12,1
kepler,kepler_0002907,ordinary,7,1.7469843835743814e-11,1
kepler,kepler_0002916,difficult,7,1.8518341701066152e-11,1
kepler,kepler_0002917,high_e,7,1.501673107223529e-11,1
kepler,kepler_0002926,ordinary,7,1.7020192349617755e-11,1
kepler,kepler_0002927,ordinary,7,1.7021200570052813e-11,1
kepler,kepler_0002936,difficult,7,1.8526470949050322e-11,1
kepler,kepler_0002937,high_e,7,1.4800618502451943e-11,1
kepler,kepler_0002946,ordinary,7,1.2810133728799686e-11,1
kepler,kepler_0002947,ordinary,7,1.9503966087501384e-11,1
kepler,kepler_0002956,difficult,7,1.8497578321156875e-11,1
kepler,kepler_0002957,high_e,7,1.9264879656680118e-11,1
kepler,kepler_0002966,ordinary,7,1.7551661484056788e-11,1
kepler,kepler_0002967,ordinary,7,1.6093846869124906e-11,1
kepler,kepler_0002976,difficult,7,1.8521545181828943e-11,1
kepler,kepler_0002977,high_e,7,1.5344117403905295e-11,1
kepler,kepler_0002986,ordinary,7,1.8540296653263854e-11,1
kepler,kepler_0002987,ordinary,7,1.8021224803138235e-11,1
kepler,kepler_0002996,difficult,7,1.8516982200759294e-11,1
kepler,kepler_0002997,high_e,7,1.493976584097764e-11,1
pv,pv_0000006,short_circuit,7,6.373611522558543e-21,1
pv,pv_0000007,interior,7,1.7928275208612913e-14,1
pv,pv_0000016,short_circuit,7,1.8982677811201845e-18,1
pv,pv_0000017,interior,7,7.099896580787211e-18,1
pv,pv_0000026,interior,7,7.221534773164672e-12,1
pv,pv_0000027,short_circuit,7,1.2081302346125485e-20,1
pv,pv_0000036,open_circuit,7,5.149677040490888e-10,1
pv,pv_0000037,interior,7,5.866772882417159e-17,1
pv,pv_0000046,interior,7,6.923916574494784e-14,1
pv,pv_0000047,short_circuit,7,1.509905133674484e-22,1
pv,pv_0000056,interior,7,7.542491237164887e-13,1
pv,pv_0000057,interior,7,3.8311972922957595e-17,1
pv,pv_0000066,short_circuit,7,2.3218278076618716e-24,1
pv,pv_0000067,short_circuit,7,3.0876686009316707e-19,1
pv,pv_0000076,interior,7,1.9017347819590535e-11,1
pv,pv_0000077,interior,7,8.406579208215499e-16,1
pv,pv_0000086,open_circuit,7,4.3361603513159773e-10,1
pv,pv_0000087,interior,7,2.3205056222443545e-15,1
pv,pv_0000096,interior,7,1.5385973685976974e-09,1
pv,pv_0000097,interior,7,5.1150387095383635e-17,1
pv,pv_0000106,interior,7,3.3920628576453856e-09,1
pv,pv_0000107,interior,7,4.715572287768775e-10,1
pv,pv_0000116,interior,7,1.0104539590293407e-12,1
pv,pv_0000117,interior,7,2.2996984267337875e-15,1
pv,pv_0000126,interior,7,8.362576583113733e-12,1
pv,pv_0000127,open_circuit,7,2.7884720200830934e-10,1
pv,pv_0000136,interior,7,1.0782018574101253e-19,1
pv,pv_0000137,short_circuit,7,2.4267346870685688e-16,1
pv,pv_0000146,short_circuit,7,1.1780680844458446e-16,1
pv,pv_0000147,interior,7,7.81737232235311e-09,1
pv,pv_0000156,interior,7,1.5768206399469367e-09,1
pv,pv_0000157,interior,7,3.6842408652847728e-09,1
pv,pv_0000166,interior,7,2.258500192942821e-09,1
pv,pv_0000167,short_circuit,7,2.726393259161902e-19,1
pv,pv_0000176,interior,7,1.160669872383769e-09,1
pv,pv_0000177,short_circuit,7,1.6737553430684933e-16,1
pv,pv_0000186,interior,7,1.0118857528784646e-17,1
pv,pv_0000187,interior,7,2.9352586507279594e-15,1
pv,pv_0000196,interior,7,4.558153327679409e-13,1
pv,pv_0000197,interior,7,5.913967138000949e-11,1
pv,pv_0000206,interior,7,2.157033353933107e-15,1
pv,pv_0000207,interior,7,1.0008920860971976e-15,1
pv,pv_0000216,interior,7,1.2625774017385728e-09,1
pv,pv_0000217,interior,7,2.325628227243694e-10,1
pv,pv_0000226,interior,7,2.0238647024077977e-10,1
pv,pv_0000227,interior,7,5.284287448167256e-16,1
pv,pv_0000236,interior,7,2.076562680633537e-15,1
pv,pv_0000237,interior,7,5.392642500183216e-09,1
pv,pv_0000246,interior,7,1.343495745516621e-09,1
pv,pv_0000247,interior,7,4.600182024483591e-09,1
pv,pv_0000256,open_circuit,7,1.9779803002661114e-09,1
pv,pv_0000257,short_circuit,7,3.509886884872221e-24,1
pv,pv_0000266,interior,7,8.563951681852921e-14,1
pv,pv_0000267,interior,7,1.4651199012008244e-14,1
pv,pv_0000276,interior,7,7.0018625221360815e-09,1
pv,pv_0000277,interior,7,5.2216729739583105e-15,1
pv,pv_0000286,interior,7,1.1723837741011026e-09,1
pv,pv_0000287,interior,7,2.641847423360206e-10,1
pv,pv_0000296,interior,7,1.0515884706235607e-09,1
pv,pv_0000297,interior,7,1.4473329170068833e-10,1
pv,pv_0000306,interior,7,4.370168801028482e-14,1
pv,pv_0000307,interior,7,3.661097153377716e-13,1
pv,pv_0000316,interior,7,1.8408579658751177e-09,1
pv,pv_0000317,short_circuit,7,2.074857306552149e-20,1
pv,pv_0000326,interior,7,1.896438860799392e-12,1
pv,pv_0000327,interior,7,5.277137516875058e-09,1
pv,pv_0000336,short_circuit,7,2.5941031011063732e-18,1
pv,pv_0000337,short_circuit,7,2.204483016087503e-21,1
pv,pv_0000346,interior,7,1.9187828375616387e-11,1
pv,pv_0000347,interior,7,4.384303124744517e-09,1
pv,pv_0000356,short_circuit,7,2.0503392278431207e-17,1
pv,pv_0000357,interior,7,7.80334261753833e-15,1
pv,pv_0000366,interior,7,8.903942417781896e-10,1
pv,pv_0000367,short_circuit,7,8.176767580947152e-17,1
pv,pv_0000376,short_circuit,7,6.362645418963764e-21,1
pv,pv_0000377,short_circuit,7,3.5972745494027514e-22,1
pv,pv_0000386,interior,7,6.559267627473728e-10,1
pv,pv_0000387,interior,7,3.748043807584509e-09,1
pv,pv_0000396,interior,7,1.3878426400750482e-10,1
pv,pv_0000397,interior,7,2.8703968292764216e-14,1
pv,pv_0000406,interior,7,1.0086361966702914e-16,1
pv,pv_0000407,interior,7,5.778497252134333e-09,1
pv,pv_0000416,interior,7,1.319458255330961e-13,1
pv,pv_0000417,interior,7,2.0702389073818788e-10,1
pv,pv_0000426,interior,7,9.13381045200196e-11,1
pv,pv_0000427,interior,7,2.984891660935911e-09,1
pv,pv_0000436,interior,7,3.3419698610362526e-09,1
pv,pv_0000437,interior,7,3.61695558719572e-12,1
pv,pv_0000446,interior,7,3.3290027766388293e-09,1
pv,pv_0000447,short_circuit,7,3.467803394537737e-22,1
pv,pv_0000456,short_circuit,7,3.5883566996296774e-18,1
pv,pv_0000457,interior,7,8.965019240228274e-14,1
pv,pv_0000466,interior,7,3.042760306272098e-12,1
pv,pv_0000467,interior,7,1.2897345975219378e-09,1
pv,pv_0000476,interior,7,7.871719177233882e-11,1
pv,pv_0000477,interior,7,1.878332413104877e-14,1
pv,pv_0000486,short_circuit,7,2.4669951128865146e-17,1
pv,pv_0000487,interior,7,1.0160375626165382e-09,1
pv,pv_0000496,interior,7,1.4122975839358799e-18,1
pv,pv_0000497,open_circuit,7,3.753700874694462e-10,1
pv,pv_0000506,interior,7,3.479346752319726e-13,1
pv,pv_0000507,interior,7,8.37791967404053e-14,1
pv,pv_0000516,short_circuit,7,4.16568032911062e-25,1
pv,pv_0000517,short_circuit,7,2.0856829518001536e-18,1
pv,pv_0000526,interior,7,4.1813869012929996e-11,1
pv,pv_0000527,short_circuit,7,1.3458875482861278e-19,1
pv,pv_0000536,interior,7,1.2172872459804944e-13,1
pv,pv_0000537,short_circuit,7,2.423320582643706e-17,1
pv,pv_0000546,interior,7,1.5691035012011985e-14,1
pv,pv_0000547,interior,7,5.392812197607233e-17,1
pv,pv_0000556,short_circuit,7,5.329659482829423e-20,1
pv,pv_0000557,interior,7,4.680698832933914e-14,1
pv,pv_0000566,interior,7,3.4417151469853073e-14,1
pv,pv_0000567,interior,7,8.607930205520804e-12,1
pv,pv_0000576,interior,7,2.7438988250343657e-12,1
pv,pv_0000577,interior,7,2.112969367020249e-09,1
pv,pv_0000586,short_circuit,7,5.512734671829289e-19,1
pv,pv_0000587,interior,7,8.363613225401511e-16,1
pv,pv_0000596,interior,7,1.8168436938323863e-09,1
pv,pv_0000597,interior,7,7.260083535937688e-12,1
pv,pv_0000606,interior,7,1.6436516612388423e-14,1
pv,pv_0000607,interior,7,7.332400105422932e-16,1
pv,pv_0000616,interior,7,1.9342646905834027e-12,1
pv,pv_0000617,short_circuit,7,1.6104206914217722e-21,1
pv,pv_0000626,short_circuit,7,1.980634319541485e-16,1
pv,pv_0000627,interior,7,1.2469542122800968e-15,1
pv,pv_0000636,interior,7,6.67744737049681e-16,1
pv,pv_0000637,interior,7,4.529553289846826e-12,1
pv,pv_0000646,open_circuit,7,1.9763913366080806e-10,1
pv,pv_0000647,short_circuit,7,4.490791896430665e-19,1
pv,pv_0000656,interior,7,3.4143177642658397e-15,1
pv,pv_0000657,interior,7,9.259838548357687e-15,1
pv,pv_0000666,short_circuit,7,2.3383841822392277e-16,1
pv,pv_0000667,interior,7,2.2843135818246233e-09,1
pv,pv_0000676,open_circuit,7,5.1602068100059664e-09,1
pv,pv_0000677,interior,7,9.845479035675384e-10,1
pv,pv_0000686,interior,7,4.673417830240988e-15,1
pv,pv_0000687,short_circuit,7,1.2992085772639978e-19,1
pv,pv_0000696,interior,7,5.1833805972209e-09,1
pv,pv_0000697,short_circuit,7,3.58845645144842e-21,1
pv,pv_0000706,interior,7,2.3791398039562454e-11,1
pv,pv_0000707,interior,7,6.038370899997412e-14,1
pv,pv_0000716,interior,7,5.562092858947807e-09,1
pv,pv_0000717,interior,7,3.0761367050151547e-10,1
pv,pv_0000726,interior,7,1.1452850117309693e-09,1
pv,pv_0000727,interior,7,1.6118206848556634e-16,1
pv,pv_0000736,short_circuit,7,3.6279139574683415e-18,1
pv,pv_0000737,short_circuit,7,2.0109545503109042e-20,1
pv,pv_0000746,interior,7,3.9808627419759715e-11,1
pv,pv_0000747,interior,7,1.748843570776905e-16,1
pv,pv_0000756,interior,7,8.643722441542504e-10,1
pv,pv_0000757,short_circuit,7,4.9490208097315465e-21,1
pv,pv_0000766,interior,7,1.7030958430553067e-09,1
pv,pv_0000767,short_circuit,7,7.713742544291509e-20,1
pv,pv_0000776,interior,7,4.846494694590459e-10,1
pv,pv_0000777,interior,7,7.001383117386169e-16,1
pv,pv_0000786,interior,7,2.6523915859632457e-16,1
pv,pv_0000787,interior,7,1.8767703637787925e-09,1
pv,pv_0000796,interior,7,1.136779060282937e-14,1
pv,pv_0000797,interior,7,2.2563178123681522e-09,1
pv,pv_0000806,interior,7,1.2839423936247242e-14,1
pv,pv_0000807,interior,7,4.18350691184401e-10,1
pv,pv_0000816,interior,7,6.946355648702637e-14,1
pv,pv_0000817,open_circuit,7,2.263829590267906e-10,1
pv,pv_0000826,interior,7,5.166361966559336e-18,1
pv,pv_0000827,interior,7,3.902997409659156e-15,1
pv,pv_0000836,interior,7,5.124746280664528e-12,1
pv,pv_0000837,interior,7,2.5280416946604607e-14,1
pv,pv_0000846,interior,7,3.1869412833885037e-09,1
pv,pv_0000847,interior,7,2.506227708168019e-09,1
pv,pv_0000856,interior,7,1.329502317710328e-13,1
pv,pv_0000857,interior,7,4.626591153858501e-13,1
pv,pv_0000866,interior,7,1.7281522530128838e-09,1
pv,pv_0000867,interior,7,4.167998869939776e-09,1
pv,pv_0000876,interior,7,1.4889191523495873e-10,1
pv,pv_0000877,short_circuit,7,9.971155610906762e-23,1
pv,pv_0000886,interior,7,1.8556515731533175e-11,1
pv,pv_0000887,short_circuit,7,1.4982780419356002e-17,1
pv,pv_0000896,short_circuit,7,1.1120332796127056e-17,1
pv,pv_0000897,interior,7,2.6402642007893576e-09,1
pv,pv_0000906,short_circuit,7,1.3582998872218912e-19,1
pv,pv_0000907,interior,7,3.4128761838965853e-12,1
pv,pv_0000916,short_circuit,7,3.1096916029030294e-16,1
pv,pv_0000917,interior,7,4.612599715064249e-11,1
pv,pv_0000926,open_circuit,7,6.64281245325367e-10,1
pv,pv_0000927,interior,7,1.963129121408666e-09,1
pv,pv_0000936,interior,7,5.5602334004457525e-11,1
pv,pv_0000937,short_circuit,7,4.1253151715953135e-17,1
pv,pv_0000946,interior,7,1.94646047938861e-09,1
pv,pv_0000947,interior,7,9.994401147433518e-14,1
pv,pv_0000956,open_circuit,7,1.9003309062221425e-10,1
pv,pv_0000957,interior,7,2.3320266439290684e-09,1
pv,pv_0000966,interior,7,2.1929710046218506e-09,1
pv,pv_0000967,interior,7,3.6716554868937816e-12,1
pv,pv_0000976,interior,7,4.906838862754683e-11,1
pv,pv_0000977,interior,7,3.2371711521485284e-10,1
pv,pv_0000986,interior,7,8.456538719892179e-17,1
pv,pv_0000987,short_circuit,7,1.0631232329025034e-19,1
pv,pv_0000996,interior,7,2.922287231871866e-17,1
pv,pv_0000997,interior,7,8.240836579432726e-10,1
pv,pv_0001006,open_circuit,7,2.78260214538734e-10,1
pv,pv_0001007,interior,7,3.9631714556098e-16,1
pv,pv_0001016,interior,7,4.733477044154183e-09,1
pv,pv_0001017,short_circuit,7,5.545475862823394e-15,1
pv,pv_0001026,interior,7,8.854612190248959e-11,1
pv,pv_0001027,interior,7,2.31350596692329e-09,1
pv,pv_0001036,interior,7,1.915476874694971e-13,1
pv,pv_0001037,short_circuit,7,9.54102434035687e-16,1
pv,pv_0001046,interior,7,1.0821519301442034e-09,1
pv,pv_0001047,open_circuit,7,1.3149685317932528e-09,1
pv,pv_0001056,interior,7,6.1185213399082e-17,1
pv,pv_0001057,short_circuit,7,3.4263220271347506e-18,1
pv,pv_0001066,interior,7,2.801634363164922e-09,1
pv,pv_0001067,interior,7,1.5049783120136538e-17,1
pv,pv_0001076,interior,7,4.2862610632525616e-14,1
pv,pv_0001077,interior,7,2.5254355109919133e-12,1
pv,pv_0001086,open_circuit,7,5.154451945410538e-10,1
pv,pv_0001087,interior,7,1.5741140426276757e-11,1
pv,pv_0001096,short_circuit,7,1.0442498046592374e-22,1
pv,pv_0001097,short_circuit,7,3.3342291373999936e-20,1
pv,pv_0001106,open_circuit,7,5.850663615217491e-09,1
pv,pv_0001107,interior,7,3.32151608072152e-16,1
pv,pv_0001116,interior,7,3.104859323693208e-16,1
pv,pv_0001117,interior,7,3.770759791667303e-11,1
pv,pv_0001126,interior,7,2.033208682538456e-14,1
pv,pv_0001127,short_circuit,7,3.0679987428336666e-19,1
pv,pv_0001136,interior,7,1.5345636056335507e-14,1
pv,pv_0001137,interior,7,4.625227013966663e-09,1
pv,pv_0001146,interior,7,2.106477048468848e-09,1
pv,pv_0001147,open_circuit,7,4.219729238540657e-10,1
pv,pv_0001156,short_circuit,7,3.998082387860545e-20,1
pv,pv_0001157,short_circuit,7,7.68645861791792e-16,1
pv,pv_0001166,short_circuit,7,6.267531016760149e-19,1
pv,pv_0001167,interior,7,3.309435052933938e-14,1
pv,pv_0001176,interior,7,4.2049869232121596e-11,1
pv,pv_0001177,interior,7,6.754491056072792e-09,1
pv,pv_0001186,interior,7,2.0827645166664983e-16,1
pv,pv_0001187,short_circuit,7,2.8107621725357276e-23,1
pv,pv_0001196,interior,7,2.471759279842909e-11,1
pv,pv_0001197,interior,7,1.3631413486326671e-17,1
pv,pv_0001206,interior,7,1.5444488213905885e-13,1
pv,pv_0001207,interior,7,1.9518579315772814e-11,1
pv,pv_0001216,short_circuit,7,1.2862999236914251e-17,1
pv,pv_0001217,interior,7,4.846836942677771e-11,1
pv,pv_0001226,interior,7,2.4287166909327982e-12,1
pv,pv_0001227,short_circuit,7,1.3287290544097269e-18,1
pv,pv_0001236,interior,7,3.2462768615689624e-14,1
pv,pv_0001237,interior,7,5.357220044075558e-19,1
pv,pv_0001246,interior,7,6.612718111462443e-17,1
pv,pv_0001247,interior,7,2.5365971022666806e-11,1
pv,pv_0001256,interior,7,2.813351475631194e-14,1
pv,pv_0001257,interior,7,1.1289011536434594e-18,1
pv,pv_0001266,interior,7,2.1527973051194752e-09,1
pv,pv_0001267,interior,7,5.129844269143033e-14,1
pv,pv_0001276,interior,7,2.9161859261156747e-09,1
pv,pv_0001277,short_circuit,7,3.493866759878114e-19,1
pv,pv_0001286,interior,7,5.855436567766463e-10,1
pv,pv_0001287,open_circuit,7,1.413537521565432e-10,1
pv,pv_0001296,short_circuit,7,7.222411586943764e-17,1
pv,pv_0001297,interior,7,1.1721962655902808e-12,1
pv,pv_0001306,interior,7,2.1048062422681637e-17,1
pv,pv_0001307,short_circuit,7,1.2449424288810062e-22,1
pv,pv_0001316,interior,7,9.6404442796501e-13,1
pv,pv_0001317,interior,7,3.3068764047234997e-09,1
pv,pv_0001326,short_circuit,7,1.5330254844276303e-24,1
pv,pv_0001327,interior,7,3.520823854479285e-09,1
pv,pv_0001336,short_circuit,7,2.6972447761175108e-21,1
pv,pv_0001337,short_circuit,7,6.0404486284358045e-18,1
pv,pv_0001346,interior,7,2.7085077124563643e-16,1
pv,pv_0001347,interior,7,1.2798863603670387e-15,1
pv,pv_0001356,short_circuit,7,6.224834346835654e-22,1
pv,pv_0001357,interior,7,1.2895569698589476e-12,1
pv,pv_0001366,interior,7,3.8925760812172593e-13,1
pv,pv_0001367,short_circuit,7,9.896713351560212e-21,1
pv,pv_0001376,short_circuit,7,2.0297272908687123e-19,1
pv,pv_0001377,short_circuit,7,3.3460628771099264e-18,1
pv,pv_0001386,interior,7,7.576680841873052e-14,1
pv,pv_0001387,interior,7,5.4937117594101326e-09,1
pv,pv_0001396,interior,7,2.9057855452158605e-10,1
pv,pv_0001397,open_circuit,7,8.820958269941386e-09,1
pv,pv_0001406,interior,7,1.7300475896352184e-09,1
pv,pv_0001407,short_circuit,7,4.5524127729192593e-20,1
pv,pv_0001416,interior,7,3.5418054137855985e-09,1
pv,pv_0001417,interior,7,3.772346287938204e-10,1
pv,pv_0001426,interior,7,1.537502871162219e-11,1
pv,pv_0001427,interior,7,2.5578336699701773e-09,1
pv,pv_0001436,open_circuit,7,1.6051106262933972e-09,1
pv,pv_0001437,interior,7,9.696342212752695e-12,1
pv,pv_0001446,interior,7,8.132801550624328e-14,1
pv,pv_0001447,interior,7,6.310743515686532e-12,1
pv,pv_0001456,short_circuit,7,3.345866037866546e-18,1
pv,pv_0001457,open_circuit,7,3.2458517885599566e-10,1
pv,pv_0001466,interior,7,3.0494531004208333e-15,1
pv,pv_0001467,interior,7,1.3783277478131109e-11,1
pv,pv_0001476,interior,7,2.6902540966780887e-11,1
pv,pv_0001477,interior,7,3.454189655690728e-15,1
pv,pv_0001486,interior,7,8.301313445906023e-14,1
pv,pv_0001487,interior,7,5.116154319098651e-17,1
pv,pv_0001496,interior,7,2.1064447135652445e-09,1
pv,pv_0001497,interior,7,5.468834025485893e-13,1
pv,pv_0001506,interior,7,2.860510466230827e-09,1
pv,pv_0001507,interior,7,4.73137981784831e-09,1
pv,pv_0001516,interior,7,4.209667667726107e-09,1
pv,pv_0001517,interior,7,1.3487775331782672e-15,1
pv,pv_0001526,interior,7,1.9604578607644138e-16,1
pv,pv_0001527,interior,7,9.851545457427661e-11,1
pv,pv_0001536,short_circuit,7,1.6290438520270852e-18,1
pv,pv_0001537,interior,7,2.9858820191436426e-09,1
pv,pv_0001546,interior,7,1.352303367993441e-15,1
pv,pv_0001547,interior,7,5.245641979346795e-18,1
pv,pv_0001556,interior,7,2.295343591824216e-15,1
pv,pv_0001557,short_circuit,7,7.032151591546683e-15,1
pv,pv_0001566,interior,7,3.823215234735829e-13,1
pv,pv_0001567,interior,7,5.5203560049189024e-09,1
pv,pv_0001576,interior,7,5.368871642704091e-15,1
pv,pv_0001577,interior,7,6.279720824782418e-17,1
pv,pv_0001586,interior,7,1.0420399220525402e-09,1
pv,pv_0001587,interior,7,2.9057613929307606e-10,1
pv,pv_0001596,interior,7,2.240527779287341e-12,1
pv,pv_0001597,interior,7,2.504060849345104e-10,1
pv,pv_0001606,interior,7,1.1446231076238723e-18,1
pv,pv_0001607,open_circuit,7,1.5234551031270981e-09,1
pv,pv_0001616,interior,7,9.534863211339589e-16,1
pv,pv_0001617,interior,7,5.789671776918866e-10,1
pv,pv_0001626,interior,7,1.7414169869314622e-15,1
pv,pv_0001627,interior,7,3.7229912406462356e-09,1
pv,pv_0001636,interior,7,4.583120197928854e-09,1
pv,pv_0001637,interior,7,1.5758307189024605e-15,1
pv,pv_0001646,interior,7,6.097241835630879e-14,1
pv,pv_0001647,open_circuit,7,5.4436549597928e-10,1
pv,pv_0001656,interior,7,1.0531258418847538e-18,1
pv,pv_0001657,interior,7,7.606955839139637e-13,1
pv,pv_0001666,interior,7,2.2676730386285947e-09,1
pv,pv_0001667,interior,7,3.10695297472212e-09,1
pv,pv_0001676,interior,7,5.843827846570937e-16,1
pv,pv_0001677,interior,7,7.617041254752663e-11,1
pv,pv_0001686,interior,7,3.179259600788848e-13,1
pv,pv_0001687,interior,7,1.4292766134340756e-15,1
pv,pv_0001696,open_circuit,7,1.8815318032368274e-10,1
pv,pv_0001697,interior,7,1.6933638673635836e-13,1
pv,pv_0001706,open_circuit,7,2.739250431405303e-09,1
pv,pv_0001707,interior,7,1.3877915341048015e-09,1
pv,pv_0001716,interior,7,2.3683485420074316e-12,1
pv,pv_0001717,interior,7,2.0056263168052163e-09,1
pv,pv_0001726,open_circuit,7,4.1778929617351485e-09,1
pv,pv_0001727,short_circuit,7,7.276048335089602e-17,1
pv,pv_0001736,short_circuit,7,3.3950828797114962e-18,1
pv,pv_0001737,interior,7,2.3607509839664383e-11,1
pv,pv_0001746,interior,7,4.3188422671205666e-12,1
pv,pv_0001747,interior,7,3.2402204725335355e-09,1
pv,pv_0001756,interior,7,1.7722421781007501e-15,1
pv,pv_0001757,interior,7,1.1963497187270315e-13,1
pv,pv_0001766,interior,7,3.1322505534386004e-18,1
pv,pv_0001767,short_circuit,7,3.164716649136409e-18,1
pv,pv_0001776,interior,7,2.0862287584363064e-10,1
pv,pv_0001777,interior,7,4.556515512567206e-14,1
pv,pv_0001786,open_circuit,6,4.88253655293751e-10,1
pv,pv_0001787,open_circuit,7,3.66203884720228e-09,1
pv,pv_0001796,interior,7,3.527922274887661e-14,1
pv,pv_0001797,interior,7,2.603065208154034e-13,1
pv,pv_0001806,interior,7,4.5953280755506805e-09,1
pv,pv_0001807,interior,7,5.7152195447652424e-18,1
pv,pv_0001816,interior,7,1.2674068486184602e-09,1
pv,pv_0001817,interior,7,6.3325194641994645e-09,1
pv,pv_0001826,short_circuit,7,1.1472396692432593e-18,1
pv,pv_0001827,interior,7,7.901579023299415e-10,1
pv,pv_0001836,interior,7,2.0819389620369646e-13,1
pv,pv_0001837,interior,7,9.842287097129176e-16,1
pv,pv_0001846,interior,7,2.983738898414842e-14,1
pv,pv_0001847,interior,7,9.069750040731723e-13,1
pv,pv_0001856,interior,7,3.2927299280435515e-09,1
pv,pv_0001857,interior,7,2.959707619407391e-09,1
pv,pv_0001866,open_circuit,6,3.1354021739089394e-11,1
pv,pv_0001867,interior,7,1.7593702632354988e-12,1
pv,pv_0001876,interior,7,1.6014677968562451e-15,1
pv,pv_0001877,interior,7,2.536489449241087e-09,1
pv,pv_0001886,interior,7,1.6912265930222555e-14,1
pv,pv_0001887,interior,7,2.1298577460967557e-11,1
pv,pv_0001896,interior,7,3.70188216507747e-14,1
pv,pv_0001897,open_circuit,7,5.231432523536409e-10,1
pv,pv_0001906,short_circuit,7,5.644528088161282e-20,1
pv,pv_0001907,interior,7,3.3003334559796655e-12,1
pv,pv_0001916,interior,7,2.4191833228508062e-15,1
pv,pv_0001917,short_circuit,7,6.421396021073332e-19,1
pv,pv_0001926,interior,7,3.237357192572682e-12,1
pv,pv_0001927,interior,7,3.097190062127435e-11,1
pv,pv_0001936,interior,7,1.324683981920245e-14,1
pv,pv_0001937,interior,7,6.714262960653767e-10,1
pv,pv_0001946,interior,7,5.897568509578939e-09,1
pv,pv_0001947,interior,7,1.477356986628713e-09,1
pv,pv_0001956,interior,7,2.4954711353818957e-09,1
pv,pv_0001957,interior,7,9.390224865240257e-14,1
pv,pv_0001966,interior,7,8.487936629682477e-15,1
pv,pv_0001967,interior,7,1.114891620199927e-13,1
pv,pv_0001976,interior,7,4.860760556945445e-09,1
pv,pv_0001977,interior,7,2.255843350623156e-12,1
pv,pv_0001986,interior,7,5.537826611613467e-09,1
pv,pv_0001987,interior,7,2.2281341166501807e-11,1
pv,pv_0001996,short_circuit,7,4.838795270023719e-21,1
pv,pv_0001997,interior,7,3.9517130248399905e-18,1
pv,pv_0002006,interior,7,2.0741069516388332e-09,1
pv,pv_0002007,interior,7,7.785981004455901e-13,1
pv,pv_0002016,interior,7,4.726624996695309e-10,1
pv,pv_0002017,interior,7,1.127495753052466e-14,1
pv,pv_0002026,interior,7,3.4658806708891576e-15,1
pv,pv_0002027,interior,7,2.8461792305350277e-11,1
pv,pv_0002036,interior,7,6.758341564913735e-12,1
pv,pv_0002037,interior,7,3.2773373932972944e-11,1
pv,pv_0002046,interior,7,2.1576966283118993e-14,1
pv,pv_0002047,interior,7,5.105360138921703e-18,1
pv,pv_0002056,interior,7,1.7987243640525216e-11,1
pv,pv_0002057,interior,7,8.384738036419165e-18,1
pv,pv_0002066,interior,7,2.806350044937048e-14,1
pv,pv_0002067,interior,7,5.077079811723213e-10,1
pv,pv_0002076,interior,7,2.620166809818706e-16,1
pv,pv_0002077,interior,7,3.1247359105639017e-12,1
pv,pv_0002086,short_circuit,7,5.534423793776662e-18,1
pv,pv_0002087,interior,7,9.264709478524112e-12,1
pv,pv_0002096,interior,7,3.2352343644113513e-16,1
pv,pv_0002097,interior,7,4.65398301343104e-12,1
pv,pv_0002106,interior,7,3.2130690377151466e-09,1
pv,pv_0002107,short_circuit,7,5.49099531012551e-17,1
pv,pv_0002116,short_circuit,7,8.879221890613838e-17,1
pv,pv_0002117,interior,7,1.617011436617356e-14,1
pv,pv_0002126,short_circuit,7,1.8805119042780998e-18,1
pv,pv_0002127,interior,7,2.388169769943163e-16,1
pv,pv_0002136,interior,7,5.496188080920878e-09,1
pv,pv_0002137,interior,7,9.152308473858212e-10,1
pv,pv_0002146,short_circuit,7,1.5953766238690785e-21,1
pv,pv_0002147,short_circuit,7,6.475212564510551e-19,1
pv,pv_0002156,interior,7,2.671369515888638e-13,1
pv,pv_0002157,open_circuit,7,7.778827630642932e-09,1
pv,pv_0002166,interior,7,5.3135991759554e-13,1
pv,pv_0002167,interior,7,1.3613112834301228e-15,1
pv,pv_0002176,interior,7,2.8769375401375957e-09,1
pv,pv_0002177,interior,7,4.80465906396797e-09,1
pv,pv_0002186,interior,7,1.2720023686178798e-09,1
pv,pv_0002187,interior,7,9.013007563048376e-12,1
pv,pv_0002196,interior,7,6.880318591727062e-17,1
pv,pv_0002197,interior,7,1.0477706941420156e-17,1
pv,pv_0002206,short_circuit,7,1.83021673507212e-21,1
pv,pv_0002207,interior,7,9.039118222965175e-15,1
pv,pv_0002216,short_circuit,7,1.29363907961268e-18,1
pv,pv_0002217,interior,7,5.595049162788893e-09,1
pv,pv_0002226,interior,7,2.332443614441968e-12,1
pv,pv_0002227,interior,7,2.469646148875007e-09,1
pv,pv_0002236,interior,7,2.6596389707162774e-11,1
pv,pv_0002237,interior,7,3.400893586554642e-09,1
pv,pv_0002246,open_circuit,7,1.0548967445310968e-10,1
pv,pv_0002247,interior,7,4.723235103891608e-15,1
pv,pv_0002256,interior,7,3.5697820295239243e-09,1
pv,pv_0002257,interior,7,5.594094404167929e-10,1
pv,pv_0002266,open_circuit,7,1.6137167299825078e-09,1
pv,pv_0002267,short_circuit,7,2.8767151788859547e-19,1
pv,pv_0002276,short_circuit,7,4.3312421998192626e-17,1
pv,pv_0002277,interior,7,2.3971725884095313e-13,1
pv,pv_0002286,interior,7,1.6407737509128729e-09,1
pv,pv_0002287,interior,7,3.0182411770303534e-09,1
pv,pv_0002296,short_circuit,7,3.9418731217638487e-17,1
pv,pv_0002297,interior,7,6.935321523460401e-10,1
pv,pv_0002306,interior,7,1.412549611259381e-14,1
pv,pv_0002307,interior,7,3.025085042865645e-09,1
pv,pv_0002316,interior,7,3.4114385395954685e-15,1
pv,pv_0002317,interior,7,6.890998222165345e-13,1
pv,pv_0002326,interior,7,2.442446570844566e-09,1
pv,pv_0002327,interior,7,3.1614294913248053e-09,1
pv,pv_0002336,short_circuit,7,1.0268038582451038e-18,1
pv,pv_0002337,interior,7,8.37332338984304e-17,1
pv,pv_0002346,open_circuit,7,5.792412706609076e-10,1
pv,pv_0002347,interior,7,8.70627074236068e-16,1
pv,pv_0002356,interior,7,1.5980265948863136e-19,1
pv,pv_0002357,short_circuit,7,6.568208303688749e-21,1
pv,pv_0002366,interior,7,2.047723357076637e-16,1
pv,pv_0002367,interior,7,3.1682078883804793e-09,1
pv,pv_0002376,short_circuit,7,6.410646619584728e-18,1
pv,pv_0002377,interior,7,2.525349536919735e-09,1
pv,pv_0002386,interior,7,1.5047232491348805e-13,1
pv,pv_0002387,interior,7,3.307893496433034e-10,1
pv,pv_0002396,short_circuit,7,1.0252187959541826e-18,1
pv,pv_0002397,interior,7,2.862849028634869e-14,1
pv,pv_0002406,interior,7,3.208714785506317e-14,1
pv,pv_0002407,interior,7,1.97261478193689e-14,1
pv,pv_0002416,short_circuit,7,1.818376328458865e-22,1
pv,pv_0002417,interior,7,7.582676403800779e-14,1
pv,pv_0002426,short_circuit,7,3.0472945771678366e-23,1
pv,pv_0002427,interior,7,1.0899429675788917e-14,1
pv,pv_0002436,short_circuit,7,7.821480807852832e-20,1
pv,pv_0002437,interior,7,1.3832270911419476e-14,1
pv,pv_0002446,interior,7,3.068815302206224e-13,1
pv,pv_0002447,short_circuit,7,5.370281258785199e-17,1
pv,pv_0002456,open_circuit,7,2.017016394815536e-09,1
pv,pv_0002457,short_circuit,7,1.2268043290764552e-19,1
pv,pv_0002466,short_circuit,7,1.981160354519058e-15,1
pv,pv_0002467,interior,7,2.6319821132386155e-09,1
pv,pv_0002476,interior,7,1.0781653571133295e-11,1
pv,pv_0002477,interior,7,5.3217677712348816e-11,1
pv,pv_0002486,short_circuit,7,7.228108401914238e-21,1
pv,pv_0002487,short_circuit,7,4.821023335497087e-24,1
pv,pv_0002496,short_circuit,7,8.180805961472119e-18,1
pv,pv_0002497,short_circuit,7,5.501647808681413e-19,1
pv,pv_0002506,open_circuit,7,3.315469179631114e-10,1
pv,pv_0002507,short_circuit,7,6.358958426994739e-20,1
pv,pv_0002516,interior,7,1.8327213245992478e-16,1
pv,pv_0002517,interior,7,5.180613800616973e-12,1
pv,pv_0002526,interior,7,1.7976177409806711e-09,1
pv,pv_0002527,interior,7,4.308966536570056e-15,1
pv,pv_0002536,interior,7,6.121726740988754e-16,1
pv,pv_0002537,interior,7,1.562542138814284e-14,1
pv,pv_0002546,interior,7,1.5995241735624639e-09,1
pv,pv_0002547,interior,7,1.0992178745348153e-14,1
pv,pv_0002556,interior,7,1.0776170196869057e-11,1
pv,pv_0002557,interior,7,6.65445956058471e-09,1
pv,pv_0002566,open_circuit,7,6.837557374775203e-09,1
pv,pv_0002567,interior,7,7.059597755521629e-11,1
pv,pv_0002576,interior,7,1.900790956698827e-09,1
pv,pv_0002577,short_circuit,7,1.0177801952038922e-16,1
pv,pv_0002586,interior,7,1.4223287978102253e-12,1
pv,pv_0002587,interior,7,5.150021557887352e-14,1
pv,pv_0002596,interior,7,2.396590049795074e-18,1
pv,pv_0002597,open_circuit,7,4.881315022946863e-10,1
pv,pv_0002606,interior,7,1.0014014065059256e-13,1
pv,pv_0002607,open_circuit,7,6.034162954207358e-09,1
pv,pv_0002616,short_circuit,7,4.411838909453919e-21,1
pv,pv_0002617,short_circuit,7,2.278399048348696e-18,1
pv,pv_0002626,interior,7,5.403545818838147e-12,1
pv,pv_0002627,interior,7,5.820832913624354e-09,1
pv,pv_0002636,interior,7,6.057767579232632e-10,1
pv,pv_0002637,interior,7,4.292497148385609e-10,1
pv,pv_0002646,interior,7,2.1133111883986864e-14,1
pv,pv_0002647,interior,7,1.1040845124468621e-14,1
pv,pv_0002656,interior,7,6.184867770812874e-16,1
pv,pv_0002657,interior,7,3.2667104454370387e-16,1
pv,pv_0002666,short_circuit,7,2.684411934747175e-19,1
pv,pv_0002667,interior,7,8.886359899170059e-17,1
pv,pv_0002676,short_circuit,7,1.0094447036174215e-18,1
pv,pv_0002677,interior,7,8.050894358742567e-12,1
pv,pv_0002686,interior,7,1.3767148985414815e-14,1
pv,pv_0002687,short_circuit,7,4.7330246566577745e-20,1
pv,pv_0002696,interior,7,6.808391410525768e-09,1
pv,pv_0002697,interior,7,1.7459295063711906e-09,1
pv,pv_0002706,interior,7,1.202831707820162e-13,1
pv,pv_0002707,short_circuit,7,2.777002638575502e-17,1
pv,pv_0002716,interior,7,1.3108520450826326e-14,1
pv,pv_0002717,interior,7,1.2151494193287684e-17,1
pv,pv_0002726,interior,7,1.6937353493795185e-11,1
pv,pv_0002727,interior,7,5.499643713598193e-16,1
pv,pv_0002736,interior,7,1.1076986452683187e-15,1
pv,pv_0002737,interior,7,5.691036116132e-13,1
pv,pv_0002746,interior,7,3.418864149213097e-11,1
pv,pv_0002747,interior,7,1.45409607075656e-14,1
pv,pv_0002756,interior,7,2.6547007582618208e-11,1
pv,pv_0002757,interior,7,1.0489575517928946e-12,1
pv,pv_0002766,interior,7,1.1763857100243517e-14,1
pv,pv_0002767,short_circuit,7,2.4010458718084813e-18,1
pv,pv_0002776,interior,7,8.994796072033435e-15,1
pv,pv_0002777,interior,7,9.915041627189676e-14,1
pv,pv_0002786,short_circuit,7,5.580792776115599e-19,1
pv,pv_0002787,interior,7,1.0477982866340728e-17,1
pv,pv_0002796,short_circuit,7,3.204598173951615e-16,1
pv,pv_0002797,interior,7,1.2575877515092333e-15,1
pv,pv_0002806,interior,7,2.540429720894427e-16,1
pv,pv_0002807,interior,7,3.2602302481681337e-18,1
pv,pv_0002816,interior,7,1.8837447532054822e-11,1
pv,pv_0002817,open_circuit,7,1.9795172005404738e-09,1
pv,pv_0002826,short_circuit,7,6.239413369205987e-22,1
pv,pv_0002827,interior,7,1.0619381544451975e-15,1
pv,pv_0002836,interior,7,2.427506400386317e-09,1
pv,pv_0002837,short_circuit,7,9.945548105795003e-20,1
pv,pv_0002846,interior,7,1.9793343990650876e-16,1
pv,pv_0002847,interior,7,8.779795690562722e-10,1
pv,pv_0002856,interior,7,7.498640008878307e-10,1
pv,pv_0002857,short_circuit,7,3.736362728103242e-21,1
pv,pv_0002866,interior,7,2.2488150875737678e-15,1
pv,pv_0002867,short_circuit,7,7.247493406344571e-16,1
pv,pv_0002876,interior,7,6.819516996658814e-09,1
pv,pv_0002877,interior,7,3.3742485594446203e-10,1
pv,pv_0002886,interior,7,3.603585743012663e-13,1
pv,pv_0002887,interior,7,2.6023575431297695e-13,1
pv,pv_0002896,interior,7,2.0369495679163976e-15,1
pv,pv_0002897,interior,7,1.8832867509324665e-09,1
pv,pv_0002906,interior,7,6.149664654178159e-10,1
pv,pv_0002907,interior,7,5.642575146543491e-09,1
pv,pv_0002916,interior,7,7.164204862046126e-09,1
pv,pv_0002917,interior,7,2.1003518148509556e-10,1
pv,pv_0002926,interior,7,3.765969838276565e-18,1
pv,pv_0002927,interior,7,1.47619719521799e-12,1
pv,pv_0002936,interior,7,5.3950346222742095e-11,1
pv,pv_0002937,interior,7,1.4808509523236344e-12,1
pv,pv_0002946,interior,7,2.018536840443453e-12,1
pv,pv_0002947,interior,7,1.6941824302438468e-12,1
pv,pv_0002956,interior,7,6.113141911475599e-18,1
pv,pv_0002957,interior,7,4.3686960515052794e-14,1
pv,pv_0002966,short_circuit,7,4.451206834583793e-19,1
pv,pv_0002967,short_circuit,7,6.09654413695989e-22,1
pv,pv_0002976,short_circuit,7,2.5928874338713097e-17,1
pv,pv_0002977,interior,7,2.8169362256896408e-09,1
pv,pv_0002986,short_circuit,7,5.831439264539388e-22,1
pv,pv_0002987,short_circuit,7,3.239278275179693e-20,1
pv,pv_0002996,interior,7,1.6353757523424088e-14,1
pv,pv_0002997,interior,7,7.110070874143981e-11,1
cstr,cstr_0000006,low_triple,7,6.352023017660473e-14,1
cstr,cstr_0000007,high_single,7,1.0820442536779289e-13,1
cstr,cstr_0000016,low_single,7,1.33122422221527e-10,1
cstr,cstr_0000017,high_single,7,8.35978044875949e-11,1
cstr,cstr_0000026,low_single,7,2.0265744957859127e-13,1
cstr,cstr_0000027,high_triple,7,1.0020332785209361e-10,1
cstr,cstr_0000036,low_triple,7,9.103939202699486e-15,1
cstr,cstr_0000037,high_single,7,1.7567309253521117e-15,1
cstr,cstr_0000046,low_single,7,1.1555193680488494e-10,1
cstr,cstr_0000047,high_single,7,1.0888480034045991e-14,1
cstr,cstr_0000056,low_single,7,4.3480386951826465e-12,1
cstr,cstr_0000057,high_triple,7,1.0000000192277853e-10,1
cstr,cstr_0000066,low_triple,7,2.108929453805503e-14,1
cstr,cstr_0000067,high_single,7,1.232584077954833e-10,1
cstr,cstr_0000076,low_single,7,3.314708017940889e-15,1
cstr,cstr_0000077,high_single,7,9.615137202190873e-11,1
cstr,cstr_0000086,low_single,7,7.021166423558415e-11,1
cstr,cstr_0000087,high_triple,7,1.0000000001011314e-10,1
cstr,cstr_0000096,low_triple,7,1.7280663422781527e-12,1
cstr,cstr_0000097,high_single,7,1.2605609907227586e-14,1
cstr,cstr_0000106,low_single,7,1.0158187990781318e-10,1
cstr,cstr_0000107,high_single,7,1.330523682046189e-15,1
cstr,cstr_0000116,low_single,7,4.8033205700169975e-12,1
cstr,cstr_0000117,high_triple,7,1.0002022536973743e-10,1
cstr,cstr_0000126,low_triple,7,2.2165481612474945e-11,1
cstr,cstr_0000127,high_single,7,6.871847220993411e-15,1
cstr,cstr_0000136,low_single,7,7.613323854255249e-14,1
cstr,cstr_0000137,high_single,7,1.0292598848306312e-10,1
cstr,cstr_0000146,low_single,7,9.74408078105453e-11,1
cstr,cstr_0000147,high_triple,7,1.0000000001000053e-10,1
cstr,cstr_0000156,low_triple,7,2.717603323149521e-12,1
cstr,cstr_0000157,high_single,7,3.928651706376028e-14,1
cstr,cstr_0000166,low_single,7,1.029830849422158e-10,1
cstr,cstr_0000167,high_single,7,1.05184653447952e-10,1
cstr,cstr_0000176,low_single,7,2.1345188213889294e-14,1
cstr,cstr_0000177,high_triple,7,1.2993320169849402e-10,1
cstr,cstr_0000186,low_triple,7,9.518334477246722e-12,1
cstr,cstr_0000187,high_single,7,5.3481116347389555e-17,1
cstr,cstr_0000196,low_single,7,1.08266340429299e-10,1
cstr,cstr_0000197,high_single,7,8.246961270936742e-11,1
cstr,cstr_0000206,low_single,7,1.325590924267829e-15,1
cstr,cstr_0000207,high_triple,7,1.0135103340071472e-10,1
cstr,cstr_0000216,low_triple,7,6.398117759352376e-13,1
cstr,cstr_0000217,high_single,7,1.3936459182862504e-10,1
cstr,cstr_0000226,low_single,7,3.211096892479181e-11,1
cstr,cstr_0000227,high_single,7,1.2213113417766158e-11,1
cstr,cstr_0000236,low_single,7,9.66313543559558e-11,1
cstr,cstr_0000237,high_triple,7,1.0013817707485473e-10,1
cstr,cstr_0000246,low_triple,7,5.921407315702681e-12,1
cstr,cstr_0000247,high_single,7,7.506077260664519e-14,1
cstr,cstr_0000256,low_single,7,1.0700181480785755e-10,1
cstr,cstr_0000257,high_single,7,6.15079041623126e-15,1
cstr,cstr_0000266,low_single,7,6.967872374867572e-11,1
cstr,cstr_0000267,high_triple,7,2.0296233535152245e-09,1
cstr,cstr_0000276,low_triple,7,4.1488726824033305e-12,1
cstr,cstr_0000277,high_single,7,2.0943557621280114e-12,1
cstr,cstr_0000286,low_single,7,1.5224696764555225e-13,1
cstr,cstr_0000287,high_single,7,1.755046274024811e-11,1
cstr,cstr_0000296,low_single,7,1.4600656881607687e-12,1
cstr,cstr_0000297,high_triple,7,1.0015170177218765e-10,1
cstr,cstr_0000306,low_triple,7,6.38451178944066e-17,1
cstr,cstr_0000307,high_single,7,3.2680456131351664e-12,1
cstr,cstr_0000316,low_single,7,1.5061286543168488e-14,1
cstr,cstr_0000317,high_single,7,7.601730271633709e-13,1
cstr,cstr_0000326,low_single,7,7.610256071712878e-12,1
cstr,cstr_0000327,high_triple,7,1.0000000329546962e-10,1
cstr,cstr_0000336,low_triple,7,4.37283692941745e-14,1
cstr,cstr_0000337,high_single,7,1.0733059603600972e-16,1
cstr,cstr_0000346,low_single,7,3.3080573573226087e-12,1
cstr,cstr_0000347,high_single,7,3.255932657804369e-14,1
cstr,cstr_0000356,low_single,7,1.0277805872058825e-10,1
cstr,cstr_0000357,high_triple,7,1.0012737451972456e-10,1
cstr,cstr_0000366,low_triple,7,8.302956214964025e-18,1
cstr,cstr_0000367,high_single,7,1.0394747354594535e-16,1
cstr,cstr_0000376,low_single,7,1.729190673190755e-10,1
cstr,cstr_0000377,high_single,7,2.709790855522092e-13,1
cstr,cstr_0000386,low_single,7,1.0299764371395041e-10,1
cstr,cstr_0000387,high_triple,7,1.0000000001000055e-10,1
cstr,cstr_0000396,low_triple,7,5.700063045144147e-17,1
cstr,cstr_0000397,high_single,7,2.145942615246543e-16,1
cstr,cstr_0000406,low_single,7,1.2344452468346057e-15,1
cstr,cstr_0000407,high_single,7,1.0060270150889093e-10,1
cstr,cstr_0000416,low_single,7,1.10716782927135e-10,1
cstr,cstr_0000417,high_triple,7,1.0006169325866982e-10,1
cstr,cstr_0000426,low_triple,7,2.60742473011325e-16,1
cstr,cstr_0000427,high_single,7,1.6058741624872652e-12,1
cstr,cstr_0000436,low_single,7,2.110843667447392e-12,1
cstr,cstr_0000437,high_single,7,1.1015335730951778e-10,1
cstr,cstr_0000446,low_single,7,2.0141636571481087e-10,1
cstr,cstr_0000447,high_triple,7,1.0000009384745217e-10,1
cstr,cstr_0000456,low_triple,7,2.166052064890143e-13,1
cstr,cstr_0000457,high_single,7,1.415623261805799e-10,1
cstr,cstr_0000466,low_single,7,1.167160261840434e-12,1
cstr,cstr_0000467,high_single,7,1.5610586405252383e-10,1
cstr,cstr_0000476,low_single,7,4.724210665431064e-12,1
cstr,cstr_0000477,high_triple,7,1.0819360750775664e-10,1
cstr,cstr_0000486,low_triple,7,1.4117866646394993e-13,1
cstr,cstr_0000487,high_single,7,1.4315378516029389e-11,1
cstr,cstr_0000496,low_single,7,6.492342905621574e-13,1
cstr,cstr_0000497,high_single,7,6.88567527986451e-13,1
cstr,cstr_0000506,low_single,7,5.950119572953919e-16,1
cstr,cstr_0000507,high_triple,7,1.0000000001001714e-10,1
cstr,cstr_0000516,low_triple,7,3.7830652021975354e-16,1
cstr,cstr_0000517,high_single,7,7.814261423473112e-14,1
cstr,cstr_0000526,low_single,7,1.0936920565205733e-13,1
cstr,cstr_0000527,high_single,7,1.8287856576486114e-12,1
cstr,cstr_0000536,low_single,7,8.464008154547877e-11,1
cstr,cstr_0000537,high_triple,7,1.0000060591989501e-10,1
cstr,cstr_0000546,low_triple,7,1.7489744127429296e-13,1
cstr,cstr_0000547,high_single,7,1.1172439680604609e-15,1
cstr,cstr_0000556,low_single,7,2.723732460594457e-15,1
cstr,cstr_0000557,high_single,7,8.656386946752674e-12,1
cstr,cstr_0000566,low_single,7,1.03546781570222e-10,1
cstr,cstr_0000567,high_triple,7,1.0000185739442793e-10,1
cstr,cstr_0000576,low_triple,7,5.413976260700333e-13,1
cstr,cstr_0000577,high_single,7,3.04168378803143e-12,1
cstr,cstr_0000586,low_single,7,1.7320890391737823e-10,1
cstr,cstr_0000587,high_single,7,1.0911719493463596e-10,1
cstr,cstr_0000596,low_single,7,1.6422039246210623e-10,1
cstr,cstr_0000597,high_triple,7,1.0050504321239653e-10,1
cstr,cstr_0000606,low_triple,7,3.268890083234806e-14,1
cstr,cstr_0000607,high_single,7,9.623440642690673e-13,1
cstr,cstr_0000616,low_single,7,1.0527450106401725e-11,1
cstr,cstr_0000617,high_single,7,1.63610902999746e-11,1
cstr,cstr_0000626,low_single,7,1.61632480059339e-10,1
cstr,cstr_0000627,high_triple,7,1.0000000001099407e-10,1
cstr,cstr_0000636,low_triple,7,3.3404818124418936e-17,1
cstr,cstr_0000637,high_single,7,5.069187379745483e-13,1
cstr,cstr_0000646,low_single,7,1.0788139105262923e-12,1
cstr,cstr_0000647,high_single,7,3.621368497429151e-15,1
cstr,cstr_0000656,low_single,7,1.4740530794833664e-16,1
cstr,cstr_0000657,high_triple,7,1.00201711947784e-10,1
cstr,cstr_0000666,low_triple,7,3.735253196922516e-18,1
cstr,cstr_0000667,high_single,7,6.026713693714994e-17,1
cstr,cstr_0000676,low_single,7,2.007479200711906e-15,1
cstr,cstr_0000677,high_single,7,4.2731097358653e-13,1
cstr,cstr_0000686,low_single,7,4.457121101004748e-14,1
cstr,cstr_0000687,high_triple,7,1.0000001062007612e-10,1
cstr,cstr_0000696,low_triple,7,2.7409743139459846e-19,1
cstr,cstr_0000697,high_single,7,8.68504067351671e-11,1
cstr,cstr_0000706,low_single,7,1.0122465996888343e-10,1
cstr,cstr_0000707,high_single,7,1.0946842921825093e-10,1
cstr,cstr_0000716,low_single,7,1.640684703722251e-10,1
cstr,cstr_0000717,high_triple,7,1.0006614565879249e-10,1
cstr,cstr_0000726,low_triple,7,3.981021319570314e-18,1
cstr,cstr_0000727,high_single,7,1.932978060290539e-11,1
cstr,cstr_0000736,low_single,7,3.253632592873509e-11,1
cstr,cstr_0000737,high_single,7,6.319963425886649e-14,1
cstr,cstr_0000746,low_single,7,3.7273957105926094e-11,1
cstr,cstr_0000747,high_triple,7,1.0000085926859348e-10,1
cstr,cstr_0000756,low_triple,7,5.499234910093916e-14,1
cstr,cstr_0000757,high_single,7,8.979775533456588e-16,1
cstr,cstr_0000766,low_single,7,2.3186607012362716e-13,1
cstr,cstr_0000767,high_single,7,1.0192002682927948e-10,1
cstr,cstr_0000776,low_single,7,4.207183999852074e-11,1
cstr,cstr_0000777,high_triple,7,1.0000068618951256e-10,1
cstr,cstr_0000786,low_triple,7,2.2251535692946048e-11,1
cstr,cstr_0000787,high_single,7,4.150410819918658e-14,1
cstr,cstr_0000796,low_single,7,1.0837501783643222e-09,1
cstr,cstr_0000797,high_single,7,8.239603666444678e-11,1
cstr,cstr_0000806,low_single,7,1.0508251228548814e-10,1
cstr,cstr_0000807,high_triple,7,1.0000000001811759e-10,1
cstr,cstr_0000816,low_triple,7,2.513509017813832e-14,1
cstr,cstr_0000817,high_single,7,1.2289405662457696e-10,1
cstr,cstr_0000826,low_single,7,7.802532802133416e-14,1
cstr,cstr_0000827,high_single,7,5.891234406743587e-13,1
cstr,cstr_0000836,low_single,7,4.934304708637402e-12,1
cstr,cstr_0000837,high_triple,7,1.0000000003957537e-10,1
cstr,cstr_0000846,low_triple,7,2.152860240014631e-13,1
cstr,cstr_0000847,high_single,7,1.0790782213218355e-15,1
cstr,cstr_0000856,low_single,7,1.2549751988711362e-14,1
cstr,cstr_0000857,high_single,7,7.22271793120326e-13,1
cstr,cstr_0000866,low_single,7,1.614859426207335e-14,1
cstr,cstr_0000867,high_triple,7,1.0000000001000057e-10,1
cstr,cstr_0000876,low_triple,7,3.530895336204575e-18,1
cstr,cstr_0000877,high_single,7,4.837011246090983e-14,1
cstr,cstr_0000886,low_single,7,1.294488942279083e-10,1
cstr,cstr_0000887,high_single,7,6.922174456729999e-15,1
cstr,cstr_0000896,low_single,7,5.906826458832935e-16,1
cstr,cstr_0000897,high_triple,7,1.0040490067339691e-10,1
cstr,cstr_0000906,low_triple,7,1.2148493542963527e-14,1
cstr,cstr_0000907,high_single,7,1.459411438158083e-15,1
cstr,cstr_0000916,low_single,7,8.197891668114005e-11,1
cstr,cstr_0000917,high_single,7,1.2188690560239497e-15,1
cstr,cstr_0000926,low_single,7,8.265775983364253e-13,1
cstr,cstr_0000927,high_triple,7,1.0000000766791859e-10,1
cstr,cstr_0000936,low_triple,7,9.314141417613154e-15,1
cstr,cstr_0000937,high_single,7,1.4013177687784282e-10,1
cstr,cstr_0000946,low_single,7,8.330615831825642e-11,1
cstr,cstr_0000947,high_single,7,8.062338656997328e-14,1
cstr,cstr_0000956,low_single,7,2.357537159352004e-14,1
cstr,cstr_0000957,high_triple,7,1.0056735257765636e-10,1
cstr,cstr_0000966,low_triple,7,5.577856493419825e-12,1
cstr,cstr_0000967,high_single,7,6.401682000573996e-11,1
cstr,cstr_0000976,low_single,7,2.2042414526736722e-10,1
cstr,cstr_0000977,high_single,7,1.0510975634654326e-10,1
cstr,cstr_0000986,low_single,7,1.2901161745829887e-10,1
cstr,cstr_0000987,high_triple,7,1.2056597825621746e-10,1
cstr,cstr_0000996,low_triple,7,4.756383187861914e-15,1
cstr,cstr_0000997,high_single,7,3.7625485999899106e-13,1
cstr,cstr_0001006,low_single,7,1.3322245009468115e-17,1
cstr,cstr_0001007,high_single,7,1.1835092393108117e-10,1
cstr,cstr_0001016,low_single,7,9.385535179019137e-15,1
cstr,cstr_0001017,high_triple,7,1.0057456102305744e-10,1
cstr,cstr_0001026,low_triple,7,1.0743480344510828e-18,1
cstr,cstr_0001027,high_single,7,3.137024203150353e-15,1
cstr,cstr_0001036,low_single,7,1.6671915520240785e-13,1
cstr,cstr_0001037,high_single,7,7.436888242522139e-17,1
cstr,cstr_0001046,low_single,7,1.0076841746448276e-10,1
cstr,cstr_0001047,high_triple,7,1.0058421050712002e-10,1
cstr,cstr_0001056,low_triple,7,2.2797570389696607e-12,1
cstr,cstr_0001057,high_single,7,1.206945909352963e-16,1
cstr,cstr_0001066,low_single,7,9.63958922108615e-13,1
cstr,cstr_0001067,high_single,7,1.0655134629305862e-10,1
cstr,cstr_0001076,low_single,7,7.157141083034881e-14,1
cstr,cstr_0001077,high_triple,7,1.000368140194633e-10,1
cstr,cstr_0001086,low_triple,7,3.860456451887008e-16,1
cstr,cstr_0001087,high_single,7,1.0138208498608668e-10,1
cstr,cstr_0001096,low_single,7,1.9821113883570358e-15,1
cstr,cstr_0001097,high_single,7,3.070097365199428e-12,1
cstr,cstr_0001106,low_single,7,6.199433771570202e-12,1
cstr,cstr_0001107,high_triple,7,1.0005276749883457e-10,1
cstr,cstr_0001116,low_triple,7,2.0152498391114725e-14,1
cstr,cstr_0001117,high_single,7,1.5437392986860598e-14,1
cstr,cstr_0001126,low_single,7,2.383471261079878e-13,1
cstr,cstr_0001127,high_single,7,6.681493948952916e-14,1
cstr,cstr_0001136,low_single,7,2.3407755009203217e-13,1
cstr,cstr_0001137,high_triple,7,1.8416029307151653e-10,1
cstr,cstr_0001146,low_triple,7,1.4748448125511394e-11,1
cstr,cstr_0001147,high_single,7,2.7739450461645496e-14,1
cstr,cstr_0001156,low_single,7,7.882140362161333e-11,1
cstr,cstr_0001157,high_single,7,1.1237998095767154e-14,1
cstr,cstr_0001166,low_single,7,3.1797692718409147e-15,1
cstr,cstr_0001167,high_triple,7,1.89051401111677e-10,1
cstr,cstr_0001176,low_triple,7,2.072808113617208e-14,1
cstr,cstr_0001177,high_single,7,1.4511576878125224e-11,1
cstr,cstr_0001186,low_single,7,3.179136044567423e-13,1
cstr,cstr_0001187,high_single,7,1.0289508748852836e-10,1
cstr,cstr_0001196,low_single,7,1.9288929559793372e-15,1
cstr,cstr_0001197,high_triple,7,1.0000000003128382e-10,1
cstr,cstr_0001206,low_triple,7,2.610093235732501e-18,1
cstr,cstr_0001207,high_single,7,4.106509722405904e-12,1
cstr,cstr_0001216,low_single,7,9.6276256231534e-16,1
cstr,cstr_0001217,high_single,7,1.3006028132050246e-14,1
cstr,cstr_0001226,low_single,7,5.757903906375581e-16,1
cstr,cstr_0001227,high_triple,7,1.0000000007389863e-10,1
cstr,cstr_0001236,low_triple,7,1.455229223954573e-11,1
cstr,cstr_0001237,high_single,7,7.216274684021275e-11,1
cstr,cstr_0001246,low_single,7,3.552699904535035e-15,1
cstr,cstr_0001247,high_single,7,1.7859314862178974e-15,1
cstr,cstr_0001256,low_single,7,1.0066063069689794e-10,1
cstr,cstr_0001257,high_triple,7,1.0000042089493275e-10,1
cstr,cstr_0001266,low_triple,7,2.248215829883148e-16,1
cstr,cstr_0001267,high_single,7,1.691712368855177e-12,1
cstr,cstr_0001276,low_single,7,9.728401556190916e-15,1
cstr,cstr_0001277,high_single,7,2.5897037344491915e-14,1
cstr,cstr_0001286,low_single,7,1.7897152367127683e-14,1
cstr,cstr_0001287,high_triple,7,1.0000137535611823e-10,1
cstr,cstr_0001296,low_triple,7,1.706714098635204e-15,1
cstr,cstr_0001297,high_single,7,4.09060541853946e-15,1
cstr,cstr_0001306,low_single,7,2.0994177256850344e-10,1
cstr,cstr_0001307,high_single,7,9.050362347541026e-11,1
cstr,cstr_0001316,low_single,7,2.1871550363988597e-16,1
cstr,cstr_0001317,high_triple,7,1.0000000214997283e-10,1
cstr,cstr_0001326,low_triple,7,4.5943522894784736e-15,1
cstr,cstr_0001327,high_single,7,1.0166972126373424e-10,1
cstr,cstr_0001336,low_single,7,6.137106118113926e-12,1
cstr,cstr_0001337,high_single,7,7.037578259018843e-11,1
cstr,cstr_0001346,low_single,7,5.8135819616416604e-11,1
cstr,cstr_0001347,high_triple,7,1.0000032338023127e-10,1
cstr,cstr_0001356,low_triple,7,1.4632279613025098e-16,1
cstr,cstr_0001357,high_single,7,1.0081745633456157e-10,1
cstr,cstr_0001366,low_single,7,6.600597812827916e-11,1
cstr,cstr_0001367,high_single,7,6.776458448380282e-14,1
cstr,cstr_0001376,low_single,7,2.955347859562358e-14,1
cstr,cstr_0001377,high_triple,7,1.0000000001000019e-10,1
cstr,cstr_0001386,low_triple,7,7.584988036726593e-14,1
cstr,cstr_0001387,high_single,7,1.0410494400634365e-10,1
cstr,cstr_0001396,low_single,7,2.9717537194886e-14,1
cstr,cstr_0001397,high_single,7,4.779692185879034e-17,1
cstr,cstr_0001406,low_single,7,1.8768985761495242e-10,1
cstr,cstr_0001407,high_triple,7,1.0000005558326304e-10,1
cstr,cstr_0001416,low_triple,7,9.566581825101914e-11,1
cstr,cstr_0001417,high_single,7,6.24529396726948e-15,1
cstr,cstr_0001426,low_single,7,3.0539773696375e-14,1
cstr,cstr_0001427,high_single,7,1.03216365128302e-11,1
cstr,cstr_0001436,low_single,7,4.959879402010278e-16,1
cstr,cstr_0001437,high_triple,7,1.2021266474996884e-10,1
cstr,cstr_0001446,low_triple,7,3.683319760177065e-15,1
cstr,cstr_0001447,high_single,7,7.790844074982098e-17,1
cstr,cstr_0001456,low_single,7,1.0305200729219877e-10,1
cstr,cstr_0001457,high_single,7,3.785263818881461e-15,1
cstr,cstr_0001466,low_single,7,1.0360079024973418e-10,1
cstr,cstr_0001467,high_triple,7,1.0000139493612342e-10,1
cstr,cstr_0001476,low_triple,7,1.3870994677060235e-11,1
cstr,cstr_0001477,high_single,7,1.6096772451407102e-14,1
cstr,cstr_0001486,low_single,7,4.3709451989960093e-16,1
cstr,cstr_0001487,high_single,7,1.0353025878881389e-10,1
cstr,cstr_0001496,low_single,7,1.3990242300948943e-10,1
cstr,cstr_0001497,high_triple,7,1.0005278251096662e-10,1
cstr,cstr_0001506,low_triple,7,1.2630612876140655e-11,1
cstr,cstr_0001507,high_single,7,5.166693713402883e-15,1
cstr,cstr_0001516,low_single,7,1.7995527226700362e-10,1
cstr,cstr_0001517,high_single,7,1.7401979267494364e-16,1
cstr,cstr_0001526,low_single,7,4.238372114334554e-14,1
cstr,cstr_0001527,high_triple,7,1.000000000102751e-10,1
cstr,cstr_0001536,low_triple,7,1.0283009701663816e-10,1
cstr,cstr_0001537,high_single,7,2.1379713469744514e-16,1
cstr,cstr_0001546,low_single,7,2.9189035075006015e-14,1
cstr,cstr_0001547,high_single,7,1.0663028211071907e-10,1
cstr,cstr_0001556,low_single,7,6.492172431596129e-17,1
cstr,cstr_0001557,high_triple,7,1.0000019884942618e-10,1
cstr,cstr_0001566,low_triple,7,1.59984421246143e-14,1
cstr,cstr_0001567,high_single,7,7.230142559610483e-11,1
cstr,cstr_0001576,low_single,7,1.3969845399921911e-11,1
cstr,cstr_0001577,high_single,7,1.4931476356332256e-12,1
cstr,cstr_0001586,low_single,7,1.0195382950531043e-10,1
cstr,cstr_0001587,high_triple,7,1.0000000023634625e-10,1
cstr,cstr_0001596,low_triple,7,1.4990669687159195e-10,1
cstr,cstr_0001597,high_single,7,2.0983935916263167e-15,1
cstr,cstr_0001606,low_single,7,2.0666126290114084e-15,1
cstr,cstr_0001607,high_single,7,5.131273903830448e-11,1
cstr,cstr_0001616,low_single,7,6.266952239778085e-14,1
cstr,cstr_0001617,high_triple,7,1.006734133757792e-10,1
cstr,cstr_0001626,low_triple,7,1.0585184773259094e-12,1
cstr,cstr_0001627,high_single,7,6.507654439472488e-17,1
cstr,cstr_0001636,low_single,7,1.8883588605589178e-15,1
cstr,cstr_0001637,high_single,7,1.1885646018191551e-10,1
cstr,cstr_0001646,low_single,7,6.568481683288869e-14,1
cstr,cstr_0001647,high_triple,7,1.0000000004675435e-10,1
cstr,cstr_0001656,low_triple,7,2.8774469745564085e-15,1
cstr,cstr_0001657,high_single,7,5.621292652278109e-11,1
cstr,cstr_0001666,low_single,7,1.3243018810571544e-12,1
cstr,cstr_0001667,high_single,7,1.7855264264049532e-14,1
cstr,cstr_0001676,low_single,7,3.645450718125973e-11,1
cstr,cstr_0001677,high_triple,7,1.0002051544500175e-10,1
cstr,cstr_0001686,low_triple,7,3.5275165392701574e-19,1
cstr,cstr_0001687,high_single,7,9.832188642344329e-09,1
cstr,cstr_0001696,low_single,7,2.44955217894241e-12,1
cstr,cstr_0001697,high_single,7,3.1568979895641897e-12,1
cstr,cstr_0001706,low_single,7,8.281808775304622e-11,1
cstr,cstr_0001707,high_triple,7,1.0000000007610753e-10,1
cstr,cstr_0001716,low_triple,7,5.482033480318394e-11,1
cstr,cstr_0001717,high_single,7,1.1925689523417401e-14,1
cstr,cstr_0001726,low_single,7,8.628591583196577e-12,1
cstr,cstr_0001727,high_single,7,1.2650881328134314e-10,1
cstr,cstr_0001736,low_single,7,1.2092285241199184e-11,1
cstr,cstr_0001737,high_triple,7,1.000051583018163e-10,1
cstr,cstr_0001746,low_triple,7,5.019509694617822e-19,1
cstr,cstr_0001747,high_single,7,8.091711918998559e-13,1
cstr,cstr_0001756,low_single,7,3.247448537452886e-17,1
cstr,cstr_0001757,high_single,7,2.458815987483768e-15,1
cstr,cstr_0001766,low_single,7,1.3250488686843736e-11,1
cstr,cstr_0001767,high_triple,7,1.2805716488159288e-10,1
cstr,cstr_0001776,low_triple,7,1.6864045301157342e-12,1
cstr,cstr_0001777,high_single,7,1.4080315357787059e-12,1
cstr,cstr_0001786,low_single,7,2.8390097600171975e-12,1
cstr,cstr_0001787,high_single,7,8.508883332867516e-15,1
cstr,cstr_0001796,low_single,7,1.0467378599580547e-10,1
cstr,cstr_0001797,high_triple,7,1.0000000001022835e-10,1
cstr,cstr_0001806,low_triple,7,9.86274441495448e-17,1
cstr,cstr_0001807,high_single,7,1.7017542912599798e-10,1
cstr,cstr_0001816,low_single,7,1.0334995219167072e-10,1
cstr,cstr_0001817,high_single,7,7.871359875228965e-13,1
cstr,cstr_0001826,low_single,7,1.3205235039491093e-13,1
cstr,cstr_0001827,high_triple,7,1.001784812677571e-10,1
cstr,cstr_0001836,low_triple,7,4.664578555270661e-16,1
cstr,cstr_0001837,high_single,7,3.3192605091798385e-13,1
cstr,cstr_0001846,low_single,7,7.445567302855455e-15,1
cstr,cstr_0001847,high_single,7,1.758736997584622e-14,1
cstr,cstr_0001856,low_single,7,2.2234101888288707e-14,1
cstr,cstr_0001857,high_triple,7,1.0295573947442448e-10,1
cstr,cstr_0001866,low_triple,7,7.746939275673091e-14,1
cstr,cstr_0001867,high_single,7,1.8069075503349225e-12,1
cstr,cstr_0001876,low_single,7,8.532414542542706e-16,1
cstr,cstr_0001877,high_single,7,9.450927954160252e-11,1
cstr,cstr_0001886,low_single,7,3.5909256230194416e-16,1
cstr,cstr_0001887,high_triple,7,1.0031949540857424e-10,1
cstr,cstr_0001896,low_triple,7,3.962993391721162e-11,1
cstr,cstr_0001897,high_single,7,1.0665678805813251e-10,1
cstr,cstr_0001906,low_single,7,5.2634683581352485e-11,1
cstr,cstr_0001907,high_single,7,9.984687571097569e-11,1
cstr,cstr_0001916,low_single,7,2.813739809402169e-14,1
cstr,cstr_0001917,high_triple,7,1.0000137445659793e-10,1
cstr,cstr_0001926,low_triple,7,1.2239932931124305e-16,1
cstr,cstr_0001927,high_single,7,1.2695982014633218e-12,1
cstr,cstr_0001936,low_single,7,1.908200105448843e-13,1
cstr,cstr_0001937,high_single,7,3.1546497769870115e-14,1
cstr,cstr_0001946,low_single,7,1.9342727157392364e-12,1
cstr,cstr_0001947,high_triple,7,1.0442093950093499e-10,1
cstr,cstr_0001956,low_triple,7,5.70350794158362e-14,1
cstr,cstr_0001957,high_single,7,6.920699830358477e-15,1
cstr,cstr_0001966,low_single,7,9.652752049359836e-11,1
cstr,cstr_0001967,high_single,7,7.922623465887946e-15,1
cstr,cstr_0001976,low_single,7,1.117700783226012e-15,1
cstr,cstr_0001977,high_triple,7,1.0000000423116492e-10,1
cstr,cstr_0001986,low_triple,7,5.807241418570589e-13,1
cstr,cstr_0001987,high_single,7,1.1178217129668197e-10,1
cstr,cstr_0001996,low_single,7,1.1721534099667941e-10,1
cstr,cstr_0001997,high_single,7,2.818040058147888e-16,1
cstr,cstr_0002006,low_single,7,1.7681292095421646e-13,1
cstr,cstr_0002007,high_triple,7,1.0000553964717595e-10,1
cstr,cstr_0002016,low_triple,7,5.242395111141259e-12,1
cstr,cstr_0002017,high_single,7,7.884367123263392e-14,1
cstr,cstr_0002026,low_single,7,1.402968907055815e-12,1
cstr,cstr_0002027,high_single,7,4.980205782738126e-15,1
cstr,cstr_0002036,low_single,7,1.0576774975575594e-10,1
cstr,cstr_0002037,high_triple,7,1.0166336911287667e-10,1
cstr,cstr_0002046,low_triple,7,4.472394494260269e-15,1
cstr,cstr_0002047,high_single,7,7.805069829669447e-16,1
cstr,cstr_0002056,low_single,7,8.081212657932698e-16,1
cstr,cstr_0002057,high_single,7,1.2338288646505015e-15,1
cstr,cstr_0002066,low_single,7,9.304328520713802e-11,1
cstr,cstr_0002067,high_triple,7,1.0000146802285623e-10,1
cstr,cstr_0002076,low_triple,7,2.0724295393933678e-16,1
cstr,cstr_0002077,high_single,7,4.471071787316943e-12,1
cstr,cstr_0002086,low_single,7,1.0611762821111221e-10,1
cstr,cstr_0002087,high_single,7,5.646567237538527e-10,1
cstr,cstr_0002096,low_single,7,2.1464434952028227e-13,1
cstr,cstr_0002097,high_triple,7,1.0013031093095112e-10,1
cstr,cstr_0002106,low_triple,7,9.666625120798615e-18,1
cstr,cstr_0002107,high_single,7,2.1915152654798635e-13,1
cstr,cstr_0002116,low_single,7,7.525505089420167e-15,1
cstr,cstr_0002117,high_single,7,9.65865319722731e-11,1
cstr,cstr_0002126,low_single,7,1.0260514842682921e-10,1
cstr,cstr_0002127,high_triple,7,1.00007724743212e-10,1
cstr,cstr_0002136,low_triple,7,7.895849432710302e-18,1
cstr,cstr_0002137,high_single,7,8.67976844308168e-11,1
cstr,cstr_0002146,low_single,7,8.726633437451832e-12,1
cstr,cstr_0002147,high_single,7,3.243759281961346e-14,1
cstr,cstr_0002156,low_single,7,5.5879540709499816e-11,1
cstr,cstr_0002157,high_triple,7,1.1498718875634777e-10,1
cstr,cstr_0002166,low_triple,7,7.236784280003078e-17,1
cstr,cstr_0002167,high_single,7,1.943431188297596e-15,1
cstr,cstr_0002176,low_single,7,2.2804965516627405e-14,1
cstr,cstr_0002177,high_single,7,1.6161108119623563e-09,1
cstr,cstr_0002186,low_single,7,1.685431630755049e-13,1
cstr,cstr_0002187,high_triple,7,1.0000000145815447e-10,1
cstr,cstr_0002196,low_triple,7,6.956589939943203e-16,1
cstr,cstr_0002197,high_single,7,1.0049271261455215e-10,1
cstr,cstr_0002206,low_single,7,5.0058378011716546e-15,1
cstr,cstr_0002207,high_single,7,9.288416825085275e-11,1
cstr,cstr_0002216,low_single,7,1.899849470508981e-12,1
cstr,cstr_0002217,high_triple,7,1.0234648760746607e-10,1
cstr,cstr_0002226,low_triple,7,2.4265157565272224e-14,1
cstr,cstr_0002227,high_single,7,1.0292052058310207e-10,1
cstr,cstr_0002236,low_single,7,6.981595638661618e-17,1
cstr,cstr_0002237,high_single,7,1.0159187811017447e-10,1
cstr,cstr_0002246,low_single,7,5.356594634993352e-15,1
cstr,cstr_0002247,high_triple,7,1.000072179700203e-10,1
cstr,cstr_0002256,low_triple,7,4.007042602360676e-12,1
cstr,cstr_0002257,high_single,7,3.0618872541830386e-11,1
cstr,cstr_0002266,low_single,7,6.371190180247735e-13,1
cstr,cstr_0002267,high_single,7,1.1453275342291504e-11,1
cstr,cstr_0002276,low_single,7,1.3722953610719568e-17,1
cstr,cstr_0002277,high_triple,7,1.0000000003344482e-10,1
cstr,cstr_0002286,low_triple,7,9.239077223793137e-18,1
cstr,cstr_0002287,high_single,7,4.853511506435657e-11,1
cstr,cstr_0002296,low_single,7,1.0246777972649137e-12,1
cstr,cstr_0002297,high_single,7,2.8296653903288396e-15,1
cstr,cstr_0002306,low_single,7,1.543353878174564e-11,1
cstr,cstr_0002307,high_triple,7,1.000000124574512e-10,1
cstr,cstr_0002316,low_triple,7,8.536670932012915e-15,1
cstr,cstr_0002317,high_single,7,9.414208605589865e-14,1
cstr,cstr_0002326,low_single,7,9.44071519043621e-14,1
cstr,cstr_0002327,high_single,7,5.79446762822304e-15,1
cstr,cstr_0002336,low_single,7,1.2747857279912173e-13,1
cstr,cstr_0002337,high_triple,7,1.0000572157788878e-10,1
cstr,cstr_0002346,low_triple,7,3.615549752341241e-10,1
cstr,cstr_0002347,high_single,7,1.0226108183648846e-10,1
cstr,cstr_0002356,low_single,7,5.029523991007742e-12,1
cstr,cstr_0002357,high_single,7,1.2483610830821704e-10,1
cstr,cstr_0002366,low_single,7,1.1932769645801014e-10,1
cstr,cstr_0002367,high_triple,7,1.0000000240688141e-10,1
cstr,cstr_0002376,low_triple,7,1.0799398008648604e-13,1
cstr,cstr_0002377,high_single,7,8.439923278263144e-17,1
cstr,cstr_0002386,low_single,7,3.490456533594111e-16,1
cstr,cstr_0002387,high_single,7,5.5946627037572e-11,1
cstr,cstr_0002396,low_single,7,3.105408267455651e-13,1
cstr,cstr_0002397,high_triple,7,1.000000001549773e-10,1
cstr,cstr_0002406,low_triple,7,3.373520091338396e-13,1
cstr,cstr_0002407,high_single,7,1.0211101689079778e-10,1
cstr,cstr_0002416,low_single,7,1.679565506655597e-11,1
cstr,cstr_0002417,high_single,7,4.929841735655223e-13,1
cstr,cstr_0002426,low_single,7,6.284493414768464e-11,1
cstr,cstr_0002427,high_triple,7,1.0000003603650388e-10,1
cstr,cstr_0002436,low_triple,7,3.312668946800088e-16,1
cstr,cstr_0002437,high_single,7,6.496866279882813e-15,1
cstr,cstr_0002446,low_single,7,1.7835227746262146e-15,1
cstr,cstr_0002447,high_single,7,6.218365031751119e-17,1
cstr,cstr_0002456,low_single,7,1.8868336164192644e-13,1
cstr,cstr_0002457,high_triple,7,1.0000000008350318e-10,1
cstr,cstr_0002466,low_triple,7,4.382659678920549e-15,1
cstr,cstr_0002467,high_single,7,1.305036701282519e-13,1
cstr,cstr_0002476,low_single,7,1.0437443486142114e-10,1
cstr,cstr_0002477,high_single,7,2.0409391251895704e-11,1
cstr,cstr_0002486,low_single,7,4.574421342821325e-12,1
cstr,cstr_0002487,high_triple,7,1.0006247087272978e-10,1
cstr,cstr_0002496,low_triple,7,3.433628985338404e-13,1
cstr,cstr_0002497,high_single,7,5.986046064619916e-17,1
cstr,cstr_0002506,low_single,7,1.0241102406307106e-10,1
cstr,cstr_0002507,high_single,7,6.797484403625519e-14,1
cstr,cstr_0002516,low_single,7,1.1973998842298556e-12,1
cstr,cstr_0002517,high_triple,7,1.0001255437511099e-10,1
cstr,cstr_0002526,low_triple,7,3.7582736728974023e-16,1
cstr,cstr_0002527,high_single,7,1.820074846461484e-14,1
cstr,cstr_0002536,low_single,7,9.13623102474441e-16,1
cstr,cstr_0002537,high_single,7,3.854319098033529e-13,1
cstr,cstr_0002546,low_single,7,1.3779971431872113e-16,1
cstr,cstr_0002547,high_triple,7,1.0000038775988624e-10,1
cstr,cstr_0002556,low_triple,7,3.7558478780753166e-17,1
cstr,cstr_0002557,high_single,7,3.649751066033029e-11,1
cstr,cstr_0002566,low_single,7,6.901452880163068e-11,1
cstr,cstr_0002567,high_single,7,4.3477227676282864e-13,1
cstr,cstr_0002576,low_single,7,1.128581788831277e-10,1
cstr,cstr_0002577,high_triple,7,1.0000000001027986e-10,1
cstr,cstr_0002586,low_triple,7,9.746166628035975e-16,1
cstr,cstr_0002587,high_single,7,5.694807753808426e-10,1
cstr,cstr_0002596,low_single,7,1.0625304003672125e-10,1
cstr,cstr_0002597,high_single,7,4.8238221921151025e-15,1
cstr,cstr_0002606,low_single,7,1.1096644238932728e-13,1
cstr,cstr_0002607,high_triple,7,1.0000124294728676e-10,1
cstr,cstr_0002616,low_triple,7,5.814757022804332e-17,1
cstr,cstr_0002617,high_single,7,3.0873458102512467e-13,1
cstr,cstr_0002626,low_single,7,3.568362700051244e-12,1
cstr,cstr_0002627,high_single,7,3.696827169859987e-17,1
cstr,cstr_0002636,low_single,7,1.1810657026837494e-10,1
cstr,cstr_0002637,high_triple,7,1.0000000001000465e-10,1
cstr,cstr_0002646,low_triple,7,5.722388297732043e-18,1
cstr,cstr_0002647,high_single,7,1.0250455334260904e-10,1
cstr,cstr_0002656,low_single,7,6.857254644039446e-15,1
cstr,cstr_0002657,high_single,7,6.907377182380411e-14,1
cstr,cstr_0002666,low_single,7,7.808581490996495e-13,1
cstr,cstr_0002667,high_triple,7,1.000000000454628e-10,1
cstr,cstr_0002676,low_triple,7,2.1210357030246646e-12,1
cstr,cstr_0002677,high_single,7,3.462028066476142e-11,1
cstr,cstr_0002686,low_single,7,1.0031321886678448e-10,1
cstr,cstr_0002687,high_single,7,4.324466841932254e-12,1
cstr,cstr_0002696,low_single,7,1.1643396411933013e-10,1
cstr,cstr_0002697,high_triple,7,1.0000739143366776e-10,1
cstr,cstr_0002706,low_triple,7,2.6901417832167534e-13,1
cstr,cstr_0002707,high_single,7,1.3029002257454755e-10,1
cstr,cstr_0002716,low_single,7,7.77732937868879e-14,1
cstr,cstr_0002717,high_single,7,1.730800214903841e-10,1
cstr,cstr_0002726,low_single,7,5.918031899395494e-11,1
cstr,cstr_0002727,high_triple,7,1.0000000001000766e-10,1
cstr,cstr_0002736,low_triple,7,3.09307148060618e-16,1
cstr,cstr_0002737,high_single,7,6.078418497326315e-14,1
cstr,cstr_0002746,low_single,7,1.0639889837611995e-10,1
cstr,cstr_0002747,high_single,7,1.0640650359112315e-10,1
cstr,cstr_0002756,low_single,7,9.457493329372706e-12,1
cstr,cstr_0002757,high_triple,7,1.0001440096517723e-10,1
cstr,cstr_0002766,low_triple,7,1.3988534034952401e-18,1
cstr,cstr_0002767,high_single,7,2.77289577530193e-14,1
cstr,cstr_0002776,low_single,7,1.174290693187208e-10,1
cstr,cstr_0002777,high_single,7,1.3331351067019789e-11,1
cstr,cstr_0002786,low_single,7,1.5575483961633758e-16,1
cstr,cstr_0002787,high_triple,7,1.000000000198167e-10,1
cstr,cstr_0002796,low_triple,7,1.1685416306860358e-16,1
cstr,cstr_0002797,high_single,7,1.0238982858030809e-10,1
cstr,cstr_0002806,low_single,7,1.1387064669614614e-13,1
cstr,cstr_0002807,high_single,7,8.515762919431402e-17,1
cstr,cstr_0002816,low_single,7,3.87060792767004e-12,1
cstr,cstr_0002817,high_triple,7,1.0000000001000509e-10,1
cstr,cstr_0002826,low_triple,7,2.4524847331699773e-18,1
cstr,cstr_0002827,high_single,7,4.358979957419087e-17,1
cstr,cstr_0002836,low_single,7,7.803458100129305e-11,1
cstr,cstr_0002837,high_single,7,1.8747518091855782e-16,1
cstr,cstr_0002846,low_single,7,6.646975783138224e-16,1
cstr,cstr_0002847,high_triple,7,1.0002181335457291e-10,1
cstr,cstr_0002856,low_triple,7,4.0049496827158295e-18,1
cstr,cstr_0002857,high_single,7,3.95014852028428e-17,1
cstr,cstr_0002866,low_single,7,2.4376588204493645e-12,1
cstr,cstr_0002867,high_single,7,1.2102765667262037e-11,1
cstr,cstr_0002876,low_single,7,1.8331874070303454e-14,1
cstr,cstr_0002877,high_triple,7,1.111783427937576e-10,1
cstr,cstr_0002886,low_triple,7,1.5817002327782702e-16,1
cstr,cstr_0002887,high_single,7,9.694342991552105e-11,1
cstr,cstr_0002896,low_single,7,1.1512514427649087e-10,1
cstr,cstr_0002897,high_single,7,1.879955349409236e-13,1
cstr,cstr_0002906,low_single,7,1.5349983062194493e-11,1
cstr,cstr_0002907,high_triple,7,1.0000000001e-10,1
cstr,cstr_0002916,low_triple,7,5.894863219918325e-13,1
cstr,cstr_0002917,high_single,7,3.5112537079025633e-15,1
cstr,cstr_0002926,low_single,7,9.302186905200367e-11,1
cstr,cstr_0002927,high_single,7,1.02422074153823e-10,1
cstr,cstr_0002936,low_single,7,5.208632413772258e-13,1
cstr,cstr_0002937,high_triple,7,1.0012596412479714e-10,1
cstr,cstr_0002946,low_triple,7,1.2333232828110549e-18,1
cstr,cstr_0002947,high_single,7,1.152914435192294e-10,1
cstr,cstr_0002956,low_single,7,1.7464533157447707e-14,1
cstr,cstr_0002957,high_single,7,1.0820927222675933e-10,1
cstr,cstr_0002966,low_single,7,2.074217329346944e-14,1
cstr,cstr_0002967,high_triple,7,1.000005777605678e-10,1
cstr,cstr_0002976,low_triple,7,3.428952642247185e-11,1
cstr,cstr_0002977,high_single,7,2.8809969111732057e-12,1
cstr,cstr_0002986,low_single,7,3.985343987638488e-11,1
cstr,cstr_0002987,high_single,7,2.1787187901922258e-14,1
cstr,cstr_0002996,low_single,7,9.218786847087324e-16,1
cstr,cstr_0002997,high_triple,7,1.0000000274821838e-10,1
peng_robinson,peng_robinson_0000006,liquid_triple,7,4.301074323723157e-10,1
peng_robinson,peng_robinson_0000007,vapor_single,7,3.7764224519009306e-10,1
peng_robinson,peng_robinson_0000016,liquid_single,7,1.1050316963855756e-10,1
peng_robinson,peng_robinson_0000017,vapor_single,7,1.1965154389359608e-09,1
peng_robinson,peng_robinson_0000026,liquid_single,7,5.397334448519318e-13,1
peng_robinson,peng_robinson_0000027,vapor_triple,7,4.381366297389378e-10,1
peng_robinson,peng_robinson_0000036,liquid_triple,7,3.7020829741177563e-10,1
peng_robinson,peng_robinson_0000037,vapor_single,7,7.453889095441655e-13,1
peng_robinson,peng_robinson_0000046,liquid_single,7,1.3159586714367865e-10,1
peng_robinson,peng_robinson_0000047,vapor_single,7,3.7007162787005523e-10,1
peng_robinson,peng_robinson_0000056,liquid_single,7,5.133814437570399e-11,1
peng_robinson,peng_robinson_0000057,vapor_triple,7,1.4683822690814146e-13,1
peng_robinson,peng_robinson_0000066,liquid_triple,7,1.5415145040971913e-10,1
peng_robinson,peng_robinson_0000067,vapor_single,7,3.94042932693156e-11,1
peng_robinson,peng_robinson_0000076,liquid_single,7,2.1462653099116707e-12,1
peng_robinson,peng_robinson_0000077,vapor_single,7,1.108356105142675e-10,1
peng_robinson,peng_robinson_0000086,liquid_single,7,1.476551152895205e-08,1
peng_robinson,peng_robinson_0000087,vapor_triple,7,9.434099445508563e-13,1
peng_robinson,peng_robinson_0000096,liquid_triple,7,1.0211074512313277e-10,1
peng_robinson,peng_robinson_0000097,vapor_single,7,2.9418656031173115e-12,1
peng_robinson,peng_robinson_0000106,liquid_single,7,1.6788050830340605e-12,1
peng_robinson,peng_robinson_0000107,vapor_single,7,5.770082438848686e-11,1
peng_robinson,peng_robinson_0000116,liquid_single,7,6.268026349923725e-10,1
peng_robinson,peng_robinson_0000117,vapor_triple,7,2.7272458764314405e-11,1
peng_robinson,peng_robinson_0000126,liquid_triple,7,1.1014048212412292e-10,1
peng_robinson,peng_robinson_0000127,vapor_single,7,3.7618570667119783e-10,1
peng_robinson,peng_robinson_0000136,liquid_single,7,7.828405227592473e-12,1
peng_robinson,peng_robinson_0000137,vapor_single,7,5.579695266089896e-10,1
peng_robinson,peng_robinson_0000146,liquid_single,7,4.031441960125086e-13,1
peng_robinson,peng_robinson_0000147,vapor_triple,7,2.6685787292853368e-12,1
peng_robinson,peng_robinson_0000156,liquid_triple,7,2.3609927482585786e-09,1
peng_robinson,peng_robinson_0000157,vapor_single,7,1.5790050740249888e-13,1
peng_robinson,peng_robinson_0000166,liquid_single,7,1.922707153454618e-12,1
peng_robinson,peng_robinson_0000167,vapor_single,7,2.6604934397298288e-11,1
peng_robinson,peng_robinson_0000176,liquid_single,7,2.1596824316301238e-12,1
peng_robinson,peng_robinson_0000177,vapor_triple,7,1.5340585521818232e-12,1
peng_robinson,peng_robinson_0000186,liquid_triple,7,1.0918064689290593e-10,1
peng_robinson,peng_robinson_0000187,vapor_single,7,1.9312728200034328e-10,1
peng_robinson,peng_robinson_0000196,liquid_single,7,2.379248225525541e-13,1
peng_robinson,peng_robinson_0000197,vapor_single,7,3.955199959264193e-11,1
peng_robinson,peng_robinson_0000206,liquid_single,7,1.0428062988151224e-11,1
peng_robinson,peng_robinson_0000207,vapor_triple,7,1.3558473045886347e-10,1
peng_robinson,peng_robinson_0000216,liquid_triple,7,1.0055128287798576e-10,1
peng_robinson,peng_robinson_0000217,vapor_single,7,1.6515224777369277e-11,1
peng_robinson,peng_robinson_0000226,liquid_single,7,1.8391831530611988e-12,1
peng_robinson,peng_robinson_0000227,vapor_single,7,2.6473323215712407e-10,1
peng_robinson,peng_robinson_0000236,liquid_single,7,2.7068675272082588e-11,1
peng_robinson,peng_robinson_0000237,vapor_triple,7,3.569995732224793e-12,1
peng_robinson,peng_robinson_0000246,liquid_triple,7,1.0290761196004399e-10,1
peng_robinson,peng_robinson_0000247,vapor_single,7,5.267349292283194e-12,1
peng_robinson,peng_robinson_0000256,liquid_single,7,1.4484312976941148e-12,1
peng_robinson,peng_robinson_0000257,vapor_single,7,3.184454820983318e-11,1
peng_robinson,peng_robinson_0000266,liquid_single,7,1.4589667445733662e-10,1
peng_robinson,peng_robinson_0000267,vapor_triple,7,1.498094257513152e-12,1
peng_robinson,peng_robinson_0000276,liquid_triple,7,1.2683105066796674e-10,1
peng_robinson,peng_robinson_0000277,vapor_single,7,5.852970207503047e-10,1
peng_robinson,peng_robinson_0000286,liquid_single,7,5.532055605649852e-12,1
peng_robinson,peng_robinson_0000287,vapor_single,7,1.7215916892840908e-10,1
peng_robinson,peng_robinson_0000296,liquid_single,7,1.1800034493677452e-10,1
peng_robinson,peng_robinson_0000297,vapor_triple,7,4.194702283693002e-15,1
peng_robinson,peng_robinson_0000306,liquid_triple,7,1.1382849355753474e-10,1
peng_robinson,peng_robinson_0000307,vapor_single,7,2.9125604711858616e-13,1
peng_robinson,peng_robinson_0000316,liquid_single,7,1.1892937431452811e-12,1
peng_robinson,peng_robinson_0000317,vapor_single,7,5.087335976469955e-10,1
peng_robinson,peng_robinson_0000326,liquid_single,7,6.651139659523783e-13,1
peng_robinson,peng_robinson_0000327,vapor_triple,7,1.9383787185200206e-13,1
peng_robinson,peng_robinson_0000336,liquid_triple,7,1.0735342751010605e-10,1
peng_robinson,peng_robinson_0000337,vapor_single,7,3.907006718849865e-10,1
peng_robinson,peng_robinson_0000346,liquid_single,7,1.0632784391268163e-11,1
peng_robinson,peng_robinson_0000347,vapor_single,7,1.674880783906668e-11,1
peng_robinson,peng_robinson_0000356,liquid_single,7,3.1109911992998426e-12,1
peng_robinson,peng_robinson_0000357,vapor_triple,7,3.412817104822078e-10,1
peng_robinson,peng_robinson_0000366,liquid_triple,7,1.1376305165167382e-10,1
peng_robinson,peng_robinson_0000367,vapor_single,7,1.6780885732578011e-10,1
peng_robinson,peng_robinson_0000376,liquid_single,7,1.4768740643798766e-10,1
peng_robinson,peng_robinson_0000377,vapor_single,7,5.705629751357469e-10,1
peng_robinson,peng_robinson_0000386,liquid_single,7,2.576678861892516e-12,1
peng_robinson,peng_robinson_0000387,vapor_triple,7,9.657553274343037e-11,1
peng_robinson,peng_robinson_0000396,liquid_triple,7,1.2068176165192823e-10,1
peng_robinson,peng_robinson_0000397,vapor_single,7,1.6789248260474174e-10,1
peng_robinson,peng_robinson_0000406,liquid_single,7,2.5953293717196115e-10,1
peng_robinson,peng_robinson_0000407,vapor_single,7,1.668528129531033e-10,1
peng_robinson,peng_robinson_0000416,liquid_single,7,1.4317164815106134e-11,1
peng_robinson,peng_robinson_0000417,vapor_triple,7,2.976224435270893e-11,1
peng_robinson,peng_robinson_0000426,liquid_triple,7,2.0891425230816596e-10,1
peng_robinson,peng_robinson_0000427,vapor_single,7,1.647776780812955e-10,1
peng_robinson,peng_robinson_0000436,liquid_single,7,1.5596784923458845e-10,1
peng_robinson,peng_robinson_0000437,vapor_single,7,3.514610814868336e-10,1
peng_robinson,peng_robinson_0000446,liquid_single,7,9.676685496302602e-14,1
peng_robinson,peng_robinson_0000447,vapor_triple,7,9.831765007840774e-16,1
peng_robinson,peng_robinson_0000456,liquid_triple,7,1.8387199095086475e-10,1
peng_robinson,peng_robinson_0000457,vapor_single,7,3.195047861004555e-10,1
peng_robinson,peng_robinson_0000466,liquid_single,7,6.294514773663183e-10,1
peng_robinson,peng_robinson_0000467,vapor_single,7,3.1588162963597676e-10,1
peng_robinson,peng_robinson_0000476,liquid_single,7,7.852356742763938e-11,1
peng_robinson,peng_robinson_0000477,vapor_triple,7,4.8503568852677935e-12,1
peng_robinson,peng_robinson_0000486,liquid_triple,7,1.0342472871746218e-10,1
peng_robinson,peng_robinson_0000487,vapor_single,7,7.921981145490581e-10,1
peng_robinson,peng_robinson_0000496,liquid_single,7,1.4628819931732897e-10,1
peng_robinson,peng_robinson_0000497,vapor_single,7,1.5490955665324943e-13,1
peng_robinson,peng_robinson_0000506,liquid_single,7,1.1001306888706595e-10,1
peng_robinson,peng_robinson_0000507,vapor_triple,7,1.8527011696417593e-14,1
peng_robinson,peng_robinson_0000516,liquid_triple,7,1.212149618064561e-10,1
peng_robinson,peng_robinson_0000517,vapor_single,7,5.695306932567741e-10,1
peng_robinson,peng_robinson_0000526,liquid_single,7,1.3667452166287763e-09,1
peng_robinson,peng_robinson_0000527,vapor_single,7,1.3224958719707693e-10,1
peng_robinson,peng_robinson_0000536,liquid_single,7,2.7239792250217073e-12,1
peng_robinson,peng_robinson_0000537,vapor_triple,7,6.848252622887636e-12,1
peng_robinson,peng_robinson_0000546,liquid_triple,7,1.1230548703611852e-10,1
peng_robinson,peng_robinson_0000547,vapor_single,7,3.07831241314461e-10,1
peng_robinson,peng_robinson_0000556,liquid_single,7,2.6985499084510345e-12,1
peng_robinson,peng_robinson_0000557,vapor_single,7,1.7436888063719806e-13,1
peng_robinson,peng_robinson_0000566,liquid_single,7,8.763924943951361e-10,1
peng_robinson,peng_robinson_0000567,vapor_triple,7,9.069344383901439e-15,1
peng_robinson,peng_robinson_0000576,liquid_triple,7,1.8975403568475125e-10,1
peng_robinson,peng_robinson_0000577,vapor_single,7,2.2505483666961066e-13,1
peng_robinson,peng_robinson_0000586,liquid_single,7,5.712186476981603e-14,1
peng_robinson,peng_robinson_0000587,vapor_single,7,1.1656107062217714e-09,1
peng_robinson,peng_robinson_0000596,liquid_single,7,2.3178084251419775e-12,1
peng_robinson,peng_robinson_0000597,vapor_triple,7,5.803329938171683e-15,1
peng_robinson,peng_robinson_0000606,liquid_triple,7,1.2496639823122537e-10,1
peng_robinson,peng_robinson_0000607,vapor_single,7,8.58913180332622e-12,1
peng_robinson,peng_robinson_0000616,liquid_single,7,6.49399929474551e-10,1
peng_robinson,peng_robinson_0000617,vapor_single,7,2.47282041596419e-12,1
peng_robinson,peng_robinson_0000626,liquid_single,7,5.542385432100969e-11,1
peng_robinson,peng_robinson_0000627,vapor_triple,7,6.003160690632096e-16,1
peng_robinson,peng_robinson_0000636,liquid_triple,7,1.0162627693894991e-10,1
peng_robinson,peng_robinson_0000637,vapor_single,7,9.976520373864872e-11,1
peng_robinson,peng_robinson_0000646,liquid_single,7,4.240533329423662e-10,1
peng_robinson,peng_robinson_0000647,vapor_single,7,1.2150143260123772e-10,1
peng_robinson,peng_robinson_0000656,liquid_single,7,4.702367605835728e-12,1
peng_robinson,peng_robinson_0000657,vapor_triple,7,6.036572846955961e-12,1
peng_robinson,peng_robinson_0000666,liquid_triple,7,1.0797941363625788e-10,1
peng_robinson,peng_robinson_0000667,vapor_single,7,6.681940155196222e-10,1
peng_robinson,peng_robinson_0000676,liquid_single,7,3.071747007496261e-10,1
peng_robinson,peng_robinson_0000677,vapor_single,7,2.9707998983371655e-11,1
peng_robinson,peng_robinson_0000686,liquid_single,7,1.0106453088584462e-11,1
peng_robinson,peng_robinson_0000687,vapor_triple,7,9.010858136415401e-14,1
peng_robinson,peng_robinson_0000696,liquid_triple,7,1.0603051605015547e-10,1
peng_robinson,peng_robinson_0000697,vapor_single,7,2.2219391518222376e-13,1
peng_robinson,peng_robinson_0000706,liquid_single,7,1.5801368790489242e-10,1
peng_robinson,peng_robinson_0000707,vapor_single,7,8.917056802813689e-13,1
peng_robinson,peng_robinson_0000716,liquid_single,7,6.371805593695331e-12,1
peng_robinson,peng_robinson_0000717,vapor_triple,7,3.42340599123729e-10,1
peng_robinson,peng_robinson_0000726,liquid_triple,7,2.120100723240711e-09,1
peng_robinson,peng_robinson_0000727,vapor_single,7,1.162939325919737e-10,1
peng_robinson,peng_robinson_0000736,liquid_single,7,1.0476001206979175e-10,1
peng_robinson,peng_robinson_0000737,vapor_single,7,1.1188541138214016e-09,1
peng_robinson,peng_robinson_0000746,liquid_single,7,1.2251811065873807e-10,1
peng_robinson,peng_robinson_0000747,vapor_triple,7,7.550628428862984e-12,1
peng_robinson,peng_robinson_0000756,liquid_triple,7,1.5757149436303383e-10,1
peng_robinson,peng_robinson_0000757,vapor_single,7,9.14691392110671e-10,1
peng_robinson,peng_robinson_0000766,liquid_single,7,1.6471099459455032e-10,1
peng_robinson,peng_robinson_0000767,vapor_single,7,1.693944175386483e-11,1
peng_robinson,peng_robinson_0000776,liquid_single,7,2.894916689134652e-10,1
peng_robinson,peng_robinson_0000777,vapor_triple,7,6.526927757918978e-16,1
peng_robinson,peng_robinson_0000786,liquid_triple,7,2.466191283475248e-10,1
peng_robinson,peng_robinson_0000787,vapor_single,7,5.873451648474895e-13,1
peng_robinson,peng_robinson_0000796,liquid_single,7,2.605813397313952e-10,1
peng_robinson,peng_robinson_0000797,vapor_single,7,1.7378151771601883e-11,1
peng_robinson,peng_robinson_0000806,liquid_single,7,2.0709674878588287e-10,1
peng_robinson,peng_robinson_0000807,vapor_triple,7,3.885126414828757e-14,1
peng_robinson,peng_robinson_0000816,liquid_triple,7,1.3416113399239097e-10,1
peng_robinson,peng_robinson_0000817,vapor_single,7,1.3907654775833386e-10,1
peng_robinson,peng_robinson_0000826,liquid_single,7,3.271030130715293e-10,1
peng_robinson,peng_robinson_0000827,vapor_single,7,4.9817411272583186e-11,1
peng_robinson,peng_robinson_0000836,liquid_single,7,2.2728517286359357e-10,1
peng_robinson,peng_robinson_0000837,vapor_triple,7,5.0286334586509226e-11,1
peng_robinson,peng_robinson_0000846,liquid_triple,7,1.0712510138015473e-10,1
peng_robinson,peng_robinson_0000847,vapor_single,7,9.957063623872844e-11,1
peng_robinson,peng_robinson_0000856,liquid_single,7,1.5729250224690664e-12,1
peng_robinson,peng_robinson_0000857,vapor_single,7,2.2957912315069816e-11,1
peng_robinson,peng_robinson_0000866,liquid_single,7,3.709992216221076e-11,1
peng_robinson,peng_robinson_0000867,vapor_triple,7,8.307558513570907e-15,1
peng_robinson,peng_robinson_0000876,liquid_triple,7,1.8489383731504735e-10,1
peng_robinson,peng_robinson_0000877,vapor_single,7,4.1385078618678116e-10,1
peng_robinson,peng_robinson_0000886,liquid_single,7,1.540553639467077e-09,1
peng_robinson,peng_robinson_0000887,vapor_single,7,2.374510306890324e-09,1
peng_robinson,peng_robinson_0000896,liquid_single,7,2.1787656258649045e-11,1
peng_robinson,peng_robinson_0000897,vapor_triple,7,1.0771406262381209e-13,1
peng_robinson,peng_robinson_0000906,liquid_triple,7,1.1942063707938373e-10,1
peng_robinson,peng_robinson_0000907,vapor_single,7,3.331184092140141e-11,1
peng_robinson,peng_robinson_0000916,liquid_single,7,1.981558251328849e-10,1
peng_robinson,peng_robinson_0000917,vapor_single,7,2.5072733077097785e-12,1
peng_robinson,peng_robinson_0000926,liquid_single,7,9.771495980450897e-10,1
peng_robinson,peng_robinson_0000927,vapor_triple,7,3.3724113973740758e-15,1
peng_robinson,peng_robinson_0000936,liquid_triple,7,1.1377799811545598e-10,1
peng_robinson,peng_robinson_0000937,vapor_single,7,3.2587207432815907e-12,1
peng_robinson,peng_robinson_0000946,liquid_single,7,7.877807513953785e-11,1
peng_robinson,peng_robinson_0000947,vapor_single,7,6.21348408034383e-11,1
peng_robinson,peng_robinson_0000956,liquid_single,7,1.418362152227817e-10,1
peng_robinson,peng_robinson_0000957,vapor_triple,7,1.9698965164430814e-11,1
peng_robinson,peng_robinson_0000966,liquid_triple,7,1.777262309772809e-10,1
peng_robinson,peng_robinson_0000967,vapor_single,7,5.889832155434639e-10,1
peng_robinson,peng_robinson_0000976,liquid_single,7,6.015147758930096e-12,1
peng_robinson,peng_robinson_0000977,vapor_single,7,3.660749384036815e-10,1
peng_robinson,peng_robinson_0000986,liquid_single,7,1.2216151648773856e-10,1
peng_robinson,peng_robinson_0000987,vapor_triple,7,3.1063089231543706e-11,1
peng_robinson,peng_robinson_0000996,liquid_triple,7,1.3187562865405665e-10,1
peng_robinson,peng_robinson_0000997,vapor_single,7,2.3865511379350623e-12,1
peng_robinson,peng_robinson_0001006,liquid_single,7,2.3682118842468032e-12,1
peng_robinson,peng_robinson_0001007,vapor_single,7,3.6242284498505337e-12,1
peng_robinson,peng_robinson_0001016,liquid_single,7,1.156450666023058e-11,1
peng_robinson,peng_robinson_0001017,vapor_triple,7,2.707197706748022e-12,1
peng_robinson,peng_robinson_0001026,liquid_triple,7,7.079668035757577e-10,1
peng_robinson,peng_robinson_0001027,vapor_single,7,1.4473459115800558e-10,1
peng_robinson,peng_robinson_0001036,liquid_single,7,1.5758927762420342e-12,1
peng_robinson,peng_robinson_0001037,vapor_single,7,5.1609594902289854e-11,1
peng_robinson,peng_robinson_0001046,liquid_single,7,4.309878627569515e-10,1
peng_robinson,peng_robinson_0001047,vapor_triple,7,3.835602685142145e-15,1
peng_robinson,peng_robinson_0001056,liquid_triple,7,1.0688785154759691e-07,1
peng_robinson,peng_robinson_0001057,vapor_single,7,2.0793637964377805e-12,1
peng_robinson,peng_robinson_0001066,liquid_single,7,1.6219528740084988e-11,1
peng_robinson,peng_robinson_0001067,vapor_single,7,3.625334472129036e-09,1
peng_robinson,peng_robinson_0001076,liquid_single,7,1.561538867194712e-10,1
peng_robinson,peng_robinson_0001077,vapor_triple,7,8.25973693000202e-14,1
peng_robinson,peng_robinson_0001086,liquid_triple,7,1.2751541360598272e-10,1
peng_robinson,peng_robinson_0001087,vapor_single,7,2.49609981910946e-12,1
peng_robinson,peng_robinson_0001096,liquid_single,7,2.4869531247910545e-10,1
peng_robinson,peng_robinson_0001097,vapor_single,7,6.181225221597986e-13,1
peng_robinson,peng_robinson_0001106,liquid_single,7,4.857421427504258e-12,1
peng_robinson,peng_robinson_0001107,vapor_triple,7,4.0707719934000955e-12,1
peng_robinson,peng_robinson_0001116,liquid_triple,7,1.603174919331916e-10,1
peng_robinson,peng_robinson_0001117,vapor_single,7,2.3017164491757365e-11,1
peng_robinson,peng_robinson_0001126,liquid_single,7,2.5932313275390054e-10,1
peng_robinson,peng_robinson_0001127,vapor_single,7,2.5779675601650772e-11,1
peng_robinson,peng_robinson_0001136,liquid_single,7,1.693577735763556e-11,1
peng_robinson,peng_robinson_0001137,vapor_triple,7,9.277404852208292e-14,1
peng_robinson,peng_robinson_0001146,liquid_triple,7,1.0076302987899029e-10,1
peng_robinson,peng_robinson_0001147,vapor_single,7,6.393657647260656e-10,1
peng_robinson,peng_robinson_0001156,liquid_single,7,1.539835535667036e-12,1
peng_robinson,peng_robinson_0001157,vapor_single,7,5.355785940026262e-10,1
peng_robinson,peng_robinson_0001166,liquid_single,7,1.726769063933122e-10,1
peng_robinson,peng_robinson_0001167,vapor_triple,7,1.413319600199279e-13,1
peng_robinson,peng_robinson_0001176,liquid_triple,7,1.3088219671662926e-10,1
peng_robinson,peng_robinson_0001177,vapor_single,7,4.7729787042864594e-12,1
peng_robinson,peng_robinson_0001186,liquid_single,7,1.939645163483862e-10,1
peng_robinson,peng_robinson_0001187,vapor_single,7,2.198050640445896e-12,1
peng_robinson,peng_robinson_0001196,liquid_single,7,7.374353690981898e-14,1
peng_robinson,peng_robinson_0001197,vapor_triple,7,1.3718521238226225e-13,1
peng_robinson,peng_robinson_0001206,liquid_triple,7,8.806689658980417e-10,1
peng_robinson,peng_robinson_0001207,vapor_single,7,1.6339832839063906e-13,1
peng_robinson,peng_robinson_0001216,liquid_single,7,1.4885653338333297e-10,1
peng_robinson,peng_robinson_0001217,vapor_single,7,2.5304359571860536e-12,1
peng_robinson,peng_robinson_0001226,liquid_single,7,1.5438164063152498e-10,1
peng_robinson,peng_robinson_0001227,vapor_triple,7,1.9217480390392545e-11,1
peng_robinson,peng_robinson_0001236,liquid_triple,7,1.0263514117595623e-10,1
peng_robinson,peng_robinson_0001237,vapor_single,7,2.567883135025222e-10,1
peng_robinson,peng_robinson_0001246,liquid_single,7,5.550132849930062e-12,1
peng_robinson,peng_robinson_0001247,vapor_single,7,2.2740212801011436e-12,1
peng_robinson,peng_robinson_0001256,liquid_single,7,4.799337816446849e-10,1
peng_robinson,peng_robinson_0001257,vapor_triple,6,1.7299565951871874e-07,1
peng_robinson,peng_robinson_0001266,liquid_triple,7,5.035756401953312e-10,1
peng_robinson,peng_robinson_0001267,vapor_single,7,7.527976343342996e-12,1
peng_robinson,peng_robinson_0001276,liquid_single,7,1.1436406234776004e-11,1
peng_robinson,peng_robinson_0001277,vapor_single,7,3.4216699622469464e-12,1
peng_robinson,peng_robinson_0001286,liquid_single,7,5.555982678000951e-10,1
peng_robinson,peng_robinson_0001287,vapor_triple,7,3.7872826488437004e-11,1
peng_robinson,peng_robinson_0001296,liquid_triple,7,4.955220333751869e-10,1
peng_robinson,peng_robinson_0001297,vapor_single,7,1.6400689288857142e-10,1
peng_robinson,peng_robinson_0001306,liquid_single,7,1.1283996841121208e-12,1
peng_robinson,peng_robinson_0001307,vapor_single,7,1.3806177414731998e-10,1
peng_robinson,peng_robinson_0001316,liquid_single,7,1.890185253798656e-10,1
peng_robinson,peng_robinson_0001317,vapor_triple,7,4.3072157548851315e-14,1
peng_robinson,peng_robinson_0001326,liquid_triple,7,2.1216358331159328e-10,1
peng_robinson,peng_robinson_0001327,vapor_single,7,1.5489768585039477e-11,1
peng_robinson,peng_robinson_0001336,liquid_single,7,1.156789940419351e-09,1
peng_robinson,peng_robinson_0001337,vapor_single,7,1.5411803700645382e-10,1
peng_robinson,peng_robinson_0001346,liquid_single,7,9.115168806992851e-11,1
peng_robinson,peng_robinson_0001347,vapor_triple,7,6.306347574968067e-14,1
peng_robinson,peng_robinson_0001356,liquid_triple,7,1.0792795779889122e-10,1
peng_robinson,peng_robinson_0001357,vapor_single,7,2.8852578722733173e-13,1
peng_robinson,peng_robinson_0001366,liquid_single,7,1.0351645370662196e-10,1
peng_robinson,peng_robinson_0001367,vapor_single,7,1.2290381440365284e-10,1
peng_robinson,peng_robinson_0001376,liquid_single,7,3.229830667711209e-10,1
peng_robinson,peng_robinson_0001377,vapor_triple,7,4.891782416038097e-12,1
peng_robinson,peng_robinson_0001386,liquid_triple,7,1.6254665424571534e-10,1
peng_robinson,peng_robinson_0001387,vapor_single,7,1.7025968122743306e-10,1
peng_robinson,peng_robinson_0001396,liquid_single,7,2.018446995632423e-12,1
peng_robinson,peng_robinson_0001397,vapor_single,7,3.766316165535715e-11,1
peng_robinson,peng_robinson_0001406,liquid_single,7,5.717338034590684e-12,1
peng_robinson,peng_robinson_0001407,vapor_triple,7,1.5810015072266342e-12,1
peng_robinson,peng_robinson_0001416,liquid_triple,7,1.2370605351636928e-10,1
peng_robinson,peng_robinson_0001417,vapor_single,7,4.5402011659888584e-10,1
peng_robinson,peng_robinson_0001426,liquid_single,7,1.5877105085945131e-09,1
peng_robinson,peng_robinson_0001427,vapor_single,7,2.19670312754404e-12,1
peng_robinson,peng_robinson_0001436,liquid_single,7,1.788629005998162e-10,1
peng_robinson,peng_robinson_0001437,vapor_triple,7,2.1423803832884025e-12,1
peng_robinson,peng_robinson_0001446,liquid_triple,7,1.4002648590578636e-10,1
peng_robinson,peng_robinson_0001447,vapor_single,7,1.4276681592436807e-10,1
peng_robinson,peng_robinson_0001456,liquid_single,7,4.050215177579146e-10,1
peng_robinson,peng_robinson_0001457,vapor_single,7,5.095880354038841e-10,1
peng_robinson,peng_robinson_0001466,liquid_single,7,3.792359793357201e-13,1
peng_robinson,peng_robinson_0001467,vapor_triple,7,2.9613988536353453e-15,1
peng_robinson,peng_robinson_0001476,liquid_triple,7,1.0118821971067231e-10,1
peng_robinson,peng_robinson_0001477,vapor_single,7,3.1930068292773574e-13,1
peng_robinson,peng_robinson_0001486,liquid_single,7,7.799055252510074e-11,1
peng_robinson,peng_robinson_0001487,vapor_single,7,1.2209172423081276e-10,1
peng_robinson,peng_robinson_0001496,liquid_single,7,2.347267293510951e-10,1
peng_robinson,peng_robinson_0001497,vapor_triple,7,1.4060265505561947e-14,1
peng_robinson,peng_robinson_0001506,liquid_triple,7,1.386913284301928e-10,1
peng_robinson,peng_robinson_0001507,vapor_single,7,1.0744101044475212e-13,1
peng_robinson,peng_robinson_0001516,liquid_single,7,1.0524146749116459e-11,1
peng_robinson,peng_robinson_0001517,vapor_single,7,2.1424316996075034e-11,1
peng_robinson,peng_robinson_0001526,liquid_single,7,1.2079844312677574e-10,1
peng_robinson,peng_robinson_0001527,vapor_triple,7,4.754222047660365e-15,1
peng_robinson,peng_robinson_0001536,liquid_triple,7,1.8257848363999426e-10,1
peng_robinson,peng_robinson_0001537,vapor_single,7,1.617821472466943e-10,1
peng_robinson,peng_robinson_0001546,liquid_single,7,6.35755068790599e-11,1
peng_robinson,peng_robinson_0001547,vapor_single,7,2.518545081864596e-10,1
peng_robinson,peng_robinson_0001556,liquid_single,7,1.2132745913468175e-10,1
peng_robinson,peng_robinson_0001557,vapor_triple,7,3.730910506317498e-14,1
peng_robinson,peng_robinson_0001566,liquid_triple,7,1.0310677190922511e-10,1
peng_robinson,peng_robinson_0001567,vapor_single,7,1.4708077803700462e-10,1
peng_robinson,peng_robinson_0001576,liquid_single,7,1.2147699944133408e-12,1
peng_robinson,peng_robinson_0001577,vapor_single,7,2.093664104295298e-12,1
peng_robinson,peng_robinson_0001586,liquid_single,7,1.323121289958335e-10,1
peng_robinson,peng_robinson_0001587,vapor_triple,7,3.655984199590273e-14,1
peng_robinson,peng_robinson_0001596,liquid_triple,7,2.1015438823912196e-10,1
peng_robinson,peng_robinson_0001597,vapor_single,7,2.7028696839929213e-11,1
peng_robinson,peng_robinson_0001606,liquid_single,7,4.202666570072164e-10,1
peng_robinson,peng_robinson_0001607,vapor_single,7,6.524639997614267e-10,1
peng_robinson,peng_robinson_0001616,liquid_single,7,1.3763607262731386e-12,1
peng_robinson,peng_robinson_0001617,vapor_triple,7,5.435984344293674e-13,1
peng_robinson,peng_robinson_0001626,liquid_triple,7,1.2524200150303664e-10,1
peng_robinson,peng_robinson_0001627,vapor_single,7,1.719164053737527e-10,1
peng_robinson,peng_robinson_0001636,liquid_single,7,2.1713962385703197e-12,1
peng_robinson,peng_robinson_0001637,vapor_single,7,1.7213652217187793e-10,1
peng_robinson,peng_robinson_0001646,liquid_single,7,1.8018806382152907e-12,1
peng_robinson,peng_robinson_0001647,vapor_triple,7,2.4176488787900276e-11,1
peng_robinson,peng_robinson_0001656,liquid_triple,7,1.2273646358520235e-10,1
peng_robinson,peng_robinson_0001657,vapor_single,7,1.1843596838829124e-11,1
peng_robinson,peng_robinson_0001666,liquid_single,7,1.6306372305606646e-11,1
peng_robinson,peng_robinson_0001667,vapor_single,7,4.338865451902581e-10,1
peng_robinson,peng_robinson_0001676,liquid_single,7,1.1924059943016658e-10,1
peng_robinson,peng_robinson_0001677,vapor_triple,7,2.71019077763719e-10,1
peng_robinson,peng_robinson_0001686,liquid_triple,7,1.0503322712013174e-10,1
peng_robinson,peng_robinson_0001687,vapor_single,7,7.862062006382607e-14,1
peng_robinson,peng_robinson_0001696,liquid_single,7,4.4862048145179045e-13,1
peng_robinson,peng_robinson_0001697,vapor_single,7,8.518250568483309e-11,1
peng_robinson,peng_robinson_0001706,liquid_single,7,4.949108575739005e-10,1
peng_robinson,peng_robinson_0001707,vapor_triple,7,6.392876470213492e-14,1
peng_robinson,peng_robinson_0001716,liquid_triple,7,1.0298106625468411e-10,1
peng_robinson,peng_robinson_0001717,vapor_single,7,1.2265002310657835e-10,1
peng_robinson,peng_robinson_0001726,liquid_single,7,8.461929387820132e-13,1
peng_robinson,peng_robinson_0001727,vapor_single,7,1.174840151894511e-10,1
peng_robinson,peng_robinson_0001736,liquid_single,7,4.3063327801317495e-10,1
peng_robinson,peng_robinson_0001737,vapor_triple,7,1.833079034959745e-12,1
peng_robinson,peng_robinson_0001746,liquid_triple,7,1.744538957484196e-10,1
peng_robinson,peng_robinson_0001747,vapor_single,7,3.87223843547609e-10,1
peng_robinson,peng_robinson_0001756,liquid_single,7,1.0981716737447396e-11,1
peng_robinson,peng_robinson_0001757,vapor_single,7,1.4316662051266627e-10,1
peng_robinson,peng_robinson_0001766,liquid_single,7,2.378192735905513e-12,1
peng_robinson,peng_robinson_0001767,vapor_triple,7,7.580650344869985e-13,1
peng_robinson,peng_robinson_0001776,liquid_triple,7,1.0082156651222947e-10,1
peng_robinson,peng_robinson_0001777,vapor_single,7,6.199445998942529e-10,1
peng_robinson,peng_robinson_0001786,liquid_single,7,1.2212175143301597e-10,1
peng_robinson,peng_robinson_0001787,vapor_single,7,4.6085016707574774e-10,1
peng_robinson,peng_robinson_0001796,liquid_single,7,1.1125865144539671e-11,1
peng_robinson,peng_robinson_0001797,vapor_triple,7,1.1185638340882524e-14,1
peng_robinson,peng_robinson_0001806,liquid_triple,7,1.0904105210078404e-10,1
peng_robinson,peng_robinson_0001807,vapor_single,7,3.253547397733125e-11,1
peng_robinson,peng_robinson_0001816,liquid_single,7,1.1904004241884444e-13,1
peng_robinson,peng_robinson_0001817,vapor_single,7,1.656920102219858e-10,1
peng_robinson,peng_robinson_0001826,liquid_single,7,4.97002854611695e-10,1
peng_robinson,peng_robinson_0001827,vapor_triple,7,6.582816879607189e-16,1
peng_robinson,peng_robinson_0001836,liquid_triple,7,4.820356725509155e-10,1
peng_robinson,peng_robinson_0001837,vapor_single,7,2.0069273926183338e-13,1
peng_robinson,peng_robinson_0001846,liquid_single,7,8.706911359031412e-13,1
peng_robinson,peng_robinson_0001847,vapor_single,7,2.7077911339465096e-12,1
peng_robinson,peng_robinson_0001856,liquid_single,7,7.764513018368867e-13,1
peng_robinson,peng_robinson_0001857,vapor_triple,7,1.1062399765151831e-13,1
peng_robinson,peng_robinson_0001866,liquid_triple,7,1.0542165694412048e-10,1
peng_robinson,peng_robinson_0001867,vapor_single,7,2.7079440536392507e-10,1
peng_robinson,peng_robinson_0001876,liquid_single,7,4.1632426191458105e-10,1
peng_robinson,peng_robinson_0001877,vapor_single,7,5.812329764629852e-10,1
peng_robinson,peng_robinson_0001886,liquid_single,7,1.3640245038961496e-12,1
peng_robinson,peng_robinson_0001887,vapor_triple,7,5.913026782224606e-12,1
peng_robinson,peng_robinson_0001896,liquid_triple,7,1.220765005948563e-10,1
peng_robinson,peng_robinson_0001897,vapor_single,7,7.123702691762298e-10,1
peng_robinson,peng_robinson_0001906,liquid_single,7,5.575236510363307e-11,1
peng_robinson,peng_robinson_0001907,vapor_single,7,4.5351888750452096e-10,1
peng_robinson,peng_robinson_0001916,liquid_single,7,3.2984649927034783e-10,1
peng_robinson,peng_robinson_0001917,vapor_triple,7,6.910423752702939e-15,1
peng_robinson,peng_robinson_0001926,liquid_triple,7,1.7925558724258532e-10,1
peng_robinson,peng_robinson_0001927,vapor_single,7,2.559350517559422e-10,1
peng_robinson,peng_robinson_0001936,liquid_single,7,3.1678964105360983e-10,1
peng_robinson,peng_robinson_0001937,vapor_single,7,5.598617514511019e-13,1
peng_robinson,peng_robinson_0001946,liquid_single,7,2.539589234930933e-10,1
peng_robinson,peng_robinson_0001947,vapor_triple,7,4.4538462138544435e-12,1
peng_robinson,peng_robinson_0001956,liquid_triple,7,1.4118320837888567e-10,1
peng_robinson,peng_robinson_0001957,vapor_single,7,1.2584601012272855e-12,1
peng_robinson,peng_robinson_0001966,liquid_single,7,1.1580516097532718e-09,1
peng_robinson,peng_robinson_0001967,vapor_single,7,1.594345073390648e-10,1
peng_robinson,peng_robinson_0001976,liquid_single,7,2.4351324427002574e-13,1
peng_robinson,peng_robinson_0001977,vapor_triple,7,4.3362298451300065e-15,1
peng_robinson,peng_robinson_0001986,liquid_triple,7,1.6125474042527415e-09,1
peng_robinson,peng_robinson_0001987,vapor_single,7,3.9497777777666425e-10,1
peng_robinson,peng_robinson_0001996,liquid_single,7,4.6424974597643163e-10,1
peng_robinson,peng_robinson_0001997,vapor_single,7,1.4393626490180335e-10,1
peng_robinson,peng_robinson_0002006,liquid_single,7,1.9081629085822972e-12,1
peng_robinson,peng_robinson_0002007,vapor_triple,7,7.136254044510305e-11,1
peng_robinson,peng_robinson_0002016,liquid_triple,7,1.0098859252923271e-10,1
peng_robinson,peng_robinson_0002017,vapor_single,7,1.075659137806823e-12,1
peng_robinson,peng_robinson_0002026,liquid_single,7,7.642451805881142e-12,1
peng_robinson,peng_robinson_0002027,vapor_single,7,2.5417115693758258e-08,1
peng_robinson,peng_robinson_0002036,liquid_single,7,7.672683715087911e-14,1
peng_robinson,peng_robinson_0002037,vapor_triple,7,1.3688898542097452e-15,1
peng_robinson,peng_robinson_0002046,liquid_triple,7,1.2318841886948934e-10,1
peng_robinson,peng_robinson_0002047,vapor_single,7,1.2919996353744405e-10,1
peng_robinson,peng_robinson_0002056,liquid_single,7,2.720082071768941e-10,1
peng_robinson,peng_robinson_0002057,vapor_single,7,6.08625723285437e-13,1
peng_robinson,peng_robinson_0002066,liquid_single,7,1.7591405258258403e-12,1
peng_robinson,peng_robinson_0002067,vapor_triple,7,5.8407154397198266e-15,1
peng_robinson,peng_robinson_0002076,liquid_triple,7,1.3454544063106958e-10,1
peng_robinson,peng_robinson_0002077,vapor_single,7,1.6285626397588958e-10,1
peng_robinson,peng_robinson_0002086,liquid_single,7,1.1275911500953016e-12,1
peng_robinson,peng_robinson_0002087,vapor_single,7,1.3020907242731707e-10,1
peng_robinson,peng_robinson_0002096,liquid_single,7,2.787265750183641e-12,1
peng_robinson,peng_robinson_0002097,vapor_triple,7,1.4618030050295502e-10,1
peng_robinson,peng_robinson_0002106,liquid_triple,7,2.7766969056302565e-10,1
peng_robinson,peng_robinson_0002107,vapor_single,7,6.146764057737449e-14,1
peng_robinson,peng_robinson_0002116,liquid_single,7,1.5240909637874164e-10,1
peng_robinson,peng_robinson_0002117,vapor_single,7,3.146845860207508e-10,1
peng_robinson,peng_robinson_0002126,liquid_single,7,1.4177975224903344e-11,1
peng_robinson,peng_robinson_0002127,vapor_triple,7,6.938820102624344e-13,1
peng_robinson,peng_robinson_0002136,liquid_triple,7,3.255702061502429e-10,1
peng_robinson,peng_robinson_0002137,vapor_single,7,1.795726529312177e-10,1
peng_robinson,peng_robinson_0002146,liquid_single,7,5.130132371642767e-10,1
peng_robinson,peng_robinson_0002147,vapor_single,7,1.5156063357188237e-10,1
peng_robinson,peng_robinson_0002156,liquid_single,7,3.2508532181516134e-13,1
peng_robinson,peng_robinson_0002157,vapor_triple,7,7.00986608519915e-10,1
peng_robinson,peng_robinson_0002166,liquid_triple,7,3.6956888103474326e-10,1
peng_robinson,peng_robinson_0002167,vapor_single,7,1.8542520821500645e-10,1
peng_robinson,peng_robinson_0002176,liquid_single,7,3.641409337757925e-13,1
peng_robinson,peng_robinson_0002177,vapor_single,7,2.825200999733381e-12,1
peng_robinson,peng_robinson_0002186,liquid_single,7,1.7915555049624504e-10,1
peng_robinson,peng_robinson_0002187,vapor_triple,7,1.3633978531458243e-14,1
peng_robinson,peng_robinson_0002196,liquid_triple,7,5.339207715518931e-10,1
peng_robinson,peng_robinson_0002197,vapor_single,7,8.977371134678389e-11,1
peng_robinson,peng_robinson_0002206,liquid_single,7,1.3644258261805692e-10,1
peng_robinson,peng_robinson_0002207,vapor_single,7,1.113321932060639e-10,1
peng_robinson,peng_robinson_0002216,liquid_single,7,9.295659930394239e-14,1
peng_robinson,peng_robinson_0002217,vapor_triple,7,9.144623864769181e-14,1
peng_robinson,peng_robinson_0002226,liquid_triple,7,1.0173821089103824e-10,1
peng_robinson,peng_robinson_0002227,vapor_single,7,3.099272283816742e-10,1
peng_robinson,peng_robinson_0002236,liquid_single,7,1.880278929974984e-12,1
peng_robinson,peng_robinson_0002237,vapor_single,7,5.222904878830345e-10,1
peng_robinson,peng_robinson_0002246,liquid_single,7,5.552416493881154e-12,1
peng_robinson,peng_robinson_0002247,vapor_triple,7,4.6151932282857384e-11,1
peng_robinson,peng_robinson_0002256,liquid_triple,7,1.0447025764284805e-10,1
peng_robinson,peng_robinson_0002257,vapor_single,7,3.556095990223125e-13,1
peng_robinson,peng_robinson_0002266,liquid_single,7,9.81078639074018e-10,1
peng_robinson,peng_robinson_0002267,vapor_single,7,1.2798433935149415e-09,1
peng_robinson,peng_robinson_0002276,liquid_single,7,1.0099911587040382e-12,1
peng_robinson,peng_robinson_0002277,vapor_triple,7,2.2810131970574784e-13,1
peng_robinson,peng_robinson_0002286,liquid_triple,7,1.299611402146715e-10,1
peng_robinson,peng_robinson_0002287,vapor_single,7,1.436851626034613e-10,1
peng_robinson,peng_robinson_0002296,liquid_single,7,4.742999328607396e-11,1
peng_robinson,peng_robinson_0002297,vapor_single,7,1.3168516817878476e-10,1
peng_robinson,peng_robinson_0002306,liquid_single,7,1.8482249128323487e-10,1
peng_robinson,peng_robinson_0002307,vapor_triple,7,1.645745252636749e-11,1
peng_robinson,peng_robinson_0002316,liquid_triple,7,1.0266079478189032e-10,1
peng_robinson,peng_robinson_0002317,vapor_single,7,3.709064483901895e-11,1
peng_robinson,peng_robinson_0002326,liquid_single,7,1.2619427115963388e-12,1
peng_robinson,peng_robinson_0002327,vapor_single,7,5.157376755962395e-09,1
peng_robinson,peng_robinson_0002336,liquid_single,7,3.130664899228498e-12,1
peng_robinson,peng_robinson_0002337,vapor_triple,7,9.898131343966326e-15,1
peng_robinson,peng_robinson_0002346,liquid_triple,7,1.0174811272120007e-10,1
peng_robinson,peng_robinson_0002347,vapor_single,7,1.2109409418822272e-10,1
peng_robinson,peng_robinson_0002356,liquid_single,7,1.1929633822743813e-10,1
peng_robinson,peng_robinson_0002357,vapor_single,7,1.3368591861703622e-10,1
peng_robinson,peng_robinson_0002366,liquid_single,7,1.2985354902795793e-10,1
peng_robinson,peng_robinson_0002367,vapor_triple,7,6.976116459187857e-12,1
peng_robinson,peng_robinson_0002376,liquid_triple,7,1.0292411094760202e-10,1
peng_robinson,peng_robinson_0002377,vapor_single,7,1.81538900097554e-09,1
peng_robinson,peng_robinson_0002386,liquid_single,7,2.2804702767988624e-10,1
peng_robinson,peng_robinson_0002387,vapor_single,7,3.238903189773373e-13,1
peng_robinson,peng_robinson_0002396,liquid_single,7,6.610507440717931e-11,1
peng_robinson,peng_robinson_0002397,vapor_triple,7,4.310688930836851e-13,1
peng_robinson,peng_robinson_0002406,liquid_triple,7,1.023715504543329e-10,1
peng_robinson,peng_robinson_0002407,vapor_single,7,9.437336472483388e-13,1
peng_robinson,peng_robinson_0002416,liquid_single,7,3.6981358959320494e-10,1
peng_robinson,peng_robinson_0002417,vapor_single,7,8.238536643742732e-12,1
peng_robinson,peng_robinson_0002426,liquid_single,7,3.605649553203918e-13,1
peng_robinson,peng_robinson_0002427,vapor_triple,7,1.7278745853784605e-12,1
peng_robinson,peng_robinson_0002436,liquid_triple,7,1.0283783327721842e-10,1
peng_robinson,peng_robinson_0002437,vapor_single,7,8.342661503477652e-11,1
peng_robinson,peng_robinson_0002446,liquid_single,7,5.889356614712587e-11,1
peng_robinson,peng_robinson_0002447,vapor_single,7,1.4652933113136078e-09,1
peng_robinson,peng_robinson_0002456,liquid_single,7,1.4299891734283156e-10,1
peng_robinson,peng_robinson_0002457,vapor_triple,7,7.718921704172483e-16,1
peng_robinson,peng_robinson_0002466,liquid_triple,7,1.1317476905795085e-10,1
peng_robinson,peng_robinson_0002467,vapor_single,7,4.845764610542688e-10,1
peng_robinson,peng_robinson_0002476,liquid_single,7,1.0043590380974083e-11,1
peng_robinson,peng_robinson_0002477,vapor_single,7,3.920843627934238e-14,1
peng_robinson,peng_robinson_0002486,liquid_single,7,1.9447196685515633e-12,1
peng_robinson,peng_robinson_0002487,vapor_triple,7,5.1357407079556794e-14,1
peng_robinson,peng_robinson_0002496,liquid_triple,7,7.285505182584584e-09,1
peng_robinson,peng_robinson_0002497,vapor_single,7,4.5597964305932813e-10,1
peng_robinson,peng_robinson_0002506,liquid_single,7,2.2937776746436084e-10,1
peng_robinson,peng_robinson_0002507,vapor_single,7,2.645780533206569e-12,1
peng_robinson,peng_robinson_0002516,liquid_single,7,8.783278147406984e-10,1
peng_robinson,peng_robinson_0002517,vapor_triple,7,4.0585850302907193e-13,1
peng_robinson,peng_robinson_0002526,liquid_triple,7,1.4891995298204008e-10,1
peng_robinson,peng_robinson_0002527,vapor_single,7,7.084108396099256e-12,1
peng_robinson,peng_robinson_0002536,liquid_single,7,2.1592025788646168e-10,1
peng_robinson,peng_robinson_0002537,vapor_single,7,3.351403969865716e-10,1
peng_robinson,peng_robinson_0002546,liquid_single,7,3.5833738716482613e-10,1
peng_robinson,peng_robinson_0002547,vapor_triple,7,6.486534185305674e-11,1
peng_robinson,peng_robinson_0002556,liquid_triple,7,2.0325007162431838e-10,1
peng_robinson,peng_robinson_0002557,vapor_single,7,1.1238866223747693e-10,1
peng_robinson,peng_robinson_0002566,liquid_single,7,1.4531719665706578e-10,1
peng_robinson,peng_robinson_0002567,vapor_single,7,5.241349768732131e-10,1
peng_robinson,peng_robinson_0002576,liquid_single,7,1.2434807202854634e-12,1
peng_robinson,peng_robinson_0002577,vapor_triple,7,9.383328878648512e-13,1
peng_robinson,peng_robinson_0002586,liquid_triple,7,1.051346398437362e-10,1
peng_robinson,peng_robinson_0002587,vapor_single,7,1.408574257080942e-10,1
peng_robinson,peng_robinson_0002596,liquid_single,7,2.0906189163932415e-12,1
peng_robinson,peng_robinson_0002597,vapor_single,7,1.7978810649542461e-10,1
peng_robinson,peng_robinson_0002606,liquid_single,7,5.852145693069113e-10,1
peng_robinson,peng_robinson_0002607,vapor_triple,7,6.601303246026202e-16,1
peng_robinson,peng_robinson_0002616,liquid_triple,6,1.045737768519808e-10,1
peng_robinson,peng_robinson_0002617,vapor_single,7,1.3662722412103968e-10,1
peng_robinson,peng_robinson_0002626,liquid_single,7,1.6652192160250715e-13,1
peng_robinson,peng_robinson_0002627,vapor_single,7,3.5952326952751938e-12,1
peng_robinson,peng_robinson_0002636,liquid_single,7,5.975165697326037e-13,1
peng_robinson,peng_robinson_0002637,vapor_triple,5,2.5895142223653943e-14,1
peng_robinson,peng_robinson_0002646,liquid_triple,7,1.3686168518685195e-10,1
peng_robinson,peng_robinson_0002647,vapor_single,7,6.635696871391217e-12,1
peng_robinson,peng_robinson_0002656,liquid_single,7,2.2106831408929388e-10,1
peng_robinson,peng_robinson_0002657,vapor_single,7,2.0583220107909048e-11,1
peng_robinson,peng_robinson_0002666,liquid_single,7,1.263465621276651e-10,1
peng_robinson,peng_robinson_0002667,vapor_triple,7,3.852751792661374e-15,1
peng_robinson,peng_robinson_0002676,liquid_triple,7,1.1602963763310709e-10,1
peng_robinson,peng_robinson_0002677,vapor_single,7,1.461548034375634e-10,1
peng_robinson,peng_robinson_0002686,liquid_single,7,5.76069090628779e-12,1
peng_robinson,peng_robinson_0002687,vapor_single,7,2.983065275014933e-10,1
peng_robinson,peng_robinson_0002696,liquid_single,7,2.705002998347933e-10,1
peng_robinson,peng_robinson_0002697,vapor_triple,7,5.507254998714568e-13,1
peng_robinson,peng_robinson_0002706,liquid_triple,7,1.1989231846923133e-10,1
peng_robinson,peng_robinson_0002707,vapor_single,7,6.030477087190696e-13,1
peng_robinson,peng_robinson_0002716,liquid_single,7,3.5986093696378774e-10,1
peng_robinson,peng_robinson_0002717,vapor_single,7,1.950533067836747e-10,1
peng_robinson,peng_robinson_0002726,liquid_single,7,1.6851544201377294e-10,1
peng_robinson,peng_robinson_0002727,vapor_triple,7,6.704589897400098e-14,1
peng_robinson,peng_robinson_0002736,liquid_triple,7,1.0875313647900156e-10,1
peng_robinson,peng_robinson_0002737,vapor_single,7,1.682531305719451e-10,1
peng_robinson,peng_robinson_0002746,liquid_single,7,2.7489632286616045e-10,1
peng_robinson,peng_robinson_0002747,vapor_single,7,3.370009856027519e-13,1
peng_robinson,peng_robinson_0002756,liquid_single,7,3.0231805970891617e-13,1
peng_robinson,peng_robinson_0002757,vapor_triple,7,3.621341124235512e-13,1
peng_robinson,peng_robinson_0002766,liquid_triple,7,9.680507593188198e-09,1
peng_robinson,peng_robinson_0002767,vapor_single,7,9.629781581137503e-12,1
peng_robinson,peng_robinson_0002776,liquid_single,7,7.70794634831781e-13,1
peng_robinson,peng_robinson_0002777,vapor_single,7,8.018090271761798e-10,1
peng_robinson,peng_robinson_0002786,liquid_single,7,8.75386773238095e-11,1
peng_robinson,peng_robinson_0002787,vapor_triple,7,1.3667567293037798e-12,1
peng_robinson,peng_robinson_0002796,liquid_triple,7,1.9229802125609332e-10,1
peng_robinson,peng_robinson_0002797,vapor_single,7,3.909982468895466e-10,1
peng_robinson,peng_robinson_0002806,liquid_single,7,9.467181848347648e-12,1
peng_robinson,peng_robinson_0002807,vapor_single,7,1.52291986995562e-11,1
peng_robinson,peng_robinson_0002816,liquid_single,7,1.315992712422219e-10,1
peng_robinson,peng_robinson_0002817,vapor_triple,7,2.6714929283562716e-11,1
peng_robinson,peng_robinson_0002826,liquid_triple,7,1.614380089373059e-10,1
peng_robinson,peng_robinson_0002827,vapor_single,7,1.4952738506114853e-10,1
peng_robinson,peng_robinson_0002836,liquid_single,7,2.0472645013108647e-10,1
peng_robinson,peng_robinson_0002837,vapor_single,7,3.677891130177773e-12,1
peng_robinson,peng_robinson_0002846,liquid_single,7,9.133809295658901e-10,1
peng_robinson,peng_robinson_0002847,vapor_triple,7,1.3680446692542224e-13,1
peng_robinson,peng_robinson_0002856,liquid_triple,6,1.0154539646908745e-10,1
peng_robinson,peng_robinson_0002857,vapor_single,7,1.7654623429005348e-12,1
peng_robinson,peng_robinson_0002866,liquid_single,7,1.704309294957608e-10,1
peng_robinson,peng_robinson_0002867,vapor_single,7,5.699017425905635e-11,1
peng_robinson,peng_robinson_0002876,liquid_single,7,4.0894518473942486e-12,1
peng_robinson,peng_robinson_0002877,vapor_triple,7,2.8756308032469504e-13,1
peng_robinson,peng_robinson_0002886,liquid_triple,7,1.0356425617329077e-10,1
peng_robinson,peng_robinson_0002887,vapor_single,7,8.592206934557178e-12,1
peng_robinson,peng_robinson_0002896,liquid_single,7,1.559698473306212e-10,1
peng_robinson,peng_robinson_0002897,vapor_single,7,7.764842786814645e-10,1
peng_robinson,peng_robinson_0002906,liquid_single,7,4.2402217454704595e-13,1
peng_robinson,peng_robinson_0002907,vapor_triple,7,2.3342924523778526e-14,1
peng_robinson,peng_robinson_0002916,liquid_triple,7,1.5706050127079587e-10,1
peng_robinson,peng_robinson_0002917,vapor_single,7,6.694115648521324e-10,1
peng_robinson,peng_robinson_0002926,liquid_single,7,3.871805149982591e-12,1
peng_robinson,peng_robinson_0002927,vapor_single,7,1.8178766222186014e-09,1
peng_robinson,peng_robinson_0002936,liquid_single,7,2.661044360913655e-10,1
peng_robinson,peng_robinson_0002937,vapor_triple,7,4.843078505524465e-09,1
peng_robinson,peng_robinson_0002946,liquid_triple,7,1.313546792359918e-10,1
peng_robinson,peng_robinson_0002947,vapor_single,7,5.35555868549359e-10,1
peng_robinson,peng_robinson_0002956,liquid_single,7,1.4151914015538662e-12,1
peng_robinson,peng_robinson_0002957,vapor_single,7,1.179535409453659e-11,1
peng_robinson,peng_robinson_0002966,liquid_single,7,2.1509266839531726e-10,1
peng_robinson,peng_robinson_0002967,vapor_triple,7,3.863275229018575e-15,1
peng_robinson,peng_robinson_0002976,liquid_triple,7,2.0903713096142682e-10,1
peng_robinson,peng_robinson_0002977,vapor_single,7,1.4020558444668288e-12,1
peng_robinson,peng_robinson_0002986,liquid_single,7,2.431537654966665e-10,1
peng_robinson,peng_robinson_0002987,vapor_single,7,4.3613046043246456e-10,1
peng_robinson,peng_robinson_0002996,liquid_single,7,4.733623494701735e-10,1
peng_robinson,peng_robinson_0002997,vapor_triple,7,9.354737593853342e-15,1
