domain,sample_id,split,branch,p0,p1,p2,p3,p4,p5,root,gradient,residual,root_count,status
cstr,cstrfold_0000000,dev,single,0.01881235095289423692719824012773325530702826337358982153,87.96059416886868,20.83289681228348,0,0,0,0.9999974267099249129988444073131372154153267225826452971,0.0001367917088022969443871824395320798768065148998610327768,1.054219794323052322434857405127001900770996138236850755e-81,1,ROOT_OK
cstr,cstrfold_0000001,dev,single,0.01742603401696660246407608115587313862199188157058542447,19.173603344487137,23.461000033361547,0,0,0,0.9984896489955777753209369052275583444182620041683732438,0.08716596706056328482464692224914884047846238938055758104,0.0,1,ROOT_OK
cstr,cstrfold_0000002,dev,single,0.005265081617236123288902750307696668532544111241046676469,27.863365926991484,73.61187420923837,0,0,0,0.9999996834871440035119595933620684069475017398520836166,0.00006011555657264140660413809460261812312197326302228482284,1.054219794323052322434857405127001900770996138236850755e-81,1,ROOT_OK
cstr,cstrfold_0000003,dev,low_triple,0.00000209842660025876763197507569831437611839454807004119963,89.12384998727312,20.42078577117012,0,0,0,0.000002098512122814289828457906512404887181442176297367087684,1.000081513592878063801906095300319517031435692499223961,3.508382219571803459519079590731798012667148708335222621e-83,3,ROOT_OK
cstr,cstrfold_0000004,dev,single,0.0004469587977321030788986152107028753316322205053315601673,18.662196824582665,22.182652190265685,0,0,0,0.0004512491386404051283770887898278655866117905096479605731,1.019331252657937365929222110602403006797109774432243108,1.132462669682966361990569478163771573093843507871617022e-83,1,ROOT_OK
cstr,cstrfold_0000005,dev,single,0.00000003084359804521798035380943919701628789050164766679482424,27.37804212007559,73.28315248313054,0,0,0,0.0000000308436668103958374908783788817737677423009514911777775,1.000004458966807579336873390642004561800377482825662749,6.170270209275935962399767087839248970015560543005356155e-83,1,ROOT_OK
cstr,cstrfold_0000006,cal,single,0.01972467600180403320974215479522677112248267652564358667,88.05646700933963,19.922425484911887,0,0,0,0.9999955416843786300700112765753090347762612681478432202,0.0002260396624596893430979604419734808665835243115442098652,0.0,1,ROOT_OK
cstr,cstrfold_0000007,cal,single,0.01826215940707138923957858106240772580735388450764825158,19.929704062035793,22.396442801907614,0,0,0,0.9985510590297328892619564688239362134254651371520011444,0.07980039235062497228082916994922100465749532795168602805,0.0,1,ROOT_OK
cstr,cstrfold_0000008,test,single,0.005058659500567579446086945651614667963889632793567877329,28.315835105294923,76.52268791439404,0,0,0,0.9999997910888758591421149887513652377318930164928870237,0.00004129776358807338622882604406676222153156406872756922588,0.0,1,ROOT_OK
cstr,cstrfold_0000009,test,single,0.000001735911658894699369957887900869102464847413148876662421,87.70807391591487,20.795252147802778,0,0,0,0.000001735971312741895511765331475967111350984478540700245897,1.000068730882931603818986823803292631641918438482095252,2.808233956816816088700336174011937817796274579356357125e-83,1,ROOT_OK
cstr,cstrfold_0000010,dev,middle_triple,0.0003482276441390262047542262488073326538747348273149330375,19.887832270754906,22.052761410854657,0,0,0,0.7968685200851098929383579505159120764240597826778142747,-76136.93965412146621139472138302831435389946593015167662,1.054219794323052322434857405127001900770996138236850755e-81,3,ROOT_OK
cstr,cstrfold_0000011,dev,single,0.00000001180821965479087798796007932884388728867678651852437415,28.665012157974747,77.63369316512296,0,0,0,0.00000001180823034015134784942163034071467173855867361220690875,1.00000180981856041001520660869045103538979638549344045,5.612793555356726135030211224631007507999295069405918662e-83,1,ROOT_OK
cstr,cstrfold_0000012,dev,high_triple,0.01858202317186184954288302283303505667707040362567281863,83.93805865717573,21.09019543204643,0,0,0,0.9999974248083283001211821247972474990791442211480096202,0.0001385895578018239211288296035624581303142637890365064966,0.0,3,ROOT_OK
cstr,cstrfold_0000013,dev,low_triple,0.0173285921584447733475821371397221654158164108127891421,18.46131598118909,23.6275803183055,0,0,0,0.04855938090068472353151622816228938106493184541349167183,82.33431851411462538594668998047742154604203701796900988,6.588873714519077015217858782043761879818725863980317219e-83,3,ROOT_OK
cstr,cstrfold_0000014,dev,single,0.005298166435450308788204160858167921993286444228819057824,27.93952391067083,73.15554701711987,0,0,0,0.9999996871416094731274639301178424634380564883986548725,0.00005905039854361091262059817348157265942961868981039629821,1.054219794323052322434857405127001900770996138236850755e-81,1,ROOT_OK
cstr,cstrfold_0000015,dev,middle_triple,0.000002721988098728314088534135241607973042293873102635898846,89.48472473041159,19.991450993619278,0,0,0,0.9205803351662034727704977766977943395816052925636226152,-4884021.774704151464022601749190035648511414511720090911,0.0,3,ROOT_OK
cstr,cstrfold_0000016,cal,single,0.0004585249538880080547171581377597171190321383609867362282,18.870582023033414,21.83715923959391,0,0,0,0.0004629671563545253849215633979954536627551905056743505448,1.019511924229271261965086667929517515347766895249837345,3.809192616206341399422824608369049836770200890113620892e-83,1,ROOT_OK
cstr,cstrfold_0000017,cal,single,0.00000001919583166070481882080949216715458983355165186552607063,28.289614621790395,73.8158116209766,0,0,0,0.0000000191958584919265627484039304540476455286525354168868665,1.000002795528702586605511518876684895696348600376251772,6.893498280412412676744297090659159840645344069203307063e-84,1,ROOT_OK
cstr,cstrfold_0000018,test,single,0.01914757753601938321020473048609769813278165449064040577,85.27336221773875,20.506512472008154,0,0,0,0.9999965443267730901940413633134587782512372570958540859,0.0001804834279747368308837356901659762902732317937151079509,0.0,1,ROOT_OK
cstr,cstrfold_0000019,test,single,0.01724815796949366707545454350822088704033620060976100734,18.739370425445465,23.724769870602753,0,0,0,0.9983445153186520011748214177304752549809569721044514548,0.09656019302429233423501636730825424761715075864594330369,1.054219794323052322434857405127001900770996138236850755e-81,1,ROOT_OK
cstr,cstrfold_0000020,dev,high_triple,0.005175202129458403321427678706147789477014158128072968154,27.650358043231883,74.88475265250776,0,0,0,0.9999996719450047886204125253963948582056369389916925206,0.0000633898861237022012005123650430178249246774952379960027,1.054219794323052322434857405127001900770996138236850755e-81,3,ROOT_OK
cstr,cstrfold_0000021,dev,single,0.000001641146475556744152909073053064274238086999557393499504,85.91335693922053,20.98151103918236,0,0,0,0.000001641200295616879996675208623780479715069602700876798555,1.000065589966853752104407171906437573066475440699005423,3.67427030595114423520129191663469423919456719093360402e-83,1,ROOT_OK
cstr,cstrfold_0000022,dev,low_triple,0.0003749433223707011932126413649807621855932437828561653393,19.474212952494735,22.13468245874872,0,0,0,0.0003779489149367075918290778977570831026656486549054351258,1.016125317687976054383227649487997617682641881454656079,3.500339160838259664334487477960748498653698115239543522e-83,3,ROOT_OK
cstr,cstrfold_0000023,dev,single,0.00000004565623545149808906124160053775259464661137835618988459,26.40638197110943,74.25320638264552,0,0,0,0.00000004565638814795483934605592180279009835683276596272617757,1.000006688980302443778411005295583023047559259971065279,4.093420487842580842848336356004114420653334231908037023e-83,1,ROOT_OK
cstr,cstrfold_0000024,dev,single,0.01872581355647469991311738742968727144648473590155553306,84.34387244832918,20.935256811953483,0,0,0,0.9999972234303833462938143766710837962251254450716704552,0.0001482800996799595111862144542191233357357642992756359443,1.054219794323052322434857405127001900770996138236850755e-81,1,ROOT_OK
cstr,cstrfold_0000025,dev,middle_triple,0.01862954923465992042717691039446213540651747797468378634,19.906078826481554,21.847784392657438,0,0,0,0.0609864106309670005374904869030512382782414429290025823,-31.01984817179470345138172826955379693038501585957159931,6.588873714519077015217858782043761879818725863980317219e-83,3,ROOT_OK
cstr,cstrfold_0000026,cal,single,0.005504018803177132955769693078440044842503146340809177268,27.020645797391644,70.6328565722348,0,0,0,0.9999994091923907685373859899683340044774200591222882675,0.0001073414115996315128816096179698934374705657688309345096,1.054219794323052322434857405127001900770996138236850755e-81,1,ROOT_OK
cstr,cstrfold_0000027,cal,single,0.000001100219458669510161495284469806591646055060009393484335,91.59686088959575,21.328087102152068,0,0,0,0.000001100244066288729850168533543097450762944230117564385936,1.000044732945182793498979113616368933644352914745754304,5.389452580879358558315559965061003102562906168587171705e-83,1,ROOT_OK
cstr,cstrfold_0000028,test,single,0.0004392322653516561028459311665694008196926203332819631386,18.60416867462314,22.326209134353036,0,0,0,0.0004434030135545840434646005950999082679768649309544927993,1.019121533488054502156176285895142663063718613692334612,5.301984317152069785683120738675839637666630968671661512e-83,1,ROOT_OK
cstr,cstrfold_0000029,test,single,0.00000002259042354667140557426478318980600945454745729483331086,27.69918125369362,75.2793546667303,0,0,0,0.00000002259046145354221321066850545887193564063991177741282381,1.000003356016522057431203170758241359001870961080887409,2.131577080839448622801590892912834348034216889665144996e-83,1,ROOT_OK
cstr,cstrfold_0000030,dev,single,0.01844561987335299773965404070856642570063202269913242627,87.28493023753403,21.22944109266935,0,0,0,0.9999979201590963885384218425410795583606929500282236057,0.0001127582596611230395198392183020972031493627759837459996,0.0,1,ROOT_OK
cstr,cstrfold_0000031,dev,single,0.01726907200682641858591933647905518177716856905641220888,20.19631199211005,23.589620509190677,0,0,0,0.9989055470543999290953655877552189108184644288607502272,0.06365679745302482643713246101494192887643913169148663585,1.054219794323052322434857405127001900770996138236850755e-81,1,ROOT_OK
cstr,cstrfold_0000032,dev,high_triple,0.005411962716464266762592620115947541118979234749913374662,27.277673044151456,71.70392869906485,0,0,0,0.9999995160369223600536408720967216015298477597041087734,0.00008942488044656231388087267060585181365587810073221978954,1.054219794323052322434857405127001900770996138236850755e-81,3,ROOT_OK
cstr,cstrfold_0000033,dev,single,0.000004060998557762374685869126780914234379033592387923352329,84.38492640542097,19.598358588538222,0,0,0,0.000004061305310900388629470043950210965784537286675446864538,1.000151081239463250581361022824859947427426247441885109,4.176760400329292839358684162006012627184892994586155678e-83,1,ROOT_OK
cstr,cstrfold_0000034,dev,low_triple,0.0003687790395241781821991639662467105044001581386195931144,18.580248387555557,23.21607317302715,0,0,0,0.0003718365311538248541006661090242244019280535846132613033,1.016681105462326452233122780780448260247010822138087148,3.037058977786137061701981782348296491478943952928427468e-83,3,ROOT_OK
cstr,cstrfold_0000035,dev,middle_triple,0.00000002458425749950813853422575031511092340989879000182064882,27.536444487415945,75.19798122668664,0,0,0,0.8289947771100053278378534147464483108426071216216145371,-8247226999.500921946656613681311584287677303379421904754,1.054219794323052322434857405127001900770996138236850755e-81,3,ROOT_OK
cstr,cstrfold_0000036,cal,high_triple,0.01836438898780593478447559905366914939789231257960129604,85.33209619045024,21.30804835918693,0,0,0,0.9999978564818456507098497154962771287221299083814077274,0.0001167246157921995109710598936421006391698178436799432881,1.054219794323052322434857405127001900770996138236850755e-81,3,ROOT_OK
cstr,cstrfold_0000037,cal,low_triple,0.01757623309246190698665979423742034966609247975003376995,19.901323003574017,23.21765688219831,0,0,0,0.05058830977767670360375979136980189927225586653285315062,479.1706248291958299155786522391323127083004853975803545,0.0,3,ROOT_OK
cstr,cstrfold_0000038,test,single,0.005518941559530364660458896122991971063023890274243027708,26.313381571625545,70.51840118861949,0,0,0,0.9999991374091976358104577307633174905501510827856876963,0.0001562969862312482897950139449467879139934709362243347175,1.054219794323052322434857405127001900770996138236850755e-81,1,ROOT_OK
cstr,cstrfold_0000039,test,middle_triple,0.000002885612870553325150880822514289240805643873896657190119,84.02931055800497,20.16751557352388,0,0,0,0.9182840342674678110656380664606004333028262165662560269,-1615133.774106834835001642526087953177495697474058548291,1.054219794323052322434857405127001900770996138236850755e-81,3,ROOT_OK
cstr,cstrfold_0000040,dev,single,0.000383247070408606515445762176664101099516355195427404381,19.192763415687647,22.327991661015947,0,0,0,0.0003864171260217205467163713659335584896967297437080791381,1.016642196768440453792095921942913617908756070318489329,2.367876491155293302343917999796976925559854607367926501e-83,1,ROOT_OK
cstr,cstrfold_0000041,dev,single,0.00000001584339635727010633312935544165596663037154487449685759,28.450922777414394,75.23050143312807,0,0,0,0.0000000158434149901384894840145895068318070461052895921074979,1.000002352132585910163909502270732866211021260149746708,5.27470703749401227404537514372339749678195204318076857e-83,1,ROOT_OK
cstr,cstrfold_0000042,dev,single,0.01970959454218145183760772454476617719624966120038659358,92.36898546855015,20.00882428982721,0,0,0,0.99999634555241201204058862875254042030629819115223992,0.0001854231331788776508295714488359848160866970608272612326,1.054219794323052322434857405127001900770996138236850755e-81,1,ROOT_OK
cstr,cstrfold_0000043,dev,single,0.01828754420136740240284880570214974555479928842688320689,19.28510748477901,22.411407981077467,0,0,0,0.9982661456990090501299137853482224323170001085959673587,0.09543971673427876993728282748887141002790905938858437763,1.054219794323052322434857405127001900770996138236850755e-81,1,ROOT_OK
cstr,cstrfold_0000044,dev,high_triple,0.005087666595165586823971781680483266631277590777155081709,27.356924992521904,76.17605496317974,0,0,0,0.9999996436526860396640928570913008927569128813466069047,0.00007004151228934073320051556316706435881880534713770216956,1.054219794323052322434857405127001900770996138236850755e-81,3,ROOT_OK
cstr,cstrfold_0000045,dev,single,0.000002554663060188115151802192507204822027662011865498630006,84.37322600457988,20.346462043450636,0,0,0,0.000002554789330339263893474437016047643137476999200804852799,1.000098858271417813856169587833062981968356636650646832,6.261923377000521740964189397900599135171959254640961878e-83,1,ROOT_OK
cstr,cstrfold_0000046,cal,low_triple,0.0003870509561658062367460798089907069613776798402736356145,18.908407169719023,22.59428766246766,0,0,0,0.0003903254846973349785624362125649227335451284046758352558,1.017023976670561274439930834782382571191626292041467155,5.868215651993552966678405477757725424213552722607470023e-83,3,ROOT_OK
cstr,cstrfold_0000047,cal,middle_triple,0.00000001562948196882900779170939292212471877248634346590573949,28.46903640960451,75.29594861035797,0,0,0,0.8326125969356985667343565905275535634828924617985488675,-380473236.7227261898098598511654223047753673406037306215,1.054219794323052322434857405127001900770996138236850755e-81,3,ROOT_OK
cstr,cstrfold_0000048,test,high_triple,0.01959188096518067410972014052649963237988357875973052013,87.71690726643888,20.047667718022254,0,0,0,0.9999958211191654210122254039861070800391085129275241309,0.0002133075094939919569202537229213066808667624380654091833,0.0,3,ROOT_OK
cstr,cstrfold_0000049,test,low_triple,0.01794992256607829597384664443991854339248255636802003509,19.731021164932702,22.771021640912192,0,0,0,0.05193237781614800461856774655225472694446833847720671258,1328.850968613407474241708750278843304146316277639948598,6.588873714519077015217858782043761879818725863980317219e-83,3,ROOT_OK
cstr,cstrfold_0000050,dev,single,0.005181044174688164872268267961264597584275379070477825713,27.151263865085387,74.86599670371251,0,0,0,0.9999995712415617332513853538374152766765732613056675065,0.00008275537031526800146405437581046196038832892056052063321,1.054219794323052322434857405127001900770996138236850755e-81,1,ROOT_OK
cstr,cstrfold_0000051,dev,middle_triple,0.000001096673195986018828689894572797190579804798698758298482,90.04301445144564,21.412947726337908,0,0,0,0.9240253605121131382014714024184135402955063275044884768,-6154243.618092524477969935090918335368118486069442945696,1.054219794323052322434857405127001900770996138236850755e-81,3,ROOT_OK
cstr,cstrfold_0000052,dev,single,0.0003192350329707808975270768801650865442578830284612367103,19.506608034685673,22.824198577211423,0,0,0,0.0003214817842805577451224335081867856581273409066160052428,1.014147564978818043919388417786675030188229726654108505,4.426899526942504869599498869185652513003206439861775631e-83,1,ROOT_OK
cstr,cstrfold_0000053,dev,single,0.00000001929348552256597167835233929856011635845048246705872774,27.697538416357048,77.33868246723762,0,0,0,0.00000001929351393883023230689664040273737519890129344965048897,1.000002945688049956114264017603927678021938434071695058,5.306800726932742691158894062456315772425466812115284972e-83,1,ROOT_OK
cstr,cstrfold_0000054,dev,single,0.01968677646360450157447891698006487964674065680267233033,91.11342951221332,20.02884706590831,0,0,0,0.9999962419565068853680130865229893983050689609161254509,0.0001909007036887973837320979839013725908685509246712023489,1.054219794323052322434857405127001900770996138236850755e-81,1,ROOT_OK
cstr,cstrfold_0000055,dev,single,0.01798446916195096097915519914732771325780931130884243588,19.63278071581695,22.737621563612738,0,0,0,0.9985140506332069979943706489856174488635157987026927683,0.08310417435470039309994162827431415747671506149668617274,0.0,1,ROOT_OK
cstr,cstrfold_0000056,cal,single,0.005383624257457404259861538509351927392474331980741888068,28.253837155259486,71.97596317281388,0,0,0,0.999999713335017218405612229086218254899581430672123943,0.00005324765564915788818945636536023682164875242828283380704,0.0,1,ROOT_OK
cstr,cstrfold_0000057,cal,single,0.000001922575222161271946042195193459700575113522411706647112,86.36734699515013,20.69908848768838,0,0,0,0.000001922648039911075826685914550984141205666106640568680238,1.000075752353495711862203226750207464668276930952950866,2.088782353101323609438571686641558789293119026947861794e-83,1,ROOT_OK
cstr,cstrfold_0000058,test,high_triple,0.0004494344026523990031454774772480018802736125663649622178,18.431003143206958,22.418328901945934,0,0,0,0.78443186002380165760445410076193734783932942132300221,51803.81483254051027174343382983753812531903839445156339,2.10843958864610464486971481025400380154199227647370151e-81,3,ROOT_OK
cstr,cstrfold_0000059,test,low_triple,0.00000003413059994611744250871068264823442373216009793428498619,26.93279458703824,74.72129447128728,0,0,0,0.00000003413068582421093072080662195513876590395713045319191712,1.000005032331781762559783584335380803021899384371611078,5.309166517255538971539361976876862758383329427975068707e-83,3,ROOT_OK
cstr,cstrfold_0000060,dev,middle_triple,0.01906343513131324973101902084795735918260903010264285286,92.59479527038827,20.559517212029103,0,0,0,0.05297080067095501874738074960447558411315698189492660087,-349.6233875524517562574753944905042109891630086435717453,6.588873714519077015217858782043761879818725863980317219e-83,3,ROOT_OK
cstr,cstrfold_0000061,dev,single,0.01855803149418985023549693181286055038491306193105689061,19.676525396771396,22.06748556932534,0,0,0,0.9983524691166264384959010736870052961377379754411972139,0.0893528252915156288873103654640904271404550890966917971,0.0,1,ROOT_OK
cstr,cstrfold_0000062,dev,single,0.005359868074024591208373888052469075000665266695027934366,27.808922189537906,72.35534306640382,0,0,0,0.9999996479263747909311832097392504992059329248336390444,0.00006568710044983319016925568888016317233188706552637991637,0.0,1,ROOT_OK
cstr,cstrfold_0000063,dev,high_triple,0.000001746915727545716833403883676892700739318695454780744586,86.08818770659069,20.871109346936844,0,0,0,0.9233273241578775374147643550487009615376661923360370197,2995894.598475337491949251743392655157271779847506494765,1.054219794323052322434857405127001900770996138236850755e-81,3,ROOT_OK
cstr,cstrfold_0000064,dev,single,0.0003849426457822278414645041354208925574761701082644796716,18.5617101284364,23.024951112239116,0,0,0,0.0003882467489243747208441877544048488095326896138317233449,1.017273280003450501114581013720413442927174128960016036,3.551814736732939953515876999695465388339781911051889751e-83,1,ROOT_OK
cstr,cstrfold_0000065,dev,single,0.0000000319563101464641462016312032875235718925914630538055594,27.035044040203335,74.87117620994987,0,0,0,0.00000003195638558439499615632644878130552428055323699499377598,1.000004721324876073229398537901259180862103898432369951,4.421062025721050037000681624838539232910631751591552286e-83,1,ROOT_OK
cstr,cstrfold_0000066,cal,single,0.01932756845407375272760875600890587659944531032943078936,88.80508381561651,20.340633149876354,0,0,0,0.99999664024955532020179779211151218870922676188321059,0.0001738393098852321349028839404935396349776527267096206261,0.0,1,ROOT_OK
cstr,cstrfold_0000067,cal,single,0.01851979720244702098649164804090690670645393083042527566,18.349838168185403,22.207815454958272,0,0,0,0.99764304281399886832383968169678212187256903695281891,0.1283423831524869733924822247478525089924214907694230533,1.054219794323052322434857405127001900770996138236850755e-81,1,ROOT_OK
cstr,cstrfold_0000068,test,low_triple,0.005173974605131866762560542119271268973018928110914324555,28.04523777043577,74.663291131662,0,0,0,0.01356440056667398828666399915886953108693322417241740067,37.26392149405652376617349692485488312306844947556724337,0.0,3,ROOT_OK
cstr,cstrfold_0000069,test,single,0.000002029325919069586840541425661068264207495854706767894241,92.17541621434992,20.33131785024162,0,0,0,0.000002029405533243989056994963310738134533389917124195857191,1.000078465953083680516958229599744471603512797067582887,2.216666986964669952873586279701246062106983457169159455e-83,1,ROOT_OK
cstr,cstrfold_0000070,dev,middle_triple,0.0004734299095731111685089811229463166146695253121011022311,18.907464046065403,21.651014014857793,0,0,0,0.7878029375175914766706375336677484225594606290131573316,-952030.9486922648304097168526168112265261746118813190943,3.162659382969156967304572215381005702312988414710552265e-81,3,ROOT_OK
cstr,cstrfold_0000071,dev,high_triple,0.00000002228388271979676390008186264192409126920210604836070488,28.24445151622896,72.29696209776053,0,0,0,0.8430968827770965078988216319186700595032739321425646765,144543778.5598272732632555491768452590276278831087298312,1.054219794323052322434857405127001900770996138236850755e-81,3,ROOT_OK
cstr,cstrfold_0000072,dev,single,0.01893522391874198168223910026713815685867700116720619866,88.67299898129207,20.702727828474334,0,0,0,0.9999972866670867549364994832938357028069758918504207808,0.0001433004301663316497175849016585146575147139517413422433,0.0,1,ROOT_OK
cstr,cstrfold_0000073,dev,low_triple,0.01700907824220789293747846654027093287309711399412734505,19.14384632828153,23.827222459615015,0,0,0,0.04340854056233740428115655572036987280398938015039492847,22.31035223218286557425102138423922426928865414839558827,0.0,3,ROOT_OK
cstr,cstrfold_0000074,dev,single,0.00516385049566490164883921641896501362983394604496090736,27.38968891531649,75.08534712148642,0,0,0,0.9999996274353921874846180981430905756472837907113914195,0.00007214872194240017120563786968880327712117127835270920446,0.0,1,ROOT_OK
cstr,cstrfold_0000075,dev,single,0.000003880483300405126634882834591892123843325751481088557777,85.01512858353414,19.640121192359068,0,0,0,0.00000388076401632169668027534958228141530294960200625116534,1.0001446886784780879899704294549199661054704048173341,2.439459713883833079486787803459317600279564885919470474e-83,1,ROOT_OK
cstr,cstrfold_0000076,cal,single,0.0004766133321288946745968646272890688484731444665457739322,18.87374019196644,21.655108165711418,0,0,0,0.0004813730202222045235177677327848972445090269763904445194,1.020117338527706305828691261672824166684341954703875525,4.015094919785062556148382695307917395514536073363005805e-83,1,ROOT_OK
cstr,cstrfold_0000077,cal,single,0.00000005400271260556916525095793901799953045664279391867852532,26.265953337814498,72.93416821261768,0,0,0,0.00000005400292238786855820153854777383491547983743029425465787,1.000007769346556333885076078772332057017246690634514216,6.057617117889238181095573808339736714364668173459000786e-83,1,ROOT_OK
cstr,cstrfold_0000078,test,single,0.01925893135030640098525411278047258661004059313567135468,86.23437159084887,20.3799656364732,0,0,0,0.999996399324312980556242012712634868247529365870475675,0.0001869696467862326291758961252539618613528363044305862532,0.0,1,ROOT_OK
cstr,cstrfold_0000079,test,single,0.01756556198667677965405393657527766991829847361440801009,18.705457508464182,23.321400282628883,0,0,0,0.9982210058128539428225209728494688680837357726236677279,0.1019351681440199100872162136132499304155780489944423816,0.0,1,ROOT_OK
cstr,cstrfold_0000080,dev,single,0.005511683146701852443278791336452920979469210211833385022,27.31865416106109,70.42275833427118,0,0,0,0.9999994866061370251571414361378171160109703977275755428,0.00009314669144911997714387930654925964806116837107738366796,0.0,1,ROOT_OK
cstr,cstrfold_0000081,dev,single,0.000001514450413869467034956024528666044006138297757942679201,92.57127073064383,20.773856911382875,0,0,0,0.00000151449576841723613639095083085839737257674676441207372,1.000059897051905107770312060832437978521404502135778372,5.33295009327621339714380037284438026661841575209002604e-83,1,ROOT_OK
cstr,cstrfold_0000082,dev,middle_triple,0.00043025750894183849880507261565555257917922206864486935,18.545966216493362,22.497262025092827,0,0,0,0.7840316837316739075893786701137110889992687972339876987,-557763.5517573131435467750689729230189262113485203160521,1.054219794323052322434857405127001900770996138236850755e-81,3,ROOT_OK
cstr,cstrfold_0000083,dev,high_triple,0.00000002918326746185155990287956384349828893004782408497146311,27.71020579616154,72.04041500983698,0,0,0,0.8330694935559160471178473202923506217244109537768932475,11972216942.54017720137811302489767062558724768320881167,1.054219794323052322434857405127001900770996138236850755e-81,3,ROOT_OK
cstr,cstrfold_0000084,dev,low_triple,0.01940912066143806621504864934903760273604258351026862073,84.65803448740317,20.234523211034617,0,0,0,0.05305095741019767157849705939356234123650342685286578186,294.6658361405112739769702181650663790296560410897202622,6.588873714519077015217858782043761879818725863980317219e-83,3,ROOT_OK
cstr,cstrfold_0000085,dev,single,0.01730790787035975153202105162486492136602502172105159574,18.839988494739178,23.63895522881625,0,0,0,0.9983740546774740903551739067936303071418214278758919253,0.09450421839393962135818261238568110417909725339717039509,1.054219794323052322434857405127001900770996138236850755e-81,1,ROOT_OK
cstr,cstrfold_0000086,cal,single,0.005180352373726592243199160146782890511893663428124885133,26.851940957116216,74.90902644211486,0,0,0,0.9999994974459037569359445507189655070345396417933947226,0.0000970117715440626495190032221315132512558280902053928076,1.054219794323052322434857405127001900770996138236850755e-81,1,ROOT_OK
cstr,cstrfold_0000087,cal,middle_triple,0.000001296880282428865792715939561701486940721902418635976299,90.68042987467457,21.111367075014577,0,0,0,0.9243023478289891154970919854963385249905602558888658912,-185478961.574891866847612944546270309038441138941388365,0.0,3,ROOT_OK
cstr,cstrfold_0000088,test,single,0.0002964174820712940338812191960082607146474434276607864501,19.456977024988436,23.25059991956801,0,0,0,0.0002983913085931607973250459963189889616078730240159009635,1.013382073974970722654574058329543925972624987115922423,4.118046071574423134511161738777351174886703664987698262e-84,1,ROOT_OK
cstr,cstrfold_0000089,test,single,0.00000006173891841982941573217939779907900188301236761251933444,26.297707683662153,71.01779284268227,0,0,0,0.00000006173918530791893968205324364414186683244037564890128165,1.000008645727493095620805699412188970403097072848206306,1.441567470636471340678425112096168208523266613779934363e-83,1,ROOT_OK
cstr,cstrfold_0000090,dev,single,0.01857663445897768189321813037001820723590122804847199672,84.05381896222542,21.098260165867213,0,0,0,0.9999974492240601683131228272101685862526869277906986599,0.0001373153547254737742114186232613640824536503831505090588,1.054219794323052322434857405127001900770996138236850755e-81,1,ROOT_OK
cstr,cstrfold_0000091,dev,single,0.01734246730409671660988124415153643576634081031272928737,19.522874565256743,23.543414137318603,0,0,0,0.9986571766435318064361482216811514896218399944323387602,0.07783152211113925258224804098070686946961667797872349619,1.054219794323052322434857405127001900770996138236850755e-81,1,ROOT_OK
cstr,cstrfold_0000092,dev,high_triple,0.005329920243115104563740887806012887038133894876502207444,26.110240105314556,72.92096789470341,0,0,0,0.9999991615226878256119432051254099913153476116934714851,0.0001573157073074778862241550591651463931853173150709491864,0.0,3,ROOT_OK
cstr,cstrfold_0000093,dev,single,0.000003585919682056270328175669657351353517202021944657097352,87.69503501829853,19.63827962003471,0,0,0,0.000003586159372142617271676851531291044271454817404861671477,1.000133690662990062809248871691769027392722575317271583,2.047762753560250253997151911509206267824521002159898393e-83,1,ROOT_OK
cstr,cstrfold_0000094,dev,low_triple,0.0004314280186211593385862765680711456677839183405065745535,19.279772585737003,21.695183639141923,0,0,0,0.0004353303650338959656498593323920430547314572450488262252,1.018208867498719727357450481672715404144332621365005094,3.140010129575497640064760825817730270851111544553119925e-83,3,ROOT_OK
cstr,cstrfold_0000095,dev,single,0.00000003515807326478568611973785512555527176319504739076455033,26.684056065909594,75.94215156124709,0,0,0,0.00000003515816590039518294256885573078839959308630592344972479,1.000005269673747568554693153967902579752368927885126359,3.839209562745512266295321891734130718365711423877729526e-83,1,ROOT_OK
cstr,cstrfold_0000096,cal,middle_triple,0.01973408946899702393346275460150626319783310814972064688,90.11995364058181,19.89192686001514,0,0,0,0.05650255281952789369619304376386610857048487109815507755,-78.35922862266184421565353993764209467726760333997157788,6.588873714519077015217858782043761879818725863980317219e-83,3,ROOT_OK
cstr,cstrfold_0000097,cal,high_triple,0.01874379140794553635691447420510537841521599785891976151,18.662145506021997,21.932722279687116,0,0,0,0.9977521205050145430870762403664097805800168559192673761,0.1209171584431317936294806692210646740874615306588947768,1.054219794323052322434857405127001900770996138236850755e-81,3,ROOT_OK
cstr,cstrfold_0000098,test,single,0.005047848189307334913376551322479490386435461904291914061,27.888063331828835,76.72990999257985,0,0,0,0.9999997406622394150708803146613923172661200797184189442,0.0000513759626501059492599604854942485432798475109559642662,0.0,1,ROOT_OK
cstr,cstrfold_0000099,test,low_triple,0.000002199640444938884181537856467638934383519029668389278346,85.41917058244523,20.533206969613115,0,0,0,0.000002199734960794454614381788833287894690484851772004412306,1.000085940293425028356427355800549686680970206618361348,2.907565732176081959230048766734399315862389404087993988e-84,3,ROOT_OK
cstr,cstrfold_0000100,dev,single,0.0003341569462969540774142797610589481012824804009125789943,19.037812393156127,23.15490030257121,0,0,0,0.0003366575185634236964068936918706527316789330559721387928,1.015047483168685800646735805344328751760272116126621739,3.912143767995701977785603651838483616142368481738313349e-83,1,ROOT_OK
cstr,cstrfold_0000101,dev,single,0.00000004902617048635965815883330918261742100826155733283360505,26.767697680838506,71.11660870703757,0,0,0,0.00000004902633901706046578124979688744856124829536955498466258,1.000006875149434523234022504661828766110792676954645169,5.696194733329885047167941665866903943250878162773633311e-83,1,ROOT_OK
cstr,cstrfold_0000102,dev,single,0.01948793564648774734204048467281228144725853958036791712,84.65126376195204,20.15993668252882,0,0,0,0.9999956453050457989781903807308812346798393199167379497,0.000223467762784776373004293409387426751650720131816926528,0.0,1,ROOT_OK
cstr,cstrfold_0000103,dev,single,0.01817954062291984498390365945740530607987207564818793032,19.04084717290607,22.548045098291407,0,0,0,0.9981802132464884564615886928204191141168318454389879016,0.1007856347649706979252868287929514558505159374665290264,1.054219794323052322434857405127001900770996138236850755e-81,1,ROOT_OK
cstr,cstrfold_0000104,dev,single,0.005047541081838171349152334977472955328114409087589605295,27.283878075028177,76.80115781344635,0,0,0,0.9999996421248989308496253377699796232602526840800162585,0.00007090098784105807471738038395163350292434906839519700727,0.0,1,ROOT_OK
cstr,cstrfold_0000105,dev,single,0.000002973182454293713160245558641467782600423198550663481059,84.71343028319875,20.08314052596557,0,0,0,0.000002973351159924589857994902683541055851187704770247246549,1.000113489665781662982569584312183039163481794117649692,1.62389355830249224776914756847489687931567474601760992e-83,1,ROOT_OK
cstr,cstrfold_0000106,cal,middle_triple,0.0004169604636015570410536596288711076848801192509722269577,19.24876069356521,21.88137910463372,0,0,0,0.7912551094713055598514987751296855069626473116826383844,-232119.2896876484319260395183138992048799467136332889117,1.054219794323052322434857405127001900770996138236850755e-81,3,ROOT_OK
cstr,cstrfold_0000107,cal,high_triple,0.00000002154757770787341202753244716670636003735295520235510587,27.59079501440284,76.57556245413454,0,0,0,0.832868331853965763597963003656058518770571119336325613,230674751.0561349726310508270440683409745052548031027826,1.054219794323052322434857405127001900770996138236850755e-81,3,ROOT_OK
cstr,cstrfold_0000108,test,low_triple,0.01970023020756471998796857315681671305385553902158628092,85.49416275647656,19.94347953136213,0,0,0,0.05295343279169986507133267276949424095447209929501217908,105.6024862677344999484649422431579028148225724283024216,6.588873714519077015217858782043761879818725863980317219e-83,3,ROOT_OK
cstr,cstrfold_0000109,test,single,0.01777826781192342208730262908713561131445325205112908399,19.27954727044985,23.011882357757152,0,0,0,0.9984270098524446246939832581386177569684114428051700565,0.08900874998802652972155857414744673907721595347301767092,1.054219794323052322434857405127001900770996138236850755e-81,1,ROOT_OK
cstr,cstrfold_0000110,dev,single,0.00536423564889051224098038922954582302340403656986176939,27.625391655617943,72.3142731185591,0,0,0,0.9999996115722037258985530950780596871821241940765016126,0.00007241077843657092423948205400555457366431175672698950697,0.0,1,ROOT_OK
cstr,cstrfold_0000111,dev,single,0.00000268501473530563311264269727256275734107294408366720139,87.48427288292487,20.107712754778145,0,0,0,0.000002685152499120940250601065182525228173157808778186808312,1.000102620715927550709779242864634790488708387944976319,5.954678533379148764912770690046507699858146598386020328e-83,1,ROOT_OK
cstr,cstrfold_0000112,dev,single,0.0002725006670539408463875899639051727363542701588702255789,19.47033497780239,23.612930643749912,0,0,0,0.0002741949151693483680426289552674997122046743211391168458,1.012490773063288059976569066471265418172535259343607247,6.177069107361634701766742608166026762330055497481547393e-83,1,ROOT_OK
cstr,cstrfold_0000113,dev,single,0.00000006689798445354244833372656182749619595504182071076105372,26.104865817014254,71.16548379964593,0,0,0,0.00000006689829847011417206935345096867206703538867163610952666,1.000009387955426773011569640632197991260538146446139301,5.721379560989294055839695718981252734005495332404478487e-84,1,ROOT_OK
cstr,cstrfold_0000114,dev,single,0.01864683871123795178940481976848782524339084146189018001,86.30291112289594,21.01322869074832,0,0,0,0.9999975430413126670999270339729041313247651919936079488,0.0001317668226803759677654792553132993588332448669462440546,1.054219794323052322434857405127001900770996138236850755e-81,1,ROOT_OK
cstr,cstrfold_0000115,dev,single,0.01789529613070319286507273783245014457671253649543606466,19.251142638600733,22.871262783163456,0,0,0,0.9983769806134686978471207111461272606927755712225133388,0.09125576167890479286169770464809271344271438263191100401,0.0,1,ROOT_OK
cstr,cstrfold_0000116,cal,middle_triple,0.00541950648098006971322601943630945389146988092590668807,27.081787727800936,71.55421376861582,0,0,0,0.01611050531692930286579537963667906490014967787139093605,-67.27094474578462852832420409425024948936275976919739725,0.0,3,ROOT_OK
cstr,cstrfold_0000117,cal,single,0.000003322143092292866515878948730391683572972375834975964313,84.39380582831235,19.920650595266373,0,0,0,0.00000332235193210243406732914703066920690903095314960963214,1.00012573182727514494501848026167509330918299812543886,2.509836477802341287351968790206000847897257575506662583e-83,1,ROOT_OK
cstr,cstrfold_0000118,test,single,0.0003617971146233685417593174380452551036481606536035063254,19.985857626163536,21.789190665539437,0,0,0,0.0003645482951710241669592592949960680794711742483924114119,1.015292225107800426377832336856718722198674797541266715,3.191485705470177929246150347552447160537195340365466153e-83,1,ROOT_OK
cstr,cstrfold_0000119,test,high_triple,0.00000005156419781390897399301834208480883294395631965468302472,26.55235358904902,71.76169999746847,0,0,0,0.8240635869777553250367892364530869254964388767466324698,2838265300.257171391649690806523847566637208128946001325,0.0,3,ROOT_OK
cstr,cstrfold_0000120,dev,low_triple,0.01960288023729952963999039021062769390895575432339666758,92.42397989613171,20.02201975458551,0,0,0,0.05315254346462862783625408798359056738146087541575466433,169.4005671012080618546582893996788911566470961631260442,6.588873714519077015217858782043761879818725863980317219e-83,3,ROOT_OK
cstr,cstrfold_0000121,dev,single,0.01794447715006178951365823042547078259002432173161559861,19.249767941720478,22.81192503785355,0,0,0,0.9983604473636644616505942039532028326325610456531904595,0.09193860456090349575903014041028313975303859865238414949,0.0,1,ROOT_OK
cstr,cstrfold_0000122,dev,single,0.005189312975891783478028952579608460507109509629392280575,26.11920486493221,74.87009813966179,0,0,0,0.9999992496676784949330057132489516618884033753655485325,0.000144592276778201848302867596023355623148210858314199859,0.0,1,ROOT_OK
cstr,cstrfold_0000123,dev,middle_triple,0.000002193243860808600118013764973048296959674746647937050418,90.29949128732082,20.294900154507356,0,0,0,0.9216259012180777009996292082728403220295759098354524252,-5481487.113504027876683407262885504307063856846900689221,1.054219794323052322434857405127001900770996138236850755e-81,3,ROOT_OK
cstr,cstrfold_0000124,dev,single,0.0003415110271611670423251637703260952928128042585021457148,19.871286742110723,22.148829623762957,0,0,0,0.0003440036486575122688077484150224226565577741904359008797,1.014674794695951709229044249187941407550236411439366902,5.559362196625471231590068347349424086097049947733392653e-83,1,ROOT_OK
cstr,cstrfold_0000125,dev,single,0.0000000173406197988069669487327113214594993701395446664987479,28.200823027593284,75.53285348236587,0,0,0,0.00000001734064221066188334915309286983575596665185237018869584,1.000002584899083461044874973506880541087160269527752819,7.840568446287194559730018369450240115729151406219520872e-84,1,ROOT_OK
cstr,cstrfold_0000126,cal,single,0.01923638673692558834820801258122410549368488132333008684,92.28341884178589,20.428099489671112,0,0,0,0.9999971684189041827465642428953818279758013668463112015,0.0001472045098188192411975817408571920585299072304703673658,1.054219794323052322434857405127001900770996138236850755e-81,1,ROOT_OK
cstr,cstrfold_0000127,cal,single,0.01846213498354948966468277413095138593218375269880686725,19.324245758798,22.200392224347333,0,0,0,0.9982225010038518104522597612370399335203493437152041942,0.0969354634183772357414636194240182850063172874904632871,1.054219794323052322434857405127001900770996138236850755e-81,1,ROOT_OK
cstr,cstrfold_0000128,test,high_triple,0.005084480915315727256045052135461090745335717394528917582,28.4602671022353,76.12165345915125,0,0,0,0.9999998017437564824159121846172459578541175295755891879,0.00003899246139229109509197223237046377724046099545287005305,0.0,3,ROOT_OK
cstr,cstrfold_0000129,test,single,0.000001279181513467980697213678724285433253914749034305447317,86.15688333787334,21.374972271507367,0,0,0,0.000001279214854435325593443468132164222629821942889087176913,1.000052129604260154166741622014730180069089706361830967,4.356120610087319471975088276800416789684841220619799568e-83,1,ROOT_OK
cstr,cstrfold_0000130,dev,single,0.0003297634467403759726898452602612887909791731091368991956,18.552621978708167,23.817372505851488,0,0,0,0.0003322719341202819958395076571681445051730051449747770292,1.015297518993028541246810657552847659193189271375072857,5.559362196625471231590068347349424086097049947733392653e-83,1,ROOT_OK
cstr,cstrfold_0000131,dev,low_triple,0.00000001658538646881988567097386305937226693021634912004809467,28.199460294788416,76.1583852193317,0,0,0,0.00000001658540714305374687790947183661527347618517154688989511,1.000002493068552620111475551815713764673726837102667488,5.579881421855461280945760178797753920480583472541158353e-83,3,ROOT_OK
cstr,cstrfold_0000132,dev,middle_triple,0.01845290753240521161273333099022055216680512228512770147,89.44696089991793,21.20878472472049,0,0,0,0.05199523207615341572285087962965307266654459598796898944,-132.8332587635097558397409768996348558689073825055554452,0.0,3,ROOT_OK
cstr,cstrfold_0000133,dev,high_triple,0.01840236664335351486748372647320372764969577072369290878,19.324736489153164,22.268590507723314,0,0,0,0.998243218720815898670345161172207948239739994069730015,0.09610897663213463559597097862997381482357445245938726692,0.0,3,ROOT_OK
cstr,cstrfold_0000134,dev,single,0.005185917634462182196847186405260656447449639115102503725,27.07210216630111,75.203203654161,0,0,0,0.999999563445111874849752068285879769267186744235172626,0.00008418099409008409003948431766885623789544111834598348383,1.054219794323052322434857405127001900770996138236850755e-81,1,ROOT_OK
cstr,cstrfold_0000135,dev,low_triple,0.000002268502543799016773480343830509529770435126620270220516,89.86641638803805,20.261816384071395,0,0,0,0.000002268601673543524014253630420995421638500270070988410581,1.000087399473383101739755585895407415479508974937215031,2.676327793586697847673025524566725787975684852587219915e-83,3,ROOT_OK
cstr,cstrfold_0000136,cal,single,0.0003153830327232155565590167561155448241696415929022747814,20.036617813279943,22.347502403357986,0,0,0,0.0003175272777441920107071704379909737189112799888036017753,1.013664704906011777262867802510861992026770861509028473,3.603290312627620242697266521430182278025865706864235979e-84,1,ROOT_OK
cstr,cstrfold_0000137,cal,single,0.00000002099348585395291521069732451626678875360810421319848335,27.858318852564828,75.2315765026284,0,0,0,0.00000002099351856984657025636676937171608750827362541664597646,1.000003116769761668463959116541234602467751575407562051,6.500513173963535727807128868148060109461583488893255126e-83,1,ROOT_OK
cstr,cstrfold_0000138,test,single,0.01937897961401199816113116768339494288550323205867985912,86.31109753713392,20.26019903473581,0,0,0,0.9999961403427601727973734630719553576930984937188763222,0.0001991766540963182428756495330151098313035151296710090913,1.054219794323052322434857405127001900770996138236850755e-81,1,ROOT_OK
cstr,cstrfold_0000139,test,single,0.01852867098569906887997790805452881649641576403455605583,19.720933694110215,22.097824553032265,0,0,0,0.9983813093078910608665032010084915222782589815180818652,0.08791943215722275426222544656517979418531867600400869208,0.0,1,ROOT_OK
cstr,cstrfold_0000140,dev,single,0.005099903559095929442932861165595493801119391640280855884,26.61073420383848,76.10157606376569,0,0,0,0.9999994633296773135042765290471048139743619992743072422,0.0001052316969676020762645114412759200570779196751267569048,1.054219794323052322434857405127001900770996138236850755e-81,1,ROOT_OK
cstr,cstrfold_0000141,dev,single,0.000001266108459860275177566414607934620119261718690078499443,85.91210564024804,21.40576313926254,0,0,0,0.000001266141172179556905497129749336265044634509085927007404,1.000051674794531577316067338805719585155577968315837171,3.041884813026263338812737050010926199887014308785834927e-83,1,ROOT_OK
cstr,cstrfold_0000142,dev,middle_triple,0.0003479381700241077092253833716217941174961246583256288349,19.379881467554952,22.57860543901824,0,0,0,0.7930191513040609751663591912760146590485390403886628523,-378156.8053849948441979080790458320766064477590732426054,0.0,3,ROOT_OK
cstr,cstrfold_0000143,dev,high_triple,0.00000005858096707873871701260193581498357237055729609497709388,26.466964206508532,70.67050022722805,0,0,0,0.824294060071057243577266299586187497471693468249471028,2339034320.157978847775181968714725918837629160259875703,1.054219794323052322434857405127001900770996138236850755e-81,3,ROOT_OK
cstr,cstrfold_0000144,dev,low_triple,0.01889897631284668077230763532399289247789094726476660251,87.44117774505769,20.743730345775305,0,0,0,0.05188914265997833655745841566396923615215204222161950239,627.8701127307114928829218206996429909274756410348068511,0.0,3,ROOT_OK
cstr,cstrfold_0000145,dev,single,0.01901880818359298475053932794705299013281464008749347304,19.19323896826696,21.594587968516112,0,0,0,0.9979533216174872556333812567560737711045086630946715808,0.1084546625684423482990660773128803133266713943465804637,1.054219794323052322434857405127001900770996138236850755e-81,1,ROOT_OK
cstr,cstrfold_0000146,cal,single,0.005339681925157244777635379329969244690152361328372606655,28.705594045442577,72.51505981904904,0,0,0,0.9999997805766279621212548282072399629137915618939888898,0.00004109301036311140718377239520808549456263856736165468482,1.054219794323052322434857405127001900770996138236850755e-81,1,ROOT_OK
cstr,cstrfold_0000147,cal,middle_triple,0.000002631516449855887103201599099243675428511066916510781008,85.99876461098836,20.213813811054063,0,0,0,0.9203964843650780288046483297719979720145917499842319899,-27003194.70436783607270357586996570306418479833270588807,0.0,3,ROOT_OK
cstr,cstrfold_0000148,test,single,0.0003777227851384282705611272571905505058787634310335360775,19.799173328775762,21.77809323027221,0,0,0,0.0003807213237695495887628385205882196956104824432383122022,1.015968248107981168074694486747416259932762904544974395,4.993130861783988050594783608267538299550128193797584142e-83,1,ROOT_OK
cstr,cstrfold_0000149,test,single,0.00000006088468140724052172239117834547442012086946611256320722,26.193829320331364,71.77155568842157,0,0,0,0.00000006088494375511583960813958396175065732696969309933105767,1.000008617888599767395740914657019599624064446642284599,8.055374667229534120968519443730183581783689316356856787e-84,1,ROOT_OK
cstr,cstrfold_0000150,dev,single,0.01889719542877458435424471455287567267795731164510840545,89.68127887839705,20.73937340234594,0,0,0,0.9999974394764097149135722553642916429275429803239120348,0.0001355019446632166657208921233263581645171779490999348199,1.054219794323052322434857405127001900770996138236850755e-81,1,ROOT_OK
cstr,cstrfold_0000151,dev,single,0.0178632181964172648384769279689979091049580827359331421,19.64803428391772,22.964674159926265,0,0,0,0.9985814482016292806037094754945469582676404380213895869,0.07985232974372466315542602634860400001517126983597034401,0.0,1,ROOT_OK
cstr,cstrfold_0000152,dev,high_triple,0.005078939758333623644003357307678789639665418386808381291,26.232023751737866,76.4005039977664,0,0,0,0.9999993489507041921209766477622865476156874919858817365,0.0001281863968562431791429940986667227424477061661841933364,1.054219794323052322434857405127001900770996138236850755e-81,3,ROOT_OK
cstr,cstrfold_0000153,dev,single,0.00000172053717603480438509841770595720381266878307765817035,84.05482652034688,21.00898458113664,0,0,0,0.000001720596410624444866668258489209351508450108827839306023,1.000068857686240418485207119130201643527531806806259598,1.275226962203368726517079479849900446832591535319921014e-83,1,ROOT_OK
cstr,cstrfold_0000154,dev,low_triple,0.0003298614474644892845820619422666067151142925092890448824,19.801612378997685,22.391633862383614,0,0,0,0.0003322130370978670421475500304046136497416972643264455507,1.014331673293423985707533250630049071613169607813590424,2.522303218839334169888086565001127594618105994804965185e-83,3,ROOT_OK
cstr,cstrfold_0000155,dev,middle_triple,0.00000002340060668317865992825566653362956721113304061827245472,28.12661516220317,72.35579789295434,0,0,0,0.8357370120078043760974969603173458039021177596000170579,-5313055903.062339347617523321073486312891298987828393446,1.054219794323052322434857405127001900770996138236850755e-81,3,ROOT_OK
cstr,cstrfold_0000156,cal,single,0.01976746301428705430005295492393345040296877360808622774,85.55232895275898,19.88552808143187,0,0,0,0.9999950263129369239577553694677946571302904013056505021,0.0002516249154385553034463696368180881839239273237779985005,0.0,1,ROOT_OK
cstr,cstrfold_0000157,cal,single,0.01717543777216099769957467898637218955738318787881120967,20.10744636154129,23.717912890424163,0,0,0,0.9989009550321642865677312257295709735981236369893602029,0.06427172209323633464931210218991708840386159836689043222,1.054219794323052322434857405127001900770996138236850755e-81,1,ROOT_OK
cstr,cstrfold_0000158,test,single,0.00517528838400142601471331617087885976235298440908675371,27.143683853116276,74.9603200872165,0,0,0,0.9999995718748980350017811281261102888844023460194890703,0.00008272503055325755446952117456806645925959327492542976063,1.054219794323052322434857405127001900770996138236850755e-81,1,ROOT_OK
cstr,cstrfold_0000159,test,high_triple,0.000001515876328334289242121447195114561089414380062604156654,87.53866618522845,21.022871214619105,0,0,0,0.9234844172901433211758667979272746414747027428500218965,9598312.52875519641255227038220120446087725196250176705,0.0,3,ROOT_OK
cstr,cstrfold_0000160,dev,single,0.0004218496593800453464782734074452408073760974893003157473,19.367542432602832,21.708582446105964,0,0,0,0.0004255820230128644151839106161113196178228021021477175322,1.017808617721376242092093350981711610934024856096957631,4.787228558205266893869225521328670740805793010548199229e-83,1,ROOT_OK
cstr,cstrfold_0000161,dev,single,0.00000004209868698996040278061466609202042056072129146653391057,27.011038474696935,71.5791002882242,0,0,0,0.0000000420988120778040807874867145417144460255802045452953395,1.000005942613619678781801382431012957427556864291875941,2.442790042890691057180407975153580289675759272123150101e-83,1,ROOT_OK
cstr,cstrfold_0000162,dev,single,0.0197778365479521304820704820835493098985537320847939398,90.83219452665807,19.861079983973557,0,0,0,0.9999957740691104729436720059551315974709542673905130599,0.000213681201196059660990490372410720453104156923001650611,1.054219794323052322434857405127001900770996138236850755e-81,1,ROOT_OK
cstr,cstrfold_0000163,dev,single,0.01773920575142004976098863008418464781753234961424103259,18.744029963534377,23.101151573865014,0,0,0,0.9981806494195325301990750508589730983104729105850611662,0.1032452373163430722913148797072927512961976234023487455,1.054219794323052322434857405127001900770996138236850755e-81,1,ROOT_OK
cstr,cstrfold_0000164,dev,single,0.005205566690552232443766678994543961786864750481896475191,28.674412421302574,74.35819753116087,0,0,0,0.9999998022325824979435955850744043183671849784673811892,0.0000379915608431477897432295929197595888153248809259117381,1.054219794323052322434857405127001900770996138236850755e-81,1,ROOT_OK
cstr,cstrfold_0000165,dev,single,0.000001052126109109230107285901668279888544611874367981994434,91.26700601719786,21.41622654014325,0,0,0,0.000001052148709968025330101923316947014497574572756283407837,1.000042962948081799719918126382632035704404330430946563,2.979752184309637521011762978854568704133108477121713894e-83,1,ROOT_OK
cstr,cstrfold_0000166,cal,low_triple,0.0002512423591449485534304895664164238393823639324409596086,20.20583380377869,23.211140760444298,0,0,0,0.0002526557998635261461723996015951897644694862127496310453,1.011297472530060999818326290837964501956017733593341133,5.250508741257389496501731216941122747980547172859315284e-83,3,ROOT_OK
cstr,cstrfold_0000167,cal,middle_triple,0.00000001882961748194162817082273468229310400663745356175220154,28.600029853577112,72.36042016851987,0,0,0,0.8286148788890544637767042840984472096503630131473252917,-105109103.6098121649245955410408340021330532090529013568,2.10843958864610464486971481025400380154199227647370151e-81,3,ROOT_OK
cstr,cstrfold_0000168,test,single,0.01941338399651640804716429138489659517494275111829391693,87.80772543590383,20.221882457881176,0,0,0,0.9999962537045547619390376744796155222454806896660009788,0.0001929838157655972312923068037524064117858838477156742865,0.0,1,ROOT_OK
cstr,cstrfold_0000169,test,high_triple,0.01772069272865397165542935535812168273489191197609263215,19.647222760259915,23.04961407496356,0,0,0,0.9985953259474567718243568431772128101113185393608892445,0.07970257681460169223047393491714266835027744896027887944,1.054219794323052322434857405127001900770996138236850755e-81,3,ROOT_OK
cstr,cstrfold_0000170,dev,single,0.005079091960768098436354461594788391301954267055980228956,26.1584830939925,76.46370961806882,0,0,0,0.9999993246524076201295339281511439942392824151775461287,0.0001329665632106640806377215711509421872002128896858861029,1.054219794323052322434857405127001900770996138236850755e-81,1,ROOT_OK
cstr,cstrfold_0000171,dev,low_triple,0.000001919994119364427732109075886679843396014845190437111373,87.00127427561007,20.669742767032645,0,0,0,0.000001920066633529565310542477484621946420963932537082596215,1.000075537939756182231692762720832090130192427905025887,5.371556775197223614029842514145417933882978598949285711e-83,3,ROOT_OK
cstr,cstrfold_0000172,dev,single,0.0004216415222386549084767124136147012887564507774063333081,18.310417028905245,22.876377600176745,0,0,0,0.0004255831873006655898021328786346896913669715307400293588,1.018823121317228168872071078067720655986703197593144258,5.713788924309512099134236912553574755155301335170431338e-83,1,ROOT_OK
cstr,cstrfold_0000173,dev,single,0.00000001767710778384758731107108144370529295083018621975359468,27.90639358447511,77.15683812505858,0,0,0,0.00000001767713158139387069868675732460433037728332107151854092,1.000002692473227142630976595910552947507996913343994455,4.378326992559463043992548063154236307281352467494901078e-83,1,ROOT_OK
cstr,cstrfold_0000174,dev,single,0.01947223954985766354102048476531252497065075676193746262,92.27109053750324,20.15202068690242,0,0,0,0.9999966311235537963776330485841384465504016240304912985,0.0001730165223767106828886423899025517656862544321500919998,0.0,1,ROOT_OK
cstr,cstrfold_0000175,dev,single,0.01807361475153500349659874501726142557018273846226127713,19.20662175747237,22.662192983982813,0,0,0,0.998298393228131212260383559922812707536475498500985354,0.09475751777058077020797923791094575990043937974011249732,0.0,1,ROOT_OK
cstr,cstrfold_0000176,cal,single,0.00545787516688383781019574310183868853001374044825825051,26.57834193663088,71.18602545380432,0,0,0,0.9999992785640203069212108888597584865213303393821441977,0.000132182978814626596356055518555815077928438762354990739,0.0,1,ROOT_OK
cstr,cstrfold_0000177,cal,single,0.000002553961343519465140201393784028907602943215660390439952,86.35934142070414,20.23131832066562,0,0,0,0.000002554086793151319581718909936965069386779516585573165051,1.000098242841596066835973915189091319187989618358442198,3.619376430094707833066450746972281306052766893055594175e-83,1,ROOT_OK
cstr,cstrfold_0000178,test,middle_triple,0.0004285037763747879585657459174206450041712411691966919724,18.327686374164024,22.774961433992967,0,0,0,0.7812183535177616321490618932374975651006551390120949865,-179666.7517421939346906392845412919103128207938321372602,1.054219794323052322434857405127001900770996138236850755e-81,3,ROOT_OK
cstr,cstrfold_0000179,test,high_triple,0.00000001392398959321190733117623237977126288616713128900794491,28.57601679477849,76.09641940210022,0,0,0,0.8391304202767068908261617843801406446495504713199149724,533623508.5412727838215119244606107095711700633415647431,3.162659382969156967304572215381005702312988414710552265e-81,3,ROOT_OK
cstr,cstrfold_0000180,dev,single,0.01852568559847044757636151954700149101663928464467790887,88.4621563981032,21.137124513431182,0,0,0,0.9999978967607573940503037805522333038225248240595944866,0.0001135340295061220896490692375898378998076761391281039737,1.054219794323052322434857405127001900770996138236850755e-81,1,ROOT_OK
cstr,cstrfold_0000181,dev,low_triple,0.01784930214630743730902165205044736598250543345188118856,18.858703837727337,22.95585700420506,0,0,0,0.05146977096124891404983275227625382554783796319461779593,362.9623502422317069636719849792849700463015684103605659,6.588873714519077015217858782043761879818725863980317219e-83,3,ROOT_OK
cstr,cstrfold_0000182,dev,single,0.005330095934625650048636142740879940845420404612501921754,26.563124849090556,72.8751256609749,0,0,0,0.9999993412219005442768466455047484872713616380576468316,0.0001235962598866635590576857796992230069683111046898819849,0.0,1,ROOT_OK
cstr,cstrfold_0000183,dev,single,0.000002092350142986206123431868909836462619878439519888285896,91.19742984611268,20.327697391666334,0,0,0,0.000002092434763362535866934464679950486699812463312650068774,1.000080887914801523950383422056198945362912553547417689,3.899677026958709095249485877043356869421520062440010747e-83,1,ROOT_OK
cstr,cstrfold_0000184,dev,single,0.0003708480606729964999120053304816054927918009246684054768,19.4008499658197,22.26088180500115,0,0,0,0.0003738057363359985181494318591251399452373621202183420166,1.016042988082667522020605418038732165051452305551926603,3.86066819210102168860421413010376672645628468592596712e-83,1,ROOT_OK
cstr,cstrfold_0000185,dev,single,0.00000002701514194776258927721340071567148854540586337148572003,27.866271032343402,72.08536596000499,0,0,0,0.00000002701519382728045733034097595434226836123619991664791957,1.000003840778689728284885846495503451893884035589864085,4.199444339413740574215229105055613209675952870426313135e-83,1,ROOT_OK
cstr,cstrfold_0000186,cal,single,0.02012375944352654523436547120033293146380986563024047477,91.53486868345863,19.536564680746658,0,0,0,0.99999494091625017492042328022046984355219616300883739,0.0002514141447524221269956196448338944657312753514800030287,0.0,1,ROOT_OK
cstr,cstrfold_0000187,cal,single,0.01863384330413238798327604420695534065984516021523806437,18.321602215053296,22.130416139166954,0,0,0,0.9975994656867795134149587190397365564778825547906101936,0.1299336540994100974391972108270843838539888826913912409,0.0,1,ROOT_OK
cstr,cstrfold_0000188,test,middle_triple,0.005362966884943894972907590787697324532698544707314747057,27.62114470851909,72.13499462857523,0,0,0,0.01637051644623805928454539124768939939355291268603250082,-43.98673644518662129137485716242935242911962957916100039,3.294436857259538507608929391021880939909362931990158609e-83,3,ROOT_OK
cstr,cstrfold_0000189,test,single,0.000001988802896270723846277717154359194619200238203118891413,90.5287217254773,20.438888225008053,0,0,0,0.000001988879788042564159813253021877847397551729631799990586,1.000077326900040085618430793478584050126749060400302145,4.821411557822828023403742000605631175362958031204835396e-83,1,ROOT_OK
cstr,cstrfold_0000190,dev,high_triple,0.0003082471438372804480723896809765407394355613322399175875,19.37574942371812,23.16525373116371,0,0,0,0.8050320102429752192195522554635408727404783474846723031,9103.603874627969818392474399811743099622166939875240248,0.0,3,ROOT_OK
cstr,cstrfold_0000191,dev,single,0.00000004211325315801051437096736560177879081775101141159764025,26.113204679544253,77.36623286575708,0,0,0,0.00000004211338859615321830961397936502287426083925294302781736,1.00000643210631575141054062626757465251973047137980956,2.856492309218078859807888850638234901876978137930431714e-83,1,ROOT_OK
cstr,cstrfold_0000192,dev,low_triple,0.01883675955799282710139542565550794810658663975710081766,87.62677590161455,20.80793385660832,0,0,0,0.05161940559688674194408750554816216072074949816134896023,442.6309126836500362498796100927000891887705889681886235,0.0,3,ROOT_OK
cstr,cstrfold_0000193,dev,single,0.01862987640641157924155728901172920902227909681191577807,19.375522848086838,22.007620478155197,0,0,0,0.9981892480482872547447319582139133681289639884491759659,0.09787523046972066781753016811773791192169105265300113936,1.054219794323052322434857405127001900770996138236850755e-81,1,ROOT_OK
cstr,cstrfold_0000194,dev,single,0.005211294248734695239860531063604974104491813957851134715,27.149382616353357,74.43747933912215,0,0,0,0.9999995600930754556511658844621953628274127599714824573,0.00008441430072759365955308025517624666100851545322807149025,1.054219794323052322434857405127001900770996138236850755e-81,1,ROOT_OK
cstr,cstrfold_0000195,dev,middle_triple,0.00000227310662366611091032736913919094627215300239077607274,85.38930579875115,20.481668131667345,0,0,0,0.9202638117390285802470773490870894321792508765749503675,-3783957.772147416274338743839498245218758366595911139657,0.0,3,ROOT_OK
cstr,cstrfold_0000196,cal,single,0.0005002288165914135595708536009785866805381119083899083091,18.472043277521507,21.857276164942743,0,0,0,0.0005055276950103555846034738055329534345422870476077795877,1.021348183488428502680454478755809754240569165074191937,5.250508741257389496501731216941122747980547172859315284e-83,1,ROOT_OK
cstr,cstrfold_0000197,cal,single,0.00000004413199585561967871119314980671238728559400384780941198,27.003206789219224,71.04615312329895,0,0,0,0.00000004413213228043958243639472338536948623597837925891100651,1.000006182594985832802543850763142222344777522125932404,5.88964286315088448353735790318684952014001094327642762e-83,1,ROOT_OK
cstr,cstrfold_0000198,test,single,0.0199098176555970369866777855896994492143178304902253423,86.23801920388708,19.74913178014486,0,0,0,0.99999472519220331739516588001415231553784024231363847,0.0002649518884440274825177269887766757057770279452384697105,0.0,1,ROOT_OK
cstr,cstrfold_0000199,test,single,0.01873909655180610961797540062492189131707449399783387283,18.331313393289502,21.96342467905088,0,0,0,0.9975359387289116646756073273716214702515575563251388388,0.1326552083903732471178531624935773022437310405508528631,1.054219794323052322434857405127001900770996138236850755e-81,1,ROOT_OK
cstr,cstrfold_0000200,dev,high_triple,0.005304180470460559957762138532068873790444921813972975608,28.508375756108155,73.00695045897784,0,0,0,0.9999997648767850961356679521829610149282656257898053295,0.00004432795588894053861206689962029545132822052528667002768,0.0,3,ROOT_OK
cstr,cstrfold_0000201,dev,single,0.000003832180647871201219458819006769536554836864601239304494,88.31413910307629,19.505319572045103,0,0,0,0.000003832452438391206397252562786899161507303312910442206527,1.00014185387767467938470179323722446959903938634147215,5.601990407913253346068406545035986510368338091140491874e-83,1,ROOT_OK
cstr,cstrfold_0000202,dev,low_triple,0.000361802412584800015472407710905754318382072944906692383,19.68053553323188,22.104736385172863,0,0,0,0.0003645958849862701073548107058476778408941518051211514218,1.015528340751549910013429698273919854380175356710098264,4.220997223363783712873940782246784954258871256612390718e-83,3,ROOT_OK
cstr,cstrfold_0000203,dev,single,0.00000002006156789247930584858077095506892418023516048939379968,27.576623969521705,77.60914456235635,0,0,0,0.00000002006159872516338141947936455375013178882754265890294684,1.000003073809474633388063283149802084210189490177933193,1.590964144792229545687229625524361740106699876394245612e-83,1,ROOT_OK
cstr,cstrfold_0000204,dev,single,0.01855345700309631817849568215521119248083708077001850443,90.36007105068329,21.101651271115557,0,0,0,0.9999979944958586259903508948300744213036317351013899995,0.0001080960760386857955265522254020601479017801063703271129,1.054219794323052322434857405127001900770996138236850755e-81,1,ROOT_OK
cstr,cstrfold_0000205,dev,single,0.01796552545403424709192769047131100598333295135946319903,18.315289645769877,22.85879812242511,0,0,0,0.997847848480221706347575555502453764021168443556842657,0.1207109116881762596486174278252563119143825866265249249,0.0,1,ROOT_OK
cstr,cstrfold_0000206,cal,single,0.005356731248462491246457489089416557956216103183261742245,26.752125546036794,72.70741275498527,0,0,0,0.9999994004399526067145633943086328899574043301222960646,0.0001119267611185525436349431911850103553395533315240936697,1.054219794323052322434857405127001900770996138236850755e-81,1,ROOT_OK
cstr,cstrfold_0000207,cal,middle_triple,0.000002543525224130212643999396025583875112925242534932882899,86.92988105170579,20.221959394503106,0,0,0,0.9189373697829738299227784613501459869598202963977499644,-1302165.363776964780949732120444737744686377166443106635,1.054219794323052322434857405127001900770996138236850755e-81,3,ROOT_OK
cstr,cstrfold_0000208,test,single,0.0004484734904379578280862993802747121539051208270296685225,18.905341066953458,21.895547106756503,0,0,0,0.0004527338369007902053378004921852787341863514095029332908,1.019129959739409573521633338724020083284079115675254959,6.331495835045675569310911173370177431388306884918586077e-83,1,ROOT_OK
cstr,cstrfold_0000209,test,single,0.00000003911697745843374991918379678169430880541901224602142703,27.085189089216474,72.05410081933836,0,0,0,0.00000003911708618144995261196896130252750870404623995069540867,1.000005558877201502778123718591389876873443479849184445,5.076791239892114682694517506262658010155660378544358762e-83,1,ROOT_OK
cstr,cstrfold_0000210,dev,single,0.01996190352835510690665847529127712030025619541971516891,88.41049100328743,19.700386285862518,0,0,0,0.9999949519768814767809747666395963335194881064277115141,0.0002528983959543168238783815634502797793923237735954906819,1.054219794323052322434857405127001900770996138236850755e-81,1,ROOT_OK
cstr,cstrfold_0000211,dev,single,0.01721572339608308722528085798927760019964811367849863826,19.980221008062,23.81815943030332,0,0,0,0.9988853028769097399006311256729488538073387444617121241,0.06503597991826246313290909573785780184302631627830003501,0.0,1,ROOT_OK
cstr,cstrfold_0000212,dev,high_triple,0.005213846900726196078730356437161249781777777159075621611,27.75626687447037,74.0508725626106,0,0,0,0.9999996727289623978666803767729022655826738637221256565,0.00006276968354940347611950587766229518234859182273532539494,1.054219794323052322434857405127001900770996138236850755e-81,3,ROOT_OK
cstr,cstrfold_0000213,dev,single,0.000002729694325673161461563775402727862288532344466828302475,84.22974801610901,20.2465416146586,0,0,0,0.000002729837747296275859846785699620281077185957052880229753,1.000105086653112797471452264222905065490131637389910755,6.397851069597411879583796103731335921999274277957938637e-83,1,ROOT_OK
cstr,cstrfold_0000214,dev,low_triple,0.0002867853201663084076140754161125210396567582261674664201,19.862278108562045,22.960280339917546,0,0,0,0.0002886080631505638313200087010598739498033565355680563073,1.01277006446855273440650524845962102522085734330617664,2.470827642944653880706697043266410704932022198992618957e-83,3,ROOT_OK
cstr,cstrfold_0000215,dev,single,0.00000004851726198430810805365077139561298155332415631039747143,26.070460104649158,75.66934410545015,0,0,0,0.0000000485174377512523119703267019468756799944667604284502695,1.000007245561765790213111839111759397177202014732556015,6.450024129491641669753849472745417261728711992390300787e-83,1,ROOT_OK
cstr,cstrfold_0000216,cal,middle_triple,0.01827632358003213809658659559536771862387101875203079821,89.06678388799044,21.326627431020466,0,0,0,0.05536342590168286019250850666428184562906250013752453572,-33.1375173986188048830200453210599554039339182480500093,1.317774742903815403043571756408752375963745172796063444e-82,3,ROOT_OK
cstr,cstrfold_0000217,cal,high_triple,0.01769856329802211995170465399151179574438219570385578809,19.494504784339263,23.094421957596893,0,0,0,0.9985428737786884321845801914173490098731685823436940231,0.08279406441475865224344172891841307830501770841092319039,0.0,3,ROOT_OK
cstr,cstrfold_0000218,test,single,0.005487135484804354954803314366060424108676742344778345013,27.89382057581826,70.67811368847589,0,0,0,0.9999996245329248569977127680679263990302582866356063186,0.00006842691110685799759335395996914646982206557852296752037,1.054219794323052322434857405127001900770996138236850755e-81,1,ROOT_OK
cstr,cstrfold_0000219,test,low_triple,0.000003700755248790710995312813939523092640627163010381544394,84.41590617156238,19.759482981057314,0,0,0,0.000003701012197465603526622389560016288194882651943814923459,1.000138869991901473175896087026524811413472756517658765,4.288156763788874402665284923885048396271183708961311188e-83,3,ROOT_OK
cstr,cstrfold_0000220,dev,single,0.0002517350712795038395076188909737326395101379122009563461,19.894399547626605,23.534278647307847,0,0,0,0.0002531748932684953042912832449998186826034473921061831559,1.011486564914674759542800261928411150801627067570601202,6.382971410940355858492300695104894321074390680730932306e-83,1,ROOT_OK
cstr,cstrfold_0000221,dev,single,0.00000001734863824302204109893540735335999265488836276116822791,28.707235650354136,72.70460212596755,0,0,0,0.00000001734865982437181832971793515947230827894203594897376673,1.000002487961202252484902137663770740333243599108668407,3.001707221196357849429704261684292924416699392962575432e-83,1,ROOT_OK
cstr,cstrfold_0000222,dev,single,0.01906131021762952962511048532538107557836621259962442328,92.66148749307902,20.562211406448217,0,0,0,0.9999974203147868230469625840979221086311833422677352,0.0001353406550066302084419379599194240343100537429642829328,1.054219794323052322434857405127001900770996138236850755e-81,1,ROOT_OK
cstr,cstrfold_0000223,dev,single,0.01760420653477519899112901123734346471052999017377283862,19.385738880879334,23.219861250671165,0,0,0,0.9985261950330073317454544382124501137889177641989087805,0.08419209140595920090978782986195176975182366340396410883,1.054219794323052322434857405127001900770996138236850755e-81,1,ROOT_OK
cstr,cstrfold_0000224,dev,middle_triple,0.005094713854081898146503294320247587994742072741590449926,26.030690034105294,76.24310813997931,0,0,0,0.01463729527130233574067231636227125167258585195280088192,-254.9762137467174314147766525426269061819498576194219958,1.647218428629769253804464695510940469954681465995079305e-83,3,ROOT_OK
cstr,cstrfold_0000225,dev,single,0.000001307210037751971856420351772360998068868362497895653561,88.76180570029389,21.19719867130377,0,0,0,0.000001307244552040792508709529379809532308201857347654379518,1.000052807070144653073684810342971079055686736515471088,1.466048530656695267271527355343050166801706856514907618e-83,1,ROOT_OK
cstr,cstrfold_0000226,cal,high_triple,0.0004331634065364602632069232553137837966923992900729893276,18.758307573250008,22.225277661983288,0,0,0,0.7867457381227877021471492852224928173702980406573409635,333670.5549522556108035176882372640645388038658715622216,1.054219794323052322434857405127001900770996138236850755e-81,3,ROOT_OK
cstr,cstrfold_0000227,cal,single,0.00000002144898644439816477764786734015639928442291252167865299,28.250940740507207,72.70189478034014,0,0,0,0.00000002144901943157582013096703229260826806956932641603233559,1.000003075876323057080944075346283361111042147617895775,1.264510214804885177542609285841287207652950920847514216e-83,1,ROOT_OK
cstr,cstrfold_0000228,test,low_triple,0.01824663568076326970388082871951262404539653974805872732,89.10275922175867,21.391966290846337,0,0,0,0.04692749613651968711807846437348471945112118645726740267,38.03927612383288595589610124143398337227876670627236768,0.0,3,ROOT_OK
cstr,cstrfold_0000229,test,single,0.01803921773689076993363105953474082407818758306467491919,18.620132465583676,22.7459644600822,0,0,0,0.9980032334738783664120176618198410621456411018741711625,0.1114955295178979796357040321555290296031295513419774993,1.054219794323052322434857405127001900770996138236850755e-81,1,ROOT_OK
cstr,cstrfold_0000230,dev,single,0.005108622222587334123360903959069894675428579941286267238,27.609134318182903,75.86033216076575,0,0,0,0.9999996832843901864011322284241031828515745726700672908,0.00006199637348405402377020455973203218060911648290846546852,1.054219794323052322434857405127001900770996138236850755e-81,1,ROOT_OK
cstr,cstrfold_0000231,dev,middle_triple,0.000002218924867511017118372359572584621920036355225471387116,86.91475599752773,20.441231655595452,0,0,0,0.9213440943352540409615316162364498576505261118164331287,-47010769.33596472132419429069839290578130214756577932838,1.054219794323052322434857405127001900770996138236850755e-81,3,ROOT_OK
cstr,cstrfold_0000232,dev,single,0.0004625826998356203630569644489768298268654707266101676334,18.63033772628917,22.05461910342951,0,0,0,0.0004671522683046958637089609668749041889400296065049583076,1.019897970408098658313504287321908003133021209704334363,2.419352067049973591525307521531693815245938403180272729e-83,1,ROOT_OK
cstr,cstrfold_0000233,dev,single,0.0000000423779622019152310394039074583460235359795767683634971,26.83003447243893,72.56928216459998,0,0,0,0.00000004237809073316341088610697565031402460815703357534841008,1.000006065961003670527548370369023095557990203142770028,4.975266474300031011759005970292465043034315665538978145e-83,1,ROOT_OK
cstr,cstrfold_0000234,dev,single,0.01968466191022741084842527972661987925254267545050576007,91.36489714188143,19.959941093997408,0,0,0,0.9999960950576570119794194107759707256820165687469002785,0.0001983845151129946306905466554829680374096864878649563484,0.0,1,ROOT_OK
cstr,cstrfold_0000235,dev,single,0.01857261386860324804836922668424615286269774621817679543,19.658554117824643,22.05309316242205,0,0,0,0.9983401069396848215659781579215263339136330261542678721,0.08995629710069048150412907885770921090244538150673878406,1.054219794323052322434857405127001900770996138236850755e-81,1,ROOT_OK
cstr,cstrfold_0000236,cal,single,0.005032440802122688251426281652028231941096018961465368192,28.151904070921805,76.9326515676195,0,0,0,0.9999997774745460752244950792085484801949986325520587152,0.00004421824052446342606151212018871741026242054336059881293,1.054219794323052322434857405127001900770996138236850755e-81,1,ROOT_OK
cstr,cstrfold_0000237,cal,single,0.000001506286268574273377583311202625737387093105045385470762,88.78759690841866,20.96007912700683,0,0,0,0.000001506331557988205512397476667764609635520888481553672184,1.000060135217147639823399392053892480911094290747999155,2.895702220544104861332775400397101282692549779271867318e-83,1,ROOT_OK
cstr,cstrfold_0000238,test,high_triple,0.0002835121297089922839228157797760429822541678383580388425,19.745811218641297,23.139877623944606,0,0,0,0.7989924023342970904596303078592306660897891062826474443,64311.57624318276579676951503699941222881133530361491882,0.0,3,ROOT_OK
cstr,cstrfold_0000239,test,low_triple,0.0000000308885393384620351460221824543840801587051644922279296,27.18201121309958,74.49814363109958,0,0,0,0.0000000308886094634105310667232417506838283624462633033356518,1.000004540523209136536177234814301228322232898462187506,4.482516021357033097082955736479839425919652689463225395e-83,3,ROOT_OK
cstr,cstrfold_0000240,dev,middle_triple,0.01823132806814336257261094365376473281664684992379061441,85.55688885089478,21.46986568738274,0,0,0,0.05029677854995526118140711258892040652375994568433500829,-18050.97695501835365880106309190130401082975845187684374,0.0,3,ROOT_OK
cstr,cstrfold_0000241,dev,high_triple,0.0178267189661694436792679485176062518349494491501126713,20.1470521423791,22.89163110630546,0,0,0,0.9987490234324124761052540859716992358165856030213486262,0.07052908270373866388668784046572895873063752892994743653,1.054219794323052322434857405127001900770996138236850755e-81,3,ROOT_OK
cstr,cstrfold_0000242,dev,single,0.005466635070047415483869298089507550735198597071425982519,28.28451338789945,70.8985669681862,0,0,0,0.9999996969566498370187821636800730871294967212452217962,0.00005543515964563456695069421465927947743151284203620001137,1.054219794323052322434857405127001900770996138236850755e-81,1,ROOT_OK
cstr,cstrfold_0000243,dev,low_triple,0.000002203659027207436624780090374140292523946195855737328985,90.30336515910031,20.287486862629834,0,0,0,0.000002203752695342926198862126008377043642847039829510708084,1.000085014145482619096595157486521123349692057529815654,1.503649830236012509759495482547706644814588379237207402e-83,3,ROOT_OK
cstr,cstrfold_0000244,dev,single,0.000301757316446590226907805340427121376839808463659567082,19.923598439484504,22.662014533572588,0,0,0,0.0003037486317456297056263258554844098094635086859397368292,1.013261215110112320146286300846994678880854294515990601,6.691824866308437593580637825513195659190893455605009675e-84,1,ROOT_OK
cstr,cstrfold_0000245,dev,single,0.00000004509370340931652947907961655452840156376423094515481853,26.665038735260136,72.75512271758652,0,0,0,0.00000004509384931989297055982753063659368069243254032058063998,1.000006471454344177642809653624445418351296382646045798,5.741191876760281232571741759268064544696440426178444266e-83,1,ROOT_OK
cstr,cstrfold_0000246,cal,single,0.01982714502295581632087708431723943831225264176265937259,92.6035826724885,19.81028228635914,0,0,0,0.9999958749581619890897610486336385869520841642596619857,0.0002080608972950670387780452765781305243955556386446358278,0.0,1,ROOT_OK
cstr,cstrfold_0000247,cal,single,0.01892590112785919679107671431751527432148737307074957981,19.043648007508608,21.71789172594077,0,0,0,0.997911855465342764641900429971628104082596897083455229,0.1112031585839027522456729350083772030428057049040762965,1.054219794323052322434857405127001900770996138236850755e-81,1,ROOT_OK
cstr,cstrfold_0000248,test,single,0.005374928606658930176725368396237201264344870782364689381,26.415502705870882,72.28579897580407,0,0,0,0.9999992624183335433313444538892630677138074544356036433,0.0001372267416269987629215841462833543966558881068550509501,1.054219794323052322434857405127001900770996138236850755e-81,1,ROOT_OK
cstr,cstrfold_0000249,test,single,0.000001268652181004729662127294480365955914282190966358647503,91.50925344539266,21.105322352114097,0,0,0,0.000001268684541313056366976709980132890598131860037753765232,1.000051016224013705383418304585043376597755676356606825,3.153080100017506307239723009070685731122968758333598459e-83,1,ROOT_OK
cstr,cstrfold_0000250,dev,middle_triple,0.0003816664646337752228769941045181310769910043277729946387,18.382294981238708,23.28872735403941,0,0,0,0.7822498304761724058886387633134334473507724647641604907,-669405.8232043776874310006396628199560170800835370986017,2.10843958864610464486971481025400380154199227647370151e-81,3,ROOT_OK
cstr,cstrfold_0000251,dev,high_triple,0.00000003265455420076852380286988458346859773385300656065723776,26.69585236637911,76.87276292738038,0,0,0,0.8209849377371902764080890154729047988713578031580963007,2651550702.047946429672101222947416623982148762477620046,1.054219794323052322434857405127001900770996138236850755e-81,3,ROOT_OK
cstr,cstrfold_0000252,dev,single,0.01934833697039480922365924606257637115736443843259982626,90.73049266382935,20.278178666618267,0,0,0,0.9999967234935561137405925327686111470802998765595581393,0.0001693500141970897881468182747997425094583262278433043108,1.054219794323052322434857405127001900770996138236850755e-81,1,ROOT_OK
cstr,cstrfold_0000253,dev,low_triple,0.01865917000763535207622453682599955038383678524244934049,20.062126496774674,21.926534736392835,0,0,0,0.05322249792421490587705074006073681322024960266525360588,203.6867700564246503867347264724626257963081970301287417,6.588873714519077015217858782043761879818725863980317219e-83,3,ROOT_OK
cstr,cstrfold_0000254,dev,single,0.005159141688660535158664053373030182640499018879342795165,28.17903771012465,75.1181472242316,0,0,0,0.9999997557145784627721431011622020065448875462493394901,0.00004735006522324318082350799106488358564154534734827203184,0.0,1,ROOT_OK
cstr,cstrfold_0000255,dev,middle_triple,0.000002227900872857415144549640295788667813671361903213886936,85.65956945701788,20.499808976544962,0,0,0,0.9210871952217525025021325651778129527234511475942442787,-82913284.3596843209580124330336619947743395758572941838,0.0,3,ROOT_OK
cstr,cstrfold_0000256,cal,single,0.0004239340316088796806240985243995245891022806408527418135,18.901068992913842,22.170716959990074,0,0,0,0.0004277887951376280498768315567239092499543904110755130866,1.018305346014003044343620596663424114018205918491716155,1.544267276840408675441685652041506690582513874370386848e-84,1,ROOT_OK
cstr,cstrfold_0000257,cal,single,0.00000002344358503489874612424837632706873946366566266136494612,27.416203034025546,76.5762426168925,0,0,0,0.00000002344362657183623180513504187749931627110349239425038289,1.000003543569913779972841962793357847431408196354895762,2.425249262847966444479010410465779728450331670071128068e-83,1,ROOT_OK
cstr,cstrfold_0000258,test,single,0.01901822286018058834728065677367133287120831279418832664,86.79624735103265,20.629669558026116,0,0,0,0.9999969660034697838387080504442361188988878065112506418,0.0001595370565837533485771326182363351699611549680928022477,0.0,1,ROOT_OK
cstr,cstrfold_0000259,test,single,0.01787469386468499414247695475710050295492157095443375385,18.85150809256055,23.07778973822338,0,0,0,0.9982445279713886571360369804207008806536349655022581054,0.09884713113303849081869029373874522773368114520681407737,0.0,1,ROOT_OK
cstr,cstrfold_0000260,dev,high_triple,0.005155190639519791255693886582293928949509875840723599283,27.242109966417075,75.22093415075102,0,0,0,0.9999995998506725997663731564340844341202476962813405917,0.00007762079943415450838735787714804022693141224698121421601,0.0,3,ROOT_OK
cstr,cstrfold_0000261,dev,single,0.000002730763954336507397047535523395730396558909939704210525,84.12497398556569,20.251603433779913,0,0,0,0.000002730907526137471942198573613848030175161125061319719865,1.000105155487678380613199582585769975644748321006738254,3.508784372508480649278309196370350488367821237990006576e-83,1,ROOT_OK
cstr,cstrfold_0000262,dev,low_triple,0.0003728177918631334102647145540642481968798602924485537089,19.87826109840431,21.760004032615278,0,0,0,0.0003757359569521547264409361918677053020169933755624453242,1.015743434888153990723622132962112488925301608603330161,3.500339160838259664334487477960748498653698115239543522e-83,3,ROOT_OK
cstr,cstrfold_0000263,dev,single,0.00000002588643551655037473240796129335581981017523915337840014,27.470920345627444,74.9398782404824,0,0,0,0.00000002588648506435926768070682158136259859381705975846329,1.000003828095854404344533603047536446966518714647887058,4.26414383492150126727628589345179392923805758277760988e-83,1,ROOT_OK
cstr,cstrfold_0000264,dev,single,0.01862652162588915871063943155983691903671148298753012755,87.88967957580655,21.03019779628516,0,0,0,0.9999977089477991572284545576680770495531340126117767343,0.0001230030423512604454700159009259459280472147288841674442,0.0,1,ROOT_OK
cstr,cstrfold_0000265,dev,middle_triple,0.01796322328077259074842952219556891916933669805118611995,18.833872288523057,22.819974153868863,0,0,0,0.0526839717573566722183739025160291848133899018908932669,-438.8955242419406485075723876843094676338167536262548355,0.0,3,ROOT_OK
cstr,cstrfold_0000266,cal,single,0.005340813384885503743529662197288023776062590509206775738,27.058892608618073,72.6690992323082,0,0,0,0.9999994878795862936116814320408988532479186813085363403,0.00009588830719370468576226176652479679855434296377670863627,1.054219794323052322434857405127001900770996138236850755e-81,1,ROOT_OK
cstr,cstrfold_0000267,cal,high_triple,0.000003327621277828326676843947434528288195992432120310297922,91.91311080667921,19.570447761885365,0,0,0,0.9209760297537700614249181401818813896345355041224951309,4945030.70638960189636474808177407111783707652200389517,0.0,3,ROOT_OK
cstr,cstrfold_0000268,test,single,0.0004042499639492688762331314758588936755955112355016524506,18.3771634059335,22.999273865657695,0,0,0,0.0004078917670027185567054533801498337344234787549603926935,1.018134929737584726679783408110033146151420899749760204,2.573778794734014459069476086735844484304189790617311414e-83,1,ROOT_OK
cstr,cstrfold_0000269,test,single,0.00000002839754545340233861983991359817903056408990415972723534,27.187713927448126,75.511462201312,0,0,0,0.00000002839760554116538241944753487141776949529123974891851177,1.000004231904908284718363373792620579401672745331812278,5.63333006059571403238336995319661889407309186697228836e-83,1,ROOT_OK
cstr,cstrfold_0000270,dev,single,0.01867390891714478990740507539145393566570933382076117061,89.27216150652222,20.97559824516814,0,0,0,0.9999977490337229524142480929022653976582758120133522175,0.0001205441725128535358292826251226022844214799071217534171,1.054219794323052322434857405127001900770996138236850755e-81,1,ROOT_OK
cstr,cstrfold_0000271,dev,single,0.01840211765436449230443530158074376726413075660161554414,19.58410256024129,22.35102947266196,0,0,0,0.9983982210544035754023494479290205036196632499441450443,0.08758773709574997584640506765363714184074997752133562108,1.054219794323052322434857405127001900770996138236850755e-81,1,ROOT_OK
cstr,cstrfold_0000272,dev,low_triple,0.005465435483885298204840422994778060618478912793657796575,27.7787538124175,70.81429964815344,0,0,0,0.01447479162725832103141898427801182117849995001649884508,43.18969212844110180968523563180695800517576438740290228,1.647218428629769253804464695510940469954681465995079305e-83,3,ROOT_OK
cstr,cstrfold_0000273,dev,single,0.000003755910073866942107469622064587941717128415129687873746,88.71221389436448,19.519163483752063,0,0,0,0.000003756171348128816788928875857506854269759633354589976772,1.000139134197337195766862209059738078703183670358690802,5.679605924691950969599720433276614320598136314513795171e-83,1,ROOT_OK
cstr,cstrfold_0000274,dev,middle_triple,0.0004247124167698573655289967124568348407175941385615579826,18.347948837958793,22.79466844024595,0,0,0,0.7818880719119285834310676248254787587202173981170392071,-1510693.167861777953882039026736475556793372498794334,0.0,3,ROOT_OK
cstr,cstrfold_0000275,dev,high_triple,0.00000002012742014412204089286880737243258103505812796452431268,27.926098189311546,75.36410302984518,0,0,0,0.8322674232853437555896809267572272442522395188787993393,4550472604.409993734193003281172635675682978077296228999,6.32531876593831393460914443076201140462597682942110453e-81,3,ROOT_OK
cstr,cstrfold_0000276,cal,single,0.01837942932755683758062073095260063480851666811170391042,89.3790747908263,21.294069419624908,0,0,0,0.9999981502061238438128902074216615868292469269770347423,0.0001006471933537213766153851307644761080580256730968641799,1.054219794323052322434857405127001900770996138236850755e-81,1,ROOT_OK
cstr,cstrfold_0000277,cal,low_triple,0.01831662590926635658605156506081760851193506250077159861,19.71115488192199,22.33992688070325,0,0,0,0.05280451642842774173281265371866416858263908301715590094,518.3866269125414195222819061121426197416417824463694222,0.0,3,ROOT_OK
cstr,cstrfold_0000278,test,single,0.005428278784501230598739562442348668762134442402744254771,26.297375322783402,71.60652392244104,0,0,0,0.9999991830267750462506990204576260285589017647966197666,0.0001505036933731382571365677708852515893732568916340109835,0.0,1,ROOT_OK
cstr,cstrfold_0000279,test,middle_triple,0.000001637743322278458549401886249454698966549665877857731126,87.02975961663398,20.924905268725922,0,0,0,0.9224610135311777763720183648730827867651116258419150916,-16647436.15575806316890998907202431125412873750975966347,0.0,3,ROOT_OK
cstr,cstrfold_0000280,dev,single,0.000389661578974907616239579284200534952140634171061420303,19.577234539326753,21.81245440655859,0,0,0,0.0003928591508898612426398275718751160931771323997208579857,1.016509597194500913481778469781248677943533817429464685,3.345912433154218796790318912756597829595446727802504838e-83,1,ROOT_OK
cstr,cstrfold_0000281,dev,single,0.00000002976370383152339881858681037326774521574226218308232856,26.873402770670975,76.93962003350377,0,0,0,0.00000002976377110498936993477504863123803261207271695973576608,1.000004520511122042322087360906553445436685341259688985,4.81317370626058121442952304760340780593199418155762032e-83,1,ROOT_OK
cstr,cstrfold_0000282,dev,single,0.01910134972597874503690139735712029148184491752275521477,89.27256305279475,20.534391078216693,0,0,0,0.9999970577469315482021538733985691566609568038413238119,0.0001540394764043760175165257698931362795839488061367941337,0.0,1,ROOT_OK
cstr,cstrfold_0000283,dev,single,0.01881397428119975212738016211477668892052095587729324871,18.879674876215304,21.83944532677206,0,0,0,0.9978556255422904090190696749135536623023541854258404681,0.1148902096169511644745814174402024928969759330617177006,0.0,1,ROOT_OK
cstr,cstrfold_0000284,dev,single,0.005365554456689310766754076444801909112870872151259065566,27.891661058622763,72.25109184177232,0,0,0,0.9999996604164842842278056166873022444049982510676985758,0.00006328964685022330933214713262287084514212728204779323849,0.0,1,ROOT_OK
cstr,cstrfold_0000285,dev,single,0.000001572321201182354705097035911667482646231166567477131266,85.79651370345256,21.058074665244614,0,0,0,0.00000157237079095729367802349727687771761716681808406066753,1.000063079906218094368051412980777401808965160205013395,4.926373474295574550562669072267827333238488271103447628e-85,1,ROOT_OK
cstr,cstrfold_0000286,cal,high_triple,0.0005348087449290170600063347118683801306040192810695836514,18.309418826942466,21.719537336412646,0,0,0,0.7844638339787291630520112895320485693777832668875542707,21520.71174307297619774196471450170751945947943413272438,0.0,3,ROOT_OK
cstr,cstrfold_0000287,cal,low_triple,0.0000000144981034934209465742037598853695534477026535754807577,28.448959942723413,76.34956629741225,0,0,0,0.00000001449811933154873114633377819381508040015627142156416842,1.000002184856861491780793712519955422174772534245848167,6.769977634275977400305922515036577167427058886564000912e-84,3,ROOT_OK
cstr,cstrfold_0000288,test,middle_triple,0.0201070814731033595062414993088134810494877645342870141,90.16014399003807,19.55385006064298,0,0,0,0.05616661122453556889299802443668669367415018747312955193,-223.6738286299767364039629718447939965406199024817479514,6.588873714519077015217858782043761879818725863980317219e-83,3,ROOT_OK
cstr,cstrfold_0000289,test,single,0.01762230068145347666049598570842795252058016499026087342,19.99257467952493,23.154225568411825,0,0,0,0.9987507685328895231418929176927592210306681056237187888,0.07124316358473130492974353692756788453336962510952307868,1.054219794323052322434857405127001900770996138236850755e-81,1,ROOT_OK
cstr,cstrfold_0000290,dev,single,0.005427836411015894167321975236925742737234101453361424969,26.434503461059126,71.59184162128217,0,0,0,0.9999992398601654860216173075982610019655608270517132984,0.0001400451685266081450057536202182484655773811089967186744,1.054219794323052322434857405127001900770996138236850755e-81,1,ROOT_OK
cstr,cstrfold_0000291,dev,high_triple,0.000001875670076247785295656478912294008143515640435688806191,84.83364202519402,20.83140225881073,0,0,0,0.9287963623503485909834220952949607507329330319861329731,407470.1149361603594919608503553943846717353284003787966,1.054219794323052322434857405127001900770996138236850755e-81,3,ROOT_OK
cstr,cstrfold_0000292,dev,single,0.0003441710193813795675563976246396715845527509081538133201,19.810797603031673,22.172781549750997,0,0,0,0.0003467057251324202093067964781157362371896881605006739687,1.014807921838150508396595752973129875947964225664988715,2.934107825996776483339202738878862712106776361303735011e-83,1,ROOT_OK
cstr,cstrfold_0000293,dev,single,0.00000004032918455081528972628807769755064168992814693493811859,27.2006866781398,71.01572446173043,0,0,0,0.00000004032929842787922385544145759618155121802357083540646524,1.000005647389118856056407526325461674156327827227545683,9.273269701397860982435428269733946711539153342766640229e-84,1,ROOT_OK
cstr,cstrfold_0000294,dev,single,0.01868212987792743332227773680865417859085049738490792755,88.72010772305254,20.96842312250936,0,0,0,0.999997693576937998991782174424004444207846268692139145,0.0001234597303978930370743947492524441622403134728938408474,0.0,1,ROOT_OK
cstr,cstrfold_0000295,dev,single,0.01713621824675738068330294103695518838296903678514737487,19.803323380835067,23.790938882778775,0,0,0,0.9988128174455305535269330246989162000232735784594567233,0.06960261156037813900236522037289510814832461627375367683,2.10843958864610464486971481025400380154199227647370151e-81,1,ROOT_OK
cstr,cstrfold_0000296,cal,low_triple,0.005058309407973376127388324455049057369848939760939051765,27.366696626201872,76.61236340351259,0,0,0,0.01399839422691182533678577349467440868174298860499491594,131.1138364594548293333927352528651078685932662779831473,0.0,3,ROOT_OK
cstr,cstrfold_0000297,cal,single,0.000002838849652564098598736331148444649763938730440016940373,87.18387680301106,20.0334636032617,0,0,0,0.000002839003056845964913873715661317814718046399403405748493,1.000108079299448372547567098944770434748134940345382405,6.711932513142297081542118107440819444224519938344207421e-84,1,ROOT_OK
cstr,cstrfold_0000298,test,middle_triple,0.0003261864150698604264466674673958790729466901178966874345,20.059288167101727,22.175403148014542,0,0,0,0.7996220694100918422583177281492594359893725772656217864,-468442.579038378709163261487693342126190343481334214253,1.054219794323052322434857405127001900770996138236850755e-81,3,ROOT_OK
cstr,cstrfold_0000299,test,high_triple,0.00000002157176054409107688781991283476982101249851703973155543,27.86852719556704,74.8399138001974,0,0,0,0.8352013592241419753539973985083579329366035746840307538,311445609.0051243637263487878163361773555916915911068939,1.054219794323052322434857405127001900770996138236850755e-81,3,ROOT_OK
cstr,cstrfold_0000300,dev,single,0.02014367739610857245220656374552666367681840508304473214,87.71269675137349,19.528303483333506,0,0,0,0.9999942557820155899781258352161952915933407323203347245,0.0002851820924053320649345486903894112242767696314598455888,0.0,1,ROOT_OK
cstr,cstrfold_0000301,dev,low_triple,0.01852591050490164488270430206606884350130912045656947936,19.21705465698857,22.135645157438244,0,0,0,0.05375342864982423030253750466000776234565462205347145491,1758.332101906739385391474942815006456768417182280471333,0.0,3,ROOT_OK
cstr,cstrfold_0000302,dev,single,0.005023116526723786202044690018266410105864118100411262731,26.28139833802672,77.34754101806547,0,0,0,0.9999993976636404682375498193521721505917989937359162921,0.0001199131651534293899473225547947101085002239078988192776,0.0,1,ROOT_OK
cstr,cstrfold_0000303,dev,middle_triple,0.00000307497409666814331841032218735301116513670535141511998,86.22311589472314,19.95764085825072,0,0,0,0.9136180976037382665838441107102082443178485733688090323,-350734.9132693723764277614190901766533481995412549524962,1.054219794323052322434857405127001900770996138236850755e-81,3,ROOT_OK
cstr,cstrfold_0000304,dev,single,0.0004253830395239947263532626498447910595903851931438777343,18.460994688693056,22.63068649401021,0,0,0,0.0004293497950522104846011169643219273823090427080629202456,1.018776044597118126405550731499896899159962753808755291,1.904596308103170699711412304184524918385100445056810446e-83,1,ROOT_OK
cstr,cstrfold_0000305,dev,single,0.00000001534655296903671412159560594397268533134914235294443883,28.36195004760167,76.15517058482365,0,0,0,0.00000001534657066936346042526713097799417952610447177394025199,1.00000230675145394661156543259077637053687182799784773,5.984494403449981036905653170592312343603320867322736985e-83,1,ROOT_OK
cstr,cstrfold_0000306,cal,single,0.01899534519762106168187558316124433906755156934063492049,91.13327433074632,20.63384246906977,0,0,0,0.9999974024435224127972330541173564503082447097547369096,0.0001367515182723867213671313132097084209684074482033851081,1.054219794323052322434857405127001900770996138236850755e-81,1,ROOT_OK
cstr,cstrfold_0000307,cal,single,0.01721753507107383655463254786472958182603029510023878474,20.143189106397212,23.660344537601535,0,0,0,0.9989017702713878522801604584191513879730056846581112449,0.06406755610668122596692622725992424324958295369675000157,1.054219794323052322434857405127001900770996138236850755e-81,1,ROOT_OK
cstr,cstrfold_0000308,test,high_triple,0.005078019297218822716322572225163456392060799472133650372,27.788364949502466,76.28463099252353,0,0,0,0.9999997192503879439478951529152370054452895545259753983,0.00005528729716765673989024155933446217936060290803241983847,0.0,3,ROOT_OK
cstr,cstrfold_0000309,test,single,0.000001798265897480649455377348199058717977875970596605179283,86.92079201121757,20.77952260322057,0,0,0,0.000001798329863095381240696894477174341187234016991490876979,1.000071143322499831654283954240288047976466131344994392,4.20269926474497157882899372569264730987827115731972077e-83,1,ROOT_OK
cstr,cstrfold_0000310,dev,low_triple,0.0004568665398743538715389327619611759893410754041672626455,18.538868836176675,22.21572285020614,0,0,0,0.0004613576609643084991333818285721344215220824859065163079,1.019800347078043715526840416088082108612387394425843424,4.323948375153144291236719825716218733631038848237083175e-83,3,ROOT_OK
cstr,cstrfold_0000311,dev,middle_triple,0.00000002004285971673852755842042212233559779931068789513610298,27.85823373048056,75.83779129134697,0,0,0,0.8267436725419998061468038963490953194089591515740666218,-254826326.4517602067976289013309757943670992226427070491,2.10843958864610464486971481025400380154199227647370151e-81,3,ROOT_OK
cstr,cstrfold_0000312,dev,high_triple,0.01928977634403739842933703200648686512889250645391063832,87.47616535429133,20.345451022704225,0,0,0,0.9999964838111842814455938495744450758324885867492634366,0.000182290450933754179853097077510806859115522054881606495,0.0,3,ROOT_OK
cstr,cstrfold_0000313,dev,single,0.01862419236290482054277110571921126184158008305648356361,19.239791306102408,22.023541675416308,0,0,0,0.9981237396706103784500557914792275840116419150117228436,0.1014658047386066912862217748008454228352123053908020636,0.0,1,ROOT_OK
cstr,cstrfold_0000314,dev,single,0.005225322684494077838331302461673406122683457235656299023,26.873862524378435,74.32515005147123,0,0,0,0.9999994870790092824237657004436109514452276304777130568,0.00009816084815046374259747798676147120898398076186908765208,0.0,1,ROOT_OK
cstr,cstrfold_0000315,dev,low_triple,0.000001308570281865213617909626209695817792023260818985577528,87.92644529175513,21.240130305519514,0,0,0,0.000001308604941541845619197526538481373717155215025188840775,1.000052974394004885536767218243817622554132688508134546,5.187169653730732109423068328869107825124623752230842386e-83,3,ROOT_OK
cstr,cstrfold_0000316,cal,single,0.0003965956720322376514136904580428122071942032634281502543,19.526044345224843,21.81884371904822,0,0,0,0.0003999097854317851322481658301758790013381095192193097321,1.016813963145848691569403469354731821298680765430518972,2.573778794734014459069476086735844484304189790617311414e-84,1,ROOT_OK
cstr,cstrfold_0000317,cal,single,0.00000002488949071731055642785618817122124313021942208561115818,28.06512120504454,71.96406227013745,0,0,0,0.00000002488953467872034689762146244878609562263807470437023725,1.000003532532432981874002740202489044530741967726623632,5.181919672815204108738125586509567302501000337753154974e-83,1,ROOT_OK
cstr,cstrfold_0000318,test,single,0.01955017725446202480057406150664348128579822106856015574,87.59181562289275,20.15202746785346,0,0,0,0.9999960746075290886073858640341555542125754602250569093,0.0002007952277880312126205273336198337222172305729930706441,0.0,1,ROOT_OK
cstr,cstrfold_0000319,test,single,0.01779945394883681270674639554635212104749285735516035057,18.304292777652037,23.091563732212467,0,0,0,0.9979184535000771812467398012681140911378526132587250686,0.1178083961125978715141440091678102659637261669792317531,0.0,1,ROOT_OK
cstr,cstrfold_0000320,dev,middle_triple,0.005099649539260325202356004754409653490487357287859086125,26.822185687209796,76.08012094527513,0,0,0,0.01450227668594325641542117975296515526154737326708412469,-900.9916901661618724899666565951573225429310056453826131,0.0,3,ROOT_OK
cstr,cstrfold_0000321,dev,single,0.000002102672201355708631001427792752381801755602389322744496,88.9452910529964,20.425618456531193,0,0,0,0.000002102758091704481521875738958691424731115055436621504456,1.00008169885538433841267342149463244554069914542469737,5.63858632515087761415830065814426179912953828972583177e-83,1,ROOT_OK
cstr,cstrfold_0000322,dev,high_triple,0.0002425147223195303016591029982687949658794377240025699629,19.997989461254342,23.602174151060733,0,0,0,0.808437349980827676496110967717998193911782982634367604,14916.56257088816765991059530694539945607015480892550726,0.0,3,ROOT_OK
cstr,cstrfold_0000323,dev,low_triple,0.00000003646309461988400085616056344526862160572928407328147345,26.50029736656734,76.80946871825228,0,0,0,0.00000003646319541332132398039734870302362597013724784698334001,1.000005528529156940864097079453712463653848367176661182,5.398727232981476247137792745100119573409666383750626665e-83,3,ROOT_OK
cstr,cstrfold_0000324,dev,middle_triple,0.01974414360534344957571552031264361709293059233527411942,91.13382142124698,19.891375996422628,0,0,0,0.05499167168375155068750419279199980665758456271560581903,-282.0511003871476641684381643133149563478597304380113094,0.0,3,ROOT_OK
cstr,cstrfold_0000325,dev,high_triple,0.01743704684120740561883033132663621976597382319174013155,18.515969746621103,23.484093754364356,0,0,0,0.998158860312410026891143894853003338195257675421839753,0.1062867749996279365138638076546244123868777878098037828,0.0,3,ROOT_OK
cstr,cstrfold_0000326,cal,single,0.005127556148589167973686413192392173353102895889122611458,27.119772759899103,75.78358396999278,0,0,0,0.9999995868007886011002346494404528910906064052557353928,0.00008058418618487154826140890851773231651618302489557494885,0.0,1,ROOT_OK
cstr,cstrfold_0000327,cal,low_triple,0.000003041675920350639615267181931214519341641450468869590105,87.5151722649045,19.916805188270395,0,0,0,0.000003041850949670256317372048876386037887955982243115755498,1.000115092342173504007950125919866239112384706596300403,3.238135446124731941316784601624534341815208780320404922e-83,3,ROOT_OK
cstr,cstrfold_0000328,test,single,0.0003050396607864707413395185973203382642997065686517156822,19.0170630162814,23.61123361520726,0,0,0,0.0003071647861313313840683537761301963059058932802791017719,1.014003651745620476694019969536690098186205577043683938,5.301984317152069785683120738675839637666630968671661512e-83,1,ROOT_OK
cstr,cstrfold_0000329,test,single,0.00000001416848848529874488135553344263563433794632091314916389,28.693452853608804,75.19137770018659,0,0,0,0.00000001416850337894886820476382966644379165570571921687344274,1.000002102364214757235040192827323225665540661282764649,3.35588456925588598660121554007507875048556086158597572e-83,1,ROOT_OK
cstr,cstrfold_0000330,dev,single,0.01867915024634076604579365470341524609572432461670436886,90.14741982552088,20.967749577258363,0,0,0,0.9999978080083435959182929928278222228183955137339077995,0.0001173529382246366250734440505705183598571415333951358382,1.054219794323052322434857405127001900770996138236850755e-81,1,ROOT_OK
cstr,cstrfold_0000331,dev,single,0.01757854848719086769976462213830889237952471486552799368,18.852008314546296,23.292407226132195,0,0,0,0.9982909262271875918961625450998843765601496098725481409,0.09783826681059080313480628335027479350763860526063386422,1.054219794323052322434857405127001900770996138236850755e-81,1,ROOT_OK
cstr,cstrfold_0000332,dev,single,0.005460092288337588297071511543396272618240189920819441325,28.04161769929637,71.00416146847418,0,0,0,0.9999996592943507000384163200683351318550781964879470564,0.0000623993470964651666920851571606313283699394455848687914,1.054219794323052322434857405127001900770996138236850755e-81,1,ROOT_OK
cstr,cstrfold_0000333,dev,single,0.000002966113668871213499062654570083780181241639065740244295,88.81889618453403,19.886063929137737,0,0,0,0.000002966279839090437015172568366032176513364650145360991588,1.000112050417049026320089838995446880689461380576209251,4.552773396122465264238365434052577407313708221809153518e-83,1,ROOT_OK
cstr,cstrfold_0000334,dev,middle_triple,0.0003147812990811999921315781671490484249666088072920400237,20.005541444304118,22.38747425659373,0,0,0,0.798972450527362096939627944859618224353228398080185309,-224441.5019080394694665911322559703063210955506699090766,1.054219794323052322434857405127001900770996138236850755e-81,3,ROOT_OK
cstr,cstrfold_0000335,dev,high_triple,0.00000001586098986861106473270404553752652589916152862427633685,28.140598376597843,77.0917817422168,0,0,0,0.8323810963740162179134522115410316972100552514459608533,21139203953.56933578095412921384218583912816328880266801,1.054219794323052322434857405127001900770996138236850755e-81,3,ROOT_OK
cstr,cstrfold_0000336,cal,low_triple,0.01989280425179388689317280286514394228451885528182410394,87.70304142792365,19.760911177170282,0,0,0,0.05477420344623870945928227478005389918946532573725020253,1538.122746283175479011785814555778036716217734619553898,0.0,3,ROOT_OK
cstr,cstrfold_0000337,cal,middle_triple,0.01828054316718493419902036660446745113087685657797947613,18.363638669097007,22.48156187757032,0,0,0,0.05350058968314931957080881907579148924928981168478521272,-1000.858449663147820903451209457263259369348586999188316,6.588873714519077015217858782043761879818725863980317219e-83,3,ROOT_OK
cstr,cstrfold_0000338,test,single,0.005377435649319883754298617342369087128738821700318682626,27.32381279704997,72.15470203300356,0,0,0,0.9999995405436695088840603948583752303003836273270196618,0.00008544170465392400276580380065075111586385256589604527111,1.054219794323052322434857405127001900770996138236850755e-81,1,ROOT_OK
cstr,cstrfold_0000339,test,high_triple,0.000002168689981626607917180669607597356923347646970334976012,84.69956750981818,20.595755353600527,0,0,0,0.9234578452258456796323819998611332732610247169122843329,1117254.783419086559615732975775052915598454475707521414,1.054219794323052322434857405127001900770996138236850755e-81,3,ROOT_OK
cstr,cstrfold_0000340,dev,single,0.0004499229085900748005755439826052049698474785333636071794,19.152139909490693,21.632570373489113,0,0,0,0.0004541563519925598739322913324358164886798421646421488128,1.018946742787251748173465562369904725736213430665724766,2.316400915260613013162528478062260035873770811555580272e-83,1,ROOT_OK
cstr,cstrfold_0000341,dev,single,0.00000004579845473020004787655776372837475812417447013362901605,26.676020294646825,72.51757625791441,0,0,0,0.00000004579860473892382422017765900674315940729961904436682546,1.000006550835990994787418949847340475651078171893296237,3.222206419648533878197299440784994874608882801025446708e-83,1,ROOT_OK
cstr,cstrfold_0000342,dev,single,0.01889477688150701743976582147998582691658251561579310152,87.0611687045064,20.77454295847416,0,0,0,0.999997248665056462747840868329173469102652229072500365,0.0001456185430837801140991206161713639985256574453416524862,1.054219794323052322434857405127001900770996138236850755e-81,1,ROOT_OK
cstr,cstrfold_0000343,dev,single,0.01834279627863121320431123594068054861486553313990043624,19.043075656583376,22.3626498409398,0,0,0,0.9981254361126860371839277845113124876003852595573537124,0.1029173211432254491624215642997639918087949379563524463,0.0,1,ROOT_OK
cstr,cstrfold_0000344,dev,single,0.005305156098097769230723883518289079252191221056223921799,28.10944777584908,73.03891942188687,0,0,0,0.9999997115277239330706066477955077215862221457917401204,0.00005437590467160786397199100594404459445589263138128690409,0.0,1,ROOT_OK
cstr,cstrfold_0000345,dev,single,0.00000223891106362172185870527126820316564982256529135056971,87.28427207163156,20.40791235840693,0,0,0,0.000002239008356387887613602752362766621931876610902089624154,1.000086913597558213635455220429302251635486165909545882,1.95486542518781941961511300900358438096916665190480481e-83,1,ROOT_OK
cstr,cstrfold_0000346,cal,single,0.0003486321331210113143577052700040358059507330639849279913,19.560153990346727,22.378553127977455,0,0,0,0.0003512588772440538260530681439763735484285300475169065326,1.0151510762497813480018930497282510617362489751829856,6.280020259150995280129521651635460541702223089106239849e-83,1,ROOT_OK
cstr,cstrfold_0000347,cal,low_triple,0.00000003303523977587568683770950040117691894016177122776136206,27.600360604442926,71.17066630118288,0,0,0,0.00000003303531635528277859772205989554359929681244615506922091,1.000004636233151871242996825240672141213300901549094127,9.642999057555452317327146953678129058844960294133638773e-84,3,ROOT_OK
cstr,cstrfold_0000348,test,middle_triple,0.01995618349102985919939634553271429778860230032168946278,84.93550271173673,19.697592914338138,0,0,0,0.05714337330579607531405032295245358137014661125716272024,-80.14142270022998424639521530173461442820083877576427172,6.588873714519077015217858782043761879818725863980317219e-83,3,ROOT_OK
cstr,cstrfold_0000349,test,high_triple,0.01741063954727184124873216279651584635876128197170471823,20.020479930372034,23.413000666800432,0,0,0,0.9988134807425878730999012438497787377911295479707157788,0.06847242240020319050785887625114264575794064095365217147,0.0,3,ROOT_OK
cstr,cstrfold_0000350,dev,single,0.005452478451664264043608646418080397609015180011516984272,26.84317736177248,71.22629692879072,0,0,0,0.9999993741057310760433266453515851160964687144909861535,0.0001147910942148588108609664369253814244543348744892252139,0.0,1,ROOT_OK
cstr,cstrfold_0000351,dev,low_triple,0.000001918734043703830535537977681660207548941353409846418884,87.92829337725132,20.62436757314469,0,0,0,0.000001918806295647701449744262884200193798793472211770941096,1.000075314206090209009196293809528976752234470198318951,4.534676513971991725073033180317716000783444387343875547e-83,3,ROOT_OK
cstr,cstrfold_0000352,dev,single,0.000260356612255855259612108253568590591674689961749587082,19.548070726995636,23.77116236873273,0,0,0,0.0002619135101389939770693249170299788296067502072730194575,1.012011498356179987439698824126599498874651236261919654,2.007547459892531278074191347653958697757268036681502903e-83,1,ROOT_OK
cstr,cstrfold_0000353,dev,single,0.0000000263888482706094112975437835600115161454104582967566011,27.11498983776215,76.96448016892415,0,0,0,0.00000002638890117024925313359280719545698489788699989464807823,1.000004009247908084724762660696908680880267276708040774,1.347303450643301619224004346678278142528907963526160933e-83,1,ROOT_OK
cstr,cstrfold_0000354,dev,single,0.01976679504089834613517546124510261102130434354430105068,89.06172510032273,19.927305445531086,0,0,0,0.9999957134909894612129205072998809146183101586322709435,0.0002168654623203205234616824469992245259594493663857676049,1.054219794323052322434857405127001900770996138236850755e-81,1,ROOT_OK
cstr,cstrfold_0000355,dev,single,0.01900307132984155255241512596805435841490265042188355734,18.562874893144226,21.663650723668972,0,0,0,0.9975823898830328035528787369280938305342434710829931583,0.1283461814593558843247987520698780853211507443231761851,1.054219794323052322434857405127001900770996138236850755e-81,1,ROOT_OK
cstr,cstrfold_0000356,cal,middle_triple,0.005208706286161445101712616241474731527208684948231276855,26.50961850601241,74.40219059902888,0,0,0,0.01579122059684898303909783158791311603894661523090528889,-49.49728037188374408239882236179290232887313051113430447,0.0,3,ROOT_OK
cstr,cstrfold_0000357,cal,single,0.000002187092684239539222350098312615686194790542308125238476,92.26086656880803,20.20851074490326,0,0,0,0.000002187184571477187436835208730454300761785336017424882122,1.000084029458811666808704218618391744774855551973095749,2.868959050255071742344006625433361648597826557228734316e-83,1,ROOT_OK
cstr,cstrfold_0000358,test,high_triple,0.0002342180147279312895674388907235866663695278793495773398,20.08380668300071,23.668042728726327,0,0,0,0.8065589590327852104294895215622446796096674067320975398,22682.91785875776644914339469681078862633572598248716672,0.0,3,ROOT_OK
cstr,cstrfold_0000359,test,low_triple,0.00000001575006663581337079784842697228660736805001781226574648,28.16111415873863,77.05471564005387,0,0,0,0.00000001575008550232898424805975288920775582890877650203400128,1.000002395739978320722217603246730779215615468982826305,8.285041695910022960028552038872261501464641798893631035e-84,3,ROOT_OK
cstr,cstrfold_0000360,dev,middle_triple,0.0190410298100476795592571963468570107792675907227248247,91.66131953004435,20.58551356763568,0,0,0,0.05249606655142729790495989540529363105710672029185982193,-12746.87109354554042315390756639905238608977932333267557,6.588873714519077015217858782043761879818725863980317219e-83,3,ROOT_OK
cstr,cstrfold_0000361,dev,high_triple,0.0177565267689459965969067191398138124320533843414498272,20.104234811967032,22.977951653168056,0,0,0,0.99875251415839449913669787051970925004975458080494484,0.07060819284120601471582848673144076821734886374182293919,1.054219794323052322434857405127001900770996138236850755e-81,3,ROOT_OK
cstr,cstrfold_0000362,dev,single,0.005410525496042417369754128864070096875937217001870651202,28.405613095346574,71.60874739442701,0,0,0,0.9999997283014721855304875247157263067916463858993282445,0.0000502167267487516416420350995187428683320352585565019304,0.0,1,ROOT_OK
cstr,cstrfold_0000363,dev,low_triple,0.000002428859501768175507744825874204719305797599622619626336,89.82982938316428,20.155726560331107,0,0,0,0.000002428972516081467160132781985855600827632182470256841454,1.000093062790349990878727276267577865235553290078323064,6.451739563112155307320563259297367665889393251698988595e-83,3,ROOT_OK
cstr,cstrfold_0000364,dev,single,0.0003151694255674750559789835834332612987755749350519575954,20.223053024693815,22.16824326547486,0,0,0,0.0003172926024389992434867960305701514069316847316496420573,1.013539024279689957528805267804755751946922136993834408,3.448863584943579375153097956226031608967614319427197294e-83,1,ROOT_OK
cstr,cstrfold_0000365,dev,single,0.00000003683624638068284984557245687518980965023259268455705761,27.008772247085265,73.26430551076497,0,0,0,0.000000036836344437154375965643841945237005215653739315270162,1.000005323922600593443432993271530069981292845450878821,3.656173423800670696035959662899832832664303356468326049e-83,1,ROOT_OK
cstr,cstrfold_0000366,cal,single,0.01943776474692383776200197538045526221441301944855069138,86.70222376167806,20.202191808925864,0,0,0,0.9999960583453410402818835158906247424909609174629079733,0.0002027931522917342891176206463267956416323385525997137661,1.054219794323052322434857405127001900770996138236850755e-81,1,ROOT_OK
cstr,cstrfold_0000367,cal,single,0.01748200895348225813192720652587630398120525322620991219,19.405868503746348,23.40025380255927,0,0,0,0.9985789335927786132382206541223017036863532254430874857,0.08173048668700467661408950578556045002773058753081596076,0.0,1,ROOT_OK
cstr,cstrfold_0000368,test,single,0.005208129300766511881926891774112583696756228391073652449,26.356962652688846,74.57270411966171,0,0,0,0.9999993303553669320478239450768871561325336945683100722,0.0001285771582146684446043257304478843792327051026009901131,0.0,1,ROOT_OK
cstr,cstrfold_0000369,test,single,0.000002445889888555289607409687157299397476692287751805625,84.83005407239557,20.392652078480687,0,0,0,0.000002446005910893641083896886582466485115796327150845883959,1.000094874611620946389216389991643360903624616591109386,5.050236578792148996405387608941989849045627404776905739e-83,1,ROOT_OK
cstr,cstrfold_0000370,dev,middle_triple,0.0003453067113936323264736892420478346588873892258145260066,19.417687332561435,22.573368702423856,0,0,0,0.7936134489998083264809465464528275068581346660915847581,-1802873.794604913978997227141647929294345100932242436115,2.10843958864610464486971481025400380154199227647370151e-81,3,ROOT_OK
cstr,cstrfold_0000371,dev,high_triple,0.00000001345607365583786146099241803208327629389771863560478891,28.388354077429433,77.67258086731849,0,0,0,0.8370507095464666020525874131532737388442336762221506781,474364366.529338585834084905172350947393150817611457888,2.10843958864610464486971481025400380154199227647370151e-81,3,ROOT_OK
cstr,cstrfold_0000372,dev,single,0.0182545540596187632937237964874441907267529907336408414,85.46334163696447,21.444214315647205,0,0,0,0.9999980338404403669018967046669132899710151710285632182,0.0001077105836759145589567313104889822231240410692489403311,1.054219794323052322434857405127001900770996138236850755e-81,1,ROOT_OK
cstr,cstrfold_0000373,dev,low_triple,0.01723426477837958527401650714309883400441863193525906151,18.645933530086406,23.74332190275337,0,0,0,0.04884889954042385969819003127974315605513693046963829095,121.2007168169873093432595259660042218611440760738293308,6.588873714519077015217858782043761879818725863980317219e-83,3,ROOT_OK
cstr,cstrfold_0000374,dev,single,0.005355396883012274991966026926449659299166869211545900501,27.591503930522016,72.42164957918806,0,0,0,0.9999996071908775712480687272540256452326269851028680583,0.00007334840483347632668106418387114741569741964152450881625,1.054219794323052322434857405127001900770996138236850755e-81,1,ROOT_OK
cstr,cstrfold_0000375,dev,middle_triple,0.00000225478393535316099619384189535456968208182818410205755,88.53683553510207,20.334851562116274,0,0,0,0.9213659097066713033976203750133656391887946346391014862,-8965075.322371196990880101807838033186316903031681745265,0.0,3,ROOT_OK
cstr,cstrfold_0000376,cal,single,0.0004280474979826535389508780485414117188627125077872003886,18.90698130392481,22.119044735539433,0,0,0,0.0004319682121753903186853654129317746383044293715737004312,1.018440497046278827670159457220840752823937869333287675,4.426899526942504869599498869185652513003206439861775631e-83,1,ROOT_OK
cstr,cstrfold_0000377,cal,single,0.0000000291326536186865530737395180750740367595453264873502211,27.018145783764112,76.26813297479711,0,0,0,0.00000002913271749982188773298310337631575195548417483882233512,1.000004385541980519802852734147446940827692760146784292,3.111630071161395647134127796653320013005994666649499107e-83,1,ROOT_OK
cstr,cstrfold_0000378,test,single,0.01933351895246287947718066128249393895869143685318614229,92.60750379126519,20.28800654635595,0,0,0,0.9999969371823488644879674690612314124414598059427365478,0.0001584262205262110032684454553757743524834716616784832737,0.0,1,ROOT_OK
cstr,cstrfold_0000379,test,single,0.01734158976876972803066040344555674509537805257952189346,19.715844329239076,23.619554925457848,0,0,0,0.9987522752544498617580602696336993549925966699100425145,0.07230116671855308942545105269635215384136495543845146271,1.054219794323052322434857405127001900770996138236850755e-81,1,ROOT_OK
cstr,cstrfold_0000380,dev,single,0.00528815010614325982791279486343779429743814375359120353,27.94764465705918,73.28681641287822,0,0,0,0.9999996909900717669785033398975765799228235080578271507,0.00005843449219189772043001705829064722111329840306380536901,0.0,1,ROOT_OK
cstr,cstrfold_0000381,dev,single,0.000001390183254509110477627258294239947033673397140253272996,87.3530811945838,21.163785520413775,0,0,0,0.000001390222224855662308422391022442231910631556346183338883,1.000056066217464986218355782421724088324126594883051957,5.607620549026734002697621023975721170177753506307467242e-83,1,ROOT_OK
cstr,cstrfold_0000382,dev,high_triple,0.0003575570510055193625297925564538419475451490152641152026,19.23422441626631,22.608858005221265,0,0,0,0.7919752121946887824297735255384601270048296565468196524,469615.373692352796106815555267749314190457665784344808,1.054219794323052322434857405127001900770996138236850755e-81,3,ROOT_OK
cstr,cstrfold_0000383,dev,low_triple,0.00000002211866359454229337088680303760605980893915978599074018,27.467652198843943,77.02085813147498,0,0,0,0.00000002211870078671951138947314596387771834044132994352518615,1.000003362971979873613359711092530552406977291192331013,2.499085170385862042382564801962824505337090415517047789e-83,3,ROOT_OK
cstr,cstrfold_0000384,dev,middle_triple,0.01848197230506624370852095710889333413060346612115688927,90.98996337015079,21.129454571963933,0,0,0,0.05472888456672330199282863940937977327128247682252929753,-42.51441443149439035360861927467170666078030274070388593,0.0,3,ROOT_OK
cstr,cstrfold_0000385,dev,high_triple,0.01707758906435865726338748631562080144963861976682668689,20.177891013903718,23.698895388113716,0,0,0,0.9989128613852318284414505238366493587381546033357250804,0.06393799255459532238736407131212435596310989365841138588,1.054219794323052322434857405127001900770996138236850755e-81,3,ROOT_OK
cstr,cstrfold_0000386,cal,single,0.004992277913893548373235251771592794225102851863159364116,27.66818733264614,77.7052079340302,0,0,0,0.9999997241503214598420961304934494644921089203497026974,0.00005525533931847807476917812691133246402745758550335108872,0.0,1,ROOT_OK
cstr,cstrfold_0000387,cal,low_triple,0.000003131715308957720157668171460611486913855230828905808804,87.83570872812642,19.846225105372884,0,0,0,0.000003131900162176037492699319460413624818392589951526261715,1.000118057554513933654601167288036403554453154060172244,5.676790854135210641285113193806746990693428606930307487e-83,3,ROOT_OK
cstr,cstrfold_0000388,test,single,0.0002950243271195912052909890576952961810766565949184116468,20.09745433103562,22.58662240422383,0,0,0,0.0002969206855813570933098657089245492402836002278231271393,1.012915479697669280101981212619917902366751671765962196,4.890179709994627472232004564798104520177960602172891686e-83,1,ROOT_OK
cstr,cstrfold_0000389,test,single,0.00000003371154102920077892899194560900385960416009744882411539,27.435567116877767,71.79102299133035,0,0,0,0.00000003371162148121377297722620335880924817855774265479064795,1.000004772973938767875435306778573324733899439732536362,6.329767834145890769564221461642022262361979609058186271e-83,1,ROOT_OK
cstr,cstrfold_0000390,dev,single,0.0201011210082306173367758868202371773196279246083719368,87.24017465014612,19.56867778578451,0,0,0,0.9999943077801534042537523390547088947590052867042739279,0.0002831986570959402386777517381279405126494304514898826047,1.054219794323052322434857405127001900770996138236850755e-81,1,ROOT_OK
cstr,cstrfold_0000391,dev,single,0.01789635546738492632797612234244924852520521632056390574,19.412590857580888,22.901835070787566,0,0,0,0.9984625642826674212108144203170327032343975709156931059,0.08641615948023221627628096296622314110637459611621658895,1.054219794323052322434857405127001900770996138236850755e-81,1,ROOT_OK
cstr,cstrfold_0000392,dev,single,0.005139354438986229530117213951140945182456279818541240757,26.50179911203457,75.53869809385064,0,0,0,0.9999994128367155915820528825929915823628594442788972518,0.0001142487258475720851350676576418942521736192951497455469,1.054219794323052322434857405127001900770996138236850755e-81,1,ROOT_OK
cstr,cstrfold_0000393,dev,single,0.000001135874650054352270344331635511819724865431560681418619,88.11071154282729,21.459464576105606,0,0,0,0.00000113590104799693777860154973045832269612893599290459412,1.000046481182608434457955072748508278640927682192906641,7.347334153092256901124895016353731051287116792902856176e-84,1,ROOT_OK
cstr,cstrfold_0000394,dev,middle_triple,0.000388073449722046311865132121817061539874647512660758278,19.156833567419792,22.30995240376886,0,0,0,0.7867170970697021412532068188519372910208237913639330065,-22169.62518753523807746886077025315158488676672067520674,2.10843958864610464486971481025400380154199227647370151e-81,3,ROOT_OK
cstr,cstrfold_0000395,dev,high_triple,0.00000002916195855826430129835257246597800849573601720203212155,27.943876345573564,70.76544416946639,0,0,0,0.8361999101222261476882725408149667951643018564653789887,1707388201.802470298475008369310644743127574673824545857,5.271098971615261612174287025635009503854980691184253775e-81,3,ROOT_OK
cstr,cstrfold_0000396,cal,low_triple,0.01827385871478740403834625760836507361448062958054993698,89.12923708384163,21.41004090217533,0,0,0,0.04975647916288503315409227334024842426814195365893002925,225.2274594923377844735959604179214737027607676480452012,0.0,3,ROOT_OK
cstr,cstrfold_0000397,cal,middle_triple,0.01857773835122451917292954739325869383353414887206472465,18.35736600191748,22.141677782716148,0,0,0,0.05428383861434420891089097141951154590497180751384144255,-2157.295243902544719859123379277408440681653442692589409,0.0,3,ROOT_OK
cstr,cstrfold_0000398,test,single,0.005056963657190292289446041793604417934323635387318900308,26.877787332109396,76.70693969478161,0,0,0,0.9999995511810008171743756368381828004349215802749950654,0.00008875283045432099180432576043405477022173925159831016932,0.0,1,ROOT_OK
cstr,cstrfold_0000399,test,high_triple,0.000001116683176910716032073783475426804982114876104411644393,88.0207529384151,21.492354706054947,0,0,0,0.9254703444118840661135519677649297411193024545669992238,4510820.866143247729760248638476940889484093686403600636,0.0,3,ROOT_OK
cstr,cstrfold_0000400,dev,single,0.0003176569333536966597891802153342018741534577622194697641,19.50389344901526,22.870341519297163,0,0,0,0.000319886165548376459314598205166859333906520755030189776,1.01410677955765953046033598825151512086887068477463092,1.698694004524449542985854217245657359640765261807425533e-83,1,ROOT_OK
cstr,cstrfold_0000401,dev,single,0.00000003320901411117108924828340787259356273222361772013668732,27.710480897694346,70.4825525103514,0,0,0,0.00000003320909073947193092210390674853388070642457665864014214,1.000004614917498332841758958194665685793513996447670449,3.074685411923996628549901759905362499223117508754151249e-83,1,ROOT_OK
cstr,cstrfold_0000402,dev,single,0.018755537885520745018527708248785004382107542190710208,86.56574555193376,20.96536585077811,0,0,0,0.9999975055591715896883531001052087586119104557554536207,0.000133001738791478859722183083472533071116490538905497829,0.0,1,ROOT_OK
cstr,cstrfold_0000403,dev,single,0.01835502035387411563035255647211398531790739860614032542,20.063302097150874,22.27253405607992,0,0,0,0.9985721230270861349676999327353796861021736147584390953,0.07823996698752151610515339047405693024413269429838247222,0.0,1,ROOT_OK
cstr,cstrfold_0000404,dev,low_triple,0.005307725995205512356501002388337380490426725255572621206,26.52924278199711,73.15408696306642,0,0,0,0.0146867382299694515279519112349830871044905008013961302,122.8774988894129726891262687263486201650413653124807492,4.941655285889307761413394086532821409864044397985237914e-83,3,ROOT_OK
cstr,cstrfold_0000405,dev,single,0.000001807283259034476387606698279959898173986132769382862074,91.45858995528658,20.54664824461351,0,0,0,0.000001807347107072652680240100617163862643777223313958732649,1.000070658226389626439650801462454739193064098926774952,3.230896693264542525650651700130589779203103246534293734e-83,1,ROOT_OK
cstr,cstrfold_0000406,cal,single,0.0004744620017482071917357729437460952710920302428226258292,18.48021417133913,22.100454609158984,0,0,0,0.0004792816460523333173016355163894036028080406462697148679,1.020465539976621877529921148363133423244833795753781169,6.177069107361634701766742608166026762330055497481547393e-84,1,ROOT_OK
cstr,cstrfold_0000407,cal,single,0.00000001724840075451606072340188054047416991205981341752278286,27.979380899748854,77.0156014128444,0,0,0,0.00000001724842336975795558224330663038459552929501429383071372,1.000002622302659883227490033305169930963519270961623855,7.529905302704065470725148013668452636959622247898915705e-84,1,ROOT_OK
cstr,cstrfold_0000408,test,middle_triple,0.02004074926579798656884344667252273134109304803680869787,85.5348026970282,19.624764398809848,0,0,0,0.05655928377926274508778309301654372997989876420884141094,-129.7187291650986347592926922321537685412024918487788556,0.0,3,ROOT_OK
cstr,cstrfold_0000409,test,single,0.01708688902821348071529610223153311472227058968559853271,20.216378855627035,23.82716861521196,0,0,0,0.9989544709698723587215457526639295457404927492297502705,0.06144753518376549561967156816175296608349815144041229809,1.054219794323052322434857405127001900770996138236850755e-81,1,ROOT_OK
cstr,cstrfold_0000410,dev,single,0.005181640593291380701796513019702018081006356740549449415,28.539973218215902,74.7099443600713,0,0,0,0.9999997925595000999825334339502447015864766537145555112,0.00004003378828974841372513894340570080775072486861445837174,1.054219794323052322434857405127001900770996138236850755e-81,1,ROOT_OK
cstr,cstrfold_0000411,dev,high_triple,0.000001458818470694795527667991927525879588052216976193003583,86.99440287800091,21.114312284928687,0,0,0,0.9235532551495656192181202617452549420562128981258528146,9264689.658611929475467692474055102515440748417075542263,0.0,3,ROOT_OK
cstr,cstrfold_0000412,dev,single,0.0003651402633163386224240756852787808687027994834169788599,18.701111016025855,23.11874171123157,0,0,0,0.0003681240837058286213293263846143132343679631078379124094,1.016440007656437450234732621958904527340341881493255831,5.044606437678668339776173130002255189236211989609930371e-83,1,ROOT_OK
cstr,cstrfold_0000413,dev,single,0.0000000262742097561916457936002559753318300751447275738435993,27.14032681682101,76.85543259382297,0,0,0,0.00000002627426212193590168992421175525792770372729881137716455,1.000003986100517515332343805279246752025410344636974175,3.996536190121373806868935191347530880171781130622311886e-83,1,ROOT_OK
cstr,cstrfold_0000414,dev,single,0.01964106696713130550472802688461709426072929682011141725,87.9556631539674,20.000082478918593,0,0,0,0.9999957331935842094042860572828554635689316235680189149,0.0002172504135185680118370668596516960636422282486750449505,0.0,1,ROOT_OK
cstr,cstrfold_0000415,dev,single,0.01864713250412932021815915488903918792818221909328658573,19.951448681758254,21.949457054719765,0,0,0,0.9984401055628152794613438002988868374235606860550693686,0.08417632017791777547790345005306970645138777586089569272,0.0,1,ROOT_OK
cstr,cstrfold_0000416,cal,low_triple,0.005485184936058878357591689322102172088979783264370737319,26.900510270578337,70.76473565360438,0,0,0,0.01502974787619356116352387693036681434104280586008872841,88.25307278409968936953965588196105339638239278491135211,0.0,3,ROOT_OK
cstr,cstrfold_0000417,cal,single,0.000001948560613675544060861654036248881068149396713888838795,88.61066666458314,20.5639342187106,0,0,0,0.000001948634899960605051486152542516819672504597660798008982,1.000076249503481631805833133340845917961206358536945005,5.55413420844866776472008347404824190198830706222120124e-83,1,ROOT_OK
cstr,cstrfold_0000418,test,middle_triple,0.000382862641140647095653382413571983909399050077245888439,19.795446521152822,21.726657278388693,0,0,0,0.7887411760486583945736144504876803260713352670671842833,-10860.77901431993328917681549186448696480419487832216073,2.10843958864610464486971481025400380154199227647370151e-81,3,ROOT_OK
cstr,cstrfold_0000419,test,high_triple,0.00000001945593744297780407033014117614270494606414658195688814,28.649618490958055,71.6874434744162,0,0,0,0.8405904787659785569104247516225562839549685732477437909,2683966323.360704241857448579049115144656229229332800236,0.0,3,ROOT_OK
cstr,cstrfold_0000420,dev,low_triple,0.01919772936940402110850889017002396560596593678882817294,91.62753591077067,20.408539884912937,0,0,0,0.05069336933129845078048459740888165962157192425944231715,63.17805388424535016757169703759717390935327187827561673,0.0,3,ROOT_OK
cstr,cstrfold_0000421,dev,middle_triple,0.01786731668258497773252063283183006958912711411783199997,20.198246434524396,22.834482971994547,0,0,0,0.05290136710839933986162811329842018187845178656706758893,-150.8201047726762526160137341273565166322153533257967177,1.317774742903815403043571756408752375963745172796063444e-82,3,ROOT_OK
cstr,cstrfold_0000422,dev,single,0.005269810702564426369332537547619882425745980755216005657,27.069572956343897,73.6318207659726,0,0,0,0.9999995189187769020059531965309538600528055301078188856,0.00009129022847320523392373094366554992011773553660141720459,1.054219794323052322434857405127001900770996138236850755e-81,1,ROOT_OK
cstr,cstrfold_0000423,dev,high_triple,0.000003226775299023532419631591401409357154432339944227121619,92.3699465074354,19.599386286973786,0,0,0,0.9219826734749820028222061697104804029751758308004958106,1614813.639519425386608260043974128756555118746982899904,1.054219794323052322434857405127001900770996138236850755e-81,3,ROOT_OK
cstr,cstrfold_0000424,dev,single,0.0002548552879080495500068166064187153289450810714648389902,19.75817823458798,23.63081256600384,0,0,0,0.0002563375481157105361389389828181128385729788014784359408,1.011681154263215562325669956628805633955022360643471547,6.177069107361634701766742608166026762330055497481547393e-84,1,ROOT_OK
cstr,cstrfold_0000425,dev,single,0.00000003424602722845594506146238943559505943735566237070599257,26.605231570172567,76.81258863682356,0,0,0,0.00000003424611614106798811959866921122861835512826417799421817,1.000005192589500603105819437592629353167614348880934882,6.153505458728205614311882902782092639243774463021550035e-84,1,ROOT_OK
cstr,cstrfold_0000426,cal,single,0.02021724277095100701456621826834049005494308217738968437,88.43467093853457,19.481609754287046,0,0,0,0.9999942332324687126622895383979231811703666605266138802,0.0002852599358634691747106835010660946809691709990624606877,0.0,1,ROOT_OK
cstr,cstrfold_0000427,cal,single,0.01798456144856749574514465173608470901303644645027390129,19.71650618522615,22.730556280657385,0,0,0,0.9985473168709861468355394403135759562796184463404025856,0.08123536805296666119029175271882802310822089033153541391,0.0,1,ROOT_OK
cstr,cstrfold_0000428,test,single,0.005423428596445970669147578324575969571262594836198986719,28.492435297937583,71.43239649230483,0,0,0,0.9999997369998863736483015264771709741628554032508146277,0.00004849339149526669130049988126040001153471725426506871111,0.0,1,ROOT_OK
cstr,cstrfold_0000429,test,single,0.000003079322337254582246926816456037330358464190989134832669,84.63934746600776,20.029118661855236,0,0,0,0.000003079502791367684277059006412379628527659927052623896306,1.000117208884482299008481895570225151318677487253576281,6.059238296915218102312468156070151382033004308629848604e-83,1,ROOT_OK
cstr,cstrfold_0000430,dev,single,0.000281101330063524936987005422558630179245154518312129456,19.771410758475266,23.15169890516105,0,0,0,0.0002828676157488688202750952383566898843437791064770251768,1.012624077054932341960191839696518314887302503075293103,5.096082013573348628957562651736972078922295785422276599e-83,1,ROOT_OK
cstr,cstrfold_0000431,dev,low_triple,0.00000004991623356162824513037227353434319207765230549154647527,26.582726198436376,72.09886746356818,0,0,0,0.00000004991641071464459002787071128082962039078947885111159629,1.000007098030562466701541236085355554908242913466820455,2.262719781853843761395364087903606912266811110917778291e-83,3,ROOT_OK
cstr,cstrfold_0000432,dev,middle_triple,0.01952918716598688137253869271112675356953530161183152711,90.54551200488353,20.089588958391584,0,0,0,0.05578507019364699314760228436474222451447071946702396905,-83.07949745582905118601399884593744870667683362566205961,6.588873714519077015217858782043761879818725863980317219e-83,3,ROOT_OK
cstr,cstrfold_0000433,dev,high_triple,0.01826979637198808849450372525955969033324401996953313097,19.82351428100775,22.386658401619638,0,0,0,0.9985044072025458871476706608627530565092073099521641578,0.08234722097356104057931916586342680502448983988587293207,0.0,3,ROOT_OK
cstr,cstrfold_0000434,dev,single,0.005331731025425671181495636730282861729307770162403298639,28.604624862035358,72.63141609076527,0,0,0,0.9999997706920305090687667030263221730578996653725858723,0.00004300821266507439348096222659661538958992315021583266864,0.0,1,ROOT_OK
cstr,cstrfold_0000435,dev,low_triple,0.000002845216453902441914938528449185015358952341958489349721,89.84928353601039,19.905012074915923,0,0,0,0.000002845369507063445180402543672610220161263182891629821722,1.00010759060480587247391162167026700924326665006567103,2.54643239503996555544186290331427613665845777409200248e-83,3,ROOT_OK
cstr,cstrfold_0000436,cal,single,0.0003929449522552931188774427403789222679211478160153940686,18.576892775589663,22.90494212296668,0,0,0,0.0003963697447142976839461346842784466985367017800281379173,1.017541280249525768647355482604524122499575776801370039,2.573778794734014459069476086735844484304189790617311414e-84,1,ROOT_OK
cstr,cstrfold_0000437,cal,single,0.00000002245216044621293595723749329372283954966429101558243378,28.109162311588882,72.94486387917266,0,0,0,0.00000002245219671366919820360664568236939873632767119569709088,1.000003230646708836164931489585631640040800635756605524,6.03457815316538011465470897906235152441910833003297937e-83,1,ROOT_OK
cstr,cstrfold_0000438,test,single,0.01825954994816653995636434390739937929455021746642304471,86.93380117412626,21.43447911705024,0,0,0,0.9999981341612575423281145509551181614906451210129311388,0.0001021867071650515148883384567327589546744536178054507788,0.0,1,ROOT_OK
cstr,cstrfold_0000439,test,single,0.01806039159229953197730696428739865974761542669684654512,19.65057299045115,22.645004849813834,0,0,0,0.9984980881389624528900238357079364979319354622688989494,0.08364980664164383756844549737729769570262630584871390474,1.054219794323052322434857405127001900770996138236850755e-81,1,ROOT_OK
cstr,cstrfold_0000440,dev,middle_triple,0.005173545236255012886950130807522714237503606278659216757,27.854070067673653,74.89468942827267,0,0,0,0.01472454618226922472865986254161388518204714412231696698,-522.4102380697226702176713529670114222263725271026261539,3.294436857259538507608929391021880939909362931990158609e-83,3,ROOT_OK
cstr,cstrfold_0000441,dev,single,0.000001108822520776888150820385789257296436778901156975642528,92.41889583908929,21.274909023510908,0,0,0,0.000001108847449355001425609499940253374123583622068322721188,1.000044964806009194074389779869767664203624758558881355,3.793106498739253809053640382826950808743299703922262696e-83,1,ROOT_OK
cstr,cstrfold_0000442,dev,high_triple,0.000379901429693722414419946323245653111671880205547119133,18.498740021513232,23.167404258800207,0,0,0,0.7838745406705671697928143505701182488169279035283813404,778264.5303962678814062277619078661478026987077871660006,1.054219794323052322434857405127001900770996138236850755e-81,3,ROOT_OK
cstr,cstrfold_0000443,dev,low_triple,0.00000003307288653957726478959386309609364658464868810210568304,27.400819059131788,72.28594482973544,0,0,0,0.00000003307296451354058692744483397923906932209167033510369744,1.000004715288316097582438411421263244469895209961510575,5.926760322478261982096252911107622550825520828757815459e-83,3,ROOT_OK
cstr,cstrfold_0000444,dev,middle_triple,0.01997361355250736499177540171519660872496444436250475925,88.94003881330964,19.681936534283025,0,0,0,0.05523040850357253783364672116436635836365998612222198348,-1110.705224820512058725949781916504906425371150159984222,6.588873714519077015217858782043761879818725863980317219e-83,3,ROOT_OK
cstr,cstrfold_0000445,dev,high_triple,0.01880539050885724268278181124790487114849049548119440027,19.083616047559175,21.833052463315106,0,0,0,0.9979741453242831014214534441157668276949722397005390725,0.1085536913874837648330523049650085560630671535293583552,0.0,3,ROOT_OK
cstr,cstrfold_0000446,cal,single,0.005056905967954296941532347910075819125990906410483379455,28.07432606763168,76.60124175431332,0,0,0,0.9999997635902804140050557615003141830932333721385899126,0.00004674992439152826029027529302030410120249822561942523794,0.0,1,ROOT_OK
cstr,cstrfold_0000447,cal,low_triple,0.000001216937044992916568345464443902397337788655938134989542,89.20243318694789,21.289837952377123,0,0,0,0.000001216967094042618362856617931219872773444067526423961752,1.00004938562974921130074005118661495882598653214209135,5.115787507470530927159813328026043388255249738506690389e-83,3,ROOT_OK
cstr,cstrfold_0000448,test,single,0.0002680964597578687279166886699975425020379310444463411977,19.829903247519848,23.303189977340274,0,0,0,0.000269713499803206048343149644645645483735178342649689554,1.012115810098411832620707500508643964452506162176807573,7.206580625255240485394533042860364556051731413728471958e-84,1,ROOT_OK
cstr,cstrfold_0000449,test,single,0.0000000222103458967886784481391106969613137916235554769173852,28.522437091651433,70.8423417733131,0,0,0,0.00000002221038035005673320868899761460119437577213295918914662,1.000003102455705269255636799218728584462422474046684425,1.273700037771922521650004570941021515656600524286913186e-83,1,ROOT_OK
cstr,cstrfold_0000450,dev,single,0.02013778466879470810979672748940059179072739890338830478,91.93531003479879,19.522709254059574,0,0,0,0.9999949591749150647255276912551233360078431792919844346,0.0002503322627958590660811894506081672422576209040561430031,0.0,1,ROOT_OK
cstr,cstrfold_0000451,dev,single,0.01717689692615511835132996771719380241044568316260166849,19.222536382846936,23.780482660356697,0,0,0,0.9985847873054692166450321371169345845082948547952337777,0.08283096250319979306542577345911885807707721243406596347,0.0,1,ROOT_OK
cstr,cstrfold_0000452,dev,single,0.005116903420539533402478297232149861967495794626778234322,26.00468130931278,75.92560722982984,0,0,0,0.9999992439063005069390045603167716043783206695247312633,0.0001477643587925618552829126124946336609383960978910301163,0.0,1,ROOT_OK
cstr,cstrfold_0000453,dev,single,0.000001240762724149947014446403223727422636999307764361860443,90.71760451431184,21.180130594708245,0,0,0,0.000001240793792458808464961266374294322704447567695215838688,1.000050080303863678018882610330475457097405563312851896,1.895748943496272525008360980136370452970304792651563438e-83,1,ROOT_OK
cstr,cstrfold_0000454,dev,middle_triple,0.0003840699658781667621955046606466869270775674839613113719,19.861778537542154,21.64516257184098,0,0,0,0.7969669489880135671107265209035176417147743088395753718,-133400.7570455052725906122117063588201755115792186062791,0.0,3,ROOT_OK
cstr,cstrfold_0000455,dev,single,0.00000001710439244202446745472956021444949908915429063152843329,28.08206161681504,76.48361372658668,0,0,0,0.00000001710441452557039983583317411201342338239303750098099919,1.000002582210022239769749448086329491487585832604101254,4.479600412566123471328541095600333977089776849466041722e-83,1,ROOT_OK
cstr,cstrfold_0000456,cal,high_triple,0.0191321277840568889293750403816326660676131423002620475,84.86229225436279,20.50248935071697,0,0,0,0.9999964782997406823565115921974704743559470250482470019,0.0001840805608547804868963164346024323915554318925050148013,0.0,3,ROOT_OK
cstr,cstrfold_0000457,cal,low_triple,0.01816873887215495889871569593255804246132155758415133034,19.039807484223022,22.545764190915378,0,0,0,0.05081226051285355271227389975916053801422531429831908013,81.59344491256395546827978128173453089051436210387666004,0.0,3,ROOT_OK
cstr,cstrfold_0000458,test,single,0.005465215467148204355550326040998316336483945367636872583,28.031833484422883,70.93990347582728,0,0,0,0.9999996561308267126626400544620079816850775989454133819,0.00006291970188927830503454852077291282088720988091560680573,1.054219794323052322434857405127001900770996138236850755e-81,1,ROOT_OK
cstr,cstrfold_0000459,test,middle_triple,0.000003060240665576863984059528949860632914173384637648640364,85.899515943135,19.979458926788837,0,0,0,0.9149939724783392344384213947464611056808455951875295632,-450041.8361555681332920500052674201302362139661179000929,2.10843958864610464486971481025400380154199227647370151e-81,3,ROOT_OK
cstr,cstrfold_0000460,dev,single,0.0003328049767583009471784021515465703149287149475522861352,19.154078416920367,23.035507645570625,0,0,0,0.0003352717433130705728838466614783762811449436297603382495,1.014903606181199830212883850255306988954328920122320947,6.228544683256314990948132129900743652016139293293893621e-83,1,ROOT_OK
cstr,cstrfold_0000461,dev,single,0.00000001930310630103824924045780851476594435386361187602281444,28.564726750230378,72.22857060718675,0,0,0,0.00000001930313284156315693361362361250383558439408564839547538,1.000002749873642493009315945055280922961877005933017386,1.763126445347698039722422595647486825807892122434842308e-84,1,ROOT_OK
cstr,cstrfold_0000462,dev,single,0.01827547496090343193286304129650107090648804863146376999,92.02932296731512,21.401706493228712,0,0,0,0.9999984253907922760492903348560208171367564479954819666,0.00008616146289522215424879295717243561301336643463987774209,1.054219794323052322434857405127001900770996138236850755e-81,1,ROOT_OK
cstr,cstrfold_0000463,dev,single,0.01729485307587090063820071639867089698082597399342202577,19.469624473582698,23.75951519020576,0,0,0,0.9986910202916518586483023488477872052931825820919946359,0.07606695032467926164849513225580632401728988608472694492,0.0,1,ROOT_OK
cstr,cstrfold_0000464,dev,single,0.005481480973939222650560676983522750174952544810227917266,27.45442143486401,70.79063833905006,0,0,0,0.9999995325372362392636040629902629105911405375721680817,0.00008528055747735331882889515746757337767195106243893445912,0.0,1,ROOT_OK
cstr,cstrfold_0000465,dev,single,0.000002955482125084408506825578787336495206583260176133634764,91.81774347024451,19.759019718895605,0,0,0,0.000002955645996274636698355250520969821372436390385125017466,1.00011089760432362239249962596937399433066081010098725,5.750384841547136367224131025661850043916501533755771235e-83,1,ROOT_OK
cstr,cstrfold_0000466,cal,single,0.0004503403319985330561554982685914138464684104422836181993,18.909998836812132,21.879128352783095,0,0,0,0.0004546330449973402550384511175383510501265029341117187052,1.019195840522865944153890450584924780411699653550887626,1.544267276840408675441685652041506690582513874370386848e-84,1,ROOT_OK
cstr,cstrfold_0000467,cal,single,0.00000005765944360593832121701412855713933171762454355393385725,26.016604435561334,73.67062882594198,0,0,0,0.00000005765968520902049072882894352915102455867685775432705344,1.000008380372972322690141603684131915125195851237925934,5.552205131080544370093778959500810495111643521533409456e-83,1,ROOT_OK
cstr,cstrfold_0000468,test,single,0.01889033833584039119409554949417799390426014709122414963,86.88035388434984,20.754571996936154,0,0,0,0.9999971931771782092942820169143952214561741845616023045,0.0001485903232276695313046861952315745780807171184824148026,0.0,1,ROOT_OK
cstr,cstrfold_0000469,test,high_triple,0.01798826857459053187014288760395816222913825055882254342,19.898489057084255,22.713084545647327,0,0,0,0.9986161779518677234805288510535878436879835856767634969,0.07735290647294529093300950140902886331232106049824549973,1.054219794323052322434857405127001900770996138236850755e-81,3,ROOT_OK
cstr,cstrfold_0000470,dev,single,0.005438509865497565630051865592036882853075082440958556778,26.39853410548927,71.45578862387397,0,0,0,0.9999992189661539932089484918066780840844948831317557141,0.0001436122076889950999372878853567033014549151041054993554,0.0,1,ROOT_OK
cstr,cstrfold_0000471,dev,low_triple,0.000003493316350945766350392067438718902662736176798332283746,87.00402939373889,19.713030655342717,0,0,0,0.000003493544733090765531401537379656345018505105792793212678,1.000130760122903898074800569032235661580166125981198272,3.635060394625118233676405366875827858378995549592168417e-83,3,ROOT_OK
cstr,cstrfold_0000472,dev,single,0.0003781095672320744313595290777234048432421896515726828199,18.722065659231177,22.92200829185026,0,0,0,0.0003812816430787361993022108516623722435180557210425121571,1.016880417438352100416206372517646858826080352520466553,6.280020259150995280129521651635460541702223089106239849e-83,1,ROOT_OK
cstr,cstrfold_0000473,dev,single,0.00000004264816370129683217300185111598475748380405944265740889,26.264365247114988,76.1277370834777,0,0,0,0.00000004264830034921307237576115305321337786408162720461701763,1.000006408165049853614360988898325460451421450599771035,2.676214688073257388053242197980882904184870703621811928e-83,1,ROOT_OK
cstr,cstrfold_0000474,dev,single,0.01978395085289735206745237734000079454005530718130830968,92.28131818648258,19.851901897496862,0,0,0,0.9999959403563369676318048178743732964321224991354121351,0.0002052092024683992046169755837549159215593270808305410006,1.054219794323052322434857405127001900770996138236850755e-81,1,ROOT_OK
cstr,cstrfold_0000475,dev,single,0.01757020856547320600356491524949415121141949563729436288,20.07724663917292,23.213629170668877,0,0,0,0.9987929047229336952273670646423388793709015152825307524,0.06903442599547203815373351322077585114048177766618184595,1.054219794323052322434857405127001900770996138236850755e-81,1,ROOT_OK
cstr,cstrfold_0000476,cal,middle_triple,0.00541866541282750237549504261228733979474242074287374461,28.53721537953181,71.45646994533593,0,0,0,0.01582226921482173129574783702413380354952731459536492713,-97.3414920412911663797550737316031614540409944814182046,6.588873714519077015217858782043761879818725863980317219e-83,3,ROOT_OK
cstr,cstrfold_0000477,cal,single,0.000001491731698923895810376464027331806718014414175039967569,84.86415360572578,21.197054041528688,0,0,0,0.000001491776644702295638757472382450738751276945736389899517,1.000060261217872333585731977578531290865084840591738369,2.530748430509555154831908283410729584332229117555428238e-83,1,ROOT_OK
cstr,cstrfold_0000478,test,high_triple,0.0004826077226200218572269345295720046285177860078355069626,18.375693913750432,22.136720253030823,0,0,0,0.7839394438046065207015896044651872661244736291764766701,42560.8776949059051337602922868151966912935491054163194,1.054219794323052322434857405127001900770996138236850755e-81,3,ROOT_OK
cstr,cstrfold_0000479,test,low_triple,0.00000004728102964158748292552777762916993442487150569749672643,26.24291971944763,74.85706440496882,0,0,0,0.00000004728119474958432320406391554367643717189641963141985607,1.000006984129542284121640889555058923794589716526571052,5.638567474231970870888336770379954651831069264898263772e-83,3,ROOT_OK
cstr,cstrfold_0000480,dev,single,0.01931786397562516619610089923187494174752132732809166075,86.09246809051199,20.321516087875256,0,0,0,0.9999962509731054181146060750506799512940550041587044234,0.0001940794180237319277815515545460558228802954065377389849,0.0,1,ROOT_OK
cstr,cstrfold_0000481,dev,single,0.01870615313897352522386886481858816591564167759782059835,18.409131561736444,21.993873771882097,0,0,0,0.9976035759524735032818688664123784720267953098582763379,0.1292160689585170760516092233849437658826226840640627644,1.054219794323052322434857405127001900770996138236850755e-81,1,ROOT_OK
cstr,cstrfold_0000482,dev,single,0.005270478600066123420407316945267884882724656027326392895,26.615356224156624,73.67560242614381,0,0,0,0.9999993879786922816496249484661748221201409064340813824,0.0001161228273852337692887729289680554411104368634342985287,0.0,1,ROOT_OK
cstr,cstrfold_0000483,dev,middle_triple,0.00000394274632637651819422590089624832621654480528079701254,85.89133328201483,19.572350108230275,0,0,0,0.9184982250218703121969447649544379247064232375426324089,-10054721.07828353276704606830244757870786107032146293025,2.10843958864610464486971481025400380154199227647370151e-81,3,ROOT_OK
cstr,cstrfold_0000484,dev,single,0.000324356347968456246448441111717043401342876453059757324,19.516993053241734,22.744483172718578,0,0,0,0.0003266675829106639430357844157920029690607722222615726938,1.014324730628573269159627357251627092517086987535919142,1.286889397367007229534738043367922242152094895308655707e-83,1,ROOT_OK
cstr,cstrfold_0000485,dev,single,0.00000004483784618859835137900996629442943767093762883568891387,26.512422616642716,73.81016961845859,0,0,0,0.0000000448379925692243576439243704742910520398370185448211367,1.000006529349091384312274156488482433013536786583949847,5.207679453501268787143778216435284085858922764624824086e-83,1,ROOT_OK
cstr,cstrfold_0000486,cal,single,0.01825497170966104229160441322406843309662961115209105195,86.61609434737711,21.440335749405932,0,0,0,0.9999981173803798583210993793856699073149672313855829035,0.0001031316253523922521285434082543013041227079359765752549,1.054219794323052322434857405127001900770996138236850755e-81,1,ROOT_OK
cstr,cstrfold_0000487,cal,single,0.01801977239097212916140253018209460910961341083033000502,20.141101071419683,22.66614150112523,0,0,0,0.9986969535156137902168380645833230941509404021719846457,0.07269314402054733405508727568039599241102046156721341108,0.0,1,ROOT_OK
cstr,cstrfold_0000488,test,single,0.00503015159860193637040810082901177059510537952812655449,26.401760309982194,77.16679984527511,0,0,0,0.9999994308376291528230661552652110053194662464770990943,0.0001131504011802821501505891345409721463066996925840214208,0.0,1,ROOT_OK
cstr,cstrfold_0000489,test,single,0.000002999009181789307104484419219763473462714605643863541291,84.36512378768725,20.08602042467788,0,0,0,0.00000299918085712476902573969714469412778179436400361718442,1.000114492903869283677993487379651707990937866399674882,4.8258352401262771107552676626297084080703558574074589e-84,1,ROOT_OK
cstr,cstrfold_0000490,dev,high_triple,0.000303092422839617435436810071118249470872124075656168739,18.94014610503891,23.754643094890305,0,0,0,0.7888769866408404525915276367699989355396791493290340437,1555916.854626945951711061996172424108199528016383538985,0.0,3,ROOT_OK
cstr,cstrfold_0000491,dev,low_triple,0.000000026486256839843659662344596229184179011444875459914743,27.437247187034167,74.85365650982577,0,0,0,0.00000002648630864994202886558083413424341095578427263614411263,1.000003912230617597245331777257909079913427453816473724,6.540140947325327871816214930015734922059885180579114683e-83,3,ROOT_OK
cstr,cstrfold_0000492,dev,single,0.02011136804429135745265568266365340202954736574394130131,85.34523075571788,19.564656530042956,0,0,0,0.9999939138739512218842276108823719798447789077176012709,0.0003026431930521225687431901254197489744838430764666910475,1.054219794323052322434857405127001900770996138236850755e-81,1,ROOT_OK
cstr,cstrfold_0000493,dev,single,0.01763365689083222345010225780999191018166643602804878363,19.84289228007353,23.150402150165057,0,0,0,0.9986951036443281786154415882740164817181290232077154176,0.07438245601477337719004016646606050856199792123984168916,0.0,1,ROOT_OK
cstr,cstrfold_0000494,dev,single,0.005418278551258610261898500173301494847181916566027089805,28.62787598732184,71.48644134002541,0,0,0,0.9999997554150344891181957493557455962688046575696135435,0.00004514076806023990741480651725021880941072431251197924202,1.054219794323052322434857405127001900770996138236850755e-81,1,ROOT_OK
cstr,cstrfold_0000495,dev,middle_triple,0.000002487864133666050619336418725926876850075532527802776271,90.31327303077767,20.095321067616922,0,0,0,0.9215169433793307920709870207924150622415324253377499147,-34246359.91394498462021161972689842562655678561581522976,0.0,3,ROOT_OK
cstr,cstrfold_0000496,cal,single,0.0003589625951599410025671016638620415967583943399299647805,20.079963929798982,21.731818433169796,0,0,0,0.0003616630522448397187379746273205931348861489164090134689,1.015127934414237072665614183078527091725107780347861435,2.007547459892531278074191347653958697757268036681502903e-83,1,ROOT_OK
cstr,cstrfold_0000497,cal,single,0.00000002791312856492232347173742762059448527051999332302443587,27.82813208813199,71.91329779886948,0,0,0,0.00000002791318381666391486335513013172605253565936101217273452,1.000003958841192694936637648291763520195229877352336942,4.441760334680654147421030390047786966629621012261213965e-83,1,ROOT_OK
cstr,cstrfold_0000498,test,single,0.02010765416432665579017471808380538697305186686122469573,87.58761425680997,19.56505958469723,0,0,0,0.9999943617842674727603491959692654078664889625684011456,0.0002804205549546548636373607388946560221899905952953861861,1.054219794323052322434857405127001900770996138236850755e-81,1,ROOT_OK
cstr,cstrfold_0000499,test,single,0.01782683969260331900664653273404107758926078545487773708,19.433283612283827,22.94138655625413,0,0,0,0.9984786946637944468303662147961350771177302187608975615,0.08583825070957624885238909959607082797457419256952112377,1.054219794323052322434857405127001900770996138236850755e-81,1,ROOT_OK
cstr,cstrfold_0000500,dev,single,0.005137499280900552391572878076665777371288281034697318588,28.049906105996953,75.39291727368146,0,0,0,0.9999997425933272158928432679328967359436155065488591648,0.00005010355423170647199059796785247303953405152011281275304,0.0,1,ROOT_OK
cstr,cstrfold_0000501,dev,single,0.000001747280399190699367086267617356193416465334752119739224,84.33683140146,20.967897819181534,0,0,0,0.000001747341364119076697519970635474716629826082476801601497,1.000069784458815252800838331061098535862545561048186024,4.44198026206789948557060908063137035177842630191617394e-83,1,ROOT_OK
cstr,cstrfold_0000502,dev,high_triple,0.000228407617999961792891374687344090116947181101276782816,20.035101286511857,23.839229467540385,0,0,0,0.8010939343666433019276555608298302045917313768429804556,162382.2467018027618171851760752900467884377114759481283,2.10843958864610464486971481025400380154199227647370151e-81,3,ROOT_OK
cstr,cstrfold_0000503,dev,low_triple,0.00000006549421038361471962588571660209601765343283849885692747,26.240534789276175,70.61643351316539,0,0,0,0.00000006549450900470986823406714997071175286423632869599273504,1.000009119037783951015897411936743945848841540815273596,2.077496936315819971820190878409679939942996163510487059e-84,3,ROOT_OK
cstr,cstrfold_0000504,dev,middle_triple,0.01851114022390614787634406623996518736769451386682192279,89.38408320216632,21.148117167987984,0,0,0,0.05179320853447328601009999941963253303705758309259289829,-195.0149372250179873838757976531036944687360959558736831,0.0,3,ROOT_OK
cstr,cstrfold_0000505,dev,high_triple,0.01871732529361705000555881183045837312295855348753121325,18.48828782568484,21.97462812559361,0,0,0,0.9976512892503966604850455738744426584747203191842884794,0.126552440216814408002978286442059179627459912679648142,0.0,3,ROOT_OK
cstr,cstrfold_0000506,cal,single,0.005167168561013937243257370934386639634068148668714919704,28.218575892499825,74.95949114311084,0,0,0,0.9999997582918715078340072942233786906750263548025148296,0.00004677772648327195070264126298033876870703876380460867321,0.0,1,ROOT_OK
cstr,cstrfold_0000507,cal,single,0.000002725738765675925950608723523663325681835162710907285589,87.08236660045775,20.103324140950203,0,0,0,0.000002725880707705434533967195682452301961433368264305705681,1.00010415343031338522284649010401654146672570464657361,1.037554576627149578812382547465387307735126509342603664e-83,1,ROOT_OK
cstr,cstrfold_0000508,test,single,0.0003110069553572366538426973759241966024064409332003084467,18.902882824484085,23.667518900026877,0,0,0,0.0003132220260408878452920033555174788822405739741399490532,1.014317883348462994781059806366213678436850603022533975,6.485922562729716436855079738574328100446558272355624762e-83,1,ROOT_OK
cstr,cstrfold_0000509,test,single,0.00000004473341732062862622654383440049240333986108439514835483,26.682664422293627,72.7442567980322,0,0,0,0.00000004473356088720072378412248792964696900465640708796174056,1.00000641877671630294204300042649432478909660464796928,8.068193292086119544543963123459043744742626199103095349e-86,1,ROOT_OK
cstr,cstrfold_0000510,dev,single,0.01972578049707091647947393918288591203429754197237169113,88.42870914194899,19.917427420328302,0,0,0,0.9999955831987515644293998589559239209451305034269927544,0.0002239222210100987702932782530847024446951363563641448955,1.054219794323052322434857405127001900770996138236850755e-81,1,ROOT_OK
cstr,cstrfold_0000511,dev,single,0.01895303976104588472079956804452261784021342016827892288,19.01147686182771,21.678295965451575,0,0,0,0.9978772097608585116184696247533574153973811141114394191,0.1128992114997821530879562548427365446483658343123275339,1.054219794323052322434857405127001900770996138236850755e-81,1,ROOT_OK
cstr,cstrfold_0000512,dev,low_triple,0.005250400674409098061483967929192852109428644618609630619,27.958943568098164,73.7708140179349,0,0,0,0.01439330590640832993841514386492853164220130291755545495,94.28780990021036720908050888313585865755342546095823231,0.0,3,ROOT_OK
cstr,cstrfold_0000513,dev,single,0.000001566944977282774903976790319710838336262620624813688546,91.41594179120946,20.774410464927065,0,0,0,0.000001566993531956950675771799360373484873154307519657252662,1.000061975108597978935182485569934728623041335441319776,4.409405874197047115073011023908619820023951399878673593e-83,1,ROOT_OK
cstr,cstrfold_0000514,dev,single,0.0003497540760139708105809041864088826745559119925161598191,18.500013794516722,23.58371233819529,0,0,0,0.0003525485436502021088565577648556837735095744458520734165,1.016071909549312192357467644461531697717739033013715355,2.007547459892531278074191347653958697757268036681502903e-83,1,ROOT_OK
cstr,cstrfold_0000515,dev,middle_triple,0.00000003914944689264892893423194105209649165281442328355236931,27.1924546796932,71.42275657629848,0,0,0,0.8293194282642104045943746075631254506938999948726352449,-4320849686.855652617423288527016787251951648613565496642,0.0,3,ROOT_OK
cstr,cstrfold_0000516,cal,high_triple,0.02006761997841131931214722842135034268992037600746853081,84.43689814189479,19.60761999524055,0,0,0,0.9999938788601757328564482009159627371828075658377414279,0.0003050479454648770757826616935561017934875441582781314637,0.0,3,ROOT_OK
cstr,cstrfold_0000517,cal,single,0.01788269409203867322211553809214894472142187536652009936,18.529942832366647,22.941764902440617,0,0,0,0.9980098356732152886495085576979156448392541608754998007,0.1120904032139402124981618021352140167234749890199444359,0.0,1,ROOT_OK
cstr,cstrfold_0000518,test,single,0.005304645112703549299174080368006116317530636643240960927,27.436123477631632,73.72729651327428,0,0,0,0.9999996096058066118823703054924319655443566407253310931,0.00007359490770256059892057605204914618452627760138865263553,1.054219794323052322434857405127001900770996138236850755e-81,1,ROOT_OK
cstr,cstrfold_0000519,test,low_triple,0.000001125615494934505693891627499261583099912801664897564959,88.00446609063918,21.480250162644186,0,0,0,0.000001125641444510363289791391555090833375018373716452935469,1.000046108143605552784342036982875260674815533066166656,1.543261894498715701043611637945125501330832550233426961e-83,3,ROOT_OK
cstr,cstrfold_0000520,dev,single,0.0003240936018971962694042581546786271977340392909884787642,18.8748957932229,23.49436292590957,0,0,0,0.0003264814695471972884407761807188998239313490683014412937,1.01481419028624446647597031852357827765600570540847754,4.632801830521226026325056956124520071747541623111160544e-83,1,ROOT_OK
cstr,cstrfold_0000521,dev,single,0.00000001967595437519348648061906243232340820806056593064713037,28.02123920103118,75.0770366744942,0,0,0,0.00000001967598305367423603139053173932602261125337833418286944,1.000002915082113394553620869985264068622307778262945417,5.06521049204373873384670245638996718646285612614175206e-84,1,ROOT_OK
cstr,cstrfold_0000522,dev,single,0.01897536201815078876395146303365500357807621306632926069,88.44554565292823,20.662405940589235,0,0,0,0.9999971969349872454999294623861262743286013651061413832,0.0001477265012018281698069237724468147097549288371289252085,0.0,1,ROOT_OK
cstr,cstrfold_0000523,dev,single,0.01828751512558809506050271270021307434848396825356295181,18.926070590527598,22.430137534977597,0,0,0,0.9980814583581422389350233872953464299374017568246045152,0.1056610587347720609881128869574316064496094260626496199,1.054219794323052322434857405127001900770996138236850755e-81,1,ROOT_OK
cstr,cstrfold_0000524,dev,middle_triple,0.00543074405801064650344962998510953404671636192218507391,27.76207381628007,71.40936859028717,0,0,0,0.01544138148433279657993182506768377670591263182003771429,-655.19407430000458680995517348096953212766697585097869,3.294436857259538507608929391021880939909362931990158609e-83,3,ROOT_OK
cstr,cstrfold_0000525,dev,single,0.00000305662563565863664085485244544593791306248533265850686,84.32440203464287,20.058633576191475,0,0,0,0.000003056803715125811059566932194765110576533024131462681072,1.000116525341709146948639957809730619770782057534060886,1.819339885527606470754735908811400069842524158242612005e-83,1,ROOT_OK
cstr,cstrfold_0000526,cal,high_triple,0.0002727452473647019707187783261147851059527796251946796302,19.99968967182557,23.046139020302963,0,0,0,0.7997660513114584017930304486321975163918560709450228683,1145134.011064383725141887566641014053283489309538321229,4.21687917729220928973942962050800760308398455294740302e-81,3,ROOT_OK
cstr,cstrfold_0000527,cal,low_triple,0.00000005298171511335022195624273843500588804176949116628703591,26.25947041481399,73.22621781003596,0,0,0,0.00000005298191785796480115399406917713768567559762648273566956,1.000007653401963508634934261316885576716709986473962722,9.888877876495740368556123026124353655209274128378891204e-84,3,ROOT_OK
cstr,cstrfold_0000528,test,middle_triple,0.02000587268380734121447477886592158689401702055902218347,88.75122848143852,19.652516785751352,0,0,0,0.05519004743932622090507598499818285527095005742473594192,-15554.26976112177143221749692302804664404915693125479522,6.588873714519077015217858782043761879818725863980317219e-83,3,ROOT_OK
cstr,cstrfold_0000529,test,single,0.01813128907150923560000564878372995803430715427918988255,18.55781060631754,22.641415849820792,0,0,0,0.9979317627585026399992307264992389848482083332928529173,0.1149262993424890299858140444810772551596773142740621394,0.0,1,ROOT_OK
cstr,cstrfold_0000530,dev,single,0.005030939267132671283161400676532212965602804490897425782,25.992840876583543,77.2056375616644,0,0,0,0.9999992870198157132316779490343409764944394507160888711,0.0001417194936965226179439713585241785295882624223412643898,1.054219794323052322434857405127001900770996138236850755e-81,1,ROOT_OK
cstr,cstrfold_0000531,dev,high_triple,0.00000146191133186374681597799518490756146030100251503086567,89.00619212537184,21.004492049165968,0,0,0,0.923891683598833899462326993126896243049195339105608434,10739335.97689958414861677221444969838885819604575146179,1.054219794323052322434857405127001900770996138236850755e-81,3,ROOT_OK
cstr,cstrfold_0000532,dev,single,0.0002519992222935968954238984621299835537753204273554915201,19.85006269171128,23.58034524109509,0,0,0,0.0002534450533033339154429811682965185115294243085035040538,1.011522557897128875219314162359296166274792875504522607,4.426899526942504869599498869185652513003206439861775631e-83,1,ROOT_OK
cstr,cstrfold_0000533,dev,single,0.00000002073995436030949193456738685468918260134935421140039663,27.616515625877543,76.90813568564161,0,0,0,0.00000002073998701194336501483688615242463691696692454291706847,1.000003148673415738365759309279985867972893782574389808,1.096941254823026460288616967621003680345377724457653005e-83,1,ROOT_OK
cstr,cstrfold_0000534,dev,single,0.01885694487340229101092657464770020932666130396678631039,89.44787389865965,20.781994102089364,0,0,0,0.9999974843806368339070863178861802783585472098922121458,0.0001334097148012348206520942292981653170754685416213237588,0.0,1,ROOT_OK
cstr,cstrfold_0000535,dev,single,0.01850729453124035350549836755695137145089639644311221818,19.3637280519353,22.14636781798315,0,0,0,0.9982259995729495118112927725185016094680746815451084316,0.09650925133315434325900507607799078181843837381085086475,0.0,1,ROOT_OK
cstr,cstrfold_0000536,cal,single,0.005187551895228300128627066441942371592651335577142391636,27.94701126582915,74.68673470269115,0,0,0,0.9999997163680470903906056165847774641819330102745589065,0.00005467556251734342469679356263064912581293404938491421624,0.0,1,ROOT_OK
cstr,cstrfold_0000537,cal,single,0.000001488400035770405623778111915067622013124886466835736257,87.13335127830997,21.07419451862054,0,0,0,0.000001488444508804161219802023171938224428459736004816413601,1.000059760844002960616572017365458948510392845922314644,1.753185727444208755361465781269517817081893030030651423e-83,1,ROOT_OK
cstr,cstrfold_0000538,test,low_triple,0.0003539030338632362888073697167738146909503969223808733222,19.170681143534402,22.727502759488534,0,0,0,0.0003566549155125577330266589918848088098326600842318565303,1.015639131846599249277834487436548760588298278456057624,5.66231334841483180995284739081885786546921753935808511e-83,3,ROOT_OK
cstr,cstrfold_0000539,test,middle_triple,0.00000003965653276091752815169309253919920096549687474491179064,26.90790785119579,72.94128435158548,0,0,0,0.8233008319700303105073452114372029361712847733936244774,-229669252.3759505704828374208177675485229794346629700788,1.054219794323052322434857405127001900770996138236850755e-81,3,ROOT_OK
cstr,cstrfold_0000540,dev,single,0.01846828580212382903876008971251702353295229801496651788,88.56708411214754,21.199156382139357,0,0,0,0.9999979816631323214823665302184016287174981445449834943,0.0001092894619388090100130298221159371839920626870766304715,1.054219794323052322434857405127001900770996138236850755e-81,1,ROOT_OK
cstr,cstrfold_0000541,dev,high_triple,0.01793761643134721697502615240004434815499406051161396708,19.0714489346669,22.833136718953547,0,0,0,0.9982783019833217832679842108878744241622910735938486053,0.09660402452324467668118189413939949896697540968929272238,1.054219794323052322434857405127001900770996138236850755e-81,3,ROOT_OK
cstr,cstrfold_0000542,dev,single,0.005438771362838226945374504203216253225716182275859364551,26.699926236895287,71.41928234709613,0,0,0,0.9999993328237523037948556995108742278351032462983130108,0.0001226707489765501593802238437102441553506913994612884334,0.0,1,ROOT_OK
cstr,cstrfold_0000543,dev,low_triple,0.000001869712895893369400590614026852178254585079653343201534,87.09351307498721,20.717088579513707,0,0,0,0.000001869781827186758730937693985644665401805440842754406108,1.000073736648895143551015892400773033572010286510660111,2.373305555800435364093517675917435347518933757707509892e-83,3,ROOT_OK
cstr,cstrfold_0000544,dev,single,0.000282737816838034293519958890816984960997362067213735097,19.323325246902353,23.63415370831089,0,0,0,0.0002845640935115791056983982137214127358284930416422912088,1.012978899524271179349833125081816337686841204169356399,3.706241464416980821060045564899616057398033298488928436e-83,1,ROOT_OK
cstr,cstrfold_0000545,dev,single,0.00000002981641200150096260450228257153332170077682221632109954,27.03968312013162,75.82018597875268,0,0,0,0.00000002981647851824176953193176880513430739466543884009282279,1.000004461760809602860802522010043259098086004081814669,4.958137272653436960451819955125370531158795105555524066e-83,1,ROOT_OK
cstr,cstrfold_0000546,cal,single,0.01949936035779508303970384772044503388468871796520802553,90.70631193216956,20.129568934266967,0,0,0,0.9999964061939747339880843405577128583857357939531814212,0.000184312058192558897146782637961909699361842433033433127,0.0,1,ROOT_OK
cstr,cstrfold_0000547,cal,single,0.01801387447349727603978385048566757468834469201103650134,19.558563444765017,22.706501089534097,0,0,0,0.9984740512528760946137945568026850789070012198086369236,0.08521271899513950300789357552721438413627622802947738252,0.0,1,ROOT_OK
cstr,cstrfold_0000548,test,middle_triple,0.005117086414230177823950746231650048833335955991392705422,26.276289175432176,75.88651077778115,0,0,0,0.0146565304564634591949317650383830006710339532965027528,-323.3395882933547743953595532138587049545929137392666262,1.647218428629769253804464695510940469954681465995079305e-83,3,ROOT_OK
cstr,cstrfold_0000549,test,single,0.000002077218421651372837218875957112418463426206857849512333,85.13488030419998,20.641355965833654,0,0,0,0.000002077303176026081442600427317992832183675806050175547265,1.000081606192986323538832891325251626447563770443907177,5.073963602056103192199934341616585915385306654409159079e-83,1,ROOT_OK
cstr,cstrfold_0000550,dev,single,0.0003764525122005122236369940020691302372666992534037933272,19.73349530668461,21.85698294225981,0,0,0,0.0003794422357724117884377084754255820621781297744791981094,1.015975057452675054950002897966226423964457425464472415,5.147557589468028918138952173471688968608379581234622827e-85,1,ROOT_OK
cstr,cstrfold_0000551,dev,high_triple,0.00000002625208770218500076124218026983756723988548652652871218,27.76955187223176,72.9873596375499,0,0,0,0.8352435471566497584413802193186604808985580181532326571,322485985.1241985789303001577292087683291152042649225722,1.054219794323052322434857405127001900770996138236850755e-81,3,ROOT_OK
cstr,cstrfold_0000552,dev,low_triple,0.01885008931692774920459965966862835770598329157623290524,86.27385385685156,20.678298503243397,0,0,0,0.04667109090690975979466664421796418945558566987900410664,23.55509022544871345118875792980608256966019065094209276,0.0,3,ROOT_OK
cstr,cstrfold_0000553,dev,middle_triple,0.01746689435901304834594153374683241163247986422742270943,19.18407164614589,23.408066047458334,0,0,0,0.05085315233503010982490155916343615377796049856322037893,-1649.841848892574352062814264331014966704209231962147598,0.0,3,ROOT_OK
cstr,cstrfold_0000554,dev,single,0.005048339348337032129810689900508091971460752319758109446,28.314526758290896,76.67717446662523,0,0,0,0.9999997928597898895647105679144818735322351093013703966,0.00004103139511615965412743018197362545797005267806681270392,0.0,1,ROOT_OK
cstr,cstrfold_0000555,dev,high_triple,0.000002959291532610759275664546239602945340965217713626380443,90.05325925822716,19.834031540863737,0,0,0,0.9210218267195235438000660518144653218780363731064812491,8641305.536913577751418833396743943106413789295327071969,0.0,3,ROOT_OK
cstr,cstrfold_0000556,cal,single,0.0003381441476394380081819018417199013761793658642924734343,20.172658290200076,21.907972747145756,0,0,0,0.0003405595054222413551549827725149741245398074339051073389,1.014359927276333334743641521594321699603567870162795689,5.868215651993552966678405477757725424213552722607470023e-83,1,ROOT_OK
cstr,cstrfold_0000557,cal,single,0.00000002974685606842210529489783973919729136509050748800685936,27.93338900500959,70.55838997638045,0,0,0,0.00000002974691761911978700148896613680758022969735547852246131,1.000004138305621687938738852536371701397246272385281158,4.772176099458232392803061141529413622978276685735152917e-83,1,ROOT_OK
cstr,cstrfold_0000558,test,single,0.01973375208392926039526551130460981068953548653747570346,85.2672356866386,19.918525764495588,0,0,0,0.9999950748963312114225883090235060757170438898006537455,0.0002495925207346432568505621700208292892255472561130083873,0.0,1,ROOT_OK
cstr,cstrfold_0000559,test,single,0.01737965066965447919481291480707498446148653324236504377,18.454637802880715,23.736272607324928,0,0,0,0.9982065609184815278848685117223660809910388000045631851,0.1038528608972505764373446905378624979587909509334617041,0.0,1,ROOT_OK
cstr,cstrfold_0000560,dev,single,0.005468735159974457894974043132937940967387114927581308927,28.098802858384154,70.88802559469023,0,0,0,0.9999996665767552202045239901649709845552717417545532225,0.00006096908313777529314136003370036048572555496569787215871,0.0,1,ROOT_OK
cstr,cstrfold_0000561,dev,single,0.000001478349194379388163148602557170079683802006352770978489,88.1349069413143,21.03178500919012,0,0,0,0.000001478392976099865138637736668333412432636473439372338259,1.000059231856990703969262325306498249892382153785747864,2.96426929624756571528142316177029838965721608541253163e-83,1,ROOT_OK
cstr,cstrfold_0000562,dev,low_triple,0.0003846068780582710452531729773590816777171017528664239928,19.216250447447816,22.287128800771566,0,0,0,0.0003877934158121425250723097058041317554819906487369883106,1.016669747012840089308280501212323480958177554339985431,1.698694004524449542985854217245657359640765261807425533e-83,3,ROOT_OK
cstr,cstrfold_0000563,dev,middle_triple,0.00000006120896363017608248076683604777804361861052796763870652,26.15068389214624,72.04957294809485,0,0,0,0.8106638098794667216995900787066151974335059926733169891,-43471880.18523879335600747666428602799655678843885103679,3.162659382969156967304572215381005702312988414710552265e-81,3,ROOT_OK
cstr,cstrfold_0000564,dev,high_triple,0.01830069023430639143963162057465077237250013966304398543,86.5630598170696,21.26943797955249,0,0,0,0.999997899428587189140067501889682211256486839527759425,0.0001147840574844257802364674667574722075686676610746255559,0.0,3,ROOT_OK
cstr,cstrfold_0000565,dev,low_triple,0.01869184987234537440433700466911002352031448087205464755,19.23394123192811,21.947658467617828,0,0,0,0.05380309945534646434400823828222583267961575103476459545,332.0950537061866889534065233098093409498620614389111992,6.588873714519077015217858782043761879818725863980317219e-83,3,ROOT_OK
cstr,cstrfold_0000566,cal,single,0.005096171813572145704415535695980632478944309115336111874,26.833271205158237,76.13119042104769,0,0,0,0.9999995255275151643278292635310902738329178414349518383,0.00009310389074046586682160709309271369290028389289725125792,0.0,1,ROOT_OK
cstr,cstrfold_0000567,cal,single,0.000003396509116744773847393590371898184212163011406771744957,92.002219685715,19.53489700263049,0,0,0,0.000003396722960410157960068569196078746524163572858867619969,1.000125925569442894712359808214195851382316535591356338,1.021870612096739178202427927561840755408897852806029422e-83,1,ROOT_OK
cstr,cstrfold_0000568,test,single,0.0003260268740887287069793638424146737226546832916036164201,19.040916889155206,23.269139129348755,0,0,0,0.0003284190232345276480846915780702258865485614422007562627,1.014752448061572319644927883204134729629602802788783852,1.904596308103170699711412304184524918385100445056810446e-83,1,ROOT_OK
cstr,cstrfold_0000569,test,single,0.0000000199933768001240486974151822174024644709255155819298729,28.139127672884047,74.1843708058179,0,0,0,0.00000001999340605454963346831432283672103975088770317384950966,1.000002926414802028025260582323061776304322012178318919,3.470008032317309742962592065190548495417037167682634923e-83,1,ROOT_OK
cstr,cstrfold_0000570,dev,single,0.01889980725005102468807395299967542351681694526731668651,87.18252113027134,20.800346413643627,0,0,0,0.9999973074290708250656705092894853686739902947669837688,0.0001424703409343946146048649367181678301043823331184950185,0.0,1,ROOT_OK
cstr,cstrfold_0000571,dev,single,0.01765782180517288495403065649176759496847931035475356981,18.533896978415893,23.21839369541152,0,0,0,0.9980950150491647848163888005140049702567337826762602646,0.108624762936515821833472548723587863267203173889318021,1.054219794323052322434857405127001900770996138236850755e-81,1,ROOT_OK
cstr,cstrfold_0000572,dev,middle_triple,0.005024221589860028073206117133715326921657720203960130124,27.211740885924858,77.07296320807006,0,0,0,0.01497297126975790925524614884184520398085332146240962357,-63.64750075566896440853752015399503958385360989026483536,1.647218428629769253804464695510940469954681465995079305e-83,3,ROOT_OK
cstr,cstrfold_0000573,dev,single,0.000001780602636621111042516934369208418188720857485529198263,88.05064941599551,20.736743951185336,0,0,0,0.000001780665216139267272672821303874243524990746625578091807,1.000070292103612642786302258014836645279288391949562315,5.34159638141477297696723689407325849418287513966788107e-83,1,ROOT_OK
cstr,cstrfold_0000574,dev,high_triple,0.0003509679557955482700811618312553772232757557420265111156,19.358683112017722,22.560964684009598,0,0,0,0.7934015286202450564401276765904552752286019286359649391,280645.4885020214408627456251694242079947251913565095207,2.10843958864610464486971481025400380154199227647370151e-81,3,ROOT_OK
cstr,cstrfold_0000575,dev,low_triple,0.00000005202692836527528955484933451986101398221518631287568538,26.279013941858665,73.34147093846533,0,0,0,0.00000005202712418033766041674578334201536470193882740718726331,1.000007527471131665918576902687139554322336354581303653,4.200160674332196818473856840099284807017775813873897055e-83,3,ROOT_OK
cstr,cstrfold_0000576,cal,middle_triple,0.01825003310293364153905291256185641784198501798172091364,90.99348325553346,21.432710639444338,0,0,0,0.05046186724566071805507083160342856229742595990975906701,-882.7425993543214540520169420518425676616975676701497744,6.588873714519077015217858782043761879818725863980317219e-83,3,ROOT_OK
cstr,cstrfold_0000577,cal,high_triple,0.01884180785577274220363785625148419744130193021033580784,19.112738040985107,21.643142132466703,0,0,0,0.9979090703533354345457359265206715573483070765945380924,0.1118541955408091419289003061194615655323815597297267312,1.054219794323052322434857405127001900770996138236850755e-81,3,ROOT_OK
cstr,cstrfold_0000578,test,single,0.005277173140553814541316362751684503431583895135350913525,28.031386901383854,73.42840771548413,0,0,0,0.9999997068227861725869566572765511234071194820645734011,0.00005555580645567906518236688013919365816456886517517153752,0.0,1,ROOT_OK
cstr,cstrfold_0000579,test,low_triple,0.000003310429950169073378426930222384855257784110530281246352,85.59391984180525,19.86590227920798,0,0,0,0.00000331063671976733007013808695192138967814386580637273832,1.000124925882799927526611633648637425789207688727748534,5.35426419892010445438296947168766147875405982379357565e-83,3,ROOT_OK
cstr,cstrfold_0000580,dev,single,0.0003122768197259353150088133862108318157302460760555856219,19.83297159378663,22.599382942921824,0,0,0,0.0003144038709592130383124526882355534809855712700589378009,1.013690068153746141577907406252804836162891685063904662,5.765264500204192388315626434288291644841385130982777566e-83,1,ROOT_OK
cstr,cstrfold_0000581,dev,single,0.00000002174396634542939175472505903479936317509389768892536049,27.967218354774484,74.14407224088454,0,0,0,0.00000002174400092803252170903958664042854118493926851589370644,1.000003180895593651496864701013599384361634671845652017,6.425169192913100668306463455506443548697302757241895574e-83,1,ROOT_OK
cstr,cstrfold_0000582,dev,single,0.01928524699934178757597594900494097846018651371273602762,87.96714902820993,20.374141383784554,0,0,0,0.9999966084428960282169857361359425798943247664595354551,0.0001758701928148247592696552796275442522565213211754276874,0.0,1,ROOT_OK
cstr,cstrfold_0000583,dev,single,0.01827228821350881720697705038394343500260776101616752438,18.546991848226387,22.478293067032695,0,0,0,0.9978710150404390706525555349367713741566660111342834512,0.1174150169618434667118100158189183763924059965194024063,0.0,1,ROOT_OK
cstr,cstrfold_0000584,dev,middle_triple,0.005391046519708541043462246006866481777445302733792087385,28.317046674425033,71.65795556657214,0,0,0,0.01656465964429074421025418160386656858900129346007373394,-40.13427187432429587316201794046878810871295140554704097,3.294436857259538507608929391021880939909362931990158609e-83,3,ROOT_OK
cstr,cstrfold_0000585,dev,single,0.000001811289755908343212191946845836956316019501031731828271,87.17270473807592,20.753898822432213,0,0,0,0.000001811354567364570244556164564367671206698698222080382595,1.000071565777027548457897055202124322787989472985944158,2.407287478949657898748419352375119544225762513536754082e-83,1,ROOT_OK
cstr,cstrfold_0000586,cal,high_triple,0.0003730650446549389085922695296298774997094385685733197338,18.610419528183833,23.121728454126377,0,0,0,0.7854576872266073782462387354600811680783734194003800871,229476.3454495367372400790904780983206193970457132234994,0.0,3,ROOT_OK
cstr,cstrfold_0000587,cal,low_triple,0.00000003309833211549929894793758189954585206416509070222831072,26.663525989232323,76.9615585371697,0,0,0,0.00000003309841533166120372255160861601922096502819141934915583,1.000005028429498824013518762377074503782379360749172097,3.259279893498462309126278710589051228264631628575842551e-83,3,ROOT_OK
cstr,cstrfold_0000588,test,middle_triple,0.01859687273578280047965190478379603070441602667683820494,91.31338410939964,21.05230701306133,0,0,0,0.0513251877762801618177221448993457707703255095184795665,-2144.49180541865380397274369377059006958982626769612353,1.317774742903815403043571756408752375963745172796063444e-82,3,ROOT_OK
cstr,cstrfold_0000589,test,high_triple,0.01895648998828460237194816602316574221464497662937606928,19.197417520081263,21.658414520348867,0,0,0,0.9979779292580267596745400508872310553672036738685149857,0.1074928753525050347769467341508884179648464806142304266,0.0,3,ROOT_OK
cstr,cstrfold_0000590,dev,single,0.005102512789956174024924949502220561515656178178034347885,27.640638207630474,75.94635489376475,0,0,0,0.9999996901334804725352479697490200813531847494272841826,0.00006072830299016340185332484714787497859501433601516784534,1.054219794323052322434857405127001900770996138236850755e-81,1,ROOT_OK
cstr,cstrfold_0000591,dev,low_triple,0.000001296119384312416127203057318347149657755927510906828057,91.96965539345288,21.04879841178528,0,0,0,0.000001296153066100573034830189404023780352390660574972626972,1.000051974284532297798054245338462868887314470431397818,4.782804875901817806517699859304593508098395184345575725e-83,3,ROOT_OK
cstr,cstrfold_0000592,dev,single,0.0002853980599654029837555549845878332879794006838335148715,20.2062384634264,22.626250829656446,0,0,0,0.0002871754363270260323987453342733635337257964857154385597,1.012511629182434090473100603081841466325095320972202842,4.787228558205266893869225521328670740805793010548199229e-83,1,ROOT_OK
cstr,cstrfold_0000593,dev,single,0.00000003483729835012720590487704319764208558729317967267994911,27.4285354923944,71.48900271013592,0,0,0,0.00000003483738389852132183996744512819050322469870523678359257,1.000004911319291457186994585000547803289247335699216219,3.556068760766228351437727671840778295360958513806401274e-83,1,ROOT_OK
cstr,cstrfold_0000594,dev,single,0.01870631445075047770300275501868595928369286771947441599,88.56152177227243,21.065743010717,0,0,0,0.9999978258496089643029737888709435099655687942888535977,0.0001162287021271134116515642721203563305225413262892148685,0.0,1,ROOT_OK
cstr,cstrfold_0000595,dev,single,0.01797395812404917482006703640141136393890581022547320439,18.379291037374056,22.84343740510647,0,0,0,0.9978845585777240017680737830855867234781083712567900649,0.1185852243697812925633207260298197389771164109454404249,1.054219794323052322434857405127001900770996138236850755e-81,1,ROOT_OK
cstr,cstrfold_0000596,cal,middle_triple,0.005508507556243175591522628280544561994885803641956888491,26.126073022085965,70.50795198461901,0,0,0,0.01647272819086774836432723536488565563312851744762275307,-62.37576286972546832659593057166625436343795473303857485,3.294436857259538507608929391021880939909362931990158609e-83,3,ROOT_OK
cstr,cstrfold_0000597,cal,single,0.000001670609691979815910539957978059429853319546200665359645,89.15281652549236,20.783106074063515,0,0,0,0.000001670664908089875637204642955830201058332270964345620597,1.000066104568431145283181089373563120355497459574632882,8.42510402338712545586023812767436592908949626772385533e-84,1,ROOT_OK
cstr,cstrfold_0000598,test,high_triple,0.0004491937742743666230677813690694917152265100452438022144,18.399789851208837,22.457057664912615,0,0,0,0.7829883901670645592123460473563902167103903474014224377,166525.1170316237264507994585914424290094966244836147623,1.054219794323052322434857405127001900770996138236850755e-81,3,ROOT_OK
cstr,cstrfold_0000599,test,low_triple,0.00000005331744433463643425653995898269148481933818902570125208,26.213889150090143,73.44040284516464,0,0,0,0.00000005331765026574403559615916066011196221986999411102300279,1.000007724739663600526154435611377916520342548911417328,4.945664247976808496825714217742141402005123677981365465e-84,3,ROOT_OK
cstr,cstrfold_0000600,dev,middle_triple,0.01916906015064781253278166802515177124638286161703223325,88.90164406706761,20.457519347659137,0,0,0,0.05412854217385103560753916328113912944330496116322402716,-122.6052822310406938448856423870676744938306259377860135,6.588873714519077015217858782043761879818725863980317219e-83,3,ROOT_OK
cstr,cstrfold_0000601,dev,high_triple,0.01714834006054793941907084951590052873428894324898117321,18.94610447101896,23.722440949510332,0,0,0,0.9984381241555753180073949419875470700896230222915397073,0.09160736094948186778295205725650840744446053685902897198,1.054219794323052322434857405127001900770996138236850755e-81,3,ROOT_OK
cstr,cstrfold_0000602,dev,single,0.005042554622412672996424810566493148008988748084030718346,28.363380425759413,76.758770043842,0,0,0,0.9999997991510559001244291048059249787689745760492110715,0.00003983082866137315066694577768910175947088098012070005092,1.054219794323052322434857405127001900770996138236850755e-81,1,ROOT_OK
cstr,cstrfold_0000603,dev,low_triple,0.0000009808249464556175975117797582572013337654877050055683762,92.72667054381512,21.45493469505466,0,0,0,0.000000980844625049357842647747730756701607005397999040089831,1.000040127216074071627386348884345189110640576842216136,2.140257928996003898619961208376275678979202822760208022e-83,3,ROOT_OK
cstr,cstrfold_0000604,dev,single,0.0003534115054669907359052729071715568264943590792938218308,19.618182360245758,22.24049135578026,0,0,0,0.0003560935433101065808537696893948827218028557185278835582,1.015261410529985477592978170122347669167416225314451067,4.632801830521226026325056956124520071747541623111160544e-84,1,ROOT_OK
cstr,cstrfold_0000605,dev,single,0.00000002706933399980824198718701950360466521633177578547674449,27.448557189567477,74.50569679849366,0,0,0,0.00000002706938786117927399385975739710432824068683973523180472,1.000003979517885446151127087076895569149936225089030622,3.594596897191793804698920280790536182215233757217460954e-83,1,ROOT_OK
cstr,cstrfold_0000606,cal,single,0.01931063495163264183057118739031550589826463960924535499,85.87913515933593,20.330342072517517,0,0,0,0.9999962419687460026864998568838569610600340665912989806,0.0001946183991591448625138045826277050574040423312185620401,0.0,1,ROOT_OK
cstr,cstrfold_0000607,cal,single,0.01743380540066630082093132015711870876533650335746856866,18.33169974526168,23.51810756575002,0,0,0,0.9980610383704288274684096205086686200531018282463177853,0.1119828930411489936222550852072003933289979701837189074,0.0,1,ROOT_OK
cstr,cstrfold_0000608,test,middle_triple,0.005482099132571971349103627719888140301003801631658837007,28.07887072198613,70.66917082892883,0,0,0,0.01614344205458646824941121627239031249481968112628638633,-79.39681136670160763301831863283368268505971883725245261,0.0,3,ROOT_OK
cstr,cstrfold_0000609,test,single,0.000001672862165128673506734156251113168708812302323696366137,87.05583974675908,20.889191397044502,0,0,0,0.000001672917827143020913100444021953213232371744855467599917,1.000066548687251898008295585508662422250389000884991575,5.324303805137653817320363851615502039053956364512171009e-83,1,ROOT_OK
cstr,cstrfold_0000610,dev,high_triple,0.0003863728607643165618100989611225059262447464546154149617,19.18002992170811,22.310733087548986,0,0,0,0.8006684190170733060833172155929373716978105863708422819,9096.255131995811665628896180809386371369452052647481725,2.10843958864610464486971481025400380154199227647370151e-81,3,ROOT_OK
cstr,cstrfold_0000611,dev,low_triple,0.00000003768413710488669178406348808297950711207994662869525909,26.829200711953042,74.08167147734073,0,0,0,0.00000003768424088816146241894067458820829842277123159397782258,1.00000550807271303417487084918877572914160695280983477,4.089097343773301052936618095389675306871104538119109508e-83,3,ROOT_OK
cstr,cstrfold_0000612,dev,middle_triple,0.01926468593022869215815162395054112161042987650339830473,86.61107093201032,20.373064898647453,0,0,0,0.0532270894696252799742364749916362353302205393899351157,-1809.406993730801584148541330875623708933923435852704196,6.588873714519077015217858782043761879818725863980317219e-83,3,ROOT_OK
cstr,cstrfold_0000613,dev,single,0.018912367158733291149881323156835092949656953217977133,19.336616355030152,21.69939938746702,0,0,0,0.9980689139066191391983993623614670550924126014198487634,0.1028670799167762882159551407283011199419676090231544148,1.054219794323052322434857405127001900770996138236850755e-81,1,ROOT_OK
cstr,cstrfold_0000614,dev,single,0.005031853229297585720557871011623680807471192913874026151,27.022369473253757,77.06738392488228,0,0,0,0.9999995933121587831606542834502884357765904935202548606,0.00008082281345495837075668481272078159935159072158823146885,0.0,1,ROOT_OK
cstr,cstrfold_0000615,dev,single,0.000001708007782757678419491270759288322625020037176345647312,92.12634721776709,20.60481976218218,0,0,0,0.000001708064978561198662449484539574591613768392753828367676,1.00006697537081007110714193487053850267084139906172568,3.122315400361701290658658177721421340021520239742625909e-83,1,ROOT_OK
cstr,cstrfold_0000616,cal,single,0.0004097255046853128977968174303265065865269178767590560308,19.334307539540795,21.87385629354226,0,0,0,0.0004132735562232961484755568045242351835391777157028091677,1.017427768814179271157738931547279645990173294589111642,4.118046071574423134511161738777351174886703664987698262e-83,1,ROOT_OK
cstr,cstrfold_0000617,cal,single,0.00000002506246972076467754279890375641755672135163001746352337,28.327081231809338,70.48343154361031,0,0,0,0.00000002506251336532231433705412024405555625290996764625283416,1.000003482866113493774828279997564566465078767908470753,1.69230040119524578392310228385148323424335434112394625e-83,1,ROOT_OK
cstr,cstrfold_0000618,test,single,0.01828336773734593116399178500320654542671098620660955103,88.24337265557605,21.40821515219639,0,0,0,0.9999981981919970181352234477421932848583175423970115592,0.00009855130606754633895217514582572242736411841186653546617,0.0,1,ROOT_OK
cstr,cstrfold_0000619,test,single,0.01900983360769838907325618664601014669720316604136100991,19.08314955362241,21.694431011699844,0,0,0,0.9979337748787836361260466901651178969871703820861673713,0.1095433923324357306282854445544926106825006594116749257,1.054219794323052322434857405127001900770996138236850755e-81,1,ROOT_OK
cstr,cstrfold_0000620,dev,high_triple,0.005181162474021145071126356097243517104297063158318141708,28.55483966165873,74.71207427749343,0,0,0,0.9999997941821793233303377513959571654998260316448150685,0.00003972429379235370664061418357655595493244903240761767824,1.054219794323052322434857405127001900770996138236850755e-81,3,ROOT_OK
cstr,cstrfold_0000621,dev,single,0.000003367706942352503826553553020150317934129034240385054903,90.55783471840952,19.608892695373353,0,0,0,0.000003367918013840083959403987812967096624963604780975458717,1.000125356108815296083822345321890404860245014678580873,2.928879837819973016469217865577680527998033475791543598e-83,1,ROOT_OK
cstr,cstrfold_0000622,dev,low_triple,0.0003660270761591536877197628261608490351773593272898753681,19.646509328126736,22.07055337625913,0,0,0,0.0003688818538878481722666722733269459300326422503280312547,1.015686846279116754992228910147614820097674493408930766,4.16952164746910342369255126051206806457278746080004449e-83,3,ROOT_OK
cstr,cstrfold_0000623,dev,middle_triple,0.00000004275870707599516703435779595034815375034081534835300065,26.23487345579893,76.2957990106131,0,0,0,0.8170290635471060675482765064256648635062128232526989055,-5102724798.040913165439976210825917326861817592122915103,3.162659382969156967304572215381005702312988414710552265e-81,3,ROOT_OK
cstr,cstrfold_0000624,dev,high_triple,0.01893185887025997005245950104692533571470232849066333829,88.35487251432025,20.67968569142238,0,0,0,0.9999972131427399777084354974703535053045627678983795746,0.0001472097896199332856120134342402155043784359446319420256,0.0,3,ROOT_OK
cstr,cstrfold_0000625,dev,low_triple,0.01848730129958956930711613694562128918122622828754315964,18.352546411157103,22.24452310480764,0,0,0,0.05390323828157338851112612165311133229323830486752431932,6041.119368329680156551604487928046010771138207987810038,1.317774742903815403043571756408752375963745172796063444e-82,3,ROOT_OK
cstr,cstrfold_0000626,cal,single,0.005025577525162402812921557539673442788993415356255381496,28.25410162933604,77.02586901788611,0,0,0,0.9999997904495708948202719862201069444157154862931389857,0.00004169682543932661739431257992011777273999154238888462275,0.0,1,ROOT_OK
cstr,cstrfold_0000627,cal,single,0.000001967541950747274577383180305091025398582395920906602435,85.43110271657275,20.713421955538525,0,0,0,0.000001967618270165078772128817040868789556982754818804933005,1.000077580675793539241931519518437418354225051429390468,5.148764048278060487416640990387346395710397170198974692e-83,1,ROOT_OK
cstr,cstrfold_0000628,test,single,0.0003030198583891695913460106982039509497234284462990208208,19.176287430516922,23.469445855689738,0,0,0,0.0003051035204207243806421123687251525280116430516070088761,1.013821066200492942578318276776640470482968774768068781,3.088534553680817350883371304083013381165027748740773696e-83,1,ROOT_OK
cstr,cstrfold_0000629,test,single,0.00000003309198615041818436996860174884761477748099434124442541,26.617151522483816,77.2236665008367,0,0,0,0.00000003309206962170407968410807657404464791170393203617106119,1.000005044812925918253539913891679531913103239278971514,2.468150812459896336371824980734795788549420673477963257e-83,1,ROOT_OK
cstr,cstrfold_0000630,dev,single,0.0191231335316616567810900268525955953485366253805155708,85.73322870840222,20.518605463375163,0,0,0,0.9999966256193746541811492499395840891186090262579629701,0.0001764627826626191633533523952619140568256988096258672659,1.054219794323052322434857405127001900770996138236850755e-81,1,ROOT_OK
cstr,cstrfold_0000631,dev,single,0.01798497591413597749461687567792388371065042300405792919,20.094331655012045,22.7043601661276,0,0,0,0.9986882654697494636401390917633690832361055233057763757,0.07332074231345026132226898988839582042242136195765779754,0.0,1,ROOT_OK
cstr,cstrfold_0000632,dev,middle_triple,0.005091566989626951727660537884901734422401594088232872095,28.076681111968366,76.03825588884247,0,0,0,0.01477240508267891169612226493338033851889611212203478995,-123.3767698392348992780661155548388750667903188858147135,3.294436857259538507608929391021880939909362931990158609e-83,3,ROOT_OK
cstr,cstrfold_0000633,dev,single,0.000003048819003138829677648204127433596633492132655490099546,88.76607421348339,19.845418995380022,0,0,0,0.000003048994191870246308202524227703195021035034806651365309,1.00011492726292784447790157071067014345431325738247593,6.107496649316480873420020832696448466113707867203923193e-83,1,ROOT_OK
cstr,cstrfold_0000634,dev,high_triple,0.0004340838582398523420928643361570811709783977212909013442,18.506838618311956,22.499463960335255,0,0,0,0.7838089585503471735054404493885931357257026640052593392,1188377.111148839089365068991040983050380859513691851617,0.0,3,ROOT_OK
cstr,cstrfold_0000635,dev,single,0.00000003403399951450651899741409918852377858064992144165400791,26.563656364234696,77.20615793097646,0,0,0,0.00000003403408778543384388564886980502989930335363633263267334,1.000005187230173156602542911141158885278501298611934482,2.769690111292161682714173658591923974859941815255657447e-83,1,ROOT_OK
cstr,cstrfold_0000636,cal,single,0.0189068081866904095399812299632975949103060702198552303,86.60731464944406,20.738234784810544,0,0,0,0.9999971366480438984538091104182085533611441229044089738,0.0001514509699927815703967484821258295478142451341760437368,0.0,1,ROOT_OK
cstr,cstrfold_0000637,cal,low_triple,0.01721888042085780806935349263404938973923768309239129764,19.913615242332607,23.674291197385365,0,0,0,0.04962188725258833243782438597323406481256605370900413766,614.6659710420451201388863939072706375303121243229639277,6.588873714519077015217858782043761879818725863980317219e-83,3,ROOT_OK
cstr,cstrfold_0000638,test,single,0.005157198559919974359410663241440265195730329458278366694,27.498149229993246,75.16827534886532,0,0,0,0.9999996501245442961957754248204779136331322175806331531,0.00006784225763848604789987756347498581458201936818308991186,1.054219794323052322434857405127001900770996138236850755e-81,1,ROOT_OK
cstr,cstrfold_0000639,test,single,0.000002078468056757661520088270951913550395640524060886108075,88.2266517712217,20.480017475572986,0,0,0,0.000002078552216071210104200456365765469324134906009423315604,1.000080984497705081789804128736711034683372959281558986,7.391570976126747774640151636594503378361095054929091216e-84,1,ROOT_OK
cstr,cstrfold_0000640,dev,single,0.0003584480648217120623311758351568146823367011757495788173,19.1496248033679,22.688637841801363,0,0,0,0.0003612663814831842225322019356276432885762378659110753316,1.01581458538295557796579037927395451795292529966998032,1.750169580419129832167243738980374249326849057619771761e-83,1,ROOT_OK
cstr,cstrfold_0000641,dev,single,0.00000002555205104840890652300916608052124151240757430598950657,28.11496907064116,71.38421533936943,0,0,0,0.00000002555209700289874492492058810233468147443389995729758725,1.000003596936325857574564296343079228391303557617043367,5.496997073242328913459539660433278440328692809862599646e-83,1,ROOT_OK
cstr,cstrfold_0000642,dev,single,0.01862578941338241788398954850193281265046248176801409292,87.62222932752248,21.032155114703244,0,0,0,0.9999976887862924113004729457892145804079038598373652416,0.0001240903877798926712127156957362454252671529150933395603,1.054219794323052322434857405127001900770996138236850755e-81,1,ROOT_OK
cstr,cstrfold_0000643,dev,single,0.01831097383995167948410998227992794315656372626098075659,18.533481629802175,22.506742914161272,0,0,0,0.9978793072921971949449220480475819435691565939493688593,0.1167060202465099003434186484222633978615298697113363933,0.0,1,ROOT_OK
cstr,cstrfold_0000644,dev,middle_triple,0.005278387988170108872881177322214730157236308553327244477,26.597793888652472,73.53483532164553,0,0,0,0.01544269071649257953055925663198561699566152751167029462,-101.5859058300700127776471830710856990805232755519584986,1.647218428629769253804464695510940469954681465995079305e-83,3,ROOT_OK
cstr,cstrfold_0000645,dev,single,0.000003899171071510203578816728961695292102613985210959428217,83.9697933540426,19.68440776317542,0,0,0,0.000003899455171302388346576092869441096809398964214471501887,1.000145731059716523846894255697311380372373005685018221,2.555279759646863730144914227362430602073253426497249488e-83,1,ROOT_OK
cstr,cstrfold_0000646,cal,high_triple,0.0003750472486828089128291776432630037280923966462430118508,18.36970507845627,23.393509373070266,0,0,0,0.7824608768711857659565344731002069373939313474411582603,467515.4721644300246335108825448731517191251347533415106,0.0,3,ROOT_OK
cstr,cstrfold_0000647,cal,low_triple,0.00000004193395499097424576361503029214900983759631546260611231,26.77281087281482,73.0686843393557,0,0,0,0.00000004193408172118626992579501614802373649241229415536085387,1.000006044289975893344826632691066004498233814885044484,1.76810308793907826299288896542457371260371467691279375e-83,3,ROOT_OK
cstr,cstrfold_0000648,test,middle_triple,0.01882167075359329673554540647950166494259298118392434642,85.85965254650118,20.81976493702915,0,0,0,0.05361518072797229345372835810470493003704248723543561574,-91.49301028386225497857315512732574821898684415865163478,0.0,3,ROOT_OK
cstr,cstrfold_0000649,test,high_triple,0.0180314599152166679344686328854982258842810682785339365,18.656652253873066,22.75188013223377,0,0,0,0.998026792947500493976507486702065695642640344035381118,0.1102200908727659050251660359465978732572560592966501742,1.054219794323052322434857405127001900770996138236850755e-81,3,ROOT_OK
cstr,cstrfold_0000650,dev,single,0.00516968161668189411243928275758376378853328009113846057,27.898875816367593,74.94629594880021,0,0,0,0.9999997135736442738510160529431681999633022591296534132,0.00005540509984678113265160047806066663086030586596753435975,0.0,1,ROOT_OK
cstr,cstrfold_0000651,dev,single,0.000001994071781997550372721702635410212178668764429943384754,87.38682995425782,20.588803874474152,0,0,0,0.000001994149677916386757813198279092049440506501447367232498,1.000078129764987824893223964490154703850885849820626862,8.087295556578286058107369391290286340524571357705333207e-84,1,ROOT_OK
cstr,cstrfold_0000652,dev,single,0.0002354864209013346936764112750510122086684429983810798689,20.039527035925875,23.689292839593413,0,0,0,0.0002367544301858188530073878398973421400878372876284894006,1.010811276510852608478919455955304679230184563490655159,4.710015194363246460097141238726595406276667316829679887e-83,1,ROOT_OK
cstr,cstrfold_0000653,dev,single,0.00000003309888374449974758140398293157365833127204950241095968,27.157430110312212,73.7205645826956,0,0,0,0.00000003309896341278419769296180901801290673935061039631995174,1.0000048139644374579339935401337049007590112976791278,2.146579270469398475147851572007272406399149148271343314e-83,1,ROOT_OK
cstr,cstrfold_0000654,dev,single,0.02003707802011108452375650138446401160929238869061752519,88.8373883922917,19.623371524231082,0,0,0,0.9999947786734293690640496536103381314413056146166398953,0.0002605997856317418555353521948458165714398914366505664644,0.0,1,ROOT_OK
cstr,cstrfold_0000655,dev,single,0.01860798592350719388723239846895845225689170108505829075,19.400163513809066,22.03040360809584,0,0,0,0.9982087900833651315987338235954491314381917825349623117,0.09692660180532757595507899172888212202231968644898694957,0.0,1,ROOT_OK
cstr,cstrfold_0000656,cal,low_triple,0.005436613148516532717209794960435868864160694441297300402,27.09342678094045,71.39813350611449,0,0,0,0.01519906145118047537826879985851896300159246273947655251,228.7320547152437843849317606629173142293922109190056897,1.647218428629769253804464695510940469954681465995079305e-83,3,ROOT_OK
cstr,cstrfold_0000657,cal,single,0.000003873427215313805102325976209620077514641295251451764251,86.10236404486531,19.59052153671065,0,0,0,0.00000387370616690136909273273539870172164536631044838303996,1.00014404117875347274853671944147112724213344983838401,1.88609727301601997078685044481111103615416408093674852e-83,1,ROOT_OK
cstr,cstrfold_0000658,test,middle_triple,0.0002642672380783011897868899536442764056692428779616487047,19.649944755932594,23.580784102228716,0,0,0,0.7962517974502179335289406577992858711197338662654945016,-1562968.237873150745628673999568066269162279602670329007,2.10843958864610464486971481025400380154199227647370151e-81,3,ROOT_OK
cstr,cstrfold_0000659,test,high_triple,0.00000005132420415268296054102018799865369336006213985374825923,26.276965600423008,73.53496816526058,0,0,0,0.8218692002718531296828954305704970721500985517130724254,250021802.4150918527373632270430704825244716310457862252,0.0,3,ROOT_OK
cstr,cstrfold_0000660,dev,single,0.02003707418269564743367064835665394616486141224509163774,86.25156701007168,19.630534924839818,0,0,0,0.9999943326891891361372111207245332382094288697953129783,0.0002828605140555221123979179739254236772886403775260670781,0.0,1,ROOT_OK
cstr,cstrfold_0000661,dev,low_triple,0.01804216264452620239491975716955028794577091023391289004,18.617270053696547,22.74265469997496,0,0,0,0.05248308969161998354012787444411480050311303896865568013,2269.366129094449323404004457328834951051861485368507118,6.588873714519077015217858782043761879818725863980317219e-83,3,ROOT_OK
cstr,cstrfold_0000662,dev,single,0.005263115088857509722559668459947988769362676657766833307,27.387038003860763,73.68951834071001,0,0,0,0.9999995950055888568811360657592853546806288910315330661,0.00007694970139031944725518045551916508599933795257690208509,0.0,1,ROOT_OK
cstr,cstrfold_0000663,dev,single,0.0000009981298191624567308201383405665114559167098055587680338,91.56642034547684,21.485315750606574,0,0,0,0.0000009981502285478255017550863227660466275039449883826055116,1.00004089587389869081107846321465598098143818322486525,2.101249094138316491974689461436685536013967446246164396e-84,1,ROOT_OK
cstr,cstrfold_0000664,dev,single,0.0002424594324635063548280387022014933439395400501767006834,20.065421434517276,23.523045717926866,0,0,0,0.0002437940285087554770240094839651019167047124058605347731,1.011052711018983586880944044198613831421393417677812585,2.367876491155293302343917999796976925559854607367926501e-83,1,ROOT_OK
cstr,cstrfold_0000665,dev,single,0.00000001600183438735270400271213333313777832664147021543621263,28.05891073212222,77.49095674776144,0,0,0,0.00000001600185397356301945049110183344458146791556240499255363,1.000002447997820997553919513296235502480582822285418976,2.540139329944931093818918371329740130186214985822219185e-83,1,ROOT_OK
cstr,cstrfold_0000666,cal,single,0.0190012380640076605439987834975704309903804658556715564,89.27537107807092,20.757882350260253,0,0,0,0.9999974479249967765735445408179580582084528098833491258,0.0001343153263654136276915656948695901364583913913827745957,1.054219794323052322434857405127001900770996138236850755e-81,1,ROOT_OK
cstr,cstrfold_0000667,cal,single,0.01724307583507299010559619065501065395811438132608867534,20.045625176285572,23.63378430412831,0,0,0,0.9988652029982847704787418045502834169322255355517771398,0.06611053084256149761690835498683900014122078288209786748,0.0,1,ROOT_OK
cstr,cstrfold_0000668,test,middle_triple,0.005143208621814967149100494084163556674989300977627542975,26.86475103098289,74.7409251326327,0,0,0,0.01693499606600285815425121076935640601122126421175579215,-24.00464899913559464999517368745878022062514129127793625,3.294436857259538507608929391021880939909362931990158609e-83,3,ROOT_OK
cstr,cstrfold_0000669,test,single,0.000001814659976112553552096192396788812563670993325830022974,87.09771902847494,20.755569083632967,0,0,0,0.000001814725034486332644318330084941568173452982210939571685,1.000071705011107455749541991618665832976403258582313178,6.323050623375454584367089454960575441674183762168123024e-83,1,ROOT_OK
cstr,cstrfold_0000670,dev,high_triple,0.0003082192462776076181809098379204727184782197770352603674,19.917078357847,22.57300844439895,0,0,0,0.801915582454157166052113050927998313664379788097853688,32345.59936701386656810472074660462243219771356975121424,1.054219794323052322434857405127001900770996138236850755e-81,3,ROOT_OK
cstr,cstrfold_0000671,dev,low_triple,0.00000001846925687823330355262592148696435642544352771583054605,28.170804045490108,75.01366441299744,0,0,0,0.0000000184692821253401983051889789374360195082287012432038921,1.000002733962965012564884163557920289642775219212978606,1.553567063501068688623870282433032691160566122637265805e-83,3,ROOT_OK
cstr,cstrfold_0000672,dev,single,0.02002217465719225106124317522927729697271094644853358007,85.37896695804179,19.646876914011624,0,0,0,0.9999942171216928017092402840196028393320303532600679456,0.0002888437042578682352940540618381750237753712679904639879,1.054219794323052322434857405127001900770996138236850755e-81,1,ROOT_OK
cstr,cstrfold_0000673,dev,middle_triple,0.01744626479229829371913639126719668813167794008604664516,20.126187291298503,23.36675967270533,0,0,0,0.05056231103476590781586224252432992612462688120482883066,-3480.735430247075643659440371826005621718394966811130085,6.588873714519077015217858782043761879818725863980317219e-83,3,ROOT_OK
cstr,cstrfold_0000674,dev,single,0.005092200026291785005987878265894456636096743199421469285,28.30404446057133,76.11557738630671,0,0,0,0.9999997848406935414459504270646859297970934660564571662,0.00004225276264701839899573149730173096568479308120066236292,1.054219794323052322434857405127001900770996138236850755e-81,1,ROOT_OK
cstr,cstrfold_0000675,dev,single,0.000003412244489513252173433874596757711593533717364516272776,86.58820738725775,19.769090461887753,0,0,0,0.000003412463046572222249681619178917120441025514496159150155,1.000128107736394006984101429126456857386134313587423837,1.547484500333826193515522497149926496187894111608658487e-83,1,ROOT_OK
cstr,cstrfold_0000676,cal,single,0.0004080131051575238987169917061026615411689270261726337327,19.2809088564314,21.94734912172122,0,0,0,0.000411543915297598554770110274271727699063894984125368134,1.017415783490560457130866161091158672489295262374789082,4.220997223363783712873940782246784954258871256612390718e-83,1,ROOT_OK
cstr,cstrfold_0000677,cal,single,0.00000002105668528642862938858924055031608520816894411472934616,28.439999511133518,71.88861765644265,0,0,0,0.00000002105671671737581708740389494837214993687748687818731415,1.000002985368408835218151471193389071779520725160432918,1.104195716782304828679719775585204199039540778933404191e-83,1,ROOT_OK
cstr,cstrfold_0000678,test,single,0.01911127525056593078960593066246908201693524184269773317,88.37178655015742,20.52321967943663,0,0,0,0.9999969419566280261687693162613566382687407467792034103,0.0001600186478393515195536842252418221280586076185466542259,0.0,1,ROOT_OK
cstr,cstrfold_0000679,test,single,0.01871237092423167191223580078253292871707208224223109044,19.965392188075484,21.876167333361554,0,0,0,0.9984253636102996288735907697376475334797433594851549303,0.08468119706107368402971898342610215375593426800991921927,1.054219794323052322434857405127001900770996138236850755e-81,1,ROOT_OK
cstr,cstrfold_0000680,dev,high_triple,0.005446512433807570138966655001276617198403190829571426763,27.410829121630908,71.09847457436895,0,0,0,0.9999995301314095974648073841029031500448937861956585627,0.00008626980855983226209898575179230644352265154992345810027,0.0,3,ROOT_OK
cstr,cstrfold_0000681,dev,single,0.000002538371007041788716253341042288260149848502224858144463,89.03088886294897,20.122933432450214,0,0,0,0.000002538494231251859551429878718904709155148776185892690065,1.000097092706274536523881681233023500565036580406035454,1.42724077226734645550587041122273626168680774482825597e-83,1,ROOT_OK
cstr,cstrfold_0000682,dev,low_triple,0.0002646557641913059044566729645789039505346443450499259497,19.43670225724575,23.823088088673877,0,0,0,0.0002662684316243755171232749126717826443034738758913381054,1.012240647189249942566725064499567223561092991492542967,2.573778794734014459069476086735844484304189790617311414e-84,3,ROOT_OK
cstr,cstrfold_0000683,dev,middle_triple,0.00000001615015319220565605870345807776940271403188727778155585,28.14334935397485,76.841650807566,0,0,0,0.8322758570164713083263575160628450767941357188471178337,-5194511467.750818333011325001058987476143215714360637856,0.0,3,ROOT_OK
cstr,cstrfold_0000684,dev,high_triple,0.01996584578298178908971472080632051105699127425092973503,86.9316921392455,19.694437592785857,0,0,0,0.9999946743146999706311584662883669511473811770747014893,0.0002667569566784786510135192703308609836416295476463559393,0.0,3,ROOT_OK
cstr,cstrfold_0000685,dev,low_triple,0.01836517076083126725505630191801056155433974512093143418,18.86964860009813,22.344462938064492,0,0,0,0.05333503015218195761141194307636454213773806754508803842,1465.134679630342640193372424510345623172716785295175485,0.0,3,ROOT_OK
cstr,cstrfold_0000686,cal,single,0.005362626661384568663980536281144582337146824042339962892,26.38503493110132,72.67501026064669,0,0,0,0.9999992690874988651178707030649396455489940483569362346,0.000136297894205430138390169526309932465907278481601536337,0.0,1,ROOT_OK
cstr,cstrfold_0000687,cal,middle_triple,0.000002230217333770513369376214155678261791987604866154258619,86.20465415547856,20.47431721982285,0,0,0,0.9151482303139380174022615733953426255510001860381918158,-478135.4453944017442436175856549486399229969286013568335,1.054219794323052322434857405127001900770996138236850755e-81,3,ROOT_OK
cstr,cstrfold_0000688,test,single,0.0002808179823498452259047477225669636138251352318256709308,19.60197762114414,23.34467506870482,0,0,0,0.000282596184929169896533656652500257265447987287653411803,1.012722505505145783432461735018636490536884670302396405,1.029511517893605783627790434694337793721675916246924565e-83,1,ROOT_OK
cstr,cstrfold_0000689,test,single,0.00000001874379530372201297921816249526359294126775921936387002,28.09887868016195,75.22135156005922,0,0,0,0.00000001874382137995232894855183690634226223872087062708848563,1.000002782388138214714020485629119844266740664227365397,1.160060414962438509217701165109435218052495855431165928e-83,1,ROOT_OK
cstr,cstrfold_0000690,dev,single,0.01950483454838351194758973386982048492081324120430713841,92.22819952136399,20.120456132427595,0,0,0,0.999996559724797899019308877065000008792694609404453448,0.000176388261217843918024608679826416934304750052778105394,1.054219794323052322434857405127001900770996138236850755e-81,1,ROOT_OK
cstr,cstrfold_0000691,dev,single,0.01828721750911827876369933543501710382933537894599069214,20.16465870090422,22.344129975669524,0,0,0,0.9986289546055269001933285092700512277153070535828334315,0.07538982628831307417701288586945704912786832565798352171,1.054219794323052322434857405127001900770996138236850755e-81,1,ROOT_OK
cstr,cstrfold_0000692,dev,high_triple,0.005354943851428982508472014570814281067939187242408295664,28.04878339394208,72.3430464883983,0,0,0,0.9999996886694633696208397412926210325727011181684825906,0.00005813898253658913061804981525716484078084270474866274803,1.054219794323052322434857405127001900770996138236850755e-81,3,ROOT_OK
cstr,cstrfold_0000693,dev,single,0.00000417424466089011452520948051674251744592527827312463895,85.51523673593114,19.499435809539175,0,0,0,0.000004174567037933994903057440749556484852000893546082390393,1.000154468922554310377511179174157364636654746878494463,5.053453802285566514479224454050409654651007642015177379e-83,1,ROOT_OK
cstr,cstrfold_0000694,dev,low_triple,0.0003425165503529078117783905512692825056852581197346856843,19.244914236794564,22.800159458124057,0,0,0,0.0003451019849020839026286144970229736683019821531014306211,1.015179176066582119237957979955219081564177134315631141,3.140010129575497640064760825817730270851111544553119925e-83,3,ROOT_OK
cstr,cstrfold_0000695,dev,middle_triple,0.00000003477748600468272919851743887721339962321124032799687737,27.20094553999976,72.83454582684887,0,0,0,0.8283094450119681294808019107158536475653247396728180573,-14121860672.61321615844692667681158048169099761106959568,3.162659382969156967304572215381005702312988414710552265e-81,3,ROOT_OK
cstr,cstrfold_0000696,cal,high_triple,0.01854569550070992884803752426007859644004160355652598338,88.47979334689285,21.113954985340147,0,0,0,0.9999978684650370965742596309963567562107626123932490523,0.0001149373421186510978103294073813762505860830906682094681,0.0,3,ROOT_OK
cstr,cstrfold_0000697,cal,low_triple,0.01855170288367827554496344946009772228396960958077357664,19.1196313405405,22.112684704220996,0,0,0,0.0534297992389184291998926083306348752036437958476180815,339.388402686488607759528261544264017114109983440696959,6.588873714519077015217858782043761879818725863980317219e-83,3,ROOT_OK
cstr,cstrfold_0000698,test,single,0.005231020587504566423049214181684841999848453204115200208,26.17528293827143,74.27428147033113,0,0,0,0.9999992486096140535830561366115807202754052599802649787,0.0001436416959656484872822459719192625355883249697493736351,1.054219794323052322434857405127001900770996138236850755e-81,1,ROOT_OK
cstr,cstrfold_0000699,test,single,0.000001720038156418900313569894416082106346440726393668449534,91.07325147810121,20.643025997797515,0,0,0,0.000001720096273844415895332634258360765543045337074852434463,1.000067578599835101986904157282801417168072719041632418,4.008258319861550330241479399452525308603103069231678572e-83,1,ROOT_OK
cstr,cstrfold_0000700,dev,single,0.000262698626505763757112978673197214661441080873632662618,19.713723080002875,23.53607925539121,0,0,0,0.0002642672812589375972439228483534088594281628686557962207,1.011994249354700413844794370179865905868955133878070259,1.904596308103170699711412304184524918385100445056810446e-83,1,ROOT_OK
cstr,cstrfold_0000701,dev,single,0.00000002271273562382644325562590438661934809163319483230356213,27.710965045215367,75.13035114943482,0,0,0,0.00000002271277386542326996993001785775964802225227260985341753,1.000003367418575604888980446403044080221027382316750786,7.237621805055011069935068228086133774197392296457108478e-84,1,ROOT_OK
cstr,cstrfold_0000702,dev,single,0.01947169803532716915743962256661395094675972288856958814,91.52394155629732,20.154481629191668,0,0,0,0.9999965543160981669210443559999645845619816245659325502,0.000176966217497396756537134764686566782626329864305364056,0.0,1,ROOT_OK
cstr,cstrfold_0000703,dev,single,0.01725828568122790137509174190421006672632678206022346585,19.105031682670536,23.682769811758273,0,0,0,0.9985107771629386931437957084039860324102796657609479545,0.08677203964451260182372075243538708764321195771679067669,0.0,1,ROOT_OK
cstr,cstrfold_0000704,dev,single,0.00507899612070906239247574420060142010690861560801450423,27.59997178938247,76.29727553875995,0,0,0,0.9999996896249577040601823799331877844864254102250931229,0.00006110960852467308928280976837374078642840290180078790107,1.054219794323052322434857405127001900770996138236850755e-81,1,ROOT_OK
cstr,cstrfold_0000705,dev,single,0.000002858257238699100462238682526600303926071582625317182846,89.83720009260757,19.897044762308038,0,0,0,0.000002858411633041311301775073753389971014049978937130872909,1.000108038239482106743447847419099219022289586538250752,4.16952164746910342369255126051206806457278746080004449e-83,1,ROOT_OK
cstr,cstrfold_0000706,cal,middle_triple,0.0003171538728421032813721367711065070492872273438806490061,18.98374053007475,23.47567280224977,0,0,0,0.7871751575278492541923079816352565235998655732802135298,-53519.41619204530654086163549508825251096676200367964923,1.054219794323052322434857405127001900770996138236850755e-81,3,ROOT_OK
cstr,cstrfold_0000707,cal,high_triple,0.00000005219187394307358211742199624861245112840743916316485133,26.181858501799944,73.93139996771059,0,0,0,0.8230095552953042824905618680243582903579149534080567661,110260660.3132052160182769238716505534309701699764503678,0.0,3,ROOT_OK
cstr,cstrfold_0000708,test,low_triple,0.01914231037514972901054118113886291218346791405495822775,88.647619596652,20.48988254668366,0,0,0,0.05235331472058829645816857915959169663206147158667337119,340.5869408659047730560624993368569134865364745644787618,0.0,3,ROOT_OK
cstr,cstrfold_0000709,test,middle_triple,0.01713149748893621798088144256112668467120672112887182831,18.5332193455049,23.747939146977693,0,0,0,0.056659187361377807358700409739173466581004108080501261,-30.20661482730766447101723251466882833649765174642805033,1.317774742903815403043571756408752375963745172796063444e-82,3,ROOT_OK
cstr,cstrfold_0000710,dev,single,0.005407390819680109489019445995067275042801905602921997757,27.342783623521854,71.77010190886205,0,0,0,0.999999534241239363001623262588427484161941979325405119,0.00008613391266972897819273509569430690856013697594674362423,1.054219794323052322434857405127001900770996138236850755e-81,1,ROOT_OK
cstr,cstrfold_0000711,dev,single,0.000001705378447248960932202027844531970637193402970668728567,86.53789013022839,20.88570188013278,0,0,0,0.00000170543628406156101011813403475133339616291845953334607,1.000067830422158945601170431821310649325111134344997383,2.662654593739673395859218932855941614152818844324565448e-83,1,ROOT_OK
cstr,cstrfold_0000712,dev,single,0.000492255941810326111214017347698996943527265928406738056,18.652789364236217,21.737456688985922,0,0,0,0.0004973561170173363068571659355495514545697040291037642561,1.020877008629112608849678818168938115860874529054907958,4.838704134099947183050615043063387630491876806360545458e-83,1,ROOT_OK
cstr,cstrfold_0000713,dev,single,0.00000003201976934539111354870844536167268275519212486940748425,27.216203050896194,73.78429739645951,0,0,0,0.00000003201984396888384615693423585852155895218557296843741989,1.000004661096653832356780130803242500660460668093934453,5.235453140690537204890572855847814438936619343908340972e-83,1,ROOT_OK
cstr,cstrfold_0000714,dev,single,0.02012895385982839508948741311920142323989478405572244099,91.11375959331963,19.543595653562928,0,0,0,0.9999949000104651839396718002703363261198545102990367768,0.0002533816813684551722573974712417201226473177297061147777,0.0,1,ROOT_OK
cstr,cstrfold_0000715,dev,single,0.01888420622300128448778166028231038186819805850796411318,20.0284719475722,21.696849120443954,0,0,0,0.9984017187076164634174317416377527869745402790063653183,0.08518124196718061781994783558762518065404188885593546324,1.054219794323052322434857405127001900770996138236850755e-81,1,ROOT_OK
cstr,cstrfold_0000716,cal,high_triple,0.005004214280544141186219908573776195005054651118233036719,26.292070008139643,77.569948581002,0,0,0,0.9999994074953722076298689550698580896847526999803839204,0.0001184014090103222677268839645960727099118465109739697372,1.054219794323052322434857405127001900770996138236850755e-81,3,ROOT_OK
cstr,cstrfold_0000717,cal,single,0.000002558648015496031349518743915683792431846599663739091482,86.3120110537006,20.238974835650147,0,0,0,0.000002558773976114413883286030515772268975438876074406703888,1.000098462332077028293925644403919727858648224547565003,1.742528674622263226741881231847877211014070994178876618e-83,1,ROOT_OK
cstr,cstrfold_0000718,test,low_triple,0.0002710806686278046391661573507933463510643899748670759635,19.822193619514817,23.266553147929322,0,0,0,0.0002727313283968699144044865860452629933812501840015720978,1.012232066526031582855042092795313660832664388911458678,7.206580625255240485394533042860364556051731413728471958e-84,3,ROOT_OK
cstr,cstrfold_0000719,test,middle_triple,0.00000001595204314404150072103631066710376923908439369579236725,28.45814323577526,75.10446417586947,0,0,0,0.8353198531781354003698653124849170274664940241674600784,-1416090768.002045656351339451679705742242379112182906812,0.0,3,ROOT_OK
cstr,cstrfold_0000720,dev,high_triple,0.01950621695708964851278221979115855529534230370501992238,86.58949298005152,20.101069055252253,0,0,0,0.9999957849417559479516208628459550578344905987098324797,0.0002160990895684768314768295531675742351369955542969254271,1.054219794323052322434857405127001900770996138236850755e-81,3,ROOT_OK
cstr,cstrfold_0000721,dev,low_triple,0.01758267312200429448795843211887801968030973831754266587,19.069745825736533,23.269546020951225,0,0,0,0.05062615607535549121315857055837756092274653385897073303,343.9387017425184601629926994337972324081073352350472671,0.0,3,ROOT_OK
cstr,cstrfold_0000722,dev,single,0.005107996636979824031930350651919295933023501332075714608,27.599412620112087,75.87047228044469,0,0,0,0.999999681815501083453308816295001007807569556927877597,0.00006229153360988859701784400789069705838114141250927050154,0.0,1,ROOT_OK
cstr,cstrfold_0000723,dev,middle_triple,0.000002703709450575371988101141191308490832534928559804971432,84.08571303522817,20.26985290407297,0,0,0,0.9198956137270711615458841311781563264421719763284463961,-42327646.45054898528560241679082958606855453360462880998,1.054219794323052322434857405127001900770996138236850755e-81,3,ROOT_OK
cstr,cstrfold_0000724,dev,single,0.0004002482104799939531496867127453521716590448066817104702,19.332433029587623,21.982030604796122,0,0,0,0.0004036507977321085042417159468915123718767046248184028211,1.017107048556857013702320085273887776689702685256631585,6.691824866308437593580637825513195659190893455605009675e-84,1,ROOT_OK
cstr,cstrfold_0000725,dev,single,0.00000003575282548312638508351819162338889091040100692271959679,27.505466188125272,70.75228877624161,0,0,0,0.00000003575291464532821035615826148333830789945043204181723597,1.000004987710102255062956990783640194601257966214419358,2.27138492091131008448876449689679228712973952332320132e-83,1,ROOT_OK
cstr,cstrfold_0000726,cal,single,0.01893416339890098283593926722662825446886829058277822528,87.44154977285562,20.707415989957493,0,0,0,0.9999971713715843585143824822140895311253521873073536345,0.0001493981365104674971588797802358331270338371288767162599,0.0,1,ROOT_OK
cstr,cstrfold_0000727,cal,single,0.01901601905120713831213107181390567588312721233221471207,18.990374832746628,21.611977545843274,0,0,0,0.997840192209492977631713485257534031506558325789329329,0.1145023900438042516366716908342413819925456790827716254,0.0,1,ROOT_OK
cstr,cstrfold_0000728,test,high_triple,0.005488813089403626596329739539999332833406896212360055725,27.595381934161928,70.67576470183768,0,0,0,0.9999995621180361815404422271230709148458887859395038761,0.00007977732772527944388977613059406232148556237674236475627,0.0,3,ROOT_OK
cstr,cstrfold_0000729,test,single,0.0000026406091335463280774785631637541326264799822570612412,91.63080676572118,19.942598673072226,0,0,0,0.000002640741226634678711206116000686804152300746490003573104,1.000100051157195899709509257267536893739311471198691795,5.111363825167081839808287666001966155547851912304066885e-83,1,ROOT_OK
cstr,cstrfold_0000730,dev,low_triple,0.0003022034929582294014648236027462101537596389103931066626,20.091648892039306,22.486134870288925,0,0,0,0.0003041843647108774408858011417122083977681006199001923035,1.013171785172327923100284693542039499325436955197826969,3.757717040311661110241435086634332947084117094301274664e-83,3,ROOT_OK
cstr,cstrfold_0000731,dev,single,0.00000002215146735907340605293136407192550947539594046711280918,27.726227403701024,75.36422855116155,0,0,0,0.00000002215150384875919223161174477331558459029763414760369831,1.000003294565471465429518724592288128560298462109463449,3.006605318292293309075321099110100030802234343992326883e-83,1,ROOT_OK
cstr,cstrfold_0000732,dev,middle_triple,0.01905468396669833274106303709928956938691551642455180448,88.6938356167661,20.57906538951282,0,0,0,0.0529620711411935761554716916262001428468671464779946109,-361.6673347461625265844630517040475730133813142935391495,0.0,3,ROOT_OK
cstr,cstrfold_0000733,dev,high_triple,0.01794643523159032865871834325302488601233700603836153374,19.938605032855556,22.7609212583476,0,0,0,0.9986430280655243743408417372022578278969299140175814367,0.07602174734301868784968687429751355412970067447725500548,0.0,3,ROOT_OK
cstr,cstrfold_0000734,dev,single,0.005430989427952241589096136668636031964732641359089263983,26.620178788010065,71.8349816261065,0,0,0,0.9999993239592595354149481579178956382189306944659245585,0.0001244787331102247191414664994962336923509994362172513373,1.054219794323052322434857405127001900770996138236850755e-81,1,ROOT_OK
cstr,cstrfold_0000735,dev,low_triple,0.000002460018890804249094602335138118839377141927287367376508,91.93673868926392,20.040418839578944,0,0,0,0.00000246013412559655406022729227573204486163452892658978121,1.000093689365602734310648943635352434029641332488157053,4.339632339683554691846674445619765285957267504773657416e-83,3,ROOT_OK
cstr,cstrfold_0000736,cal,single,0.0003861669123670846751775573349799761555104573010122956456,19.585595990016092,21.888725594505487,0,0,0,0.0003893186970863808788021603343738591483487459031160995541,1.016419934032204348818056386051922419390848368411459836,5.044606437678668339776173130002255189236211989609930371e-83,1,ROOT_OK
cstr,cstrfold_0000737,cal,single,0.00000003551321104215609426793840209447581816016623786615043646,26.480872697449225,77.18378167347593,0,0,0,0.00000003551330712461924536824393730974556983815953692777733447,1.000005411093519781621140724507746005080486513297906278,1.713862710604742294216795904924808552475507239723807832e-83,1,ROOT_OK
cstr,cstrfold_0000738,test,single,0.01891136895969322292075259122108243441150712871282752011,90.22818577081875,20.723145528712283,0,0,0,0.9999974629699798596660332870752607791015347109083128733,0.0001341580190970019487168105810869357661055483329332458998,1.054219794323052322434857405127001900770996138236850755e-81,1,ROOT_OK
cstr,cstrfold_0000739,test,single,0.01861140235063133390094753029453387843175082580255544321,18.814547094954058,22.068795311098043,0,0,0,0.9978969387528534213338031798249114740832813944218682078,0.1138804531672844860398422903463233657221401898962831181,0.0,1,ROOT_OK
cstr,cstrfold_0000740,dev,middle_triple,0.005247583863078280115326961009487005330962444852715060237,27.708302995657753,73.40420658518438,0,0,0,0.01678648184057144488361443168660489356690250820164720929,-28.4517082871603831555682852157747518273771944157420287,3.294436857259538507608929391021880939909362931990158609e-83,3,ROOT_OK
cstr,cstrfold_0000741,dev,single,0.000001086990798875759361896936911569639432123275860071730744,88.77813959575909,21.494492041032142,0,0,0,0.000001087015014924152940538930351379029503002111111075276754,1.000044556861705166285389839095984510511757422108019689,2.370088332307017846019680830809015541913553520469238253e-83,1,ROOT_OK
cstr,cstrfold_0000742,dev,single,0.0003482673905791424662312670189495426697621381261634948685,19.98710474631108,21.955587383363994,0,0,0,0.0003508362177570209869859239083895087045689723729391020292,1.014830888534597703888823007545767833230623102175055512,4.581326254626545737143667434389803182061457827298814316e-83,1,ROOT_OK
cstr,cstrfold_0000743,dev,high_triple,0.00000001414190924316219719627400245274786859850271959514612249,28.474564948310245,76.50702607452035,0,0,0,0.8368784440618217458967957871440123483469780345067103354,934454824.1730060454487449351992966081557707938561558085,0.0,3,ROOT_OK
cstr,cstrfold_0000744,dev,low_triple,0.01860818744415667348915787995045333950511787002825845971,85.96298947516092,21.016093764755375,0,0,0,0.04821603259848715088507139090450972318873666590985584784,42.60344669325986814503411968653954860798279403797130049,6.588873714519077015217858782043761879818725863980317219e-83,3,ROOT_OK
cstr,cstrfold_0000745,dev,single,0.01808996285623542984218458072582312842794768345240069119,18.966821928560606,22.65891498460012,0,0,0,0.9981735731605288913841773562817860504759059390409783531,0.1016527117337622307721854966218415951239349179913382202,1.054219794323052322434857405127001900770996138236850755e-81,1,ROOT_OK
cstr,cstrfold_0000746,cal,single,0.005091737980067631927394271541030772997763586767703865952,28.496225458126375,76.01421945908615,0,0,0,0.9999998042047827515619704149467746246564718916820431645,0.00003845354893106380019585782901827060329665872227470066358,0.0,1,ROOT_OK
cstr,cstrfold_0000747,cal,middle_triple,0.000001518968411260719439440089954351177244209499735532488589,85.43650573929897,21.137583624625904,0,0,0,0.9180955836532523556692593841574749050349952857056702417,-891905.5096341501479800787414701457347647253060986315653,1.054219794323052322434857405127001900770996138236850755e-81,3,ROOT_OK
cstr,cstrfold_0000748,test,single,0.0003522398345065528355186714727098564644848018740615157389,19.95584159725732,21.933615524089678,0,0,0,0.0003548651308547374011059149994076161730646866873317782383,1.014986804506408939513924493206316523709978882530849665,8.236092143148846269022323477554702349773407329975396523e-84,1,ROOT_OK
cstr,cstrfold_0000749,test,single,0.00000005024508129231620480838271776781941077445314005353558261,26.303978199030134,73.64184048305412,0,0,0,0.0000000502452646825740651101129398157867734529637857322952772,1.00000729984874361821957802181587000640452976288130925,1.550211599935668386570298260386360472033079703330162182e-83,1,ROOT_OK
cstr,cstrfold_0000750,dev,single,0.01832606041836356171828544902826488455805009391030254331,86.50086068695514,21.361640228003505,0,0,0,0.9999980184190187614623462788366666674689009407043824695,0.0001081318601213585024340583725910949595798137004443580166,0.0,1,ROOT_OK
cstr,cstrfold_0000751,dev,single,0.01712061811088077947696656028109640492307559548150432033,19.584942799832092,23.827863937702876,0,0,0,0.9987407123952700395703523903960690816518946354792411536,0.07391266859893602433092254126463093703041103566861266754,1.054219794323052322434857405127001900770996138236850755e-81,1,ROOT_OK
cstr,cstrfold_0000752,dev,single,0.005313244570729011032015855995067731086154105047254005581,27.533369101564304,72.98813748998809,0,0,0,0.9999996088912606444201997767874839063779108441391339614,0.00007361028064993651549640646271020109484747376230398261111,0.0,1,ROOT_OK
cstr,cstrfold_0000753,dev,single,0.000003675377700451766113973520129065935932660262257684340955,90.31076091026317,19.48333737158186,0,0,0,0.00000367562740600114707264030602002178411697404758511962064,1.000135887071852211992131613683729830126589596044740768,4.681060182922488797432609632750817155828245181685235133e-83,1,ROOT_OK
cstr,cstrfold_0000754,dev,single,0.000277672597900774477808469473841690008039785355660113147,19.48124686145464,23.53690916421935,0,0,0,0.0002794260998178264795085716448632592894135033070466537403,1.01268772457235273893572297648336246427974933445282002,4.941655285889307761413394086532821409864044397985237914e-83,1,ROOT_OK
cstr,cstrfold_0000755,dev,high_triple,0.00000004101943667159722807848449868704978571236739797856071008,26.947715486589583,72.27453088935658,0,0,0,0.8278051010969278284731850273364725881422753566539654459,534813158.6114691226075846657279880729442087048665162289,0.0,3,ROOT_OK
cstr,cstrfold_0000756,cal,single,0.02020633336033718538469478283684445702976201408297333247,87.07152376991691,19.472903958957815,0,0,0,0.9999939293789344058708946704958673734386677049333968981,0.0003004534972421445891657290589016585578995137614833593576,0.0,1,ROOT_OK
cstr,cstrfold_0000757,cal,low_triple,0.01797008739370903011989650704725989332362102903590096222,18.86848848022027,22.809255910896002,0,0,0,0.05197302350969669049563097661182756687149119043651957735,538.7216445324509805416928161381105696497494731305614273,0.0,3,ROOT_OK
cstr,cstrfold_0000758,test,single,0.005299181941434282226037990946802934057695781900432471879,27.451528151795507,73.18845770139312,0,0,0,0.9999995966177969201207559345879880091185455768020268084,0.000076121735560779729508597567424784576354682357870908678,1.054219794323052322434857405127001900770996138236850755e-81,1,ROOT_OK
cstr,cstrfold_0000759,test,single,0.000001893367004051134881833462739544473832915174233164200944,89.2845815709881,20.576710741818708,0,0,0,0.000001893437187266260776319464321293054004190383282963040439,1.000074137922951768075030305319379105288622977907183902,9.52298154051585349855706152092262459192550222528405223e-84,1,ROOT_OK
cstr,cstrfold_0000760,dev,single,0.0002997689004617120133097648895531182223098250434600143522,19.122300411028856,23.58694120923762,0,0,0,0.0003018186411629403713251531805045266916588714565331758064,1.013743122472769239870946651780138914144428458803520987,3.706241464416980821060045564899616057398033298488928436e-83,1,ROOT_OK
cstr,cstrfold_0000761,dev,single,0.0000000359715886363011840528078305239814030840516947737436837,26.887091052111824,74.32231561115938,0,0,0,0.00000003597168351245771108147706082249769126352441846684582791,1.000005275070855093846172595237948610480625308593923861,2.433653630860556152337910372052716232351105239028527125e-84,1,ROOT_OK
cstr,cstrfold_0000762,dev,single,0.0184657520368176937696646690355898067918240061006525216,92.67324358267605,21.196223627193067,0,0,0,0.9999982550660898031108689695461776330103139825167448488,0.00009449783633713258774041462784552311882653810948196506428,0.0,1,ROOT_OK
cstr,cstrfold_0000763,dev,single,0.01713628848887319673023627733325235828692370466198725968,19.22871692097917,23.83383162424506,0,0,0,0.9985991862894617853911455834242256833121484215593049182,0.08217808276211532762798624604477847791564925625144723015,1.054219794323052322434857405127001900770996138236850755e-81,1,ROOT_OK
cstr,cstrfold_0000764,dev,single,0.005052402338552147253044207453571075374051750920530375512,27.42625715711638,76.71248528798893,0,0,0,0.999999667062813758370681527498808263089067702716648244,0.00006589690267681683276400273736533399366645106894858285947,1.054219794323052322434857405127001900770996138236850755e-81,1,ROOT_OK
cstr,cstrfold_0000765,dev,single,0.000001467460447084201804764541107596942990872257767754629482,88.35688520788858,21.032060554389467,0,0,0,0.00000146750358681279585588524602426842465924301110710919626,1.000058796366396341698064803062010466195628865984105016,3.597459095045800991188437239671171380366114026869868633e-83,1,ROOT_OK
cstr,cstrfold_0000766,cal,single,0.0004041943029878475892952898430980154091478047669850259846,18.40028861804086,22.977893510172063,0,0,0,0.0004078315145363183528131093666991236964946709166893772108,1.018114433131608990895790650554194124602222160763234621,4.066570495679742845329772217042634285200619869175352033e-83,1,ROOT_OK
cstr,cstrfold_0000767,cal,middle_triple,0.0000000178670386984174498319810459219191093357964810544913094,27.976977714842945,76.5741292958927,0,0,0,0.831326973663079481323308168019471016247139549184888287,-9029853336.70278060511695701848009129341272745679119937,2.10843958864610464486971481025400380154199227647370151e-81,3,ROOT_OK
cstr,cstrfold_0000768,test,single,0.01872627510821967001569909201712566828867458046058897633,86.68195326168326,20.92752356190637,0,0,0,0.9999974508498435424204354138883666138048891909892480613,0.0001361312853812357260123332960767926328332031557675636046,0.0,1,ROOT_OK
cstr,cstrfold_0000769,test,single,0.01736175238109110658270475592196776750919740418217752262,18.403052091425337,23.604781495538845,0,0,0,0.9981281501821460269093299863747497704322581183561979125,0.1085333176228156963696100999330007478774788050991382679,1.054219794323052322434857405127001900770996138236850755e-81,1,ROOT_OK
cstr,cstrfold_0000770,dev,single,0.005295621256416852108180320999918955070404299437370336223,28.271004094271827,73.28390245452528,0,0,0,0.9999997393283427398771883561554516732617891534982312049,0.00004922405938621660148181933972149616630323836086117801567,1.054219794323052322434857405127001900770996138236850755e-81,1,ROOT_OK
cstr,cstrfold_0000771,dev,single,0.000002434068323306861886254929950218466142202062266413948474,84.86773116657689,20.398498928986434,0,0,0,0.000002434183261435151558004433330964634763806840079330588358,1.000094444481211089464259752203438260337318919646430669,3.31333804528336642629272085603384729784097182576500449e-83,1,ROOT_OK
cstr,cstrfold_0000772,dev,single,0.0003738313761325751076136712311364967795628976993706184547,19.93609070195612,21.69190252266884,0,0,0,0.0003767557893728281295857799225029122775142747890734716094,1.015734323447477962270738847315881373987266877446337619,3.757717040311661110241435086634332947084117094301274664e-83,1,ROOT_OK
cstr,cstrfold_0000773,dev,single,0.00000005575427494145443942300483273797947099414806779944547585,26.14886074255701,73.26027870056178,0,0,0,0.00000005575449956668332552259557416740963515161433124793616711,1.000008057710015177703063485535257085587715736725431074,4.130060390557654178568146207229106386444295488424368915e-83,1,ROOT_OK
cstr,cstrfold_0000774,dev,single,0.01932746258146012340164184644534846223688652793528277788,91.18085976970018,20.298746598564748,0,0,0,0.9999968128522386486617887204456850464379218534762691592,0.0001649091563483602012434719906819385513098958824306188202,1.054219794323052322434857405127001900770996138236850755e-81,1,ROOT_OK
cstr,cstrfold_0000775,dev,single,0.01746184407000605035787448957363617849329020130503368551,19.61634880193582,23.392884965826177,0,0,0,0.9986618829443501208052949376736220551778045137987718603,0.07703002302967049926370329312884054688955762802220637267,0.0,1,ROOT_OK
cstr,cstrfold_0000776,cal,high_triple,0.005378185440928609305750203161815323045718466173343909771,27.19550406086227,72.15369963198269,0,0,0,0.9999995084466450458210749835085866571249080417844151772,0.00009139781904122239246400832532694692997320044583846981275,1.054219794323052322434857405127001900770996138236850755e-81,3,ROOT_OK
cstr,cstrfold_0000777,cal,single,0.000003347581422844291706231166493894103105607808728781953835,85.71804962273961,19.841905262527266,0,0,0,0.000003347792590701606811653760520429439027547314766701441782,1.000126167358398478759730551197411787359619623112132459,4.757871393827832041445464309714340014656698345748970521e-83,1,ROOT_OK
cstr,cstrfold_0000778,test,low_triple,0.0003521550214329534290418191835280536683182496742137475327,19.08508299758439,22.850910137069512,0,0,0,0.0003548952792004281534725629294529337385869433547275809137,1.015650423442012652388628021860010332641823391538910168,2.007547459892531278074191347653958697757268036681502903e-83,3,ROOT_OK
cstr,cstrfold_0000779,test,single,0.00000004339825015935639184813091558644057783963596013133442109,26.479388734941935,74.45564018345291,0,0,0,0.00000004339838850694973875809518294216708490482108388793494984,1.000006375737041818093007046323732200542070583040735682,6.184823118671941766811888441884366684433647709887850523e-83,1,ROOT_OK
cstr,cstrfold_0000780,dev,single,0.01838143658510676799972680209841253456345197096055470554,88.46327973855101,21.29452170350984,0,0,0,0.9999980866469233356117453425926908183735386976139823332,0.0001040941522914886153960911322369718714704302129368619635,0.0,1,ROOT_OK
cstr,cstrfold_0000781,dev,middle_triple,0.01747191449916441840198794420261430141494691114258694709,19.262434194114725,23.393028476617168,0,0,0,0.05162362124333433174175603379553093096579906089022904795,-198.1203289015573651306725310899990687325290662780923344,0.0,3,ROOT_OK
cstr,cstrfold_0000782,dev,single,0.005376753520184565765020194560040427864448157296666971476,26.941554039015955,72.20310453020936,0,0,0,0.9999994396965932908696280870532173905333329223207315798,0.000104208750594836436738765608224932823228220206263495185,0.0,1,ROOT_OK
cstr,cstrfold_0000783,dev,high_triple,0.000002051457278424427504251318809532892751488432574417983189,90.73010092922954,20.38045426584556,0,0,0,0.9229648680734394393173809470909437718148189876718590051,5899032.496093971062862180275820898003068100145615004368,0.0,3,ROOT_OK
cstr,cstrfold_0000784,dev,single,0.0003546115753047365965744895412080068263103561792188478108,19.830155196716117,22.028022966315966,0,0,0,0.0003572846633222490216570661130867692854707940652668932139,1.015158481106501170842465055538312996637362839236100611,5.199033165362709207320341695206405858294463377046969055e-83,1,ROOT_OK
cstr,cstrfold_0000785,dev,single,0.00000002016857052278429093915435049328432925038101075474534029,27.98399837208189,74.98785345115046,0,0,0,0.00000002016860061898067026994243108748959604043563209521796256,1.000002984468254894691919723907176884850357428026351271,6.583903355567332373037380374854777375455726317778221776e-84,1,ROOT_OK
cstr,cstrfold_0000786,cal,single,0.01882929969050383265915073344571699547216369246363913155,86.6457765275493,20.81906156871044,0,0,0,0.9999972760544740273038187808111004015813711300225138739,0.0001446701987902039046088361736332159147617242634029529616,1.054219794323052322434857405127001900770996138236850755e-81,1,ROOT_OK
cstr,cstrfold_0000787,cal,single,0.01850278706329575525088648354063772718233599503461281016,19.49713585534171,22.142134408993833,0,0,0,0.9982902074877514995686716019096881298045579038410013781,0.09302149595679888991099427853862572155164750567774244609,1.054219794323052322434857405127001900770996138236850755e-81,1,ROOT_OK
cstr,cstrfold_0000788,test,low_triple,0.005283607528262013647781938340035470366356660681201788774,27.565165744226523,72.80316846268511,0,0,0,0.01316974387754297639411312581166606993154608642458800238,21.13762270499139483908324473773018596650895297093175864,3.294436857259538507608929391021880939909362931990158609e-83,3,ROOT_OK
cstr,cstrfold_0000789,test,single,0.000001511541560338067926990539291739163065332798655901409508,91.54122497378205,20.824162764373217,0,0,0,0.000001511586855768177780795407575878216460041888470535068751,1.000059934096786744779932885555651356083993452308583075,1.239435350839098837945644578018730109472736396044149028e-83,1,ROOT_OK
cstr,cstrfold_0000790,dev,middle_triple,0.0003263293860108050061659589729809990608312594658146820124,19.10868751305745,23.210046593239664,0,0,0,0.7722033062553031732656229672670115008545812769417023,-6188.199556577516193960636778207734069371906261145728214,0.0,3,ROOT_OK
cstr,cstrfold_0000791,dev,high_triple,0.0000000538010920302288139157698389128582876169114448778249303,26.102778664521043,74.10908392608648,0,0,0,0.833914932172517477650614512462826983531407713194962981,27119942.47645956349171561683413095134516235124304247841,1.054219794323052322434857405127001900770996138236850755e-81,3,ROOT_OK
cstr,cstrfold_0000792,dev,low_triple,0.01836049907695532896895025287671619376630621999456717485,86.50984670814152,21.321521124099235,0,0,0,0.04993752297106202989601469966814677193605618121458212109,200.7017736767812452885789689740124522911196323058254685,0.0,3,ROOT_OK
cstr,cstrfold_0000793,dev,single,0.01792469701357345588635856841658359490618834811729905864,19.374382805441112,22.826717739606714,0,0,0,0.9984227569668783885888686205186550859564763856954531288,0.08852580017826484206879770657901146265290829864772463668,0.0,1,ROOT_OK
cstr,cstrfold_0000794,dev,single,0.005470335203813991729313320684776430333800091790329966169,26.618967099737077,71.0219015759768,0,0,0,0.9999992869076605619143586331566696320050707049747022909,0.0001303566396764330330438048801807863756631945628703847883,0.0,1,ROOT_OK
cstr,cstrfold_0000795,dev,single,0.000002523586197738074778714659534711934396266555720909192045,88.9737374589234,20.13493981398939,0,0,0,0.000002523708067105423653285383880919274177724465857939630162,1.000096587737666792072657071637180557233967448372203811,7.005504156916645605779730223584126705715466586336494504e-84,1,ROOT_OK
cstr,cstrfold_0000796,cal,single,0.0002892269988066843751571952182712737279046580813646417926,19.284669273404422,23.568824585396335,0,0,0,0.0002911329068111184589353448743196214613794200491906749204,1.01324216616367534871238367837132434498438381790123657,4.066570495679742845329772217042634285200619869175352033e-83,1,ROOT_OK
cstr,cstrfold_0000797,cal,single,0.00000005632142191479775533152015966512903615573999732998230519,26.001937291760594,74.04874678423315,0,0,0,0.00000005632165363430716054160315325537119530094107630348597082,1.000008228492735363557066884609935542550114419017301943,1.10518539002490885035282388321132943220916458238072408e-83,1,ROOT_OK
cstr,cstrfold_0000798,test,single,0.01970778506403009332242185621359448284148072916515936664,84.81649239097291,20.015345140995656,0,0,0,0.9999952957986758998909553600440019351536507335204041062,0.0002387112065417688218763088731473232078677474278273516677,0.0,1,ROOT_OK
cstr,cstrfold_0000799,test,single,0.01815478982202976404680376183638912759469156960509810351,18.582054628519483,22.611759750557404,0,0,0,0.9979371071609674488417498275097306632142237305561725659,0.1144804269786172217981423771047891519589160689208830257,1.054219794323052322434857405127001900770996138236850755e-81,1,ROOT_OK
cstr,cstrfold_0000800,dev,middle_triple,0.005171792979775458420338047383914493885742657140280397348,28.110166367617403,74.89344603641288,0,0,0,0.01468768422568362964886799650015312434965065768303944689,-744.3966233182085624642462584801931452611089979314170477,1.647218428629769253804464695510940469954681465995079305e-83,3,ROOT_OK
cstr,cstrfold_0000801,dev,single,0.000003175459652082863629103952259995918950214282710926516371,90.24989221651643,19.71428424243254,0,0,0,0.000003175648375060548649583136814981315622187481783476326095,1.000118868657620588495811820810965717264836511558923172,2.352594679561560091493192985531982848934298480486136214e-84,1,ROOT_OK
cstr,cstrfold_0000802,dev,high_triple,0.0003520223930125835355712582996758136071521906202854941069,19.93648319856997,21.957215928861455,0,0,0,0.7996915200268874645865078994693164760191445792650940523,80506.70423501532250857161173951095233331228775055469814,0.0,3,ROOT_OK
cstr,cstrfold_0000803,dev,low_triple,0.00000005311628562673918512015448193728105610878256037079632922,26.45744374773595,71.9618508861506,0,0,0,0.00000005311648583533582786419682490796911977085697363373131191,1.000007538522152112243492097612805454487732237625615289,2.915690478224888308584484393150779801502539104769801077e-83,3,ROOT_OK
cstr,cstrfold_0000804,dev,middle_triple,0.01912763825774230751215745812169768787046758807990377127,90.58883326080819,20.500043986946963,0,0,0,0.05279836468989188760364182728989733192229703682889997553,-2264.323156840356500252101073309093714958049050672710634,0.0,3,ROOT_OK
cstr,cstrfold_0000805,dev,high_triple,0.01896888344837881937195417463587156138535235090684096778,19.566490970666322,21.621507898191712,0,0,0,0.9981623640527036957526207407205143164631390663769713273,0.09757329832069892420149950178537757282691740777402530394,1.054219794323052322434857405127001900770996138236850755e-81,3,ROOT_OK
cstr,cstrfold_0000806,cal,single,0.005103539997439215096644362677317332185413781530310206393,28.61261580879205,75.82954717806011,0,0,0,0.9999998137507935332278163820453926798726029247894209691,0.00003649415293922675914243493437665244318214012299970586293,1.054219794323052322434857405127001900770996138236850755e-81,1,ROOT_OK
cstr,cstrfold_0000807,cal,low_triple,0.000003002351380923558290741301454843499194973534404555392679,90.53409929958384,19.79331698841069,0,0,0,0.000003002520800230413188663033470466294844442335640399057806,1.000112862480334798929850929911751994538950385872045622,2.945368108223737796597631696758332031725607191637685749e-83,3,ROOT_OK
cstr,cstrfold_0000808,test,single,0.000325025131470059308036839307608441446475931013101975642,19.30825062797737,22.978530630429198,0,0,0,0.0003273711889136618866467161140213292685992474565352516919,1.014511578741721788226261221736566439907361642644962079,6.228544683256314990948132129900743652016139293293893621e-83,1,ROOT_OK
cstr,cstrfold_0000809,test,single,0.00000004940788277053206697694871992532978015119128018008444931,26.234748700069055,74.30877010317246,0,0,0,0.0000000494080617283678418921029873654975354412337031429053145,1.000007244119730021115861072983955634043760806038974691,3.735793421623118687273433616745120638964641219839693122e-83,1,ROOT_OK
cstr,cstrfold_0000810,dev,single,0.01869003428016681614974052044739084446444233470344393735,92.09477676076023,20.953213059667487,0,0,0,0.9999979337733799153344474398656391325625208901808781152,0.0001105552664649552152610918521769299215409852508063999985,1.054219794323052322434857405127001900770996138236850755e-81,1,ROOT_OK
cstr,cstrfold_0000811,dev,single,0.01844473768455107888505383023173166458316165200089393806,19.513375746534685,22.21944721318614,0,0,0,0.998321544411021395632386244094963022978654164137577917,0.09159332069417526616398220000115848678816508964837600664,0.0,1,ROOT_OK
cstr,cstrfold_0000812,dev,middle_triple,0.005352388256899032069076314292750964141582111197997509268,26.637484003927195,72.52820341549494,0,0,0,0.01566400616016470297073500236245470332152999350739416948,-100.4766225196971659513734046209105906268587570840784692,3.294436857259538507608929391021880939909362931990158609e-83,3,ROOT_OK
cstr,cstrfold_0000813,dev,single,0.000002351421745985226475235335964523144624126594321588275985,89.11376013721447,20.2401817054447,0,0,0,0.000002351528135648146746598087114049349702992911514928097555,1.000090492690421476425650138140953801320445245022894299,2.301923409540234181830262675074370910649559743983357896e-83,1,ROOT_OK
cstr,cstrfold_0000814,dev,high_triple,0.0002775970567785418597864419692238702056410754802522264254,19.72454727701028,23.26233042292487,0,0,0,0.7973057936153413641142341657376281786267119791318869186,406249.2207798868729182726943450290032375428281988384663,1.054219794323052322434857405127001900770996138236850755e-81,3,ROOT_OK
cstr,cstrfold_0000815,dev,low_triple,0.00000002260559587185547288050578042016399100900648873405542577,27.49484018673532,76.5527697711707,0,0,0,0.00000002260563448039678884899581773945235460284681736511961786,1.000003415843559807607247479676788223201374970322897102,2.34505117017904499296264389851507273833027704532100906e-83,3,ROOT_OK
cstr,cstrfold_0000816,cal,middle_triple,0.01869437165427482666786402157716750041186056354068043012,90.99819257843768,20.920337995454492,0,0,0,0.05446980737999768000226641004083419048267857344881074697,-54.05064658845770197610007209669705270024089829448837879,6.588873714519077015217858782043761879818725863980317219e-83,3,ROOT_OK
cstr,cstrfold_0000817,cal,single,0.01729238308052480433108528418434762133884250928545664984,19.69256691924602,23.5946724880898,0,0,0,0.9987334526855672164697645591572074772934437890580723555,0.07360559140580476527279775542531263049213141916847996144,0.0,1,ROOT_OK
cstr,cstrfold_0000818,test,single,0.005447328777769354779168143492529506738568477049809552921,27.46499376383062,71.23143383089581,0,0,0,0.9999995479496987827404880602891313895390628317667390647,0.00008298585279377934131269456843332503941396886022634770603,0.0,1,ROOT_OK
cstr,cstrfold_0000819,test,high_triple,0.00000153861245721549693774967466402569804849496261673953066,91.94577077659208,20.77961723606974,0,0,0,0.9270672550287858236123558443897057543643572014525171818,1109462.801886285396477538596897137885946446286831030599,1.054219794323052322434857405127001900770996138236850755e-81,3,ROOT_OK
cstr,cstrfold_0000820,dev,single,0.0003377650882880937819838925221509859737639952001267219805,18.474356382997343,23.795496358448283,0,0,0,0.0003403949334813372119446912737808962087157043098627834182,1.015659673871881157011802843382727372355490710414229986,3.500339160838259664334487477960748498653698115239543522e-83,1,ROOT_OK
cstr,cstrfold_0000821,dev,single,0.00000003297440884375723488508823014482612813948064147008599144,27.735908086702555,70.45219062789704,0,0,0,0.00000003297448436018541188671754910128709716609098746142436333,1.00000458031287390153519134562673865765051567893429691,5.563471696947141264442195879968382197163297360143216193e-84,1,ROOT_OK
cstr,cstrfold_0000822,dev,single,0.01862421613037170208670939264977196920185256795798177002,86.04782123702815,21.050884831568645,0,0,0,0.999997575500986021892849630861383177452991994150441743,0.0001301838960016347786382922232252600554658471033394805401,0.0,1,ROOT_OK
cstr,cstrfold_0000823,dev,single,0.01798956844331788905303671618964399295294450114913324671,20.050942210168035,22.70676684810386,0,0,0,0.9986731146591496697883281669049977796514366745498294962,0.07415207550207587660575479521598042019424491123133344809,1.054219794323052322434857405127001900770996138236850755e-81,1,ROOT_OK
cstr,cstrfold_0000824,dev,single,0.005441063194574047064042594075290027435968370003552276419,26.19805918775625,71.44551527608981,0,0,0,0.999999130422342183223633046657968367607364598702715358,0.0001598181751640152147290148365473538913741614454521983367,0.0,1,ROOT_OK
cstr,cstrfold_0000825,dev,single,0.00000143293437557602323319669367303217903000612217120151325,90.92139311388156,20.940289809207925,0,0,0,0.000001432975320730775885720383774276177889643537092879882131,1.000057149894815119410143375323675040387429113237487316,5.945429015835573400450489760359800758742678416325989365e-83,1,ROOT_OK
cstr,cstrfold_0000826,cal,low_triple,0.000381896259582853325301990813030288064409302747437743603,19.664964872876865,21.860194778774183,0,0,0,0.0003849740617072165186595291531300190315633337443875478647,1.016212628231220100184586268047517918012811194615118479,1.080987093788286072809179956429054683407759712059270794e-83,3,ROOT_OK
cstr,cstrfold_0000827,cal,middle_triple,0.00000006596688625224510934792546943086162052403621784789328356,26.139686197865675,71.13229813621314,0,0,0,0.8204721603071486074121087241369810347609838330023821186,-855723446.6462290125324588112612005015386393032506825392,3.162659382969156967304572215381005702312988414710552265e-81,3,ROOT_OK
cstr,cstrfold_0000828,test,high_triple,0.01887183471743766043138989887601103597714786595397398892,90.73896262182171,20.761288039042768,0,0,0,0.9999975646775309672200583263393640861750028959119249723,0.0001290493544059589785944461314197185080753299885961767152,1.054219794323052322434857405127001900770996138236850755e-81,3,ROOT_OK
cstr,cstrfold_0000829,test,single,0.01763163572342746341017835570216711923488832453254309819,18.372219028105693,23.264297480429747,0,0,0,0.9980114371465280053411778522221568257679067535847639268,0.1135828555670118997405528554529649037954860550435082778,0.0,1,ROOT_OK
cstr,cstrfold_0000830,dev,single,0.005206139745738251517970405192656339817124900080589172668,27.081911957865028,74.51794756947179,0,0,0,0.9999995460072577419609033230464589130186034974574548201,0.00008720350386097631292813120422626069534086332752749315245,0.0,1,ROOT_OK
cstr,cstrfold_0000831,dev,low_triple,0.000001235099898596443195544363233355537252511332707531124448,86.96028426838454,21.387099696568775,0,0,0,0.000001235130999705137577444316587485314614430831956388692379,1.000050363036512139174272087634180837102463220195371366,3.019967477977356496934723542709816274200361442600109384e-83,3,ROOT_OK
cstr,cstrfold_0000832,dev,single,0.0003440702265044942195314897305733676248886815296109797321,18.951675123444012,23.113162573887024,0,0,0,0.0003467171607942105041945355588268900849236832183490953555,1.015471640300447745235660069669963018048376732290489402,2.367876491155293302343917999796976925559854607367926501e-83,1,ROOT_OK
cstr,cstrfold_0000833,dev,single,0.00000001507984881947394354661524396060829648019631210692917031,28.300422989838516,76.75101502652481,0,0,0,0.00000001507986604542297479426173126149498723910584209906651823,1.000002284633438680839671999369093108692786656703306873,4.77286415799832852215674304492662449937239609194138484e-83,1,ROOT_OK
cstr,cstrfold_0000834,dev,single,0.01899634772146800418340370091309997490152177247723913203,92.46220836124687,20.629288371887093,0,0,0,0.9999975087114831582640804499949724543203478500913296126,0.0001311498365416137365727002318818662744555180278226896619,0.0,1,ROOT_OK
cstr,cstrfold_0000835,dev,single,0.01863242616767901812502010487380160670147940046328536344,19.75531683700917,21.981202115164105,0,0,0,0.998363460872224929259237514934232041845367101404592936,0.0884016535405870349609984672324193820012358131686660594,0.0,1,ROOT_OK
cstr,cstrfold_0000836,cal,single,0.005320689072797325867488937891462952133155314384280546589,28.349358324580876,72.80480514192519,0,0,0,0.9999997414155792977427445148147039034342877542414713814,0.00004859985852749968673810114651489862351174331433298415102,1.054219794323052322434857405127001900770996138236850755e-81,1,ROOT_OK
cstr,cstrfold_0000837,cal,single,0.000003389409134386769463637253011731877330367901553474658022,84.98484195669634,19.858063084045718,0,0,0,0.000003389625798166585490637033052099521265643486346834281263,1.000127853592742360996913838294739523178721794789324436,2.986789860701488341798281077529237028894877746080433104e-83,1,ROOT_OK
cstr,cstrfold_0000838,test,middle_triple,0.0004019560174770167778315641270185383617940891633504717551,19.385750402489993,21.908670732818226,0,0,0,0.7917795418731970962305200917559980787755474481563972981,-68151.29578917813043267200501084422347463548347190234306,1.054219794323052322434857405127001900770996138236850755e-81,3,ROOT_OK
cstr,cstrfold_0000839,test,high_triple,0.00000003495668347986651004307913202905721028524221276492123314,26.719598236544815,75.78429111965129,0,0,0,0.822538846932812043523955452436428118150508653721879324,999032040.432205938183547629830650435796792468564406571,1.054219794323052322434857405127001900770996138236850755e-81,3,ROOT_OK
cstr,cstrfold_0000840,dev,low_triple,0.02009459806361048967306563693507202505999378248989958151,90.70111397856839,19.52263322567991,0,0,0,0.05179414836215354328191258459521429815637074903111045049,39.26808877891151889739795148027348194552791197797006272,0.0,3,ROOT_OK
cstr,cstrfold_0000841,dev,middle_triple,0.018634475449288341968842854660162134681861096304191942,19.333537636775695,21.99704527481223,0,0,0,0.05583634967085946574406294381721330531773203050730809919,-112.0387694431747647581365963483407939756068619515840046,1.317774742903815403043571756408752375963745172796063444e-82,3,ROOT_OK
cstr,cstrfold_0000842,dev,single,0.005189625892469810080843019920668528045909880856992663724,27.330653113948124,74.92598988369359,0,0,0,0.9999996129666935422143864431960495246726342153516460855,0.00007457839282583088174923819983017202563717728864577381208,1.054219794323052322434857405127001900770996138236850755e-81,1,ROOT_OK
cstr,cstrfold_0000843,dev,high_triple,0.00000280463772556191514615604239829289388242876499453627485,86.25427391990377,20.0986740261128,0,0,0,0.920372301167818376548770898575693801638099598569878154,19827357.76171174805058566725276562741603026744695821165,0.0,3,ROOT_OK
cstr,cstrfold_0000844,dev,single,0.0002539473410271947969037155275271623719369220294702181392,19.693500867171647,23.720066980696572,0,0,0,0.0002554248662388142746378886733227246462803857600905345683,1.01168548295224874731250052118013407546273484549089676,1.338364973261687518716127565102639131838178691121001935e-83,1,ROOT_OK
cstr,cstrfold_0000845,dev,single,0.00000003077119423375817400311220428968565045078251133750837038,27.229905488423576,74.20802421625615,0,0,0,0.00000003077126355220444088176665999170924794009242871705109552,1.000004505418925407335284279817644838932690847192023236,1.698555764452466759006119040307404946118659079738593548e-83,1,ROOT_OK
cstr,cstrfold_0000846,cal,single,0.01933468202640585097671421705512616272140144390826493589,88.05316525140104,20.29910357879273,0,0,0,0.9999964561532690242929649412375550896122434457432166114,0.0001832976893535281801424935513737542748454308108894809525,1.054219794323052322434857405127001900770996138236850755e-81,1,ROOT_OK
cstr,cstrfold_0000847,cal,single,0.01741432704591876450398083677706211319368680281961063861,20.185575042928807,23.4034464966893,0,0,0,0.9988669574670872741125693811517544840999315736441023989,0.06536181240065406989164458085561860656100517487166849208,0.0,1,ROOT_OK
cstr,cstrfold_0000848,test,single,0.005455803702989266234362155772484490740256883220687641132,27.72304274244687,71.09091691142022,0,0,0,0.999999600896601531398762356891944440294340684236592846,0.0000731522159202711995977068617035518543395243884944283987,1.054219794323052322434857405127001900770996138236850755e-81,1,ROOT_OK
cstr,cstrfold_0000849,test,single,0.000002698623117901055730581341658242902752126202815162273616,84.04440150489647,20.27511842478923,0,0,0,0.0000026987635010847682828035091057275123378347793469599674,1.00010404461966599510199146725112799466622140194985738,5.476518691669970141188769585807614091758508838847897942e-83,1,ROOT_OK
cstr,cstrfold_0000850,dev,low_triple,0.0004544129887214082125386553528841567692640001363419552379,18.354817416558355,22.45395162866814,0,0,0,0.0004589062389558652255628461879153115878628144469736806012,1.019917474072342264086127552013586836627981164861913307,1.80164515631381012134863326071509113901293285343211799e-83,3,ROOT_OK
cstr,cstrfold_0000851,dev,middle_triple,0.00000002872181001934068963869905070663609296963111902872645062,27.784281406064366,71.84880069330815,0,0,0,0.8227950986298185740556724228973213960928287583082030231,-71635284.93733662022811765148183668624282995663501737136,1.054219794323052322434857405127001900770996138236850755e-81,3,ROOT_OK
cstr,cstrfold_0000852,dev,high_triple,0.01966437524508918110200091849105531198438827865597037985,90.76661811374107,19.969554199262163,0,0,0,0.9999960403640559179622103831808640558727084436820678228,0.0002013707824683789995112281383091119646854197346110693191,1.054219794323052322434857405127001900770996138236850755e-81,3,ROOT_OK
cstr,cstrfold_0000853,dev,single,0.01772670010742703668591704497100312867489787949829447006,19.412365961828446,23.065642124294985,0,0,0,0.9985003755481955086485798595115773434456675032981129288,0.08508479897321852701988020937717307228212820899537488498,1.054219794323052322434857405127001900770996138236850755e-81,1,ROOT_OK
cstr,cstrfold_0000854,dev,single,0.005507230209377285048499239906250507660229863801778086026,27.900134120233076,70.42144483961908,0,0,0,0.9999996193488494399809407307856138823728654424300006286,0.00006911856102257482722320738488290524451814456632955381367,0.0,1,ROOT_OK
cstr,cstrfold_0000855,dev,low_triple,0.000002347538475912542878843846645254086123410243228401821908,89.75131803298969,20.22283203183146,0,0,0,0.000002347644418832718911603404373546396576436695054917346564,1.000090261756720131876223285189684418714253312853345458,2.01961204799284697085107951681053296877744392632502155e-83,3,ROOT_OK
cstr,cstrfold_0000856,cal,single,0.0002877339262666341940939634614208137045912113842366943869,19.3060467970449,23.56900945702542,0,0,0,0.0002896201308962390420188796587936671301375886113681531706,1.013172948586034200128445487228029903183484483547755435,1.80164515631381012134863326071509113901293285343211799e-83,1,ROOT_OK
cstr,cstrfold_0000857,cal,single,0.00000001203415462532438570422774766743558569690618369162564786,28.690653630661703,77.21829819122564,0,0,0,0.00000001203416566334003824896064590506618727977743593690457613,1.00000183444926676185901619204911545728285581852821432,5.214786249929110999920163903579078617381745124617959289e-83,1,ROOT_OK
cstr,cstrfold_0000858,test,single,0.01911942165438701322271232383541055088534794317142795899,89.42934574060973,20.511795905178197,0,0,0,0.999997032550802499545672281265167443880882544262975393,0.0001552118030126363011671479818596959551219221350008709492,0.0,1,ROOT_OK
cstr,cstrfold_0000859,test,single,0.01756726251286203028391490445684111953967856256283954282,18.586521046442307,23.327670323708702,0,0,0,0.9981565851215696781524201982469528614550474301071452609,0.105634670655310742508561244742178240130174461582525616,1.054219794323052322434857405127001900770996138236850755e-81,1,ROOT_OK
cstr,cstrfold_0000860,dev,middle_triple,0.005347876497351763028438810994998065928851319915281149189,28.017958297726597,72.47254593719929,0,0,0,0.0152078370687094768531930478905606481443428002862010548,-585.4332256269652439676516681881894712706714380569778297,1.647218428629769253804464695510940469954681465995079305e-83,3,ROOT_OK
cstr,cstrfold_0000861,dev,single,0.000003258607340991924625237149937116352577536054927552763694,90.79146078280172,19.650668188068988,0,0,0,0.000003258805401410273087012035542142577536590612713616740838,1.000121566880790495078581246599575574548384357643725596,2.541606559799839278331107635651646428250387418234595021e-83,1,ROOT_OK
cstr,cstrfold_0000862,dev,high_triple,0.0003734687448266275173883760637383754027660840654995155465,19.88090735366348,21.749775551877374,0,0,0,0.7979472354516096127045520408236171832081552405150507409,1159182.144673519399921761770910471439345458899821794989,5.271098971615261612174287025635009503854980691184253775e-81,3,ROOT_OK
cstr,cstrfold_0000863,dev,low_triple,0.00000005699238409600699596070445767487574694535222855098961151,26.134942847830402,73.05930745802635,0,0,0,0.00000005699261815554224089936616958105778539644813852128450788,1.000008213737359660602242397708814705892564762424682488,1.77827001686944846659341243297422848891134206724780061e-86,3,ROOT_OK
cstr,cstrfold_0000864,dev,middle_triple,0.01900315307531480546478413242967233784260036472867745747,85.73675346695924,20.64105857948406,0,0,0,0.05263553027979995728482249041905935526001651716733751378,-715.2020412917430335990079732489950892538309420627222222,6.588873714519077015217858782043761879818725863980317219e-83,3,ROOT_OK
cstr,cstrfold_0000865,dev,high_triple,0.0176759085135641027119909150290179488793354084652759665,18.51712022376758,23.163562422685647,0,0,0,0.9980660870759382144846583070241345929641504543696039572,0.1101722287290854252083169657185576177125019687306643749,0.0,3,ROOT_OK
cstr,cstrfold_0000866,cal,single,0.004999705804866268325253044873453134741802761032724227523,26.116164782258128,77.66556384760393,0,0,0,0.9999993496666768646606815431367143761062945401126121444,0.0001300746495209413727749219002948703274212310388262990232,1.054219794323052322434857405127001900770996138236850755e-81,1,ROOT_OK
cstr,cstrfold_0000867,cal,low_triple,0.000002897217525715025753955068007299687988239936267585475402,90.63145783530743,19.841772730528092,0,0,0,0.000002897375693928107311183597102665522516980607199375854511,1.000109190717737754693098953957674887512778686325316812,4.733742217627200655891687971401191472616346566461933226e-83,3,ROOT_OK
cstr,cstrfold_0000868,test,single,0.0002978812825149157852660331625007590612272224657445911687,19.079795807321975,23.669618940018868,0,0,0,0.0002999126442699213129200273731932892560509275004098507351,1.013706015165062488020162443409595723664745243464748963,4.220997223363783712873940782246784954258871256612390718e-83,1,ROOT_OK
cstr,cstrfold_0000869,test,single,0.00000004569536329987724718870256632318934441726331726435043683,26.913095197450147,71.1388536758575,0,0,0,0.00000004569550975513491489107455007783979976856531231997552227,1.000006410085844291026702110266465796908638641976089432,3.897710247752772214083253586967311167947918472097082967e-83,1,ROOT_OK
cstr,cstrfold_0000870,dev,single,0.01923349431725702204951916421510913853965493942559548518,90.11941371121097,20.394456161525113,0,0,0,0.9999968862421929688540131450930329261617449700752544235,0.0001618987976237960650852033967632658040083603344278226288,0.0,1,ROOT_OK
cstr,cstrfold_0000871,dev,single,0.01892535476364885225906198798573937896977460787941373568,20.03059041817087,21.639494248658895,0,0,0,0.9983847597105638486543885497378539680255556660794022543,0.08590394126568003223258177944743274651957277208327629477,0.0,1,ROOT_OK
cstr,cstrfold_0000872,dev,single,0.005478548666270196365558622588329707225340426847337378154,28.529139366071675,70.72123472153952,0,0,0,0.9999997291312116560892282815721882294262480653996406682,0.0000494417701113526063643856725167624960847776278084365296,1.054219794323052322434857405127001900770996138236850755e-81,1,ROOT_OK
cstr,cstrfold_0000873,dev,single,0.00000126938246883034004726867522506396741228163458607958401,84.33320640945442,21.494085636266185,0,0,0,0.00000126941549287976033165310927315730977139153581285379322,1.00005203268279981322959374711156781213169034307111545,1.353847861323759324446467382186909446314071082830184199e-83,1,ROOT_OK
cstr,cstrfold_0000874,dev,middle_triple,0.0004587549016209720479949284459259302830960122099881860795,18.339555083363567,22.437361599933553,0,0,0,0.7674627070921794105375648895282035727165541170017611028,-5975.646663379599938510022620664152645858216224216619164,1.054219794323052322434857405127001900770996138236850755e-81,3,ROOT_OK
cstr,cstrfold_0000875,dev,high_triple,0.00000003442298353185571456996467831044936352629432350537909372,26.654080467298595,76.43111614553015,0,0,0,0.821221239986786231266695434826492496805505122110798449,1421824511.591145958569627852158259695186911764402350452,1.054219794323052322434857405127001900770996138236850755e-81,3,ROOT_OK
cstr,cstrfold_0000876,cal,single,0.01946707208284083149124692828564190148369869641091393396,90.28497279549148,20.162282172566677,0,0,0,0.9999964286160567933016539563078460152808636457264168486,0.00018346585579424718748985022183187953480323881517278437,1.054219794323052322434857405127001900770996138236850755e-81,1,ROOT_OK
cstr,cstrfold_0000877,cal,low_triple,0.01871608200793103851950706043973074713118436213874148417,18.79800762221328,21.952549690329747,0,0,0,0.05401863646676504290547089185962969057303708103421367532,369.1910334661731355186929810681194736194611153293172268,0.0,3,ROOT_OK
cstr,cstrfold_0000878,test,single,0.005236241597167675075986218676222031161620756374555218792,27.369489660690157,74.3406323655149,0,0,0,0.9999996081538207718960693399906797177062892750092653176,0.00007483360821923128789785620814770593419967426297312261537,0.0,1,ROOT_OK
cstr,cstrfold_0000879,test,middle_triple,0.000001493723849269636011176197133757686893308998272803962358,83.937878288226,21.252452783387,0,0,0,0.9172362724511623177789812126511914076140384762548932355,-812750.8306704679533221661942298375891240557650609161574,2.10843958864610464486971481025400380154199227647370151e-81,3,ROOT_OK
cstr,cstrfold_0000880,dev,single,0.0004435923948570818018263925245790195885986905954192730947,18.55215974190833,22.342493066041293,0,0,0,0.000447850225001131663436472087494959001683002705867518385,1.019330325637624192140537004454233654387867277928381122,6.022642379677593834222574042961876093271804110044508708e-83,1,ROOT_OK
cstr,cstrfold_0000881,dev,single,0.00000001857090239572279609374013896552118559625987797938030813,27.91966692337918,76.4228374436612,0,0,0,0.00000001857092840748479603789532835924480164955031481647115169,1.000002801348916672791687433488306300985660241128668168,5.59542400449407110703098564046899686806829444287097261e-84,1,ROOT_OK
cstr,cstrfold_0000882,dev,single,0.01907196755007411191173611914886954892942233063047004769,89.596030335109,20.575611285142642,0,0,0,0.9999971646551721672245410245996430560272749199934937774,0.0001486708794553104663374686558064570989124241698496928557,1.054219794323052322434857405127001900770996138236850755e-81,1,ROOT_OK
cstr,cstrfold_0000883,dev,single,0.01823909561662944585006375241507200242575144694357524892,19.568884959212312,22.444882513688405,0,0,0,0.9984097713082262936285359583389913462027947100494888171,0.08772864723551699474783196031726778552016189529503482884,0.0,1,ROOT_OK
cstr,cstrfold_0000884,dev,high_triple,0.005402985970556203214198708065052168553213859836895263611,26.710914714887803,71.86357236048934,0,0,0,0.9999993538288839047225831859530590338653980896300766663,0.0001195955172340431471825241497431721248259806807322002022,0.0,3,ROOT_OK
cstr,cstrfold_0000885,dev,single,0.000002786792629928684170457779660449028009237249416632786739,91.02870057790072,19.885018375314257,0,0,0,0.000002786939306481359612262174740019199844188163684447652711,1.000105269612694529783949152418254443899833560678197465,4.510145184834683149760027236366014983042420078402054297e-83,1,ROOT_OK
cstr,cstrfold_0000886,cal,low_triple,0.0004770496782046991452247701628492128278198978700181900283,18.554667592497673,22.007631478919038,0,0,0,0.0004819006874136073373492230528620073396560125952504808201,1.020487168690338953728590816867072108471740582255095189,8.236092143148846269022323477554702349773407329975396523e-84,3,ROOT_OK
cstr,cstrfold_0000887,cal,middle_triple,0.0000000188570510058927661810362902688999167076161305316523928,28.566074573044975,72.4947553965334,0,0,0,0.8377885610247584080346659105065419557440532895888336832,-888722579.3829228900989635622247433171449568479749402292,0.0,3,ROOT_OK
cstr,cstrfold_0000888,test,single,0.01880018466735245342545405103986306544646325248988880734,88.6860694242103,20.843618305901053,0,0,0,0.9999975097688527947364343720349847957828574072144124285,0.0001324619802796177290446489819666675509377326601382307914,1.054219794323052322434857405127001900770996138236850755e-81,1,ROOT_OK
cstr,cstrfold_0000889,test,single,0.01755976436516660787886224717717846829578768214056740028,19.756611080531194,23.248896145370843,0,0,0,0.9986840400037308708943418515551740025949261015161336733,0.075329604493930649715682584590143954550572575614124999,0.0,1,ROOT_OK
cstr,cstrfold_0000890,dev,single,0.005347826532094857285673346865220877496571569319816252224,26.342790172363028,72.65527462411336,0,0,0,0.9999992491529222028567876650491467304305574464969317416,0.0001404027243239764226499062735694478063642858838592944084,0.0,1,ROOT_OK
cstr,cstrfold_0000891,dev,high_triple,0.000002209759228561651510379186153620701535366510442057402665,87.7540984438145,20.417382635258953,0,0,0,0.9306639969646609568343814955653133685635178616254592039,266031.5700071868228006335475977390692298852523974221151,0.0,3,ROOT_OK
cstr,cstrfold_0000892,dev,single,0.000277741780925879262517306278257274235043137667605387377,20.16160622471538,22.794246008949532,0,0,0,0.000279437854629025176682968532139876205431047725617497498,1.01226735276021458326906077104183670176661774249036405,2.779681098312735615795034173674712043048524973866696327e-83,1,ROOT_OK
cstr,cstrfold_0000893,dev,single,0.00000004286169643498435563013679059149008137909702450213783001,26.458916767745713,74.74937684185572,0,0,0,0.00000004286183192243560710414286078861976786647159879885199156,1.000006322090602935582558009732352501478707881797106088,1.663141171466331735833961893762377554728184437014181519e-83,1,ROOT_OK
cstr,cstrfold_0000894,dev,single,0.01927838012779622716289602993645618376267421693817587598,89.88037663363731,20.350826990045377,0,0,0,0.9999967758995481876614421270685467103046308010249022779,0.0001672459348022988609712846246076747296856959830094668114,0.0,1,ROOT_OK
cstr,cstrfold_0000895,dev,single,0.0176801034172232814844619027291081274411984919940799291,18.691225696741306,23.17867634453256,0,0,0,0.9981734124890216638724860962153580243296026879990715429,0.1040021212516500567200999041069298166986844017850358263,1.054219794323052322434857405127001900770996138236850755e-81,1,ROOT_OK
cstr,cstrfold_0000896,cal,low_triple,0.005097618018342919039309824225587979520944543021575628449,27.614328908358495,75.85830624841928,0,0,0,0.01349090235859878000275609204041833160279202345862556006,42.60620172108517737459853129897726387708007788526285255,3.294436857259538507608929391021880939909362931990158609e-83,3,ROOT_OK
cstr,cstrfold_0000897,cal,single,0.00000129872219338256400894339756303697560398055918492822176,91.54801891888368,21.065313182806825,0,0,0,0.000001298756038442933428094448071149770841620880425807380075,1.000052121564107992821109777979680712756103276740145894,1.926714719620416136469040614304911081922089576069927966e-83,1,ROOT_OK
cstr,cstrfold_0000898,test,middle_triple,0.0004006044532237697971091661585112969635620380451427386136,18.337950419188683,23.09943478181562,0,0,0,0.7807897085027726531368722815587604707221192123245939427,-87237.48897339200793045396186222570413557963033908495762,1.054219794323052322434857405127001900770996138236850755e-81,3,ROOT_OK
cstr,cstrfold_0000899,test,single,0.00000002832301741400364671818661868487763354835330419807526021,27.245818845496295,75.17969179818107,0,0,0,0.0000000283230769206393581633443817309896622592969424431551069,1.000004202004768556243746263208145736335278050174423182,8.301976104727913997546111213808182157922649102325549136e-84,1,ROOT_OK
cstr,cstrfold_0000900,dev,high_triple,0.01970150624764551331950607562027144432700360062014166855,86.25682009810461,19.869810676471275,0,0,0,0.9999950815559149601582352468665009154904164468697034419,0.0002496630146936696876062803518229071348730175395519132512,1.054219794323052322434857405127001900770996138236850755e-81,3,ROOT_OK
cstr,cstrfold_0000901,dev,low_triple,0.01768921245156807031024288078536850125384096095748850831,18.624604910109714,23.172028370031217,0,0,0,0.05147674501213247824315722212675180483340292181988872444,4034.658281224330238968235825068747452224391953349326975,6.588873714519077015217858782043761879818725863980317219e-83,3,ROOT_OK
cstr,cstrfold_0000902,dev,single,0.005496914221399528383220382823823512916185493790919322876,27.251033108100103,70.64265102778543,0,0,0,0.9999994758509618944785272392723208195160238433067681122,0.00009535354677463927220670321434700811115352954733618760084,0.0,1,ROOT_OK
cstr,cstrfold_0000903,dev,middle_triple,0.000001198547050093566192694052958170170621393835440548384645,90.26093984574136,21.258854141137174,0,0,0,0.9244944836833903449262217247866894410067460437177477449,-81162577.35563043567877075677083644335617088531166881014,1.054219794323052322434857405127001900770996138236850755e-81,3,ROOT_OK
cstr,cstrfold_0000904,dev,single,0.0003194793916374280099559004147723602377371967173758018899,19.909524386997617,22.41718704290515,0,0,0,0.0003216872314653720084380591632577928155490512565371329346,1.013890681303758996888190157250208393205222129396289582,4.220997223363783712873940782246784954258871256612390718e-83,1,ROOT_OK
cstr,cstrfold_0000905,dev,single,0.00000002201879865475667686945071687833789605307976608032460968,27.356782051390454,77.80781522001284,0,0,0,0.000000022018835893389364961818504499417077685559654772954933,1.000003382444185276173638084609892437518308281771876036,4.753601660695454690798643731098771151553464222304819e-83,1,ROOT_OK
cstr,cstrfold_0000906,cal,single,0.0189579221780606983388241687591211839800669442739571922,90.57739050868192,20.673954439133073,0,0,0,0.9999974169134792485615822079036594277108394571870973432,0.0001362581439995505571201190777267167964199038248606667424,1.054219794323052322434857405127001900770996138236850755e-81,1,ROOT_OK
cstr,cstrfold_0000907,cal,single,0.01822208195992725229882436692614595422809885993011899784,19.663342172621206,22.456145211675764,0,0,0,0.9984545373033307971880799049491207386712139486145563777,0.08532702095387148658320060630165545764517147787327858264,0.0,1,ROOT_OK
cstr,cstrfold_0000908,test,single,0.005303149993401810978088941325002808253187320163602185064,26.32924134894596,73.25954328119201,0,0,0,0.9999992690130228822121589586354622191071109621993063394,0.0001378405626544215540151615718050576668122978407985312221,1.054219794323052322434857405127001900770996138236850755e-81,1,ROOT_OK
cstr,cstrfold_0000909,test,single,0.000001289000909361015930396946799551988529612029870193565506,85.99636715563385,21.37134204722594,0,0,0,0.000001289034758142182463197065823152206227991941295625657983,1.000052520430902742036669664388535544061687353416427184,5.671361789490068579535513517686288568734349456590724095e-83,1,ROOT_OK
cstr,cstrfold_0000910,dev,high_triple,0.0004043253430284782119281430966157426214112222458533786993,18.949251206893603,22.342051800485258,0,0,0,0.7919030015670500000227716243147106336881247130504029855,26571.69274098699538576253096485794868650605878652506156,0.0,3,ROOT_OK
cstr,cstrfold_0000911,dev,low_triple,0.00000003651250754245347327744232245370292028597440675979979854,26.634873675219726,75.75674975519398,0,0,0,0.00000003651260720579926702439858615940621639101241358266773197,1.000005459145442147373145617515113831509769326463885597,9.585566591286241154837168898422353622842664652809805213e-84,3,ROOT_OK
cstr,cstrfold_0000912,dev,middle_triple,0.01969908590057557567988962359365663262478825807051439487,86.10106467497772,19.947038585637948,0,0,0,0.05519699097383816131228928342179847629677159247805341551,-187.2074895443726120121124081519139439837243049550484123,6.588873714519077015217858782043761879818725863980317219e-83,3,ROOT_OK
cstr,cstrfold_0000913,dev,high_triple,0.01785085710614709463076935481028445595055371846078757755,19.106843645663126,22.924230986941883,0,0,0,0.9983202404446531257462331859076778563188590119384752848,0.09469524930491177414751501724042056308667319013599278522,1.054219794323052322434857405127001900770996138236850755e-81,3,ROOT_OK
cstr,cstrfold_0000914,dev,single,0.005381287855930569282862677305196187370238784664906602388,26.21909887423411,72.2694060874767,0,0,0,0.9999991803229797164761491711482896705251095629722515906,0.0001523203760005724896987681882197198288071698689094388695,1.054219794323052322434857405127001900770996138236850755e-81,1,ROOT_OK
cstr,cstrfold_0000915,dev,low_triple,0.000001998634009620544197277010722592038720404406335950188703,90.70413309873983,20.42286203262532,0,0,0,0.000001998711599456449008449538760664100809870913033905969804,1.000077645105943095459569052614427486956334580263746478,6.707910983775525183949822051055294687217794641796367872e-84,3,ROOT_OK
cstr,cstrfold_0000916,cal,single,0.0003726846753736359425697842381553337696032906628825160883,18.37836075173152,23.414716357586453,0,0,0,0.0003758359184040638583849718639250304591077281586917358851,1.017014401566406077495765215882527104436902565649631435,3.242961281364858218427539869287164050223279136177812381e-83,1,ROOT_OK
cstr,cstrfold_0000917,cal,single,0.00000003035902745266984725140068606049827858751647495438813974,26.74947816991314,77.50559975047258,0,0,0,0.00000003035909796586725168349807869126063047238193338552981833,1.000004645294859883906974571700247937863144413643891919,1.702740668449763764938102123983591646378782591458689079e-84,1,ROOT_OK
cstr,cstrfold_0000918,test,single,0.01934460376615571080504708435273780971878080091734326782,92.09523231431871,20.33149229908158,0,0,0,0.9999969771825184962802912172440565016765990836244247406,0.0001562675072324072818857666055031621500597318395849724526,1.054219794323052322434857405127001900770996138236850755e-81,1,ROOT_OK
cstr,cstrfold_0000919,test,single,0.01873069066553568770182991231715451266608961646244665593,19.565189657274228,21.88255608331466,0,0,0,0.9982447491101068375779918231601403675228558175078467736,0.09435301170067355243922365282860147952513755542803232311,1.054219794323052322434857405127001900770996138236850755e-81,1,ROOT_OK
cstr,cstrfold_0000920,dev,middle_triple,0.005327271140519211004708951558843410077293432960571396807,27.665632857553373,72.76318237530171,0,0,0,0.01548108508792967068897508168090122637408453359630933012,-119.5361408189109199994577321404140694144768613825126107,1.647218428629769253804464695510940469954681465995079305e-83,3,ROOT_OK
cstr,cstrfold_0000921,dev,single,0.000001772468080888994051494040761063082897803187964678060229,85.41835848084453,20.88069880793307,0,0,0,0.000001772530542219514475723634285503174176274812013914114501,1.000070481343456561611585026102588800296029667459780995,4.584543478119963255217504279498222987666838064537085955e-83,1,ROOT_OK
cstr,cstrfold_0000922,dev,high_triple,0.0002745948853761646447421622772368654801852047435402281474,20.17063409909348,22.83674562887121,0,0,0,0.8021679347460912356224352742508649671408336430838989313,122715.2447659560357962188000961053302202540645423577043,2.10843958864610464486971481025400380154199227647370151e-81,3,ROOT_OK
cstr,cstrfold_0000923,dev,low_triple,0.00000002163064609937177839900901990397688823057706041014102621,28.603492047163822,70.72365129633175,0,0,0,0.00000002163067872208397975105353527902262732386428637010326357,1.000003016345241335625230817173221336785455736290113129,2.44306338121483883459488434773603392550356013212288607e-83,3,ROOT_OK
cstr,cstrfold_0000924,dev,middle_triple,0.01919349319762892051942964958630561580929592253140530122,85.39499304792606,20.326237410374752,0,0,0,0.05961874773896956329044850772626090472650556808950298267,-27.0689466877026908762982356002684065654637082570915574,6.588873714519077015217858782043761879818725863980317219e-83,3,ROOT_OK
cstr,cstrfold_0000925,dev,high_triple,0.01830528219679116157654386352604435012720690747096712341,18.520079972701343,22.440493659268753,0,0,0,0.9978407934618461327245179924026028205226547140422076296,0.1188784947364660107463554592165866093320193934468411409,0.0,3,ROOT_OK
cstr,cstrfold_0000926,cal,single,0.005019755978126187893326175012192556687106976570299457958,26.761632761192548,77.28114015066356,0,0,0,0.9999995361450026109106629083256927552074059422567691328,0.00009240606204156546166337738169348457569658347962497509568,1.054219794323052322434857405127001900770996138236850755e-81,1,ROOT_OK
cstr,cstrfold_0000927,cal,low_triple,0.000003471432678344851326018060603262085792943505115960412808,87.91393051837339,19.681068465728025,0,0,0,0.000003471657822698450942126703834257592097332691156595024135,1.000129718893455418190096384408716419929842241237766877,4.164695812228977146581795992849438356164717104942637031e-83,3,ROOT_OK
cstr,cstrfold_0000928,test,single,0.0003968779261125585912874058951172616262833097782733591159,19.756496734184367,21.597560908793056,0,0,0,0.0004001611040347894013628856240496903129787231442878609953,1.016644198180741673063945896329104242557579407423964217,3.86066819210102168860421413010376672645628468592596712e-83,1,ROOT_OK
cstr,cstrfold_0000929,test,single,0.00000003915560487896212578287830913925877468499679841203907064,27.32048276151338,70.69833582854181,0,0,0,0.00000003915571173818623354823966722853377714790806013960369332,1.000005458193668742757890658742823667177804677958208832,1.205509980446596533100634564853967354661314714697608832e-83,1,ROOT_OK
cstr,cstrfold_0000930,dev,single,0.01933688390072768601516683726690084623834439736657094383,87.75437290996763,20.297758189393768,0,0,0,0.9999964159170766015068808054036244474804144582502463776,0.0001853577899235211602910923235849299594473987350607754281,1.054219794323052322434857405127001900770996138236850755e-81,1,ROOT_OK
cstr,cstrfold_0000931,dev,single,0.01897718446355314657409288519734771316169144463253671009,18.5226638522029,21.689248162785393,0,0,0,0.9975638427594699721693259480450837397713742018046298606,0.1295124687136014822549024047039065804918755272772833828,0.0,1,ROOT_OK
cstr,cstrfold_0000932,dev,middle_triple,0.005141554175467958587780350962846947384408718376843537254,26.317004083290787,75.52820890230387,0,0,0,0.01464943486814839972253133134800609327684748124763416447,-695.5035148921258575973414387129437821182740122804663606,3.294436857259538507608929391021880939909362931990158609e-83,3,ROOT_OK
cstr,cstrfold_0000933,dev,single,0.000001406101570031193977936227351908325470106973671527478671,86.28412118940678,21.213291397834535,0,0,0,0.000001406141535854716803938848790590932867805672957900461473,1.000056847483010049607503405729391672687104032504356811,6.459983698314037697384770174887693417753180109622059671e-83,1,ROOT_OK
cstr,cstrfold_0000934,dev,high_triple,0.0003059033470411996688840368743891634610608031232670010151,19.145276924449185,23.45983697621355,0,0,0,0.7910788656115201853582969646777494786856719916268177781,1937309.977478686920939225875390200974077922046026950963,0.0,3,ROOT_OK
cstr,cstrfold_0000935,dev,low_triple,0.00000001919728588701413729441267395878621756599805193990735145,28.36162928151575,73.40815673250577,0,0,0,0.00000001919731257206534225946328480482763321346405698650119621,1.00000278008865504978887922820539614585499122675298537,4.893101602425172679076407168265712351440659450445931358e-83,3,ROOT_OK
cstr,cstrfold_0000936,cal,middle_triple,0.01823886807505260662124797843250730023370577083538040715,87.10459691722583,21.43792506544089,0,0,0,0.05256556017396078388945187065186032044691703269201307609,-67.31775216318736187922251526808460127166642950541701564,6.588873714519077015217858782043761879818725863980317219e-83,3,ROOT_OK
cstr,cstrfold_0000937,cal,single,0.01762698063939919984527872514648591338321962654844663176,19.704542877174934,23.168427527844887,0,0,0,0.9986459784402984267001166148443894132585049364727076952,0.07722305498411428656938114875054744681351262359676941139,1.054219794323052322434857405127001900770996138236850755e-81,1,ROOT_OK
cstr,cstrfold_0000938,test,single,0.005488802264251371909544683375734643982450592172583338814,26.650742080758185,70.81008586017659,0,0,0,0.9999992900184692306447909732880532305308961831950107866,0.0001293512976998626981796425666803126992372713977783392382,0.0,1,ROOT_OK
cstr,cstrfold_0000939,test,high_triple,0.000003034663603623745079969006170324471726463947212000189481,84.79749431240094,20.045810796305396,0,0,0,0.9196969288052168065397448670411727678595435040978858641,22249851.98016893827605391764675065053395625214559249817,1.054219794323052322434857405127001900770996138236850755e-81,3,ROOT_OK
cstr,cstrfold_0000940,dev,single,0.0003162066492554755267963845984910590192090957513193139954,19.407054630479124,22.99885457917156,0,0,0,0.0003184285776565755496090889208134393875603223144681732502,1.014125130205831431230097405350461748488687415326334226,2.779681098312735615795034173674712043048524973866696327e-83,1,ROOT_OK
cstr,cstrfold_0000941,dev,single,0.00000002387373962585723577276013388714084786999309919210948187,28.167019535110267,71.8974795358748,0,0,0,0.0000000238737800343617319894099254769638436879346342055822617,1.000003385188510378256025941762805437441446126820649705,3.443032367361760123644268674467020711307862639432829948e-83,1,ROOT_OK
cstr,cstrfold_0000942,dev,single,0.01933451375605553788281188168067174446127722651207594566,85.31158197849022,20.307289310878094,0,0,0,0.9999961092376934482730155872752878994869686591427044654,0.0002012436304993726078320840343602343407560985824816539493,0.0,1,ROOT_OK
cstr,cstrfold_0000943,dev,single,0.01717837404728344903884216553581039927846611782577528845,19.675004034176613,23.744988963781136,0,0,0,0.9987575879624320764629839197859994236692155960144567704,0.07267460826714178306966887846571675158004656030934188709,1.054219794323052322434857405127001900770996138236850755e-81,1,ROOT_OK
cstr,cstrfold_0000944,dev,low_triple,0.005099213592403917198440310971870145475051796742873039712,28.08619195612274,75.94487338586141,0,0,0,0.01431071498223491970110226394371338412571799843719830001,391.8060672781907389939569948670656754848390931372500769,0.0,3,ROOT_OK
cstr,cstrfold_0000945,dev,single,0.000002494430350937180288329346387268431274917100625577509421,85.66758557360765,20.316834468848203,0,0,0,0.000002494550552417226748299875232963404300192276824318330118,1.000096379346115958725721033168414881919862300611886347,5.589925819812937653291518375879412239348162201496973226e-85,1,ROOT_OK
cstr,cstrfold_0000946,cal,single,0.0003009971504810876981544486186474011046609690472203890357,19.384519569842155,23.259598632285563,0,0,0,0.000303033571270636517539595956472576909209812826135205384,1.013597421653454479812179669120265166623823066662584947,2.67672994652337503743225513020527826367635738224200387e-83,1,ROOT_OK
cstr,cstrfold_0000947,cal,middle_triple,0.00000004774418485648675729733901221849173641631775435863818854,26.810616473767418,71.19378828818593,0,0,0,0.8259303647316842740214343694426836043482248879757522873,-788386388.8625831601466936513918188311350592663688859718,2.10843958864610464486971481025400380154199227647370151e-81,3,ROOT_OK
cstr,cstrfold_0000948,test,high_triple,0.02011742929256071176947607753815086120987626548782558696,87.22154685210258,19.551818024521953,0,0,0,0.9999942444524746976727526989302051076743316053257612446,0.0002861174030268231636317484009467579392706004271223775168,0.0,3,ROOT_OK
cstr,cstrfold_0000949,test,low_triple,0.01794521482304493343749597526263006920634938655377044417,19.761613194045413,22.77456711241555,0,0,0,0.05191378264466753018544505198103805865396800453893376712,1338.526485759171350172048807943752222274645253970814376,0.0,3,ROOT_OK
cstr,cstrfold_0000950,dev,single,0.005484670284195147481444665274395221974249419219476993481,26.82742035543274,70.81638959266714,0,0,0,0.9999993529517463642403314681008228628499176046014740757,0.0001179742882476198730732512737928440507946245523177071648,1.054219794323052322434857405127001900770996138236850755e-81,1,ROOT_OK
cstr,cstrfold_0000951,dev,middle_triple,0.000001037498760468823695446489149089729676146803083743140319,92.62171671185139,21.370699048476396,0,0,0,0.9255270861064918562398155966488279141431948591017069699,-312030863.3916269319780172894983668588703348886739998201,0.0,3,ROOT_OK
cstr,cstrfold_0000952,dev,single,0.000366482477604852177013901825024931507335269915575257166,19.149856160331588,22.58513459700794,0,0,0,0.0003694150772930744433570600254508898639444863171253696858,1.016096725268410778438442560151999242711611447473323327,5.147557589468028918138952173471688968608379581234622827e-85,1,ROOT_OK
cstr,cstrfold_0000953,dev,single,0.00000001827049877552035309298672176381927312094408732297701209,28.126800511767552,75.35177841278568,0,0,0,0.0000000182705235950205281096768277000123518937986327355387609,1.000002716896254431099827685950194573513032649659605655,4.860734574662294484548411876950340439969343821511678987e-83,1,ROOT_OK
cstr,cstrfold_0000954,dev,single,0.01952195881752827443144865096253673046309596065787848046,86.54459268549223,20.119066549338605,0,0,0,0.9999958313165443005702134196831595504713487558870514081,0.0002135490756816860561604883484414905372154775377316391482,0.0,1,ROOT_OK
cstr,cstrfold_0000955,dev,single,0.01724034228890487661888689122018253142876053215541881038,18.785805852901408,23.731258458821692,0,0,0,0.9983697549231735156176046819893086711253238096522949964,0.09512433514326368502870367257240670368475429841160034794,0.0,1,ROOT_OK
cstr,cstrfold_0000956,cal,high_triple,0.005123011700867054035946171783489440631351487591722051397,26.533388806833177,75.43629815451169,0,0,0,0.9999994170461681693137856088208635520984479609338080971,0.0001137915081612299830641020342776937669790214972626242881,1.054219794323052322434857405127001900770996138236850755e-81,3,ROOT_OK
cstr,cstrfold_0000957,cal,single,0.00000254775818759485007216015507180110030140673733574323689,88.02819869137264,20.164945891808262,0,0,0,0.000002547882597661769712339376504486961494015989582252370556,1.000097665925775218092311519371916853174827940030838398,6.422382398734720454896802047683036939740298586899759887e-84,1,ROOT_OK
cstr,cstrfold_0000958,test,low_triple,0.0004866251200084619123643987490041273114677937735492403921,18.672245787382572,21.770716402195756,0,0,0,0.0004916165428412314919211969347000255463222604702967562837,1.020666725113684984423004249207294280322766033777619421,3.397388009048899085971708434491314719281530523614851066e-83,3,ROOT_OK
cstr,cstrfold_0000959,test,middle_triple,0.00000002807031731573114890314420159575614040620240948953144874,27.416593107436,74.34379483161514,0,0,0,0.809045930172392493601861921691646326587549565428147944,-43695577.02319946791635358290108521004090205951426717106,1.054219794323052322434857405127001900770996138236850755e-81,3,ROOT_OK
cstr,cstrfold_0000960,dev,high_triple,0.01954074499467295763360417541830347993176700693910146096,89.23405016166677,20.092705887097186,0,0,0,0.9999961392551717283691144586338112325570806919311438782,0.0001975835340036651315925745462781307813801441820617213849,0.0,3,ROOT_OK
cstr,cstrfold_0000961,dev,low_triple,0.01833742447255794607447852068928464709854344909407744061,18.945866023658446,22.35813337113076,0,0,0,0.05143864030284591539641555053673492888837879972024324386,87.59283473195285273827843474240146129147605317392309827,6.588873714519077015217858782043761879818725863980317219e-83,3,ROOT_OK
cstr,cstrfold_0000962,dev,single,0.005189631259122134067949020083946795017663668163430442599,28.029743274859637,74.69121458380408,0,0,0,0.9999997287156162670836931141904633528661344562836601573,0.0000522743728581935084848986353109292665765775623627222137,1.054219794323052322434857405127001900770996138236850755e-81,1,ROOT_OK
cstr,cstrfold_0000963,dev,middle_triple,0.00000161051541243075886873242546895864533720981090982762496,87.84468293730426,20.909396300489593,0,0,0,0.9210808529189817910624377125513183218077170704794665027,-2010535.540300315464996161610279830294433262289660085325,1.054219794323052322434857405127001900770996138236850755e-81,3,ROOT_OK
cstr,cstrfold_0000964,dev,single,0.0004878415456210644099364596693178362390592020959692798235,18.426905142788,22.025960748159825,0,0,0,0.0004929206795571439182908706197036156356720297809156100705,1.02097971035936419053538143241143648741302812828484998,3.191485705470177929246150347552447160537195340365466153e-83,1,ROOT_OK
cstr,cstrfold_0000965,dev,single,0.00000003697654923933087957236077798208411105579624153165499205,27.2639431370275,71.70752535241665,0,0,0,0.00000003697664591563880616732437740953750192683511189658476076,1.000005229070570825322181415118342951966239720838513985,2.56150056288608900923299718958378921056803161959468879e-83,1,ROOT_OK
cstr,cstrfold_0000966,cal,single,0.01835037645090146586405446108809688077306636861768377699,88.66293510482049,21.32815620899788,0,0,0,0.9999981388691310193825801061474386695052182057522890724,0.0001014243721443265825299028452089051421489179560356792062,1.054219794323052322434857405127001900770996138236850755e-81,1,ROOT_OK
cstr,cstrfold_0000967,cal,single,0.01811277488802182100417906092654478839866622286601325579,19.63538594000803,22.583924273401273,0,0,0,0.9984757960395673307425691460983251759608081452651870155,0.08465286473376074500869504034758371126656669236292864038,0.0,1,ROOT_OK
cstr,cstrfold_0000968,test,single,0.0051420121399350763081035266753651568889779499980989957,27.209193389958056,75.4188203495291,0,0,0,0.9999995972939831295346674881775594781606143063238572345,0.00007831695131352939944553374544591219713247075820284801431,0.0,1,ROOT_OK
cstr,cstrfold_0000969,test,single,0.000002566890471205030537987521002557554766577050289020393953,89.53520209284049,20.081750372912577,0,0,0,0.000002567016208612928567635173618522142692701681090751059638,1.000097972224743112321882717505308604901341019966772864,4.461886832433420378652474559739717898961716519827979708e-83,1,ROOT_OK
cstr,cstrfold_0000970,dev,high_triple,0.0002846310427245279335660979430301675291748518921624699409,19.407906270782572,23.50232888713759,0,0,0,0.7939351109372194304986061637674051980885008457026603111,1018006.341076631359101571528525559796352959027430142177,1.054219794323052322434857405127001900770996138236850755e-81,3,ROOT_OK
cstr,cstrfold_0000971,dev,low_triple,0.0000000633134287884386097936657347335670185497905786630175758,26.113732049737607,71.81840902246292,0,0,0,0.00000006331371267228264115287134889150521169132585515882874592,1.000008967600681034087483788301991446526753150039443333,3.50454919939409899462642241198934472864511366006306305e-83,3,ROOT_OK
cstr,cstrfold_0000972,dev,single,0.01988082281114432922400994963610273359503929293815356827,88.99300872715312,19.768638624131135,0,0,0,0.999995250213841000035007288939875041205954484079439321,0.0002389268420564937052190621071194580136883969107200198336,1.054219794323052322434857405127001900770996138236850755e-81,1,ROOT_OK
cstr,cstrfold_0000973,dev,middle_triple,0.01859229645761499313429763677431540316629723017523884247,18.557764792102358,22.10690463318554,0,0,0,0.05516023812991197797467962078220290272812076924461197142,-193.8701906543486491672550442855444580752233283417531005,6.588873714519077015217858782043761879818725863980317219e-83,3,ROOT_OK
cstr,cstrfold_0000974,dev,single,0.005460700080612674677587449122125804217111031402716583791,26.399561507867265,71.51776492688487,0,0,0,0.9999992260627398581740483256737945324444232815648740548,0.0001417290390634899289519959936553008284114834158633187613,1.054219794323052322434857405127001900770996138236850755e-81,1,ROOT_OK
cstr,cstrfold_0000975,dev,high_triple,0.00000245242578946667883617743048617656650674305289453049454,86.75680002299013,20.289903679162915,0,0,0,0.9240336268037566071224873282239403156613129167287584074,774562.6095135414908455223164353265702283846024606678268,1.054219794323052322434857405127001900770996138236850755e-81,3,ROOT_OK
cstr,cstrfold_0000976,cal,single,0.0003302559273030066128105537363515419170089670424817507421,18.689252613081926,23.635590394129288,0,0,0,0.0003327516974928541409711317438210657404279418136506476237,1.015196744565193063886576866143176100307499252698347578,4.632801830521226026325056956124520071747541623111160544e-84,1,ROOT_OK
cstr,cstrfold_0000977,cal,single,0.00000002725594356890792521364616821998261379146200505955931793,27.854162857736025,72.03875343434363,0,0,0,0.00000002725599634278546577390175027892382041637462601507516633,1.000003872472963764889727376041307694605551897273456837,5.031489339939392814426301227338531860718182213760531841e-83,1,ROOT_OK
cstr,cstrfold_0000978,test,single,0.01884895923887861855169704212849670879033542570040061263,84.48924518044433,20.891487765688343,0,0,0,0.9999971791315481699748865100579872105238394773491303022,0.000149661703992151614734274314040508060568521224951543837,1.054219794323052322434857405127001900770996138236850755e-81,1,ROOT_OK
cstr,cstrfold_0000979,test,single,0.01728838420804798587706346779568905898741080954633100316,20.185112805163588,23.578470985041754,0,0,0,0.998900586895228114254161470679132020925534234198110643,0.06387494811718306782644963157958547303035207712268147199,0.0,1,ROOT_OK
cstr,cstrfold_0000980,dev,single,0.00499724893225372030507579850335026596460167247153557316,28.45360066743547,77.43511544476618,0,0,0,0.9999998161047536347530281759779841888291755098780346022,0.0000367993278150963886461019104476366848038900032445600414,1.054219794323052322434857405127001900770996138236850755e-81,1,ROOT_OK
cstr,cstrfold_0000981,dev,single,0.000002298850622589875842671984383926804859542271705734536812,92.51828281510338,20.120896559917313,0,0,0,0.000002298951677666972663587724670319221891436250244899595824,1.000087920788125554842199544240891184461473386547528356,3.512805901875252546870605252755875245374546534537846125e-83,1,ROOT_OK
cstr,cstrfold_0000982,dev,low_triple,0.0003395482999847498159123755562665921854433328547029670217,19.011948274543634,23.107220904276105,0,0,0,0.0003421250434367138465742507399663050334567233237424282955,1.015260807459017028309048370292619673343737806036860335,3.706241464416980821060045564899616057398033298488928436e-83,3,ROOT_OK
cstr,cstrfold_0000983,dev,middle_triple,0.00000002477588999567710915134355457665546987370471365472124175,28.255557778929788,71.08275278824114,0,0,0,0.8191952244302215117405219991260123875038428934391105351,-48302475.04132968539771081428481878697565741314554648509,3.162659382969156967304572215381005702312988414710552265e-81,3,ROOT_OK
cstr,cstrfold_0000984,dev,high_triple,0.01880044577353460264927728623889859040009450342817115617,91.31230234312179,20.835984648861857,0,0,0,0.9999977191710558124426038135122493977049837712973284178,0.0001213213574341406916468818071314014595998545049781155078,0.0,3,ROOT_OK
cstr,cstrfold_0000985,dev,low_triple,0.0171082907593690821009718630679495560943401433549498112,19.660464033546326,23.815101334010656,0,0,0,0.04730993748747859013779211302162564785817914817947904765,66.16453128572967950626996792899184888921142147281581434,6.588873714519077015217858782043761879818725863980317219e-83,3,ROOT_OK
cstr,cstrfold_0000986,cal,single,0.005378216213236054754690389667907884714667684096361819986,28.266287885360914,72.04639989708708,0,0,0,0.9999997164743005729857541568842287175198595697102846632,0.00005271749361810101733527028570778788648873879817806606006,1.054219794323052322434857405127001900770996138236850755e-81,1,ROOT_OK
cstr,cstrfold_0000987,cal,middle_triple,0.000003156991538888701356077618908068616897860923662023052944,84.83186017408771,19.980399338357643,0,0,0,0.91940203814567604977496558305767898744669318884813999,-57761027.79998826585551608152242078647881679701388506754,0.0,3,ROOT_OK
cstr,cstrfold_0000988,test,single,0.0004189787793483279320714263087378911492868244227237169181,18.954522776893526,22.16813133992697,0,0,0,0.0004227429156160816624379156874724916489734574978224747731,1.018084978608270129383098343467350776433210316636589408,2.059023035787211567255580869388675587443351832493849131e-84,1,ROOT_OK
cstr,cstrfold_0000989,test,single,0.00000002233097024548202926363432953871904947986031120274839697,28.18741559180205,72.56550689961179,0,0,0,0.00000002233100593329656124359147898734872799683806397998680159,1.000003196265623222686505947863724777141565254756742579,4.997909569726847469530629156519400139712025987586071607e-83,1,ROOT_OK
cstr,cstrfold_0000990,dev,single,0.01878844376597658427153843086904832790155600846122757176,90.2961602815681,20.867723642621474,0,0,0,0.9999976844986228664891616922740726778882786042803294191,0.0001232443658926595193971134774163335671127611818668743131,0.0,1,ROOT_OK
cstr,cstrfold_0000991,dev,single,0.01780883262582832417795547017866694970716299837051056116,19.465742576398327,22.963199391612775,0,0,0,0.9984985737968360612270153715256923886703745557997735326,0.0847968114827774097938030863793231161910454254389298837,0.0,1,ROOT_OK
cstr,cstrfold_0000992,dev,high_triple,0.005064752186888044229412426720667478526617960536469484569,26.807060250594066,76.54328302546735,0,0,0,0.9999995289871373270531472750259508970717922624850604246,0.00009299838687426661463371625882667825068190885853399732291,1.054219794323052322434857405127001900770996138236850755e-81,3,ROOT_OK
cstr,cstrfold_0000993,dev,single,0.000001537005204711862176567887003529225734447948291495780284,89.34553692428226,20.906781428158915,0,0,0,0.000001537052234332566253701004101358142766586638744477445994,1.00006119782815858169166199764887341888480448594620276,2.35842589714337934300202226729099374659405016048050356e-83,1,ROOT_OK
cstr,cstrfold_0000994,dev,low_triple,0.000424151526139572638309945508022235400626276787986663682,18.854355743680845,22.219593453673635,0,0,0,0.000428019293724881456707097397803412592919809888550183376,1.018358014913698660402299244988437181011437259988994367,1.49279170094572838626029613030678980089643007855804062e-83,3,ROOT_OK
cstr,cstrfold_0000995,dev,middle_triple,0.00000001963866332220291671452737489170534458026108536760206935,28.57729557124665,71.98419904740702,0,0,0,0.8306538361498356909073821695317124090834633306078757765,-121619987.1193382439473728962029907757385158027403050433,2.10843958864610464486971481025400380154199227647370151e-81,3,ROOT_OK
cstr,cstrfold_0000996,cal,single,0.01905318532506404433147377778618155795385529727152336276,86.46127082869876,20.5876677497134,0,0,0,0.9999968486646641761499525557168019315758609601863485425,0.0001654032504932217454375712725088685911380491670699173035,1.054219794323052322434857405127001900770996138236850755e-81,1,ROOT_OK
cstr,cstrfold_0000997,cal,single,0.01769761376558161727329185859323529834633118807364030248,18.351684526865466,23.18370775296952,0,0,0,0.997974297140692012518671860155596146486406185737489094,0.1152872546866108355315515105670146746956510826981101278,1.054219794323052322434857405127001900770996138236850755e-81,1,ROOT_OK
cstr,cstrfold_0000998,test,single,0.005395512284242321241677541016237706402516966683721019625,28.35889814409648,71.9339561673857,0,0,0,0.9999997281244599904949659932354941404566648627236596641,0.00005038926368663615767435935267152569368214150981316998252,0.0,1,ROOT_OK
cstr,cstrfold_0000999,test,high_triple,0.000001141105215079071663113056320401043291869711959667818005,92.1413277122426,21.244844739781822,0,0,0,0.9287115721198794448108580005863494491527356309681217418,1265757.824316394735979054077960207096852819073602817843,1.054219794323052322434857405127001900770996138236850755e-81,3,ROOT_OK
cstr,cstrfold_0001000,dev,single,0.0004250892690445434457502664394272124296263109277937009141,18.389622560989604,22.740181894538612,0,0,0,0.0004290708270128983414089582719430873286047868238538322716,1.018859678284403036268036730748087136377725408345725401,3.654765888522300531878656043164899167711949502676582207e-83,1,ROOT_OK
cstr,cstrfold_0001001,dev,single,0.00000001956311255073636420677868641077060783764514188104463469,28.529881668747166,72.26098775938513,0,0,0,0.00000001956313982346750835361733300102127485398410006828864124,1.000002788181982992156861059477633485100916492640016362,3.468682184354202132975131959100945802091382421477019072e-83,1,ROOT_OK
cstr,cstrfold_0001002,dev,single,0.01867698566094245564743259124986509169178379746942752358,91.85320569003903,20.965234770349657,0,0,0,0.99999793161221273961847540863315955246873425299466386,0.0001107482226308654696914515089413609845081427447442008468,0.0,1,ROOT_OK
cstr,cstrfold_0001003,dev,single,0.01772399938907682345665737887224753547641887826203006961,19.522009858383548,23.061063239179347,0,0,0,0.9985465348268040435556671698040688437573249964011871556,0.08246731604516739377458019632377816847481568064155471412,0.0,1,ROOT_OK
cstr,cstrfold_0001004,dev,single,0.005134567697388640409331660174873623455136942605312347761,28.06249440674623,75.43227593734746,0,0,0,0.9999997449021872409311345118530836080376891712504411077,0.00004968249005928692941301200200029984466950891166063630518,1.054219794323052322434857405127001900770996138236850755e-81,1,ROOT_OK
cstr,cstrfold_0001005,dev,single,0.000001449796904414986717980667023214431797708372938475408805,89.8163702660391,20.976552301905716,0,0,0,0.000001449838895159052736170682100548166701954247343329048367,1.000057927628159060248754724719183869776815969268939708,1.948430978200984383467439318786744769758406177428261531e-84,1,ROOT_OK
cstr,cstrfold_0001006,cal,single,0.0003072484453512810895213805735067769753638137958858564413,19.614800083578317,22.90575401939923,0,0,0,0.0003093367024990635398583316785980868418910482654709806829,1.01366017547174882508664136236806493775542351348075139,6.125593531466954412585353086431309872643971701669201164e-83,1,ROOT_OK
cstr,cstrfold_0001007,cal,single,0.00000002698073859119971740021644744396347874205120939365990149,27.43104498904021,74.65488023165493,0,0,0,0.0000000269807922091809366512631412287648828822172364508592743,1.000003974543465731354574203838545424750364769739249921,2.671489391067300408382294331727891314701968480178100458e-83,1,ROOT_OK
cstr,cstrfold_0001008,test,single,0.0187942112299391335641016047736580002902797116478960159,90.4317606667561,20.845011523466194,0,0,0,0.9999976614199333551707818644843796002466253122656792799,0.0001244345858203860454074174897294069887965469406245489387,0.0,1,ROOT_OK
cstr,cstrfold_0001009,test,low_triple,0.01793865708262060261387975651625366608528468677358523365,19.913746712346263,22.770617208022436,0,0,0,0.05135341873134056630260454665164852058994228525463426914,262.6292026132013957961211774125301560021804329227366971,0.0,3,ROOT_OK
cstr,cstrfold_0001010,dev,single,0.005149016952825891363388417893647135912740436520039049423,26.788676517204376,75.40807676022231,0,0,0,0.9999994944660748523393004761832830043838406722215988549,0.00009818087576660192814959787542176514405957270454811318173,0.0,1,ROOT_OK
cstr,cstrfold_0001011,dev,middle_triple,0.000001297831823752482871181125803033713485196193845590337629,88.05208442280082,21.259908234630053,0,0,0,0.913807175873181468431908724483143786052401405216768055,-489951.7350931954741302957632419896773519602430431411656,1.054219794323052322434857405127001900770996138236850755e-81,3,ROOT_OK
cstr,cstrfold_0001012,dev,single,0.0003111506564675785199469734207274762724547809416394812001,20.085693224354674,22.35648189450303,0,0,0,0.000313238349318516358880282718710726327467628913077956581,1.013484418000512081462136899005931087129427082399426929,4.220997223363783712873940782246784954258871256612390718e-83,1,ROOT_OK
cstr,cstrfold_0001013,dev,single,0.00000003786320050177015049251098429470773011036173654587401368,26.950441268268087,73.26235481793175,0,0,0,0.00000003786330409908267682323806473021906315197547338077088247,1.000005472200887611500835280467087308211570770173074713,2.727087034562921892595787311257771080319945704951982224e-83,1,ROOT_OK
cstr,cstrfold_0001014,dev,single,0.01829064512425104803673800238313730449781497219376099161,87.46757330514166,21.398975399795415,0,0,0,0.9999981333600987987705523180001581789933843460191127968,0.0001020567910894011440767169853979491575500813717613763666,0.0,1,ROOT_OK
cstr,cstrfold_0001015,dev,single,0.01870231329009428539056928748167760244411951250487507722,19.209299244003766,21.939386274751623,0,0,0,0.9980801597486195330188952011058676743210267403623812514,0.1034047629799219413463702152317509045914878235385074995,0.0,1,ROOT_OK
cstr,cstrfold_0001016,cal,high_triple,0.005190843750794341125897987663181967622647653652148141299,28.26824298664669,74.60672580459605,0,0,0,0.9999997593118814020019632335269402678890665419689336699,0.00004636787361730336819139709620688470009139657219177414392,1.054219794323052322434857405127001900770996138236850755e-81,3,ROOT_OK
cstr,cstrfold_0001017,cal,single,0.000003332786798090724544533236226024769856215517496418674258,89.58752076246589,19.668054083411953,0,0,0,0.00000333299417207624300883938901549357132684687593693927889,1.000124450549460349739823200894350615004897520885065998,5.050638731728826186164617214580542324746299934431689694e-83,1,ROOT_OK
cstr,cstrfold_0001018,test,low_triple,0.0004324616934792273395338557735283270545479894509285403675,18.889105851472987,22.090251622680505,0,0,0,0.0004364587033933504308370025856671846585009615255019736739,1.018608564049864213297438676394641611787061998416974093,5.096082013573348628957562651736972078922295785422276599e-83,3,ROOT_OK
cstr,cstrfold_0001019,test,middle_triple,0.00000004289232656057572372047239220200071054976262124966184739,26.34819471274759,75.55471096373965,0,0,0,0.8021085085382127449698319195595816529496922578942795527,-36562918.60398304123895430724069837653578370726265645289,1.054219794323052322434857405127001900770996138236850755e-81,3,ROOT_OK
cstr,cstrfold_0001020,dev,high_triple,0.01822737093895133206591731291883435284469108130378939532,92.27058783728923,21.452651407032526,0,0,0,0.9999984863572781815086941584381521139335937529345543362,0.00008304394487077821474541573705695007895547823553222786295,1.054219794323052322434857405127001900770996138236850755e-81,3,ROOT_OK
cstr,cstrfold_0001021,dev,low_triple,0.01821670150589771959887790876745144389943422198354385022,19.791212952045512,22.450515565427498,0,0,0,0.05250925386263116112246875954141686968549997367080080295,536.1548383807254214898482596352099463231717486188133453,6.588873714519077015217858782043761879818725863980317219e-83,3,ROOT_OK
cstr,cstrfold_0001022,dev,single,0.00505687131918658394324002235732143063379579267250615049,27.76868638514826,76.60790442488099,0,0,0,0.9999997215442167729234275920282205850841084811905601121,0.00005506490249424480608905365905510130064848797263500509744,0.0,1,ROOT_OK
cstr,cstrfold_0001023,dev,middle_triple,0.000003711331587337508549384100472387605551033186937574621972,86.81882167128704,19.624977991638318,0,0,0,0.9173575951749674629383246402465996737081967084726268365,-989521.7619032273903091328953137831836519078779327681241,0.0,3,ROOT_OK
cstr,cstrfold_0001024,dev,single,0.0004599840068233185176728974095620730214299593784539223784,18.31544033780927,22.43950886774706,0,0,0,0.0004645857615436688445595383530804229055476914063708465145,1.020153070493954677499095829885365042713034567329729959,5.66231334841483180995284739081885786546921753935808511e-83,1,ROOT_OK
cstr,cstrfold_0001025,dev,single,0.0000000416017251745529963189041646622772449632579465272616337,26.220803799913458,76.77807773875116,0,0,0,0.00000004160185632454415649168890915736696863193237028149950545,1.000006305041081250695204601121009162342249874642682614,3.425783776562090031627311370125980933208704922208111882e-83,1,ROOT_OK
cstr,cstrfold_0001026,cal,single,0.01996520164628764676751192579514670047806619350761465376,87.2495296698666,19.736214093945115,0,0,0,0.9999948758500832231382591957212765820951360881190587406,0.0002566700013253871356668235360069215652315351753293551442,0.0,1,ROOT_OK
cstr,cstrfold_0001027,cal,single,0.01819730298102603933566328446606541173299813473006499183,18.4249340554523,22.574122728696448,0,0,0,0.9978246243144374081176225023984058757038047428654758953,0.1204789300061078556498088334052400728921564571753755097,1.054219794323052322434857405127001900770996138236850755e-81,1,ROOT_OK
cstr,cstrfold_0001028,test,single,0.005139218323738837107005274481102745704440558132389919481,27.787660964948618,75.39546845127572,0,0,0,0.9999997041663780325618963254803932528499648505220767314,0.00005756400961477650329704213465206846684932666554744512353,1.054219794323052322434857405127001900770996138236850755e-81,1,ROOT_OK
cstr,cstrfold_0001029,test,single,0.000001907386419789634010132377242612244499110536077193274096,91.04412512223819,20.480832694765482,0,0,0,0.000001907457297369276149599405506387301860595761891788166409,1.000074321109301052329884629823354667048883358614146439,4.43413827980269428526563177067959707561531197364788682e-83,1,ROOT_OK
cstr,cstrfold_0001030,dev,high_triple,0.0003750376800342973700228631833198733779797763105319558823,18.344305728356126,23.425970256262485,0,0,0,0.7825928172066821211929333036975014296762044783483606542,153569.1986683506347131570165820860639684787496747483225,0.0,3,ROOT_OK
cstr,cstrfold_0001031,dev,low_triple,0.00000003869672837986207341902099889379404252376592686999132915,27.119711003320447,71.98582637958216,0,0,0,0.00000003869683467707675537840456835439685800132215531417595717,1.000005493871579089665773560540080816813992629574014934,2.615150278094680355550221766801930422010876278853210775e-83,3,ROOT_OK
cstr,cstrfold_0001032,dev,middle_triple,0.01934847565348369925360872289952898495206834971633348531,85.40071871081717,20.29206329324813,0,0,0,0.05396681770130447737379484945099815199637515036350997765,-265.6683583180524610960754268553236410705539645711954001,1.317774742903815403043571756408752375963745172796063444e-82,3,ROOT_OK
cstr,cstrfold_0001033,dev,single,0.01777199040895662421158496933817202777815228361262923595,19.697708703611045,22.989530487279545,0,0,0,0.9986020756530624673533447511446566503361832351875170303,0.07909016723008946239392458533744933603444069241286462229,0.0,1,ROOT_OK
cstr,cstrfold_0001034,dev,single,0.005452079329762680026934955771696881263134140492255627143,26.301575283176042,71.29177289732661,0,0,0,0.9999991697124898117682254350459982979056232013367507947,0.0001522887581425603697603119024108907843422653627090710812,1.054219794323052322434857405127001900770996138236850755e-81,1,ROOT_OK
cstr,cstrfold_0001035,dev,single,0.000002534113011933339715037099336906429841854974203830044504,90.0486594800962,20.0783833706391,0,0,0,0.000002534235536941125178029000745926950154848643218323153014,1.000096703982741683717488091172142018473304167047639032,6.156961460527775213805262326238402977296429014742349647e-83,1,ROOT_OK
cstr,cstrfold_0001036,cal,single,0.0003208153928742567918165717718156070706376131108166155131,20.025331053826918,22.282619051348913,0,0,0,0.0003230277053896561678396081352866838449160232973326904402,1.013860722325353135227063519472737210831734831067802056,2.007547459892531278074191347653958697757268036681502903e-83,1,ROOT_OK
cstr,cstrfold_0001037,cal,single,0.00000001850620297080151896481645361485217195390708423458943165,28.28805294489903,74.26951865043993,0,0,0,0.00000001850622806416297624107588364527392924689014815095342365,1.000002711889240191322643546428494088735524720059545306,3.378128653565843045158603101957512562679010158116213225e-83,1,ROOT_OK
cstr,cstrfold_0001038,test,single,0.01992170956961389329113153945910984897777769376396741937,89.10795194442096,19.729997712475956,0,0,0,0.9999951540425046351845414292487521625761614942706316778,0.0002432644940344619271967070296274943320822159461730796097,0.0,1,ROOT_OK
cstr,cstrfold_0001039,test,single,0.01806868440599999143653847594718487457387417225076001278,18.96771221470385,22.690385833988994,0,0,0,0.9981838724760510275328992537377410359847017955589829301,0.1011945571936554718266391462752721457107964792110890835,0.0,1,ROOT_OK
cstr,cstrfold_0001040,dev,single,0.005223231621251637870151386516549324715205927421156979758,28.60645923319676,74.11702883930656,0,0,0,0.9999997919497689461246315798279958704107391977730917282,0.00003983174625428997458493853901482995207163565748926593456,1.054219794323052322434857405127001900770996138236850755e-81,1,ROOT_OK
cstr,cstrfold_0001041,dev,single,0.000003791406371576373683953785437391289719563747928279023199,85.66194096570321,19.645738192639325,0,0,0,0.000003791674427782803957656378511164821789824278405263614362,1.000141409418113466774305366324254279378852112012867168,2.134627787882523241990746729436541019169787407593232654e-83,1,ROOT_OK
cstr,cstrfold_0001042,dev,single,0.0003975287018708622621740318772012463204552157741879629015,19.258166002765076,22.090202534983945,0,0,0,0.0004009024376365553140762226627931624969326432968792697272,1.01707783952224275320263510503862740187328501044249877,2.67672994652337503743225513020527826367635738224200387e-83,1,ROOT_OK
cstr,cstrfold_0001043,dev,high_triple,0.0000000184899470713048506787292870127131970415129924084633161,28.37817017852411,73.881828531321,0,0,0,0.8559824741691167481307961605087282570390739521395877761,52827749.16372502968132356796219720470182113702963279766,0.0,3,ROOT_OK
cstr,cstrfold_0001044,dev,single,0.01988934743485868254088834377893304337486803464167284076,85.5244126291016,19.770412269693356,0,0,0,0.9999946618762351065481104158216645939149577427195303111,0.0002684083518011147708409749075169300983021269658609626491,1.054219794323052322434857405127001900770996138236850755e-81,1,ROOT_OK
cstr,cstrfold_0001045,dev,single,0.01853743890265220052916971818693062777961365296419141753,19.089685960809103,22.131815672246738,0,0,0,0.9980773966256753692210007538424870744092132769007801118,0.1044686783493683312479847182854507399908812196024147971,1.054219794323052322434857405127001900770996138236850755e-81,1,ROOT_OK
cstr,cstrfold_0001046,cal,single,0.005449086272981410242669464768463184264461564218753706661,27.061814946341098,71.24633218848035,0,0,0,0.9999994426392296466976250759149894500762627515318164492,0.0001022854307911283125738780191094146275067699760862882182,0.0,1,ROOT_OK
cstr,cstrfold_0001047,cal,low_triple,0.000002335615370614469609903993042972704814757810889716918972,89.84284007234507,20.219520205861006,0,0,0,0.00000233572022199879678329933886701690307859792216504844677,1.000089787799674505035227672920040509637129391317520511,5.386838586790956824880567528410412010508534725831075998e-83,3,ROOT_OK
cstr,cstrfold_0001048,test,single,0.000290111287178019786399800646999237172946566579417264562,19.85728603312703,22.91215918098032,0,0,0,0.0002919726265998942327781885945181089082284368743755492048,1.012891527558933546310997533059222778316395895431988874,1.389840549156367807897517086837356021524262486933348163e-83,1,ROOT_OK
cstr,cstrfold_0001049,test,single,0.00000005573698389537136617746009694566400950723013359963057372,26.464586154155437,71.21816092206721,0,0,0,0.00000005573720203715608792270775790163586848767979447479445353,1.000007827564147139950722782278546108021173161624849033,5.401630274493114710712231460803420257373896207196098339e-83,1,ROOT_OK
cstr,cstrfold_0001050,dev,single,0.01965207863449831671697065692308665577631379866807631134,88.99124184308799,20.042701664553285,0,0,0,0.9999959983970970626137713528869204821462137223256312282,0.000203632438505810620333778177010432722825821768859296824,0.0,1,ROOT_OK
cstr,cstrfold_0001051,dev,single,0.01762022981461091426178318932337708028645435512425120467,18.824802598454188,23.24241358115907,0,0,0,0.9982632972341215836340787868410317745542333477800646722,0.09919377125249486234965250004970065613096845988518743757,1.054219794323052322434857405127001900770996138236850755e-81,1,ROOT_OK
cstr,cstrfold_0001052,dev,middle_triple,0.005190435457503518919018037400595301125004137420776050281,28.151388566540085,74.61373915121474,0,0,0,0.01494673998300857024965513826507197936825189930673053562,-172.5999955932338114052658441629334457045476980519938371,3.294436857259538507608929391021880939909362931990158609e-83,3,ROOT_OK
cstr,cstrfold_0001053,dev,single,0.000002086738802921398776770483095826190555174295765255315437,86.23692326157801,20.575160265288265,0,0,0,0.000002086824047716454607228711252181569553616600420050804181,1.000081703931656131805312227346812027987956683676366333,5.668747795401666846100521081035697476679978013834628388e-83,1,ROOT_OK
cstr,cstrfold_0001054,dev,high_triple,0.0003429276269929048974370156634860175421324609335387550251,19.132360460490858,22.948726641140976,0,0,0,0.810408463479523317041251772162892232253081332279782924,4799.683999020342451374646956610306793720094319428223114,3.162659382969156967304572215381005702312988414710552265e-81,3,ROOT_OK
cstr,cstrfold_0001055,dev,low_triple,0.00000002164424923279072002844823847266738964127631239236404066,27.915419661264902,74.51534328016498,0,0,0,0.00000002164428367286289599232044417541671292846361148700650918,1.000003182379937977096126451037038220464713447637135004,3.425856038417899214162172939889158331186169517380455874e-83,3,ROOT_OK
cstr,cstrfold_0001056,cal,middle_triple,0.01875098430393909470943420959919207906208437351830790563,85.51224591628501,20.904748552306106,0,0,0,0.05196255069451766756522019035966094012458012109741842378,-633.7303923922647152413848078761886856041461229365202396,0.0,3,ROOT_OK
cstr,cstrfold_0001057,cal,high_triple,0.01799565412332673646429237171743283213411741476576077888,18.804885499967888,22.782695278795952,0,0,0,0.9981214828858387533922631604478134788605007107379429818,0.1051111141701281019416203403157519478897645758779448716,1.054219794323052322434857405127001900770996138236850755e-81,3,ROOT_OK
cstr,cstrfold_0001058,test,single,0.005310629273533843962422675626134257218178427469578006595,27.840977291099406,72.99223349845438,0,0,0,0.9999996672188687477800451569349890033029759953854116973,0.00006266331532815073446246362671144661900211358075501069375,1.054219794323052322434857405127001900770996138236850755e-81,1,ROOT_OK
cstr,cstrfold_0001059,test,low_triple,0.000003533382665229192195346277076802201981969956483882045646,85.65175484595322,19.76591347003182,0,0,0,0.000003533616976857349494865890109945951643495047829571641421,1.000132633905049908680562421781268795804452664967292167,4.107992248157493390530421597813539282369890423618099389e-83,3,ROOT_OK
cstr,cstrfold_0001060,dev,single,0.0003273238235028344506228696266557113195733975906810670268,19.561773464706192,22.667391219166635,0,0,0,0.0003296693338114157489579370533185636472136269636624799043,1.014405795888340177110695810416882605368814370710365347,6.485922562729716436855079738574328100446558272355624762e-83,1,ROOT_OK
cstr,cstrfold_0001061,dev,single,0.00000002781161958139849841613881119090800856096772362723524676,27.844287828427902,71.85707529645725,0,0,0,0.00000002781167438852526912962109775244944706424982192539754888,1.000003941317089779492627866739399899571642185877418162,3.349842849746274768577789511614638041326238404350432397e-83,1,ROOT_OK
cstr,cstrfold_0001062,dev,single,0.0186914514601161626374927244475720892901548429942622742,90.63026619653458,20.95341377653593,0,0,0,0.9999978261735583944521107432223501096235011420464422875,0.0001163038110219063292495613181948919993383025367657655045,1.054219794323052322434857405127001900770996138236850755e-81,1,ROOT_OK
cstr,cstrfold_0001063,dev,single,0.01749686835874087544669742559400167422557306907792682434,18.46156607606539,23.426918479818912,0,0,0,0.9981125603481043600760337583076380489612032727170365102,0.1086023743416595530184008881124308323971028916805139669,1.054219794323052322434857405127001900770996138236850755e-81,1,ROOT_OK
cstr,cstrfold_0001064,dev,single,0.005480067892205425806831553352041489110426242892021061306,27.163993586322103,70.83855428203681,0,0,0,0.9999994580734649475257815131527398116740584854647162889,0.00009889071638337725146267669409612887361447874560387396102,1.054219794323052322434857405127001900770996138236850755e-81,1,ROOT_OK
cstr,cstrfold_0001065,dev,single,0.000001585016345161937340846070378620161696106359168855557685,88.83587696478145,20.88340900158185,0,0,0,0.000001585066300129379020284032842441903326236637337979998497,1.000063035485616981591162288594507631919782944860398126,5.778334470646201055490588617541247105113242344763256101e-83,1,ROOT_OK
cstr,cstrfold_0001066,cal,single,0.0004984827111821264332849325380140782767383882170557260768,18.577632384554008,21.759359952780304,0,0,0,0.0005037193199369613276275038927362080713950440183544504495,1.021169903437986594507143182253774455555051480660240556,6.177069107361634701766742608166026762330055497481547393e-83,1,ROOT_OK
cstr,cstrfold_0001067,cal,middle_triple,0.00000002893563757360509554909987882799704374873097144204629887,27.88643344488509,71.16661195937795,0,0,0,0.8345048111502502329817480141248371959163907869034169082,-1385409948.884400408708119363221398278880473051925344342,2.10843958864610464486971481025400380154199227647370151e-81,3,ROOT_OK
cstr,cstrfold_0001068,test,high_triple,0.01974863189853077576276731837063322277495235178927371995,92.11944579155544,19.758641262442183,0,0,0,0.9999956457957170217929981174329563011481611192232766136,0.0002204932135083127744889551929277647564436597698872311226,1.054219794323052322434857405127001900770996138236850755e-81,3,ROOT_OK
cstr,cstrfold_0001069,test,low_triple,0.01742564906629538973933444574554839648137324300826629091,20.008069842467947,23.213863213627782,0,0,0,0.04420499825658275474402470472788059691947701166952446425,21.54139038797794586590596623678045775787792694550284017,6.588873714519077015217858782043761879818725863980317219e-83,3,ROOT_OK
cstr,cstrfold_0001070,dev,single,0.005038350401505715455958359853306421727755902324957549522,28.590955725973924,76.82634052242085,0,0,0,0.9999998227894103140445071774480532319675075528656087967,0.00003517237223095933709528330474356614280856263987398759717,1.054219794323052322434857405127001900770996138236850755e-81,1,ROOT_OK
cstr,cstrfold_0001071,dev,middle_triple,0.000001593985569940424103497044442977818251185339064297251922,87.31337053634837,20.953602348323763,0,0,0,0.922704597157528802905847813702196881736832848030292398,-26366456.2016080435033378630951775064879113366710489178,1.054219794323052322434857405127001900770996138236850755e-81,3,ROOT_OK
cstr,cstrfold_0001072,dev,single,0.0003589717199400799206369905733667158114567640838009834667,19.220646124006283,22.604959575956133,0,0,0,0.0003617872989216743296774220038336525964865024741620713757,1.015775969755966410081761725771125862991894177730536268,7.721336384202043377208428260207533452912569371851934241e-84,1,ROOT_OK
cstr,cstrfold_0001073,dev,single,0.00000003345187893006418944219749578825573811507142409465377545,27.03468188955394,74.34161725881282,0,0,0,0.00000003345196100169678805789093654749195068680050461039109729,1.000004906856200939102351494252965617443308847955584678,2.109091076403521692279666771388458812177081774514451517e-83,1,ROOT_OK
cstr,cstrfold_0001074,dev,single,0.01983107749070620220431714178849910829370220618642691147,89.13601798788113,19.860939115914857,0,0,0,0.9999955446622992937174774295564801098085378500556294467,0.0002246767238493269523271885969914879817147807008903390053,0.0,1,ROOT_OK
cstr,cstrfold_0001075,dev,single,0.01744886070782594106398877159337077662506664312359229518,18.61427819886751,23.475618892313225,0,0,0,0.9982129671566228103988436006054171105927196226586699004,0.103078372829945406409071429069529583837464447054206292,0.0,1,ROOT_OK
cstr,cstrfold_0001076,cal,high_triple,0.005492553444389782614244260272283746799378992568483511014,26.112045673157482,70.78523527951657,0,0,0,0.999999053940924729742059329442373253929919313582992082,0.0001722446200457069327644089484845682198566715837354735922,1.054219794323052322434857405127001900770996138236850755e-81,3,ROOT_OK
cstr,cstrfold_0001077,cal,single,0.000001899175968462482251610964458289629354688524189204997657,83.95275067128074,20.853162962023717,0,0,0,0.000001899247580238930353994443952313164620316941495087827406,1.000075415636474840852802977178612394692945415480838009,5.884100692992301962167974900480548214390117643971436242e-83,1,ROOT_OK
cstr,cstrfold_0001078,test,low_triple,0.0003471620646057337906093492507505005148118700566953815203,18.81345726574845,23.23546842910876,0,0,0,0.0003498721191460938061994922850446867699202664618114981244,1.015700769600444565481631577963018077006773278117429809,3.551814736732939953515876999695465388339781911051889751e-83,3,ROOT_OK
cstr,cstrfold_0001079,test,middle_triple,0.00000002253632002113909210449100495610673314990787756844770782,27.60966215480383,75.96502845510301,0,0,0,0.8100004979899098284291666460355280675659550356696286987,-56186679.89032480098454450567355061697658361675698546966,1.054219794323052322434857405127001900770996138236850755e-81,3,ROOT_OK
cstr,cstrfold_0001080,dev,high_triple,0.01823739293431016708992940474351987922796790487268359502,84.66539673444751,21.465936067752594,0,0,0,0.9999979952017076606863217857650365218169927023131036508,0.0001099306895000563949886684531539790584236853366281348781,0.0,3,ROOT_OK
cstr,cstrfold_0001081,dev,low_triple,0.01852707182827098639157485706711279281969177582606859301,20.22237520367814,22.053262215345544,0,0,0,0.05168840000635549349403188605018793565040114737660043669,84.50905138913990015458278671692622140515011991329260714,0.0,3,ROOT_OK
cstr,cstrfold_0001082,dev,single,0.004977610093433728739082084947187300249694437751434456031,28.39331176946408,77.74432795126904,0,0,0,0.9999998135112980279177161592569313045611261065783596123,0.00003746554213517454326510455107938983554650628622119241098,1.054219794323052322434857405127001900770996138236850755e-81,1,ROOT_OK
cstr,cstrfold_0001083,dev,single,0.000003658373315001099512336974087782676155298247240473586206,86.19173608439344,19.67718282169366,0,0,0,0.000003658623310103821513185782574770067811967806882558801539,1.000136677026642278351243496631751506306566266779320488,6.23337051849644126805888739756337336042420964915130108e-85,1,ROOT_OK
cstr,cstrfold_0001084,dev,single,0.0003844979874427446463925500727782951140165768014607296856,18.39859249493921,23.23024658042355,0,0,0,0.0003878255118752418793642749881152154737149172037783971447,1.017416695756655400310561320713984421270094216409741444,1.698694004524449542985854217245657359640765261807425533e-83,1,ROOT_OK
cstr,cstrfold_0001085,dev,single,0.00000002565297056132204020067726617021679215731150563066527459,27.748384274950947,73.36891849181934,0,0,0,0.00000002565301818562007682262883107675612938940071171463740675,1.000003712970596635013951319539226981697149276573048251,8.631490167217786356514869333897116935161203088214152189e-84,1,ROOT_OK
cstr,cstrfold_0001086,cal,single,0.01980360348983247963104042465403113742570793206964334164,90.02515041688937,19.83880742481013,0,0,0,0.9999956023795684332789785601815066737498383807224307189,0.0002220736605482564385409127182835377350594415164945094079,1.054219794323052322434857405127001900770996138236850755e-81,1,ROOT_OK
cstr,cstrfold_0001087,cal,single,0.01906481062255535699761366072231109792548238867379760822,18.350368627351255,21.65034734755767,0,0,0,0.9974279379405547312673945054586910070195842771964656831,0.1361605297240202151784506886965036794199781610214828196,0.0,1,ROOT_OK
cstr,cstrfold_0001088,test,single,0.005259161360157028504780369454695950998339724729471375766,26.066318238329103,73.89412706662596,0,0,0,0.9999991860062720057885701086745514430301662666364592234,0.0001547768434913853392451880587443501843024280130358184078,1.054219794323052322434857405127001900770996138236850755e-81,1,ROOT_OK
cstr,cstrfold_0001089,test,single,0.000001302625164001623162536905881240838858008518414993691381,90.2001291258024,21.12839366081553,0,0,0,0.000001302659319841795207827060698186071296669333053211786372,1.000052442570276126917206272392245431477391621375057291,7.701228737368183889246947978279909667878942889112736495e-84,1,ROOT_OK
cstr,cstrfold_0001090,dev,middle_triple,0.0004041896582705263482069278491244187003526989344635395232,19.118619679915003,22.160191634736304,0,0,0,0.7898393645689374967502375911400497777428007114922256587,-161668.080128149094635176596977905706418792537510649983,0.0,3,ROOT_OK
cstr,cstrfold_0001091,dev,single,0.00000001779354425099748213435014483572017227320752586097197059,28.528666194467327,73.38272970119826,0,0,0,0.00000001779356716815244863274198002820289276154589999638370777,1.000002575897892764646693145043687819433585521045941157,6.049552066416969852096023826510328861836337051397825691e-83,1,ROOT_OK
cstr,cstrfold_0001092,dev,high_triple,0.01991307468035106827262187819830612418554743458268328616,91.21782816396096,19.732471026675512,0,0,0,0.9999954783047574535416612073670267948347817640881588298,0.0002270843445681898749548457067879292309808595089173086139,0.0,3,ROOT_OK
cstr,cstrfold_0001093,dev,low_triple,0.01847357532158345170533420515896872307788957930167873956,18.35617695559221,22.254418032761464,0,0,0,0.05260030872150240059204801148572385088041700089696812675,135.1143715529027853841931741804226695054104968475967472,6.588873714519077015217858782043761879818725863980317219e-83,3,ROOT_OK
cstr,cstrfold_0001094,dev,single,0.005490147180161633051343922611804381249230390256480036371,26.926563553189258,70.73902267196371,0,0,0,0.9999993827937303296787936681862265415059455138212709439,0.0001124210183811002172731514432885926099770473774049269063,0.0,1,ROOT_OK
cstr,cstrfold_0001095,dev,middle_triple,0.000001978855572760696141701660568801074377241875154657077532,91.66827980942061,20.39399127005697,0,0,0,0.9226740047293338776072479002874377826308306204757416823,-22182466.96598452099320669519645179476543398836505000099,1.054219794323052322434857405127001900770996138236850755e-81,3,ROOT_OK
cstr,cstrfold_0001096,cal,single,0.0003728722691356263945829125276169304629892332170088394002,19.320815335945525,22.31621147568036,0,0,0,0.0003758703765610920544149556537104204023096940794392484703,1.016174761919959069565721646849916444081747571690205174,2.779681098312735615795034173674712043048524973866696327e-83,1,ROOT_OK
cstr,cstrfold_0001097,cal,single,0.00000001450596149741227996657746264923411509721441220182039057,28.334580901446216,76.95500337032794,0,0,0,0.00000001450597748011157423370067588504337994432982000924095022,1.00000220360603944914757615482096706580606561273150796,8.048714009215818165581279100341658202991300543949497533e-84,1,ROOT_OK
cstr,cstrfold_0001098,test,single,0.01930581034493314242194604331771753624261970033769644448,89.75619293851081,20.32309565830271,0,0,0,0.9999967066584410691484545985016739893044610927512818129,0.00017059513214441841705526134581344093464829356069576115,1.054219794323052322434857405127001900770996138236850755e-81,1,ROOT_OK
cstr,cstrfold_0001099,test,single,0.01758403045077518022307650215390836836186846197845667587,18.41324114601073,23.38505468665342,0,0,0,0.9980775478878355776721892964361661764018269359394389986,0.110079857683162928450357066772875343933779375514999937,1.054219794323052322434857405127001900770996138236850755e-81,1,ROOT_OK
cstr,cstrfold_0001100,dev,high_triple,0.005025262895976554149781305181543589072643790122382413013,27.797064242648293,76.57325066076994,0,0,0,0.9999997233636164952539655197975696895975698012053440897,0.00005504920406460185864947947371556071711825942751697931292,1.054219794323052322434857405127001900770996138236850755e-81,3,ROOT_OK
cstr,cstrfold_0001101,dev,single,0.000002254610449709041095914718811345939003264030488981388394,86.10347877999735,20.45353529074356,0,0,0,0.000002254709343692831858799858144973881156300276407231080237,1.000087728863768174301258849852416268256308416863877306,5.418206515851777626100476768217505115160992038904224481e-83,1,ROOT_OK
cstr,cstrfold_0001102,dev,low_triple,0.0004194509484565315582081015955389560890418007663917684399,19.52379820320071,21.581241175971673,0,0,0,0.0004231177548981066845832548050418202828694096154816531268,1.017594558506909807756382669716309515312538852174456067,3.448863584943579375153097956226031608967614319427197294e-83,3,ROOT_OK
cstr,cstrfold_0001103,dev,middle_triple,0.00000005457622534726728919333868833519298366354141135916942993,26.642167792435174,70.52426457764236,0,0,0,0.8251585846048149510978463847450500930174144269928481869,-763853390.9797739773050893932189071025245591529577827449,3.162659382969156967304572215381005702312988414710552265e-81,3,ROOT_OK
cstr,cstrfold_0001104,dev,high_triple,0.01886139241532072368141009941320718806736415929804402811,88.7818478446803,20.74031974415057,0,0,0,0.999997352867424413219262844182787637534599905859357546,0.0001403513067713739538109150951399629137566759124616531737,0.0,3,ROOT_OK
cstr,cstrfold_0001105,dev,low_triple,0.01752007005796239570419506210471761791984812491534488752,19.372423579688945,23.32650591147215,0,0,0,0.05069355968014983406388414703723260036939766963402243216,951.8490901436660701325675577411432597130138645958425818,0.0,3,ROOT_OK
cstr,cstrfold_0001106,cal,single,0.005138281693151913803347268966614641791655777301195503975,28.658551659833847,75.31920232982783,0,0,0,0.9999998123314062003649764637871065095789280326089213079,0.00003652364181389471668801211245256644911690644022890076781,0.0,1,ROOT_OK
cstr,cstrfold_0001107,cal,middle_triple,0.000001347946974452985924045048082633774866269337312338375161,92.63630065778771,20.95526006312295,0,0,0,0.9226516477517610740663277797233306655077066226199295617,-2242225.912197963623073671160069685416271793683762462826,0.0,3,ROOT_OK
cstr,cstrfold_0001108,test,single,0.0002486932745524584988355389428820186739051061334264908056,20.110272717143467,23.355525649658606,0,0,0,0.0002500871382723764519163528092404609688608776041765944696,1.011255011764941374222906016408523503107058975110281908,2.367876491155293302343917999796976925559854607367926501e-83,1,ROOT_OK
cstr,cstrfold_0001109,test,single,0.00000003010110212968671934379787895960833519826268869838408869,27.64257893578417,72.04884470564977,0,0,0,0.00000003010116650556594160471580483795023354661349788969634299,1.000004277317131820605811723034287198592744822878158262,3.682558426630475692895414570341736668088115106787667091e-83,1,ROOT_OK
cstr,cstrfold_0001110,dev,single,0.02005988605426784261878062630452083744150814786565719082,84.85376325411002,19.613534424590434,0,0,0,0.9999939896410102732451233376520263134383075380181807574,0.000299642297772420373615764383764082688580907657667400106,0.0,1,ROOT_OK
cstr,cstrfold_0001111,dev,single,0.01739796477433013371663313343808108539884367081812792918,20.143043900758105,23.427298228196673,0,0,0,0.9988577016648365719670351612165448250015800380733719129,0.06595930642752813530807239483903920564574405297989890646,1.054219794323052322434857405127001900770996138236850755e-81,1,ROOT_OK
cstr,cstrfold_0001112,dev,single,0.005144857986278978665261164159968509051933441625240324027,27.459540761644096,75.34997685180632,0,0,0,0.9999996465676627415839661670144264125460069714010709842,0.00006869633423131995645963431113460665729668894311392618063,1.054219794323052322434857405127001900770996138236850755e-81,1,ROOT_OK
cstr,cstrfold_0001113,dev,single,0.000001375553554816373638733055752578678610235752731773586366,86.20952116630936,21.252251666044838,0,0,0,0.000001375591876651828778551841655338093506093912422001312469,1.000055719573513761984070647193244918544027987115771583,8.443200905537598995025570381409227335619760102189133301e-84,1,ROOT_OK
cstr,cstrfold_0001114,dev,high_triple,0.0003340662728764332821387023302136918103965193667487708645,18.944726040671735,23.265982040825236,0,0,0,0.7891297941118929338529070992318620504994804166388308631,326440.7588298278451766813722791748964442075076078722895,0.0,3,ROOT_OK
cstr,cstrfold_0001115,dev,low_triple,0.00000002938419799600189628428045631562833727890548138933627764,26.82776904073719,77.42983829296651,0,0,0,0.00000002938426398811725299700272808183966810083591543535739054,1.000004491681119230280443226161980674038961155982977768,1.958538212554816566713077141749426912954214989142636398e-83,3,ROOT_OK
cstr,cstrfold_0001116,cal,middle_triple,0.01930821932928087716791059485440700624070658437923193066,85.73974255347933,20.330211828380534,0,0,0,0.05405386515619241245021367385891329743813757381763934694,-197.8958132589569016153091292070976427260723810419852743,0.0,3,ROOT_OK
cstr,cstrfold_0001117,cal,single,0.01718418306702973714215106433762677736935195314515675544,18.705257736700027,23.8114199987741,0,0,0,0.9983485941878137611333242572786189182342672655922850344,0.09667760722891840669765450258084821342455313716352541438,0.0,1,ROOT_OK
cstr,cstrfold_0001118,test,single,0.005417973631409843911268281727315270197155955746909395919,28.0826850015718,71.76840065656519,0,0,0,0.999999683681651225045501335066361304973295336534757273,0.00005838323296588227189155763456788694579762863843642374739,0.0,1,ROOT_OK
cstr,cstrfold_0001119,test,high_triple,0.000001985828193400281092918420334094046538445241688289255979,90.94291624798511,20.42189167503426,0,0,0,0.9229446999256395706222375228158545217141648598783373852,10229549.14518298654506285684751401748755488636385471869,1.054219794323052322434857405127001900770996138236850755e-81,3,ROOT_OK
cstr,cstrfold_0001120,dev,single,0.0002844431618657872635951963657408041110452289293051615852,20.201015813709173,22.646565628863385,0,0,0,0.0002862102843922724047397477971236531629413461819285611793,1.012481071688768230333092323527625879466367594071083261,1.338364973261687518716127565102639131838178691121001935e-83,1,ROOT_OK
cstr,cstrfold_0001121,dev,single,0.00000003179880781078688901833512415819496611141291895430515144,27.524013841347188,72.05784528464162,0,0,0,0.00000003179887966217206654644120393718182414038962709217010951,1.000004519131932793764248974626650774322511737881911128,4.196591567019186759360694090057131585174307113187689455e-83,1,ROOT_OK
cstr,cstrfold_0001122,dev,single,0.02017171781381095330998578381141981713393442268202851386,86.64975280569838,19.532323936081717,0,0,0,0.9999940717643538669799844336700997261243255182464715958,0.0002939094089508774219653366716120694023861435582403842574,0.0,1,ROOT_OK
cstr,cstrfold_0001123,dev,single,0.01780747192720146803533466288567974058484583913346157717,18.3568823465949,23.048466426857367,0,0,0,0.9979357841672909861326507589660441031656434528307091019,0.1167714866669657418499336991400675886627320261015405913,0.0,1,ROOT_OK
cstr,cstrfold_0001124,dev,single,0.005008118452894798096085898198664437014981325020333633139,26.081520174676598,77.54121753827354,0,0,0,0.9999993328061599920201012505434282245962045989197002459,0.0001332228037052460136598497148342738555223248008006614342,0.0,1,ROOT_OK
cstr,cstrfold_0001125,dev,single,0.000003040338501421527653245453527045289377782543330495529044,90.51808724172139,19.771041447325338,0,0,0,0.00000304051202923251728940797872733218828741737681110436601,1.000114155164967802429271623911630314114622734613392453,2.358224820675040748122407464471717508743713895653111583e-83,1,ROOT_OK
cstr,cstrfold_0001126,cal,low_triple,0.0003118615340550111519689757686046370367725102806469332108,18.75236519564929,23.846489085543606,0,0,0,0.0003141066197471011755559524969849239711315268108516061382,1.014472909941874605125564450787280485400380313210186006,2.007547459892531278074191347653958697757268036681502903e-83,3,ROOT_OK
cstr,cstrfold_0001127,cal,middle_triple,0.00000003062851536066078939209817762360332526476590106350003218,27.49135038559588,72.70436238550221,0,0,0,0.8298526723145016049216236967573121269590050395441133006,-785966979.9316414241109734522174983482166444291004551251,4.21687917729220928973942962050800760308398455294740302e-81,3,ROOT_OK
cstr,cstrfold_0001128,test,high_triple,0.01906086375538639252108309105932223648294070687659193115,88.81516613952415,20.572971108899914,0,0,0,0.9999970790245859557648379361010513624861504091802709997,0.0001532502743664810549093833285362714685480437140875703917,1.054219794323052322434857405127001900770996138236850755e-81,3,ROOT_OK
cstr,cstrfold_0001129,test,low_triple,0.01738053117635031303799141219890519368598423628651656616,20.16828152017875,23.447769345437308,0,0,0,0.05021374044713824206921425061134760987900297802154498258,1628.765014426849929411093387509190617228684196449689153,6.588873714519077015217858782043761879818725863980317219e-83,3,ROOT_OK
cstr,cstrfold_0001130,dev,single,0.005451920474364625165867705472583948737085578239454897041,28.109276378776567,71.10604831579981,0,0,0,0.99999967312346233341343809860461067898229776953422353,0.00005995631121111789811792319223882725206312686411808944706,1.054219794323052322434857405127001900770996138236850755e-81,1,ROOT_OK
cstr,cstrfold_0001131,dev,middle_triple,0.000003071423213616723689017573086882203230309432726208747965,84.80424154601066,20.026117942909963,0,0,0,0.918889718131745556722395054896924797277112778652808833,-3123416.564686549301168622006895007021054787402625658955,1.054219794323052322434857405127001900770996138236850755e-81,3,ROOT_OK
cstr,cstrfold_0001132,dev,single,0.0004363377584464374254873665400533195339850024727314791305,19.1178515507239,21.808153829819904,0,0,0,0.0004403520912774597195426940130899961553401471490727592211,1.018522677384395889093135981176329232048694761754124671,4.375423951047824580418109347450935623317122644049429403e-83,1,ROOT_OK
cstr,cstrfold_0001133,dev,single,0.00000003844759478787861992289992222588339962383894392574058871,26.62939615130433,75.09714550297532,0,0,0,0.00000003844770432003513257902963244548920156834346314567508548,1.000005697749631255441009759403286505679238356736542767,3.285174772436691980966672536158969233928248733378415648e-83,1,ROOT_OK
cstr,cstrfold_0001134,dev,single,0.01898732621884298302893181590257784650662259383292341671,91.1018654543135,20.642275858995983,0,0,0,0.9999974131051291703315871717405798849799084696745891517,0.000136247724836891263676114619756778586956091091544242893,1.054219794323052322434857405127001900770996138236850755e-81,1,ROOT_OK
cstr,cstrfold_0001135,dev,single,0.01891934735203857522077372361254068232111881965320455036,19.392713779206392,21.687967555491106,0,0,0,0.998094918306423617822580162007410391554423190938889803,0.1014371280937754214881351530667255691167700866524515404,1.054219794323052322434857405127001900770996138236850755e-81,1,ROOT_OK
cstr,cstrfold_0001136,cal,single,0.005379601462930372120810199236039209317016223168868451147,26.568406709067002,72.2068592326747,0,0,0,0.9999993171133856601563186072339277942334078196656408006,0.0001269403670335290754206705029185173048514839011097249302,1.054219794323052322434857405127001900770996138236850755e-81,1,ROOT_OK
cstr,cstrfold_0001137,cal,single,0.00000419990314530300587678721042645906195896217894125354,83.95648813167853,19.565691614681317,0,0,0,0.000004200230666931827286876407392766155280214955781611153772,1.000155975310240049778380451115399366144373501505626741,6.282433176771058418684899285466775395906258267034943579e-83,1,ROOT_OK
cstr,cstrfold_0001138,test,high_triple,0.0003830869795288928085562845824275004219692194479743877799,19.80946948336736,21.70619860676042,0,0,0,0.7972873670094920790247861801008800332560437657455906589,639555.4870138392851829442926538686476574486976257370522,1.054219794323052322434857405127001900770996138236850755e-81,3,ROOT_OK
cstr,cstrfold_0001139,test,low_triple,0.00000002617498148717689846080527453227353685050062896155695498,27.866668592081005,72.46829167377176,0,0,0,0.00000002617503045235698620423466861902743492601594071638491935,1.000003741377782166142670472228712041678923272016785205,2.808692662510213508269457442943411735392354183493845074e-84,3,ROOT_OK
cstr,cstrfold_0001140,dev,single,0.0183928937225719755695530643041364815523981182325980509,89.29428341004974,21.279511448770887,0,0,0,0.9999981280584467850549314836517672845054172665105339011,0.0001017777140837155224992905582010539094195640509992093431,0.0,1,ROOT_OK
cstr,cstrfold_0001141,dev,middle_triple,0.01877634071192585394084752831838853006524758155429776372,19.30282441125189,21.849595247266606,0,0,0,0.0550666667545953685357436578018161145921640786290560093,-373.226716956991195779315369323450661207345747610862213,0.0,3,ROOT_OK
cstr,cstrfold_0001142,dev,single,0.005221711917358589749908230216273564623712333682781382318,28.329370339971266,74.16616876515153,0,0,0,0.9999997604038215217355196804016916754616342581255637737,0.00004588465432859287490503584886035266945250073605151896582,0.0,1,ROOT_OK
cstr,cstrfold_0001143,dev,single,0.000002937060867196378428481868540439135071075161776079783961,92.13059685678155,19.755461247340776,0,0,0,0.000002937222671179339236310004886171868623330593640413235758,1.000110185396801544531252322691675887160601816957824541,5.032139696641675457240055355207128442515363570311627768e-83,1,ROOT_OK
cstr,cstrfold_0001144,dev,single,0.00040537759257034212751190046477563326389220890205302016,18.810583456884025,22.48146706283518,0,0,0,0.0004089526123609418542641380229158339494493757730631954761,1.01775051551304179964946851845779792602558256968222685,2.367876491155293302343917999796976925559854607367926501e-83,1,ROOT_OK
cstr,cstrfold_0001145,dev,single,0.00000004524529919659715043118495703258041356205839260983547231,26.411138808011067,74.34291979420513,0,0,0,0.00000004524544934033717081586400675711809083014182829458344051,1.000006636892965880070878724795875863465473663288712761,4.089279569322732904546269010444644397422971778118933487e-83,1,ROOT_OK
cstr,cstrfold_0001146,cal,single,0.01859986463171214208559686797105651390030721953305838689,86.5582916155219,21.08617864936511,0,0,0,0.9999976732423985251385985569519111968828932972174135845,0.0001250990826555791695821005918733601234656530631339159793,0.0,1,ROOT_OK
cstr,cstrfold_0001147,cal,single,0.0183072838189772394852631006184836430573755823779558877,20.16863319199171,22.32068311064013,0,0,0,0.9986246917892826604111939738597032449724228426650896006,0.07554278057008929436803521095133682607223116751414037726,1.054219794323052322434857405127001900770996138236850755e-81,1,ROOT_OK
cstr,cstrfold_0001148,test,high_triple,0.00511014071408016098868932023470789492588601610702471647,26.523379534770054,75.95529325742615,0,0,0,0.9999994325463430544036928771719789006956648681625153778,0.000111044882138680928888691834277611075852738043429925545,1.054219794323052322434857405127001900770996138236850755e-81,3,ROOT_OK
cstr,cstrfold_0001149,test,single,0.00000286970002666361410416187694306961898273398333151281757,91.93385263884242,19.789530357157393,0,0,0,0.000002869854774198947090237866723211116392410487482680035146,1.000107853598879608602034028079424008164915270865398364,4.06053820162958499894132813246434714969053192435359271e-83,1,ROOT_OK
cstr,cstrfold_0001150,dev,low_triple,0.000348702074562037431619578297099966496481681536008905001,19.303417331714716,22.651219339794096,0,0,0,0.0003513637511487218156472584404169226151163199007211073472,1.01535054382364205032746094574200274858472918775153493,2.728205522418055326613644651939995153362441178054350098e-83,3,ROOT_OK
cstr,cstrfold_0001151,dev,middle_triple,0.00000002951203801624177949227010900620348664885270318488269272,26.875178842146607,77.04758742819234,0,0,0,0.8216094456556490366252140342851394611319535947997275282,-1661915863.541612818208210302142286944913601726755974876,0.0,3,ROOT_OK
cstr,cstrfold_0001152,dev,high_triple,0.01902260747112935641750019280261733689143884039637550013,85.53152396793294,20.613041691148005,0,0,0,0.9999967855917818677065626147053363491874791410097006467,0.0001689850452463110170568819472695830742065684372217844201,1.054219794323052322434857405127001900770996138236850755e-81,3,ROOT_OK
cstr,cstrfold_0001153,dev,single,0.01775089405111986847009707738004681810497693491569012649,19.756141547772728,23.011348381648006,0,0,0,0.9986304207324964100132942358671635495240299602831619183,0.07757157799649620584380052815605661073950713063886851835,0.0,1,ROOT_OK
cstr,cstrfold_0001154,dev,single,0.005348844663253098763812835298686141055313636778192161707,27.530211797477705,72.51082623700091,0,0,0,0.9999995965925427748817930177872819575712873505527249683,0.00007541968658799958461813093576747383442365559885647590876,0.0,1,ROOT_OK
cstr,cstrfold_0001155,dev,low_triple,0.000002591515337244103919578695498451376664950953132409225518,86.36756993003229,20.21973436704225,0,0,0,0.000002591644425606157377960354584648237825660947563560547764,1.000099627532494287283821187160861620685741163620001861,2.226720810381599696854326420665057954623796698538758328e-83,3,ROOT_OK
cstr,cstrfold_0001156,cal,single,0.0003770088789201074154336966637032352515943689690363259275,18.49908829349717,23.20510418102749,0,0,0,0.0003802036086228100791734742448198855595157570771593463309,1.017051602806272764331632773244207720145486325857686437,1.441316125051048097078906608572072911210346282745694392e-83,1,ROOT_OK
cstr,cstrfold_0001157,cal,single,0.00000003254584857204536729477670397548708324415122089285385158,27.622772938162832,71.22398150667533,0,0,0,0.00000003254592295580061176029754440867349225888446443493320827,1.000004571021057216785978357229932068832754964389440409,2.082693506294445533240235938770350211887624007643398477e-83,1,ROOT_OK
cstr,cstrfold_0001158,test,single,0.01919997356019019834769452688274372644271268046887521332,86.06914085180847,20.43972143657425,0,0,0,0.9999965055013626163813079043176333481319817263054912819,0.0001820132415440528133805212488683898829615585528804051061,1.054219794323052322434857405127001900770996138236850755e-81,1,ROOT_OK
cstr,cstrfold_0001159,test,single,0.01823712689071453003703404356470813972838981192140659066,18.771109976246866,22.521199473491198,0,0,0,0.9980234594038158008480675701866406670601948996939333369,0.109170257948239160546580763311006459952378827351587688,0.0,1,ROOT_OK
cstr,cstrfold_0001160,dev,middle_triple,0.004983771751246122182135426204113492671166184868393578927,28.069172973665925,77.6813540861096,0,0,0,0.01418065135071153055492385330082086545972438242473876409,-511.6362388712800662082177969917546773285679310297347306,1.647218428629769253804464695510940469954681465995079305e-83,3,ROOT_OK
cstr,cstrfold_0001161,dev,single,0.000001664194800529928822661338667644361009407960597565585299,84.73313072614552,21.02508114508152,0,0,0,0.000001664250263626142125268185825873468273616735370063486951,1.00006665622242052481805640392434643913576393581569601,3.79833448691605727592362525612813299285204258943445411e-84,1,ROOT_OK
cstr,cstrfold_0001162,dev,high_triple,0.0004611711048240953116310689669723010377989543306936290193,18.89944995656619,21.78020067064889,0,0,0,0.7881336942160538464800892442820205334692278163674945514,284159.6169649777719934415743732845154521073497443240379,0.0,3,ROOT_OK
cstr,cstrfold_0001163,dev,low_triple,0.00000002177458017807555591452159890785005871363421624233088021,27.777901474380233,75.26689138197398,0,0,0,0.00000002177461539049399878035761104883678320651106906581734121,1.000003234272239188147019234395352008661911222061491976,2.52288759732544321125696708569464916087064576445957312e-83,3,ROOT_OK
cstr,cstrfold_0001164,dev,middle_triple,0.01958497414841481662363843838955143318536979749108666359,91.48080965093047,20.044247954218115,0,0,0,0.05409229251050527504082751613389587085528638665589132204,-1532.263022630838233928415128023468490443543202723643961,1.317774742903815403043571756408752375963745172796063444e-82,3,ROOT_OK
cstr,cstrfold_0001165,dev,high_triple,0.01806506047519937260300961765096863701467769331611172157,18.8414441122575,22.696090119293597,0,0,0,0.9981158136470943356597126906963349369794922258211826593,0.1050277855102641374718741987670063100996618763534553663,1.054219794323052322434857405127001900770996138236850755e-81,3,ROOT_OK
cstr,cstrfold_0001166,cal,single,0.005046030011790702169846183144432311249908351620561290981,26.547020021527214,76.91031085834723,0,0,0,0.9999994676329675488824053168016707393328703867774023709,0.0001055023816757796201173509335401883293216260272480801931,0.0,1,ROOT_OK
cstr,cstrfold_0001167,cal,single,0.000004093545120454089304033186060531098496503311981421048725,85.25000586084805,19.54329683479052,0,0,0,0.000004093855887593110388730309972693862133069152640514512331,1.000151841327740817636126140819056361016853903960985539,4.297406281332449767127565853571755337386651891021342151e-83,1,ROOT_OK
cstr,cstrfold_0001168,test,single,0.0004927432198921997979171303736987445588901210210522858498,18.769790606708415,21.609765144677308,0,0,0,0.0004978216534915538644988135468464335796408978909209314348,1.020766673723978180969356055272128690118734679137731355,7.206580625255240485394533042860364556051731413728471958e-84,1,ROOT_OK
cstr,cstrfold_0001169,test,single,0.00000004963530448632512369555459532943605504189461421218744981,26.51174642310632,72.49436694935892,0,0,0,0.00000004963548062529724236970849927536880586619572922741875926,1.000007097344544767442190574494002250329862688106628487,1.769460354100363778430288884454688318093484464497689598e-83,1,ROOT_OK
cstr,cstrfold_0001170,dev,single,0.01916202663224596457144872870640568159100271858439653119,90.42806801561588,20.465644425026674,0,0,0,0.9999970503059316157517032996838734948899339266991182991,0.0001539400729383990524469754454064441750969873665039224798,0.0,1,ROOT_OK
cstr,cstrfold_0001171,dev,single,0.01735604407817473818103258562615404528793297267485688207,19.772606272310775,23.50678033365967,0,0,0,0.9987449493466302501537164487851000629886451290993526397,0.07266878993591161949996801185740858443923134758118655262,0.0,1,ROOT_OK
cstr,cstrfold_0001172,dev,single,0.005257020519779647205349789977558995699100673250282171506,27.383223087722456,73.77398356396975,0,0,0,0.9999995962220873036893867041848950096110773699287510264,0.00007680750522534554664675067672019260095899061536355518956,0.0,1,ROOT_OK
cstr,cstrfold_0001173,dev,single,0.000001227359660326581282771181387839691398263024625948141935,85.00711916961671,21.507090249204822,0,0,0,0.000001227390553603378137871220806555745761445316697761204575,1.000050341974745009669440557689952625355222569522373934,4.107389018752477605891577189355710568818881629135923457e-83,1,ROOT_OK
cstr,cstrfold_0001174,dev,low_triple,0.0002515436960775807837413970835911690591060140784588385902,19.79841421865874,23.653446147447188,0,0,0,0.0002529889845635101019777367024136115123852947998854034782,1.011539157519351544945633964113283192182008630641136775,5.096082013573348628957562651736972078922295785422276599e-83,3,ROOT_OK
cstr,cstrfold_0001175,dev,middle_triple,0.00000002625994234838537278812003344799671529503358321739425537,27.21384702241885,76.38064422819555,0,0,0,0.8253881357549147584867803450218819125935242260961107733,-7256844438.279337792777583441779711861077536246340342148,1.054219794323052322434857405127001900770996138236850755e-81,3,ROOT_OK
cstr,cstrfold_0001176,cal,high_triple,0.01958334764012390848036527451104495150272109280424177916,86.08962183410041,20.06035814151949,0,0,0,0.9999956100685383239060199113382234134078812129677954337,0.0002241785503661153067049411155075104197152954108686089589,0.0,3,ROOT_OK
cstr,cstrfold_0001177,cal,single,0.01717866264750453755589485470362459249247314156104113077,19.027083748807662,23.793066495700945,0,0,0,0.9985007425590616790504417899825909869814936904368612787,0.08776178458125471248264759493206417695755921911492936332,0.0,1,ROOT_OK
cstr,cstrfold_0001178,test,single,0.005366960436105355521840189082533534854471001539834311013,27.497128888178565,72.27374510472343,0,0,0,0.9999995834872103517169033916981516164131137725099893605,0.0000776069757720627145089323088421760941159637739276670126,0.0,1,ROOT_OK
cstr,cstrfold_0001179,test,low_triple,0.00000302196515048375497431896973957858470443891300698474044,92.5013721859606,19.69555350108382,0,0,0,0.00000302213589772996190471814612597417544243915348088241614,1.000113008859351438905492651424617383349929702779090963,2.910380802732822287544656006204266645767097111671481672e-83,3,ROOT_OK
cstr,cstrfold_0001180,dev,single,0.0003694904212183980102370139402209847882587314442786128682,18.92865592908482,22.790047667618676,0,0,0,0.0003725002614981176408944410104073368567493989885701929522,1.016387862391965777155686635895398873738297804444605948,5.147557589468028918138952173471688968608379581234622827e-84,1,ROOT_OK
cstr,cstrfold_0001181,dev,single,0.00000003812964197862362498545159036841363514554542835340436238,26.30418911717435,77.42277698150342,0,0,0,0.00000003812975308784862234573693706812594982696789190013183829,1.000005827983465340862339281477399654276002361234453127,1.021594131952773610242957573685335928364685488668365453e-84,1,ROOT_OK
cstr,cstrfold_0001182,dev,single,0.01952349069474566679871784083947621367618913423927687778,84.87318243240018,20.124878750713453,0,0,0,0.9999955888355534902896692907598354726957946625496855209,0.0002259534905632632685255475964562529027142391012031362614,0.0,1,ROOT_OK
cstr,cstrfold_0001183,dev,single,0.01743879691381610582167607621721686064420171304904690268,19.041211756807808,23.456974041754208,0,0,0,0.9984272752764574119215489069932436986056111555582040231,0.09071548643801178783786807235095687179677113426092727022,0.0,1,ROOT_OK
cstr,cstrfold_0001184,dev,middle_triple,0.005323323175046330343444472909967663120163590442081464031,26.50403108198872,72.96269590393553,0,0,0,0.01524699404735765817187638465906192410131551943553942092,-312.7395389371116070291680884184066845913568390891681263,0.0,3,ROOT_OK
cstr,cstrfold_0001185,dev,single,0.000002714195373187421260572231421496610674429146097155432898,83.9484127514766,20.27058284216088,0,0,0,0.000002714337347837421879333664384202491174569250160525781669,1.000104620446594053782604802114107228975677350593675255,4.688701088719355402857972139883314194141023245126130277e-83,1,ROOT_OK
cstr,cstrfold_0001186,cal,high_triple,0.0004411728948162110109995937926709097336960881478116169357,18.44899274973611,22.48769674473673,0,0,0,0.7832486224632054337622037569581276487770458727284636192,466157.8701537564273703471352566555816776719762709718372,4.21687917729220928973942962050800760308398455294740302e-81,3,ROOT_OK
cstr,cstrfold_0001187,cal,low_triple,0.00000003710691775072825407281085648418562445658407454153145738,26.68050317388024,75.23851037579063,0,0,0,0.00000003710701997187781211695425167833231853868469262755111358,1.000005509557867835570778984101278832491143197034174853,3.710910208666217570921101767859686204985528447449935912e-83,3,ROOT_OK
cstr,cstrfold_0001188,test,middle_triple,0.01928969477557698709964249826790059233142228087041989061,87.19109748210461,20.34596020336285,0,0,0,0.05356911020957406611582026699266560957363359163754903327,-422.8329137000495157555687464992340956795190617190647037,0.0,3,ROOT_OK
cstr,cstrfold_0001189,test,high_triple,0.01777422606094675438777282444841189417809590218917916198,19.72403176250347,22.968359931922464,0,0,0,0.9986066070123427332247307838809936034049680485389708495,0.07882329455242421292420181358023934497534519253420722722,0.0,3,ROOT_OK
cstr,cstrfold_0001190,dev,single,0.005168989423787664034323795908154702994850806841702255042,27.238697255302114,75.15540861280851,0,0,0,0.9999995983271247934152248176000740659250028158632546431,0.00007770833697184041920043818097484083002100394281696367876,0.0,1,ROOT_OK
cstr,cstrfold_0001191,dev,low_triple,0.000001381223821355273026857154730372684626584938524476327497,88.27082053068875,21.13434741069451,0,0,0,0.000001381262234833148928116963327931223082776254108941059536,1.000055623529237018429625235763551137169756969456818556,5.974987256681346847753865774793407722742109345952610051e-83,3,ROOT_OK
cstr,cstrfold_0001192,dev,single,0.0003221207976819705280767247804939493797729988745810687015,19.024632210072614,23.349740099787322,0,0,0,0.0003244642126947371459777527200524413995445708549703618152,1.014626489253219145792542506701801282341657836028201256,6.485922562729716436855079738574328100446558272355624762e-83,1,ROOT_OK
cstr,cstrfold_0001193,dev,single,0.00000003624915306297641096500645081311191562057086038448646784,26.919036448251394,74.02320256034093,0,0,0,0.00000003624924901591600515594685553612170576498464425875243463,1.000005294089219765656778553049808894888677992330175706,4.116066725089215091164953523525100708547456058093058484e-83,1,ROOT_OK
cstr,cstrfold_0001194,dev,single,0.01880414491520862410210080498193123691850279750281120511,88.27516951237048,20.84065277710716,0,0,0,0.9999974679157053085226662839262950997655421301677221695,0.0001346599565803440383545144584227382783315086652076265267,0.0,1,ROOT_OK
cstr,cstrfold_0001195,dev,single,0.01730153133375201891132400145773094356479215161209809872,18.66715288612523,23.66108340712278,0,0,0,0.9982906440660702356216648307353502620526363484745601797,0.09941121742338288988972061316131152261461478354917934692,1.054219794323052322434857405127001900770996138236850755e-81,1,ROOT_OK
cstr,cstrfold_0001196,cal,middle_triple,0.00538760194563118497163588215815010620258243816941574365,28.183003811661372,71.92493586007404,0,0,0,0.01544072900765387843239688114967362391091372238426904159,-233.4040189372264103701633804592654455691220328623474591,1.647218428629769253804464695510940469954681465995079305e-83,3,ROOT_OK
cstr,cstrfold_0001197,cal,single,0.00000221042167883135161565869747209292445750447872279782051,88.42556866192031,20.361230829073158,0,0,0,0.000002210516283125271651419549829010983991213394730503045104,1.000085601135399676122888852728012255433388190753084546,4.371804574617729872585042896703963342011069877156373809e-83,1,ROOT_OK
cstr,cstrfold_0001198,test,high_triple,0.0004949531014268310613036244516920509985854714201114971671,18.54830233519533,21.825762801289354,0,0,0,0.7884579680300012181829920884516585147369258149384905332,16486.23435391918080996683614995132257831478687923629327,1.054219794323052322434857405127001900770996138236850755e-81,3,ROOT_OK
cstr,cstrfold_0001199,test,low_triple,0.00000002323453726183206603267397494196108974392953442201579843,27.35306074189187,77.1116655916756,0,0,0,0.00000002323457835034314892032659777324914060741108538443764683,1.000003536852380561315311296066991280963082287902049647,4.724976540335565035358480160998367978828250021642814209e-83,3,ROOT_OK
cstr,cstrfold_0001200,dev,middle_triple,0.01981918248080115720664663469563887484670358495493518676,91.7117435287755,19.76790548615273,0,0,0,0.05903050653028013902015183132313023277657459664300579205,-39.69243400887214967251781517901342147262360854488762012,6.588873714519077015217858782043761879818725863980317219e-83,3,ROOT_OK
cstr,cstrfold_0001201,dev,high_triple,0.01830987970269727178806290803767267397411174164614258248,18.656820973321132,22.422151474873882,0,0,0,0.9979204383019584513631298488257708488946674007493413924,0.114440646527602878060962380961262712366361965313853805,0.0,3,ROOT_OK
cstr,cstrfold_0001202,dev,single,0.005316811351248526526099633052426881324006063383922274709,27.15906974244047,72.98091335924656,0,0,0,0.9999995232846968126354776113174773637441635347359937529,0.00008966206705289928476332234005104232653477705319133576001,0.0,1,ROOT_OK
cstr,cstrfold_0001203,dev,low_triple,0.000003126430177732235629728576769806135135282734136386569389,89.07347271265508,19.792692993558017,0,0,0,0.000003126613884184563689878326503805127425757806207482511235,1.00011752347765012555568573345872522210960244017160717,6.393427387293962792232270441707258689291876451755315133e-83,3,ROOT_OK
cstr,cstrfold_0001204,dev,single,0.000309109755905657281736275844078709890080509878856150849,19.579197240766604,22.91618889041817,0,0,0,0.000311224532485772535507072025160682681470685866248291779,1.013750792101917215742294818974509268717170369319250144,3.448863584943579375153097956226031608967614319427197294e-83,1,ROOT_OK
cstr,cstrfold_0001205,dev,single,0.00000002535840219408089575596963653171032449936999944209966721,27.465702552710503,75.2372263995197,0,0,0,0.00000002535844993235400146589863745515481050348929662172639254,1.000003765090438895245870087029913933289132758804739201,5.363702225652747251544889279017439892854218254129286592e-83,1,ROOT_OK
cstr,cstrfold_0001206,cal,single,0.01826958438353561943645441252276988255594225894921607943,85.50273797688915,21.42736614284158,0,0,0,0.9999980173277979086133010310568839893383681845971548193,0.0001085258474603945289073337083395097085568901456253845225,1.054219794323052322434857405127001900770996138236850755e-81,1,ROOT_OK
cstr,cstrfold_0001207,cal,single,0.01797756678204015414430619074268280494251995955497294258,18.336116374597143,22.842792274804594,0,0,0,0.9978562908682974757437426569325719112993673712420807526,0.1201548110784864255457848162572580247298464420309815998,0.0,1,ROOT_OK
cstr,cstrfold_0001208,test,single,0.005059597617736221631380783464825241141342698583556577296,27.322994090816866,76.61641967850854,0,0,0,0.9999996460156114515033690757204862430720106177867924986,0.00006996305900296589577190945528533538062208211916647771607,0.0,1,ROOT_OK
cstr,cstrfold_0001209,test,single,0.000002163430606136573153443749594601871455050224472896772778,87.2313005792058,20.464777064871257,0,0,0,0.000002163521715403173955324102829981356975258750703718306578,1.000084229295130646383924788611955062930055992353796434,2.509836477802341287351968790206000847897257575506662583e-83,1,ROOT_OK
cstr,cstrfold_0001210,dev,single,0.0003118499590081589765739585170003932948962720573785864985,19.64402379852071,22.804886346396827,0,0,0,0.0003139915463290246029387649212151474493732631078057971402,1.013803028153579773859434398243666450869366569893896137,2.573778794734014459069476086735844484304189790617311414e-83,1,ROOT_OK
cstr,cstrfold_0001211,dev,middle_triple,0.000000043337711160264851236542976016024453833142167480936291,26.403393290736883,74.98359214118815,0,0,0,0.8133140920300538136373063209935301416774252954325768671,-89120698.53610880706713168834381522192843872013189019378,1.054219794323052322434857405127001900770996138236850755e-81,3,ROOT_OK
cstr,cstrfold_0001212,dev,high_triple,0.01875189615224993469187881804817185695007336612060108775,90.00197874094003,20.890781102446272,0,0,0,0.9999976910890967465485841521553224192819349329086883342,0.0001231330910084526156947036313368047220402422524759607425,1.054219794323052322434857405127001900770996138236850755e-81,3,ROOT_OK
cstr,cstrfold_0001213,dev,single,0.01897621065968359429065140037988743381764364794372372905,19.747788843306804,21.602673466689886,0,0,0,0.9982451064834856176637161627132401890416017313911657614,0.09312154366674027975871104186980013326399361102566807105,0.0,1,ROOT_OK
cstr,cstrfold_0001214,dev,single,0.005461907679176207216805519539431037038236335486288765019,27.285538645990762,71.05800691669023,0,0,0,0.9999994982544498052178596631440177484461199000867526166,0.00009186289937200560700679700450999537753051024648029478316,0.0,1,ROOT_OK
cstr,cstrfold_0001215,dev,low_triple,0.000003733924385027411127459438832738317933614570880511695523,88.91717864777334,19.52667738320953,0,0,0,0.000003734182714064812896651731685114350571475148057712918817,1.000138375762785287678560208811526904225503017019886618,2.322835362247448049310202168279099647084531286032123551e-83,3,ROOT_OK
cstr,cstrfold_0001216,cal,single,0.0004719922014392853096981236562513899079694643077695007586,18.985594957182673,21.584751564920353,0,0,0,0.0004766432753638609496809083880729316284015701681153823199,1.019848871054950824843427847013973012210510056632654165,3.809192616206341399422824608369049836770200890113620892e-83,1,ROOT_OK
cstr,cstrfold_0001217,cal,single,0.00000001894639536250377821311297845558162743667308052598977313,28.23805629093523,74.23505911289135,0,0,0,0.00000001894642165144586632053039066208896860280490029654781947,1.000002775089221730554015438624674542812402971770750189,4.984867875663198917260612804912905400387872311046945069e-83,1,ROOT_OK
cstr,cstrfold_0001218,test,single,0.01824665155189759640754092325595857862497434836168449735,86.95456139409559,21.448457986751094,0,0,0,0.9999981510655637507462450435805730177841864718033940366,0.0001013324659411703824305480465500884055954669218867794482,0.0,1,ROOT_OK
cstr,cstrfold_0001219,test,single,0.01748667424855877894083846677051124115706472960555710866,18.608433625579526,23.472797120951995,0,0,0,0.9982126026768634344910660012874088421564548132653243163,0.1028763020981093407873655618669362711797865027216279941,0.0,1,ROOT_OK
cstr,cstrfold_0001220,dev,middle_triple,0.005155430195015971226671751259547851539068514771511773477,28.648758291588425,74.46202380229548,0,0,0,0.01675450559095080513977219505240096263325192974380275748,-25.27427512171854184020771591784740725381713891674227213,0.0,3,ROOT_OK
cstr,cstrfold_0001221,dev,single,0.00000148544402500400314346694409068474219480016006930277314,90.61857175877759,20.89237411243782,0,0,0,0.000001485487920329963186419607176000214451803752733369793269,1.000059101910758881023603965761690294974940435274433687,1.253912856559477669277910381006619234696947463616371404e-83,1,ROOT_OK
cstr,cstrfold_0001222,dev,high_triple,0.0005178131191667500142452525587918425896429857941017867182,18.367463786918485,21.837564397595436,0,0,0,0.8028192196976853193645942629498601300454873442612593191,3215.860334245106408209095605883841986271038028765587452,1.054219794323052322434857405127001900770996138236850755e-81,3,ROOT_OK
cstr,cstrfold_0001223,dev,low_triple,0.00000002709747731625910982474704513762804212885899154484745683,27.7859641452944,72.52977161326824,0,0,0,0.00000002709752983880783653234103256034212092230005144641175329,1.000003876569215498042560084029968430565277452973220224,1.388426730238362062650225504514319974139085624865748322e-83,3,ROOT_OK
cstr,cstrfold_0001224,dev,middle_triple,0.0197860865500666549283529435050096293402178621368781973,85.66032770431481,19.865198526585,0,0,0,0.05548274526153552583028274047554702618564693063527557127,-179.6479556436461805423990975746615137571589334489472648,6.588873714519077015217858782043761879818725863980317219e-83,3,ROOT_OK
cstr,cstrfold_0001225,dev,high_triple,0.01739027729477656496409656269183409825016777517746282452,18.373481828588524,23.531545711067825,0,0,0,0.9980867228475495902363984440172536023410047210715368506,0.1107683868268410799193942598275020774673329791893063613,1.054219794323052322434857405127001900770996138236850755e-81,3,ROOT_OK
cstr,cstrfold_0001226,cal,single,0.005035747222137730427335205899051984549297758038588967472,26.824170846740092,77.41763923626267,0,0,0,0.9999995573152982206668746989287509455551532782199694144,0.00008790860440253201522220638941372723217571461312690812,0.0,1,ROOT_OK
cstr,cstrfold_0001227,cal,low_triple,0.000001652652129022388873970654592943081934944859278092321529,86.30251658480434,20.949524348978855,0,0,0,0.000001652706619011083754852072123838811409789558920803102235,1.000065944093867864361029241146477772610877810314290645,5.326113493352701171236897076988988179706982747958698807e-83,3,ROOT_OK
cstr,cstrfold_0001228,test,single,0.0002615719582931511560881618955585608901388979509792476011,20.199706826698275,23.023156714170835,0,0,0,0.0002630914458239327234175457518582666754955601803177009652,1.011667021884212225573445514486059168553212425039397799,6.228544683256314990948132129900743652016139293293893621e-83,1,ROOT_OK
cstr,cstrfold_0001229,test,single,0.00000002575528141328245360472527490648889213258461160856327986,28.043687665160167,71.67820602171203,0,0,0,0.00000002575532829670124434649118015518117059784359519802231856,1.000003640688717557972823067376182264508149579896996088,5.996298220505420114448040892342637743661341913518231662e-83,1,ROOT_OK
cstr,cstrfold_0001230,dev,single,0.0182539034890898619154892459948157913518667093913907215,86.6381538211002,21.474881503960347,0,0,0,0.9999981601906363703399767418717370501250467965379774497,0.00010079228597433256744176414761810126445325225493046818,1.054219794323052322434857405127001900770996138236850755e-81,1,ROOT_OK
cstr,cstrfold_0001231,dev,single,0.01853487330622103763410597064873155444781168327146400591,19.602803070452996,22.098627553706205,0,0,0,0.9983274604774796364481953979856774117871973387761797847,0.09082840716958986436382276735439064481360608674041763082,0.0,1,ROOT_OK
cstr,cstrfold_0001232,dev,middle_triple,0.005050547760836523479218441999600596190479289384341062086,27.00782074058896,76.07815886077978,0,0,0,0.01661991991902127522771666853860307991313905276674061892,-24.02948069859603380942788590092213377210163302646939199,3.294436857259538507608929391021880939909362931990158609e-83,3,ROOT_OK
cstr,cstrfold_0001233,dev,single,0.000002437704978550339192112861938207738034487117163231644207,85.07183601973732,20.384989455239257,0,0,0,0.000002437820180107357161744427318637972900747035018290048926,1.000094519724325071344593286074836365599752190198174577,5.965536662669432888411970042287424543776304899065187111e-83,1,ROOT_OK
cstr,cstrfold_0001234,dev,high_triple,0.0002857386542326732818734088758882620883988338003339560793,19.644611739391145,23.214439543698337,0,0,0,0.796383449635233479430667431791567978725964529752030681,611119.3311903037958392886546369902511940248824394187235,1.054219794323052322434857405127001900770996138236850755e-81,3,ROOT_OK
cstr,cstrfold_0001235,dev,low_triple,0.00000004828839374983740451794927839728185035094943975751826672,26.619040905306633,72.2617660278175,0,0,0,0.00000004828855991664779798600789027938770009811166250733281599,1.000006882284344951204500702069175005436795210097993692,2.306705259302911391311102204620283942027869041909773359e-83,3,ROOT_OK
cstr,cstrfold_0001236,cal,middle_triple,0.01826109936502088526147777193305472814116212212060847445,88.05956042851696,21.356847820163292,0,0,0,0.05497808342276186880566337287208411088448240158625227447,-35.30098825357968672122175262135923281503539099090824276,6.588873714519077015217858782043761879818725863980317219e-83,3,ROOT_OK
cstr,cstrfold_0001237,cal,single,0.01788278727869406765940475564656080510809821633757634892,18.506639880454443,22.94351464862636,0,0,0,0.9979962220840651246936623209152865425066425875402587228,0.1128606653300513988228740859799934024467825317413278674,1.054219794323052322434857405127001900770996138236850755e-81,1,ROOT_OK
cstr,cstrfold_0001238,test,single,0.005273599644350940297329726842787710576685113888092730112,27.6816798154566,73.51374931169349,0,0,0,0.9999996496744044317242495218520401863976151697609023891,0.00006643017513246917053468954157672566497654492431374458535,1.054219794323052322434857405127001900770996138236850755e-81,1,ROOT_OK
cstr,cstrfold_0001239,test,high_triple,0.000001519581343806719430159532253982719494042340513457929546,85.77631771603242,21.127212462122685,0,0,0,0.9316908463590544546374974153335545686474553799654551062,379045.7900062136199490590922461054742725157182519948454,1.054219794323052322434857405127001900770996138236850755e-81,3,ROOT_OK
cstr,cstrfold_0001240,dev,single,0.0002535035380992991710245761653121120119683471257718320825,19.61529954947405,23.816698019383438,0,0,0,0.0002549821951087228689137155685562332064717082102739554795,1.011715024780707472684674879341891121011459680160020896,1.544267276840408675441685652041506690582513874370386848e-84,1,ROOT_OK
cstr,cstrfold_0001241,dev,single,0.0000000306026382392041398053608789350728560482669633565413428,26.71248459264667,77.65889904108397,0,0,0,0.00000003060271003215489443775570308027506944132442914207794554,1.000004691953240720423774134607678986291521970043876768,4.183370789225924146026020804689718946514697700786666937e-83,1,ROOT_OK
cstr,cstrfold_0001242,dev,single,0.01867683759976475623633224081521141772245935474143634525,92.14408565479215,20.965862530919775,0,0,0,0.9999979530696276547681447542489611831947831520368211598,0.0001096001649506874607902997972144027731924891634841136935,1.054219794323052322434857405127001900770996138236850755e-81,1,ROOT_OK
cstr,cstrfold_0001243,dev,single,0.0188630756953199108063067583388840312495186741541835479,20.05441179025948,21.705146422120304,0,0,0,0.998414205638602202962728586493285138903326002588229131,0.08460705277919123718240665438828780812383911913117138407,1.054219794323052322434857405127001900770996138236850755e-81,1,ROOT_OK
cstr,cstrfold_0001244,dev,low_triple,0.00507133598596108165143405874179587584790142230289259254,27.004245585070688,76.40046572487437,0,0,0,0.01371398869913425455686979175518470769602934790628394712,62.95294965346197451791701287012169541455643468993753123,3.294436857259538507608929391021880939909362931990158609e-83,3,ROOT_OK
cstr,cstrfold_0001245,dev,single,0.000001459488451966726633905309609484398874762553529968147151,91.31350470732015,20.891022731080593,0,0,0,0.00000145953082379308890712776996189644384430785354604719515,1.000058065194987229647566684246962728943076329853054377,3.163133923434436051220463150034497623639781999703197332e-83,1,ROOT_OK
cstr,cstrfold_0001246,cal,middle_triple,0.0003558097498075693320930993703839572838244347101912852041,18.954210738534993,22.94720908973634,0,0,0,0.7881727777015486801235494422656630110548409913880026983,-146476.470813343190117133367164385791538508506150195916,1.054219794323052322434857405127001900770996138236850755e-81,3,ROOT_OK
cstr,cstrfold_0001247,cal,high_triple,0.00000006384666351610296200583380089122994290374824218569274666,26.21219080849069,71.1080548275261,0,0,0,0.8217176135117675754212279778142577945568838141442468786,2346284865.989208363090388664106623457127225557033831259,0.0,3,ROOT_OK
cstr,cstrfold_0001248,test,low_triple,0.01962439960194506753275612751970060441821429650566473368,88.8769439382271,20.012505520710125,0,0,0,0.05368096139359747948202498793346204546276538570527433935,344.3864736153086486037533525024586896426786398372621609,6.588873714519077015217858782043761879818725863980317219e-83,3,ROOT_OK
cstr,cstrfold_0001249,test,single,0.01834634468189434605081345691241743025612704835905328196,18.896770352774613,22.364175893086927,0,0,0,0.998043968686409574594541636969019308201135018319007954,0.1073939486834079215007495659505868516589429241693538443,1.054219794323052322434857405127001900770996138236850755e-81,1,ROOT_OK
cstr,cstrfold_0001250,dev,single,0.005447165412028755249281120952438707354514076549452196696,26.44846406826287,71.33835166390377,0,0,0,0.9999992341408278789463275029583130101253586677414616883,0.0001405981989982518813623157806213695695847197881010204558,1.054219794323052322434857405127001900770996138236850755e-81,1,ROOT_OK
cstr,cstrfold_0001251,dev,middle_triple,0.000001826720448635635828367953851016077414689215661990997628,91.01177502883219,20.55271285172214,0,0,0,0.9190968567565590952608254606844789655042284894748537178,-847147.1483233399406584556311258556319363826373280806759,0.0,3,ROOT_OK
cstr,cstrfold_0001252,dev,single,0.0004277354935864460323399500386347243560495964105722907605,18.74200548150755,22.298016930263913,0,0,0,0.0004316840603937731588542393818813146382414702390337024081,1.018585969265633723680757335232124434746811704323109813,1.080987093788286072809179956429054683407759712059270794e-83,1,ROOT_OK
cstr,cstrfold_0001253,dev,single,0.00000004479082662536575373206131661900294114165446524441821043,26.49034404263908,73.965910203029,0,0,0,0.0000000447909730115981455810754602938935069932953622308648373,1.000006536453686453699501218774194917622800036430858009,3.235841917657744843471178256967164753834810759632965179e-83,1,ROOT_OK
cstr,cstrfold_0001254,dev,single,0.0183433015712229398900669376482405048433105415002066671,84.56934264525836,21.356412793212872,0,0,0,0.9999978543824081157554886984492068903594586096776253476,0.0001169732532020095409725108244524595417373159982570822716,1.054219794323052322434857405127001900770996138236850755e-81,1,ROOT_OK
cstr,cstrfold_0001255,dev,single,0.01767635599025794382252642578368424006086731318824206262,20.152812349819808,23.08525159673496,0,0,0,0.9987927597076106581403146401147063445435736666230832882,0.06862999136332189032871783421604833826149487123398489423,1.054219794323052322434857405127001900770996138236850755e-81,1,ROOT_OK
cstr,cstrfold_0001256,cal,single,0.005366267967955892976103411609543086517212479137801547116,28.673688999265416,72.16427404036467,0,0,0,0.9999997716951538103232410448173951942567222266508783055,0.000042544483348357556140296535712273284958623387115171438,0.0,1,ROOT_OK
cstr,cstrfold_0001257,cal,single,0.000002013688764284996771735390544969339116267985387047848184,89.66399217489975,20.460238179302525,0,0,0,0.000002013767679027144053896053739161774174563719001991363648,1.000078380573941491160179189928277942560303930548604693,5.987655074186678325169598352407810707313294030078304631e-83,1,ROOT_OK
cstr,cstrfold_0001258,test,high_triple,0.0002781897899029347374690774447004723248848677791019321085,19.840298855744592,23.130882521751094,0,0,0,0.8068066668739449508083479110002096321091877533654567639,13139.04749577749003222706152808740264578206561348483036,0.0,3,ROOT_OK
cstr,cstrfold_0001259,test,low_triple,0.00000002596433896900783115902319512569847577954901604287440601,27.083807808514447,77.3933150077602,0,0,0,0.00000002596439046947352619979198172816541484366439720261895564,1.00000396702110770888597349192741245327080594095677572,4.171626666747023088838518727526366179568495233211804254e-83,3,ROOT_OK
cstr,cstrfold_0001260,dev,single,0.01977454811443640269133949636587261403569548773108338096,86.42043335011888,19.876279315695708,0,0,0,0.9999951484973621570115048998098981711985317927451889935,0.0002453552070777203369557430931833443862700258099720711713,0.0,1,ROOT_OK
cstr,cstrfold_0001261,dev,middle_triple,0.01828817949090123976885188883616456249149619475742254909,19.05772677148769,22.414135479511973,0,0,0,0.05450232678076533926950784908130123557910331912081226972,-140.3692533860274733338598454516347933460300090966223472,6.588873714519077015217858782043761879818725863980317219e-83,3,ROOT_OK
cstr,cstrfold_0001262,dev,single,0.005332933912810764449766707131430952237248603762061758858,28.44599078213909,72.63098011701712,0,0,0,0.999999751198174151049182184957449379884212537252599756,0.00004665389148083867292414311934415721781220020079041994476,1.054219794323052322434857405127001900770996138236850755e-81,1,ROOT_OK
cstr,cstrfold_0001263,dev,high_triple,0.00000249269786832536320956805062734024919980133534390226533,87.90827675342045,20.205569375994752,0,0,0,0.9211882105565210865882328517952413057640516083088675259,31353378.14910996255749616589229695838460123461332192357,1.054219794323052322434857405127001900770996138236850755e-81,3,ROOT_OK
cstr,cstrfold_0001264,dev,single,0.0003023886194604722129873325258885697154154149587146706427,19.120693683114638,23.545169421493014,0,0,0,0.0003044706266472557814409827668839236030049892273156731789,1.013839000142331009396706444959973655446237291266875352,7.721336384202043377208428260207533452912569371851934241e-84,1,ROOT_OK
cstr,cstrfold_0001265,dev,single,0.00000002017727245297049917677964396848046443491565938150171396,27.809579477781252,76.04731906732788,0,0,0,0.00000002017730300647710703417142143290740363725361778198553188,1.000003028510471097113014500911565726641878368282573559,1.942756851610054659208309101730293432919229704330294167e-83,1,ROOT_OK
cstr,cstrfold_0001266,cal,single,0.01943109245601268019701375514955770871651369487475883601,89.79236313061585,20.20075100451909,0,0,0,0.9999964546136383357596049683445258115520369986180371193,0.000182467507857693927023454061919019851032787058971629462,0.0,1,ROOT_OK
cstr,cstrfold_0001267,cal,single,0.01847716723125427398918812715522896899215588192903156883,20.20866256141585,22.1242648385842,0,0,0,0.9985906704208875488164308866629016197289927926847225302,0.07671173610474318817267096582020071423313556104489747989,0.0,1,ROOT_OK
cstr,cstrfold_0001268,test,single,0.005139586262223345690719943005296360400413943872444124897,27.85515970882602,75.3833720553054,0,0,0,0.9999997144003598189531949742630553835013071707149679654,0.00005556867647947808190506655051429726792368494871343837708,1.054219794323052322434857405127001900770996138236850755e-81,1,ROOT_OK
cstr,cstrfold_0001269,test,single,0.000001561588717213502858841230533214652268280678929152346117,90.12548664813849,20.842494698612924,0,0,0,0.000001561637106542749668949930649504511272721370258786581127,1.000061975913620117366218181332350490991222302132140114,6.357233622993015713901605934237535876231348782824759192e-83,1,ROOT_OK
cstr,cstrfold_0001270,dev,low_triple,0.0004647676493149829447134251865243598131903567566614818603,18.65103160118715,22.012475908107273,0,0,0,0.0004693714349496390727042852236094471461672190301982191414,1.019953119899329176387351113594670397926917223396537236,1.441316125051048097078906608572072911210346282745694392e-83,3,ROOT_OK
cstr,cstrfold_0001271,dev,middle_triple,0.00000002651621960069078875078087585252967012227261149144337029,27.943955042511398,71.88207777708071,0,0,0,0.8340592037832249098197948136701248635130663053302008888,-945952762.2934328194174567327713451740627505031305807158,2.10843958864610464486971481025400380154199227647370151e-81,3,ROOT_OK
cstr,cstrfold_0001272,dev,high_triple,0.01847325752769431917287584592699015484581590582602863603,85.31538262998254,21.12968269476725,0,0,0,0.9999976092717878149008645801521876725285762539380625449,0.0001294195177289102413398733085389390511576447355729923357,1.054219794323052322434857405127001900770996138236850755e-81,3,ROOT_OK
cstr,cstrfold_0001273,dev,low_triple,0.01794897744083217912793859260556693979424908181512213127,19.836176397813933,22.764680668077478,0,0,0,0.05175381126253443212530075271793441855608256356624922802,597.9500569493368938896005468370827729997620489229367161,6.588873714519077015217858782043761879818725863980317219e-83,3,ROOT_OK
cstr,cstrfold_0001274,dev,single,0.005055931161402132555225074098814604177279796960367394458,26.121808610804884,76.8175093030831,0,0,0,0.9999993232480306771793167202695554622152712159118347077,0.0001338534396983672627116202985540713896573618215519772971,0.0,1,ROOT_OK
cstr,cstrfold_0001275,dev,middle_triple,0.000003381693450768255442322705580425138245374452775030955188,86.0372308893585,19.810066603120127,0,0,0,0.9191860360717871891059673294629021641331773270231051102,-9280292.434953531215007009570495314324282570561781883589,1.054219794323052322434857405127001900770996138236850755e-81,3,ROOT_OK
cstr,cstrfold_0001276,cal,single,0.0003714586321114046659671193906042184355971405195325147105,18.55118753580025,23.214051181458117,0,0,0,0.0003745606994524505738556422585373757555225494848371737803,1.016802938746456687081688331815855101824541862057782979,2.573778794734014459069476086735844484304189790617311414e-83,1,ROOT_OK
cstr,cstrfold_0001277,cal,single,0.00000001309173184468572112457063687482602688350245894394912535,28.597992759110536,76.73380217543381,0,0,0,0.0000000130917448249816457954221187722001018603159551602761926,1.000001982977576911847844486289479848720879218164599054,1.605504486908964187919375054393274689659141026725027982e-83,1,ROOT_OK
cstr,cstrfold_0001278,test,single,0.01982160402469050988668190857560819997470593881756448484,91.80051788693382,19.817283460991508,0,0,0,0.9999957888335724457852725145411618940933012241198127593,0.0002124644616925237686764376800984076140688715726423932179,0.0,1,ROOT_OK
cstr,cstrfold_0001279,test,single,0.0171002025737525976526161401188369349875096322852849859,20.211048118664078,23.80992203951535,0,0,0,0.9989498258148817195980105661922840813851732195664276731,0.06167357101209192254848188717194713420198811564224414769,1.054219794323052322434857405127001900770996138236850755e-81,1,ROOT_OK
cstr,cstrfold_0001280,dev,single,0.00528618221426696102103772801257397275924929364262732685,27.40211120599697,73.37038592089327,0,0,0,0.9999995904691892329746451533717275059301631138419044483,0.00007747208407141049712696462865824560297986964244430008853,1.054219794323052322434857405127001900770996138236850755e-81,1,ROOT_OK
cstr,cstrfold_0001281,dev,single,0.000001166347486642703614726769017596303993553525491597186225,92.08378613688416,21.210672565838916,0,0,0,0.000001166374981527440352305045741371745630082852507638324441,1.000047147812976355577026971859017318504899817590441971,2.676126717118359252793410721747449550125348587759827938e-83,1,ROOT_OK
cstr,cstrfold_0001282,dev,high_triple,0.0003881436108422185867512358592992894399991180283057760659,19.174296177560667,22.289287878336225,0,0,0,0.791057049526505818169061325026856112768562551901357052,2434624.926353400662236710050342027447307441934930385702,1.054219794323052322434857405127001900770996138236850755e-81,3,ROOT_OK
cstr,cstrfold_0001283,dev,low_triple,0.00000003697738769254983709592677750740373048285701353236537452,27.39707372478778,70.95757620642696,0,0,0,0.00000003697748334780852131402933055784895572194932939652631374,1.000005173726192133223424463415735806539342573035416658,1.633620632458371775070513654857384885325691557042696829e-83,3,ROOT_OK
cstr,cstrfold_0001284,dev,single,0.01834838780334465654132320357170871020713608288354359664,90.96973567937123,21.323768023179653,0,0,0,0.999998285337910311064762083819416578516710300670477334,0.00009345236828387035384085170274775153602985411958393782895,0.0,1,ROOT_OK
cstr,cstrfold_0001285,dev,single,0.01741231615390062200853173450738774974346825791599503595,18.858784239231838,23.50286356526515,0,0,0,0.9983492215826856456009088073481127794231504780448585287,0.09538227775213490864184448970665356556645229657511712137,0.0,1,ROOT_OK
cstr,cstrfold_0001286,cal,single,0.005386339205494657146401144841815566265332820105918559505,27.53578404180814,72.01743666887319,0,0,0,0.9999995852836875163533496850917177897309256567008897388,0.00007699423899463514367276723094715731114978662648881539425,0.0,1,ROOT_OK
cstr,cstrfold_0001287,cal,middle_triple,0.000001824211629824119935479178398360715743865379947432415244,85.4982847983087,20.83271402914405,0,0,0,0.9217235021471401865599860435348844001225967470775460825,-17209341.65090429192109839718770703335616559476904153146,2.10843958864610464486971481025400380154199227647370151e-81,3,ROOT_OK
cstr,cstrfold_0001288,test,single,0.0004252105606318738138667142484061069434003287310958999828,18.349787089888963,22.767172210912097,0,0,0,0.0004291994149396497173733409168045841439072453050721929855,1.018889036381086523335682246835088333804897411539436192,1.853120732208490410530022782449808028699016649244464218e-83,1,ROOT_OK
cstr,cstrfold_0001289,test,single,0.00000002856446793636173875609380798930440745706302685098317148,26.9790281158988,76.79031026575117,0,0,0,0.00000002856452977605651500951342288843342630756616310154864001,1.000004329840329573058126130724938067745278088287448198,3.687305716375157206381320305653086596085897859196874559e-83,1,ROOT_OK
cstr,cstrfold_0001290,dev,single,0.01925705431820234354751840504132467321702799226876995184,88.97339888712384,20.373976879908422,0,0,0,0.9999967207934608565717304287131069446078602036405697889,0.0001702929631475598835084405331062575791240583082733885869,0.0,1,ROOT_OK
cstr,cstrfold_0001291,dev,single,0.01745583166780720529193711434899067062287653203376083912,19.833664909260865,23.37689317531413,0,0,0,0.9987404178305155322698201970494109327037059743357059838,0.07251726523657854214611213995205571088090041800319257459,1.054219794323052322434857405127001900770996138236850755e-81,1,ROOT_OK
cstr,cstrfold_0001292,dev,high_triple,0.005250368153280661587675432894469797966505558664801639335,26.43205435403895,73.97224082313814,0,0,0,0.9999993354741401836779915715870997470075648747248466283,0.0001265678258532444793122347422013169259115943270318462608,1.054219794323052322434857405127001900770996138236850755e-81,3,ROOT_OK
cstr,cstrfold_0001293,dev,single,0.0000010325058903131354468505620634231001204807427836310708,92.63665111932922,21.377637969505734,0,0,0,0.000001032527614948970791118248058340584740074441979110163038,1.000042082037262115131702919344195436131001669215929673,5.383822439765877901686345486121268442753490753420196336e-83,1,ROOT_OK
cstr,cstrfold_0001294,dev,low_triple,0.0003147628801284325990367609095328107127150451172095419423,18.920472118998674,23.589958086492782,0,0,0,0.000317024212925824468407583984767674392258071406708134258,1.014443145627076655856055871032689333604883521227638423,3.963619343890382266966993173573200505828452277550659577e-83,3,ROOT_OK
cstr,cstrfold_0001295,dev,middle_triple,0.00000003899852747115461244802829053694140920629115260880017384,26.829492909788865,73.63824980264873,0,0,0,0.8212875461758255692891701769160685839298677458939515237,-182322347.820746078352362666993926178971602311076381011,3.162659382969156967304572215381005702312988414710552265e-81,3,ROOT_OK
cstr,cstrfold_0001296,cal,high_triple,0.01928573381422450523853769213285573853970513454982598752,87.69271294545099,20.348321557289314,0,0,0,0.9999965166278415481397021825250560395645656681672644224,0.0001806269195522451728039835351419462594144787653124949914,0.0,3,ROOT_OK
cstr,cstrfold_0001297,cal,low_triple,0.01842404151081299566224484268557811500511076192515856562,18.593392991609416,22.297897408930897,0,0,0,0.05361188694679617549941269073956229389695495341221031396,2264.589154265289340640982356313776828452759654960849098,0.0,3,ROOT_OK
cstr,cstrfold_0001298,test,single,0.005256900563353512980913257276514113678330245274795140884,27.81795005864061,73.72945725856322,0,0,0,0.9999996781792385509564146013597445402773281120886616271,0.00006121881649437482305985549094786941672617021153262242516,1.054219794323052322434857405127001900770996138236850755e-81,1,ROOT_OK
cstr,cstrfold_0001299,test,middle_triple,0.000002203009114223051649374485983558568612960395083804856919,90.95127881301687,20.25780706521812,0,0,0,0.9216852315869794254746950612792332039483949604437106875,-5000883.397170342593523157181866221549878757667645403287,1.054219794323052322434857405127001900770996138236850755e-81,3,ROOT_OK
cstr,cstrfold_0001300,dev,single,0.0004138382190099339999432275021259575666057036778623104307,19.521307873261325,21.64258347131057,0,0,0,0.0004174177154901282012447929049657211216394182960218587395,1.017407400639696278709250456529181552644962681492112015,7.206580625255240485394533042860364556051731413728471958e-84,1,ROOT_OK
cstr,cstrfold_0001301,dev,single,0.00000002011258726569365816403014385867706710871343279844987689,27.58549122391178,77.51713436228837,0,0,0,0.00000002011261821818119908208558714861909205617858422188793937,1.000003077925477205590928186950781691056011534676951836,5.08902548626259106490108066529799660686205749163598939e-83,1,ROOT_OK
cstr,cstrfold_0001302,dev,single,0.02010067433198697821132527200358257713904639375371274692,89.8886869015239,19.561919666418145,0,0,0,0.9999947568357547819196053459101149368739038307025635496,0.0002608618701210039201372983991424667074646448817242358959,1.054219794323052322434857405127001900770996138236850755e-81,1,ROOT_OK
cstr,cstrfold_0001303,dev,single,0.01849978932436033070880720151097018774101829260463628059,19.29728666893893,22.159536405867858,0,0,0,0.9981963505544567652917501244467842089152210621436547346,0.09817007594869982841963406742437218286490475674865865908,1.054219794323052322434857405127001900770996138236850755e-81,1,ROOT_OK
cstr,cstrfold_0001304,dev,high_triple,0.005407487194258383818789569421754626179299287327815033096,28.341319014097053,71.61367933545803,0,0,0,0.9999997191449054797740142433353749476941672543553173251,0.00005193825887956423110506894857830607332688867304343750328,1.054219794323052322434857405127001900770996138236850755e-81,3,ROOT_OK
cstr,cstrfold_0001305,dev,single,0.00000117192635240923046193422007923676845614775884593021769,90.82022948352584,21.259214120828705,0,0,0,0.000001171954177626505996934221645129734372774435063011321826,1.000047487128027745073218416313251004249333651862334843,2.036904624269966130497952559268289423906362701480731611e-84,1,ROOT_OK
cstr,cstrfold_0001306,cal,low_triple,0.0004686011975168931236087214352345392717947149375405942489,18.953210807565046,21.657429674572175,0,0,0,0.0004732016222597217041954798825161099780040074580208645123,1.01977425974982279058353747958107541263293753359357649,7.206580625255240485394533042860364556051731413728471958e-84,3,ROOT_OK
cstr,cstrfold_0001307,cal,middle_triple,0.00000002311347622591286206019004392978898374630240316289337513,27.85951380987478,74.0482936428998,0,0,0,0.8241932335358101241305237848829199315733171411119637508,-116176019.7930713654058699360746747226983547407642312674,3.162659382969156967304572215381005702312988414710552265e-81,3,ROOT_OK
cstr,cstrfold_0001308,test,high_triple,0.01861347670924107773680475177850204084319770651245416699,84.89504106809724,21.05286456226275,0,0,0,0.9999974656095704042018532461822843177667205865295698593,0.0001361632150909575126538886594281478884759418891754275645,0.0,3,ROOT_OK
cstr,cstrfold_0001309,test,low_triple,0.01765798170557828467329357757996659307314747783326065177,19.145077429437887,23.16269450796669,0,0,0,0.0498829174140766896347279490922480613156272746641392706,113.6334126377200686425596308729837466709666481206082258,6.588873714519077015217858782043761879818725863980317219e-83,3,ROOT_OK
cstr,cstrfold_0001310,dev,single,0.005041921887705699779477981643987184966492627612733449115,25.98009627445829,77.05924730359203,0,0,0,0.999999276789502360689059198059703068043165660387235829,0.0001434398534961465591702518761605390375072096326057490367,0.0,1,ROOT_OK
cstr,cstrfold_0001311,dev,single,0.000001581231570536288745804301190827206500494765745234986344,88.80467370752707,20.8888381409271,0,0,0,0.000001581281300789188548163493043889946328754503427863619784,1.000062902127896508127080502548375489242038433096125394,3.108642200514676838844851586010637166198654231479971442e-84,1,ROOT_OK
cstr,cstrfold_0001312,dev,single,0.0003131751256643472576907783251815896415212815599195325351,19.95904719478979,22.45727476732368,0,0,0,0.0003153002832670070305504077103798793969528632441972421194,1.01363840878382300116713940964201798311130043443408695,1.18393824557764665117195899989848846277992730368396325e-83,1,ROOT_OK
cstr,cstrfold_0001313,dev,single,0.00000001501831738851280630684637793221016364471540475139948777,28.227746499032076,77.25155665448611,0,0,0,0.00000001501833458706934471479296102283973874612563428244469163,1.000002290345916397915383567672951118334683200815740795,2.501966219158775972142045648607766850786439709997023466e-83,1,ROOT_OK
cstr,cstrfold_0001314,dev,single,0.02016781291356515726655894748254033663479965933939502767,86.58946380082538,19.50938152794733,0,0,0,0.9999939670253513909945961061772898188399733262851078291,0.0002991604126917028449562557123887092002938211616620250702,1.054219794323052322434857405127001900770996138236850755e-81,1,ROOT_OK
cstr,cstrfold_0001315,dev,single,0.01872932976893269771301449487970989473277599213157080564,19.231820983731694,21.907194170839794,0,0,0,0.9980817066513629998760915884473710243515163355155322422,0.1031730799521640391763155456035659233234893629070859643,1.054219794323052322434857405127001900770996138236850755e-81,1,ROOT_OK
cstr,cstrfold_0001316,cal,single,0.005257219932604293403640915185682512896685148991428572103,26.256100165645602,73.8985647492209,0,0,0,0.9999992660039271169286549028640773569745322565530754185,0.0001396171892581972601303131030741397065615336975045203934,0.0,1,ROOT_OK
cstr,cstrfold_0001317,cal,single,0.000002298786774234333353264011214778782190505803351815324505,90.60524083653712,20.206524977842864,0,0,0,0.000002298888276252712127347048185879204408402732412562545747,1.000088312104906810639867592685368989982552954360691185,3.5353264663291751733874631685148138846122081952057476e-83,1,ROOT_OK
cstr,cstrfold_0001318,test,middle_triple,0.0003816534450163184285485852107398959959715575851753077822,19.510530840278243,22.049847224526115,0,0,0,0.7715836572538907334846953400006979996895318598389030577,-4239.578859269816208202513989965222957592819813815667749,1.054219794323052322434857405127001900770996138236850755e-81,3,ROOT_OK
cstr,cstrfold_0001319,test,high_triple,0.00000001272633775050314190251220949893447939505100661959631976,28.49280081182656,77.73763820203382,0,0,0,0.8347610224001797114213587317560793907306377880025831198,6045112501.733223476826642471622007719680160295479277809,2.10843958864610464486971481025400380154199227647370151e-81,3,ROOT_OK
cstr,cstrfold_0001320,dev,low_triple,0.0192225419388707391191444417581395421468658414971840123,84.42220667710923,20.421627822394537,0,0,0,0.05271282173194733928860752582159185218506883643245723041,449.4771894061034211375490750373241166967200189903172245,6.588873714519077015217858782043761879818725863980317219e-83,3,ROOT_OK
cstr,cstrfold_0001321,dev,middle_triple,0.01778914519113309088927728959291229180742519131839599288,18.476127019592198,23.03257782886096,0,0,0,0.05478494068875263524673974680504026275108583860899911977,-64.56656037655386303032811972312987621957291807566139125,0.0,3,ROOT_OK
cstr,cstrfold_0001322,dev,single,0.005137512054495521641233026982818119818625818314049094481,26.526913582227685,75.56279004266837,0,0,0,0.9999994215947686977148915624552484452074925645025321348,0.0001125849628022680141166193709727472390588571249909411729,0.0,1,ROOT_OK
cstr,cstrfold_0001323,dev,high_triple,0.0000009685355572614447757477447780328875541066486007203905371,92.6014339684021,21.48148738991927,0,0,0,0.9270743572413897779686903113372464817600443562919953003,4282747.217747771823089926628421535190893044615468799462,1.054219794323052322434857405127001900770996138236850755e-81,3,ROOT_OK
cstr,cstrfold_0001324,dev,single,0.0003329808742416681796170458761111166639067829274205263103,20.206324615170516,21.94258660444983,0,0,0,0.0003353265807978524409083305526985507142200852075270490858,1.014161076426158465324960363408370451672702662053649568,0.0,1,ROOT_OK
cstr,cstrfold_0001325,dev,single,0.00000003243630992118776870659053449654334138683427613158337958,26.79591290902391,76.29061884228996,0,0,0,0.0000000324363891357998290579689685392982786131958605323498578,1.000004884325845273285008814936199662268591218624297953,5.042595672995282390980025101809492810732849341336010596e-83,1,ROOT_OK
cstr,cstrfold_0001326,cal,single,0.01852455378171855319053271164447001327951379659260245283,84.1895446507531,21.151467747598986,0,0,0,0.9999975410260067957945684228839693767185545583629803216,0.0001327454182257720786237531177050482530116228569348841945,0.0,1,ROOT_OK
cstr,cstrfold_0001327,cal,single,0.0176276465607854164303449362387985998891899156266129881,20.053122423595525,23.250648819847942,0,0,0,0.9987980814478873137038647844326160726259374600695781324,0.06851238129312887713105752799134144517131253003095976021,1.054219794323052322434857405127001900770996138236850755e-81,1,ROOT_OK
cstr,cstrfold_0001328,test,single,0.005232412518771533482444920350747436611138605597913298374,27.599788612470995,74.09240343021148,0,0,0,0.9999996467812796601144332150983813907901438705830646505,0.00006750600707273528591648406891420360079394139417631041955,1.054219794323052322434857405127001900770996138236850755e-81,1,ROOT_OK
cstr,cstrfold_0001329,test,single,0.000001748378820514375532031638586463868402362649604352503913,89.19922220493454,20.708055676147936,0,0,0,0.000001748439067746229592783115558927837920088113642781554216,1.000068919588858151837724803497026168097230642009100683,9.484777011531520471430248985260139400361611908079576514e-84,1,ROOT_OK
cstr,cstrfold_0001330,dev,single,0.0002803877774287804557538683994154713154893915277478305187,19.55441364235187,23.405963294765755,0,0,0,0.0002821654166348985042218433777527183926329484322413906869,1.012738055171993457275841877747503701430712670207965428,2.98558340189145677252059226061357960179286015711608124e-83,1,ROOT_OK
cstr,cstrfold_0001331,dev,low_triple,0.00000006650563542347591957017585250533143595835375486542200474,26.13853952182277,71.0359009081009,0,0,0,0.00000006650594519434097105401845468339773064173771549411425875,1.000009315659244673296722086420208296692997440573679589,3.729717142095511773255073794050116826424792217086941803e-84,3,ROOT_OK
cstr,cstrfold_0001332,dev,single,0.0187009882074654491273896246071224501611756200677286205,88.15147567896292,20.950010991215674,0,0,0,0.9999976188210123487516939084304370857723289776190783356,0.0001273328896129663262112889178848940732278795988482872451,0.0,1,ROOT_OK
cstr,cstrfold_0001333,dev,middle_triple,0.01752435725483784321584964947215601749454102886857416153,20.210272646105395,23.254117077553797,0,0,0,0.05222812317604574976942153198726908002744234641905996524,-116.330855014457509917780887008611727315988102275004619,6.588873714519077015217858782043761879818725863980317219e-83,3,ROOT_OK
cstr,cstrfold_0001334,dev,single,0.005417996625349387195592466402487515668491744310909676134,26.234660453037495,71.74084056501674,0,0,0,0.9999991616556563568692155414489832703401202741772377668,0.0001547338091853276008850284897251840565241322330927277193,1.054219794323052322434857405127001900770996138236850755e-81,1,ROOT_OK
cstr,cstrfold_0001335,dev,high_triple,0.000001156353125188070216063912809821023010360232596528691457,87.23607011322427,21.479744486033322,0,0,0,0.9263996561918263343813349620993320114003991664106967151,2036129.559595083758393954033262322018832310437734008473,1.054219794323052322434857405127001900770996138236850755e-81,3,ROOT_OK
cstr,cstrfold_0001336,cal,single,0.0003109281150191203907583446915542464429353762849741585869,19.602754102137794,22.858094652206375,0,0,0,0.0003130622422497683528554944656454597767509431145680643591,1.013795685975334919073248855326811378651529163245958805,4.838704134099947183050615043063387630491876806360545458e-83,1,ROOT_OK
cstr,cstrfold_0001337,cal,single,0.0000000355223914279946014093755152864722731530449904109741679,26.52123585270886,76.88755652429633,0,0,0,0.00000003552248718634833435715461362887321755858259268783509598,1.000005391446830010532894412228230553428071484747101317,2.812437711733019837902283145452431665354867115904020654e-83,1,ROOT_OK
cstr,cstrfold_0001338,test,single,0.01837948785371703290104237790560129621157173421671195736,89.42207564567452,21.46517823806459,0,0,0,0.9999983479282549687262113875972779328251669214273168949,0.00008988863721623581628587562515112769344895393234430175267,0.0,1,ROOT_OK
cstr,cstrfold_0001339,test,single,0.01776306613971200849470714933100307855787280550001518153,18.998363057197583,23.05160355842542,0,0,0,0.9983012849784519429580614498434023471733405184421855547,0.09623879194403486974144284377986134954546031965391150215,1.054219794323052322434857405127001900770996138236850755e-81,1,ROOT_OK
cstr,cstrfold_0001340,dev,single,0.005226809333574825564870874504790918659761776656885611223,27.576591787416575,74.17236401418975,0,0,0,0.9999996441185594548627614703613186723484326380417840157,0.00006808781059763880964719867658747289306048804542587514962,1.054219794323052322434857405127001900770996138236850755e-81,1,ROOT_OK
cstr,cstrfold_0001341,dev,single,0.000003717861929582526978775248331145371454396297931459587191,84.15067070487736,19.75185507686998,0,0,0,0.000003718121153894180239562788801564473035100804335178308736,1.000139455278701100142885210960806253023004987761982622,3.858255274480958550048836496272451872252249507997263391e-83,1,ROOT_OK
cstr,cstrfold_0001342,dev,low_triple,0.0003033042223953079370325198906129959469870930909132170693,18.995185769039562,23.683257505913076,0,0,0,0.0003054118740647712924759298473888595427527031851235225327,1.013967793512350491048316547600070499404564597645074605,2.470827642944653880706697043266410704932022198992618957e-83,3,ROOT_OK
cstr,cstrfold_0001343,dev,middle_triple,0.00000004335995458114307244741472612576035527144718988147125105,26.55770110930557,73.96354410311201,0,0,0,0.8220127291296499497374226082079983949375496221759205647,-19812517205.31674539953715212911722859119732286102065079,2.10843958864610464486971481025400380154199227647370151e-81,3,ROOT_OK
cstr,cstrfold_0001344,dev,high_triple,0.01858428912626174207735133336126986791444849689764564308,84.56109609263086,21.085743565905894,0,0,0,0.9999974814607380416055956833293797828784943362685093358,0.0001355240758095192188505847065204600437142601084351639592,1.054219794323052322434857405127001900770996138236850755e-81,3,ROOT_OK
cstr,cstrfold_0001345,dev,single,0.0189770949350483327678525829725739125609358253989789756,19.0354997851345,21.65059682558578,0,0,0,0.9978815057362068495396616296582511699903384085089836922,0.1125277108392891643696505291029822341534305555898930877,0.0,1,ROOT_OK
cstr,cstrfold_0001346,cal,single,0.005111349462877996662934682844906743108980100510368940379,27.81299094743379,75.79828898405258,0,0,0,0.9999997149757522442628987125169152006151476127201258644,0.00005576308415278586389303745379221481349344269058446602233,0.0,1,ROOT_OK
cstr,cstrfold_0001347,cal,low_triple,0.000002465369779629668228566889090889801261895046835132649038,85.07697248727031,20.3668443735899,0,0,0,0.00000246548750059297418449281033375923786939337938544153211,1.000095503027554492276405432998728042691887231189140573,1.188764080817772928282714267561118171187997659541370709e-83,3,ROOT_OK
cstr,cstrfold_0001348,test,single,0.0002299118879097981423679358182353890714110203615186347607,20.10634444035697,23.714280995273466,0,0,0,0.0002311216932001179926070781353399889152242890111819653172,1.01056418899238087003840472142094426500559281098608389,5.66231334841483180995284739081885786546921753935808511e-83,1,ROOT_OK
cstr,cstrfold_0001349,test,single,0.00000003708425055026786921101055996695652116876164800820250666,26.72041044348503,74.98555970037147,0,0,0,0.00000003708435229869823798863951550796666403460956417233045358,1.00000548743107150003860834976283568693453193353498772,1.614537218885112004777071274790449436842215423268026969e-83,1,ROOT_OK
cstr,cstrfold_0001350,dev,single,0.02018973560031628486737688923008502974105194641977618723,92.15716774219594,19.47474164860917,0,0,0,0.9999948402987165811650589362099717828109511857347261825,0.0002555768006085473050000952515431048654604457579219343681,0.0,1,ROOT_OK
cstr,cstrfold_0001351,dev,single,0.01782093131753403545060770131239278413143125336853554563,18.548687931134975,23.081466294516193,0,0,0,0.9980692532449998400029513138889512551795550732729000602,0.1090977348119622597492034054328251186758627284259389244,1.054219794323052322434857405127001900770996138236850755e-81,1,ROOT_OK
cstr,cstrfold_0001352,dev,single,0.00518222915421760229366814823137982211960837684475354139,28.283999053074947,74.72751006210892,0,0,0,0.9999997630709103072402836193339713080284762412646510864,0.00004571958181599258900546878737096509451434061216849041593,1.054219794323052322434857405127001900770996138236850755e-81,1,ROOT_OK
cstr,cstrfold_0001353,dev,single,0.000003391835686357557612384544091225169083348575574622231716,87.49917493004146,19.73548123256898,0,0,0,0.000003392051249980465635614668985180106888316018249388352536,1.000127113351863121526505787692331814997347329901158049,1.590514864558285497753090300475041396159854784670541663e-83,1,ROOT_OK
cstr,cstrfold_0001354,dev,middle_triple,0.0003760669172910257905364220140490657908103281286620961429,18.31149667228364,23.4543286576171,0,0,0,0.778976285956382779710890306052783322071135769826765641,-38741.22947592708532710545563598317552298130317377065155,0.0,3,ROOT_OK
cstr,cstrfold_0001355,dev,high_triple,0.00000004831501786336676942947509716996769209385975952517425795,26.05293782705431,75.84982237936782,0,0,0,0.8181774741246538466348807484573356503358409052796541073,228090004.162159504116761561997909140887327380432741007,3.162659382969156967304572215381005702312988414710552265e-81,3,ROOT_OK
cstr,cstrfold_0001356,cal,single,0.01943527379312757345141650219736695014980982422334011781,91.89298899689243,20.18926476734041,0,0,0,0.9999966678242596823674586147560572067243280139282353569,0.0001714570817192715598916882147066128754187994991350635144,0.0,1,ROOT_OK
cstr,cstrfold_0001357,cal,low_triple,0.0173449694129081792045092991721714195623840334181108699,18.38343821335511,23.601004467772377,0,0,0,0.04800194020998602235145327440800363633423868808063505952,61.1781541393058390002771687331804816738449265882959824,6.588873714519077015217858782043761879818725863980317219e-83,3,ROOT_OK
cstr,cstrfold_0001358,test,single,0.005390441522990975741655830616891579127354087011540853856,28.6489462747372,71.85056714832996,0,0,0,0.9999997638952607064692851620676997735009567646057494577,0.00004380068089505887865138575967915431596891473048426174413,1.054219794323052322434857405127001900770996138236850755e-81,1,ROOT_OK
cstr,cstrfold_0001359,test,middle_triple,0.000003228482692783605014519952392718303805553866066984179085,89.78665138810088,19.709155680114762,0,0,0,0.9202213627453615527807754039932002946866690894420587209,-15444544.20567343277384296767098057009991527420112196578,0.0,3,ROOT_OK
cstr,cstrfold_0001360,dev,single,0.0003472918758762979516979890755764522905642856495229002169,19.00682871541019,23.00271904894745,0,0,0,0.0003499752736562566379960073417028843438322863114573250365,1.015539659437198620207633645468343328091573884310383142,5.507886620730790942408678825614707196410966151921046425e-83,1,ROOT_OK
cstr,cstrfold_0001361,dev,single,0.00000005019306148322643446350812103537554723884243430899647046,26.54456390521051,72.14857410132171,0,0,0,0.0000000501932407318538437561033693516771194123805682104850657,1.000007142385412643844536111350938133899092629167031301,9.121708313387645091925770644704482431848193729119937223e-84,1,ROOT_OK
cstr,cstrfold_0001362,dev,single,0.01994959329656056030310086624535474895505986805689501257,87.77801437175953,19.707569240342796,0,0,0,0.9999948656715904478903971302470281824382698211863917604,0.0002573811138394167383233344592449693299909110484022480744,1.054219794323052322434857405127001900770996138236850755e-81,1,ROOT_OK
cstr,cstrfold_0001363,dev,single,0.01890402831548056436218235569344868269311571121226680971,20.053008525289293,21.66078042931368,0,0,0,0.9984006578790600516021543618897661847113691928427368183,0.08514968401048919995976178655636619536819972860533831428,1.054219794323052322434857405127001900770996138236850755e-81,1,ROOT_OK
cstr,cstrfold_0001364,dev,high_triple,0.00528937879567658617023734637454881004745963115090300854,28.6069475476542,73.20307590204973,0,0,0,0.99999977937661639325411032144654602822535833082641154,0.00004171068565342449176348599934669179376052198852316659978,0.0,3,ROOT_OK
cstr,cstrfold_0001365,dev,single,0.000001134129702801414304223365040162687568176906269920779063,91.36789729591524,21.29109834603674,0,0,0,0.000001134155803123368788932793144058001855999190001369081861,1.000046027836864087521213166293654654390174880387842277,6.355826087714645549744302314502602211278994929033015349e-83,1,ROOT_OK
cstr,cstrfold_0001366,cal,low_triple,0.0004432909447792052190011792857722305663136516182237941665,18.321270311715324,22.61487229506929,0,0,0,0.0004475979505103809333412160661053219456303298075052938533,1.019568473709068232069340534594637958535935412643780169,4.993130861783988050594783608267538299550128193797584142e-83,3,ROOT_OK
cstr,cstrfold_0001367,cal,middle_triple,0.00000001505943458750455636991093360210150562860684760611240019,28.468560277363476,75.76712745432289,0,0,0,0.8294172378844941492707324813697959182480949230238401879,-223628599.4983753560651580004891778575531700280701523552,1.054219794323052322434857405127001900770996138236850755e-81,3,ROOT_OK
cstr,cstrfold_0001368,test,high_triple,0.01943225102198305412110920393740225174883586575204209602,85.8128397370944,20.196061194291296,0,0,0,0.9999959125130055174314958250895366127597781826336360461,0.0002103560415206692146194121458628120752864325207243682568,0.0,3,ROOT_OK
cstr,cstrfold_0001369,test,single,0.01811459814560162897598346165137758604250048925884294106,20.16581886941824,22.545650646912623,0,0,0,0.9986776603544884689171221487580724444017056122355450446,0.07338980583435296029794413613598580776271057683853020545,1.054219794323052322434857405127001900770996138236850755e-81,1,ROOT_OK
cstr,cstrfold_0001370,dev,single,0.005040390819431298747445806873297089311534799148467548792,26.76733278132235,76.96916259327419,0,0,0,0.9999995298581798123741803781112759432181873044602765783,0.00009327505519249094146656816882105694899690745874608449463,1.054219794323052322434857405127001900770996138236850755e-81,1,ROOT_OK
cstr,cstrfold_0001371,dev,low_triple,0.000003069413525474410633193049184117212822304397514942053985,91.95749966668315,19.69523225285275,0,0,0,0.000003069589673880408191126634117720075746135675700855996312,1.000114781483940769258558888669616874297457072286169277,6.139266731313978864399159678142094046466837709931855631e-83,3,ROOT_OK
cstr,cstrfold_0001372,dev,single,0.000346504311497978964311905082066637583670053760128829858,19.218549451782035,22.77454316676571,0,0,0,0.0003491474895254189478825598331848190088623751874417803697,1.015340477351270371022106410453157017435450529025253692,3.706241464416980821060045564899616057398033298488928436e-83,1,ROOT_OK
cstr,cstrfold_0001373,dev,single,0.00000003945599264612916286028436712902266607352363283343512669,26.529105600863627,75.40196421695524,0,0,0,0.00000003945610847377031266475659872764791009370988452065675786,1.000005871244482976129170457750674467650114509445290574,3.049067013129732524668978288211949320603712768089242122e-83,1,ROOT_OK
cstr,cstrfold_0001374,dev,single,0.01959091364269539713392249981368535790281535151073321083,87.87269491342462,20.048365274971683,0,0,0,0.9999958452742811486603339991512149557946267750395580944,0.0002120849480906278098937445994738769512867767278935152693,0.0,1,ROOT_OK
cstr,cstrfold_0001375,dev,single,0.01799909885281995911316225147846364433389789072889767055,18.917166357091354,22.772625566954293,0,0,0,0.9981804345098013859472435618673620532717223442835385517,0.1017765576162766529818640253142191372820465642193505116,1.054219794323052322434857405127001900770996138236850755e-81,1,ROOT_OK
cstr,cstrfold_0001376,cal,single,0.00547250843870108066478003073508373674896752944047310709,27.321368202537514,70.91863996560802,0,0,0,0.9999995031843000574853267925381485144996022457356426759,0.00009078410980297388682709849959142008806622222096591210138,0.0,1,ROOT_OK
cstr,cstrfold_0001377,cal,single,0.000002029660131810276224387391653664096985888510297946790095,92.76842235950984,20.304754625208933,0,0,0,0.000002029739662770879895742007804291484950410431344349190011,1.000078371029722954720572112224032616801696924543033091,3.426343020489656748636240040467092969729952658759295819e-83,1,ROOT_OK
cstr,cstrfold_0001378,test,single,0.000268164641547007225902925532474812685723304487996341044,19.450656420498742,23.742050171842244,0,0,0,0.0002698146166269324220885085116006798384006944182587234821,1.012360483419358040574803005531152062534697664649236501,3.809192616206341399422824608369049836770200890113620892e-83,1,ROOT_OK
cstr,cstrfold_0001379,test,middle_triple,0.00000005818632936780741651577607806079947320719469299545539785,26.164694874867692,72.5980989093157,0,0,0,0.8182540409072543045475685511299409980841441481862517854,-270587299.5730109964144339611499774325152168837345903602,1.054219794323052322434857405127001900770996138236850755e-81,3,ROOT_OK
cstr,cstrfold_0001380,dev,high_triple,0.01984326927843677506345168667963194385850297912371272036,84.78259239854287,19.803758145577206,0,0,0,0.9999946257878647851388678342014364835795937899185483765,0.0002708504870438293511981134793562389021061739599818196013,1.054219794323052322434857405127001900770996138236850755e-81,3,ROOT_OK
cstr,cstrfold_0001381,dev,low_triple,0.01803576541179889479134584604008219750462448212743913105,19.58390407779057,22.60708567349843,0,0,0,0.04808587634530087956896147031798688623705702186399470942,35.66001617964148021101791753654981521339086928625109958,6.588873714519077015217858782043761879818725863980317219e-83,3,ROOT_OK
cstr,cstrfold_0001382,dev,single,0.005034832309961056813937676550007170815869537575683956717,26.63799954632871,77.06780379062451,0,0,0,0.9999994978431307045348970484136205875628088225683212908,0.00009973676746355457193588148101145251562760720091305892671,0.0,1,ROOT_OK
cstr,cstrfold_0001383,dev,middle_triple,0.000002740663344495159226708841883230415659233536662575250187,85.62599731269033,20.167642806988418,0,0,0,0.9190181247560011336007345419652810563062630336812695998,-1896993.954488407744117609481605031375759982986374186916,0.0,3,ROOT_OK
cstr,cstrfold_0001384,dev,single,0.0003027909967649197461251588344261296510705428441474080374,19.155689521378957,23.49753348794181,0,0,0,0.0003048741227302155054758293798205474076285124123762486979,1.013827985976841428985959717090084801317491638764975083,4.735752982310586604687835999593953851119709214735853001e-83,1,ROOT_OK
cstr,cstrfold_0001385,dev,single,0.00000006925197728255036345588890929652492444641124293843068276,25.992288689746246,71.4129963127791,0,0,0,0.00000006925231497416279412478228783427763841301315397314965097,1.000009752582612857437827874062370961855086470241300357,1.671335037551129477178265108647884247129387228730404601e-83,1,ROOT_OK
cstr,cstrfold_0001386,cal,single,0.01828319498875233902927233146500284434696374396821216887,88.45759957437582,21.408414751973343,0,0,0,0.9999982130316947191142654531592335648306570306861043249,0.00009774054426593070278830461426744713166971667841850709114,0.0,1,ROOT_OK
cstr,cstrfold_0001387,cal,single,0.01735367936609486414180648158317675461715181674435759674,19.602037227605567,23.52208030105826,0,0,0,0.9986836723708381719672631544482440444726132300427691224,0.07624089403632106647634417183865292651901358640987414326,1.054219794323052322434857405127001900770996138236850755e-81,1,ROOT_OK
cstr,cstrfold_0001388,test,high_triple,0.00529163800650936491073217081399387426189370617229933639,27.369123034736866,73.25799222545025,0,0,0,0.9999995801999389227153865187974552340272801670638747438,0.00007933287186181142279366964961664416199408874182358400047,1.054219794323052322434857405127001900770996138236850755e-81,3,ROOT_OK
cstr,cstrfold_0001389,test,single,0.000001389487286475090757924093927650997207146978296825830201,88.67692384837993,21.103283228336906,0,0,0,0.000001389526100991336172831205115079825102111410205342813071,1.000055869992368369363425347382434871198072820403089277,2.336106409157795311364779154351331345206724764639994063e-83,1,ROOT_OK
cstr,cstrfold_0001390,dev,single,0.0003312736266748021632014029177647631437243774925451117297,20.103614754923086,22.063916231690403,0,0,0,0.0003336088032363308243460078998757604982402082738195676175,1.014170193826374371810414301902378542267214605003322902,6.177069107361634701766742608166026762330055497481547393e-83,1,ROOT_OK
cstr,cstrfold_0001391,dev,low_triple,0.00000003806127196768295333961793596997806846940275044025715691,26.64500946003239,75.13042005640274,0,0,0,0.00000003806137935793148272890383129574318881417810744976358052,1.000005643031058905651786525967688049024721777136049647,1.617038107460073278592280384855197645105772717058714689e-83,3,ROOT_OK
cstr,cstrfold_0001392,dev,single,0.01927757309312639254196553341666146299221825416144354572,86.76753944297117,20.359731843465646,0,0,0,0.9999964247337070774656724107815825797742649213526215423,0.0001854706620860647736007462686464879938204990495486957028,1.054219794323052322434857405127001900770996138236850755e-81,1,ROOT_OK
cstr,cstrfold_0001393,dev,middle_triple,0.01899257446018038683143959084945135601727175976400862644,19.20457917882012,21.620101575448707,0,0,0,0.05604020981681381704670498143331200029685599195644527314,-232.4983945281768277025616286459062404053962513473402808,6.588873714519077015217858782043761879818725863980317219e-83,3,ROOT_OK
cstr,cstrfold_0001394,dev,single,0.005203563663930918758368352775313109388942149598671152052,28.567807444432447,74.39704621700947,0,0,0,0.999999791473307899075093386100283951520082174922005479,0.00004007386305178499903308672698984566919990223921821758477,1.054219794323052322434857405127001900770996138236850755e-81,1,ROOT_OK
cstr,cstrfold_0001395,dev,high_triple,0.000003482929182291278912219037362856243470093588458675118888,89.68972479460528,19.5944172189825,0,0,0,0.9201361759336099610428484160093908178982221404781025146,11961003.7205304240199247835052298654375178273694368888,1.054219794323052322434857405127001900770996138236850755e-81,3,ROOT_OK
cstr,cstrfold_0001396,cal,single,0.0003053512027721515933424517789599240362619648379127476486,19.166204483361334,23.44386818597532,0,0,0,0.0003074647788834054875506863700728859198089490305334627962,1.013912905141595366519321535659771030607505642969642159,2.573778794734014459069476086735844484304189790617311414e-84,1,ROOT_OK
cstr,cstrfold_0001397,cal,single,0.00000005145516823926142198632728702509462082477868192554924749,26.517592440952015,71.90681517271243,0,0,0,0.00000005145535597558091798856593319389577615182134286975138521,1.00000729710255850778718964777219394781976596309308942,7.390188575406919934842799867211979243140033234240771371e-85,1,ROOT_OK
cstr,cstrfold_0001398,test,single,0.01904660381665737416670784720981281115444326090487132838,92.30654613022134,20.578446947159645,0,0,0,0.9999974160348493965614844969144723242168621529102552706,0.0001356698744032114506405330464260192759696154893872541586,1.054219794323052322434857405127001900770996138236850755e-81,1,ROOT_OK
cstr,cstrfold_0001399,test,single,0.0187826039904824865338506572687583491787561586535181484,19.260286665101898,21.850416264566338,0,0,0,0.9980787011671505007912464688884591684588611043146618114,0.1030444806966033703629265740111419830995733653392801933,0.0,1,ROOT_OK
cstr,cstrfold_0001400,dev,low_triple,0.005392720202980145454092450861108063636113571999884872849,26.416166698973313,72.03992243046383,0,0,0,0.0150158039149157605213074730552216113154687980285899095,164.3519684063819695308928735485324690057616127326908207,0.0,3,ROOT_OK
cstr,cstrfold_0001401,dev,single,0.000002710758592014737634797566992456469287018102610194102288,90.74857596648849,19.94070276065115,0,0,0,0.000002710897782939543784724787931003411016257369464374393932,1.000102699102071294066800122602645221802086196991419036,5.284691740874950626036247696218083182537712193515951451e-83,1,ROOT_OK
cstr,cstrfold_0001402,dev,single,0.0004114741864952934922975147940667275752580269369236854162,18.979448681893636,22.225954021610924,0,0,0,0.0004151138861510634581581912893948490400221010642691668924,1.017804277915814293109513628172814448659940426166001584,6.280020259150995280129521651635460541702223089106239849e-83,1,ROOT_OK
cstr,cstrfold_0001403,dev,middle_triple,0.00000003630190916793482791971013102717768329105937083152142107,27.25599263661166,71.98067327019858,0,0,0,0.8286771928655308379019876192646799875855260496133871685,-751711448.501840897682409264568724899557025412190063949,1.054219794323052322434857405127001900770996138236850755e-81,3,ROOT_OK
cstr,cstrfold_0001404,dev,single,0.01843349465992935172953501458941395733039384340444025334,86.48479356465087,21.243362364419546,0,0,0,0.999997872754549110765845439459128420622364201633210662,0.0001154042096740186745126936492859220023495554399491434781,0.0,1,ROOT_OK
cstr,cstrfold_0001405,dev,high_triple,0.01744128910206581024985198950973189957609140120731275033,18.584062976133346,23.487730566707853,0,0,0,0.9981994971546128343921642340896094879196206335795619803,0.1039038864090277152795174542356579787180777905747507519,1.054219794323052322434857405127001900770996138236850755e-81,3,ROOT_OK
cstr,cstrfold_0001406,cal,single,0.005021014846188120533805614723036185688974406701971901243,26.603376627450373,77.28087021287038,0,0,0,0.9999994938737787621871069843099933912800086951705408012,0.0001008017858636065137464812257747566473797969719087366996,0.0,1,ROOT_OK
cstr,cstrfold_0001407,cal,low_triple,0.00000186963426732154740041642378584677678710424473919444241,88.14210441212668,20.653788663393286,0,0,0,0.000001869702971526494400212312758637569152523319737201541638,1.00007349681406769176737992966283262142107660811602872,2.948384255248816719791853739047475599480651164048565411e-83,3,ROOT_OK
cstr,cstrfold_0001408,test,single,0.0002268351904745043150407588946374600168985333324045254716,20.14248044124194,23.751269757170423,0,0,0,0.000228014645526667107963487615800195115499397327819455277,1.010438391547281485511316080885115301142734764728816295,2.599516582681354603660170847603202929147231688523484528e-83,1,ROOT_OK
cstr,cstrfold_0001409,test,single,0.0000000321346703605977701666895145727592072227871431030960344,27.420276506776954,72.52601725814996,0,0,0,0.00000003213474422126072345157640633005070937335069566471612752,1.000004596953151131978780348612427733163948320197090381,4.864498474804007557451201467223667517230325778749422565e-83,1,ROOT_OK
cstr,cstrfold_0001410,dev,single,0.01951512688655546861522295326121385139200843239400446633,85.3309649157681,20.129528221865744,0,0,0,0.9999956734189088794057936511237459299444941591546338971,0.0002217156517819596053845433450474355984622105844847376075,1.054219794323052322434857405127001900770996138236850755e-81,1,ROOT_OK
cstr,cstrfold_0001411,dev,single,0.01733112606454343329993820727544018650876097403050065676,20.21502903800769,23.508385564101623,0,0,0,0.9988963601074009839889623456853212112423458932309299734,0.06396412904057964634544648253660306579714313073017381798,0.0,1,ROOT_OK
cstr,cstrfold_0001412,dev,middle_triple,0.005009606221664027463788962999260435767365051934423837181,26.728924344889446,77.40981175816478,0,0,0,0.01462099851519229754102932459066991841406683581073869918,-108.5709952772721277661725342415713172896568133351907512,0.0,3,ROOT_OK
cstr,cstrfold_0001413,dev,single,0.000001267948389061357959873719395246072075501542969620660015,86.22718745420764,21.38540565253575,0,0,0,0.000001267981163796621221724029550594465649292298745365509168,1.000051698263155695908488172290319762260776573873805666,2.494152513271930886742014170302454295571028918970088342e-83,1,ROOT_OK
cstr,cstrfold_0001414,dev,single,0.0002749188108146127703679182482342536175598699238315562131,19.50123080580583,23.561914760926502,0,0,0,0.0002766394740468637648950274851101521212972884883757730541,1.012574316659121086674882841345033090569148761208993638,3.448863584943579375153097956226031608967614319427197294e-83,1,ROOT_OK
cstr,cstrfold_0001415,dev,high_triple,0.00000004889406397690276380416261738073406550458303131820966249,26.843184766436806,70.713046253906,0,0,0,0.8277172615871165453512783345671909283517669400992819196,935749583.5043982984387209509439806574693123308078568541,3.162659382969156967304572215381005702312988414710552265e-81,3,ROOT_OK
cstr,cstrfold_0001416,cal,low_triple,0.01923379443376717715014799028106441961947857725855116402,90.3158660672061,20.39344699074723,0,0,0,0.05280341059718005670467864791615980670732978193842769286,664.729127198757458459188389771844150998009064702814649,0.0,3,ROOT_OK
cstr,cstrfold_0001417,cal,single,0.01892936217839369818046088068183980840705814096195488664,19.83134269297204,21.647705891444012,0,0,0,0.998298272785700945294089644970225200751778270516054153,0.09050802875486946760541241867614493731809637802717789159,1.054219794323052322434857405127001900770996138236850755e-81,1,ROOT_OK
cstr,cstrfold_0001418,test,single,0.005152603123471181380782244597029966113358562679859378045,26.598071134026604,75.33598415255355,0,0,0,0.999999436710303430386304006615730530348559941049762021,0.0001093216367156245066238116394105797767851241570076409224,0.0,1,ROOT_OK
cstr,cstrfold_0001419,test,middle_triple,0.000003443901465040463466260045094883516280742425184860180486,84.88125128603758,19.83813441502138,0,0,0,0.9182581551726324692368922986880985952147752315618667522,-2334977.849301722315233133130729584047257127845133762666,1.054219794323052322434857405127001900770996138236850755e-81,3,ROOT_OK
cstr,cstrfold_0001420,dev,single,0.0004390840053657920322264292907304567785472664653102278381,18.678497235512612,22.249162806837116,0,0,0,0.0004432366636445859914786311868117145772375294120296137478,1.01904452214573684633337168035586237933897902454192688,6.022642379677593834222574042961876093271804110044508708e-83,1,ROOT_OK
cstr,cstrfold_0001421,dev,single,0.00000002806578370998988966222944936131090518930394269588247231,28.047163070047336,70.65814481231243,0,0,0,0.0000000280658385790466130916378850831238089793039882399719736,1.000003910037629432249589036902875766918097538488935061,5.108592740087790579123596164648815502672905262651571196e-83,1,ROOT_OK
cstr,cstrfold_0001422,dev,single,0.01923141656843950745108548645545500411485566148740975943,91.73794842113672,20.392260762041424,0,0,0,0.9999970462332772527919787956560161376612969050488920538,0.0001535964384329525442141035991636263016246800762265351039,1.054219794323052322434857405127001900770996138236850755e-81,1,ROOT_OK
cstr,cstrfold_0001423,dev,single,0.01892488698164406840678532171293168100499314505534234518,18.92179483344161,21.715224734731457,0,0,0,0.9978363074720792268549403088381773304499567150646447593,0.1152574491107068349205495897216241622496938170296759953,0.0,1,ROOT_OK
cstr,cstrfold_0001424,dev,single,0.005145513220616039977860404587764672433976221098039041242,27.346263536611218,75.35261838796048,0,0,0,0.9999996244873952701432411826644241991409228656129716964,0.00007297876829725233571713532388321974532667767908822550674,1.054219794323052322434857405127001900770996138236850755e-81,1,ROOT_OK
cstr,cstrfold_0001425,dev,single,0.000003063726014175818051210377730349811030315662647769026407,88.20720768544784,19.863572130961817,0,0,0,0.000003063903090739487220554922629372838086899851546598387227,1.00011560052533608371672695527659303996567669372780881,1.27080327989991963916555381782582321412519370911729751e-84,1,ROOT_OK
cstr,cstrfold_0001426,cal,high_triple,0.0004970631841373051801755017518157198903711038200371810146,18.38322274156379,21.986546152415485,0,0,0,0.7845479679999035058186188929834215492491708600746738116,31409.61100707608051931694846122424276159373278803809436,3.162659382969156967304572215381005702312988414710552265e-81,3,ROOT_OK
cstr,cstrfold_0001427,cal,single,0.00000001311192461994245846432467087860100661540056810011648951,28.620557946891765,76.57941850179532,0,0,0,0.00000001311193761376896986773414876000789388848981716235227718,1.000001981987589789319463029659865553237241153525340012,4.670846126694851735657176445790394511274445229281308279e-83,1,ROOT_OK
cstr,cstrfold_0001428,test,low_triple,0.01827372954945752765585070368981787221670992043514121125,88.93257760063918,21.407503919920227,0,0,0,0.04929040699696509756899417038862694026864285147465586963,126.8609250209568434888972757214209882755019470564206268,0.0,3,ROOT_OK
cstr,cstrfold_0001429,test,middle_triple,0.01816711629447007967202473984012244599364438326726157836,19.069256637427088,22.560123897044868,0,0,0,0.05293113905780394875048110909618868367577267771481821379,-1767.141200222637412766097809942556506164017736593451505,6.588873714519077015217858782043761879818725863980317219e-83,3,ROOT_OK
cstr,cstrfold_0001430,dev,single,0.005071228743032782547373043642067199630838587869515481756,27.002120152364103,76.54800575044948,0,0,0,0.9999995773713198302846790726320713895002756286466086849,0.00008333866458786281587234198351289041577186123832495415949,1.054219794323052322434857405127001900770996138236850755e-81,1,ROOT_OK
cstr,cstrfold_0001431,dev,single,0.000002211774016376665669268580830286344936298371174190490217,88.66507343711541,20.359283259593525,0,0,0,0.00000221186872693915120594446397561161110356640363628713727,1.00008564489460632651500156352694252889340426434958185,6.250260941836883237946530834382577339852455894652227186e-83,1,ROOT_OK
cstr,cstrfold_0001432,dev,single,0.0004453756616776388483520098745698841866710825448271841902,18.802632961811156,22.045526386964063,0,0,0,0.0004496075148747436566569743178285954982008141993821584049,1.01913419240084109954189650612219759277481775413486861,4.632801830521226026325056956124520071747541623111160544e-83,1,ROOT_OK
cstr,cstrfold_0001433,dev,single,0.00000002353356426785480535028061867775508166862166827669363589,27.393924770405146,76.66665661226259,0,0,0,0.00000002353360617432600287233601185831155961806399589459527391,1.000003561426164480619906583203721670775161988825303759,6.389324170611928340470130871676402960658452047621347593e-83,1,ROOT_OK
cstr,cstrfold_0001434,dev,single,0.01941259030169029758706227740238222323073129372458834533,89.61522561537625,20.217643682216423,0,0,0,0.999996469864723246854072919226252913208038769214874667,0.0001818557182525016540525712720232039858306136282904384412,1.054219794323052322434857405127001900770996138236850755e-81,1,ROOT_OK
cstr,cstrfold_0001435,dev,single,0.01781596769498234110946328669598863160504735296276774166,18.47845735449675,23.03140536132494,0,0,0,0.9980064664400784605731845962698861121377195411583119184,0.1126984390324694134636498497770453441275196277557567227,0.0,1,ROOT_OK
cstr,cstrfold_0001436,cal,single,0.005072627904152473742221662546723035103532361959204758222,28.520345623863278,76.2939840886859,0,0,0,0.9999998099469695906442728571031516643201060848558652177,0.00003746641817950989644560470347790125877125508579613027404,0.0,1,ROOT_OK
cstr,cstrfold_0001437,cal,single,0.000002082071797188335327659728735497233067034411990576342466,89.37276674104037,20.42120385810311,0,0,0,0.00000208215599361345599094866229147335145891080667269308539,1.000080879973085158463627428433993952490204496168960983,5.080800201979615418106837637471978002296739658540486312e-83,1,ROOT_OK
cstr,cstrfold_0001438,test,high_triple,0.0002466528792242668766704187326645574079092811540637839803,20.130637310896073,23.37185683539696,0,0,0,0.8010917294042939301509757937170189676959359501528182316,2337676.855110219512565424727928458196394752871126396971,1.054219794323052322434857405127001900770996138236850755e-81,3,ROOT_OK
cstr,cstrfold_0001439,test,low_triple,0.0000000351067701589414261934119441632513729046453724657148291,26.469502772201356,77.42772948152604,0,0,0,0.00000003510686435536465540107541829428885147484215907531882423,1.000005366293022624783130154204003338671281656852378963,2.293842648968876900105742786774707102039171101232542802e-83,3,ROOT_OK
cstr,cstrfold_0001440,dev,middle_triple,0.01905556181617672815930674512038385906266513541428248295,84.94532047362426,20.57440060578016,0,0,0,0.05477489469798391821968107926490639134465934790599724916,-72.41650548731190817483946190691993838381796140301852605,0.0,3,ROOT_OK
cstr,cstrfold_0001441,dev,high_triple,0.017936348107926254140211058646177645016037438169940228,19.527581853881138,22.801615459477947,0,0,0,0.9984848212178014630036259030654577637572852193617134107,0.08497217393330225304634819563466700282135558407188630573,0.0,3,ROOT_OK
cstr,cstrfold_0001442,dev,single,0.005167544644287448726766816379815762829031349335547512159,27.149222655909284,75.0583106400275,0,0,0,0.9999995754596844592235561473376695493179753968899552008,0.0000821552824509979823830577834213510261960839878989239402,1.054219794323052322434857405127001900770996138236850755e-81,1,ROOT_OK
cstr,cstrfold_0001443,dev,single,0.000002098763113218404485562331169119060978021266922043564221,91.13203177805916,20.325874179884817,0,0,0,0.00000209884824508964681430660095228952409782764011584076657,1.000081128201071274890812835226853812021443632190398384,2.769225121959128682055064427072347674831039202842313499e-83,1,ROOT_OK
cstr,cstrfold_0001444,dev,single,0.0003820386757968061811716572161341904528678122836025253641,18.496053602778026,23.141903539872185,0,0,0,0.0003853102991901816653994324384405502864288251732957889206,1.017233230578096619220671011290374366403045716730355737,3.140010129575497640064760825817730270851111544553119925e-83,1,ROOT_OK
cstr,cstrfold_0001445,dev,single,0.00000003794807298003893433911902234033368958346994623264095161,27.127198737664926,72.18374520762329,0,0,0,0.00000003794817548904044910603392094259415298684160869804643948,1.000005402603920755088165839036410936011996044178494994,3.798252799600794721753781742482802021225343481848326119e-83,1,ROOT_OK
cstr,cstrfold_0001446,cal,single,0.02013125324155192250791608160372262262127353772014886214,90.61007080260698,19.53457743155402,0,0,0,0.9999947877526223920174156177822484152668315599618587116,0.0002589297011362813380982214516509475901373735474792754071,0.0,1,ROOT_OK
cstr,cstrfold_0001447,cal,single,0.01865571397311624086183319092436911383425072778618019042,18.412241952150875,22.049908326642218,0,0,0,0.9976272447123162569577778951689842522915304575164388984,0.1282747142150122084046324378766748908937967040135806963,1.054219794323052322434857405127001900770996138236850755e-81,1,ROOT_OK
cstr,cstrfold_0001448,test,low_triple,0.005499483168221003770473446952837533873494292830552761479,26.121355829805417,70.42845705868797,0,0,0,0.01425297840179358081977032170661454828120648071548751204,31.01410921308081062847616855785588702218504376565452598,0.0,3,ROOT_OK
cstr,cstrfold_0001449,test,single,0.000001181456405640052309836121311385901441732278782695381709,91.72008209594021,21.208318128028488,0,0,0,0.00000118148461420476207002905484577641638136781268923954157,1.000047753036435577825657744690833828333795018505453779,3.064606453948524560209209768589141076975012234281128379e-83,1,ROOT_OK
cstr,cstrfold_0001450,dev,middle_triple,0.0002875453241435394012840812463728816654291898757180595056,19.274064325625282,23.622805996335703,0,0,0,0.7789071539598405705447521617070294137268246409566581637,-9247.137176898410119468362785284137430157001782928492855,0.0,3,ROOT_OK
cstr,cstrfold_0001451,dev,high_triple,0.00000002521267501982749291018923189819354248334914378203066308,27.930984069242506,72.57511258083649,0,0,0,0.8423274060587983275538891947791078357846954383315967084,101277682.6118386756683090348938388368547576301051214506,0.0,3,ROOT_OK
cstr,cstrfold_0001452,dev,low_triple,0.02008735922913094376480613586383322402890520049401309784,86.99492606343838,19.558195460836284,0,0,0,0.05268256971385564222791858819131399609613425814171009194,53.28769356821863808462221985477765422651091841757701886,6.588873714519077015217858782043761879818725863980317219e-83,3,ROOT_OK
cstr,cstrfold_0001453,dev,middle_triple,0.01768512915137087151317200503675576868585998981387535094,18.65720705032823,23.17419703805734,0,0,0,0.05179827792182241144133041166578496406172423976041987886,-583.8496849693869616473196903209626037460453596402731589,0.0,3,ROOT_OK
cstr,cstrfold_0001454,dev,single,0.004985664093205297405243483882177378047076443249872478658,27.49323676785661,77.71710386332845,0,0,0,0.9999996964138014401068013777978565097704823151014166196,0.00006089190724459513276575700567686335717490367498637574811,0.0,1,ROOT_OK
cstr,cstrfold_0001455,dev,single,0.000003594003714853202693585773556669032789472696938613686425,90.39604022846778,19.514646806734937,0,0,0,0.000003594242889658259857581219239752121071284091497447276443,1.000133103164355450588535420642636870221515147419183892,4.973827520823482942151762537617019465917846770367954307e-83,1,ROOT_OK
cstr,cstrfold_0001456,cal,single,0.0003527607914389426611434525811576394333151304426760633671,20.188074787215402,21.697089567419862,0,0,0,0.0003553638424881459093056643887371080774597914134559246609,1.014837105085342760067306656751224011223729071925072872,5.044606437678668339776173130002255189236211989609930371e-83,1,ROOT_OK
cstr,cstrfold_0001457,cal,single,0.00000004369577665698422395535599929692825718573591237903145487,26.89662571644168,71.78781446351631,0,0,0,0.00000004369591181424874015903567304090159393446088519735297003,1.000006186299015101610269626193489395677419206352324609,6.07684505517411631645873932793302695880307349757835863e-83,1,ROOT_OK
cstr,cstrfold_0001458,test,single,0.01837533503737779191287890281761056897159401338818650714,84.46548434898169,21.313864809126017,0,0,0,0.9999977899226444442334984153289006868963411452589882375,0.0001202774723764373024969915792892977329953196640493569709,0.0,1,ROOT_OK
cstr,cstrfold_0001459,test,single,0.01739596745419421876887391664271020408147609574817974857,19.948649110389542,23.443265587801175,0,0,0,0.9987950686232040751759805266558092983618019771498750785,0.06959707218629576580952772361247271013455239467550791143,0.0,1,ROOT_OK
cstr,cstrfold_0001460,dev,high_triple,0.005244899931015239056951573402582373921514003258071535222,26.77137243192207,74.00941340617459,0,0,0,0.9999994477875801913687061683515621928594662946102169536,0.0001052858423722176320434473044447935802186089297053329424,1.054219794323052322434857405127001900770996138236850755e-81,3,ROOT_OK
cstr,cstrfold_0001461,dev,single,0.000002168906454428317830079923390912761241060084537230240754,90.43707100785015,20.30609546289526,0,0,0,0.000002168997278950936154498446762888874988407062718855034655,1.000083754049595387913538459188150696192455066000452426,2.079934988494425434735520362593404323878323374542614786e-83,1,ROOT_OK
cstr,cstrfold_0001462,dev,low_triple,0.0003388874223097605849192642224008071518469052601811901463,18.71368764514687,23.475132191188386,0,0,0,0.0003414972648375662748926120057627072951859879100650884595,1.015488190211771985497158921899867999899585364731395475,6.177069107361634701766742608166026762330055497481547393e-83,3,ROOT_OK
cstr,cstrfold_0001463,dev,single,0.00000004448598929485413144445989825742409110627833169009230179,26.67256597079586,72.9106050253618,0,0,0,0.00000004448613160684001894998091744656475091443712827309565928,1.000006398073676397957389183385866917078316419169238592,4.841795684800653079324692636409759787440796878081697111e-84,1,ROOT_OK
cstr,cstrfold_0001464,dev,middle_triple,0.01968228508148413972600846091708655356309985573183455565,88.9996609480962,19.951120906252402,0,0,0,0.05569937197765220707974363423298759064593027948401215933,-113.0140358742161659065131946460918265000303214406826952,0.0,3,ROOT_OK
cstr,cstrfold_0001465,dev,single,0.01772646188603060771630137626718480350772848298662932669,18.50456732946936,23.135448810515005,0,0,0,0.9980532599346040574040702030300581219495789384498049279,0.110591202993436696973699450087890221500192411488570906,0.0,1,ROOT_OK
cstr,cstrfold_0001466,cal,single,0.005179510395154897379320546991999365867712913121325516602,26.257040296033647,74.99246217168559,0,0,0,0.9999993087420108463594822307009544382343444480268124192,0.0001334604757036652391326843916013526819175412029416712405,0.0,1,ROOT_OK
cstr,cstrfold_0001467,cal,high_triple,0.000001798628651377452721493552932412157981605176208222037629,90.65388504836055,20.592208016431,0,0,0,0.923593518409879332303434666485467169155108117627744816,5497921.607593808811704766659394162416324541629440924077,0.0,3,ROOT_OK
cstr,cstrfold_0001468,test,single,0.0004431501568585792147696054330813493511613481120829442911,18.98630166665293,21.87343020095558,0,0,0,0.0004473048324131159507893066702326208125693876378838226441,1.018877897076868914653612301076027493781646590853454192,5.713788924309512099134236912553574755155301335170431338e-83,1,ROOT_OK
cstr,cstrfold_0001469,test,single,0.00000001378502859514842469942178685375635898900909029613658919,28.642077323118684,75.8288551716876,0,0,0,0.00000001378504281467376115786129690513704039668539126569153152,1.000002063040489979164062580270931644470653164151250667,4.852446453982963026854289223243298011075795905657615917e-83,1,ROOT_OK
cstr,cstrfold_0001470,dev,single,0.02000229680804819223260349502161876994445951277045625895,92.29343755321639,19.646627807860813,0,0,0,0.9999953862900239823333534808872532626446085438264083655,0.0002306721591888057234991546292734839063458224405694476725,1.054219794323052322434857405127001900770996138236850755e-81,1,ROOT_OK
cstr,cstrfold_0001471,dev,single,0.01848711225033175339535199878266055414435791451379570258,19.20665967215539,22.180378160262684,0,0,0,0.9981557619529031556537575601284475583568153957121749305,0.1004591920429012046676121705258915443670709780906071282,0.0,1,ROOT_OK
cstr,cstrfold_0001472,dev,low_triple,0.005092419263856363084221780813180075148037902243817182238,28.507957603361998,75.58176348696088,0,0,0,0.01293906322871298285505961289814177961622596146246509959,25.67879102743359257026317764590824195580243891992250158,1.647218428629769253804464695510940469954681465995079305e-83,3,ROOT_OK
cstr,cstrfold_0001473,dev,single,0.000002941149647215222409907192740041231039935993813201194973,85.21010774163275,20.075070299665118,0,0,0,0.000002941314667218364942106295949342986667859856633120343408,1.000112219302470900517253806712917860033681598816945351,5.878269475410482710659145618721537316730365963977068896e-83,1,ROOT_OK
cstr,cstrfold_0001474,dev,middle_triple,0.000227670341049342427452993303105727066101400501123022927,20.054756455613315,23.832320508241878,0,0,0,0.8002699654068503121736508570168871862837931269556323374,-932431.5741985296946821925994777977919850896053948822245,0.0,3,ROOT_OK
cstr,cstrfold_0001475,dev,high_triple,0.0000000175162281692576620142913038858792306717208833447751433,28.50377072677015,73.70886575765773,0,0,0,0.838154977577419119793786310378974369949434907664913057,2297964794.717298615609475438115165129065237995130320919,1.054219794323052322434857405127001900770996138236850755e-81,3,ROOT_OK
cstr,cstrfold_0001476,cal,low_triple,0.0200595159303367021959808654840318167212371339239164638,88.10865383370226,19.603967386712043,0,0,0,0.05486954253919502659978288006180946496093622402897655995,334.185267227670118261441768646805105281569189290732385,6.588873714519077015217858782043761879818725863980317219e-83,3,ROOT_OK
cstr,cstrfold_0001477,cal,middle_triple,0.01711814998574316060162562629924423635258956666733658902,19.884053194749782,23.609699687909103,0,0,0,0.05753089092303837753654538711442596151045875861996307361,-26.03394217548075403643444065621513732904261687127007043,6.588873714519077015217858782043761879818725863980317219e-83,3,ROOT_OK
cstr,cstrfold_0001478,test,single,0.005303033819213496463243735103586161705011610191187708834,27.624223176485508,73.12011692826924,0,0,0,0.9999996301428572513278198851281732416695351522482471285,0.00006974455955014672179424188926619071516781512318623552575,0.0,1,ROOT_OK
cstr,cstrfold_0001479,test,high_triple,0.000003290645312241008132953338740239711757364387205501293909,90.84697494139513,19.63302299853945,0,0,0,0.9209222145702632828231817952139945854178652313213622154,4033864.575242936647839304216908739981869148807987134753,1.054219794323052322434857405127001900770996138236850755e-81,3,ROOT_OK
cstr,cstrfold_0001480,dev,single,0.0003286555609375505259430807293488608035237157505995035588,19.91496457986389,22.284175793793004,0,0,0,0.0003309780585971412967312761468722284856201397742043860641,1.014205681334454953891258409970194618759453904246588886,3.242961281364858218427539869287164050223279136177812381e-83,1,ROOT_OK
cstr,cstrfold_0001481,dev,single,0.00000001897780259575155905926054617074031385200461509319612962,28.352555536976418,73.59691863145815,0,0,0,0.00000001897782874209208034314557520610702888650355188840772559,1.000002755468316396650043302558028182083818702771859791,3.599341045116657527639832034807834918996605005488740422e-83,1,ROOT_OK
cstr,cstrfold_0001482,dev,single,0.02020455395515231841445740153712342988941896889826963429,84.52338684024154,19.506332685316753,0,0,0,0.99999352024938141440289816006216104594804434083412306,0.0003207321158294943837627651803032451257811759506428377762,1.054219794323052322434857405127001900770996138236850755e-81,1,ROOT_OK
cstr,cstrfold_0001483,dev,single,0.01820255806964030101451408752535267646733489784656579988,18.75770177744548,22.541997253495886,0,0,0,0.9980202976245166890110834115401271851054166030068046845,0.1095529537182967769491353152333436986549462123299102247,1.054219794323052322434857405127001900770996138236850755e-81,1,ROOT_OK
cstr,cstrfold_0001484,dev,single,0.005319017907979792217000674352353316903947903144650837806,27.336197757134837,72.9318663459498,0,0,0,0.9999995646128356236711884502240541081749380076132284711,0.0000818549608100639099107734055085575553510710360637465282,1.054219794323052322434857405127001900770996138236850755e-81,1,ROOT_OK
cstr,cstrfold_0001485,dev,single,0.000001255085850746052435670181234243997561663719036317235455,89.94003267408314,21.201374289013707,0,0,0,0.000001255117673968270856447073362870031409148689651277634863,1.000050711785079701450003010318564013566293009011648453,2.871371967875134880899384259264676502801861735157438046e-84,1,ROOT_OK
cstr,cstrfold_0001486,cal,low_triple,0.0002749748610657360072328750173623483342293729756974772537,20.146689752014993,22.855036106888733,0,0,0,0.0002766418404257491145596296203827151139829094850734331523,1.012177849794223891610278412482362219795059311088708393,1.853120732208490410530022782449808028699016649244464218e-83,3,ROOT_OK
cstr,cstrfold_0001487,cal,middle_triple,0.00000004124388505282749955934628872560353205585146682687190095,26.13259257546038,77.57604671746333,0,0,0,0.8015211604224773767332097372331337660935444999026987223,-47821858.61525956537450189617623982666459430871198379871,3.162659382969156967304572215381005702312988414710552265e-81,3,ROOT_OK
cstr,cstrfold_0001488,test,high_triple,0.01821755647088159610140783711080621456952431570048930352,85.12964278759667,21.48663038165087,0,0,0,0.9999980564310572259910120767468306174550194969050754748,0.0001066892212662707500354670139098375234001934417066962249,1.054219794323052322434857405127001900770996138236850755e-81,3,ROOT_OK
cstr,cstrfold_0001489,test,single,0.01826073974327758505502486739935898617501249955384489044,19.887570830791113,22.39308147873077,0,0,0,0.9985325589448036829570726370737665183564038284064157766,0.08083022837576416792323079015514602330647170108302625636,1.054219794323052322434857405127001900770996138236850755e-81,1,ROOT_OK
cstr,cstrfold_0001490,dev,single,0.005271048140251708449032728604281675922387073097868483642,27.78194944464049,73.53850984977215,0,0,0,0.9999996681704472639417023786111604731421809625492661034,0.00006295333349248887014296325934100951623905002813270127609,1.054219794323052322434857405127001900770996138236850755e-81,1,ROOT_OK
cstr,cstrfold_0001491,dev,single,0.000003085574122394090803790526533975039700361935588094450446,90.0881094429526,19.766854390874116,0,0,0,0.00000308575281263366728904524088101497259673269930135157646,1.000115827993645115906522434504405726256415751630639601,4.588967160423412342569029941522300220374235890739709459e-83,1,ROOT_OK
cstr,cstrfold_0001492,dev,single,0.0003808396071379817290951483828320623852403305218911386074,19.433456699579313,22.105340511563554,0,0,0,0.0003839366801771587907929594127388377337578054086937736262,1.016360228074960473502939468713766957696823080548380602,1.18393824557764665117195899989848846277992730368396325e-83,1,ROOT_OK
cstr,cstrfold_0001493,dev,single,0.00000004510831402966817277947774717402567484398056840968313772,26.615008088888906,73.06281755270263,0,0,0,0.00000004510846066090293879658825358029348409400168822896144235,1.000006501310730760764768125331188720275514154212649758,1.151439261382421253754216494232966520219328500956734894e-83,1,ROOT_OK
cstr,cstrfold_0001494,dev,single,0.01830374230964354694101251875830151777694483174598053106,88.35884343796205,21.380642075989254,0,0,0,0.999998175782192216653902908460206963970908013066998473,0.00009966599050904509156517926136272409003535183312245890969,1.054219794323052322434857405127001900770996138236850755e-81,1,ROOT_OK
cstr,cstrfold_0001495,dev,single,0.01880602829644540632683959911130791829666604861587926376,19.01311734628135,21.83851971476786,0,0,0,0.9979352937955877280130837137900757706532581828090502601,0.1106437410399363488017762634546361678114404898582872278,1.054219794323052322434857405127001900770996138236850755e-81,1,ROOT_OK
cstr,cstrfold_0001496,cal,single,0.005294771400824563041623079488514768223984961905055680497,26.88465543386002,73.31032541222869,0,0,0,0.9999994589943746233750529868529320588777677765194975305,0.0001021775703965508576507326874422086402632116185281509674,1.054219794323052322434857405127001900770996138236850755e-81,1,ROOT_OK
cstr,cstrfold_0001497,cal,single,0.000001152906450769017771813390683312479568686637373261796756,87.03165979513248,21.495307293424442,0,0,0,0.000001152933693950534993973125122014966661960211013159503429,1.000047260833472224385740513275176901687749285079669568,5.284289587938273436277018090579530706837039663861167496e-83,1,ROOT_OK
cstr,cstrfold_0001498,test,low_triple,0.000388305472926492901816600215942316178848248646024373816,19.15711717317886,22.318040665982288,0,0,0,0.0003915587371009922220942552961066925367501863052310500927,1.016857829711230975248000729289803482403622858216283086,5.816740076098872677497015956023008534527468926795123795e-83,3,ROOT_OK
cstr,cstrfold_0001499,test,middle_triple,0.00000002879939652104263600618990451738057016034940486804031974,27.07763846791774,76.03707218002677,0,0,0,0.8226622479779564748721363165258234714717629137293565413,-408043385.6183516200330822421074637675287197897221174145,1.054219794323052322434857405127001900770996138236850755e-81,3,ROOT_OK
cstr,cstrfold_0001500,dev,high_triple,0.0198868402631153251858236193975541437975742130738781554,87.90271194582779,19.765777429922263,0,0,0,0.9999950662913458245849072556438232239945592562399894102,0.0002481040204345288046870121979397652294599076797683762219,0.0,3,ROOT_OK
cstr,cstrfold_0001501,dev,low_triple,0.01731599685040335810509803532318458931265315320452040958,19.769959397428646,23.557169888472256,0,0,0,0.04960197488230290299173248959428640881887836274159452212,273.1934978476818975347878124579891718345892769964737623,0.0,3,ROOT_OK
cstr,cstrfold_0001502,dev,single,0.005120017570200771950332768896709959573626534681785375279,28.101262542073158,76.08747794722068,0,0,0,0.9999997611268059577059411794542863699626219753700035173,0.00004665481114869329596859456373520016644587470777746443344,0.0,1,ROOT_OK
cstr,cstrfold_0001503,dev,middle_triple,0.000001739998176275785355534919624339903052557660082795619932,84.10938093719567,20.987831688068734,0,0,0,0.9212232480205994078733802737112385900102007931451170174,-5996940.784896813266215186192986211307896222622441585771,1.054219794323052322434857405127001900770996138236850755e-81,3,ROOT_OK
cstr,cstrfold_0001504,dev,single,0.0003431358288691627164434096682854531130701859018935382617,18.616200561211624,23.533836172348582,0,0,0,0.0003458189536685835716343982399458417966805375395900556113,1.015727264674142312036156150733306374682838651502585952,3.603290312627620242697266521430182278025865706864235979e-83,1,ROOT_OK
cstr,cstrfold_0001505,dev,single,0.00000002658426947495519161334829489802852915925031750768435672,27.00885212399409,77.57319053387111,0,0,0,0.00000002658432359118053907822989005051501075183866067060505204,1.000004071302837346418859378608688867086264839975004161,2.419037885068194537025909392126574693604787989387472764e-83,1,ROOT_OK
cstr,cstrfold_0001506,cal,single,0.01840134690026377893198709671263886633111111328159741301,91.8801022281583,21.26319350678497,0,0,0,0.999998277639833032283760206641549676909848622910820662,0.00009360177858934950569421337718996925852416517215261821116,0.0,1,ROOT_OK
cstr,cstrfold_0001507,cal,single,0.01776371444521355925547621253227911916039581066758831679,19.726172886049174,22.9976997503695,0,0,0,0.9986153872022856333971010739293560438439483329101434099,0.07837025722645743131795438920897789572835811325326909519,0.0,1,ROOT_OK
cstr,cstrfold_0001508,test,high_triple,0.005162136878011353883856357774175327445548285430702748672,26.465511238443167,75.21068442141086,0,0,0,0.9999993903253524647132570477530753655389339394147408579,0.0001181053862620656281915594182857570452396192896706353833,1.054219794323052322434857405127001900770996138236850755e-81,3,ROOT_OK
cstr,cstrfold_0001509,test,single,0.000001163360990217727536953078264301026004841857307491476606,88.38825604718802,21.405498945434534,0,0,0,0.000001163388608173926318529073368625333213024064352625699995,1.000047480435902295902282148419680997893959098575185063,5.851325228653110996790762040938521444785306477106543917e-85,1,ROOT_OK
cstr,cstrfold_0001510,dev,low_triple,0.0004965587707852409865852012859943624228885383556181630426,18.735843143869463,21.61354604068013,0,0,0,0.0005017177092010057334186336204333935485154807625511194104,1.020935014916759382371540165059878787999555958101933721,6.485922562729716436855079738574328100446558272355624762e-83,3,ROOT_OK
cstr,cstrfold_0001511,dev,middle_triple,0.00000002378212006281380537625543436797247697936481447607727516,28.420344462523957,70.59590852018923,0,0,0,0.8392320789515462449703463050563891452020508602545663672,-5467478353.584394032202427764197759261410948717007623107,2.10843958864610464486971481025400380154199227647370151e-81,3,ROOT_OK
cstr,cstrfold_0001512,dev,high_triple,0.02002287417678570180315936719410485764554997404925208984,87.45159323092331,19.64029104739567,0,0,0,0.9999945906542310581908879537756007487009083602534757931,0.0002701759854320999214364312660902417971849996685655919027,1.054219794323052322434857405127001900770996138236850755e-81,3,ROOT_OK
cstr,cstrfold_0001513,dev,low_triple,0.01860265298250166726058128682448920264929821565679989382,18.458052458513258,22.086369949491864,0,0,0,0.05183184933506972908795093852753165451369366438540374607,70.19977919880446710492504707775390067233026762679109073,0.0,3,ROOT_OK
cstr,cstrfold_0001514,dev,single,0.005026646542977811765397625477107523588117897083064279672,27.34645681986751,77.54102762696238,0,0,0,0.9999996698223365254870332793100090110815565242033855465,0.00006568556715822449090078640111602267362916465720632684134,1.054219794323052322434857405127001900770996138236850755e-81,1,ROOT_OK
cstr,cstrfold_0001515,dev,single,0.000002202336492494884762448384887212269682303334438623375655,84.34117507447237,20.589479079933724,0,0,0,0.000002202431513161722944939046686393551456526943614016387793,1.000086293545505991302101505065403059101302423540198867,3.11668525924822063402944369878168668021210482457565054e-83,1,ROOT_OK
cstr,cstrfold_0001516,cal,single,0.0003483105172812518866888565355245900150971161489130819604,19.589194173664584,22.352633026685435,0,0,0,0.0003509291788726550710467558281246817206319511085104113639,1.015118229680132875065293723971780308450840289067234257,4.632801830521226026325056956124520071747541623111160544e-83,1,ROOT_OK
cstr,cstrfold_0001517,cal,single,0.00000001812974741465176987015754014552819911647612426178955152,28.67861632002858,72.33593338777195,0,0,0,0.00000001812977086194298643742826333971412083257074633979386718,1.000002586612254277066296192686569823595392574206781764,3.321553904106888701451981939977712328757055146446723569e-83,1,ROOT_OK
cstr,cstrfold_0001518,test,single,0.01883970532256845077776994971919501510966951798932942719,87.5454089293982,20.805530764373717,0,0,0,0.9999973438527224784828846771034594370715794977470411538,0.0001409913799721998737287645621893595159288707773497507085,0.0,1,ROOT_OK
cstr,cstrfold_0001519,test,single,0.0179367732945260374123706380398667860923280917242502022,20.18867821125441,22.755940316601688,0,0,0,0.9987338559464029928883173818675223527667267238722685016,0.07095173841527303742780500945924832285366883823755136381,0.0,1,ROOT_OK
cstr,cstrfold_0001520,dev,middle_triple,0.005464723990737434463052302065075757633093861901763959658,28.601299835877622,70.88637378031959,0,0,0,0.01562586330754955702679514588738264320994233075454127741,-266.4580248228065295234632061107283165095046462920653183,3.294436857259538507608929391021880939909362931990158609e-83,3,ROOT_OK
cstr,cstrfold_0001521,dev,single,0.000003148998814599488994044478882214049026905313904867767516,90.90111084504477,19.699398506528052,0,0,0,0.000003149184257684933986047086476558033134288763942750798529,1.000117784230889074219432357959906782367843594267955728,1.497617536185854663371051397969419509304500434415448079e-83,1,ROOT_OK
cstr,cstrfold_0001522,dev,single,0.0002331078827125094309758198713710531736550823024300074969,20.101441165609838,23.668259327485295,0,0,0,0.0002343491487747192738262347600723918580326857343424938544,1.010690788523282114356477635813875011553544426552265053,5.044606437678668339776173130002255189236211989609930371e-83,1,ROOT_OK
cstr,cstrfold_0001523,dev,high_triple,0.00000002916795945426103590895568978927697411145772329385017651,26.946531972955164,76.75404405438532,0,0,0,0.8322986761227826753123880670919790919941990868051705988,83836709.51541800255582285059755545584257401541000615555,0.0,3,ROOT_OK
cstr,cstrfold_0001524,dev,low_triple,0.01864716097279123345340479118509493841739962500758378052,89.84283778950525,20.818154856664254,0,0,0,0.04504771231782927064976884282603208796674549362100921376,18.7797150965228890451700427760692240186484474985956407,6.588873714519077015217858782043761879818725863980317219e-83,3,ROOT_OK
cstr,cstrfold_0001525,dev,middle_triple,0.01852768996518729155529765518852113830355728402745308463,19.022636557690145,22.147606397983548,0,0,0,0.05408705384466610379806270334350753523052419617833248521,-975.6690562428545144203514742620118850660882924648411068,1.317774742903815403043571756408752375963745172796063444e-82,3,ROOT_OK
cstr,cstrfold_0001526,cal,single,0.005452663863819188011899279395075332885861444167206941238,26.551562010686034,71.2560799817133,0,0,0,0.999999271319874595243725170386975113774728563714215561,0.0001336378696504619029446427562835590147326392553424774674,1.054219794323052322434857405127001900770996138236850755e-81,1,ROOT_OK
cstr,cstrfold_0001527,cal,high_triple,0.00000323422597893995819672459567133197126419060628818546683,92.76887495421086,19.5792222172772,0,0,0,0.921402651056154852850620124280796257697836709124964907,3620335.876379120100519104415838780632199147777570956146,2.10843958864610464486971481025400380154199227647370151e-81,3,ROOT_OK
cstr,cstrfold_0001528,test,single,0.0003360226118966606014434831771314282617901190915105294388,20.11708030200295,21.988357215948714,0,0,0,0.0003384168637590940140793713998304136650250992188122914385,1.014324128797887551535210720637240328098874174586969213,6.280020259150995280129521651635460541702223089106239849e-83,1,ROOT_OK
cstr,cstrfold_0001529,test,single,0.0000000321976621901928471026245876970985529350709412735662049,26.835590080866567,76.12693499028651,0,0,0,0.00000003219774007376916626740805940039166236411889541837190293,1.000004837849005454243957486901624086986086983639331888,4.352325291747428493622358873586577800259744222002775993e-83,1,ROOT_OK
cstr,cstrfold_0001530,dev,single,0.01856557665779774230589704623143356282090545520821742598,91.66442890933973,21.08533757176715,0,0,0,0.9999980655678513068228780236857099218203419148871293409,0.0001041971706022685475828577570027127522666177609174468825,1.054219794323052322434857405127001900770996138236850755e-81,1,ROOT_OK
cstr,cstrfold_0001531,dev,single,0.01864643519359920118987732898510013041503028601921317694,19.067199153395638,22.01104633433534,0,0,0,0.9980252644184636972846821508962567730696121211795397844,0.1066943701067478659049206053074382335178374091567316397,1.054219794323052322434857405127001900770996138236850755e-81,1,ROOT_OK
cstr,cstrfold_0001532,dev,single,0.00546710272198988062062749694137605989461308108406232928,26.554441183785894,71.06919651861804,0,0,0,0.9999992642701094289805310198717556680299606608141267531,0.0001345744232380261034176780313904462770822116089116252794,1.054219794323052322434857405127001900770996138236850755e-81,1,ROOT_OK
cstr,cstrfold_0001533,dev,single,0.000001628996799085630938237016151144076250265565112197976819,89.57489492740366,20.802342849825266,0,0,0,0.000001629049349707742720065592322442386068798827835536239468,1.000064520546734619728693930396361605383587524868959193,2.39401643203931063669384236630288784610356903492888357e-83,1,ROOT_OK
cstr,cstrfold_0001534,dev,single,0.0002395332143578064443810262034945230057443474595338911227,19.88290747848883,23.785270597782596,0,0,0,0.0002408509468155892295695069490656735552690161500053379727,1.011046331342509814967039342328429028877031849979739,5.688051136362171954543542151686216310312259437264258224e-83,1,ROOT_OK
cstr,cstrfold_0001535,dev,single,0.00000006335889237810911469778484792144644374582196745026163036,26.138746986417928,71.65444450902521,0,0,0,0.00000006335917601157945043779009871990236297350732903455274286,1.000008953262499916855057835215343772699929629323522904,5.948570835653363945444471054410991975154182554253989013e-83,1,ROOT_OK
cstr,cstrfold_0001536,cal,low_triple,0.01839007427532376420407490088189659462986676433995977097,89.95852131378093,21.279737407101134,0,0,0,0.05019311507064764754605923840920603757571436819193502093,282.3061798067506309914552984606542751500208148615545753,0.0,3,ROOT_OK
cstr,cstrfold_0001537,cal,middle_triple,0.01879823783397351132379010117614835740996952324714899842,20.149981485809167,21.769787175674075,0,0,0,0.05453764854771695933132573105697030995841731417968032312,-2549.181711655783534110099241280172458200014124248483006,6.588873714519077015217858782043761879818725863980317219e-83,3,ROOT_OK
cstr,cstrfold_0001538,test,single,0.005218579288547083144418619480510949562968581324556411517,27.856623505389916,74.25918534511837,0,0,0,0.9999996946967862968121548498347728508478498900182856179,0.00005850320915021818248657390591761181729207310507465094198,0.0,1,ROOT_OK
cstr,cstrfold_0001539,test,high_triple,0.000001391993100400615043796861813451323486856795706903965379,92.71657167470686,20.900169179366337,0,0,0,0.9246611897153611802849132951721818614546773626147704014,16783463.68697453981264462633635587955971003742548488664,0.0,3,ROOT_OK
cstr,cstrfold_0001540,dev,single,0.0003666780828264403684849241114304451589080887099947067984,18.999191716571787,22.75069008951072,0,0,0,0.0003696366022306828409342001716513544319948891074751973253,1.016231085581880114941669796742049644433309690833220018,5.147557589468028918138952173471688968608379581234622827e-84,1,ROOT_OK
cstr,cstrfold_0001541,dev,single,0.00000001412503907534668067352841001159726872998894624830892519,28.292846393486112,77.63913496058073,0,0,0,0.00000001412505436616041955031300601992796551457071270724564493,1.000002165066697657375611817687699949756217028044229169,5.983514155666830386867531006848340684082931576289201095e-83,1,ROOT_OK
cstr,cstrfold_0001542,dev,single,0.01818574759901581796629453762279660593840900432350705315,89.28693224525203,21.50991288940483,0,0,0,0.9999983699117461830749299579882004093009772981817170335,0.00008963737708739057514546886379300946242174736963634752188,1.054219794323052322434857405127001900770996138236850755e-81,1,ROOT_OK
cstr,cstrfold_0001543,dev,single,0.01795767848046865415319805156722966061975159262031344899,19.100127165228812,22.80714055088218,0,0,0,0.9982855914511568295950553684980272227007024796367966665,0.09608627239867649166616219279009873802401502773460805943,2.10843958864610464486971481025400380154199227647370151e-81,1,ROOT_OK
cstr,cstrfold_0001544,dev,single,0.005167355074394910984599748278491357335522581098797517199,27.733243264602837,74.99708954706877,0,0,0,0.9999996882104223596170480048454597340231013664487425147,0.00006033841438770622624576130617571638591289223751432551391,1.054219794323052322434857405127001900770996138236850755e-81,1,ROOT_OK
cstr,cstrfold_0001545,dev,single,0.000001488961840904201148585811498115944357094731811321796022,92.60641604189662,20.783435049031,0,0,0,0.000001489005702846397675337276879231287063536880969057025159,1.000058917430317377327743015859253229470707818374897727,6.305154817693319640081372004044990272994256192530237031e-83,1,ROOT_OK
cstr,cstrfold_0001546,cal,low_triple,0.0005184041297129170391458752854707424365457065063468997,18.319294136084512,21.8568577621899,0,0,0,0.0005240980864343860399619744522564212416159387068363334568,1.022141787014005396463142681967306480700020838772770201,5.559362196625471231590068347349424086097049947733392653e-83,3,ROOT_OK
cstr,cstrfold_0001547,cal,middle_triple,0.00000002703305302233583291922267929867118937450529083315967383,27.098721252477755,76.75035046740422,0,0,0,0.8205449829007300794893637064070062077725429206607635096,-238201932.4958042781037027672117459971595640088051845919,3.162659382969156967304572215381005702312988414710552265e-81,3,ROOT_OK
cstr,cstrfold_0001548,test,high_triple,0.01958191756903257887162414060217372101038453552469841126,86.30089075971689,20.06143045263606,0,0,0,0.9999956457601542324299695047868229228179599201297471932,0.0002223720576803171252545969575868102805184086406343668947,0.0,3,ROOT_OK
cstr,cstrfold_0001549,test,low_triple,0.01790650452317197710642575089311126782894519863452815974,20.137648209420743,22.794813136857158,0,0,0,0.05133818861505450654565400230981107572736340142150845665,322.7342305427772353029999024974536812168118937729110282,0.0,3,ROOT_OK
cstr,cstrfold_0001550,dev,single,0.00505820708148855722357303077704175105716618994218011368,27.24797868845681,77.37957937293139,0,0,0,0.9999996499146390122717479541464357893772541287768473823,0.00006921145694431920014511936010293104302318983443908224764,0.0,1,ROOT_OK
cstr,cstrfold_0001551,dev,middle_triple,0.000003373851328900438842070523913539977706900450043121799049,90.63264528936148,19.60324063865509,0,0,0,0.9198408534276292981465736526233599440402190916718490849,-3964424.214207485859478411639412801855010467791034856561,1.054219794323052322434857405127001900770996138236850755e-81,3,ROOT_OK
cstr,cstrfold_0001552,dev,single,0.0004026063301829911674521015975097822894297647053761542201,19.020621114860816,22.28361254073403,0,0,0,0.0004060994637345265185451695961012056971352938575516682388,1.017461566449400734139033026851187597774470552435269058,4.632801830521226026325056956124520071747541623111160544e-83,1,ROOT_OK
cstr,cstrfold_0001553,dev,single,0.00000001433517709700693736798666110421889891538059114069493829,28.348551150201672,77.10235870286047,0,0,0,0.00000001433519273586132965534309019426286372105839608987860935,1.000002181886805118740197837496727793209281611536929356,2.168846918427988962792693993595090152715684725836040817e-83,1,ROOT_OK
cstr,cstrfold_0001554,dev,single,0.01869245833343828473067242732792021109635079342190666858,89.92629427567971,20.954011017251617,0,0,0,0.9999977721789906479781336497065766480101936632435143141,0.0001191862736288146719157327385202624563416720504394729519,1.054219794323052322434857405127001900770996138236850755e-81,1,ROOT_OK
cstr,cstrfold_0001555,dev,single,0.01767706204524566322149234823038828959867780842350449202,19.52501988792455,23.11892983368632,0,0,0,0.9985616255784975498460296024254037962796057707067260153,0.08182297451243120998956403518078484821721525771758435714,0.0,1,ROOT_OK
cstr,cstrfold_0001556,cal,single,0.005457788635032091466874567643628570375182949396106379175,26.504243859252746,71.19538332738503,0,0,0,0.99999925014008146552343115216063107067749486936698579,0.000137393063851406377378082747422340506525204044882612374,1.054219794323052322434857405127001900770996138236850755e-81,1,ROOT_OK
cstr,cstrfold_0001557,cal,single,0.000001239351938129119760334798331214218348864202753174867084,90.66537955168153,21.16944084082255,0,0,0,0.000001239382919404940751354785628109276062922813287308273533,1.000049996858109901997560869328158402982574775152049918,2.092200653063079722392023334569254832748835529013525411e-83,1,ROOT_OK
cstr,cstrfold_0001558,test,high_triple,0.0004782984139641998616463382071851320598704603954022539075,18.509535736840768,22.029284233617133,0,0,0,0.7838239121914508118956083181262319974236179644457636605,404094.2196141873587525834340326725389694003763749908247,1.054219794323052322434857405127001900770996138236850755e-81,3,ROOT_OK
cstr,cstrfold_0001559,test,low_triple,0.00000002944578016956651214909384693755648582130148591083051933,26.983431356175224,76.35556537795095,0,0,0,0.00000002944584550712055675606917611606774440706137500691613086,1.000004437828418030240949281912100703077825353508231993,7.062685277600433524670189775315806844404841896626088092e-84,3,ROOT_OK
cstr,cstrfold_0001560,dev,middle_triple,0.01962041840472285382479939199015280095693390780865919369,92.41369364695089,19.96008665113707,0,0,0,0.05821739967585905487875972818591314449219351832514321327,-41.48324689630071521453445561708232743049865501983008567,1.317774742903815403043571756408752375963745172796063444e-82,3,ROOT_OK
cstr,cstrfold_0001561,dev,high_triple,0.01794387482499569264674619386097112045990611546676352291,19.603342674925248,22.735672673749622,0,0,0,0.9984972927858177877914168284568335418370119289801148069,0.08423604302619893227282194374512181658292266234268352688,1.054219794323052322434857405127001900770996138236850755e-81,3,ROOT_OK
cstr,cstrfold_0001562,dev,single,0.005495641179625757652639167021479856035017522041447167303,26.72756489702276,70.68805332281785,0,0,0,0.9999993127847198931282962296362132807733640826520334312,0.0001250477056985403006945190048563933262424526685039088737,1.054219794323052322434857405127001900770996138236850755e-81,1,ROOT_OK
cstr,cstrfold_0001563,dev,single,0.000001308113912319835837366701763808812489490943359200065825,90.12570396923508,21.1255500189507,0,0,0,0.000001308148351744221046514370477538905334210146195490807087,1.000052656115033032810390280165204302339949295950249973,5.288110040836706738989699344145779225993428695581615068e-83,1,ROOT_OK
cstr,cstrfold_0001564,dev,single,0.0004057264157006157401236219050275414041686275370204946,18.565969357039165,22.760414311589493,0,0,0,0.0004093547135842092470104655322807209741568142362913856786,1.018001114438524314214802980474297217558477735046596573,1.18393824557764665117195899989848846277992730368396325e-83,1,ROOT_OK
cstr,cstrfold_0001565,dev,single,0.0000000649144251581433444059457555305393683941110514982274963,26.078876039103246,71.70824394210833,0,0,0,0.00000006491472311637908264644623648872541192863490625543625194,1.000009180062326766004667401677316623246326110929381384,5.546040880598039320815587660572373328512272402918674147e-83,1,ROOT_OK
cstr,cstrfold_0001566,cal,single,0.01893851705153553342520836090645150618127150784426832946,91.69455444314757,20.691011156182572,0,0,0,0.9999975392750102438344924851864522630236786385386615484,0.0001299363794900181790210298204580941089146356687385803491,1.054219794323052322434857405127001900770996138236850755e-81,1,ROOT_OK
cstr,cstrfold_0001567,cal,single,0.01841564336014568711213904294969354103740582612963477319,19.700228571981093,22.22733152180104,0,0,0,0.9984084267674091251015900203731927118598505904027899522,0.08696680164284881326410582440877060264254474451309379783,0.0,1,ROOT_OK
cstr,cstrfold_0001568,test,single,0.00499484656096662431593914981679844631698782648129300089,27.36039000010175,77.59123504817568,0,0,0,0.99999967136441108410531443854583793640136982730696311,0.00006579502421605071413134873059114401500717092131350403695,1.054219794323052322434857405127001900770996138236850755e-81,1,ROOT_OK
cstr,cstrfold_0001569,test,single,0.000004042330256860198839338287213108581748608523253342547564,87.26270319982821,19.46872743229051,0,0,0,0.000004042632077360214496944515253399194771708225182082086766,1.000149338239617430888402985145498662430645274154564965,6.563940232445091250145623232453508386377029025383712014e-83,1,ROOT_OK
cstr,cstrfold_0001570,dev,low_triple,0.0004914568379957163427112646219407847184279582499291037815,18.492754799842455,21.918728802505324,0,0,0,0.0004965854278033954322120647058395413770292269137649082113,1.02102853999561132470235903611638401452685358198825039,9.265603661042452052650113912249040143495083246222321089e-84,3,ROOT_OK
cstr,cstrfold_0001571,dev,middle_triple,0.0000000168993298510404760269964078186709257856828448800467879,28.6906695862524,73.10844903260686,0,0,0,0.8343680383826138925341704566215287213314621185013739193,-241503105.0903928718200461816352493702777268304298933983,3.162659382969156967304572215381005702312988414710552265e-81,3,ROOT_OK
cstr,cstrfold_0001572,dev,high_triple,0.01965962131244604719817990218253686557763198433379695319,85.70820767105577,19.988203867170242,0,0,0,0.9999953516497257301474249108735500069774751786603415184,0.0002364548428325945116554370435058173859775771712658065734,0.0,3,ROOT_OK
cstr,cstrfold_0001573,dev,single,0.01899944123887585978025961208091427813704434399014847364,19.696870839263003,21.58107970965848,0,0,0,0.9982137592289892858238383428642511970317871006551320812,0.09467861253737880817672400952131781796908555241401346797,1.054219794323052322434857405127001900770996138236850755e-81,1,ROOT_OK
cstr,cstrfold_0001574,dev,single,0.005172467466923943216086997181927156023578428623832850638,26.63955874267989,75.06905155671113,0,0,0,0.9999994413302949004264377319995995118870250033488866885,0.0001080086059336109187032455663950619227791559768104731179,0.0,1,ROOT_OK
cstr,cstrfold_0001575,dev,low_triple,0.000001336249132416818161632053434071027654724410501276343886,89.65401230282903,21.115639210529547,0,0,0,0.000001336285051567830844193358807288828387757194839161119642,1.000053762233055907338413666712199283883068547101904767,3.106631435831290890048703557817874787695291583206051667e-83,3,ROOT_OK
cstr,cstrfold_0001576,cal,single,0.0003936046515525797788053274901252464987854700466218455012,19.471811484148567,21.916651223999192,0,0,0,0.0003968841832860955636501433201078226406743137322856705472,1.016764648106893161842793362675600136695037313323668086,4.066570495679742845329772217042634285200619869175352033e-83,1,ROOT_OK
cstr,cstrfold_0001577,cal,single,0.00000003200509042448824605924609824983283069327291804836574789,27.673231840864997,71.14428355706382,0,0,0,0.00000003200516227532447595239144271581223600120693520532727373,1.00000448997039212111800428138999348560590633732788122,5.109497584195314256081862777335558572999418454374835095e-83,1,ROOT_OK
cstr,cstrfold_0001578,test,single,0.01964452867436200261937810996086062951159081334179323678,85.4608110796789,20.00347722329215,0,0,0,0.9999953534820213633113906328790019010580480217663772679,0.0002365432159831292684727901149204161986786516101670138102,1.054219794323052322434857405127001900770996138236850755e-81,1,ROOT_OK
cstr,cstrfold_0001579,test,single,0.01752023278011812830331494576681566729902904696083177666,19.602239981982535,23.312394201952262,0,0,0,0.9986380030523173642725343692935778840996865155022618199,0.07815042002827495518614698794926460185706062619359691189,0.0,1,ROOT_OK
cstr,cstrfold_0001580,dev,single,0.005253002528812310889125555409480914072306384598687141808,26.126316831332044,73.97243129296989,0,0,0,0.9999992155222593135449697797106194187009547401475809021,0.0001493393963152598269466635597437148529737261060591579554,0.0,1,ROOT_OK
cstr,cstrfold_0001581,dev,single,0.000001253750237686160146121044831931687109666053223764459583,87.03725590439457,21.358249021211357,0,0,0,0.000001253782239821196685789311109191876959566631007891980959,1.000051051223871047430441614726470660900745923219983409,3.913752379742410736822522074392693518945058600357449168e-83,1,ROOT_OK
cstr,cstrfold_0001582,dev,middle_triple,0.0004916742730233862460953079345662081552379726351199507551,18.7030450714975,21.689878554325805,0,0,0,0.7855153803767605571051091282617687744906387168392449559,-488401.970362075057997427077795587919788704604255710801,1.054219794323052322434857405127001900770996138236850755e-81,3,ROOT_OK
cstr,cstrfold_0001583,dev,high_triple,0.00000003802438253043812093591128422580662273322198702924866823,26.346354350835806,77.16619164322167,0,0,0,0.8192808722610756882424760281665934347589943365153162639,340681372.4513936914421606433926367862936772872591267545,3.162659382969156967304572215381005702312988414710552265e-81,3,ROOT_OK
cstr,cstrfold_0001584,dev,low_triple,0.01970518123844232395571231793359266172707685977382983147,92.45479756106312,19.922201420898283,0,0,0,0.05321282655136407175360082875057595564137962063193298747,135.1144942895054403491476295160276369112074535712258551,0.0,3,ROOT_OK
cstr,cstrfold_0001585,dev,single,0.01750222068336739480289687279587964366398105189214196794,18.67212784966124,23.403034500199006,0,0,0,0.998225018965575796251483341657779370227314501346039802,0.1020698001173556239610888384620010648116900768356141006,1.054219794323052322434857405127001900770996138236850755e-81,1,ROOT_OK
cstr,cstrfold_0001586,cal,single,0.005268758389276796479266145834789101403162459244705415542,28.410271079220806,73.51787937142979,0,0,0,0.9999997607028582640736306545446972566500538377983921935,0.00004541817898169657538092653851269966221657374747797629243,0.0,1,ROOT_OK
cstr,cstrfold_0001587,cal,middle_triple,0.000001456965286124778178860847881204636158542593986694573284,88.67212011077035,21.027197138819986,0,0,0,0.9232056838633693319938431385946399928839424377057691311,-14491188.74096032165565555867680948038598074024795677343,0.0,3,ROOT_OK
cstr,cstrfold_0001588,test,single,0.0003993038802170798059788103245431147705615502699962382767,18.60225154147745,22.795917344219173,0,0,0,0.0004028233076521547206823162455004637442213786845463548163,1.017740182989943275666333654041744253786774012514673909,5.199033165362709207320341695206405858294463377046969055e-83,1,ROOT_OK
cstr,cstrfold_0001589,test,single,0.00000007040995432246722841921662896554148860194805956055657241,26.00702824617049,71.10789789782926,0,0,0,0.00000007041030188919994943507893371477174422126147293257387186,1.000009872694530945780914166885642830815995320076006161,1.53640016001666115077675649173732388468810751299867573e-83,1,ROOT_OK
cstr,cstrfold_0001590,dev,single,0.01939057523558009750609643561934869840929412267192091969,87.58342150138347,20.24511617330224,0,0,0,0.9999962771594648425705345431601394136367239170254708151,0.0001920011013153436542200492013210304526044244230930692608,1.054219794323052322434857405127001900770996138236850755e-81,1,ROOT_OK
cstr,cstrfold_0001591,dev,single,0.01837915353896145518933137535046787683097680669590718511,19.357787934089156,22.29468722126147,0,0,0,0.9982675077591637101724783472427385686217865819911489981,0.09489242038340036793922923479719682212923493757882460571,1.054219794323052322434857405127001900770996138236850755e-81,1,ROOT_OK
cstr,cstrfold_0001592,dev,high_triple,0.005251795129118342655186937383154673526214024030004559422,27.57312130601366,73.8256828242855,0,0,0,0.9999996359756050256533457183345123847544788171732166732,0.00006931439191851467534001734412610351045585997027105058648,0.0,3,ROOT_OK
cstr,cstrfold_0001593,dev,single,0.000001897669645178089501831037884601642593018383666428994689,85.60674240987412,20.762628607473594,0,0,0,0.000001897740817335680767330460507336028496895691157992928663,1.000075012150698570871741131634981027577443242539710152,5.280066982103162943805107231374729711979978102485935969e-83,1,ROOT_OK
cstr,cstrfold_0001594,dev,low_triple,0.000456798478168703642426871380069497596154301793780816389,18.903279350758478,21.820238373810863,0,0,0,0.0004612034326081698621971889201608995613607388832330209546,1.019420822065030643693062606093920121737912074897567208,2.110498611681891856436970391123392477129435628306195359e-83,3,ROOT_OK
cstr,cstrfold_0001595,dev,middle_triple,0.00000001376155401170687295758082500302147273367862205143137157,28.397817714948857,77.32156608443117,0,0,0,0.8339073429419270093300687021715818520080281357474514163,-8337441394.750418660721121460907852135802370298166801154,1.054219794323052322434857405127001900770996138236850755e-81,3,ROOT_OK
cstr,cstrfold_0001596,cal,single,0.01996947085984354978286078048849521173220078906174697752,92.14405506099956,19.677491947546738,0,0,0,0.9999954536784766873708929932623395706796846228397011381,0.0002276763900807005323146751622845493735566389183117645494,0.0,1,ROOT_OK
cstr,cstrfold_0001597,cal,single,0.01802208926571833628531796627783336026677453075017135694,19.09517571449829,22.7301835728908,0,0,0,0.9982614420779084985708470607252623995405148815291599133,0.09710037133015694073322995175590753234923395367549432036,0.0,1,ROOT_OK
cstr,cstrfold_0001598,test,single,0.005156064647843241620808428648519157648358708719214376833,27.72675929713008,75.16322766818574,0,0,0,0.9999996902122441440166208825336771818808601896885830418,0.00006008229238214562635958160451008007960158545877859899666,0.0,1,ROOT_OK
cstr,cstrfold_0001599,test,high_triple,0.000001744128603556812503242307113567508157195973475681886553,87.86102265997944,20.779755899687977,0,0,0,0.9226737489595988326678041520318787984028468649295457949,40851510.90304314587715241088867052202618795155241030904,0.0,3,ROOT_OK
cstr,cstrfold_0001600,dev,single,0.0003245567705570662352024766449950953035322373302596545455,19.434376472653803,22.845435072652336,0,0,0,0.0003268817289677603536141216887042574846709678196408380277,1.014401272113450254712068063890905088648418648380640453,5.044606437678668339776173130002255189236211989609930371e-83,1,ROOT_OK
cstr,cstrfold_0001601,dev,single,0.00000003688307205207245323061360448573502219029846555688898335,26.507709328702127,76.47444808060787,0,0,0,0.00000003688317472498604613531232659109397831801357304754653742,1.000005567492982245133312896637905335265229431199973441,1.399630459708603146098762799100867851862509380716995066e-83,1,ROOT_OK
cstr,cstrfold_0001602,dev,single,0.01870610538038938993164673412272120956917406073390639861,92.30884449817775,20.933928643463034,0,0,0,0.9999979242221039429065603018029832426696414293866875393,0.0001109709092936313679392174274171045205562837346555323908,0.0,1,ROOT_OK
cstr,cstrfold_0001603,dev,single,0.01894142463526283227542840103250455123722596852131163704,20.011006963488928,21.623822110909597,0,0,0,0.9983716255141832306049768512573952914096242608034465538,0.08653287912630776139183780274701676888435420273303418572,0.0,1,ROOT_OK
cstr,cstrfold_0001604,dev,low_triple,0.005393791245698661249442977489311968246881153159660565227,27.56779959355733,71.70792803981195,0,0,0,0.01413597153629653217750350282193181936731750573455944484,36.7557082819530211711228337120045421223159633116216825,0.0,3,ROOT_OK
cstr,cstrfold_0001605,dev,single,0.000003541714583951566223339809232605868232953689697758967788,89.98753789400804,19.555182604212927,0,0,0,0.000003541947358113784718055430800556295314158203917383992378,1.000131453580262459932983779467866698965947867596410809,2.257284433569066118555776449195046107874908952302338901e-83,1,ROOT_OK
cstr,cstrfold_0001606,cal,middle_triple,0.0003324595663159770315106761872551114215888775496649194178,19.980968357731747,22.168788276430917,0,0,0,0.7946981601218065704462649795603978666510895301167837885,-22846.610066579429256781730773589952787172887415592826,2.10843958864610464486971481025400380154199227647370151e-81,3,ROOT_OK
cstr,cstrfold_0001607,cal,high_triple,0.00000004765852539406982242097887444809231024599306249267125615,26.944992852271017,70.44383702664938,0,0,0,0.8287827402795356447939712325316958875770553457019892625,930461527.1008887340772489127424264685263576790949588812,1.054219794323052322434857405127001900770996138236850755e-81,3,ROOT_OK
cstr,cstrfold_0001608,test,low_triple,0.02019869916406537739608305006283467310478548995177860898,89.52497180248085,19.469721365565437,0,0,0,0.05462587351667177551015501169766656479294845939884056095,141.902888731497444518097354857607025886228094784092438,1.317774742903815403043571756408752375963745172796063444e-82,3,ROOT_OK
cstr,cstrfold_0001609,test,middle_triple,0.01719061808389219013255708679319921564944017691704484208,18.75451246721706,23.797077303560098,0,0,0,0.05072719541785271467109676572170220783943227296913014575,-243.2171763981804485936479237526038091106631234539787552,0.0,3,ROOT_OK
cstr,cstrfold_0001610,dev,single,0.005034674706435627949158480950101769942108745317792642307,27.795606011804697,77.14141227037148,0,0,0,0.9999997345204075264031083597734083170204970377210204498,0.00005273029916144645361972529678838773449759895425236173107,0.0,1,ROOT_OK
cstr,cstrfold_0001611,dev,single,0.000003286153965769191398481012349854806567691938558048536627,90.34963311279934,19.65665395747583,0,0,0,0.000003286355453751304709925076497962478427233159560223059456,1.000122634036816285179333177526884884257122003189502927,4.993533014720665240354013213906090775250800723452368097e-83,1,ROOT_OK
cstr,cstrfold_0001612,dev,single,0.0003580288427976585626555333752116250377765658415190423659,18.909946874625536,22.968332308445575,0,0,0,0.0003608771959616386132446604747768990630436645221197384002,1.016002881560314442492050452505584895298083984454829349,3.551814736732939953515876999695465388339781911051889751e-83,1,ROOT_OK
cstr,cstrfold_0001613,dev,single,0.00000003373960257169453821262708168488946877562926570733073814,27.515971397215964,71.38833817449508,0,0,0,0.00000003373968269929651165100350591301047305824489512225505015,1.000004749773857422503301276832120656319231615354555529,1.66429107751964307530175904738511353993479495149582939e-83,1,ROOT_OK
cstr,cstrfold_0001614,dev,single,0.01955894180341014149911135759837106800152585603184005091,88.62939011043393,20.21065527194296,0,0,0,0.9999963593323987219101828634484821038816428962137759608,0.000186146675150222453742245256050366255041317213203876327,1.054219794323052322434857405127001900770996138236850755e-81,1,ROOT_OK
cstr,cstrfold_0001615,dev,single,0.01716207962953795053267967708453173098195471081850442753,20.163512760321982,23.731618984080658,0,0,0,0.9989211867967073690535817921183823142733208162151609828,0.06313356173945083569588591195279830184988412991132301645,0.0,1,ROOT_OK
cstr,cstrfold_0001616,cal,high_triple,0.005420946155932925195816355040592714153993361377708097408,27.55877116750743,71.53941527635061,0,0,0,0.999999577599072031218692291968827595207919928614611115,0.0000779202974072302222603311214384906488834909611141787257,1.054219794323052322434857405127001900770996138236850755e-81,3,ROOT_OK
cstr,cstrfold_0001617,cal,single,0.000001467062651697223615064971670634285277182187331010979453,84.23225474002874,21.261222105281316,0,0,0,0.000001467106261300842099710765130287399589652330923303635499,1.000059452902803287693137719183479096876342220781224543,4.562626143071056413339490772197113061980185198351360413e-83,1,ROOT_OK
cstr,cstrfold_0001618,test,low_triple,0.0003895070847036043391626862966454659574502710327640365674,18.591715630865057,22.964290310052203,0,0,0,0.0003928810738194467379870540299218172730446417490360014011,1.017432931122085841615288953595415865247826605805019958,2.316400915260613013162528478062260035873770811555580272e-83,3,ROOT_OK
cstr,cstrfold_0001619,test,middle_triple,0.00000005143406983921934849516489392900413862566200424756337415,26.61946694158963,71.39251108006734,0,0,0,0.824297147651766833438205468052909942939906845079941155,-935137219.4321715622511853017954283152187941530910845933,3.162659382969156967304572215381005702312988414710552265e-81,3,ROOT_OK
cstr,cstrfold_0001620,dev,single,0.01853595632503588964430809115432788213193500305290531404,85.36031208018143,21.13538363729198,0,0,0,0.9999976302676756320364521704407220286251873749178793443,0.0001278489721429119742290149732127721184322068621068453141,1.054219794323052322434857405127001900770996138236850755e-81,1,ROOT_OK
cstr,cstrfold_0001621,dev,single,0.0188832391112719821648026451181483051254542911795649168,19.964141166649682,21.6890321648015,0,0,0,0.9983704645979663018771903688612049397923853098884749129,0.08685998537659889797079738403223679940902909416049580569,0.0,1,ROOT_OK
cstr,cstrfold_0001622,dev,single,0.005081175008739055645167173078832449297604879466468984235,27.8316025094444,76.23994115300907,0,0,0,0.9999997249877101135839332965168891617862525529537649109,0.0000541238249349291772974440833624466934767061080045356751,0.0,1,ROOT_OK
cstr,cstrfold_0001623,dev,high_triple,0.000002645900776467427846725977375620459583346837315783986123,87.31666028290552,20.140134729079477,0,0,0,0.9232324618250978184909526070313194343609113397478545445,899173.9174187218158465954480619310571941507957745652609,0.0,3,ROOT_OK
cstr,cstrfold_0001624,dev,single,0.0003466068836768995054144687508743149990120958030376800563,18.671343337211237,23.41447724555268,0,0,0,0.0003493302148437676541793168445651884480129145387378514276,1.015803515697247609027152040762457864204989468802242352,2.213449763471252434799749434592826256501603219930887816e-83,1,ROOT_OK
cstr,cstrfold_0001625,dev,single,0.00000002982145623634746771697164324592042847347774913137379738,27.78380483319963,71.37229414021822,0,0,0,0.00000002982151881997558978420078606747827069972008586848350562,1.000004197227908141741967182030877150309423527767673547,5.153131177824789344958274989118502186522387921918894202e-83,1,ROOT_OK
cstr,cstrfold_0001626,cal,single,0.0197313510175116551629407922236647178010304276436807868,86.12997656181808,19.918267379101756,0,0,0,0.9999952223423549535410715183180163624160973120113943137,0.0002421493964612867544505149987256803654501763574962630003,0.0,1,ROOT_OK
cstr,cstrfold_0001627,cal,single,0.01869164014292217314433157776542237235386490324023682939,19.9589427900374,21.900779502981685,0,0,0,0.9984296835987003954395807492421654431955598066209716496,0.0845408104438659028468435685219277757508466128480933686,0.0,1,ROOT_OK
cstr,cstrfold_0001628,test,single,0.005339673160455949243429099382845971648183662624217465342,28.4361832428734,72.54137608667433,0,0,0,0.9999997484710765678797847141476028946978607910376242667,0.00004710573410920990860127610286614829687648778689087558838,1.054219794323052322434857405127001900770996138236850755e-81,1,ROOT_OK
cstr,cstrfold_0001629,test,single,0.00000214512597017212649956079048808881896873886382782712939,88.15272565201525,20.433231149576233,0,0,0,0.000002145215398997101964519787170114205264231839381854876436,1.000083381206143100027452675868912551774132134557571571,2.294684656680044766164129773580426348037454210197246707e-83,1,ROOT_OK
cstr,cstrfold_0001630,dev,low_triple,0.0003311283630351955691306542575095756195454562822062211518,19.558141375265922,22.618163545583446,0,0,0,0.0003335234925106541246928188825093646581589142409165589006,1.014542239601797771777319682884604071822285060248417295,5.199033165362709207320341695206405858294463377046969055e-83,3,ROOT_OK
cstr,cstrfold_0001631,dev,middle_triple,0.0000000319543989592957595253010907521117436053305925827722486,27.47836444765779,72.25979351370718,0,0,0,0.8306877251856148181650475429675576600945887624024367248,-2005707915.273340167206721361508688388977977035698953378,3.162659382969156967304572215381005702312988414710552265e-81,3,ROOT_OK
cstr,cstrfold_0001632,dev,high_triple,0.02016047452903223998419362299238803912816763818008237591,83.94075045864015,19.523372842079763,0,0,0,0.9999934448619410106472043112511569364522288230191425902,0.0003251732644206642487410221657162882926558032980428794561,0.0,3,ROOT_OK
cstr,cstrfold_0001633,dev,low_triple,0.01806470519629753049788948116487902129568584498146507816,19.79551054228453,22.625729751976518,0,0,0,0.05135433920123941680126281478949210351188862384371400267,162.6917656765766431798636155292893371343274633640958887,6.588873714519077015217858782043761879818725863980317219e-83,3,ROOT_OK
cstr,cstrfold_0001634,dev,single,0.005008212727146498359342433090339078175244734478333277199,26.22438638000752,77.52194564261778,0,0,0,0.9999993832869151004840398103954185383235366672935684334,0.0001231406535747760782334261525885848579351741976742703974,1.054219794323052322434857405127001900770996138236850755e-81,1,ROOT_OK
cstr,cstrfold_0001635,dev,middle_triple,0.000001354648924796920484220172436864257189806700542799687893,87.6767212394412,21.19750658688457,0,0,0,0.9229829548162129114965182394421951483272467375931831877,-7309045.628782621185372643875767458461860178818867773367,1.054219794323052322434857405127001900770996138236850755e-81,3,ROOT_OK
cstr,cstrfold_0001636,cal,single,0.0003620456082863988762436746624259648630219389292566234526,19.94720042342477,21.822996089562256,0,0,0,0.0003648051175601758839478437248799426685231033082285303564,1.015328183593477064210479153794223436513233137743315784,3.963619343890382266966993173573200505828452277550659577e-83,1,ROOT_OK
cstr,cstrfold_0001637,cal,single,0.00000004146264827868905295716192556950419121071104332201421734,26.461323601669296,75.16653284397466,0,0,0,0.00000004146277578274604514759799923596568992960543111402077211,1.000006150323181426957294726995587635846406967457008492,1.240541271414961109783525993524749417649585852594804904e-83,1,ROOT_OK
cstr,cstrfold_0001638,test,single,0.01833398559470471985885643496858113536742272574859314774,88.79655403372696,21.359309805625543,0,0,0,0.9999981836842297200776649265617124544358166315499644677,0.0000990705621760190137421932521095876073870254299749080012,1.054219794323052322434857405127001900770996138236850755e-81,1,ROOT_OK
cstr,cstrfold_0001639,test,single,0.01790926229216507605314956108207717743203391392120446527,19.738850680466037,22.844676327518787,0,0,0,0.9985859291542439911825010550977291769362445713291547352,0.07939700784422773407302110681346397433879749552272989911,1.054219794323052322434857405127001900770996138236850755e-81,1,ROOT_OK
cstr,cstrfold_0001640,dev,high_triple,0.005104642020636363806581775888694646730298691060113188941,27.835776234614002,75.77461048843628,0,0,0,0.9999997175774523774844495534549700245746138663443505409,0.00005532668166659237492153923854712198707790150412680714355,0.0,3,ROOT_OK
cstr,cstrfold_0001641,dev,single,0.000001994211272556409887861692758680701778288218642032833213,89.35330531597948,20.489725176562953,0,0,0,0.000001994288785305182078662938067200124406416686241477702914,1.000077739995651076623314268322950941375468118204087861,6.031087591347814819166395761371478082985927232794971761e-83,1,ROOT_OK
cstr,cstrfold_0001642,dev,single,0.000284497192219526830598638151884238203264593032023742752,20.21919403517793,22.62744167824504,0,0,0,0.0002862634138017438904083470192791280374432878146782354778,1.012472301672889417371054900227283684129198241257103778,3.757717040311661110241435086634332947084117094301274664e-83,1,ROOT_OK
cstr,cstrfold_0001643,dev,low_triple,0.00000003772701135977249518401566956168828983882152865139465771,26.88133264357037,73.7414394663129,0,0,0,0.0000000377271148950707063037528133597887224458899380933918668,1.000005488667251189635904658308181288908327866330785631,2.356679045324687799985368667798531430269253859792535756e-84,3,ROOT_OK
cstr,cstrfold_0001644,dev,single,0.01931696048870040090136300167970170889779717464763371993,88.64588283052711,20.315055916336433,0,0,0,0.9999965620381478337880020266405838115364057727601898247,0.0001779839518380120488741512586499899859559327000711250908,1.054219794323052322434857405127001900770996138236850755e-81,1,ROOT_OK
cstr,cstrfold_0001645,dev,middle_triple,0.01796281855149896612919687353024092172905794865473867449,20.09481761870306,22.730650357060902,0,0,0,0.05228442184421061255499411841082834862132173598176040617,-681.8891117353610424341658087818070886407914101702181342,6.588873714519077015217858782043761879818725863980317219e-83,3,ROOT_OK
cstr,cstrfold_0001646,cal,single,0.005238136397383342497243029345789141762239541868071172231,27.83651256007368,73.98772581473791,0,0,0,0.9999996863003684904252371424693060612678641028214873799,0.00005988772598688435744188090702167989149715222584931895425,0.0,1,ROOT_OK
cstr,cstrfold_0001647,cal,single,0.0000030885212940256419912472949675346756602403948045334823,89.4547462857605,19.79366056660167,0,0,0,0.000003088700581539629970837318110704855051984126774180346518,1.000116104265406317075966532403238468615359111885410975,4.204911105896696122504756556704685926231970070421032522e-83,1,ROOT_OK
cstr,cstrfold_0001648,test,single,0.0003412044274323099992740622447419512828137358508305603039,19.951002611665622,22.081382171301943,0,0,0,0.0003436845366271462152488197486227360914951411059019217832,1.014613943683928802972731373241574988007440697148793264,3.037058977786137061701981782348296491478943952928427468e-83,1,ROOT_OK
cstr,cstrfold_0001649,test,single,0.00000002580245394353266923494104262299238031029556047761583565,28.001374231566736,71.88795972189865,0,0,0,0.00000002580250113849699232190880034214516882814623797982597189,1.000003658181317151867836747524354775974073300646249005,5.625560340186318014613254213008023015887442133876345231e-83,1,ROOT_OK
cstr,cstrfold_0001650,dev,single,0.01915858304055113955666304218423232675876653857325323678,85.41846299433581,20.485978162374764,0,0,0,0.9999965188832056363154968187278432417014330998516638249,0.0001817079151477642823603453380863916333783858015822311536,0.0,1,ROOT_OK
cstr,cstrfold_0001651,dev,single,0.01765229584847937442728812007274994935804743586231048109,19.900011286062934,23.28019415406149,0,0,0,0.9987530930410336892269044157326827520942629168596932755,0.07098672122706961226729199636768465681520166981789093993,1.054219794323052322434857405127001900770996138236850755e-81,1,ROOT_OK
cstr,cstrfold_0001652,dev,single,0.005398919403071999467485322694250012456622084821230889629,26.782748511727597,71.92859738577272,0,0,0,0.9999993805224026621555017415827074107234076763784760074,0.0001147413397694652735771427223527198790870913663393139453,0.0,1,ROOT_OK
cstr,cstrfold_0001653,dev,single,0.000001160868343756433130387098922735524242850617336646886184,90.51185547080722,21.292688495556497,0,0,0,0.000001160895691451899627004979651309219899001876907892587495,1.000047116754457548795667088661031580175472913002237615,3.014940566268891624944353472227910327941954821915309948e-83,1,ROOT_OK
cstr,cstrfold_0001654,dev,high_triple,0.0003664884987037277963319286770756889965217653912121347808,19.603126832609547,22.106925202659962,0,0,0,0.795416943081646156730219682404704197467032103756381677,1312810.950329845455055592517861134792855375330838636324,1.054219794323052322434857405127001900770996138236850755e-81,3,ROOT_OK
cstr,cstrfold_0001655,dev,low_triple,0.00000001652732485771089837184444020901757802832381359043252319,28.580765477219703,73.99095883477571,0,0,0,0.00000001652734479540657992422851024961041655059727064037625586,1.000002412696968027038568730665360685152841301031194078,3.358074417668885996462020502028759028324379245721791474e-83,3,ROOT_OK
cstr,cstrfold_0001656,cal,middle_triple,0.01909481895964483598151915072983762826313224040457512511,91.16746989528146,20.52866256104556,0,0,0,0.05362316149565255549242660898913151800240874416991256311,-155.6653120892281806573775512556101261428122283417788829,0.0,3,ROOT_OK
cstr,cstrfold_0001657,cal,high_triple,0.01725688910882023906259572458334236094961076730831801171,19.41395335759415,23.661165986672117,0,0,0,0.9986387566663724015721756003051583093815842838006797405,0.07929262312488639328507484046382884195744909569498291121,1.054219794323052322434857405127001900770996138236850755e-81,3,ROOT_OK
cstr,cstrfold_0001658,test,single,0.005075528198773268908235539755041216999611593582741448927,27.190686685324632,76.39445028042654,0,0,0,0.9999996149579143532801645611110911090914777599781905512,0.00007586259059605342140683637214685223555798166502404626956,0.0,1,ROOT_OK
cstr,cstrfold_0001659,test,single,0.000001218328634129341807564781713919059691855549897062321872,86.18091682414868,21.45338160496916,0,0,0,0.000001218358994712329219558431728224566610414240273331324919,1.000049840649393490699255943916785585512161433906160769,1.57965673526800137425389094823412455224169648399137488e-83,1,ROOT_OK
cstr,cstrfold_0001660,dev,single,0.0002483417268867145495643642611390574758429636704493447276,19.809171114243476,23.69631012907755,0,0,0,0.0002497529929555560355209526416831559405309330050143376943,1.011412281977561500398259377943260300511172654244128635,4.118046071574423134511161738777351174886703664987698262e-84,1,ROOT_OK
cstr,cstrfold_0001661,dev,single,0.00000005285412523646544426997161078287644756085063984497544578,26.178638539760662,73.77275080783603,0,0,0,0.00000005285432853254814882831797174824198758485274418266490628,1.000007692744998570306277114587525514773044505263906679,4.18093902068695426420067928309409694501219349803039521e-83,1,ROOT_OK
cstr,cstrfold_0001662,dev,single,0.01864855069960017205883307028895448556166280219066094254,87.21811119051056,21.058218371450405,0,0,0,0.999997695567212086012175992297930301032373495972272731,0.0001235752888485258940864999893643000920026360444050940162,0.0,1,ROOT_OK
cstr,cstrfold_0001663,dev,single,0.01785445008537958838441113512314465730739709475222494062,19.250496733008543,22.921958363878446,0,0,0,0.998390157688707987279471029988515904314752586641392102,0.09071722295240309591235046685601002886435791331091662376,0.0,1,ROOT_OK
cstr,cstrfold_0001664,dev,low_triple,0.005002680181951498565615055834445092612367008413053765954,27.550968917406024,77.45000982580916,0,0,0,0.01415807319737656107152610178481139389161410670973295177,18046.96352538053772171653095909632222711046269730696305,1.647218428629769253804464695510940469954681465995079305e-83,3,ROOT_OK
cstr,cstrfold_0001665,dev,single,0.000001104127963091161161193301923573714995172053496563172019,88.70184398992535,21.472633701303273,0,0,0,0.000001104152922088013006347729974828481184572322343729711741,1.000045211093293357799324438520284795786615794209835574,4.624758771787682231140464843353470557734091030015481446e-86,1,ROOT_OK
cstr,cstrfold_0001666,cal,middle_triple,0.0002521267654243230310243407089148138874434968290864017756,20.056408422483344,23.359019408756396,0,0,0,0.7889852720260325677814199494100540258505848187744897278,-11758.12365462958273254687586435884627465457485556518452,0.0,3,ROOT_OK
cstr,cstrfold_0001667,cal,high_triple,0.00000006662444679686313744134021239236627459451106946131957099,26.09824954055577,71.2621070657894,0,0,0,0.8242306099536398649040727932156913933224812929852209141,94841935.61940480399485520783448182712324247565562610187,1.054219794323052322434857405127001900770996138236850755e-81,3,ROOT_OK
cstr,cstrfold_0001668,test,low_triple,0.01991711106002639579746764635810101086210153279512121211,89.18352372589536,19.71966071499964,0,0,0,0.05280772530020605664229896372921354655124241805638241466,69.22529701674664964045800332634553315180462771134797637,6.588873714519077015217858782043761879818725863980317219e-83,3,ROOT_OK
cstr,cstrfold_0001669,test,single,0.01866835005296093463823311328680250001429184565915700204,19.107685509076784,21.983691450071156,0,0,0,0.9980388538366295733663414428316648755226134382446127091,0.1058326492161996632018537199603415270796542687489503287,1.054219794323052322434857405127001900770996138236850755e-81,1,ROOT_OK
cstr,cstrfold_0001670,dev,single,0.005026181001940112371892280201830603892197614748787033325,27.4242408435471,77.16571895854823,0,0,0,0.9999996752827802341376188987493332382556495923096512207,0.00006460524871715965407703082361649411423762934623326868296,1.054219794323052322434857405127001900770996138236850755e-81,1,ROOT_OK
cstr,cstrfold_0001671,dev,middle_triple,0.000002530024456138532771467268306716682150520218949396798776,86.24923066291161,20.264297350796994,0,0,0,0.9204426170312250213596638793431579311659358222053396188,-9248426.46548975500502589120403920383073076890449198655,0.0,3,ROOT_OK
cstr,cstrfold_0001672,dev,single,0.0003375560130794630412738310637584256264812723247723302615,20.04684966589901,22.030740687614852,0,0,0,0.0003399772074800611913107896463482339573841017125169924929,1.014420002386479786321382971037310848496432530399643198,2.316400915260613013162528478062260035873770811555580272e-83,1,ROOT_OK
cstr,cstrfold_0001673,dev,single,0.00000002387416807193499228578880438274647557572309014420713164,27.827505776529435,73.81567502639412,0,0,0,0.00000002387420957522053523011051127987112706505281916998823084,1.000003476840591458631665031267551055802057316388254507,1.253972551136015689632796025593591867808766042237003398e-83,1,ROOT_OK
cstr,cstrfold_0001674,dev,single,0.01866618613723215476291193547822696013283123979216349773,85.58857577281063,20.99477355192487,0,0,0,0.999997446772467649295222871977897141837159760617993045,0.00013678794656103169742808229348633424929888460851063036,1.054219794323052322434857405127001900770996138236850755e-81,1,ROOT_OK
cstr,cstrfold_0001675,dev,single,0.01878911950576290270706772001728157813573818491355473138,18.315428005310917,21.951979990896316,0,0,0,0.9975249453718844949796407192234594225474802600398315571,0.1328961958805198822647889168684594355175596272940462407,0.0,1,ROOT_OK
cstr,cstrfold_0001676,cal,single,0.005027604651217709942415860416224756124720424638091334427,26.998803937196296,77.13384251870565,0,0,0,0.9999995895141767340381195740894865692625698174207123391,0.00008164654083489331703236252785739170484425059379835658697,0.0,1,ROOT_OK
cstr,cstrfold_0001677,cal,single,0.000002513527301657915405678938831204934594454913462827107585,88.33803266241765,20.169344014297533,0,0,0,0.000002513648418785916667819413932114481405367182031153135505,1.0000963756905428494792897471751217452469595550049933,7.061805568051452172071875012981473303809620738006248191e-84,1,ROOT_OK
cstr,cstrfold_0001678,test,high_triple,0.0003101031651991780646284886917119045350074774536295401898,19.7832388375865,22.684407906389485,0,0,0,0.801525987490274320208243750409057366043892412748592163,25482.79102963272330334246617231624105353855093705966995,2.10843958864610464486971481025400380154199227647370151e-81,3,ROOT_OK
cstr,cstrfold_0001679,test,single,0.00000001925544227465444156625072575849383957594664809790077679,27.652377114286697,77.66200398468214,0,0,0,0.00000001925547069884474473071063546207347424841215932940258789,1.000002952331147364705302911413813100809439644312996277,2.930051736612008889751972888258774851719524519238687466e-83,1,ROOT_OK
cstr,cstrfold_0001680,dev,low_triple,0.01905858688978759038870539148543113506535357916439636096,89.06834228493926,20.568139014140236,0,0,0,0.05120834435795192550591784493151556512060897767247804739,106.6773364760085554296145540209316697225786470153305966,0.0,3,ROOT_OK
cstr,cstrfold_0001681,dev,middle_triple,0.01791420902065291389651913482592019678191454700514718944,20.144972980974963,22.785672373691185,0,0,0,0.05218836201102562849743651366004844732213992334864375804,-558.5985103212320936371008988492697523379701945474637696,6.588873714519077015217858782043761879818725863980317219e-83,3,ROOT_OK
cstr,cstrfold_0001682,dev,single,0.005216673305820244325656752867510788184109993312483035529,25.976255740116322,74.49858084836718,0,0,0,0.9999991722770807335236171195319941595109858147926176822,0.0001586692509222922238857559630614347441417267574516378225,0.0,1,ROOT_OK
cstr,cstrfold_0001683,dev,high_triple,0.000001524169263836133036691523547376081024680778204862516546,84.82207596129686,21.16418073023313,0,0,0,0.9226264955117459425139980981833040427222212729035007328,27633393.64362051635566944383156817680289397180636599873,1.054219794323052322434857405127001900770996138236850755e-81,3,ROOT_OK
cstr,cstrfold_0001684,dev,single,0.0002931784428894801007563942088203327393430943363721482162,19.239453912388786,23.550624635970266,0,0,0,0.0002951354426567757912609651671084455359133414173099169106,1.013414709839505053454307056144297875243223927300727627,5.199033165362709207320341695206405858294463377046969055e-83,1,ROOT_OK
cstr,cstrfold_0001685,dev,single,0.0000000302770249399501168104786903024576390503520184531575655,27.312780994108987,73.841752530855,0,0,0,0.00000003027709171407174712765338762547806743373117032466108145,1.00000441088445348640222743479875716930876401896353062,2.959424610088532694900704006343361533950676704727556173e-83,1,ROOT_OK
cstr,cstrfold_0001686,cal,single,0.02012428436906740012809407027271045620464079291368361921,84.84703292442735,19.575751566234004,0,0,0,0.9999938561369448392173447759742352211816882673936909573,0.0003053183445936350865807493888253151895723532677528965136,0.0,1,ROOT_OK
cstr,cstrfold_0001687,cal,single,0.0174711640891074946359476527017467348685372431273472039,19.78715531613392,23.36151016129833,0,0,0,0.9987200417380852091233131137932625252119296905337550864,0.07363047276351454212654425149238799272463854845018023489,0.0,1,ROOT_OK
cstr,cstrfold_0001688,test,low_triple,0.005307971719724256567190643567540176504172304571732326597,28.365183540168434,72.8715622134627,0,0,0,0.01420604466881795874555390996071376868829447900773780985,52.67120131325256484699420464541206785076768989762286284,3.294436857259538507608929391021880939909362931990158609e-83,3,ROOT_OK
cstr,cstrfold_0001689,test,single,0.000002477769521220446475862721158708201105375130140723442871,86.54518573441214,20.28280142647235,0,0,0,0.000002477887913334325887889363719024659954505271309085362631,1.000095566852159405668280182593586952106607183135907814,3.078480730263887606902631163119201488648214507371174824e-83,1,ROOT_OK
cstr,cstrfold_0001690,dev,middle_triple,0.0003490479481639348886235169141467169094788713723053412888,19.65213294876509,22.27821280877607,0,0,0,0.7958868352317832433645237834565543302690240798061075652,-2800742.818721600380958896724457441641839455994399697626,1.054219794323052322434857405127001900770996138236850755e-81,3,ROOT_OK
cstr,cstrfold_0001691,dev,high_triple,0.00000001738386906361245450096503053478377730156833112570892677,27.98332259972542,76.9091314773701,0,0,0,0.8393571857639087119041648614312928901053946766747752303,150045286.2998143105227256318177191295000128021401690257,2.10843958864610464486971481025400380154199227647370151e-81,3,ROOT_OK
cstr,cstrfold_0001692,dev,single,0.01941994727905404814990963981985259070340026022277163107,91.4831120383433,20.205398588863122,0,0,0,0.9999966567733428171888673424522797443057476172659798146,0.0001721614871506629162057155792511390259943218609496982272,0.0,1,ROOT_OK
cstr,cstrfold_0001693,dev,low_triple,0.01870223138847244287773935517793955009427739936994672309,18.874466682346956,21.962985576769352,0,0,0,0.05440286932516163765792171889617103440624777724391336338,4031.144232678304524377446003506073200241424881162682517,6.588873714519077015217858782043761879818725863980317219e-83,3,ROOT_OK
cstr,cstrfold_0001694,dev,single,0.005147959359682479763410524389048636448861974466685578493,26.873022003406447,75.37105044363985,0,0,0,0.999999515802460049743219087054556746059846768106629574,0.00009405640028763797394198555639422419804081460656928654799,0.0,1,ROOT_OK
cstr,cstrfold_0001695,dev,middle_triple,0.000003310684549885252744774683412957375261199289412892505454,90.57911435277845,19.63505967920658,0,0,0,0.9203430683594271186726635061099458270605738521967153057,-47744260.99106832904622825034067200944634628294981602944,1.054219794323052322434857405127001900770996138236850755e-81,3,ROOT_OK
cstr,cstrfold_0001696,cal,single,0.0004141626229883975319908007169906264414204030017461603413,19.46348688206486,21.694667363589865,0,0,0,0.0004177569236065912897447947563182267424963311539388594045,1.01746605769456527664425065213110183256450199270219873,1.904596308103170699711412304184524918385100445056810446e-83,1,ROOT_OK
cstr,cstrfold_0001697,cal,single,0.00000002257439570729654863503276412102403989594201652980815808,28.03239160236032,73.30339825192249,0,0,0,0.00000002257443255343790305851499586393585877829583000624132947,1.000003264422740898753740696338755949782700287675594638,1.931527987581271251399819956791336025464513915375623426e-84,1,ROOT_OK
cstr,cstrfold_0001698,test,single,0.01919331257488045911111515259732274267017781046005218749,84.3912945352686,20.45155204986361,0,0,0,0.9999963062076170226654187131516734062944234010112217774,0.0001924607609177686280535435157665537598201327117139209787,0.0,1,ROOT_OK
cstr,cstrfold_0001699,test,single,0.0178309316091341130656760745981897162594827959731541407,18.825944717087587,22.999496116016925,0,0,0,0.9981979377679324984319782972915381683148902824156458177,0.1017361305927903041054779004628873233104168091893715343,0.0,1,ROOT_OK
cstr,cstrfold_0001700,dev,high_triple,0.005268537157204949435552691426626939778928295109590933269,27.75270930358521,73.17284870448272,0,0,0,0.9999996534401732331263221474196023358696931192706506615,0.00006577924020537124502892580033146318958914942870708583707,1.054219794323052322434857405127001900770996138236850755e-81,3,ROOT_OK
cstr,cstrfold_0001701,dev,single,0.000001152401318500279532933282480200731340583267582644377963,88.12759887306015,21.43514875005263,0,0,0,0.000001152428457916269704655605789320556028778658580716746779,1.000047101457703102466189307537793807546368330476978799,8.923773664866840757304949119479435797923433039655959417e-84,1,ROOT_OK
cstr,cstrfold_0001702,dev,low_triple,0.000296534846011602815869704888689920586526032228956738362,19.473060125006633,23.230510703501366,0,0,0,0.0002985084432579341373208332652947612954227372639424293745,1.013375192587933911615446965433921345200165749158321489,7.721336384202043377208428260207533452912569371851934241e-84,3,ROOT_OK
cstr,cstrfold_0001703,dev,middle_triple,0.00000004819219452915173291836335119653092812912992254579961673,26.522831464597797,72.80568404566402,0,0,0,0.8227151210174187397639731465029244855551901663124848327,-15288803246.07037101107701674633817151860309837722517136,0.0,3,ROOT_OK
cstr,cstrfold_0001704,dev,high_triple,0.01990564021966698940191112816277676784453898386433641004,85.15620471231134,19.632923777132227,0,0,0,0.9999940833789890914969492813734712798538721730089498522,0.0002972544384836225440400287057809313940128692417443056953,1.054219794323052322434857405127001900770996138236850755e-81,3,ROOT_OK
cstr,cstrfold_0001705,dev,low_triple,0.01856374562342561774250450895758170494334505396661987962,19.94777645484679,21.901781982261934,0,0,0,0.04775726719210806997565833846366021263589305746428265028,24.3127544136965847891793279240321252411248263083836189,6.588873714519077015217858782043761879818725863980317219e-83,3,ROOT_OK
cstr,cstrfold_0001706,cal,single,0.005324716776377242248118158330370812667114882187008608397,26.77599823211364,73.00882181201791,0,0,0,0.9999994173029928148929871023682495009134086676406995503,0.0001094327599127886304739509187697191509620936889461811234,1.054219794323052322434857405127001900770996138236850755e-81,1,ROOT_OK
cstr,cstrfold_0001707,cal,middle_triple,0.000001436797640682963221915232505358922168271502953071923017,88.07110254976499,21.096673203937346,0,0,0,0.91250068352348862444205055061116154315021847354588843,-413659.2855376415113949794210452047262712023025815225377,1.054219794323052322434857405127001900770996138236850755e-81,3,ROOT_OK
cstr,cstrfold_0001708,test,single,0.0004618735128167839229752846675343118530827348103430488178,18.574364225283404,22.123840024097852,0,0,0,0.0004664441653905012039707648539581717164536115464102892783,1.019933487634064307687275249516669556341254887648104526,4.838704134099947183050615043063387630491876806360545458e-83,1,ROOT_OK
cstr,cstrfold_0001709,test,single,0.00000003039847635264242325553142909389439932595551221766383596,27.419848501937686,73.21666309462236,0,0,0,0.00000003039854308591820788274758271303403184864963655315682322,1.000004390574194017736533794620473258802566092842505554,1.037177558249014713413104792179244361765746012791243706e-84,1,ROOT_OK
cstr,cstrfold_0001710,dev,single,0.01994116956846808895850455012594718487821968489517716927,92.69972692363785,19.705122511824555,0,0,0,0.9999956078616923129125754868808906220969575497693193629,0.0002202667977548949104035741140490184195108935504602068077,1.054219794323052322434857405127001900770996138236850755e-81,1,ROOT_OK
cstr,cstrfold_0001711,dev,single,0.01770778869568105353632336567842931849324809037531815058,19.07439894723244,23.118476952649075,0,0,0,0.9983573434156402777582902812045348761645520259840241536,0.09333677626002019257385763404788131728442823920021634741,1.054219794323052322434857405127001900770996138236850755e-81,1,ROOT_OK
cstr,cstrfold_0001712,dev,high_triple,0.005000005016328512714738379540532717559597470579371594886,28.196225107488075,77.38143803117883,0,0,0,0.9999997882054518142172265566588081938364451579494887707,0.00004235890768328814861598652844474393020593014422587889659,1.054219794323052322434857405127001900770996138236850755e-81,3,ROOT_OK
cstr,cstrfold_0001713,dev,single,0.000002775797907922773607370120136683221141035114594083903929,91.91576825506387,19.852629509632752,0,0,0,0.000002775943179752770278924500412974726458376378182489299724,1.000104674393371160525697570774959183056351392696580231,4.34727324548042129727203695275226232427004556821455256e-84,1,ROOT_OK
cstr,cstrfold_0001714,dev,low_triple,0.000336465000729849606582088828181301916894279443315756625,19.01454341563994,23.150949210269694,0,0,0,0.0003389999668419921318681860129157999965635855867860732801,1.015150363643602265980325003102683329841048969871825137,3.294436857259538507608929391021880939909362931990158609e-83,3,ROOT_OK
cstr,cstrfold_0001715,dev,middle_triple,0.00000001965014992672672518590790213651022008245348388933801868,27.810865377351377,76.38397337199595,0,0,0,0.8273252243411530078722727204269994651112848512073490671,-381255951.820356603048125820056771799541923966568217266,1.054219794323052322434857405127001900770996138236850755e-81,3,ROOT_OK
cstr,cstrfold_0001716,cal,single,0.01864057238022418283886212863972190204269148202674960221,85.02302750170448,21.02389137965793,0,0,0,0.9999974347131741820969357645102757653867549020062731222,0.0001376228759672936653533562875793880976093197977536765415,1.054219794323052322434857405127001900770996138236850755e-81,1,ROOT_OK
cstr,cstrfold_0001717,cal,single,0.01815459313527265589529859540280189905302133167244631223,19.796198573859506,22.523273712792708,0,0,0,0.9985282701203939862210934663495948924047289772488646908,0.08153871277275802672927069585280958318412665351286630949,1.054219794323052322434857405127001900770996138236850755e-81,1,ROOT_OK
cstr,cstrfold_0001718,test,single,0.00549205989778892563822709407489758708561064950110055929,27.543522077610056,70.64749316715212,0,0,0,0.9999995494721184333326701326593057442351290315345125579,0.00008203275552469751415671873836357222944039911277320335705,0.0,1,ROOT_OK
cstr,cstrfold_0001719,test,high_triple,0.000002091088899634237495946991273353372841261637380265839157,90.95131163553275,20.33996895700207,0,0,0,0.922610738448908358563292914966574651346452800146332814,16832076.50397193936272310310947944326914764829342618975,1.054219794323052322434857405127001900770996138236850755e-81,3,ROOT_OK
cstr,cstrfold_0001720,dev,single,0.0002735708904103544583722585299960739578566332325371046995,20.05170566477681,22.977267563737154,0,0,0,0.0002752301232852183934432872629093400494711259280194875881,1.012183482099989404146747406351757551742039629295172108,5.147557589468028918138952173471688968608379581234622827e-83,1,ROOT_OK
cstr,cstrfold_0001721,dev,single,0.00000003652070972064397385547233531644471130763783350620102038,26.720206222078577,75.19092691713064,0,0,0,0.00000003652080867409257698274721161256825028980024896739901155,1.000005419042799652650009029410804558929323426006733407,4.898869983610636119685356824143699424772181047681738711e-83,1,ROOT_OK
cstr,cstrfold_0001722,dev,single,0.01839002818122444219284509198322899080529576970529676238,84.17547805354864,21.299320450027942,0,0,0,0.9999977446676384662643676785728207012964720714173014756,0.0001226423503259068653343806811011690803500050861595035042,0.0,1,ROOT_OK
cstr,cstrfold_0001723,dev,single,0.01798544025897901868932904369028741570126097013416383691,20.035218906912984,22.70786279857797,0,0,0,0.9986672065930406876238934875483232662709745820469336126,0.07450069469387574609965474022183645404764902107901081902,0.0,1,ROOT_OK
cstr,cstrfold_0001724,dev,single,0.005379973721160526431478999078117575119600541605645659995,26.544637032912963,72.20464207396404,0,0,0,0.9999993083187187032289637965564601359356988031389076313,0.0001285662969442572503113779971824601529853018491063174765,0.0,1,ROOT_OK
cstr,cstrfold_0001725,dev,single,0.00000144585837682286689723208289028570036670248818718379341,86.24589730284153,21.169548643381837,0,0,0,0.000001445900543221616320270877152492227921903826188469755539,1.000058328413242496610134475075406059019895923745580156,8.598029786158317052328968552251930480378684019280955941e-84,1,ROOT_OK
cstr,cstrfold_0001726,cal,low_triple,0.0002729838881380603878441833311358981560663167219567659337,19.80024761374175,23.257706437210402,0,0,0,0.0002746572393598652435475215440717686429860835194151156632,1.012314126027857079399690491882502663925470226196971905,4.632801830521226026325056956124520071747541623111160544e-84,3,ROOT_OK
cstr,cstrfold_0001727,cal,middle_triple,0.00000002074421942719875576600130043303836112535359489142588204,28.023865246584354,74.40277948965071,0,0,0,0.8333452179127885952647301247339461143891997897931722361,-5363458866.545843620574079176401762372611938185977331772,3.162659382969156967304572215381005702312988414710552265e-81,3,ROOT_OK
cstr,cstrfold_0001728,test,single,0.01870148427956754926816483264140664530123012172276520426,84.33692102990993,20.961094022690983,0,0,0,0.9999972647792957196420470012031467561529521213056957938,0.0001462618573077624164694235051985542150201054879175946781,1.054219794323052322434857405127001900770996138236850755e-81,1,ROOT_OK
cstr,cstrfold_0001729,test,high_triple,0.01873105538140401969834518126895096506140180307263478909,19.075225101596928,21.914256295118093,0,0,0,0.9979970360856806422489399290780872653379181704950752594,0.1077429397569611126338518434858227091216336965927558362,0.0,3,ROOT_OK
cstr,cstrfold_0001730,dev,single,0.005310656041628440256388062415695582058399361300946826662,26.937415987650976,73.08964877742673,0,0,0,0.999999467185949065085230399927086707838469295358579296,0.0001003294635708925192638707826241241550168215503290602713,1.054219794323052322434857405127001900770996138236850755e-81,1,ROOT_OK
cstr,cstrfold_0001731,dev,low_triple,0.000002913344022551448393302885696873666652660715486296091712,88.24367291685328,19.94164745684823,0,0,0,0.000002913504804359589955614699426531477774316222381839172126,1.000110380648569375386836709459895062867890739068568993,3.524468337038891049888263816273897040694049894526580817e-83,3,ROOT_OK
cstr,cstrfold_0001732,dev,single,0.0002831714481082104420961814599489819158410712918028672037,19.576862924884715,23.322467784212815,0,0,0,0.0002849779052164345732215734313840431651131756603146756141,1.012817673753667864115041561307077735528401738726615633,5.765264500204192388315626434288291644841385130982777566e-83,1,ROOT_OK
cstr,cstrfold_0001733,dev,single,0.00000002504654185200159392735197819928814982858919986474883876,27.32435195451318,76.29359367450101,0,0,0,0.00000002504658908600616097677437855106896086032748072985897672,1.000003771703892368678755381772133442273709826349104657,5.548950205749313365480014338863776394909325234640001821e-83,1,ROOT_OK
cstr,cstrfold_0001734,dev,single,0.01838420618346526892039927439557342285211465827055807253,87.31053786368741,21.300982278292974,0,0,0,0.9999980095046796670105851694542162846648675285400768737,0.0001082747809861918935906829941812355552460964048284056122,0.0,1,ROOT_OK
cstr,cstrfold_0001735,dev,single,0.01830279142851983905057533161071360115292225735610429024,18.329907576759894,22.45849476617087,0,0,0,0.9977206300353721293223404866215747583382212671653507013,0.1255511380603611788602531197755601509741472755345438059,0.0,1,ROOT_OK
cstr,cstrfold_0001736,cal,middle_triple,0.005459602277352366175177520476516548121925103286255215405,27.37282284524145,71.05452467044704,0,0,0,0.01589063172733860697874400458995152627081591108993813394,-115.1907919634318069149683094499422258119404368907939411,3.294436857259538507608929391021880939909362931990158609e-83,3,ROOT_OK
cstr,cstrfold_0001737,cal,single,0.000002716245185777510845893862464538982687086834257351236257,89.63480593652692,19.987844330936195,0,0,0,0.000002716385288603046437852026827585400950679372670983524344,1.000103163143427160376554773472960943371856089948871014,4.367380892314280785233517234679886109303672050953750305e-84,1,ROOT_OK
cstr,cstrfold_0001738,test,high_triple,0.0003446637810047924920886484474260310793909698790460237582,19.207274116301466,22.812409237634682,0,0,0,0.7915940213423817071000746306492398039526522237603223738,2138307.439728389783223859950325094730105617573588576896,1.054219794323052322434857405127001900770996138236850755e-81,3,ROOT_OK
cstr,cstrfold_0001739,test,low_triple,0.00000006591362334271632118803248130014341131834299815408078474,26.061297719752943,71.62354421952173,0,0,0,0.00000006591393017625804915096834354788858069750379847560463746,1.000009310202327394558008336206412511555295552901041951,3.983789827120597565828353081381848115190308843048417315e-83,3,ROOT_OK
cstr,cstrfold_0001740,dev,middle_triple,0.02000314084317509981582596704065289134011857437324098906,86.2826865539211,19.644701506993812,0,0,0,0.05769721096724276792498695842880417994265778830499872044,-67.05995925761751603146302216118346607278229060035945365,0.0,3,ROOT_OK
cstr,cstrfold_0001741,dev,high_triple,0.01713724079759631063634850104317343864283207983861363373,20.072907222601874,23.77007574180439,0,0,0,0.9988994171388069300765042688976113114645267011530929874,0.06450478353159032856096597155958653811243744472342758776,0.0,3,ROOT_OK
cstr,cstrfold_0001742,dev,single,0.0053266802593920162789628778400949416519565307987743144,26.842064632351907,73.32939619705202,0,0,0,0.9999994505804184835414172745082707184672748498286614091,0.0001031450814189478744074899824281325275134437646072102012,1.054219794323052322434857405127001900770996138236850755e-81,1,ROOT_OK
cstr,cstrfold_0001743,dev,low_triple,0.000003128406034776941696773973598300356867062782009057902265,92.0937956601357,19.65882858893676,0,0,0,0.000003128588663167340233474172237991032197535837227432563884,1.000116759981118403660933445873493181066519760414980649,1.994276412982184016019614361581726999635074558073632391e-83,3,ROOT_OK
cstr,cstrfold_0001744,dev,single,0.0004114311507330019872474277385920987590573570589412658028,19.549148206956083,21.60082504402,0,0,0,0.0004149616270282284736087830400260690265410472085211547494,1.017268607253576069665786749999600205724226257488322893,1.544267276840408675441685652041506690582513874370386848e-83,1,ROOT_OK
cstr,cstrfold_0001745,dev,single,0.00000002299887807133966654221584394740054684165769763210226937,27.71010738678066,74.92403584980939,0,0,0,0.0000000229989171734368491873280378098085968946957124689257818,1.00000340035245948903714805680735129455112849999501489,3.236237786954786452140419900017614847102660281011893135e-83,1,ROOT_OK
cstr,cstrfold_0001746,cal,single,0.01893437034596297529415066441309013141078865061248755926,89.16917964387135,20.702218277874188,0,0,0,0.999997333247543259500855717007432985259689110632637149,0.0001408466334342112087664062866408487787926898852620230713,1.054219794323052322434857405127001900770996138236850755e-81,1,ROOT_OK
cstr,cstrfold_0001747,cal,single,0.0183132174691042918211192982842936508615702229486178485,19.16906161220436,22.38240259209548,0,0,0,0.9981979307958638490604089861064516589536662697076846192,0.09907594585782739965952922688986520163564101864163404153,0.0,1,ROOT_OK
cstr,cstrfold_0001748,test,middle_triple,0.005001069321951582120508305664373266890801648635201080054,28.00364010104496,77.42384378359667,0,0,0,0.01421997128341574794059815256916352164097539318956150357,-589.8063637515984577529263107312972975721236165341654118,1.647218428629769253804464695510940469954681465995079305e-83,3,ROOT_OK
cstr,cstrfold_0001749,test,single,0.000002955604617271961151967451411122694123961039691253155938,84.68962170784503,20.08331835538164,0,0,0,0.000002955771335451465468364487816286899712401111402014908271,1.000112819667358757201471489253069083337476120186933243,6.482705339236298918781242893465908294841178035117353123e-83,1,ROOT_OK
cstr,cstrfold_0001750,dev,high_triple,0.0004036159396647127174419634661689850845671645650704196108,19.197049020093456,22.09044805914391,0,0,0,0.8009010238941147039847694098490804465380719466384239123,8577.067746989481057661416335148189421570688472416811568,0.0,3,ROOT_OK
cstr,cstrfold_0001751,dev,single,0.00000002460180310781215199097846148172415460569868751216437125,28.001655637865674,72.45407890095085,0,0,0,0.00000002460184635541290931748498116932827157256382327569167122,1.000003515811925426395469071727280460722487284645449406,5.565831203630301963732675831800826800688336967727143928e-83,1,ROOT_OK
cstr,cstrfold_0001752,dev,low_triple,0.01844365464318936902900635374800042338398198471451061347,90.93382725509672,21.206376472170952,0,0,0,0.04904356071410457838740879353161146455401283745914901878,76.13740976291130876114309073220561889222182840485512836,6.588873714519077015217858782043761879818725863980317219e-83,3,ROOT_OK
cstr,cstrfold_0001753,dev,single,0.01884256273438658588123933688556953083272337781230319936,19.0983637967229,21.792139427339407,0,0,0,0.9979685175906392381092988745470192524788591564564553578,0.1086438233529708383529190914036799909366685957456062947,0.0,1,ROOT_OK
cstr,cstrfold_0001754,dev,single,0.005344904299084756879280496636984889848430068221627171001,26.434653165162327,72.69998178875649,0,0,0,0.9999992872469937900014654543417611314061400083047663812,0.0001333522705746424806477895613676896437876391410941746202,0.0,1,ROOT_OK
cstr,cstrfold_0001755,dev,middle_triple,0.000003349382118108511468765280207532552726263016809246126876,84.72289766264639,19.890761975368694,0,0,0,0.9190165698962012061887943884959511892299991895779679272,-14303513.96174327493486474089465014163849159261533974132,1.054219794323052322434857405127001900770996138236850755e-81,3,ROOT_OK
cstr,cstrfold_0001756,cal,single,0.0002799607484101211201682487528086144802656664734731513888,19.999421974399443,22.92611745274687,0,0,0,0.0002816946703351322821718397325791489072114851895552139981,1.012442466356434507852663814915328098231917271217323429,4.581326254626545737143667434389803182061457827298814316e-83,1,ROOT_OK
cstr,cstrfold_0001757,cal,single,0.00000002758406062446698849188659492634442889294363889432177723,27.768433875268247,72.39021547621903,0,0,0,0.00000002758411494403921480173625913257290090555336746629338554,1.000003938481081981240816433366174747877199067791272243,2.662629459181131071499267082503532084421526811221141451e-84,1,ROOT_OK
cstr,cstrfold_0001758,test,single,0.01913231087169633973079682946973529467685186723568968017,91.0409874642151,20.49410405313469,0,0,0,0.9999971607935928598853628035631802879267011843545956547,0.0001484038410233413008766249249447538822730176102539740711,1.054219794323052322434857405127001900770996138236850755e-81,1,ROOT_OK
cstr,cstrfold_0001759,test,single,0.01816286568078648722600372109433418740490069922765609843,18.48873559032204,22.609654394765965,0,0,0,0.9978778453413121155703234160293970745015354574643812698,0.117735846782741797684621982834176207609768541948972909,0.0,1,ROOT_OK
cstr,cstrfold_0001760,dev,high_triple,0.004993134399357901117308840243420747326746814273455545615,28.065231429817796,77.09267117886948,0,0,0,0.9999997677161539473563177356298238509581960652352579923,0.00004652069618005292600158515145778089151875891471285545775,0.0,3,ROOT_OK
cstr,cstrfold_0001761,dev,single,0.000002565003284591632872957809237485014131672122690077454258,90.63750338730124,20.03254846690113,0,0,0,0.000002565128513418210119716111413652926615344684575180507346,1.000097647727248983517709483304752215743419277858374269,4.43333397392933990574717255940249212421396691433831891e-83,1,ROOT_OK
cstr,cstrfold_0001762,dev,low_triple,0.000265649477543582294903630536764609005588927281128383264,19.96097562810725,23.230159624093783,0,0,0,0.0002672317675946901607828393558001538957964646127322855845,1.011964008161644706652871547360064478292263906938841762,6.022642379677593834222574042961876093271804110044508708e-83,3,ROOT_OK
cstr,cstrfold_0001763,dev,single,0.00000004092703137616506335621253413058422352536222142878971034,26.328350486811207,76.26124167475706,0,0,0,0.00000004092715744096016778114667739900102277378417050042230196,1.0000061604799815140614322460664349317237986189935781,6.500060751909773889327995561804688574298326893031623177e-83,1,ROOT_OK
cstr,cstrfold_0001764,dev,middle_triple,0.01942689009480161610347166132867002779203107662323623255,90.25723865645519,20.20155190814102,0,0,0,0.05385355386120193314818386315938535023919590796434809603,-528.3879273416879273907063219649310680387176711759082003,0.0,3,ROOT_OK
cstr,cstrfold_0001765,dev,high_triple,0.01875422896750436104453758021582197715963010851506448515,18.367163995033234,21.942017451820025,0,0,0,0.9975532333514344129589929031418735195336121902067307394,0.1316129420061208663476682274761339944786387566416149529,1.054219794323052322434857405127001900770996138236850755e-81,3,ROOT_OK
cstr,cstrfold_0001766,cal,single,0.005437981379715830087364443372436803809712492291802615254,28.549014626324407,71.23892483084246,0,0,0,0.9999997411152907668359742968041837684636298122369758193,0.00004760682594089638402319431152585151914893652855285541304,0.0,1,ROOT_OK
cstr,cstrfold_0001767,cal,low_triple,0.000001230049990148075291676333680932820109905611280776279625,88.16120594442525,21.32761333211323,0,0,0,0.000001230080747437196528786225314140484027027742198116849349,1.00005001074902801121914214871455255442724818008446167,1.615448346632271262825325850065294889601551623267146867e-83,3,ROOT_OK
cstr,cstrfold_0001768,test,single,0.0004101158155884112470040339252224967451926334391562232894,18.38305346631643,22.909434177374415,0,0,0,0.0004138492707521797912357155459835384724718414227914168863,1.018326665951289804343749970387096794892408412039999335,6.434446986835036147673690216839611210760474476543278534e-83,1,ROOT_OK
cstr,cstrfold_0001769,test,single,0.00000001293666325867871612584101446884615524848146757540395309,28.520361749598592,77.3572920700508,0,0,0,0.00000001293667603764409246671769174904811514453840011235684486,1.000001975621435069513034847032250645522227091302004425,5.440362629206836549398032853866505573294919219572477996e-83,1,ROOT_OK
cstr,cstrfold_0001770,dev,single,0.01891103445305885220014828981835435723353167692545299456,85.04545054908053,20.739047146288485,0,0,0,0.9999969644268851831086835405181824739582516933619428786,0.0001605246624408255838972746007779656638890156005954682912,1.054219794323052322434857405127001900770996138236850755e-81,1,ROOT_OK
cstr,cstrfold_0001771,dev,single,0.01811972942640010107998473477122826876380822316065629011,18.623681987863872,22.649935827855593,0,0,0,0.9979749031832448915862128535282631512247804678302308268,0.1125873058845766182829052443231961816694784184259473104,0.0,1,ROOT_OK
cstr,cstrfold_0001772,dev,single,0.005190555870750910749296225119841438088761643128196564064,27.178561244102884,74.72714864481092,0,0,0,0.999999574091108520792489877962527331604092603525244587,0.00008205473265091193813480142983427288846436557817491267596,1.054219794323052322434857405127001900770996138236850755e-81,1,ROOT_OK
cstr,cstrfold_0001773,dev,single,0.000002816453348995123501788097743930495974467755909433600199,85.90882357224812,20.109267934065013,0,0,0,0.0000028166049436551453907232945646649212218613969007981739,1.000107653635893201863837121752421431559776459422236555,3.604496771437651811974955338345839705127883295828587844e-83,1,ROOT_OK
cstr,cstrfold_0001774,dev,middle_triple,0.0003882702196552040941482396645332995028676577659742862099,19.790897072545263,21.664807715136067,0,0,0,0.7967375181517205061878833077600310154638124476875637189,-417632.3351722348868859584852628991663246145446151609911,1.054219794323052322434857405127001900770996138236850755e-81,3,ROOT_OK
cstr,cstrfold_0001775,dev,high_triple,0.00000002254210759256398844724088296104996208175794324251165728,28.16267130173367,72.65007963987208,0,0,0,0.8489210106193098251112722813879645739038287025099388768,67479531.88144075161698150743736900457289516764439204648,0.0,3,ROOT_OK
cstr,cstrfold_0001776,cal,low_triple,0.01874505189878424036872767129014585217469913407065983394,87.74027859939041,20.90306033094762,0,0,0,0.05106761194749296328638828234618601986420998965733791839,229.8188588018712109702120348462478254270404149002094799,6.588873714519077015217858782043761879818725863980317219e-83,3,ROOT_OK
cstr,cstrfold_0001777,cal,middle_triple,0.01824856134430452687814751388304510338081986479489219806,19.830774176430545,22.407113036788846,0,0,0,0.05402579126851823753880839482642635058162458821607325164,-162.9880243528042678875821981201833111674721183388719495,6.588873714519077015217858782043761879818725863980317219e-83,3,ROOT_OK
cstr,cstrfold_0001778,test,single,0.005329922124841464514917243028431055421590028904471378929,27.999923317948934,72.80381319261598,0,0,0,0.9999996904221863048507874141097262055437374691062195289,0.00005808307306248871531599798388103648695173708870295769916,0.0,1,ROOT_OK
cstr,cstrfold_0001779,test,single,0.000002508776606919221348080321669233049846764697395883089838,92.40932080454294,19.989203398710437,0,0,0,0.000002508896132672234104202560902410616661374397531896709086,1.000095289461508916141323973747389229110711998064808445,6.461391233592407861542073794622627082705533963413803513e-83,1,ROOT_OK
cstr,cstrfold_0001780,dev,single,0.0004555465192802595786678659139398237503850418543329096993,18.39502754634832,22.394066111582013,0,0,0,0.0004600495947131446804583919598430174806461717767800504232,1.019911325286310146400289628818759618728239986473877077,3.706241464416980821060045564899616057398033298488928436e-83,1,ROOT_OK
cstr,cstrfold_0001781,dev,single,0.00000002284514090594497947573510927273320598502994514270858301,28.077974467541544,72.9142898084659,0,0,0,0.00000002284517843813635624047534298414087066483773513567208024,1.000003285796016375787113277648197672110056110224387932,2.686588977111601767623368430937916300775657367060066765e-83,1,ROOT_OK
cstr,cstrfold_0001782,dev,single,0.01937637879428039818554110920914490496856389525927648385,85.80374145327139,20.264281798779553,0,0,0,0.9999960785333176906890533034746514691234263965618241108,0.0002023936092996924505808802383932772473961185084082929381,1.054219794323052322434857405127001900770996138236850755e-81,1,ROOT_OK
cstr,cstrfold_0001783,dev,single,0.01895101228857636525495435800470721561269626168616357317,19.330565280476034,21.760235824605928,0,0,0,0.998095645531635879261004809950087770325299758201236875,0.1012253360072200593159664736707910059605155770380848352,0.0,1,ROOT_OK
cstr,cstrfold_0001784,dev,high_triple,0.005002417142534566040191657093814081734261413473865244151,28.142348250847782,77.3643593325529,0,0,0,0.9999997818230756688293369471450610265323506743722439571,0.00004361434333132756538209889323395316980583916235678246148,1.054219794323052322434857405127001900770996138236850755e-81,3,ROOT_OK
cstr,cstrfold_0001785,dev,single,0.000001680551803483022036156300409811903498282262951877659592,92.66798878003382,20.5935946242429,0,0,0,0.000001680607143487435785224691351697007440619345620389092056,1.00006586093808058459270708553311743711573377617921823,1.11999592864597347945445170336864482637299508857331442e-83,1,ROOT_OK
cstr,cstrfold_0001786,cal,low_triple,0.0004106334319080015831230279949818732219153234039575436409,19.469775299427493,21.728233062786508,0,0,0,0.0004141721617404345542163954886985728836753722907846076392,1.017343050361421009105210539846332973452231126640888787,2.059023035787211567255580869388675587443351832493849131e-83,3,ROOT_OK
cstr,cstrfold_0001787,cal,single,0.00000003984106037439818922998692142137578928966805556937414617,26.737174299185327,73.9352264889525,0,0,0,0.00000003984117614571089426435892284823152446518494339732321545,1.000005811670545191963420425578087160902507577441797408,1.273404706709050210420570329300209541313919135321681219e-83,1,ROOT_OK
cstr,cstrfold_0001788,test,middle_triple,0.01918128700335888314051968145232983741080841512775642795,85.92648297154261,20.317294903954977,0,0,0,0.06014674634834224667533198678215772876161233091245233081,-25.28940142253258967592929302524043651407132021439967626,0.0,3,ROOT_OK
cstr,cstrfold_0001789,test,single,0.01723603264152700896536422557404740367741036208483194767,18.487315869757694,23.761215400273958,0,0,0,0.9982187937447728695689636231651115851967503448438651228,0.1040009625354440566264708433343619173933987844514393821,1.054219794323052322434857405127001900770996138236850755e-81,1,ROOT_OK
cstr,cstrfold_0001790,dev,single,0.005396600757553834994009275099881879669724271331002870784,28.22191584496342,71.80876256552688,0,0,0,0.999999705387769173197482940677884900845953361114323946,0.00005459226157085054222456437785556453536431799605175635213,1.054219794323052322434857405127001900770996138236850755e-81,1,ROOT_OK
cstr,cstrfold_0001791,dev,high_triple,0.000002800507906887186806311046286981143679060924354050692104,92.45791940397778,19.815763968414956,0,0,0,0.9221489964975913026923159022081803226010235381399255896,3127725.747275756565612259157593634047567059556807762532,1.054219794323052322434857405127001900770996138236850755e-81,3,ROOT_OK
cstr,cstrfold_0001792,dev,single,0.0003597779532898478473339974478495812671422861784946383481,20.133253301519314,21.674894924731408,0,0,0,0.0003624832320924195104474300617200431502275999655207557628,1.015120567504164416560846528437300927877595767685918876,6.177069107361634701766742608166026762330055497481547393e-83,1,ROOT_OK
cstr,cstrfold_0001793,dev,single,0.00000002582644614655323776024346053004183625249557708839476996,27.48735182799298,74.86841461931755,0,0,0,0.00000002582649541731628392795889600206295513269936688801761065,1.000003815533233155615130557987262914441149911032488716,4.874382639950776612002266618308715084060917796670909457e-83,1,ROOT_OK
cstr,cstrfold_0001794,dev,single,0.01833150989021948715464763179511783261414017067100650213,89.63379606130007,21.346182889694735,0,0,0,0.9999982241737937347292577963628935405551150202879232778,0.00009687510606142331542255008192666295368391141075366828772,0.0,1,ROOT_OK
cstr,cstrfold_0001795,dev,single,0.01875864500073670280809785875416253594614204948678938684,18.515565637832633,21.927810103420185,0,0,0,0.9976522940567179385244596683742561889018880956872601487,0.1262216459479028504573855086597156321885105802680044299,1.054219794323052322434857405127001900770996138236850755e-81,1,ROOT_OK
cstr,cstrfold_0001796,cal,single,0.005295322156677392930847198544462269449047785325510112965,27.920189465991285,73.19185285412736,0,0,0,0.9999996846621305422412585276256821152227892959786082655,0.00005955035701896473502849117129364777614384620877464561195,0.0,1,ROOT_OK
cstr,cstrfold_0001797,cal,single,0.000001990081861364286960222963904103525553849794586187891509,87.96871839974881,20.562174099605308,0,0,0,0.000001990159340386235784787841846345550065734951755709378104,1.000077867413326729572107202386646453394784575815653979,3.128347694411859137047102262299708475531608184564385232e-83,1,ROOT_OK
cstr,cstrfold_0001798,test,low_triple,0.0004524407661970323384271270454968729795764828721593670342,19.039073160346916,21.74466451511005,0,0,0,0.0004567456188458309371940906660190552699067594395502519726,1.019160548652772464651733368585185386148339265223160168,3.242961281364858218427539869287164050223279136177812381e-83,3,ROOT_OK
cstr,cstrfold_0001799,test,middle_triple,0.00000003221864942244044006504488100204360503979017463264863698,26.73612713147614,76.7861585215956,0,0,0,0.8185078657481698694351345985713535397279346611037473068,-288821484.4961634110802843354777329037909246475378295232,3.162659382969156967304572215381005702312988414710552265e-81,3,ROOT_OK
cstr,cstrfold_0001800,dev,high_triple,0.01927211628686599842632316872379914959139601017929829524,91.65978572109408,20.336011965696752,0,0,0,0.9999969314265903093349983114855400311053611282989317123,0.0001592296462475343268367705275297392597246116124127158897,0.0,3,ROOT_OK
cstr,cstrfold_0001801,dev,low_triple,0.01743960836830868130837841379085420501763717659438772545,19.13524847357438,23.44653207083517,0,0,0,0.05057283590058635121028371732228917136490481297068277181,1565.169351826043177735754716492854707540536622144335877,6.588873714519077015217858782043761879818725863980317219e-83,3,ROOT_OK
cstr,cstrfold_0001802,dev,single,0.005079531313590729749985102120901327968577388825295611946,28.224653947991523,76.22926145103746,0,0,0,0.999999776865090401912112552148373814114636255179698506,0.00004392829242534247335197144611638515691390138909809729064,1.054219794323052322434857405127001900770996138236850755e-81,1,ROOT_OK
cstr,cstrfold_0001803,dev,middle_triple,0.000001546065572107793588828502832225006250581673173516360531,85.43485460195596,21.105977590259233,0,0,0,0.9225025240203427058135829536607171373451638927403180913,-59574861.96994648861316093754961221428105269485177688857,2.10843958864610464486971481025400380154199227647370151e-81,3,ROOT_OK
cstr,cstrfold_0001804,dev,single,0.0003571086970063384894024853341159915903595534645984809947,18.33527184901385,23.689287705290216,0,0,0,0.0003600364037905796670140745188561802898297441659512013797,1.016493878771687656376373699436554584233092442070808017,4.941655285889307761413394086532821409864044397985237914e-83,1,ROOT_OK
cstr,cstrfold_0001805,dev,single,0.00000002112666804278793012014979646912172422650825672568057675,28.28126672587418,72.66817850212573,0,0,0,0.00000002112670003095428750955376765206574686721982380005105489,1.000003028229698616319090401932948077595530014404910652,2.184893763147354171349453452961549290537442110303299018e-83,1,ROOT_OK
cstr,cstrfold_0001806,cal,single,0.0198241799232326929408752186076712000120325476553906407,91.05926683785121,19.817239082931717,0,0,0,0.9999956890294631051591118852358592043475017064852181231,0.0002174718141135641743363778970560109286531963415296283865,0.0,1,ROOT_OK
cstr,cstrfold_0001807,cal,single,0.01881706709267524126633301013534436643718076640108010214,19.612946875356105,21.799403331468586,0,0,0,0.9982434404644542517077532434927556677018689437296405735,0.09399265979224120772819969832415547318615474191071832294,1.054219794323052322434857405127001900770996138236850755e-81,1,ROOT_OK
cstr,cstrfold_0001808,test,high_triple,0.005296878649761751874629841301465583044025575609282732562,28.678592710897455,73.03105970904423,0,0,0,0.9999997847759155172720018899940354436125253793240882627,0.00004063228957056736710635864690339450528646049149610778316,1.054219794323052322434857405127001900770996138236850755e-81,3,ROOT_OK
cstr,cstrfold_0001809,test,single,0.000002987091248846040014259764441188537838628299804710738605,87.34437868900267,19.941522051968043,0,0,0,0.000002987260272843090648881292837468722076289379756255874901,1.000113174382020839885794360846167759328710388249315237,2.67592564065002065791379591892817331227501232293243596e-83,1,ROOT_OK
cstr,cstrfold_0001810,dev,low_triple,0.0003552599804635222409614530288568878275890445650149838036,20.11068304166524,21.751319995502843,0,0,0,0.0003579072346877426599693758857177890530021396189638388785,1.014983685133397448438229106866870764861988643603014892,3.448863584943579375153097956226031608967614319427197294e-83,3,ROOT_OK
cstr,cstrfold_0001811,dev,single,0.00000001426656967181374926345275970701954492696850672014432067,28.53041105814013,76.06196629754699,0,0,0,0.00000001426658494957577595072220198527239045578931003642817078,1.000002141758580159402285155274215271073039463164360861,3.465036102455656205509616667354538395445831869411575481e-83,1,ROOT_OK
cstr,cstrfold_0001812,dev,single,0.01825356476917540599509302173687932017212521707515096496,89.70547370812871,21.432519911564256,0,0,0,0.9999983186727242372180121693010099451710625041234571061,0.000092111537834399328097981452497420411788895788394378468,0.0,1,ROOT_OK
cstr,cstrfold_0001813,dev,middle_triple,0.01729236959158204788861667693542895092038352863312550001,18.694969572035866,23.670701079933156,0,0,0,0.05042460399686161861965543849773119017119412758685932704,-1919.243620284981461484024924811419192956776947187381985,6.588873714519077015217858782043761879818725863980317219e-83,3,ROOT_OK
cstr,cstrfold_0001814,dev,single,0.00510883923723287527863732914970318053410507994562910031,26.571534800388857,75.97656201870576,0,0,0,0.9999994480023400557324283719886085339334677999550277258,0.0001080478135844078686556958125591867941487913003143665528,1.054219794323052322434857405127001900770996138236850755e-81,1,ROOT_OK
cstr,cstrfold_0001815,dev,high_triple,0.000002951121215190423050731343440968744043916702218930497912,85.45830110846244,20.057016717801933,0,0,0,0.9199276174773549222469755790138887909168775076012434946,36434733.20441641334381673554117149816903978747320760784,1.054219794323052322434857405127001900770996138236850755e-81,3,ROOT_OK
cstr,cstrfold_0001816,cal,single,0.0003673315662415100291284430043700403292029680208086506198,19.95223521464978,21.75458888805374,0,0,0,0.0003701632629252399971139617385463442538731908983070011666,1.015503789597637604032892559222239018612716434880878755,3.294436857259538507608929391021880939909362931990158609e-83,1,ROOT_OK
cstr,cstrfold_0001817,cal,single,0.00000001958835501968536014565365119508759534832979893555841759,28.176831958062778,74.2168249354383,0,0,0,0.00000001958838311330746800168202267450711299634113885829794249,1.000002868403351075480215072631953148590803274022702907,4.770470091297172126871329298859616792466829938840249108e-83,1,ROOT_OK
cstr,cstrfold_0001818,test,single,0.01951624125876365730225402760663113400638585182945360393,87.20916656800917,20.234935206541778,0,0,0,0.9999962266124481985906049651516526304177965547552968339,0.0001933550156374874889250699505573155542437486925217224978,1.054219794323052322434857405127001900770996138236850755e-81,1,ROOT_OK
cstr,cstrfold_0001819,test,single,0.01764556730363662879588680609944072137969026566959485944,19.70046244747615,23.145955117268397,0,0,0,0.9986393121627809275831127267419944407995154664320708504,0.07752345968169561592271239340138629851591100099024175351,0.0,1,ROOT_OK
cstr,cstrfold_0001820,dev,low_triple,0.005232432403649183526732914473097820872634040885968972663,27.545879348279477,74.09141364510874,0,0,0,0.01460769461783378763948116796970070318087440154107552904,217.9888566460274082700162518251661236554196113696126625,0.0,3,ROOT_OK
cstr,cstrfold_0001821,dev,single,0.00000340471355603766526953576506466897842529804160770996345,84.18286757534158,19.89190662311084,0,0,0,0.000003404932573351165607695840992956431771825972611291761448,1.000128661500753988172612816525088589214498949943140462,1.399894372573297551878257227801167914041075728302947036e-83,1,ROOT_OK
cstr,cstrfold_0001822,dev,middle_triple,0.0002743574130047594666257766031660625892190206910118449141,20.048917175886302,22.976516214598526,0,0,0,0.7883829990588925782909496078167090928056674073537264345,-10493.94298163818144843496509544768562246167635658859177,0.0,3,ROOT_OK
cstr,cstrfold_0001823,dev,high_triple,0.0000000188283267238690830415071129561010187645067586105385629,28.02570377862894,75.60653827154599,0,0,0,0.8348671693100521079848392196425670779737059783353625659,503454523.7540008094854751873201629087730840695225633508,5.271098971615261612174287025635009503854980691184253775e-81,3,ROOT_OK
cstr,cstrfold_0001824,dev,single,0.01922657941353367609292093336737414916648268852701833301,91.22043293173763,20.39844182827233,0,0,0,0.9999970066287119877779763732219690678875518755428116499,0.0001556951105474283190006773979239152165916241247878462207,1.054219794323052322434857405127001900770996138236850755e-81,1,ROOT_OK
cstr,cstrfold_0001825,dev,low_triple,0.01694863003260747596058336205961721681860675957320862943,19.53754789866474,23.834528503461463,0,0,0,0.04259646764289951311904229051346623759516179161343497576,19.78146837849452264535300376566233298334443898759572609,0.0,3,ROOT_OK
cstr,cstrfold_0001826,cal,single,0.005136957260922805785337928502233326176505086884691513587,28.072395207621813,75.59372028129599,0,0,0,0.9999997493480222751188032916619156619843658929524687837,0.00004879391640522264545320743182951890244164433453705272535,1.054219794323052322434857405127001900770996138236850755e-81,1,ROOT_OK
cstr,cstrfold_0001827,cal,middle_triple,0.000003760646966300963477070571609761323407419513617280797312,84.83029193842714,19.699514860317787,0,0,0,0.9179578224346536773346350598199293157158054384377607729,-2495192.9048858363949349871521649281264977193819886538,0.0,3,ROOT_OK
cstr,cstrfold_0001828,test,single,0.0002751501421664206832212912040090584533042625090651043337,20.201969625938567,22.795446729870026,0,0,0,0.0002768146672191383955040402506536782458055369229916237097,1.012152066338112935255273161071617723964402577816270493,2.728205522418055326613644651939995153362441178054350098e-83,1,ROOT_OK
cstr,cstrfold_0001829,test,single,0.00000004025560783289392785092783417635440227106129622683556353,27.305022669151437,70.4535084224384,0,0,0,0.00000004025572038373416503123297447690411882251585639968837006,1.000005591820685953410942815462816141815117387426542661,3.345152112758313484901775439596209555223862726423928923e-83,1,ROOT_OK
cstr,cstrfold_0001830,dev,single,0.01956942730204036756263919263770313218166064163633991184,90.19067915595414,20.06275189957351,0,0,0,0.9999961908735104448495674163680686129887913420716249042,0.0001946560175839228622484951946826365170257079049180502377,1.054219794323052322434857405127001900770996138236850755e-81,1,ROOT_OK
cstr,cstrfold_0001831,dev,single,0.01741710802370975687099999817534215589830404192656283973,19.987020397070975,23.413880581755546,0,0,0,0.9988025084264029625506453799211612342944968942165656432,0.06908224296845149314907829467884654975081931658526021352,1.054219794323052322434857405127001900770996138236850755e-81,1,ROOT_OK
cstr,cstrfold_0001832,dev,high_triple,0.005425949253012249206712622227548481826486458896769104806,26.873248324740842,71.55644993924676,0,0,0,0.9999993960392643276327640677384434893364602237391831039,0.0001113099825209566085251127514040226993103240016074697482,1.054219794323052322434857405127001900770996138236850755e-81,3,ROOT_OK
cstr,cstrfold_0001833,dev,single,0.000004049977960651682391388297409745638910234021349387951326,84.14109973534185,19.61483880330032,0,0,0,0.000004050283321417337396533839962644124772144507164845150862,1.000150804704875800688783290904274476256553800211922912,5.335765163832953725458407612314247596523123459673513724e-83,1,ROOT_OK
cstr,cstrfold_0001834,dev,low_triple,0.0004121089567203850913922848892873286538391191857938823524,19.457228170218343,21.732067397178437,0,0,0,0.0004156739900111510969926467608430358366466148707146119287,1.017409816915482697894397912047492936280722757213577322,3.809192616206341399422824608369049836770200890113620892e-83,3,ROOT_OK
cstr,cstrfold_0001835,dev,middle_triple,0.00000003214481730572320863331914968505881225134499837283784173,27.757954364870045,70.63582332182735,0,0,0,0.8301768606064496873605788735365278256918727040652576378,-157101865.7150905797796857675273791606514460022166137942,1.054219794323052322434857405127001900770996138236850755e-81,3,ROOT_OK
cstr,cstrfold_0001836,cal,single,0.02018741050180417608981297326420254194198333719154652982,87.93398480855528,19.487757933118477,0,0,0,0.9999941533884848323415031789938143854418755568095375059,0.0002896371347967590893479775521371962478786714322517482603,1.054219794323052322434857405127001900770996138236850755e-81,1,ROOT_OK
cstr,cstrfold_0001837,cal,high_triple,0.01777253649329564323083411244132245851356130754129987502,18.358017297348205,23.090075896172543,0,0,0,0.9979493799257683339541897675390853981678517163621251756,0.1162246154612128687866290680228150460133526183145185585,0.0,3,ROOT_OK
cstr,cstrfold_0001838,test,single,0.005259488447956048759916565446067199979924676366114853544,27.889856995867362,73.68625147893897,0,0,0,0.9999996892842204252971875869354515364868504520690985995,0.00005907727004708408446807367504337594144871319723808704865,0.0,1,ROOT_OK
cstr,cstrfold_0001839,test,low_triple,0.00000132903835825603225966495320972263236064302637649559334,91.12164622564744,21.050468146227015,0,0,0,0.000001329073775662357247459224798889362923576691017651789272,1.000053298849797421732492221386760788099820417369818658,2.514461236574128969583109255049354318454991666536678065e-83,3,ROOT_OK
cstr,cstrfold_0001840,dev,single,0.0003110568627005578144669726642442756809897979818823207861,19.732456304746883,22.722496947260368,0,0,0,0.0003131793900747922208596068757100302394347611523529507481,1.013714639053159889183959528269762541547876550893224332,2.110498611681891856436970391123392477129435628306195359e-83,1,ROOT_OK
cstr,cstrfold_0001841,dev,single,0.00000001328668613192487266268142325321772748229291174907740144,28.479703455907014,77.2662433962157,0,0,0,0.00000001328669959568455229742223040388222596589446193065837328,1.000002026655786389168781974271511108650377940157279171,6.218105986911705905205629280415660835488916795028114791e-83,1,ROOT_OK
cstr,cstrfold_0001842,dev,single,0.01886032279283595904513077994447596975207750734564446892,90.6738129586284,20.775094692780122,0,0,0,0.9999975798994604076237815906584350461887051798828139913,0.0001283209865264846138619397832848570049879460561930945372,1.054219794323052322434857405127001900770996138236850755e-81,1,ROOT_OK
cstr,cstrfold_0001843,dev,single,0.01794491008521604645669580012321646133265767672959929634,20.151105333482615,22.748930305600197,0,0,0,0.9987189556886427009334784692404466629225149922745814194,0.07175759649338087321998598735052349918209563989526373209,1.054219794323052322434857405127001900770996138236850755e-81,1,ROOT_OK
cstr,cstrfold_0001844,dev,middle_triple,0.00509363544662900083991030069511874225286863764465754528,27.272098158622786,75.9157696555113,0,0,0,0.01560069042018990113090254470094926158044020916030893415,-42.5627604339708135243245609466389598209414572514229709,0.0,3,ROOT_OK
cstr,cstrfold_0001845,dev,single,0.000001113932007809810849109832334624010119855131628762045666,90.0868899772234,21.385239260237498,0,0,0,0.00000111395730357610822217503020501533830847775026083005112,1.000045417840754052691825888083437377934844215495940206,4.926373474295574550562669072267827333238488271103447628e-84,1,ROOT_OK
cstr,cstrfold_0001846,cal,high_triple,0.0003900856688589662384186171053171345041356459677616737943,19.493500187200965,21.949924972590416,0,0,0,0.8086747121603773382319241991364531933430615760713081947,5695.228253103769923598275569214262741362534393456933452,0.0,3,ROOT_OK
cstr,cstrfold_0001847,cal,low_triple,0.00000002649379704697118046857275513189343165613560866437865467,27.26304368508166,75.97240510713608,0,0,0,0.00000002649384967185073256661136384571542595185484225460307134,1.000003972624677592841838809716750467635133677685987247,6.246600721749157253028542626812939572733053573966107596e-83,3,ROOT_OK
cstr,cstrfold_0001848,test,single,0.01950155370808196000237704219446622121721407671562987265,84.64206252114619,20.14464818750634,0,0,0,0.9999956032274621374787149093400534118285384756359145982,0.0002254695895030562785201194716705990111441998488070397216,1.054219794323052322434857405127001900770996138236850755e-81,1,ROOT_OK
cstr,cstrfold_0001849,test,single,0.01775783688558138950651171810062176308045156389855836261,19.970412788383733,22.988034157776298,0,0,0,0.9987066954786970465409673051384318763470478639279233277,0.07320627942814572403737567505481431901249929866443846178,0.0,1,ROOT_OK
cstr,cstrfold_0001850,dev,single,0.005402263129232984070480137490266531544105753454984871196,26.77418487634339,71.8879536118555,0,0,0,0.9999993762206313878251193779513835122062539661154593431,0.0001154666154742761818817550602049385432399954851311539663,1.054219794323052322434857405127001900770996138236850755e-81,1,ROOT_OK
cstr,cstrfold_0001851,dev,middle_triple,0.000001424928155726590348404767097792658006296726893123424685,91.87410364372468,20.90900025653735,0,0,0,0.9175472963318477688224505878935925867425101307418531382,-643232.5326592431856252577559209733088823560130014114041,0.0,3,ROOT_OK
cstr,cstrfold_0001852,dev,single,0.0003932943200764110266652324057145447129471317368836566701,19.34421759500553,22.05007678710231,0,0,0,0.0003965897824494751663081705595873835566007655897201224094,1.016859927132368424700628339714074512430544726609770953,4.529850678731865447962277912655086292375374031486468088e-83,1,ROOT_OK
cstr,cstrfold_0001853,dev,single,0.00000005726115170821408483029691476981040566032272963079909899,26.43414498849452,71.1448550360827,0,0,0,0.00000005726138170328479055951698118708179582275070511988190959,1.000008033221081730270234001401236361110994760698701554,4.700105894657935081186124237289138309714783265804768998e-83,1,ROOT_OK
cstr,cstrfold_0001854,dev,single,0.01839776213561121619492457347765731674617643109824924027,90.50101231640134,21.447682525481365,0,0,0,0.9999983961165494590043097317743126867806364210061177403,0.00008718000180810738964303516193527798385011214523200873769,1.054219794323052322434857405127001900770996138236850755e-81,1,ROOT_OK
cstr,cstrfold_0001855,dev,single,0.01775960621705290653499366997561075295457664905217423326,19.524609863987475,23.02190207314743,0,0,0,0.9985385146070974615224969677331598561857906603722626197,0.08275886006567096586238268568336253457489154518951222699,0.0,1,ROOT_OK
cstr,cstrfold_0001856,cal,single,0.005035913336013251101943863004656162285218694516859786346,28.00954561976977,76.8959980585396,0,0,0,0.9999997593441930391740191987824341766341311178441493912,0.00004778796823240699668577084505678167343749458002362341156,1.054219794323052322434857405127001900770996138236850755e-81,1,ROOT_OK
cstr,cstrfold_0001857,cal,single,0.00000319759172646290672192504663403036357784721678034498887,88.80315146124542,19.7685107322383,0,0,0,0.000003197783643960184596748903306474715370793706495803783856,1.000120044128786082841262221591533504619272975685797535,2.352594679561560091493192985531982848934298480486136214e-83,1,ROOT_OK
cstr,cstrfold_0001858,test,high_triple,0.0002512350432005124920151395057882753177497807220938869777,19.828208671111014,23.653153966798367,0,0,0,0.8189986154980217171855234392061744180687935343028207562,5734.809302736703755220396677541293988329897810394254651,1.054219794323052322434857405127001900770996138236850755e-81,3,ROOT_OK
cstr,cstrfold_0001859,test,low_triple,0.00000002916046895672263108820329347069843789704092180139312072,27.776798415931225,71.67847741833329,0,0,0,0.00000002916052905714202313491994780617538950528921194760333676,1.000004122053735362362325284904725645889794101958112472,1.873325775456701405386316484493018741441399760259429952e-83,3,ROOT_OK
cstr,cstrfold_0001860,dev,single,0.01897525099027163902608354845551200237212541711840062283,88.83388041705037,20.660878413100875,0,0,0,0.9999972327699766502117710545177250829450310771931734164,0.0001458387300816166725436718127719412325016857048512596918,1.054219794323052322434857405127001900770996138236850755e-81,1,ROOT_OK
cstr,cstrfold_0001861,dev,middle_triple,0.01841396737926226140472181772041416533761197495714955498,19.685193526930917,22.23022869374916,0,0,0,0.05350661022838276532368009684803640774299319465812269775,-2342.463636038596438647164416737184458433620217053284377,6.588873714519077015217858782043761879818725863980317219e-83,3,ROOT_OK
cstr,cstrfold_0001862,dev,single,0.005516014248745265629040200068042384001966521697359837493,26.486838230899348,70.457428543943,0,0,0,0.9999992090856362756264463996204000698658681814727130077,0.000143385602822710546973704218834872121682402262929971302,0.0,1,ROOT_OK
cstr,cstrfold_0001863,dev,high_triple,0.000002751480273699917367995071503783079501402684273215041419,91.6572365780938,19.877534700824192,0,0,0,0.9214247775665866545226620578237822554707291794463310766,88103584.79939307459435114009035707930738884112104082272,1.054219794323052322434857405127001900770996138236850755e-81,3,ROOT_OK
cstr,cstrfold_0001864,dev,single,0.0004124261627867871651678065041680728082250665192639266234,18.592743753132094,22.64896068471869,0,0,0,0.0004161566227461603004561548314882266434245720905073031642,1.018208665649825806381083463168621450767602701372232217,2.779681098312735615795034173674712043048524973866696327e-83,1,ROOT_OK
cstr,cstrfold_0001865,dev,single,0.00000004062024993895309710970219802713011402060709015595033933,27.072496721406416,71.66251951176086,0,0,0,0.00000004062036653293201336029462046524104337643394339861777411,1.000005740694541091713963612417921130656660530629845227,3.185415709582206596317778487445545730430169345888570833e-83,1,ROOT_OK
cstr,cstrfold_0001866,cal,single,0.01925632880426781536059629049239625390789498099207174231,88.18062265913338,20.38614564142151,0,0,0,0.9999966554423416584364005871667889024135982816702275593,0.0001736933842791480799737491217179709833309910773526962089,1.054219794323052322434857405127001900770996138236850755e-81,1,ROOT_OK
cstr,cstrfold_0001867,cal,single,0.01770791095054203336481022813559111753384103539103441887,19.251767936115023,23.100649153935024,0,0,0,0.9984367884266981923933334481151421516674540944742143996,0.08880227914131948383482913829173544181908224012319140956,0.0,1,ROOT_OK
cstr,cstrfold_0001868,test,single,0.00538328303940528750854143484164068810315795056785122381,28.661501020193988,71.9400078466704,0,0,0,0.9999997667940871081461099298171659397124803822104561954,0.00004332043742999593504087356569242362337568806235010487928,0.0,1,ROOT_OK
cstr,cstrfold_0001869,test,single,0.000001905126749066642731176655230078690127023428182175933209,89.3213356167651,20.56504412761815,0,0,0,0.000001905197764483826695331936940352543006767503942892460795,1.000074553973412555842202694857648176377666753448657782,6.363466993511512155169664821635099249591772992473910493e-83,1,ROOT_OK
cstr,cstrfold_0001870,dev,low_triple,0.0004354108958127340656851333751856932250258992646247204096,18.824176996588875,22.134400439369287,0,0,0,0.0004394715668491620295917742926621305900458429650598635302,1.018778013264070646352022581267583273540134128723790521,3.912143767995701977785603651838483616142368481738313349e-83,3,ROOT_OK
cstr,cstrfold_0001871,dev,middle_triple,0.00000003781179021245263856735197141104290193645548287683578876,26.446551098100603,76.54898331054059,0,0,0,0.817697221695362580576648971024199470728777221484626667,-590736754.607274901012840586631030866544452070581713142,3.162659382969156967304572215381005702312988414710552265e-81,3,ROOT_OK
cstr,cstrfold_0001872,dev,high_triple,0.01931534861677443990670209206805592956975695881033591647,89.09593062670245,20.232728045279455,0,0,0,0.9999964248087048507048817824926553154983203621220014372,0.0001851041025927731028184335613648630448581396359991420332,0.0,3,ROOT_OK
cstr,cstrfold_0001873,dev,single,0.01777310309333922146015294341275782006498681044982117093,19.033070437585376,23.036622322279054,0,0,0,0.9983147442888607703428255421998591235002632243010357619,0.09541911782691148809220237453937126724543079316578716829,0.0,1,ROOT_OK
cstr,cstrfold_0001874,dev,single,0.005149825326586324115133569662789112697545700096056605503,26.766123099269162,75.35649518724973,0,0,0,0.9999994864836662621603623680387838799720974639384621145,0.00009971550539107802600392215553878008825546919481328081302,1.054219794323052322434857405127001900770996138236850755e-81,1,ROOT_OK
cstr,cstrfold_0001875,dev,low_triple,0.000003639189127178405166029585790828269474531259782290685397,87.22234263743294,19.643094695437313,0,0,0,0.000003639436055577767171404279815519146393154780441032138858,1.000135712016364206006621091959818216760387571963673869,4.638029818698029493195041829425702255856284508623351958e-83,3,ROOT_OK
cstr,cstrfold_0001876,cal,single,0.0003497183934785638957601527726242429844358594788267235722,18.4556429666075,23.63634377395194,0,0,0,0.0003525188713872528638382821189855602092743537952658923584,1.016108321061093473710774444400491513130440429179665657,3.603290312627620242697266521430182278025865706864235979e-83,1,ROOT_OK
cstr,cstrfold_0001877,cal,single,0.00000002443089461850560462985400041765319709272199203487786413,27.32782154645206,76.60159037351544,0,0,0,0.00000002443093974284378499610995638446619972023487227068481366,1.000003694043941085870552441806288863912901643656105892,2.560394642310226737395115774077769902391182163044032914e-84,1,ROOT_OK
cstr,cstrfold_0001878,test,single,0.01834761388163386594579062047108746625097788803749884537,85.8874288285809,21.358782167669723,0,0,0,0.9999979685482978376964466979229662026818809912499504452,0.0001107230684390523896850520312309313784424229261951323592,0.0,1,ROOT_OK
cstr,cstrfold_0001879,test,single,0.0179265398661396803079297914463389997614528237213169676,19.699954424751862,22.80139871841403,0,0,0,0.9985579047416696953146386754536172756347831969594247539,0.08090027720038804352509806570989571448248255185646465684,1.054219794323052322434857405127001900770996138236850755e-81,1,ROOT_OK
cstr,cstrfold_0001880,dev,middle_triple,0.005512857482133257829841766165411008435784813709347864377,26.241955383011856,70.52369955955908,0,0,0,0.0157216161115635304345626482953000612820899642258976394,-606.4057925832277132044677098301636734595006208049830942,0.0,3,ROOT_OK
cstr,cstrfold_0001881,dev,single,0.000001691950012716112208502702392124497225687897987033021586,90.2684081379389,20.69435375486818,0,0,0,0.000001692006394433831286784945790236872366057290827886368114,1.000066648676079784601550130545234759649419921637248856,1.937170695974023070209010360907275450139575347094310794e-83,1,ROOT_OK
cstr,cstrfold_0001882,dev,high_triple,0.0003893645406496810676191073304333031197035354673346725436,19.83711792390062,21.612471040314606,0,0,0,0.8050389727192079373270846187307371797687293648995640853,10812.82428127370281317626627112532288301782984888273485,1.054219794323052322434857405127001900770996138236850755e-81,3,ROOT_OK
cstr,cstrfold_0001883,dev,low_triple,0.00000002157078508003600725334249780109049184349391852169164315,28.072041246827162,73.6429581912521,0,0,0,0.00000002157081888079253082376526686418199925047778301095674269,1.000003133942056324264884376820754267006222651021789332,1.623029557852599847895802712610819294802511108087410017e-83,3,ROOT_OK
cstr,cstrfold_0001884,dev,middle_triple,0.02005874705254729492473654446673699287153984293780124766,86.39119050137386,19.60988542869279,0,0,0,0.05563076681943107211734682558061216587984107254784983409,-558.352110798526837995579639748198962508858784986742253,0.0,3,ROOT_OK
cstr,cstrfold_0001885,dev,single,0.01898187785578181408672361660429251010241308607765272967,19.384794303581458,21.62099040323235,0,0,0,0.998068152638623667762175545901209666268510191421346602,0.102533816307036739567356618565469663859626488398291679,0.0,1,ROOT_OK
cstr,cstrfold_0001886,cal,single,0.005295263642569011324462096708587848666957834043649694274,26.463641681139617,73.35142776161896,0,0,0,0.9999993235977662613949470797606072395627547520664389619,0.0001277375747216382024443873340573992748633863236268426443,0.0,1,ROOT_OK
cstr,cstrfold_0001887,cal,high_triple,0.000001332026390666166010564955468459526494304518131868457652,84.60363015413806,21.39849547432999,0,0,0,0.923296376599376878189875024397758108174914878300529617,13172833.80299413251449594017667411505491598501806606927,1.054219794323052322434857405127001900770996138236850755e-81,3,ROOT_OK
cstr,cstrfold_0001888,test,single,0.0004407793007992480261968786820702915602288208429705400445,18.44102143678976,22.501330094822617,0,0,0,0.0004450146360867398706293875238158610757189941051793137145,1.019351030834213514953200990789832907512059063978578839,4.890179709994627472232004564798104520177960602172891686e-83,1,ROOT_OK
cstr,cstrfold_0001889,test,single,0.00000004447461586802553581297366333371325145590939440240349052,26.32599783259312,75.13372157668202,0,0,0,0.00000004447476250459976044231540406597152564678858807330849753,1.000006594185222934604819017260773618946419689439064646,3.680597931064174392819170242853793349047336524720595311e-83,1,ROOT_OK
cstr,cstrfold_0001890,dev,single,0.01865238203238816683196748648527480120016723471697285704,85.3919414801738,21.012902215143843,0,0,0,0.999997455169272965195903552204851721827234009324662698,0.0001364389755488200472002213045338679790029346181221166026,0.0,1,ROOT_OK
cstr,cstrfold_0001891,dev,single,0.01872576128858107394890943878359311747897470375947853752,18.63960700048123,21.955264148983176,0,0,0,0.9977458210574654468137403795228280092149170673899839171,0.1213738070190585548244067457532953889244280623110938137,1.054219794323052322434857405127001900770996138236850755e-81,1,ROOT_OK
cstr,cstrfold_0001892,dev,single,0.005217233867225967016087238001797151456038954205398893439,27.009267069982776,74.36951031399443,0,0,0,0.999999523922875301906277761788891540361826366628496593,0.00009125105498046231450656650569973366700488519285334244387,0.0,1,ROOT_OK
cstr,cstrfold_0001893,dev,single,0.000003186634547505682839798809040162402068281277957180541991,86.38792513745466,19.882319522269952,0,0,0,0.000003186826307801514371935799664390392427040633262984943911,1.000120358243594308588307219506311761484138466851397371,4.067374801553097224848231428319739236601964928484919943e-83,1,ROOT_OK
cstr,cstrfold_0001894,dev,low_triple,0.000302415999213566746558262193355440257145374222880229299,19.547951568584974,23.053612263436232,0,0,0,0.0003044525553729117373476686016165133641868753892180341934,1.013534238730027840988488713353238232557580194657995579,3.654765888522300531878656043164899167711949502676582207e-83,3,ROOT_OK
cstr,cstrfold_0001895,dev,middle_triple,0.0000000502086810945017732659572661361803997010537588110741714,26.00062275279263,75.68203726462804,0,0,0,0.809894987989437353241236593078201670762745884140717826,-90942206.37023464896529881005805930928690115342294496913,2.10843958864610464486971481025400380154199227647370151e-81,3,ROOT_OK
cstr,cstrfold_0001896,cal,high_triple,0.01869859735343848464905539664551569150141719558399903214,85.34253846248133,20.96097448168578,0,0,0,0.9999973700361110539156544224638456437853434041110213796,0.0001406549576142156933465593835493606670796756082520150823,1.054219794323052322434857405127001900770996138236850755e-81,3,ROOT_OK
cstr,cstrfold_0001897,cal,low_triple,0.01720627367957218676680551234709438345187943238824163542,19.49736359143781,23.672183205219024,0,0,0,0.04660459395922129320528743005581953609634457748725629996,44.65922436611108184878535057676164194747123777339606257,6.588873714519077015217858782043761879818725863980317219e-83,3,ROOT_OK
cstr,cstrfold_0001898,test,single,0.005507763398135968725765866940706791556062373542328783005,26.30683562031113,70.58143044774502,0,0,0,0.9999991366758915472965915621372379481376781461824343377,0.0001567473362522050431060023828479059934865684846059035736,0.0,1,ROOT_OK
cstr,cstrfold_0001899,test,single,0.00000159732158722145217961725569508919233718226953883327993,89.17928916138393,20.85358607636478,0,0,0,0.000001597372244768548675666596656402345661854027813241181514,1.00006342960801741572206068327675443908045204360506097,6.52714323873912838717611431652595685976549256197098014e-83,1,ROOT_OK
cstr,cstrfold_0001900,dev,single,0.0003412413435652995847103028372014910393617984750527184993,19.99489023213387,22.03800275887798,0,0,0,0.0003437168360724122740351941434738866761658003617847808914,1.014585016625646432521319584770237268886633756016736184,1.698694004524449542985854217245657359640765261807425533e-83,1,ROOT_OK
cstr,cstrfold_0001901,dev,single,0.00000002237946401750645412437240525661520776160198153604145621,27.952217922568103,73.85005318578195,0,0,0,0.00000002237950050384397463437478839574907534616469427547999515,1.000003260701955134658626435121400189473460083325962879,3.199704706113517994950405412790363382669690165185113231e-83,1,ROOT_OK
cstr,cstrfold_0001902,dev,single,0.01932599262398520925502421496485358438011864936874108007,89.4084856421151,20.303956020009746,0,0,0,0.9999966281659262060154551155415696751569955734979913268,0.0001744788007596382663055751497531950197836572165238831029,0.0,1,ROOT_OK
cstr,cstrfold_0001903,dev,single,0.01846327065338007924037671396172717893024768661891096362,19.403032525761628,22.20249754949893,0,0,0,0.9982631168453780039230591506449773746487309252862925651,0.09470332607946020143255656180231540140097731993339522183,0.0,1,ROOT_OK
cstr,cstrfold_0001904,dev,middle_triple,0.00547620509309935092461192963655481890292453507593822181,28.439555716323532,70.75645990735921,0,0,0,0.01564000276486745191718596234512151312518082845416034069,-303.8619804756665590584041052000093928070659906140339812,0.0,3,ROOT_OK
cstr,cstrfold_0001905,dev,single,0.000003876430905318190708138480649734825710265340602121531827,87.57339484875013,19.519884251849437,0,0,0,0.000003876709228059239569742130557797990965359813447245232273,1.000143605081334622848644691483913721137403641379727995,5.961515133302660990819673985901899786769579602517347562e-83,1,ROOT_OK
cstr,cstrfold_0001906,cal,high_triple,0.0003904186654476585557464354323855961578562865017654700385,18.656013984083156,22.842901854838733,0,0,0,0.7861140443072420578347098836597487001930733825172094088,153883.042348817896512333690398539608854616442573963579,1.054219794323052322434857405127001900770996138236850755e-81,3,ROOT_OK
cstr,cstrfold_0001907,cal,low_triple,0.00000001356814620833902126770311882931869452019019111817450488,28.509710577500307,76.81804936456825,0,0,0,0.00000001356816016605286912275746103596345368833272623032388189,1.000002057425405543493221065693310089626631494546678992,4.736928022922440268515585003569099366057611762320924869e-83,3,ROOT_OK
cstr,cstrfold_0001908,test,single,0.01833962154839705039452636880813783363474369909251585137,89.38833847408003,21.33792165488146,0,0,0,0.999998199060846802199606467301227474014834313517683393,0.00009820164552497616925100250291684430697788879783080142547,1.054219794323052322434857405127001900770996138236850755e-81,1,ROOT_OK
cstr,cstrfold_0001909,test,middle_triple,0.01845567346465776391146429553703312926553174414556726168,18.886391030687168,22.23341888115969,0,0,0,0.05513848129698963733845782589602785111025651448053320541,-131.8019620149275921576925342817132019862076343189801539,0.0,3,ROOT_OK
cstr,cstrfold_0001910,dev,single,0.005229762864963840427191089258406942450444345360006231422,26.363068768626462,74.44624942212914,0,0,0,0.9999993295788198454326213849531276686658373044941844246,0.0001281937702323242943012745986936710332947885677291343644,1.054219794323052322434857405127001900770996138236850755e-81,1,ROOT_OK
cstr,cstrfold_0001911,dev,single,0.000001646857477834766190229128378234706941951975558928991368,88.57571366503385,20.835270798876568,0,0,0,0.00000164691127646919713097580085472546913389763265011055332,1.000065336486263534983441055813256809710280576486288856,5.767677417824255526871004068119606499045420308911481296e-83,1,ROOT_OK
cstr,cstrfold_0001912,dev,single,0.0004578232520237909356689413019417946065629827752873055789,18.604858669867088,22.131672628364747,0,0,0,0.0004623152233960226630338465712205639815421059921429602849,1.019762462330051224084908050793695610031983309639532238,3.088534553680817350883371304083013381165027748740773696e-83,1,ROOT_OK
cstr,cstrfold_0001913,dev,single,0.00000005237380112858312772206774730567632671173535204985342903,26.51428769643954,71.78453788763625,0,0,0,0.00000005237399529268721488092292536119737293974507172968262532,1.000007414570864542702128766495121357952641019631272916,4.166920220659972852437534749037681737384062034595660782e-83,1,ROOT_OK
cstr,cstrfold_0001914,dev,single,0.01922500051644293241839691079868952525001891439925505895,90.33683063832419,20.403863577586495,0,0,0,0.9999969271020095704321704935585030040444451450413959647,0.0001598448208311088783177037877328151450630328268938172227,0.0,1,ROOT_OK
cstr,cstrfold_0001915,dev,single,0.01872183414140814273210585691715042008084988911452172407,18.552134096866425,21.96548194655363,0,0,0,0.9976914084122909827206164735745135742630819966515921824,0.1243476834824318796488957633238522249011728554943507808,1.054219794323052322434857405127001900770996138236850755e-81,1,ROOT_OK
cstr,cstrfold_0001916,cal,high_triple,0.005145809060067589243894920539977150407694902198427542021,26.763239256793366,75.41310406057163,0,0,0,0.9999994872715719620487238737030766431162312549880124421,0.000099640215824461534801368743790014055552600625029940163,1.054219794323052322434857405127001900770996138236850755e-81,3,ROOT_OK
cstr,cstrfold_0001917,cal,single,0.000003142574054417566717147120437766790512712631335848162218,92.25262217513092,19.645150316523925,0,0,0,0.000003142758205705238386142910817638597254895681695764845079,1.000117202844128476819121255630836522567321863744704001,1.615046193695594073066096244426742413900879093612362912e-83,1,ROOT_OK
cstr,cstrfold_0001918,test,low_triple,0.0002884035279568876560685442378903534244570779046686158567,19.104737083427164,23.839040312540178,0,0,0,0.0002903214487253299637999723544189745941701412762677822282,1.013364242261509110397722628739368378425631148223218159,1.338364973261687518716127565102639131838178691121001935e-83,3,ROOT_OK
cstr,cstrfold_0001919,test,middle_triple,0.00000007179221707946172002800785864734289020653006686659635769,26.01605812678939,70.83634710149228,0,0,0,0.8090475722589981152935856416359128864051936741555996715,-32221198.98900433525686005770866911673332052635951819848,2.10843958864610464486971481025400380154199227647370151e-81,3,ROOT_OK
cstr,cstrfold_0001920,dev,high_triple,0.01960599439267400751815584768095884010010869597485945083,84.37632024839267,20.043639885102756,0,0,0,0.9999952825511217809670089643439266445417691651976903674,0.0002406263000294033165231812266670616642839508593534905249,0.0,3,ROOT_OK
cstr,cstrfold_0001921,dev,low_triple,0.01716486733706286762983473431380937216710905021964110251,19.472946587200383,23.777274934199294,0,0,0,0.0497550935899891746182138605755342157367126831021678918,3042.249209187557970772181903280360517988847715229485523,6.588873714519077015217858782043761879818725863980317219e-83,3,ROOT_OK
cstr,cstrfold_0001922,dev,single,0.005077611915969634749761585064304851534817482244562186036,26.327643660303846,76.46517726777924,0,0,0,0.9999993849745333936451236041595717851680523679828647673,0.0001211252446794360908998704075344202288176012335090183631,0.0,1,ROOT_OK
cstr,cstrfold_0001923,dev,middle_triple,0.000003255545460162869189093584530067980520202108742110173344,87.2717065617667,19.81145034053474,0,0,0,0.9186366268386799242186296575827117603529247743195441359,-1659302.274032789331190935693007076275424489798973306276,0.0,3,ROOT_OK
cstr,cstrfold_0001924,dev,single,0.0003374742382004082237202134281537967822428479367867372692,19.04209613650849,23.10188566933193,0,0,0,0.0003400188088374907150093289581860348870654954565480230647,1.015162354681015242202336767998860388897122100173505035,6.125593531466954412585353086431309872643971701669201164e-83,1,ROOT_OK
cstr,cstrfold_0001925,dev,single,0.00000002630795931210832008334296210605919468148928495420225054,27.160957236577897,76.70209987191801,0,0,0,0.00000002630801170634457056405347475836557355090991834156490775,1.000003983152924380589515421358035851587098684332025335,8.632432713163123520013063722112474300084654329592552084e-84,1,ROOT_OK
cstr,cstrfold_0001926,cal,single,0.02008191410349711311253867748218350300120056111603032271,87.8035996107818,19.60848976543639,0,0,0,0.9999945553823896445895343036015843075319247327011527541,0.0002711383177314545757036362825138387695286308922539567475,1.054219794323052322434857405127001900770996138236850755e-81,1,ROOT_OK
cstr,cstrfold_0001927,cal,single,0.01747827285620487884641671257694847042840280250941753009,18.451491152292274,23.451387515384855,0,0,0,0.9981135828214517790649818418406321494531764693118392286,0.1086579346462292608291142517989444641405263407103179242,0.0,1,ROOT_OK
cstr,cstrfold_0001928,test,single,0.00540387635567731121400295224738280094666730087563499789,26.595573647543873,71.88441668520734,0,0,0,0.9999993140857115749517908334739279500271354970472858472,0.0001269304179813804056452947712124904978806157155024121957,1.054219794323052322434857405127001900770996138236850755e-81,1,ROOT_OK
cstr,cstrfold_0001929,test,single,0.000002003964117804522391124754561737606965577030554310055569,88.04217343159303,20.547640416852634,0,0,0,0.000002004042623200303985084533037327153042133950060083287721,1.000078352382072705589693099077400286196565468057492882,6.486324715666393626614309344212880576147230802010408717e-83,1,ROOT_OK
cstr,cstrfold_0001930,dev,single,0.000352873148971302422892010454015058148341093143340771044,19.63807946858291,22.24303970721576,0,0,0,0.0003555473025869726503758957372613584659205245310463626896,1.015239647141036807472987665280627633788284701365447334,3.809192616206341399422824608369049836770200890113620892e-83,1,ROOT_OK
cstr,cstrfold_0001931,dev,high_triple,0.00000002151351460950764983554210261428196124426104159139797506,28.321079007840083,72.28104772831385,0,0,0,0.8382678757420449771949302101491293427302963643487068922,1099116519.672232490720144027764943368197481416948820105,1.054219794323052322434857405127001900770996138236850755e-81,3,ROOT_OK
cstr,cstrfold_0001932,dev,low_triple,0.01853940604452732550343669944013413896790731701487193623,84.46051395945281,21.132191370126577,0,0,0,0.05037239035645159385354419101015196556439818656555717698,182.3721998467554557102791713066213061624132935190453683,0.0,3,ROOT_OK
cstr,cstrfold_0001933,dev,middle_triple,0.01887170159564198637994417367598161891991364011989447558,18.629786212605264,21.793122876713163,0,0,0,0.05573163407025225733111907134727069047979845488064364099,-258.5755910534373028252094948839111662727483717898892101,0.0,3,ROOT_OK
cstr,cstrfold_0001934,dev,single,0.005516893704994244858264785211278614555973082946560626926,26.325983332671086,70.59373931589442,0,0,0,0.9999991475913203998356400241696662385297749646145583238,0.0001545093639792321239278759993756121524637982466045900208,1.054219794323052322434857405127001900770996138236850755e-81,1,ROOT_OK
cstr,cstrfold_0001935,dev,high_triple,0.000001883031294759520368647740780905048168106943036626793015,89.4078267668374,20.579496349124526,0,0,0,0.9234158471594054315855926109192112266909506636119915045,3703324.042799964607489102838174392611956546963263999075,0.0,3,ROOT_OK
cstr,cstrfold_0001936,cal,single,0.0002664818036077892023313093307172213992522189243618427273,19.431871424143303,23.79494178896363,0,0,0,0.000268114866509736466449766490121043072350094157630320231,1.012310825154708513096689184262403189794848586379035289,4.787228558205266893869225521328670740805793010548199229e-83,1,ROOT_OK
cstr,cstrfold_0001937,cal,single,0.00000006628183052280421221592403967495643190291496662994816968,26.07102725947005,71.491589504859,0,0,0,0.00000006628214021428232616237762745168097656662978261606159772,1.000009344718825534065361054693612381895647808453172114,2.173573786343854837736138850495107337806792701348716287e-83,1,ROOT_OK
cstr,cstrfold_0001938,test,single,0.02010178896725395778381432480460644553789140731741746344,90.567457953375,19.573397038040653,0,0,0,0.9999949085743391764298505343347858127503339721327979713,0.0002532979947430863161164028144244059317458159775747604149,1.054219794323052322434857405127001900770996138236850755e-81,1,ROOT_OK
cstr,cstrfold_0001939,test,single,0.0176228021629082117964908029759527584601690942547326583,19.349676836030973,23.199235182865937,0,0,0,0.9985054267233729534020062582008837593525671599791368877,0.08529400604884448553076271224169983626985327217854273452,1.054219794323052322434857405127001900770996138236850755e-81,1,ROOT_OK
cstr,cstrfold_0001940,dev,low_triple,0.005346295431515760841505953151712270536740766926396925117,28.50271322738902,72.42653211504566,0,0,0,0.01474924883947222514543122357880840192927439110762213795,122.5132827511274270038173398234408082043642412384830806,1.647218428629769253804464695510940469954681465995079305e-83,3,ROOT_OK
cstr,cstrfold_0001941,dev,single,0.000001712691789303354022960740605518230226220493916558965186,88.36095107455095,20.78317051928776,0,0,0,0.000001712749822460302071556792967906781041715145896516074481,1.000067770066517802654154837157653786971626948734523652,5.927332133685099861285157506624939352212414581860711395e-83,1,ROOT_OK
cstr,cstrfold_0001942,dev,middle_triple,0.000248048844526435653808833239532385535904288724672360369,20.010474170840485,23.483519956818746,0,0,0,0.7899567728757454693127588845502855102773839789130136741,-13579.15205673412777970751251518227266911605186620517457,1.054219794323052322434857405127001900770996138236850755e-81,3,ROOT_OK
cstr,cstrfold_0001943,dev,single,0.00000002406545659461846177545860487978855433692738183402443505,27.91810006780952,73.192955391393,0,0,0,0.00000002406549840500060134512390744902134510600547333028438041,1.000003474726117437575773897874173029512808328961423959,6.018303526509225091585885875877181023407516895565941194e-83,1,ROOT_OK
cstr,cstrfold_0001944,dev,single,0.01872843556090821652206091479081848782766532691319722619,92.53950547808623,20.90874025356942,0,0,0,0.9999979081840603767820855508642424434245679543625880464,0.0001116949909101721570489550729922523039492184378187044821,1.054219794323052322434857405127001900770996138236850755e-81,1,ROOT_OK
cstr,cstrfold_0001945,dev,high_triple,0.01754009648662127303892266230342552867882484130764048563,19.977297004952632,23.253038973267667,0,0,0,0.998765842241205324693244489141623177911758342595996627,0.07070861762834948740764145074147336473035770671988701888,1.054219794323052322434857405127001900770996138236850755e-81,3,ROOT_OK
cstr,cstrfold_0001946,cal,single,0.005003437194018841111812031323716079178894783227555937705,28.24466211785168,77.36292253486643,0,0,0,0.9999997935111128602516822044084104567774356612047848474,0.00004126944587074783932794909712843459700560089473583101931,1.054219794323052322434857405127001900770996138236850755e-81,1,ROOT_OK
cstr,cstrfold_0001947,cal,low_triple,0.00000194825653765341499057631372684981582513353686508367257,91.76758209486304,20.413985923834222,0,0,0,0.000001948330231532237228639806446938338678880004153365274835,1.000075653230909177726847633924783862287805647774296274,3.135184294335371362954005558155100562443041188695712466e-83,3,ROOT_OK
cstr,cstrfold_0001948,test,single,0.0004125745549369868605272992284255828478233015479381127975,19.405105147334663,21.77128106079533,0,0,0,0.000416154537940435585049959365996227001833445075974461826,1.01746341770974298996277870743094942524638166307451995,3.397388009048899085971708434491314719281530523614851066e-83,1,ROOT_OK
cstr,cstrfold_0001949,test,single,0.00000002099825907097234701214730524443130788515195656480453109,28.409494674891725,72.08497764309507,0,0,0,0.0000000209982904143185186263992338330713477834316328002787201,1.000002985331336799572340151724549247970703593142986257,4.328108144591898972808751059039995904159870326853754708e-83,1,ROOT_OK
cstr,cstrfold_0001950,dev,single,0.01956932080861944394895218369251277731091416720758637936,84.49047350915053,20.17689816551739,0,0,0,0.9999956854620811223737473270588381480885854242207289754,0.000220486142781662224913089249876296999581135535448362624,1.054219794323052322434857405127001900770996138236850755e-81,1,ROOT_OK
cstr,cstrfold_0001951,dev,single,0.01741193580179299947364854402409233377174163355103073944,18.915031155914278,23.591965970656084,0,0,0,0.9984062176842198078431577590580412669678903811271627923,0.092073653101630699582518287452947104249960889532904514,0.0,1,ROOT_OK
cstr,cstrfold_0001952,dev,middle_triple,0.005056417429194440778545131932828995037955469784277724611,26.599269157350484,76.62965463806123,0,0,0,0.0152135536946345504617061424494806227963691110650141284,-55.19109165127508165914638991449188424869641988495634212,0.0,3,ROOT_OK
cstr,cstrfold_0001953,dev,single,0.000001814623359943671051493184131371838324467635995121692556,83.99249532231578,20.925569316320445,0,0,0,0.000001814688975537400656778353155942714447506159072155722647,1.000072320634247367951016957468814341213192083837736162,9.681831950503343453452755748150852493691151438923714419e-84,1,ROOT_OK
cstr,cstrfold_0001954,dev,high_triple,0.0002355708038997398181873103179546348467719979351226695849,19.987356546353052,23.747429793989596,0,0,0,0.8037798881854917035343654163433698240770292663403076504,33409.83509612343691628380808990226260827713154364912597,0.0,3,ROOT_OK
cstr,cstrfold_0001955,dev,low_triple,0.00000006420965111807773002168344783783807315378488631298955853,26.155731859500033,71.37907051114045,0,0,0,0.00000006420994128440566304920656255750487667421344723044306173,1.000009038120609237035871382630816747390910595887036149,1.357153055772074977780135703528762605978973435930439828e-83,3,ROOT_OK
cstr,cstrfold_0001956,cal,middle_triple,0.01980090351176013471255194973909933847804237890997124473,86.394461205694,19.85050817117636,0,0,0,0.05515870879074450969046449582394881730864984172987655632,-299.0497690095084524690816241063184892142577624126137357,6.588873714519077015217858782043761879818725863980317219e-83,3,ROOT_OK
cstr,cstrfold_0001957,cal,high_triple,0.017662692092697308268440626021640762263832841657139464,18.649171490830906,23.200312512934612,0,0,0,0.9981557386046029495250691318807906438892482713258695712,0.1051164069236805893692752778961165139489930449297383611,1.054219794323052322434857405127001900770996138236850755e-81,3,ROOT_OK
cstr,cstrfold_0001958,test,single,0.005342785301512793343271607478704263923620968222992957924,27.643005673270856,72.58005001301325,0,0,0,0.9999996213466572528461531470970857517186266387575011486,0.00007087202080127216903020633769105410268036019072451409468,1.054219794323052322434857405127001900770996138236850755e-81,1,ROOT_OK
cstr,cstrfold_0001959,test,low_triple,0.000004095895311121343053243536148679888454908334636833100069,84.57313008614216,19.575361504939792,0,0,0,0.000004096206973266506361331993269920690502636606811411163832,1.000152191272197276339818862799135673116192324953930077,2.390397055609215928860775915555915564797516268035827975e-83,3,ROOT_OK
cstr,cstrfold_0001960,dev,single,0.0002749946580876644176477159610638516312575445444484032679,19.620073615250607,23.42423358297684,0,0,0,0.0002767056777967986258229140312363701250888393322777330796,1.012500073917932471949205421107418170266140617146640905,1.647218428629769253804464695510940469954681465995079305e-83,1,ROOT_OK
cstr,cstrfold_0001961,dev,single,0.00000003816861432922531916018162586283883945834387141303505069,26.52946919714065,75.85706106814209,0,0,0,0.00000003816872338467500547558145653297278033415785540201737908,1.000005714416373444885871619737926439802344089517268331,1.18563482827925354546870889868613171964213953816508306e-83,1,ROOT_OK
cstr,cstrfold_0001962,dev,single,0.01994708221424464743339202639195731919947038797994089548,92.45890732510519,19.711137687507282,0,0,0,0.9999955945189039478798339455348132044503114857709676075,0.0002208704799706629955927793357492580512415359038912583764,0.0,1,ROOT_OK
cstr,cstrfold_0001963,dev,single,0.01797259290387387686898396296832888494199648580665312227,18.568539389292116,22.84181476330999,0,0,0,0.9980032932831751933902144876306616505401275469998347712,0.1119018625805492481395475280717111287361042320057638376,1.054219794323052322434857405127001900770996138236850755e-81,1,ROOT_OK
cstr,cstrfold_0001964,dev,single,0.005145530925761332974510699026957051891306170228798437292,26.79573769791501,75.41474757755067,0,0,0,0.9999994962955617693185947241294269321901211672144754638,0.00009789184184323380180586948426277993439134397885358992601,0.0,1,ROOT_OK
cstr,cstrfold_0001965,dev,single,0.000001946664457171856344177404530032358605752381579424741898,87.36538497457013,20.628585211623424,0,0,0,0.00000194673884396869134748387272310233893470260169535784461,1.000076427047987918854161359146063909076837565255491299,5.832021887692605888347740970288002611153025053676914081e-83,1,ROOT_OK
cstr,cstrfold_0001966,cal,middle_triple,0.0002494854018948669849274855630087408964334081012907614921,20.172105543592917,23.274464680124588,0,0,0,0.8005451201342704932851969762308669416908382338127181269,-149803.5271848046534289369537926005053445084084951101062,0.0,3,ROOT_OK
cstr,cstrfold_0001967,cal,high_triple,0.0000000499449112563003872309714223664174359913389932311212116,26.02014454129448,75.6137568580263,0,0,0,0.8182955300143558213860179007541708775696595015170543522,202635401.5223652252497863814281877916915176994121022295,1.054219794323052322434857405127001900770996138236850755e-81,3,ROOT_OK
cstr,cstrfold_0001968,test,low_triple,0.01962509355988356802451094580098691267070880501210933095,90.97350835634288,20.001983091198106,0,0,0,0.05288745663976053269336341389911018823606514689717086655,121.5779161148745407382279124259125517853845010755410343,6.588873714519077015217858782043761879818725863980317219e-83,3,ROOT_OK
cstr,cstrfold_0001969,test,middle_triple,0.01821104398377412030345254201049902519511808494137648872,19.518817385808504,22.474762529942396,0,0,0,0.05355038171166461549258126613351578675805792368028440663,-262.2721653603604501292592755914561365822854987634254909,0.0,3,ROOT_OK
cstr,cstrfold_0001970,dev,single,0.005330336269311537438977916416606442947996698308563679788,26.424647340956117,72.95193862112788,0,0,0,0.9999992941618473355949184941724440124740894442721936397,0.0001324194550946756527883035152589343511373111151398994757,0.0,1,ROOT_OK
cstr,cstrfold_0001971,dev,high_triple,0.000001244135852023392885594524278539618701370557760283993038,90.73336933219345,21.175071324590995,0,0,0,0.9247025967117501333859132820997919292086060091050296385,21722639.9646450581242281403299480907834685288486130265,0.0,3,ROOT_OK
cstr,cstrfold_0001972,dev,single,0.0004714404864430790310648268280469831792406427039977310874,18.551094512825305,22.05198840902224,0,0,0,0.0004761874171503379004620766816622300968746670910772841419,1.020284681739581979356982063156901964459725354491164097,4.632801830521226026325056956124520071747541623111160544e-83,1,ROOT_OK
cstr,cstrfold_0001973,dev,single,0.00000004655157500745697218230805616131466157940351142852927838,26.22608285980258,75.17850922595156,0,0,0,0.00000004655173575674211763628791993269963376890944085712300331,1.000006906305126860365755646418088314165214879674597565,6.011369530171361358784169159906202008787327263158845972e-84,1,ROOT_OK
cstr,cstrfold_0001974,dev,single,0.02003509210244443792738141357172948831571784550361258524,87.0862735231006,19.63006157752606,0,0,0,0.9999944894734963593247984943678976187065328250813996362,0.0002750620308313769607263349190213918130339953130032401924,1.054219794323052322434857405127001900770996138236850755e-81,1,ROOT_OK
cstr,cstrfold_0001975,dev,single,0.01802071149991967214681643946129966541297497504106616717,19.74203333178247,22.817232558979192,0,0,0,0.9985876576560907901437861042659757288450253525377602985,0.0788091307391667610470157313928993000556554793595882242,0.0,1,ROOT_OK
cstr,cstrfold_0001976,cal,single,0.005126707393311652331758679040526982800101682920336296402,26.08833743846514,75.77222393841963,0,0,0,0.9999992722777962595554569346026002738722073932964813376,0.0001419476967492671129394891022660446945014855340542831549,1.054219794323052322434857405127001900770996138236850755e-81,1,ROOT_OK
cstr,cstrfold_0001977,cal,single,0.000001686192739701833394366948592439065785288850577528632972,89.60452036587498,20.745750190476496,0,0,0,0.000001686248884504821951426606175011876760103059090314024082,1.000066595224922072565130014481834889106915418230421904,7.594658209148728603051102484063503607200722530594988445e-84,1,ROOT_OK
cstr,cstrfold_0001978,test,low_triple,0.0003951503365460279671329728881308240248525221212175498902,19.599153611706047,21.777836515244317,0,0,0,0.0003984336405040837529880039830802829047448809096352562516,1.016718022417913911343100785860209456780832867450078168,4.529850678731865447962277912655086292375374031486468088e-83,3,ROOT_OK
cstr,cstrfold_0001979,test,middle_triple,0.00000002551654595673118405921574428159073653616177884993827734,27.085142613493666,77.622347431219,0,0,0,0.8231165926546373007796994745709698198059830051251518246,-3389043662.539884220435630821912040440145588040562898463,3.162659382969156967304572215381005702312988414710552265e-81,3,ROOT_OK
cstr,cstrfold_0001980,dev,high_triple,0.02001107808137065141893149736825276610647431832688191625,89.56256111131506,19.645091415073324,0,0,0,0.999994967805327609968934256754798687975686684791188897,0.000251485898991015413533395449677680877836537083730035579,0.0,3,ROOT_OK
cstr,cstrfold_0001981,dev,low_triple,0.01792682098585849203077298901891314791570119555358167915,19.593447507563848,22.80845780512715,0,0,0,0.05188669241916350409117564265668820045132164678405812941,1285.959644295163747375559581361199538364902480332444515,1.317774742903815403043571756408752375963745172796063444e-82,3,ROOT_OK
cstr,cstrfold_0001982,dev,single,0.005250416170925073468736720653488142146275878981418587873,28.597203271551237,73.74003237193848,0,0,0,0.9999997858368573416919431442728868328321555931721437107,0.00004078978768982775055322863837605479408575851863889207561,1.054219794323052322434857405127001900770996138236850755e-81,1,ROOT_OK
cstr,cstrfold_0001983,dev,middle_triple,0.000002291986070086772862161781190386552078178176660296295981,89.73379495140912,20.25169324334915,0,0,0,0.9213518482207043890037081553144869643187321642954344285,-5504818.62360654706949786322233963266824190704344066674,0.0,3,ROOT_OK
cstr,cstrfold_0001984,dev,single,0.0003491197632192873925278547038643923119748686857628338025,19.176154867401504,22.760128054447378,0,0,0,0.0003518014185222993576470828545705755382657963042193693724,1.015447779148271927038948106430565958483948404050730777,1.544267276840408675441685652041506690582513874370386848e-84,1,ROOT_OK
cstr,cstrfold_0001985,dev,single,0.00000002579944220650160579255827855041803640319052212392070211,28.186359061890958,70.89087868612859,0,0,0,0.0000000257994887267772607456177484200492773323610938664984771,1.00000360630564488656024332565224832600732308307672267,5.911987485695010839534552866478921451258628372220361115e-83,1,ROOT_OK
cstr,cstrfold_0001986,cal,single,0.0192180413212294383630862641693268868316090129355301766,88.69882397966828,20.41390787312066,0,0,0,0.9999967690114654726212996390957559318970240549561830031,0.0001681294608700367850178724007223642885918492524984434238,0.0,1,ROOT_OK
cstr,cstrfold_0001987,cal,single,0.0188342347398031386298802692857004815619081177786643443,20.000444316202156,21.740033550149647,0,0,0,0.9984012429407960511821864896342820413950196319647995218,0.08543177821783213492287367162457468490793546372722215367,0.0,1,ROOT_OK
cstr,cstrfold_0001988,test,high_triple,0.005443415127007678159453729719022916084510948134145124887,26.95989857405553,71.19431559884345,0,0,0,0.9999994090325041503338455682136011645719768175023199351,0.0001085658559274892400870201555761143769885287251032046463,0.0,3,ROOT_OK
cstr,cstrfold_0001989,test,single,0.000002163168057897387114135050864395409513419446631204901617,84.81843547018484,20.580022761910257,0,0,0,0.000002163259684386192012421273728837885674011957539959792933,1.00008471775601084801208984878607969853055841731511938,5.859368287386654791975354153709570958798757070202223015e-84,1,ROOT_OK
cstr,cstrfold_0001990,dev,low_triple,0.0003376114705503613719037539839753300399287635612416568938,18.514709756955448,23.74576662620937,0,0,0,0.0003402331167638678366771192399431098574086810833879212343,1.015617728584893051130582258466003652711256576673285075,1.18393824557764665117195899989848846277992730368396325e-83,3,ROOT_OK
cstr,cstrfold_0001991,dev,middle_triple,0.00000001776529900155983760023306267331183744093823316107898271,28.236892953300757,75.07083560045959,0,0,0,0.8344738334039542925067363376218480321166219529530969136,-7793009577.063955775996735360421732206502127928061537929,0.0,3,ROOT_OK
cstr,cstrfold_0001992,dev,high_triple,0.01986441460091302061924482372582237400526884744844773,89.51096490061622,19.78182318813384,0,0,0,0.999995367723065369509322923253549799558870829034738351,0.0002332079907480615646694076018660187401156654390319085268,0.0,3,ROOT_OK
cstr,cstrfold_0001993,dev,low_triple,0.01727682284875904134281778731326383343509164355265806761,19.72217344029935,23.449025475884778,0,0,0,0.04425343461276286320333705171197290983306188856803856359,23.3387164979602826643140059244544804762496429845266969,0.0,3,ROOT_OK
cstr,cstrfold_0001994,dev,single,0.005125016814363628100570235726045819677344610058409922182,28.487882529039627,75.5287021809788,0,0,0,0.99999979740320350823776250490595241742190576811104399,0.00003953098991126712901770512081586092317007821802867975054,0.0,1,ROOT_OK
cstr,cstrfold_0001995,dev,middle_triple,0.00000191815353338192759777543763254575476971312707245915932,90.84744709086465,20.481163889783836,0,0,0,0.9223621558989636787835607904535399889719357101059102769,-7229175.558443065257715005283204841891067943698210195072,1.054219794323052322434857405127001900770996138236850755e-81,3,ROOT_OK
cstr,cstrfold_0001996,cal,single,0.0002876658088360867714875128335214386062105947450279122165,19.664973703398633,23.14904665756597,0,0,0,0.0002895157189114416928625016171203576576230048710899096357,1.012921406877205003234210809009531911541030637562534604,2.934107825996776483339202738878862712106776361303735011e-83,1,ROOT_OK
cstr,cstrfold_0001997,cal,single,0.0000000303995305342656828677974133548303012522277126954440408,26.813668948429402,77.05723381899172,0,0,0,0.00000003039960082138549650472952850440245346497526714286398497,1.000004624231844679329474511384561564245590341448073509,4.442124785779517850640332220157725147733355492260861924e-83,1,ROOT_OK
cstr,cstrfold_0001998,test,single,0.0197785704304883624102200681809823534881056951487099336,88.82802195243288,19.869800938946778,0,0,0,0.9999955134184645262866008525167530395632524204922453873,0.0002268530246580764857795288620290129525945721013958569947,1.054219794323052322434857405127001900770996138236850755e-81,1,ROOT_OK
cstr,cstrfold_0001999,test,single,0.01834512411191619158048324205248609432762655961473868206,18.50286495949966,22.395799904611017,0,0,0,0.9978142465512469931855439859996138269418355179603587517,0.1200892963857905934411806361501121939176745851729638627,0.0,1,ROOT_OK
cstr,cstrfold_0002000,dev,high_triple,0.005092618922978257259556924717338124300460245035899726032,28.063474825287177,76.04379084322653,0,0,0,0.9999997541720761875528691130766061490124757394313490652,0.00004827146916408802908484866193895604567187873067202369671,0.0,3,ROOT_OK
cstr,cstrfold_0002001,dev,single,0.00000163892876371906913917397697956485317884068650583834829,88.38735624060958,20.852667911483675,0,0,0,0.000001638982092300939305577203097640556281022035753901039341,1.000065078937625836892494660298994089138889690431029628,3.31333804528336642629272085603384729784097182576500449e-83,1,ROOT_OK
cstr,cstrfold_0002002,dev,low_triple,0.0003375555863039490715864739994786146600761701200557811102,18.80005822444275,23.388766443648013,0,0,0,0.00034013478735646707542259430577658739749892297046201721,1.015366083534680583892482947069310856629801520191996026,1.389840549156367807897517086837356021524262486933348163e-83,3,ROOT_OK
cstr,cstrfold_0002003,dev,middle_triple,0.00000003373838814401048329600526885587678781891040264171459704,27.024956445571867,74.29632504076504,0,0,0,0.8216804781294793160626156243407834590845824942604597902,-173850293.4934743290535576879825244724122339413002668704,3.162659382969156967304572215381005702312988414710552265e-81,3,ROOT_OK
cstr,cstrfold_0002004,dev,high_triple,0.01829539451765298983745986671292265654687120977295989631,87.50840483556473,21.387550697001533,0,0,0,0.9999981229894039354623822418632457688211285795163537534,0.0001025971717649188097108306244979447183205568561121402273,0.0,3,ROOT_OK
cstr,cstrfold_0002005,dev,single,0.01782614263989842455615665049724671525274412345693339346,18.422191987486315,23.019436550127672,0,0,0,0.9979677276470668870823536007889770889232383821763804823,0.1148353154257602853678340939317396885653890315372852691,1.054219794323052322434857405127001900770996138236850755e-81,1,ROOT_OK
cstr,cstrfold_0002006,cal,single,0.005436091099939132021491984009397337290154338762996905782,28.48265851135668,71.26968620578066,0,0,0,0.999999732782428068235834445614800103768387167710888861,0.0000491562614607555299320429869108908079226389762093702138,1.054219794323052322434857405127001900770996138236850755e-81,1,ROOT_OK
cstr,cstrfold_0002007,cal,single,0.000002313251966556983204283417472944076648110208989203817025,84.54398330184252,20.498477978184116,0,0,0,0.0000023133563125304653371091838427934151869256861753028138,1.000090218853231745829004465857215619461416056133497471,6.691824866308437593580637825513195659190893455605009675e-84,1,ROOT_OK
cstr,cstrfold_0002008,test,single,0.0002517718768169051961124843704034732697882169394951145084,19.68243883140185,23.776641622454328,0,0,0,0.0002532277372075693528051615424413391882718306990317424177,1.011613328122801407197836899035464134303422480581683442,2.367876491155293302343917999796976925559854607367926501e-83,1,ROOT_OK
cstr,cstrfold_0002009,test,single,0.0000000155165074489497379796523850604279056058984234378319739,28.559137826639855,74.85857931028856,0,0,0,0.00000001551652523131909571684350268856767866936431323951120226,1.000002292060160205166316517774848572685808594110374605,2.511888086143358513233038575221428712213969777573646353e-83,1,ROOT_OK
cstr,cstrfold_0002010,dev,single,0.01896601513232141467987832364551297638774314029246846938,86.84177759426561,20.677229530866533,0,0,0,0.9999970555844940906322849180633221224153374809402994043,0.0001552526328668146098062440989808055504581147913051321777,0.0,1,ROOT_OK
cstr,cstrfold_0002011,dev,single,0.0181911492794937004815063420379558786534753163283077034,18.45074194794111,22.580042723059513,0,0,0,0.9978435340627086056216424584930725620696735211823858206,0.1194657060442670351762742587453111024914462708830295919,0.0,1,ROOT_OK
cstr,cstrfold_0002012,dev,low_triple,0.005138101399386196982652551390004692107883117842356599539,26.904584442466042,75.42657788836057,0,0,0,0.01386939654919847853825310667187661097468868706775367606,60.27288805398114945232816191513689830426536002268126972,3.294436857259538507608929391021880939909362931990158609e-83,3,ROOT_OK
cstr,cstrfold_0002013,dev,single,0.000004348840599161683779329393723973874418821521798648068568,84.75482846898096,19.47052151705508,0,0,0,0.000004349189963007708268966988387841192231097531690707342956,1.000160679465712350698977529661611444920170298050441497,4.481592326330602676854725236028789208294670472912393499e-83,1,ROOT_OK
cstr,cstrfold_0002014,dev,middle_triple,0.0003709927452357146007849663007082853819471816123049546235,18.39749607742252,23.41368418027077,0,0,0,0.781583970592954093242874984058564401856627028614970268,-100690.7144815133954317004292878584944915380285252175411,0.0,3,ROOT_OK
cstr,cstrfold_0002015,dev,high_triple,0.00000001514885247973920925219158684452130189493260048592799784,28.359467095402554,76.34844527411335,0,0,0,0.841544479270631908586020050400647927959882561018339771,194290010.8652845161766553884421662905203490259323307131,1.054219794323052322434857405127001900770996138236850755e-81,3,ROOT_OK
cstr,cstrfold_0002016,cal,low_triple,0.01909910286526769050764051906312400279713741695784774553,84.23210171812605,20.54755398147234,0,0,0,0.05261077746397863647828313163972866048173839972671350143,1590.600963061219655480001830748559679404170089202524879,6.588873714519077015217858782043761879818725863980317219e-83,3,ROOT_OK
cstr,cstrfold_0002017,cal,single,0.01749560808767686233906581039426321251285655305310833055,18.61810033056875,23.415768189189922,0,0,0,0.998198764350614705930462171897935638925579728767100137,0.1036257911478068137519199348380680825128023505799763581,1.054219794323052322434857405127001900770996138236850755e-81,1,ROOT_OK
cstr,cstrfold_0002018,test,single,0.005153491249509405669653852696623547217864529479136584521,26.538328012691107,75.33025695973583,0,0,0,0.9999994178882876999367945974174126913700352123123489773,0.0001129550973639716098567892776723521010513849067935906359,0.0,1,ROOT_OK
cstr,cstrfold_0002019,test,middle_triple,0.000001502764555066144026077538154701026083002678380702982711,87.93510445379111,21.01596371831331,0,0,0,0.9224196661771303740778518488438660168233146422972415332,-4914943.756660367415152207488262502081983533661544906023,0.0,3,ROOT_OK
cstr,cstrfold_0002020,dev,single,0.0003154904700652328574898546624357563212094604641143010481,19.68562970427945,22.70101949005207,0,0,0,0.0003176720597347489133311263840883819189710901858012103907,1.013899083363799004399115183938202782017972348457596818,1.904596308103170699711412304184524918385100445056810446e-83,1,ROOT_OK
cstr,cstrfold_0002021,dev,single,0.00000001279327446418274266374618973354518049925161157205655589,28.57043472055695,77.12995528149357,0,0,0,0.00000001279328692422824837464068504301077974141481388188101918,1.000001947906991865743081942533805116661316671030628961,1.012286490742569120698287990058681949745604480056666497e-83,1,ROOT_OK
cstr,cstrfold_0002022,dev,single,0.01894977674173526877587370382467450090629629740691780961,86.58302981851092,20.698792013136305,0,0,0,0.9999970661609070773295261749254338332909278662458661459,0.0001548274987996618673783310453254608400819594404091102465,0.0,1,ROOT_OK
cstr,cstrfold_0002023,dev,single,0.01710540773931969688550511001319633111895675579353611982,19.77146177601482,23.833955159196073,0,0,0,0.9988099129248300963378599479525880595005164617196979434,0.06989858491176405169825105224765149334771507173438246108,0.0,1,ROOT_OK
cstr,cstrfold_0002024,dev,high_triple,0.005221278457455105849453134973856997014708274417082064408,27.902744833552383,74.17367873376459,0,0,0,0.9999997002967326347563796285676611582636715447666329366,0.00005740043895569472397475971990668087659919836887347311611,1.054219794323052322434857405127001900770996138236850755e-81,3,ROOT_OK
cstr,cstrfold_0002025,dev,single,0.000003322361503089413742261911786514625832663648309528144801,91.85773957044914,19.575201449497936,0,0,0,0.000003322566556570530177712634095128170835327106033698927841,1.000123444054699196543118382031638736821835270632911512,1.156993998820274937303575422115472590834867816813438271e-83,1,ROOT_OK
cstr,cstrfold_0002026,cal,low_triple,0.0002834619938560634433403721070418343887178047800448192588,19.837277570786284,23.046347042965476,0,0,0,0.0002852495886264425843640993537751218455040221027526689451,1.012670192376669198599722067197998608959196523541466726,3.088534553680817350883371304083013381165027748740773696e-84,3,ROOT_OK
cstr,cstrfold_0002027,cal,middle_triple,0.00000002467128391882935596743361217147532372084916594251141094,27.308935770281938,76.59919925572085,0,0,0,0.8218087670248121243707770994091954891493009761019481613,-220978270.0279422187758533394791279864778128424411264328,3.162659382969156967304572215381005702312988414710552265e-81,3,ROOT_OK
cstr,cstrfold_0002028,test,single,0.01856984831156349777760164400880794199186422816094769378,87.94789012971397,21.090928777513167,0,0,0,0.9999977958163563564786737306460514079295514969784468545,0.0001187002398858137089068522264590293006181806553097231605,0.0,1,ROOT_OK
cstr,cstrfold_0002029,test,high_triple,0.01830755706719014227694705569164272972852217938274265467,19.348540184236697,22.375946254520297,0,0,0,0.9982865184764489002454892381879060324950898690484932436,0.09421068362207590167842531535094700671542590766082682814,1.054219794323052322434857405127001900770996138236850755e-81,3,ROOT_OK
cstr,cstrfold_0002030,dev,single,0.005358891845744273324591476453212786616211411979595326094,27.192507378831305,72.51978730349813,0,0,0,0.999999519215827318404149571661601418156975092579594455,0.00008971727776169619316505981423919409787137872357408202075,0.0,1,ROOT_OK
cstr,cstrfold_0002031,dev,low_triple,0.000001541471086597659948220770625970521369987457848150323479,90.85729815064104,20.82810522797997,0,0,0,0.00000154151820295584259994368919012341932632783259986403584,1.000061133068356161862012604567318935100583266774902937,4.664974065455401207063425407208718127801343995493876937e-84,3,ROOT_OK
cstr,cstrfold_0002032,dev,single,0.0003024231275243500564978730147768558327999476137912140044,18.968189768116765,23.73100182762876,0,0,0,0.0003045229440732958194165012960496140137577363457877842296,1.013956351565028280972180150330491668753780639848223028,1.698694004524449542985854217245657359640765261807425533e-83,1,ROOT_OK
cstr,cstrfold_0002033,dev,single,0.00000001636234404584574725364443786445710464028923397882693584,28.27613025928053,75.86493418710766,0,0,0,0.00000001636236408919371193158526830360942153317171884595777966,1.000002449938208846914716404481349433971054241174972425,2.480036316830597968084056216130452160234140827259585925e-83,1,ROOT_OK
cstr,cstrfold_0002034,dev,single,0.01940518474058227140926994860256588938733457347449141341,84.59046587681503,20.24166476081471,0,0,0,0.9999958442091218155617443037778150728025159352950009243,0.0002141696300557463031669551211902190237871320340469601009,0.0,1,ROOT_OK
cstr,cstrfold_0002035,dev,single,0.01750382065962799292453553750923792296954281593986247062,19.775434247953132,23.331848642960534,0,0,0,0.9987099629756442723324277213397678918698026798977154433,0.07407449836677713463918204998901959123216228979582331174,0.0,1,ROOT_OK
cstr,cstrfold_0002036,cal,middle_triple,0.005168293653940819526862015816211875535374108962331573338,26.9008003623595,75.0677976774652,0,0,0,0.01487079221604227422336554295772878463470873108711444361,-204.9781658717324837527491826309015677286787909242945041,0.0,3,ROOT_OK
cstr,cstrfold_0002037,cal,single,0.000001802746104990424825399947771983779286049555071680163507,90.80268835926059,20.572412204745767,0,0,0,0.000001802809716582510943707624537530596287922215827164983074,1.000070573732228052695979063544780651093653398247727475,5.380605216272460383612508641012848637148110516181924697e-83,1,ROOT_OK
cstr,cstrfold_0002038,test,single,0.0002972403654165353730682337140550005840835518199114933615,19.970229259041442,22.68261033120856,0,0,0,0.0002991740909568478525253554364936565404640083831713419002,1.013072509806932861910093994284986438947268700485001352,1.80164515631381012134863326071509113901293285343211799e-83,1,ROOT_OK
cstr,cstrfold_0002039,test,high_triple,0.00000003592031913427811091870399776312409102861014002812536232,27.389099716419373,71.34870030289488,0,0,0,0.831115707347081505016592547612890613716485898459111777,13375988648.44671053335665989399763221455594444972395346,1.054219794323052322434857405127001900770996138236850755e-81,3,ROOT_OK
cstr,cstrfold_0002040,dev,single,0.01943561710756271265380234446434915162980785531658465358,92.00521258624417,20.18862690074694,0,0,0,0.9999966785579952837864819024949740327144004907315216945,0.0001709017386961236770807932057452068275860066450955369655,0.0,1,ROOT_OK
cstr,cstrfold_0002041,dev,single,0.0177121041816800193542959883053252884715857623324121374,19.570091672549506,23.072306945324307,0,0,0,0.9985693947707345106546895841977585188574833125717645425,0.08121907536336389146887493067470152136981003117095076926,1.054219794323052322434857405127001900770996138236850755e-81,1,ROOT_OK
cstr,cstrfold_0002042,dev,single,0.00533254381528329147337087938645955862490739952327960533,26.645991729954602,72.90162024478619,0,0,0,0.9999993713602714111204510380220256745206098111188101518,0.000117887713507994059625670382154896693697493865872636389,1.054219794323052322434857405127001900770996138236850755e-81,1,ROOT_OK
cstr,cstrfold_0002043,dev,single,0.000002240700527644831804341293993903216915968056197562427166,88.77354266665468,20.333338358935347,0,0,0,0.000002240797601537863430487164324214798565664413713653191623,1.000086648810980179696049206264081313942135813611898195,5.017662190921296625907789552219239317291152502739405392e-83,1,ROOT_OK
cstr,cstrfold_0002044,dev,single,0.0003271950461200092954110965143279727030179533359979148735,19.085824489568115,23.200542622623615,0,0,0,0.0003295969614011383515810316432371888074108665202293733227,1.014759836085392275215988335219886747732715990765863358,4.529850678731865447962277912655086292375374031486468088e-83,1,ROOT_OK
cstr,cstrfold_0002045,dev,single,0.00000002481454399736680743267259352226699138807641565163571988,27.75802899027596,73.7450038840899,0,0,0,0.00000002481458879106462663007774599187489628951346214665204059,1.000003610282499449193195096423557830607171711677156789,1.229438080178889323774796100347839658851330229157254149e-83,1,ROOT_OK
cstr,cstrfold_0002046,cal,single,0.01902323646154290543320814642338675205348810197286238173,84.66955788687298,20.64797490289087,0,0,0,0.999996752784195924667993278632838235438171863051168435,0.0001707041801576176225619317373588552764769138220943138026,1.054219794323052322434857405127001900770996138236850755e-81,1,ROOT_OK
cstr,cstrfold_0002047,cal,single,0.01715144963957580355062629039295116712740996102310237478,20.210404160516525,23.743545188980292,0,0,0,0.9989379368363554051699846085814257635112616856022609247,0.06218846792898716588707706951951884736264821850375846765,0.0,1,ROOT_OK
cstr,cstrfold_0002048,test,single,0.0050563549161463476348348894057636895225821371277328294,27.289227431102255,76.66876482269753,0,0,0,0.9999996405272511819947932186098604954355789669134958421,0.00007109336829393325310458455581319127647357602093854161114,0.0,1,ROOT_OK
cstr,cstrfold_0002049,test,single,0.000001397897685551087433050357768004922979836180735558937405,85.72574022251358,21.25425461180216,0,0,0,0.000001397937266418624282184209840907930263108046686281781061,1.000056630325114767039176183055790264398594876112042339,4.102965336449028518540051527331633336111483802933299953e-83,1,ROOT_OK
cstr,cstrfold_0002050,dev,single,0.0004786079319157402919093736880107211476903762381839462624,18.914173504384816,21.594215823910766,0,0,0,0.0004833934815590189977315911731031724414250272675517902953,1.02014254158426579785823194352549005810499734738774824,3.912143767995701977785603651838483616142368481738313349e-83,1,ROOT_OK
cstr,cstrfold_0002051,dev,low_triple,0.00000001536101156348857066287920663783734328539586017336685415,28.49255708046236,75.36857310578173,0,0,0,0.00000001536102911157671808369038054233367143179954731140939317,1.000002284758754018666476123042735726651707862237563167,6.315676772263100175266215357822429656756383550451107851e-83,3,ROOT_OK
cstr,cstrfold_0002052,dev,middle_triple,0.01916103572637246512488948069869879554191117313340465893,85.37291989011729,20.48025017835015,0,0,0,0.05338809516756308684523066980277971059228119922961372599,-292.546591375349454355142889047543395911055602164575866,0.0,3,ROOT_OK
cstr,cstrfold_0002053,dev,high_triple,0.0175632046380395451069531494573046607009261448760542488,18.592160728333194,23.331658961653392,0,0,0,0.9981608436745552495689617482671368953672137694634112074,0.1054136469130091552148271211752863223172418680034533863,1.054219794323052322434857405127001900770996138236850755e-81,3,ROOT_OK
cstr,cstrfold_0002054,dev,single,0.005046224056508484024272447781572334884479206674055912029,27.891143498339638,76.75390400170328,0,0,0,0.9999997414494110397044442375549655742712689687946717585,0.00005123650549560678295281205641607949034182056001828140666,0.0,1,ROOT_OK
cstr,cstrfold_0002055,dev,low_triple,0.000001019484301486143919756503195722551439263990040937830253,92.59907475414703,21.399695953105383,0,0,0,0.000001019505504529927685750944487202456428721694680913278239,1.000041596269023601463957779639979307683014257782829888,8.25217826061593385939150770309680137780030851616675472e-84,3,ROOT_OK
cstr,cstrfold_0002056,cal,single,0.0003574681977401827844505199899176191633690384147942420583,18.381810412024517,23.623664317301554,0,0,0,0.0003603932550575290319000810910086465038048963384902207989,1.01646220270509260931599919436846960865915844039825287,1.698694004524449542985854217245657359640765261807425533e-83,1,ROOT_OK
cstr,cstrfold_0002057,cal,single,0.00000002956928760410682895106040966626367313663761297051786981,27.121514721077727,75.40394262770484,0,0,0,0.00000002956935265886533630198352189054936215031164117257547734,1.00000440016438719740608614804048726302716108008432303,3.99364885770882429601946638211448615228960882786648021e-83,1,ROOT_OK
cstr,cstrfold_0002058,test,single,0.01888647839091641403833484619929291584476679179652821034,85.67287293494626,20.76231309167112,0,0,0,0.9999970768915546557801021000112171227359569707293900279,0.0001547781850625469932131250533255891493047653246140901191,0.0,1,ROOT_OK
cstr,cstrfold_0002059,test,single,0.01855252068343139963913898493034761131573842936287525641,18.35794048763165,22.171050622800816,0,0,0,0.997635069193878581256056297182997387453278509796911797,0.1285540034182747637172427899640365867895907767052938802,1.054219794323052322434857405127001900770996138236850755e-81,1,ROOT_OK
cstr,cstrfold_0002060,dev,single,0.004992775856749650892777246952887605617209733498430759899,27.68498768510635,77.58652516068565,0,0,0,0.9999997244357360336860126522549754792002389899761024198,0.00005519266304171231125618665035155700017181472897775710681,0.0,1,ROOT_OK
cstr,cstrfold_0002061,dev,single,0.000002671643819315512151579070908951784505848688215640718869,87.8090913159827,20.099931600604343,0,0,0,0.000002671780158867226426991477789232128822191153762123336109,1.000102068038034557221269242264202223819281779686916885,1.824970026641087127383950387751134729651939573409587374e-83,1,ROOT_OK
cstr,cstrfold_0002062,dev,middle_triple,0.0003117608529991541411979824292474533509644652481266078123,19.817232317766884,22.656548591816517,0,0,0,0.7752182273120942420749998327769489620321776790133012422,-5100.213488583903363051342067474898173979138416488753479,0.0,3,ROOT_OK
cstr,cstrfold_0002063,dev,high_triple,0.00000001419516288294605534325493821173702621359859996384089136,28.268387156315068,77.72889097117526,0,0,0,0.833753224458009223858270678839436951338987024228165666,1580326741.025657493253514798840439606352874280132448717,0.0,3,ROOT_OK
cstr,cstrfold_0002064,dev,low_triple,0.01894657530810833121993977297140491515200984274077120562,92.69161072611357,20.64930229465364,0,0,0,0.04938412694074575825442159265612656973437640028035942803,48.02430517741926938344293114163327884057362143400613274,0.0,3,ROOT_OK
cstr,cstrfold_0002065,dev,single,0.01864550226174918195942207957006467416261417169445246771,19.821623203369167,21.959827977432713,0,0,0,0.9983867276345960974745618402377728621785161052387437659,0.08707819368242915828818717216411164631068482772375617068,1.054219794323052322434857405127001900770996138236850755e-81,1,ROOT_OK
cstr,cstrfold_0002066,cal,single,0.005072229453153227889122416856612072025666444234018343824,26.02059513278704,76.582687658972,0,0,0,0.9999992754336029226133915310881462842605738803107716306,0.0001428500947374359507726628096198324512486112955349000243,0.0,1,ROOT_OK
cstr,cstrfold_0002067,cal,middle_triple,0.00000144189899816144715681923463575875775516709942175793718,88.07497527191416,21.075269338916637,0,0,0,0.922868462023064707656090252172050765789860106077913377,-7541365.427388255529827761482069796180132316756906460732,0.0,3,ROOT_OK
cstr,cstrfold_0002068,test,single,0.0004315148795774213360146041463663652931139950423247932277,18.83063594946259,22.15260353589476,0,0,0,0.0004355062067954086773401162238743732902087240697539124752,1.018622961586313928856258904508272184902473154203396462,2.007547459892531278074191347653958697757268036681502903e-83,1,ROOT_OK
cstr,cstrfold_0002069,test,single,0.00000004393510259653560148389541201977688902382079046453389434,26.148528039048472,76.51566383172438,0,0,0,0.00000004393524836461743386226244030109390700888572830354771373,1.000006635625111820436873836055004008424546615606800519,1.114617133117916066424755727953005463876500004440579023e-83,1,ROOT_OK
cstr,cstrfold_0002070,dev,single,0.01905037879341537223407108592718951023446402306505969727,87.59095808580417,20.58980378773275,0,0,0,0.9999969800980473278792815544981157974093874046078539354,0.0001585278681098404271684431982363905395443578776446995583,0.0,1,ROOT_OK
cstr,cstrfold_0002071,dev,single,0.01721445461879190972990056441474290307178552889130498276,19.44283743195656,23.79912263017285,0,0,0,0.9986847813129409555215668287268285835487158052653208522,0.07678748687682411201711806858365124235589809397142601431,1.054219794323052322434857405127001900770996138236850755e-81,1,ROOT_OK
cstr,cstrfold_0002072,dev,high_triple,0.00514424797597864387230529955092655488982793502564432057,28.6618541930282,75.21193842645539,0,0,0,0.999999811340722280691942202692590998306217989621270057,0.00003667386308451903202092110513642902250871372219273071841,1.054219794323052322434857405127001900770996138236850755e-81,3,ROOT_OK
cstr,cstrfold_0002073,dev,single,0.000002479242160374435082480065244044705365063607609465439262,85.98699816319478,20.310288260338282,0,0,0,0.000002479360862240931959639391469158946683244169376846048642,1.000095759979050334314214277444565698744395397669629769,1.894944637622918145489901768859265501568959733341995528e-83,1,ROOT_OK
cstr,cstrfold_0002074,dev,low_triple,0.0002951545152170087408607367545856699258512193377808362976,19.035131884091328,23.771669066907982,0,0,0,0.0002971577411338181919535286968044121242980424827982668694,1.013640721939494561650533153983895028187978597471067027,3.963619343890382266966993173573200505828452277550659577e-83,3,ROOT_OK
cstr,cstrfold_0002075,dev,middle_triple,0.0000000426716204887885291227139063600897611556769282193884994,26.456023740412242,74.83472287587125,0,0,0,0.8189880360161476991744913125218043419168242358369607741,-406633545.8021074805896416795432784578991648444715850086,1.054219794323052322434857405127001900770996138236850755e-81,3,ROOT_OK
cstr,cstrfold_0002076,cal,high_triple,0.01890982500771729985778521269344541264163186810785164786,92.18192869312034,20.718581715159395,0,0,0,0.9999976199100506624729740382989193101843837179786943972,0.0001258690933942262258423555222281417262282631901342657867,1.054219794323052322434857405127001900770996138236850755e-81,3,ROOT_OK
cstr,cstrfold_0002077,cal,low_triple,0.01761042922175247919584350685439753108747934741186248068,19.930659856557593,23.17322838166383,0,0,0,0.05089612947435270000057126635714448083040166050241708637,1253.149269472529421959322845593578729636785908811499979,6.588873714519077015217858782043761879818725863980317219e-83,3,ROOT_OK
cstr,cstrfold_0002078,test,single,0.005450640975139858139723396961576028030194253758023579928,26.955048735383983,71.23779568681525,0,0,0,0.9999994102444448328008144918763137263733492283209268216,0.0001081995818809467752134269763806312516395463829175564791,0.0,1,ROOT_OK
cstr,cstrfold_0002079,test,single,0.000001519620226457403106275898137427278882290375541131920816,84.74640237426922,21.173435184747717,0,0,0,0.000001519666813996476131139781492699999474773577163319422441,1.000061316109521963204796861489041540252343704671749132,3.380899738645134305843294603310663215553956807768708915e-83,1,ROOT_OK
cstr,cstrfold_0002080,dev,single,0.000383389653852666138981246422985447700113153354089463898,19.422864034457085,22.066588411845686,0,0,0,0.0003865227555533229358481786485575211871302249711348957564,1.016440936774938217257138029722219880904433383056848893,3.037058977786137061701981782348296491478943952928427468e-83,1,ROOT_OK
cstr,cstrfold_0002081,dev,single,0.00000004272547132499218476506235668596798472268347656120454092,27.167777824471777,70.50616856586618,0,0,0,0.00000004272559820668362534049661252842933884708719633698575796,1.000005939406305002963047565974113199307925536586277768,2.655107942537340506783675864544980312332385905021510295e-83,1,ROOT_OK
cstr,cstrfold_0002082,dev,single,0.01895553387373393438982541482208788558599477141300508944,86.59703566762909,20.722475300813656,0,0,0,0.9999971134483730157199374944889264617240533934375335682,0.0001522856459376262376629440945031023949162824010668361943,0.0,1,ROOT_OK
cstr,cstrfold_0002083,dev,single,0.01786829878558234923383972354548637596320561323703627115,19.32741225436131,22.898759258306733,0,0,0,0.9984199478719634276129389327939510333554675933976000001,0.08896237697919703022200343169014071684798344466375127159,0.0,1,ROOT_OK
cstr,cstrfold_0002084,dev,middle_triple,0.005163636288377910067028591144169541784922759623496049951,26.72788758547989,75.1137687278198,0,0,0,0.01520645999741342258578446635420147679302420077100985733,-83.97755900774463695422002213245856011872380298122189536,1.647218428629769253804464695510940469954681465995079305e-83,3,ROOT_OK
cstr,cstrfold_0002085,dev,single,0.000002994324548559208515929959921413232833683068838915666771,89.8290276122393,19.825320986828164,0,0,0,0.000002994493350143405642627572578592309788324925056116426983,1.000112752410912311476887302497011314617485053100419775,5.100103542940120526549858708122496835929021081970116148e-83,1,ROOT_OK
cstr,cstrfold_0002086,cal,high_triple,0.0002586437705535258614188927199816563922700314390209698619,20.106022147783918,23.20587653129516,0,0,0,0.8198318792487286802611321002080040995020602031976122511,6006.66595988234539303469958016375031823453846354146361,1.054219794323052322434857405127001900770996138236850755e-81,3,ROOT_OK
cstr,cstrfold_0002087,cal,low_triple,0.00000004515351840630232216210312457379933597424119191507943751,26.931112088506026,71.1813037253797,0,0,0,0.00000004515366149543015708920056581703094524767018181605881591,1.000006337909615201140737783834528043372595822595938845,2.226469464796176453254807917140962657310876367504518356e-83,3,ROOT_OK
cstr,cstrfold_0002088,test,single,0.01859711382856112415576441908253383085880897221496707925,86.87541209634351,21.06478531416352,0,0,0,0.9999976688857448907507082892353811728862707146910177083,0.0001253518688246218981562709713635841579333357096716466594,1.054219794323052322434857405127001900770996138236850755e-81,1,ROOT_OK
cstr,cstrfold_0002089,test,middle_triple,0.01862448759061894416034506136338600552625178683695688195,18.599257749701696,22.001765321800452,0,0,0,0.05936323037680303244988040996468477419784789432471492671,-41.28205311458216090182632422275038804286163806268133026,6.588873714519077015217858782043761879818725863980317219e-83,3,ROOT_OK
cstr,cstrfold_0002090,dev,single,0.005500992674087378739179374043189134777318911602240678774,28.42655589448496,70.55547177212367,0,0,0,0.999999711892396835498194839290421099891561073288036109,0.00005237382055577358081558890190785026334085155111451231011,1.054219794323052322434857405127001900770996138236850755e-81,1,ROOT_OK
cstr,cstrfold_0002091,dev,high_triple,0.000001545443560604717321047210560220385087393140174034288611,87.96931146412092,20.96891432875533,0,0,0,0.9233987971259771132047930134414436827209545055429607462,12484559.74243132516722622172503745846793598992669252776,2.10843958864610464486971481025400380154199227647370151e-81,3,ROOT_OK
cstr,cstrfold_0002092,dev,single,0.0004173543418076551361339265965519903180158654185136113892,18.56291701612563,22.62532598180938,0,0,0,0.0004211708541216199118023578429149883428898688894271071936,1.01841003547057070582270704937922954640446902163691305,3.500339160838259664334487477960748498653698115239543522e-83,1,ROOT_OK
cstr,cstrfold_0002093,dev,single,0.00000004175986182516447731700778331964025648801443406305529948,26.827806974772876,72.67064851955324,0,0,0,0.00000004175998681115606210186693711574012748775217009497435093,1.000005985952036046324388235643424997550195731917127315,4.11404967676619356127881753274423594761127040154328271e-83,1,ROOT_OK
cstr,cstrfold_0002094,dev,single,0.01966364928742053093690704443343940895649474766654409521,85.59170565237638,20.065932896051763,0,0,0,0.9999955654342256261437074536134052144303379000815644778,0.0002255331658805798969544949306497548310133236602885294096,1.054219794323052322434857405127001900770996138236850755e-81,1,ROOT_OK
cstr,cstrfold_0002095,dev,single,0.01760760909756562083837826794528092237398282851598718255,19.684839551753086,23.226239549952723,0,0,0,0.9986532203846251002356511339608132742058438840157094612,0.07689169390324062196917475196719019228014689898759921134,1.054219794323052322434857405127001900770996138236850755e-81,1,ROOT_OK
cstr,cstrfold_0002096,cal,low_triple,0.005285632622298373821806907746989306182986553839610714195,26.143168369325252,73.46322839447616,0,0,0,0.01439557910037471006138760855954564044840027863979166881,72.25197717758439060853977206695756928265561254807819578,1.647218428629769253804464695510940469954681465995079305e-83,3,ROOT_OK
cstr,cstrfold_0002097,cal,single,0.000003195295654137055908340457193265610725598439160698047974,90.68276957762976,19.686036036655786,0,0,0,0.000003195486453896688619796824504463655655565266493822229541,1.000119430717879235926220120585773901630522512086582267,2.070685470950850070273239432906697382762855192482583823e-83,1,ROOT_OK
cstr,cstrfold_0002098,test,middle_triple,0.0004524807247845473594488303819504679222250779026204977788,19.113411512824186,21.647040102122862,0,0,0,0.7899977798521162507263563345354085520870189243315538143,-1000595.069442121817928341205143894283689677857430153787,0.0,3,ROOT_OK
cstr,cstrfold_0002099,test,high_triple,0.00000002412424039957403875723957565330507034522268918420447121,27.688007657090886,74.51397435360049,0,0,0,0.8314519545507244812416971905962950360803848446553113776,1533037950.327080773639493852263569118169024980849691365,1.054219794323052322434857405127001900770996138236850755e-81,3,ROOT_OK
cstr,cstrfold_0002100,dev,low_triple,0.02015524987556053288003054310967456367209025319069942962,86.50921010297006,19.519009690119052,0,0,0,0.05477569283164353875497824665999564930517572718914481692,184.5208075009174457524023384854038202004642766091690725,6.588873714519077015217858782043761879818725863980317219e-83,3,ROOT_OK
cstr,cstrfold_0002101,dev,middle_triple,0.01877288937678527825004952788221505422520683251348570742,20.01562200613782,21.806175996190703,0,0,0,0.05452661819067452413716187878859832211833779353943002445,-1669.474987021080506951310844034237769194574186380932977,0.0,3,ROOT_OK
cstr,cstrfold_0002102,dev,single,0.005313706592322844672913108080574479361565308211366810078,27.720915763577697,72.96305441810787,0,0,0,0.9999996450040237160135576899859433969814288652283648517,0.00006680770590430024591030274355920215896119590228548836277,0.0,1,ROOT_OK
cstr,cstrfold_0002103,dev,high_triple,0.000001684910157231431807088984416440399569159439820350080863,92.48417369570693,20.609801024985597,0,0,0,0.9237878131338959175856619237234445786977386522300956788,19626661.76849288030213612267665562009577390812379992059,0.0,3,ROOT_OK
cstr,cstrfold_0002104,dev,single,0.0004166894471402768949048133799853768853619253949560904342,18.518127375587284,22.68598105258825,0,0,0,0.0004205045359899596558383992364682808998950693531602729181,1.018432672446383288090985395155026132546295543231167821,1.698694004524449542985854217245657359640765261807425533e-83,1,ROOT_OK
cstr,cstrfold_0002105,dev,single,0.00000002671749140202717089831039304085089565015483544909014038,27.963655959016023,71.58542276316349,0,0,0,0.00000002671754178775949627112212965841757068237880747108819604,1.00000377174646232614498416796600456321332653204600388,5.314909763882460087788359782402440301983558992107452063e-83,1,ROOT_OK
cstr,cstrfold_0002106,cal,single,0.0187512067119367517573957686896217767926123382723902461,84.08034368553935,20.909246564242416,0,0,0,0.9999971509476590921180727381307942224824253336427124472,0.0001519450520206842736323739715382986816779675312341337516,0.0,1,ROOT_OK
cstr,cstrfold_0002107,cal,single,0.01745742397697973422427203917467449459275694351269692518,19.551900587590207,23.451902651615498,0,0,0,0.9986522900327130350424087513330488978516874485038144697,0.07760284745820208224244856338068435475509979161456838742,1.054219794323052322434857405127001900770996138236850755e-81,1,ROOT_OK
cstr,cstrfold_0002108,test,single,0.005057364575129501091535653930997767994737407424967718773,28.466296377494896,76.5265117921695,0,0,0,0.9999998071644794359986000745390615300592603054315039595,0.00003812967993471205652470615790896488491671161380412662155,0.0,1,ROOT_OK
cstr,cstrfold_0002109,test,single,0.000002298389877472723453824848866597571720480047796729391095,85.70530287514121,20.447059073048564,0,0,0,0.000002298492615252629776825496271422914551320889929650239298,1.000089402753308410194321842039451584025393879967137332,4.4120198682854488485080034605592109120783228426347693e-83,1,ROOT_OK
cstr,cstrfold_0002110,dev,low_triple,0.0003837785408676891770406412577761670896124746297303526866,18.704875528645516,22.869402295098208,0,0,0,0.0003870391001955171034104891108241913666577483229262049922,1.017096295149583658240432035367650397622242312050489657,2.728205522418055326613644651939995153362441178054350098e-83,3,ROOT_OK
cstr,cstrfold_0002111,dev,middle_triple,0.00000006382072327116830276519292751555797408968669376892265754,26.282653116334238,70.69055000853974,0,0,0,0.822399371325638609148847274320395785137921880938582271,-2825706981.106681110625319939923085757447023471374760723,1.054219794323052322434857405127001900770996138236850755e-81,3,ROOT_OK
cstr,cstrfold_0002112,dev,high_triple,0.01936570161385449500989562289027503240598742542244047097,85.78565426809045,20.2748938142973,0,0,0,0.999996100946965980681352864787438738408308051248008365,0.0002013477006114765856640757309077820462606049482788729351,0.0,3,ROOT_OK
cstr,cstrfold_0002113,dev,low_triple,0.01880708612028621886726661978596851321055396197214360684,19.33915148898494,21.814001997789834,0,0,0,0.05457930860792877186074932825357191632434532894410008825,2366.599320460067160931522611450631807788708959380226847,6.588873714519077015217858782043761879818725863980317219e-83,3,ROOT_OK
cstr,cstrfold_0002114,dev,single,0.005167347278544836634746174352853795147163344743637411789,26.928769991987846,75.22017855640989,0,0,0,0.9999995270802779387612243730234469439755279920627750182,0.00009152097625327114544542197845059543803138943423285183755,0.0,1,ROOT_OK
cstr,cstrfold_0002115,dev,middle_triple,0.00000206086123103796118025874645689265436040684710210506325,84.84687406572893,20.669976765547695,0,0,0,0.92042896981301527097368223661649824797851617785779503,-3523036.390799169713026563250740386484403426553353623091,0.0,3,ROOT_OK
cstr,cstrfold_0002116,cal,single,0.0004027258705530757072675161455455985668094085165899168596,18.46886857325124,22.908437825288377,0,0,0,0.0004063249799073560053612460091864504288811485734832609013,1.017989243920673248533400658837524904887956263830348246,4.323948375153144291236719825716218733631038848237083175e-83,1,ROOT_OK
cstr,cstrfold_0002117,cal,single,0.00000006095873297759943531274972827056500377363338460498640362,26.00073549619565,73.02901800297228,0,0,0,0.00000006095900063677875000956128666417116800253032953671436028,1.000008781679814765414296842381690300684788733484334645,2.362560532023591700214101650262361387391589605993751097e-83,1,ROOT_OK
cstr,cstrfold_0002118,test,single,0.01896807133720751906063282721607131202713917514926794327,91.67263064228813,20.67004794681827,0,0,0,0.9999975067264377890876798878549102716720294961507374054,0.0001314499963723751509621019616117897546358585858863874547,1.054219794323052322434857405127001900770996138236850755e-81,1,ROOT_OK
cstr,cstrfold_0002119,test,single,0.01743248218795098553944491065212285616166176958357688547,19.06158766263072,23.467965887307084,0,0,0,0.9984399469304007177934296746799012254949413398721646614,0.09001365936121668472761812734713924576024933826600291934,0.0,1,ROOT_OK
cstr,cstrfold_0002120,dev,high_triple,0.005274220826734617401119142381182547480772635772986835552,26.41583663329387,73.6354356004425,0,0,0,0.9999993168293554462188157812045205609241971969882664639,0.0001295305213721798141673452798643037881208640448196510647,0.0,3,ROOT_OK
cstr,cstrfold_0002121,dev,single,0.000002358846309563269771927509800168164348568319646212417004,89.12122667931183,20.221298580860935,0,0,0,0.000002358953267072904282274960514797164874166736096865563736,1.000090689345241713583180137830353003942649587962781355,5.515929679464334737593270938385756710424416745016725523e-83,1,ROOT_OK
cstr,cstrfold_0002122,dev,low_triple,0.0005108447628133656763625681926506669689016127697677404409,18.564071444532335,21.65913229698175,0,0,0,0.0005163194165313154635937165844326003269014804282919826727,1.02159995087818968619420412508252156810425054171474812,2.059023035787211567255580869388675587443351832493849131e-84,3,ROOT_OK
cstr,cstrfold_0002123,dev,middle_triple,0.00000002579808324802216167840474761151416695176172058228358366,27.861190349594224,72.7298869973739,0,0,0,0.8192441249814134600656508966442709490116665130824517773,-61503890.12887956720069648901370154937491337266048629582,0.0,3,ROOT_OK
cstr,cstrfold_0002124,dev,high_triple,0.01980296946626067372040138630155123610500378563536277275,89.92456355971879,19.838932780362775,0,0,0,0.9999955881481130668859875689048488514129449821593810026,0.0002227994959572357382840771070243090180920999046439517501,0.0,3,ROOT_OK
cstr,cstrfold_0002125,dev,low_triple,0.01732611282952493077940905098739297239981380549907611066,18.910197899911644,23.479974625660322,0,0,0,0.04508877318762815582999687763796324395764292728976806922,26.60505055794900495272042669142505690240947148673102985,0.0,3,ROOT_OK
cstr,cstrfold_0002126,cal,single,0.004993690620286721054062308340654413713877761692652345371,26.076684405090955,77.76718446633382,0,0,0,0.9999993385771158859867503624809838917643321973882721175,0.000132452056461289386616076778810916419393068145275117944,0.0,1,ROOT_OK
cstr,cstrfold_0002127,cal,middle_triple,0.000002758077357371890602089588337258552192938444740333387286,90.36025052661,19.93093939486199,0,0,0,0.9211169949834519479442861111456952312382683796142829448,-67231585.78560056837554183035519767856920603526754673827,1.054219794323052322434857405127001900770996138236850755e-81,3,ROOT_OK
cstr,cstrfold_0002128,test,single,0.000321149608493797300301460894696479348433340581584380889,19.665660979688287,22.62592896476067,0,0,0,0.0003234026669763458117597618014178764503004322288559992202,1.014102493200107363128186954624726424808303091968334018,4.118046071574423134511161738777351174886703664987698262e-84,1,ROOT_OK
cstr,cstrfold_0002129,test,single,0.00000003854747887265351581392506508250456203811444818753184144,26.755628127530834,74.19366817005692,0,0,0,0.00000003854758763216840020603669118963359365497942079440468959,1.00000564289765779735683583024770629414465827019517886,2.702580839984155641642733217658479592310213429113584972e-83,1,ROOT_OK
cstr,cstrfold_0002130,dev,single,0.0188954875221402188871322003980801445721647227563279221,90.16774754605997,20.739806352161324,0,0,0,0.9999974833474817755102628589256881514362561053132445964,0.0001331922770819010144816073079260689978602060127407438845,1.054219794323052322434857405127001900770996138236850755e-81,1,ROOT_OK
cstr,cstrfold_0002131,dev,single,0.01762395819674994759466092064747128446354195231715747837,18.386656909565943,23.27272264616595,0,0,0,0.9980228281302066754858429990177595993290143259932039401,0.1129776787588132565635095337604114691610659280182623088,1.054219794323052322434857405127001900770996138236850755e-81,1,ROOT_OK
cstr,cstrfold_0002132,dev,high_triple,0.005116802717385573738920989939840186686210483680429274946,28.234029908649763,75.65650850566792,0,0,0,0.9999997701233642066134670472199812843103308896267562087,0.00004492588261151019980873478572346850128490908808304031211,0.0,3,ROOT_OK
cstr,cstrfold_0002133,dev,single,0.000001875042027348207688386482799910457878460514335285074525,92.37642752348366,20.446540121977815,0,0,0,0.000001875110400862250904975534477705243832160960830198881076,1.000072932090533225647184964750119864012027999618982345,2.864334291483284060112866160590008178040092466198718835e-83,1,ROOT_OK
cstr,cstrfold_0002134,dev,low_triple,0.000464143871270697277692261656630675644920679709099185636,18.864171830825363,21.787462620758166,0,0,0,0.000468685382411786902839063166519614036802968953549481096,1.019708008187835433433644437312969428310628065179207819,2.779681098312735615795034173674712043048524973866696327e-83,3,ROOT_OK
cstr,cstrfold_0002135,dev,middle_triple,0.00000002774129686268731785544867773625309748982083401418265397,27.98518247036359,71.12503840616306,0,0,0,0.8355297169156017535756787039772717875694182143648032066,-2743715253.344928301256266921221181148718325226053955025,3.162659382969156967304572215381005702312988414710552265e-81,3,ROOT_OK
cstr,cstrfold_0002136,cal,high_triple,0.01866579407979509871098784412413702329244095658565826459,91.68172779667758,20.969958127422622,0,0,0,0.9999979245645402934349324767858673734379656951266662464,0.0001111922146554607903745616292530274384707700221698445395,1.054219794323052322434857405127001900770996138236850755e-81,3,ROOT_OK
cstr,cstrfold_0002137,cal,low_triple,0.01763468400901797045233609774728566137719344530804525945,18.422727145590837,23.255576032527213,0,0,0,0.0509489486741977600929032451329804367374877974077423363,374.9010782750664702072513878608863077931310478580496924,0.0,3,ROOT_OK
cstr,cstrfold_0002138,test,single,0.005093313073069694381267444920528726520126154866524882975,28.17503460882538,76.04135334211892,0,0,0,0.9999997683527099410916244570416411180665940106708592852,0.0000454807178181044124850658416729867764652723621827592873,0.0,1,ROOT_OK
cstr,cstrfold_0002139,test,middle_triple,0.000001511885808441758028652013717091890471813988326814391755,92.254418648675,20.791417425828385,0,0,0,0.9232690091755990068357441060749329285557843861938005858,-5072323.049343563003416683996984266936007225302166634084,1.054219794323052322434857405127001900770996138236850755e-81,3,ROOT_OK
cstr,cstrfold_0002140,dev,single,0.0003526604237124352229278415500890351916773484166081170689,19.96256803937211,21.92392581944441,0,0,0,0.0003552907961950968058127582680999770677269105358249605022,1.014997934691570922282783624736407759138854393877159156,0.0,1,ROOT_OK
cstr,cstrfold_0002141,dev,single,0.00000004473855810749339062816080355358516542546049699734537454,26.583850137887985,73.38850264180493,0,0,0,0.00000004473870299655994899460729309847300810543106161921690566,1.000006477160441455446254780574592812529048706312146224,6.290721297450389876379021939173817824799806182889006649e-83,1,ROOT_OK
cstr,cstrfold_0002142,dev,single,0.01869845430750193284041150165839559435352589926224495969,84.0673549281992,20.96635880723606,0,0,0,0.9999972441913356040996303506326816366386391760891871339,0.0001473866787176020767803506792224864102046884787719112824,1.054219794323052322434857405127001900770996138236850755e-81,1,ROOT_OK
cstr,cstrfold_0002143,dev,single,0.01777887669453677147996791970657965835034187698723897239,18.89350046900268,23.040320261338323,0,0,0,0.9982440199408327028816457773235455461567638942241327091,0.09941094648818187664619931152761623538988762427408292191,1.054219794323052322434857405127001900770996138236850755e-81,1,ROOT_OK
cstr,cstrfold_0002144,dev,high_triple,0.005333298863272107571446563504047295305506195869004334794,26.56095787408712,72.82496994660195,0,0,0,0.9999993384864989834124807406603080574534568648298720305,0.0001240349278193258867997896589272478728365412416516706239,0.0,3,ROOT_OK
cstr,cstrfold_0002145,dev,single,0.000001357302977769730409490470765799316596944280383552897204,89.3072598055588,21.107597821741138,0,0,0,0.000001357340022924432592940008612181573523415036772744857408,1.00005458752654053310775699498466729290733998899511538,4.316508545824616280690972121402997933168597049623580009e-83,1,ROOT_OK
cstr,cstrfold_0002146,cal,low_triple,0.0004306957344494055715563175345908012240085453215726404968,18.88280493235558,22.116239394748934,0,0,0,0.0004346649004046110876800411652934794849581107722954963541,1.018554341951656652458467415682232367605076381187417171,1.235413821472326940353348521633205352466011099496309479e-83,3,ROOT_OK
cstr,cstrfold_0002147,cal,middle_triple,0.00000002842333799341904813154183487359923729194016124766529538,27.851788476396127,71.569777753522,0,0,0,0.8311950997232611584930483284427916057046948557955867569,-233255842.4612719921556033587393550829214499459185988717,2.10843958864610464486971481025400380154199227647370151e-81,3,ROOT_OK
cstr,cstrfold_0002148,test,single,0.02010517723929185810068442113069216627985618201270551152,86.7924771917005,19.566196684427563,0,0,0,0.9999942128342404384068813367973602106433563634920046723,0.0002878645932784602915017593792943351941503916010351993718,1.054219794323052322434857405127001900770996138236850755e-81,1,ROOT_OK
cstr,cstrfold_0002149,test,high_triple,0.01897361758004707433726135439132356116852851864750126287,19.799139292477697,21.597627986647364,0,0,0,0.9982673765255999704157214844133023601822462791015093317,0.09194640222076447242755655401109155949972100051437353744,0.0,3,ROOT_OK
cstr,cstrfold_0002150,dev,single,0.005127530865163255203686876808329052240627795890750881997,25.98885983678723,75.7951617672538,0,0,0,0.999999232326970284169350870753666949632688747848653153,0.0001497163786452558527272578564405977645753231007354818626,1.054219794323052322434857405127001900770996138236850755e-81,1,ROOT_OK
cstr,cstrfold_0002151,dev,low_triple,0.000001925620877550125443672838238482418801220926511196332512,84.99634083026352,20.772200923454132,0,0,0,0.000001925694197330402575645606636670918276217525543576860468,1.000076153987580927841517441544210401709420337210311801,2.664665358423059344655366961048703992656181492598485223e-83,3,ROOT_OK
cstr,cstrfold_0002152,dev,single,0.0003993731791368896414178141874231652408548739564182386541,19.26925693283926,22.0548922350453,0,0,0,0.0004027727179972830110341757350468915994306455833367331549,1.017129294725069194903007044694453200877761719496183097,2.007547459892531278074191347653958697757268036681502903e-83,1,ROOT_OK
cstr,cstrfold_0002153,dev,single,0.0000000276116285482042400213532597440739304522179744126952453,26.91165447991242,77.71614845267557,0,0,0,0.00000002761168703693274362448794604553385286937117095963924778,1.000004236535266653629469220481285553206081046988979357,1.455909878104685178575949719439856111441783003421252755e-83,1,ROOT_OK
cstr,cstrfold_0002154,dev,single,0.01956209548864276981968518568893782988083448529352017483,87.2499367309292,20.078168960949657,0,0,0,0.9999958311781580709771302500067655407741481661631464398,0.0002131180206996881678242478545296424666800562352992127319,0.0,1,ROOT_OK
cstr,cstrfold_0002155,dev,single,0.01787752808856039387927709469804298374779395251355608946,18.80942652982946,22.92716346651187,0,0,0,0.9981667450869052913661690425865291929391919145159791434,0.1032386981091776525481303233322715533420021012229689401,1.054219794323052322434857405127001900770996138236850755e-81,1,ROOT_OK
cstr,cstrfold_0002156,cal,single,0.00548686276806486474576171934463556270541881122276186836,27.652015855342928,70.70170216653428,0,0,0,0.9999995754721047840597918864464872989301185192770871866,0.00007737184984138852190277478469520176311253741204474882104,1.054219794323052322434857405127001900770996138236850755e-81,1,ROOT_OK
cstr,cstrfold_0002157,cal,single,0.000002075797334567538517333760649532463476544429935166737611,88.07820074336105,20.489458707419047,0,0,0,0.000002075881318419439491961217570512916291861999480241830007,1.000080919630644047629787224726387887210343176038997038,5.087636801903127644013740933327370089208172662671813546e-83,1,ROOT_OK
cstr,cstrfold_0002158,test,middle_triple,0.000245061632912182045138220521761109567281561880203121388,19.912274351436395,23.6431080625935,0,0,0,0.7987683758421857995972093003424140000316228583823495596,-628844.4269142233705292086557110542092939344173076851309,1.054219794323052322434857405127001900770996138236850755e-81,3,ROOT_OK
cstr,cstrfold_0002159,test,high_triple,0.00000001593417803049777917556430130616179214161397776203763715,28.66303070269075,73.96209195336763,0,0,0,0.8450921646175547319469959224328298239612123744204150535,191415721.5439517353877298239535956678250231969016615777,1.054219794323052322434857405127001900770996138236850755e-81,3,ROOT_OK
cstr,cstrfold_0002160,dev,low_triple,0.02007835985903047052896722504139329235863091625587174422,91.76049746969973,19.5775570785007,0,0,0,0.05519126045860292895848637185027833680841104296598892669,944.786574259156079431481626958518442574896976896126985,6.588873714519077015217858782043761879818725863980317219e-83,3,ROOT_OK
cstr,cstrfold_0002161,dev,middle_triple,0.01825613182977193625450437008574156099879924547060536324,18.55847536960917,22.483861408408842,0,0,0,0.05507898020485578303997600088824052263272844109416652392,-100.5321561576656413729689897851811738049304280124288093,1.317774742903815403043571756408752375963745172796063444e-82,3,ROOT_OK
cstr,cstrfold_0002162,dev,single,0.00511769698886646306701620709991631753376997706522372734,26.36227153705808,75.87043928959383,0,0,0,0.9999993773631956486490493914008221980414001987787011229,0.0001216637823324063685512947142678510329432023137203613041,1.054219794323052322434857405127001900770996138236850755e-81,1,ROOT_OK
cstr,cstrfold_0002163,dev,single,0.000002929912033252079685161464061673520458717807479845572953,91.31326229670555,19.794257939570745,0,0,0,0.000002930073383596001276428343099829296997072422234368771292,1.000110144568304594959376207367722839131470286815878805,2.043339071256801166645626249485129035117123175957274889e-83,1,ROOT_OK
cstr,cstrfold_0002164,dev,single,0.0002923407861909449349828378692824145629397368785551558185,19.244788271990725,23.56388725735818,0,0,0,0.0002942877209727069306258585814746811838764990327903212741,1.013383810032168411151879532386768443002206730348388413,4.16952164746910342369255126051206806457278746080004449e-83,1,ROOT_OK
cstr,cstrfold_0002165,dev,single,0.00000006710569416636336108765784112092507674889902782072383152,26.178844718926545,70.67491182473299,0,0,0,0.00000006710600792677066203589285396295791226480695415551225311,1.000009351262439459807110070788325392134556177122018018,5.804109960431354686621211153937219844553222292324565211e-83,1,ROOT_OK
cstr,cstrfold_0002166,cal,single,0.01891660070291581255661873431197060806938094523477727435,83.95747569877312,20.736248296258275,0,0,0,0.9999968286454370186030818411046351834717197053388983465,0.0001676558426869887870698864328014735449841165289959828083,0.0,1,ROOT_OK
cstr,cstrfold_0002167,cal,single,0.01834590643395063995241149424792643618086361424281509086,19.689828415120076,22.30838626621119,0,0,0,0.9984261653243139386180650184907103649090660184227056546,0.08631786214065431291909417908180936235579897028020299722,0.0,1,ROOT_OK
cstr,cstrfold_0002168,test,high_triple,0.005349819254689738744060811581984646645790389157724237275,26.13975461796871,72.63888925835356,0,0,0,0.9999991615454460422628647075214319054724662928240682226,0.0001567263092660968742364667266501752979791017177038950135,0.0,3,ROOT_OK
cstr,cstrfold_0002169,test,single,0.000001919833469487383420978770171895825699740603568465885902,91.07955047649475,20.46488728464018,0,0,0,0.000001919905216386722499842717862925242671476152701015087426,1.000074744912454552817981836108956085968485527867755667,3.946728920549940297079349736753996526400206032049733471e-83,1,ROOT_OK
cstr,cstrfold_0002170,dev,low_triple,0.0004130650349860554836647200521341392268252744516506585323,18.48738028998257,22.765313222579113,0,0,0,0.000416827503865529192680638262451906473767913978909910218,1.018337314843383606379375038326351781421957855577152277,4.838704134099947183050615043063387630491876806360545458e-83,3,ROOT_OK
cstr,cstrfold_0002171,dev,single,0.00000003903874031243147099121235377533674781631825247985905997,26.313782810449545,77.02252626694421,0,0,0,0.00000003903885617303099713148776124545747235976328089371779525,1.000005935685924756992064649715471568385315737545407736,1.34965039004719115633450837333451798118830155455837667e-83,1,ROOT_OK
cstr,cstrfold_0002172,dev,middle_triple,0.01824685890984582166200475081656960219005829403194343201,90.89466693883621,21.436617739457077,0,0,0,0.05034774348509661925602719144268173895811058113384711791,-2538.940691390926558766131208487484185008010839206027743,6.588873714519077015217858782043761879818725863980317219e-83,3,ROOT_OK
cstr,cstrfold_0002173,dev,high_triple,0.017300568804040943965168549908945545057176268683678827,18.89026794679929,23.494929697624848,0,0,0,0.9983519688929887327725082709831868267424859967312371588,0.09583902956834227082838709623379016313788056018048086765,0.0,3,ROOT_OK
cstr,cstrfold_0002174,dev,single,0.005133700720180166143651402132770754288089302605515340034,26.231562723905967,75.65306148824126,0,0,0,0.9999993232500212675338084894148156180833908228082754361,0.000131825335053199083384785207542630006077206833228803494,1.054219794323052322434857405127001900770996138236850755e-81,1,ROOT_OK
cstr,cstrfold_0002175,dev,low_triple,0.000002309729658623976873747254166401995688116008246274306916,87.36513763482947,20.354369134793878,0,0,0,0.000002309832918160923487248008641775251823261859387695903631,1.000089415630620574627840324905243256394500680287769777,5.051040884665503375923846820219094800446972464086473649e-84,3,ROOT_OK
cstr,cstrfold_0002176,cal,single,0.0003102253148702773703653193602294703320776431673274355202,19.305173488756836,23.204976010224808,0,0,0,0.000312383800236984357252871455852161873559196211826574275,1.013985669248590289467299278341033024664459814628122938,5.301984317152069785683120738675839637666630968671661512e-83,1,ROOT_OK
cstr,cstrfold_0002177,cal,single,0.00000001298998787397065081190002408577709077844761874265998912,28.50880092703036,77.37581727372765,0,0,0,0.00000001299000076162835193891336400297132447087709048670335583,1.000001984246203316145375980319934667938641254170371672,1.014336528173677451306860784427084218454110930054686267e-84,1,ROOT_OK
cstr,cstrfold_0002178,test,single,0.01843901765814452220638602831939875812482723097635968716,85.63495587326575,21.2400509174715,0,0,0,0.9999977966822027619038220586694182314809101737945881265,0.0001194954734299114373581123398403193641759984680108162401,0.0,1,ROOT_OK
cstr,cstrfold_0002179,test,single,0.01730162451611769848327097472022567264246050527840552941,19.74447352451002,23.579003946300762,0,0,0,0.9987494718969789147664150265837700593903592016961014632,0.07263256843524809783231721012445186814882235137679426249,1.054219794323052322434857405127001900770996138236850755e-81,1,ROOT_OK
cstr,cstrfold_0002180,dev,middle_triple,0.005187366920476068629213835920791811065345019690939300872,26.762547575397836,74.80231009804575,0,0,0,0.01503990180087516015459477614859545134402741965605060077,-139.3150705180430450981297996596931595021964136696933963,4.941655285889307761413394086532821409864044397985237914e-83,3,ROOT_OK
cstr,cstrfold_0002181,dev,single,0.000001573307463085434356673487309095604965648143944819010727,86.95723130417961,20.988070379851518,0,0,0,0.000001573356941795864231383418021510190689390721494188423539,1.000062899169816945971097517376386208671336483413890209,2.45956736071769256744826808538694138531319136865866822e-83,1,ROOT_OK
cstr,cstrfold_0002182,dev,high_triple,0.0003010716837996933491725163573099474454424060756469030847,19.95437448021221,22.640644461244793,0,0,0,0.7990983468312089674328553590259864304302215043517393759,2890985.350309977247459087344372530276253043909214050994,1.054219794323052322434857405127001900770996138236850755e-81,3,ROOT_OK
cstr,cstrfold_0002183,dev,low_triple,0.00000002399757422060301604770608192609681681675756351277780597,28.15599608189561,71.90774448723073,0,0,0,0.00000002399761505530962628702077670192140781772670472603268763,1.000003403240433910027579846685756587266870805226435522,6.144676945040214182878795466498245321127447835443871025e-84,3,ROOT_OK
cstr,cstrfold_0002184,dev,middle_triple,0.01888607309849108119033122316027570803100938222498535328,84.71973046814084,20.762089667525885,0,0,0,0.05312643548003641379227662893682435085398962002301233885,-150.1199232956641863740206004800019445436141061863294116,6.588873714519077015217858782043761879818725863980317219e-83,3,ROOT_OK
cstr,cstrfold_0002185,dev,single,0.01840000858323733246757430497290200933121079053464810848,18.66668014715285,22.31983487693229,0,0,0,0.9978923117483995665667355268824269968237118426287612519,0.1154333693410479174628147958755728729030001609632823214,1.054219794323052322434857405127001900770996138236850755e-81,1,ROOT_OK
cstr,cstrfold_0002186,cal,single,0.005223727706427180768978896815225515339995779867753480821,28.131603905158503,74.15811852711795,0,0,0,0.9999997341508362575808333839211395267816515414743341897,0.00005089267749521455632898920125376632186004283218001812742,1.054219794323052322434857405127001900770996138236850755e-81,1,ROOT_OK
cstr,cstrfold_0002187,cal,high_triple,0.000001824533182202794117370879153583477326395643777650378467,90.26314680742821,20.593614885426007,0,0,0,0.9290416952340118180901033145415359922658589061746833119,477035.1507630856247038168378940912288041941802272448749,0.0,3,ROOT_OK
cstr,cstrfold_0002188,test,single,0.000385345178339916858138108821407394843010410749673858347,19.65736248702643,21.827553154633407,0,0,0,0.0003884741909271388705209130656135584393633870560997432304,1.016335579214926755867532020996970331069429581582408858,5.147557589468028918138952173471688968608379581234622827e-85,1,ROOT_OK
cstr,cstrfold_0002189,test,single,0.00000002358072899353952077174127583409508012427309252145027811,27.255556122380277,77.52952727825414,0,0,0,0.00000002358077154795514043808291583238425862478096060505606348,1.000003609258371815309652405372361811660490983217604791,5.815828948351713419448761380748163081768132726796003897e-83,1,ROOT_OK
cstr,cstrfold_0002190,dev,single,0.0184959183408423710410637977729935128211187962277058435,90.20215764296353,21.164484565408596,0,0,0,0.9999980585700903339403237334986159726357293301742308916,0.000104967941514223000428462778384558605575506043266930573,0.0,1,ROOT_OK
cstr,cstrfold_0002191,dev,single,0.01785830435069039846799994561928458056031641181345757839,18.50801926378478,23.06227651889311,0,0,0,0.9980414453524705853438215211551911889213825094732693138,0.1104462170294859256700939114351223326914765151538895862,0.0,1,ROOT_OK
cstr,cstrfold_0002192,dev,single,0.005048516240340867722292427497964141135147528739138312238,28.698625996100485,76.6347690057583,0,0,0,0.9999998305784487801050512634237183085097647666061259491,0.00003355870868557131729217179211106453954173304503576057468,1.054219794323052322434857405127001900770996138236850755e-81,1,ROOT_OK
cstr,cstrfold_0002193,dev,single,0.000003526840896740401446933991444806648038173066377663222406,87.73110534771104,19.662891729799142,0,0,0,0.000003527073059817662641132603141075117174580222768150867681,1.000131661415325911884507867625139731158302366664960178,3.965630108573768215763141201765962884331814925824579351e-83,1,ROOT_OK
cstr,cstrfold_0002194,dev,low_triple,0.0003160448388281161679328783087742460727122444283026515777,19.54303173245815,22.851658829957476,0,0,0,0.0003182494858139487542302819638284371529660271006610165167,1.014021944642779698657928446848305415813979495989814253,2.522303218839334169888086565001127594618105994804965185e-83,3,ROOT_OK
cstr,cstrfold_0002195,dev,middle_triple,0.00000002057492882804961949011728551943984580144533214536795624,27.715937543037285,76.38040599984056,0,0,0,0.8291099742805833219198780798490834642364166927708785464,-2351034703.529617389331787285502454984581380706704150672,2.10843958864610464486971481025400380154199227647370151e-81,3,ROOT_OK
cstr,cstrfold_0002196,cal,high_triple,0.01953158870760096327842590318179170770371814579748313758,88.9212502137936,20.10005170639215,0,0,0,0.9999961153312936777567015567849006229184260272145274165,0.000198901147786762899538536778181289233066984398385707014,1.054219794323052322434857405127001900770996138236850755e-81,3,ROOT_OK
cstr,cstrfold_0002197,cal,single,0.01719282822097442653332574624430963078862306797015584965,19.30667924662943,23.752989048495103,0,0,0,0.9986144228563082342099627514848419222716928157965875762,0.0810148541839211673545456886334408467845670553750078978,1.054219794323052322434857405127001900770996138236850755e-81,1,ROOT_OK
cstr,cstrfold_0002198,test,single,0.005192464521339494228859960117881053392194497605116717982,27.827958889895456,74.63295803852147,0,0,0,0.9999996969756874676751365444807999118100635462960540011,0.00005835855497450845990157246202821342114493888903995227581,0.0,1,ROOT_OK
cstr,cstrfold_0002199,test,low_triple,0.00000135276703104756860455134080857579418483427318147847896,84.56900155902916,21.378144143272173,0,0,0,0.00000135280432414355590092852350395419966681503096970991973,1.000055137150605434348113339427269184992600925861779741,4.978854432531947814142132608098925412176253391052753743e-83,3,ROOT_OK
cstr,cstrfold_0002200,dev,single,0.0003904024139906364010358446956203719752987193039494338859,19.734336210117,21.679420302604772,0,0,0,0.0003935914790408835583847584661104608309752550093984464114,1.016434012380242916111056773966477621968530895875628994,4.529850678731865447962277912655086292375374031486468088e-83,1,ROOT_OK
cstr,cstrfold_0002201,dev,single,0.00000002926551530290805392367309442792778480191521857634132008,27.670309908470962,72.23194426110454,0,0,0,0.00000002926557631114487844449912280926731358442871128231002954,1.000004169298179731794432496811532079795487560691372884,2.660973720137155454287438940538554313372664130533085637e-83,1,ROOT_OK
cstr,cstrfold_0002202,dev,single,0.01970160321017081867079845207235506542296067300576337041,91.24354794464867,20.068824965542397,0,0,0,0.9999963597514708631508897699326180729083355762308533591,0.0001847775501870139840962021069769737065215020608659301505,0.0,1,ROOT_OK
cstr,cstrfold_0002203,dev,single,0.01828357286736843399545516093817273366161238902672321454,18.56547056722767,22.463120099880662,0,0,0,0.9978775388249273959811759324029646619087612337696873148,0.1169815314120021528880577814127328513604675748160839264,0.0,1,ROOT_OK
cstr,cstrfold_0002204,dev,middle_triple,0.005248621893994075423327192933277318201815067809807625577,26.550599580099917,73.97981359287557,0,0,0,0.01503730972367206871547422331995592990103558009851101259,-301.0840258288270889225262828601963092202769037453502392,3.294436857259538507608929391021880939909362931990158609e-83,3,ROOT_OK
cstr,cstrfold_0002205,dev,single,0.000003323975462075681234609610421881103176773405771858319429,88.12212779523801,19.73853141232684,0,0,0,0.000003324182519767653329794451288472127174459566694842092811,1.000124590134812624636082841391581316182309074585461297,2.794962909906468826645759187939706119674081100748486613e-83,1,ROOT_OK
cstr,cstrfold_0002206,cal,high_triple,0.0003835069321658729325635664468583975437668326992674824388,19.165031494146678,22.355386020391112,0,0,0,0.7921081452971861511540413097749904885521797351126231771,78183.37085829396050422090127530498170924145481351613269,1.054219794323052322434857405127001900770996138236850755e-81,3,ROOT_OK
cstr,cstrfold_0002207,cal,single,0.00000005539163180660618791402245696928650177309544203643633685,26.141603634066254,73.39384528488392,0,0,0,0.00000005539185392908314763948436210586722757264361401360406611,1.000008020096906450609834846825176409667525044202766102,3.108705036911032649744731211891660990526884314238531435e-84,1,ROOT_OK
cstr,cstrfold_0002208,test,single,0.01843317817153041091717115701302871280040008361976357887,85.77205105451121,21.245915795144498,0,0,0,0.9999978161149528576511876577301441216844460656797202429,0.000118479046262013120982315590503812292303784269859449491,0.0,1,ROOT_OK
cstr,cstrfold_0002209,test,low_triple,0.01902943987371399586459776807481343779550965785742275403,18.859006645599308,21.60703631100331,0,0,0,0.05538449132685497124080651300548676296388817947754373237,5982.205513158727966247683436998099472931181486580419178,6.588873714519077015217858782043761879818725863980317219e-83,3,ROOT_OK
cstr,cstrfold_0002210,dev,single,0.005262632870852556262048618937867281557809747009124921388,27.395685664014874,73.69688896444114,0,0,0,0.9999995970438928550881001508511375112506902555183792574,0.00007656943462761326614949848407996263784349640575982370945,1.054219794323052322434857405127001900770996138236850755e-81,1,ROOT_OK
cstr,cstrfold_0002211,dev,middle_triple,0.000001855666576512940847187148424189183045788299679430130139,91.00865254007803,20.53281701286998,0,0,0,0.9156634954807872649347306799866876679652316685429867132,-466858.6960163617341441654844751445296048201267469179201,1.054219794323052322434857405127001900770996138236850755e-81,3,ROOT_OK
cstr,cstrfold_0002212,dev,single,0.0003008026005581671481507077984433138973203637248738218437,19.79802356913987,22.804638782112907,0,0,0,0.0003027944241790154181113407783835441181348283826499563256,1.013306905158389567286502644774654975950306675016978431,4.581326254626545737143667434389803182061457827298814316e-83,1,ROOT_OK
cstr,cstrfold_0002213,dev,single,0.00000004838168854915233098936485999671296692134366603292106875,26.623390707672826,72.13955884654118,0,0,0,0.00000004838185507260037228647529859922705451511846063656530323,1.000006883755892053955443356089965824865825377004747007,2.856775073001680008857347167102842111354013510343951682e-83,1,ROOT_OK
cstr,cstrfold_0002214,dev,single,0.0186536661598082497971799485918980437591729243413225912,89.58838282731752,20.996665555769695,0,0,0,0.9999978027639642326101440743574921203367972120255889554,0.0001177944174825773005964672377776679249679777317588863332,0.0,1,ROOT_OK
cstr,cstrfold_0002215,dev,single,0.01750634017229023875108984915728750428744814814672825253,19.282072589582672,23.350764489702673,0,0,0,0.9985119938950942230532235405867300306423966474460370973,0.08547928922990212425045097364004899141496106693973942177,1.054219794323052322434857405127001900770996138236850755e-81,1,ROOT_OK
cstr,cstrfold_0002216,cal,high_triple,0.005103214198647885171381748741732932033215873719615123992,27.25882294306931,75.97784109556562,0,0,0,0.999999620139002877852516475307626775276598012229833344,0.00007443575800969391564374205237455872769625337094068079481,0.0,3,ROOT_OK
cstr,cstrfold_0002217,cal,single,0.000002391386438252898419335540900501187436072699537517016277,84.09177657097537,20.468524035021435,0,0,0,0.000002391497781168542382337787183662306931279419407733413909,1.00009312318959557405576084422629873665051847847793143,1.209676033524986795762653760765846907622969201590136364e-83,1,ROOT_OK
cstr,cstrfold_0002218,test,low_triple,0.0004575485453114301580385636330376534816877106929839587402,18.515685264946967,22.24628901787504,0,0,0,0.0004620597603522000911261562828746723903564358981972762489,1.019859704292539073498768243911661726958192524895012712,0.0,3,ROOT_OK
cstr,cstrfold_0002219,test,single,0.00000001633208649915510381140341568686182965551030063864477286,28.616391121998973,73.91554827254069,0,0,0,0.00000001633210594846721487288594733444240433445018973515041764,1.000002381732311576196218295751055957554545718705918641,1.252514746740560876755588705153839143393828122238411561e-83,1,ROOT_OK
cstr,cstrfold_0002220,dev,middle_triple,0.01826178661750841005239707247051476959178133093403566074,87.82521853929177,21.370156387914694,0,0,0,0.0545005397940973562422392328729709473681716336554155972,-38.88165235795404246787559165567780233156538585855525957,0.0,3,ROOT_OK
cstr,cstrfold_0002221,dev,single,0.01768219874857571386041138035930981367376747191094552563,19.95269704124866,23.082524339930977,0,0,0,0.9987209424471075781486956882228289872475573198932120598,0.07270482430633660809610810215875186204752573691483665493,0.0,1,ROOT_OK
cstr,cstrfold_0002222,dev,single,0.005158811235925625652592669773531281165183248889477203102,27.544078938905354,75.14045392433599,0,0,0,0.9999996580529709133385664029009773885452599353044766907,0.00006628417453124353156745199333161984587838174656789382427,0.0,1,ROOT_OK
cstr,cstrfold_0002223,dev,single,0.00000154943316571008513077935814200138326738842413135485013,90.95714645711482,20.81428459909234,0,0,0,0.000001549480736888968784323279705337403108924265466165960599,1.000061406023278377114781846663336218421405424952013024,6.569168220621894717015608105754690570485771910895903428e-83,1,ROOT_OK
cstr,cstrfold_0002224,dev,single,0.0004646180338702701344792921741196501277017712682694124698,18.86198598552523,21.77055726638648,0,0,0,0.0004691651406922396840639327079367171486534669574448231539,1.019712181174532845816102241929110821163686111536931478,6.022642379677593834222574042961876093271804110044508708e-83,1,ROOT_OK
cstr,cstrfold_0002225,dev,single,0.00000002892463467036371460056973104290995598804946854669652338,27.479238385813446,73.46831728890932,0,0,0,0.00000002892469530004331498882846753832297354333790925001598421,1.000004192258483075121075019676490216471023308753432896,1.363260753497859797248435339164278330682937480062471144e-83,1,ROOT_OK
cstr,cstrfold_0002226,cal,single,0.01976968313325640391327941315788843335597594948026964286,85.40002645476528,19.885326169008664,0,0,0,0.999994999152222140553743855417780295960863242775675117,0.0002529706695081764484901108739145651609401866871564464152,0.0,1,ROOT_OK
cstr,cstrfold_0002227,cal,single,0.01864004541958021606790345139367225365406972060254453799,19.78156862506601,21.968649977885804,0,0,0,0.9983714420423631705412831135668922543333489507796312065,0.0879328058617874145293196251126217759947224301995172766,1.054219794323052322434857405127001900770996138236850755e-81,1,ROOT_OK
cstr,cstrfold_0002228,test,single,0.005160605984703124834823573933722895225796004160400247132,27.976746837855266,75.06795574934159,0,0,0,0.999999727145643992839683185533057821097578723429520429,0.00005287260727348477698083355015292036886211328318672780144,0.0,1,ROOT_OK
cstr,cstrfold_0002229,test,single,0.000001988603812181512519595538856276302308878979000302724182,90.85698306007022,20.419024149252408,0,0,0,0.00000198868060999727944467447385007805184903843904967292989,1.000077240141771399400978895030107282498983354203401127,2.93973796711025713996841721781859737191619177647071038e-83,1,ROOT_OK
cstr,cstrfold_0002230,dev,high_triple,0.0003059613708864542959141803085543123810630115309466497535,20.011326841000624,22.509631234959695,0,0,0,0.8006022476798983321590127071889516566164189134766937328,100767.8712809195903854843522117792457736425035932534914,1.054219794323052322434857405127001900770996138236850755e-81,3,ROOT_OK
cstr,cstrfold_0002231,dev,low_triple,0.0000000564116192474973441066081624430148019575075180421567543,26.317850580953202,72.0442828611268,0,0,0,0.00000005641184533096684137836838315912134931190794086320108017,1.000008015516460305437515229882792048440128142455873769,4.469999011202955565826934260979893619736220203958074799e-83,3,ROOT_OK
cstr,cstrfold_0002232,dev,middle_triple,0.01921414041418276061908289265116347654537114358579692295,90.62800257584338,20.412453397215923,0,0,0,0.05312257991087559818254479621076956750698601792423714274,-998.4968093436679362697069032760896226116668164412264259,6.588873714519077015217858782043761879818725863980317219e-83,3,ROOT_OK
cstr,cstrfold_0002233,dev,single,0.01870719366806469736859874180246395442859109917000171775,19.192696102465284,21.93444750565914,0,0,0,0.9980694392941326444182853444791967878139173458616866156,0.1039584365773709614630145843609044825270335443776672281,0.0,1,ROOT_OK
cstr,cstrfold_0002234,dev,single,0.005238602331067790222362014360834052132653493703959928316,27.731729152000113,73.99626307299404,0,0,0,0.9999996686772270201768782648341011431930894370255663949,0.00006324650086364829855211217811458221506626148133926555143,1.054219794323052322434857405127001900770996138236850755e-81,1,ROOT_OK
cstr,cstrfold_0002235,dev,single,0.000003170319277991412963402431008714243688517127964182590446,86.48815802113668,19.891140878817293,0,0,0,0.000003170509168316411170836106192446974891357847626007457999,1.000119797886614911936598212384523372892623538323073242,3.207169670000588329856104967455993712863423996902040394e-83,1,ROOT_OK
cstr,cstrfold_0002236,cal,single,0.0003533150602873487619424200009525211499019806577452406312,18.480964085000217,23.55631761573001,0,0,0,0.0003561635547036789401273329114724163786129001482791028409,1.016218361077051579753913820533002456032086126355255262,1.029511517893605783627790434694337793721675916246924565e-84,1,ROOT_OK
cstr,cstrfold_0002237,cal,single,0.00000002662350959927091126160414924539543779988725679593758698,27.300766248198993,75.63954358267833,0,0,0,0.00000002662356250477383034727881476806980243253760746119830026,1.000003974350533242671489655013979948245469002599627644,2.704148608073233123594729883390024009299553993939656796e-83,1,ROOT_OK
cstr,cstrfold_0002238,test,single,0.01950774058667194468594252634326307230565294202617521579,89.95285821230215,20.123773842162095,0,0,0,0.9999963024321436540248505377212816698113993755264043591,0.0001895523423889032094483408761393408261618036855521978561,0.0,1,ROOT_OK
cstr,cstrfold_0002239,test,single,0.01792826017958905597832562011180533612253912535052386009,18.368766613065684,22.908735808918298,0,0,0,0.9978998115340328185242049693124277129380700755406592666,0.118022751121502982971565810794457321796603457672460554,1.054219794323052322434857405127001900770996138236850755e-81,1,ROOT_OK
cstr,cstrfold_0002240,dev,single,0.005029897606091338430006697573235137565473650181040609344,26.892115315157547,77.11210461280662,0,0,0,0.9999995643077736063367680637278346726838779084028759021,0.00008662065301221405938342154221889575585318617575376425927,0.0,1,ROOT_OK
cstr,cstrfold_0002241,dev,single,0.000004052170872092798816760610155354227401408874636501459356,84.70893798183712,19.58377917313658,0,0,0,0.000004052476053535138974652994340149150750623324201298413845,1.000150634572670946987301635543424057672524314539122815,5.878671628347159900418375224360089792431038493631852851e-83,1,ROOT_OK
cstr,cstrfold_0002242,dev,single,0.0004576500040448935836560748596888486345607270684674297489,18.857638502950106,21.85970329355898,0,0,0,0.0004620800045398568590884894656751778705624331459347012523,1.019495411711594112117079463933376841565396833720480236,5.147557589468028918138952173471688968608379581234622827e-83,1,ROOT_OK
cstr,cstrfold_0002243,dev,high_triple,0.0000000379436937055155006376210721152599313794639730297080889,27.157300768844102,72.00921361776946,0,0,0,0.8288028259894417488680306415221490517005520840001624369,5109752538.669588429254038378535985562966885349745273938,1.054219794323052322434857405127001900770996138236850755e-81,3,ROOT_OK
cstr,cstrfold_0002244,dev,low_triple,0.01828997290144534348611501965588290484339619662305452535,85.28236939351241,21.386519116416576,0,0,0,0.04832631967021810977813912238079314497991728829443563193,63.13411374439525548327861090834698351924533725448109921,6.588873714519077015217858782043761879818725863980317219e-83,3,ROOT_OK
cstr,cstrfold_0002245,dev,middle_triple,0.01838204392956150203249268788485800432699962325167620064,18.50144035883466,22.35319869907575,0,0,0,0.0537483815490980548661428448013015665642283914541904352,-1129.029561005852350873859415844225097641119366995499503,0.0,3,ROOT_OK
cstr,cstrfold_0002246,cal,single,0.005058912168400631397720162454662087938526014728678293974,27.49558377343028,76.60801707155072,0,0,0,0.9999996774196103255811406360761936731865567682694202183,0.00006376486307103647406588039353966551805525931745427719762,1.054219794323052322434857405127001900770996138236850755e-81,1,ROOT_OK
cstr,cstrfold_0002247,cal,single,0.000003947931424330088742188552408481048192711812223324375561,87.11607496528396,19.512826395582596,0,0,0,0.000003948219999588896097883753773193821628819177823012940294,1.000146198552430586230695554509996431822144355280698164,9.949263653393674643340443497788248834638383659355044433e-84,1,ROOT_OK
cstr,cstrfold_0002248,test,single,0.0003656671323196324950714093909316922077226333137575771261,19.446338078461828,22.27807850486833,0,0,0,0.0003685446361951733584971009301345325727182701038965132151,1.01582805694769281478607550007007188955492281954775594,2.882632250102096194157813217144145822420692565491388783e-83,1,ROOT_OK
cstr,cstrfold_0002249,test,single,0.00000004029902798106894109856320094516327900363280166184679408,26.247754004288293,77.03778241161727,0,0,0,0.0000000402991514678666517817755492173784717363156968285386697,1.000006128538591587681489410329471311846841747268205319,4.549166586971641718585274908481809890873301471467809922e-83,1,ROOT_OK
cstr,cstrfold_0002250,dev,single,0.02011600302735562542650270192792230662832798216241888875,89.57781895404598,19.548907290354943,0,0,0,0.9999946617955344964497694598367805123860665544089365816,0.0002653882755958661220643278849441476282531190666838408159,0.0,1,ROOT_OK
cstr,cstrfold_0002251,dev,single,0.01855274520964214296839069059849298367694140108128580108,19.938565710359516,22.144293889975646,0,0,0,0.9984945929859550432037496187644991434680471087454569358,0.08163077238726374508522352153449763426331341386223008349,1.054219794323052322434857405127001900770996138236850755e-81,1,ROOT_OK
cstr,cstrfold_0002252,dev,single,0.005056584282486736375147580306370688446049855088114214956,26.73317107312804,76.72958387374298,0,0,0,0.9999995147823372870572898336397404861401813112192131693,0.00009595778617198583375110969435073759101149819013486373195,0.0,1,ROOT_OK
cstr,cstrfold_0002253,dev,single,0.000003406002062568057109833779850075520966445729500018961029,86.67803536843273,19.767704394532206,0,0,0,0.000003406219804573008385961265225958260419206845308120309166,1.000127863895766439556595566231421281995563937266164551,7.918391323173866359230935023098246546242108902696072146e-84,1,ROOT_OK
cstr,cstrfold_0002254,dev,high_triple,0.0003681212692246053492373525125780645276867943433321927937,20.022606641270986,21.689127294912247,0,0,0,0.8114330918349136158777869784753294507408922077721756248,6925.645836740168407192044662651913328654523392555441143,2.10843958864610464486971481025400380154199227647370151e-81,3,ROOT_OK
cstr,cstrfold_0002255,dev,single,0.00000004602637542162180375619559049257886232320441061103551405,26.687316286543993,72.38576255959491,0,0,0,0.00000004602652664789148026509223610572927705747518840441344117,1.000006571303143135881210403286984625914659082597256476,5.615456247652303621912610371339392063908044826299898364e-83,1,ROOT_OK
cstr,cstrfold_0002256,cal,low_triple,0.0199183159054670393883442368735148499148840472717018891,92.41150250335632,19.722774816879387,0,0,0,0.0541385111024801392943809215780971143419247066638487739,197.9745749715110826377100019020118371263356762463839185,6.588873714519077015217858782043761879818725863980317219e-83,3,ROOT_OK
cstr,cstrfold_0002257,cal,single,0.01831167527896575968698400987140704257712432112902567881,19.46737738739421,22.362892786658314,0,0,0,0.9983398665290895097840939550861770002945260126651388506,0.09124308843695681460218044537371118745177905109052973524,1.054219794323052322434857405127001900770996138236850755e-81,1,ROOT_OK
cstr,cstrfold_0002258,test,single,0.005318603209886631310452109652672684504790155570736943721,27.758051180902115,72.89511793215502,0,0,0,0.9999996503774452255326961364334699633285694868541153675,0.00006573588899489557402032095188783864288600430571028256246,1.054219794323052322434857405127001900770996138236850755e-81,1,ROOT_OK
cstr,cstrfold_0002259,test,middle_triple,0.000001789390446514034467145516788329033966880182520272761887,89.53267283437218,20.654755499421892,0,0,0,0.9216603743570054547986303896165599258136624518343519708,-2842722.106317275331483302582052787219827467800285579605,0.0,3,ROOT_OK
cstr,cstrfold_0002260,dev,single,0.0004504694030029037432485291898734507085669771965663152736,19.185769428740425,21.593381180724084,0,0,0,0.0004547050401926004906879833355169901178934782629663340819,1.018933481809202004220014491283945996522880576071863908,5.610837772520151520771457869084140975783133743545738882e-83,1,ROOT_OK
cstr,cstrfold_0002261,dev,single,0.00000001880977664180620593032267854930486251695824513001278796,28.286943006204993,74.01292779631045,0,0,0,0.00000001880980247439398769009065409191503776801501295849290155,1.00000274672200906201189569406876982322459287606535857,4.642949908532689486655616535909867700756699988618599407e-84,1,ROOT_OK
cstr,cstrfold_0002262,dev,single,0.01903284587298414345964035723246469773129814488667697865,86.01171170624683,20.622242811787014,0,0,0,0.999996863555720264151933622673618004208923563655432423,0.0001647975534767708583968985468422668816067617451799131807,0.0,1,ROOT_OK
cstr,cstrfold_0002263,dev,single,0.01742283300102038455211169720113309522954484887549456609,18.529537437044272,23.517785344001997,0,0,0,0.9981772408760784390006846670501524227863261848244381684,0.1053051329086048224351374398947871601522312023692388547,0.0,1,ROOT_OK
cstr,cstrfold_0002264,dev,single,0.005290022086772159190001247488675987475069693936984209064,27.281810295879023,73.33145346823777,0,0,0,0.9999995625356485185666186929688846684469810853504406301,0.00008269628836531225934456325204921596530115263093463264994,0.0,1,ROOT_OK
cstr,cstrfold_0002265,dev,single,0.000001434736296691296349359125701368405674802179827822945226,88.83333413900151,21.043518325233755,0,0,0,0.000001434777557400833087756524406993788631704251877247620936,1.000057518014270912435091818956382213111255606557699947,3.170975905699641251525440459986270899802896327971484453e-84,1,ROOT_OK
cstr,cstrfold_0002266,cal,high_triple,0.000533272512490777413454535888358721110053532238799322878,18.3530332767104,21.684743328845606,0,0,0,0.7817459685488231633322096120140660700577645994941501369,1868588.77223981264789045996887332341552176307071245226,1.054219794323052322434857405127001900770996138236850755e-81,3,ROOT_OK
cstr,cstrfold_0002267,cal,low_triple,0.0000000290463303577632237815441827794842481051255388853505946,27.80075368398454,71.59135448038178,0,0,0,0.00000002904638991511282960092536134369865041020327546575250093,1.000004100858056470361792518090489834324848056825459135,6.510774357488439647757471774519250622261556003366101976e-83,3,ROOT_OK
cstr,cstrfold_0002268,test,single,0.01872427843726977743463950454160924639663281853532771056,85.24860145506763,20.934034828042982,0,0,0,0.9999973178633285582182327256816879688050875447132709221,0.0001432485934797817836369171527776252498432063948715315448,1.054219794323052322434857405127001900770996138236850755e-81,1,ROOT_OK
cstr,cstrfold_0002269,test,middle_triple,0.0175628347185673445849936878354250233813271549433777429,19.94314018528281,23.22646108895506,0,0,0,0.05213203344788737005866651567970749040378660529959456477,-140.0507325769472912048563708913812172894640351630062505,0.0,3,ROOT_OK
cstr,cstrfold_0002270,dev,single,0.00511474868644516512193531045635671504552743772750870121,27.285384971329233,75.80644924596035,0,0,0,0.9999996219030414860931092790146555766895159103461715485,0.00007392300147688140224848373723987776636676057083434439865,1.054219794323052322434857405127001900770996138236850755e-81,1,ROOT_OK
cstr,cstrfold_0002271,dev,high_triple,0.000003162899567430057523140001888322791890233521400965660707,87.26412400769208,19.857881096645805,0,0,0,0.9216216007330664579719928723521299109799733007433734005,1152669.242143786619346015689153684429029915295650460708,1.054219794323052322434857405127001900770996138236850755e-81,3,ROOT_OK
cstr,cstrfold_0002272,dev,single,0.0004158373487462018303241937610909071056312822272401175145,19.44660644990062,21.685598690912858,0,0,0,0.0004194593508681240268281033622104088994191557215494810636,1.017530182759018310514713769821037274171286790181457194,5.096082013573348628957562651736972078922295785422276599e-83,1,ROOT_OK
cstr,cstrfold_0002273,dev,single,0.00000004362050073495995876935699411484948266844335331523107604,26.121623731612143,76.80594993547243,0,0,0,0.0000000436206449752826350780667427467619162117236203964861283,1.000006613434902140292424521010566833682774561068571821,9.217973672604747390541357494432981302696680515233846429e-84,1,ROOT_OK
cstr,cstrfold_0002274,dev,single,0.01901497464081490806937616909004577560136699439026530658,86.7277697892785,20.626078703181644,0,0,0,0.9999969506692531867668535217887799938567930181862662662,0.0001603707963025696180076809079414666233821495998587427092,1.054219794323052322434857405127001900770996138236850755e-81,1,ROOT_OK
cstr,cstrfold_0002275,dev,single,0.01777304446203761891129983132049632645329410789973675115,18.358577876128876,23.090565873080553,0,0,0,0.9979499961677142743177153964828374629464045708919096602,0.1161861460710426312247382523104432576202788990003868414,0.0,1,ROOT_OK
cstr,cstrfold_0002276,cal,low_triple,0.005200130345375771432879135056083701541390687214867179232,28.56249494723182,74.43385121905433,0,0,0,0.01442424338969450444419907024643994606169480929735773146,159.7243788968182776514616501637481650378438937323708207,0.0,3,ROOT_OK
cstr,cstrfold_0002277,cal,single,0.000003328938918388323288070621214467537145960863975195229692,90.47848654514682,19.630795678960393,0,0,0,0.000003329145400813365587048366766648239388674089191844073576,1.000124058715500154323584405151994233176683709324761179,2.111705070491923425714659208039049904231453217270547224e-83,1,ROOT_OK
cstr,cstrfold_0002278,test,middle_triple,0.000346025662338511887814897578702843129287921712508503291,18.813390123618014,23.25581480495171,0,0,0,0.7778371544731009656086774330886853126751683585847704225,-11220.86650212811267478792719322968100644760262812601279,1.054219794323052322434857405127001900770996138236850755e-81,3,ROOT_OK
cstr,cstrfold_0002279,test,high_triple,0.00000002039224781099584633850247542683733297438680102666129499,27.535671287689336,77.66574038890022,0,0,0,0.8318982252020702905801252421498491377810678658411966432,227603099.266958873202372941343744530185390255713296575,0.0,3,ROOT_OK
cstr,cstrfold_0002280,dev,low_triple,0.01830555574681664735096089532644537054689233064710174688,91.19364896244447,21.22698981144908,0,0,0,0.04492434174072873884260320428644149030623559557068577306,21.70571362055562992020344535577058886289531284703171375,6.588873714519077015217858782043761879818725863980317219e-83,3,ROOT_OK
cstr,cstrfold_0002281,dev,middle_triple,0.01798651589923188565451985770979803211699505229602823418,20.141252888362995,22.699157048024833,0,0,0,0.05235878538451432447008363442501152441994159193158099672,-648.1275532857511654695669540853020887117001802884229619,0.0,3,ROOT_OK
cstr,cstrfold_0002282,dev,single,0.005458255976071376211564097572590636851011063158224930144,28.159518853122496,71.01635788680767,0,0,0,0.9999996795096816578149765420805857866287998883948730274,0.00005871670458491187111321114466085897163908311114671610403,0.0,1,ROOT_OK
cstr,cstrfold_0002283,dev,single,0.000001538089259359355292178254579017502943158206765757475983,91.34880924737197,20.80709105622125,0,0,0,0.00000153813611948482792209158536603022638665609615359016938,1.000060934287679787621883172581102270971114548716920288,4.681462335859165987191839238389369631528917711340019088e-83,1,ROOT_OK
cstr,cstrfold_0002284,dev,single,0.0003838490144853999010018824354408845312450551177134035253,19.180437997082517,22.334296394316464,0,0,0,0.0003870300461987957305289147772448768914011709558172847435,1.016673816735257946137512891088498149786030542122602067,1.49279170094572838626029613030678980089643007855804062e-83,1,ROOT_OK
cstr,cstrfold_0002285,dev,single,0.00000004150962112976755800388337269902337979920773341312597533,26.987041877847872,71.88791478429785,0,0,0,0.00000004150974327361855503184960798428659921049871488198242672,1.000005885098941744687191166159788704031499231424912822,5.679360862746163307090189892340621405718038991755411198e-83,1,ROOT_OK
cstr,cstrfold_0002286,cal,single,0.01825592681866049030519043045124208726923620900993954727,89.74560395157854,21.430498544457002,0,0,0,0.9999983191839706980745468569056635977017629292952403311,0.00009207161456763168106348872797733414495975541813647222696,1.054219794323052322434857405127001900770996138236850755e-81,1,ROOT_OK
cstr,cstrfold_0002287,cal,single,0.01868107824172171475099223203712196473751518195120109432,18.41973547115057,22.021036035894866,0,0,0,0.9976214753114948613913006329477996064829256673696469104,0.128415494438029387965559605492180603240016532156213602,0.0,1,ROOT_OK
cstr,cstrfold_0002288,test,high_triple,0.005178620574372292831089667766428196856098353874063780715,26.605338616801763,74.91375508021287,0,0,0,0.9999994254038443044764785418671072823390036887004011156,0.0001109557103162665215416885057128532795874317086824601224,1.054219794323052322434857405127001900770996138236850755e-81,3,ROOT_OK
cstr,cstrfold_0002289,test,single,0.000003658048007661974560063638041136325854369190497681616494,85.74982968630175,19.698623090092205,0,0,0,0.00000365829824526085720802040824805381885659917455657157703,1.000136821777294219903689966767584534647080622718575551,5.670356407148375605137439503589907379482668132453764208e-84,1,ROOT_OK
cstr,cstrfold_0002290,dev,low_triple,0.0004310807683853405695520056062587643588476088323304749072,18.99557186110377,21.99151552451982,0,0,0,0.0004350332947098313591343502903525884396652277417695195307,1.018459456447246940013864498392079078467160663633376325,5.404935468941430364045899782145273417038798560296353969e-83,3,ROOT_OK
cstr,cstrfold_0002291,dev,middle_triple,0.00000002749199787490815206417845157847368888593952520479726276,27.34959588805531,74.9167234303333,0,0,0,0.8277596061908237214630465117788801724550139410961622713,-10829462802.12418550373697249515241812396826400575825239,3.162659382969156967304572215381005702312988414710552265e-81,3,ROOT_OK
cstr,cstrfold_0002292,dev,high_triple,0.01953143130186899757709273746782358251787799573174569784,88.1132565708389,20.101568702628153,0,0,0,0.9999960103193756797353650213077784709991590679466619429,0.0002042797986181613062988386857872084687621190062588311579,0.0,3,ROOT_OK
cstr,cstrfold_0002293,dev,low_triple,0.01775922195625232807188716567072446780230305940732533786,18.32127281127939,23.109390072931774,0,0,0,0.05140050739456368401458970166131443307715874737406956079,438.9843078735758047143604386090738874498472511827586112,0.0,3,ROOT_OK
cstr,cstrfold_0002294,dev,single,0.004984924392797715686918480425549704398413423517642428027,28.346501700441177,77.64330530609632,0,0,0,0.9999998076632674265657924177461133689164192565088023192,0.00003858371479110657183355881285532737026164749928677554986,1.054219794323052322434857405127001900770996138236850755e-81,1,ROOT_OK
cstr,cstrfold_0002295,dev,middle_triple,0.00000191000723004553143667529122295458047436740195488096931,88.88613128220366,20.582509350955267,0,0,0,0.9213968014923521325535523084062187890944016895511376785,-3026959.452985370385522657667179369794295269831783791496,0.0,3,ROOT_OK
cstr,cstrfold_0002296,cal,single,0.0003233290227044633048660054693277573215558938164495272949,20.20086465529556,22.07731690827161,0,0,0,0.0003255544261104386785696734284552852789647816439768440651,1.013834234521946101085817059302769491511314755323647017,3.757717040311661110241435086634332947084117094301274664e-83,1,ROOT_OK
cstr,cstrfold_0002297,cal,single,0.00000003554153987200703887955682068104654915573656940699759738,27.438301158762496,71.19965791368354,0,0,0,0.00000003554162854861263514530048272460507828276752430358011961,1.000004990035192291483567064795771319346862704348116684,1.730891374017167048084174518682264945425859667293565923e-83,1,ROOT_OK
cstr,cstrfold_0002298,test,single,0.02004885642319090836707182948838713610491418013332722807,86.09434027116501,19.631892828118175,0,0,0,0.9999943104050486341011571632951816753173690588681081321,0.000283805913948106176228717529741409594476115734667742309,0.0,1,ROOT_OK
cstr,cstrfold_0002299,test,single,0.017850817669778650632351306178833336633959436427211391,19.344629561673393,22.91883604535536,0,0,0,0.9984330607626408471266224871902666391283636951381249757,0.08830663056213631796663629565403199810472495339816144522,0.0,1,ROOT_OK
cstr,cstrfold_0002300,dev,single,0.005297960690084213031475309225065367002427233186624588522,26.095203344280648,73.35725045848434,0,0,0,0.9999991748324265172305819556390530546448559506550843439,0.0001557524450915609193551571873256803226904520377062360855,0.0,1,ROOT_OK
cstr,cstrfold_0002301,dev,single,0.000001593048357726293230508077928543862846125624223134651445,89.93710697060027,20.819986163346368,0,0,0,0.000001593098659308887483338274344763962418404200557095176006,1.000063152838827565042794588169070621002648602191780274,6.552679950218129936887194274574039066758198195049761277e-83,1,ROOT_OK
cstr,cstrfold_0002302,dev,high_triple,0.0003167345559512456266586192492592099551567730617311283491,18.86429024833008,23.644466333123255,0,0,0,0.803006776233207046896401398051855754993796619284949888,7036.672878143698998345203860174367603907506744269924923,0.0,3,ROOT_OK
cstr,cstrfold_0002303,dev,low_triple,0.00000001242757561091486259206004853409443047446975418311109768,28.58597239336328,77.46674462732143,0,0,0,0.00000001242758742080979985646727050057836135111304588780015105,1.000001900596467445054868962930822847802028067200719563,3.469580744822090228843410609199586489985072604924426971e-83,3,ROOT_OK
cstr,cstrfold_0002304,dev,single,0.01901643160128089386725260684188296667674589752302694462,89.92478626743006,20.615436046315917,0,0,0,0.9999972618541858825966733611339120663135562335483272301,0.0001439933981964396683029708836782094317894676169658294858,1.054219794323052322434857405127001900770996138236850755e-81,1,ROOT_OK
cstr,cstrfold_0002305,dev,middle_triple,0.01824272435581112855053528115402891201582721550532899946,19.053341619993855,22.471529074827657,0,0,0,0.05367600635923990442222693831306473264251031909222602252,-290.9437922547393685268343738463435266276589961100587383,6.588873714519077015217858782043761879818725863980317219e-83,3,ROOT_OK
cstr,cstrfold_0002306,cal,single,0.005418640816363929000511435962144893386852231482057241081,26.856100599914118,71.66411661605932,0,0,0,0.9999993945863426928439688706454411310930531718758519927,0.0001117282475682841360165126805450301587265377787059099749,1.054219794323052322434857405127001900770996138236850755e-81,1,ROOT_OK
cstr,cstrfold_0002307,cal,high_triple,0.000001408119888094561655618131040300289514225838973572025472,90.42312906235883,20.992797812692103,0,0,0,0.9240923624138471773380083730051916150486634031973206315,28804727.81504888556271755789819293739101563126897655753,1.054219794323052322434857405127001900770996138236850755e-81,3,ROOT_OK
cstr,cstrfold_0002308,test,single,0.0003050829387164543250787911406784171764838983324707826382,19.277806411489138,23.3083552364339,0,0,0,0.0003071799226841210025176492520018626008875746110204904906,1.013815354617479231118663161394608632165511700262574539,1.750169580419129832167243738980374249326849057619771761e-83,1,ROOT_OK
cstr,cstrfold_0002309,test,single,0.0000000249254091411540875865659905195016155463545041391550159,27.14054395493067,77.56930071372015,0,0,0,0.0000000249254567119572986006519320272623887903328455600913573,1.000003817058272853097768159419305742641003307490638456,1.764486853328801345704816495971652622514073414157666156e-83,1,ROOT_OK
cstr,cstrfold_0002310,dev,single,0.02005529770312452081370778487708875184276941478323129213,90.47619309670307,19.7255298240572,0,0,0,0.9999953815195955676178320734225612597569450097832877842,0.0002303003807716906488948953582694967848591665403874261962,1.054219794323052322434857405127001900770996138236850755e-81,1,ROOT_OK
cstr,cstrfold_0002311,dev,single,0.01840756258381450846612234104998915074685305485413288859,18.346527407506,22.33625438228347,0,0,0,0.9976880959065182728259032777002424389319125080206914852,0.1266351826142513502262163588328580320854308113847511335,0.0,1,ROOT_OK
cstr,cstrfold_0002312,dev,single,0.005326026378303810043480780043706856463001389899792027875,26.894099550665334,72.88556324984842,0,0,0,0.999999448183027174806537821863975825021413850325072803,0.0001036078760206138219903723470514586418788830080572133986,1.054219794323052322434857405127001900770996138236850755e-81,1,ROOT_OK
cstr,cstrfold_0002313,dev,single,0.000002003004508600035632200734296564998346299102299847960758,87.5994123606354,20.57078120115226,0,0,0,0.000002003083031678237433505057626811726632627995883369241844,1.000078407577443295593185292806190498776359722244744756,2.012775448069334744944176220955140881866010922193694316e-83,1,ROOT_OK
cstr,cstrfold_0002314,dev,low_triple,0.0004039335596394192296752344313793854679995103404092567295,18.573167441570334,22.773720556193613,0,0,0,0.0004075318849947604355513898978296150522820488181326267137,1.017931204774810843544054729027313326526356080075374044,2.98558340189145677252059226061357960179286015711608124e-83,3,ROOT_OK
cstr,cstrfold_0002315,dev,middle_triple,0.00000001841638073817105334237384990419444704153996155917452175,27.80800233770659,77.24655016020914,0,0,0,0.8290084831762226360562904171139769249193731576904285255,-2045370165.485899322601571267229229925381272956351544086,3.162659382969156967304572215381005702312988414710552265e-81,3,ROOT_OK
cstr,cstrfold_0002316,cal,high_triple,0.0182902807058976707446977739905345021680371176689005146,89.36607878731738,21.3913989689933,0,0,0,0.9999982545778942098571415517947278254182083379923087178,0.00009543109343080316810124397905614907319133807850517710654,1.054219794323052322434857405127001900770996138236850755e-81,3,ROOT_OK
cstr,cstrfold_0002317,cal,low_triple,0.01865907616477038984765680115825670224082227626853158717,19.587618603263717,21.932870555550366,0,0,0,0.05131609996689609506999209561104192441881849070445602194,57.80744097654939925351730284415787837540139713396688427,6.588873714519077015217858782043761879818725863980317219e-83,3,ROOT_OK
cstr,cstrfold_0002318,test,single,0.005345773437183040290561393261174278483507231992521222081,28.34958715134878,72.46842360629289,0,0,0,0.9999997357462359697082247959139038121828119130191782944,0.00004943234079085013868567034495012588978407465516872631541,0.0,1,ROOT_OK
cstr,cstrfold_0002319,test,middle_triple,0.00000135105167708028941715449411720072960638085404885917703,87.61714406138135,21.20499724961411,0,0,0,0.9233022122939963572614807798339734633395638621186179685,-16375626.25008129869507965969842800850054171702917292728,0.0,3,ROOT_OK
cstr,cstrfold_0002320,dev,single,0.0002700939176275914079248751925928706721237647589703739436,19.699394918781696,23.420319386057418,0,0,0,0.0002717439425310742761114337791580001912260386499003438803,1.012272198251804897416370038593906133230925175248069231,6.177069107361634701766742608166026762330055497481547393e-83,1,ROOT_OK
cstr,cstrfold_0002321,dev,single,0.00000004121581603473996458121426492506997731675690631168833334,26.187946663891797,77.14126353417826,0,0,0,0.00000004121594537980874735844663924233883440673147554439982641,1.000006276491778716752126473560012388043962997736546265,3.2338751384518079623049459668911190523612091692900374e-83,1,ROOT_OK
cstr,cstrfold_0002322,dev,single,0.01927059481173023319423072173375346806064044122094301433,86.61799545774721,20.46029598534812,0,0,0,0.9999966332705730376408786267200320460505770508914818902,0.0001747154089200361006239689166244665072338076127964997919,1.054219794323052322434857405127001900770996138236850755e-81,1,ROOT_OK
cstr,cstrfold_0002323,dev,single,0.01791009638398369735356601684381147808233719572996658581,19.855205478030207,22.81058198158114,0,0,0,0.9986224466335259194685483493704486026787122160649978015,0.07733527457763739352519235286234567642740571964764468775,0.0,1,ROOT_OK
cstr,cstrfold_0002324,dev,single,0.004974420344629185402724960819173203389252585403654078879,28.695942147946823,77.76008833258958,0,0,0,0.999999841468088436326119368426525155220096085951811784,0.00003186944758363998768642042165473024418342211180967006771,1.054219794323052322434857405127001900770996138236850755e-81,1,ROOT_OK
cstr,cstrfold_0002325,dev,single,0.000001943587661794939645007010738115746917414926074273298547,91.35507667980339,20.436456898575404,0,0,0,0.000001943661087775723279553069899588142019733750766335939904,1.000075559280495490847737633636858419362909342568189611,2.437046796263769940931410169628002746075529707990766745e-83,1,ROOT_OK
cstr,cstrfold_0002326,cal,high_triple,0.0004118308775237921754683793847157404042297353024648121113,18.864839079433125,22.347201675298525,0,0,0,0.7878927355235048409714122711897293351773815161393781332,479044.9449219672031176892811192100201014890675478853907,0.0,3,ROOT_OK
cstr,cstrfold_0002327,cal,low_triple,0.00000002291663122182904327600521498851581491971146518308878028,28.166176060218774,72.38511327150302,0,0,0,0.00000002291666871138053995660803718106151680392150045063476556,1.000003271824380167194257106052911868084112790535386333,8.206433364068903524279140061711457266848808267935079849e-84,3,ROOT_OK
cstr,cstrfold_0002328,test,middle_triple,0.01881759310317239008291412739367790150555295762295139313,85.2640499296565,20.835027674398678,0,0,0,0.05229792686273674297865921777524742960155600306986105785,-390.338449111727818047394574463138628940171586373652753,6.588873714519077015217858782043761879818725863980317219e-83,3,ROOT_OK
cstr,cstrfold_0002329,test,high_triple,0.01759479331105764177408297810347288378672228062411427364,18.522702872945636,23.128636674659948,0,0,0,0.9980469439483496387451327803229236530357869042718344937,0.1117839619630909782294101543600547030982645502399540535,0.0,3,ROOT_OK
cstr,cstrfold_0002330,dev,single,0.005423607673436005831525355483530589170125080753550217653,27.18258119567998,71.56670310555471,0,0,0,0.9999994870424304273209122457115904359693369927510348541,0.00009457887889695802756035272716572349432525786949896956143,0.0,1,ROOT_OK
cstr,cstrfold_0002331,dev,low_triple,0.00000342252533045956140678260359104611483170460675432357401,84.23115037303988,19.881354444461667,0,0,0,0.000003422746521829538686667221737173546222668479665980465194,1.000129262440022663998501111217459054528867144789932577,2.922043237896460790562314569722288441086600471660216364e-83,3,ROOT_OK
cstr,cstrfold_0002332,dev,single,0.0004338091762930273137073071020287681742433990327891667147,18.5718432847615,22.40878660258021,0,0,0,0.0004378928422618083460856488435424523239096320620896610481,1.018955209523621397197244900143277028165941953700851306,5.765264500204192388315626434288291644841385130982777566e-83,1,ROOT_OK
cstr,cstrfold_0002333,dev,single,0.00000001895236499062418371459588376348078896997930708837870384,28.204576196345734,74.46048383897904,0,0,0,0.00000001895239137710624982822732206917300402732248441200649167,1.000002784508314489390180587034957503540484525132209962,2.440395976189534661894994229086572582770193119022014369e-83,1,ROOT_OK
cstr,cstrfold_0002334,dev,single,0.0186544621660084671842510183254604083498147377280537219,92.20423328444936,20.98907809196184,0,0,0,0.9999979861126933809063122176427113366460958165973040677,0.0001079602144597211085740075924989082393186965066210497451,0.0,1,ROOT_OK
cstr,cstrfold_0002335,dev,single,0.01758306147827014598966356559981453538623447079725516623,19.287595494951308,23.277506321102795,0,0,0,0.9984984781871803487816252356004282597039631145942015445,0.08588414195745781747013131386844548026101121253309857018,0.0,1,ROOT_OK
cstr,cstrfold_0002336,cal,middle_triple,0.005355154565839541733743989317390725495967385902496464248,28.683087026084763,72.22771357173768,0,0,0,0.01592653853581240042611253329667037193417568904350420636,-63.0732153452932580379658084815598450228079588288060858,0.0,3,ROOT_OK
cstr,cstrfold_0002337,cal,single,0.000002564069401855413146683791817428412946322199094175378027,88.34304419132539,20.139648705591505,0,0,0,0.000002564195243733062804350463151762727064768827184592865348,1.000098161513806048111770917419248427196709938546310943,3.557847030783097799904321084273752523849869855873649074e-83,1,ROOT_OK
cstr,cstrfold_0002338,test,high_triple,0.0003946698541776007160453983187038531713596916949023612614,18.386838735554637,23.116805937914645,0,0,0,0.7888977263070835302037674993043771036111388931863398695,14236.23946272352858492681543462213611528817725661533947,1.054219794323052322434857405127001900770996138236850755e-81,3,ROOT_OK
cstr,cstrfold_0002339,test,low_triple,0.00000002075485862545487329437139748758158165954045756289938698,27.505409146459304,77.65736988827435,0,0,0,0.00000002075489164677899888219851920692361899181606195759938131,1.000003182036856263837692365257965068232538188666361469,2.145203153389206216440487765212850653610910335858879468e-84,3,ROOT_OK
cstr,cstrfold_0002340,dev,middle_triple,0.02017445535263052777488297998607119194680034278097895412,86.55390074213301,19.502493476427432,0,0,0,0.0562358928826327871793036570691283476202066632251277111,-282.1671291505023229990001600485458554079063961356654354,0.0,3,ROOT_OK
cstr,cstrfold_0002341,dev,high_triple,0.0181416521219149334730511896523796533911130660416649282,19.32412638368698,22.506897494576684,0,0,0,0.99830695242911629032545480159837223199691629872878,0.09392969641541108957080209349635704045435061690795487971,0.0,3,ROOT_OK
cstr,cstrfold_0002342,dev,single,0.005459205279457211734306579141862535993633135402783198721,27.72962808913377,71.04681325630817,0,0,0,0.9999996011189812597449719263399236146174824998128408422,0.0000730659006364105443352869510341966288281823338855300387,0.0,1,ROOT_OK
cstr,cstrfold_0002343,dev,low_triple,0.000002154552873909884602466334990006934067721797910966785237,86.27832691617293,20.521430218852394,0,0,0,0.000002154643499967582205214217315725765196425768349351336943,1.000084127793679181347738634149079010276820308093564268,2.687588075813659160931454482446195107594515682921170653e-83,3,ROOT_OK
cstr,cstrfold_0002344,dev,single,0.0002830809548864165489073043434130090449176581177556858763,19.20108894722417,23.77491655654514,0,0,0,0.0002849231766704333442273032616417449778175024145854092117,1.013076792336927856308131382135580566497586310546956569,4.529850678731865447962277912655086292375374031486468088e-83,1,ROOT_OK
cstr,cstrfold_0002345,dev,single,0.00000005552616183488351764265978272887730145517219100191701357,26.353789038504157,72.02636464779947,0,0,0,0.00000005552638082141150102278674646457711588070418992513865046,1.000007887711002943202922395312552044621664653044481013,2.55882373240133146489812512705217429418543009408003309e-83,1,ROOT_OK
cstr,cstrfold_0002346,cal,single,0.01920412450735812435247245433719470934807701107519352748,88.02273173581406,20.429828159631295,0,0,0,0.9999967232999160697103418056778445094142602935848984584,0.0001706317746985717022307277046812974860938783113636623506,1.054219794323052322434857405127001900770996138236850755e-81,1,ROOT_OK
cstr,cstrfold_0002347,cal,single,0.01851563694955481866306252747673966248763978150784047487,19.411637285554395,22.133545221234364,0,0,0,0.9982459806498760715527228843310436103152245265141292457,0.09537406511894603001362147937953472839686762086464632531,0.0,1,ROOT_OK
cstr,cstrfold_0002348,test,single,0.005061442307183117349166766334163452309459676023376827803,28.257415918400277,76.48747451307435,0,0,0,0.9999997840467070312827422174556295557414555472766015235,0.00004266639681526748307185016999608247691563941591348873281,1.054219794323052322434857405127001900770996138236850755e-81,1,ROOT_OK
cstr,cstrfold_0002349,test,single,0.000001931597025489311166486641947112947762414128170882838711,89.53977471791057,20.532434247165742,0,0,0,0.000001931669906398572649458722348236161628841788930910922329,1.000075463931626160046238465781989554880959786977404144,1.508475665476138786870250750210336353222658735094614861e-83,1,ROOT_OK
cstr,cstrfold_0002350,dev,middle_triple,0.0004239319952717558551773230779768645196222454785405997141,19.200004427987103,21.855640304093107,0,0,0,0.7910007516860359381517645861261567349196072069879108136,-883334.2210760908157691216702763417353168576267220782902,1.054219794323052322434857405127001900770996138236850755e-81,3,ROOT_OK
cstr,cstrfold_0002351,dev,high_triple,0.00000001926302943787124555576935527681286363519777245864763802,28.02311293109613,75.33506217434324,0,0,0,0.835754536250485208052249365825811331493630536583501503,374874736.6277808253940121507497026349430918988669016924,0.0,3,ROOT_OK
cstr,cstrfold_0002352,dev,single,0.01826574617772996558068222603014569882313816088452978336,84.78517089501582,21.43387841276172,0,0,0,0.999997966994694781902459282724185850812885692629837148,0.0001113043834649456199200455662467165455162609214334446399,1.054219794323052322434857405127001900770996138236850755e-81,1,ROOT_OK
cstr,cstrfold_0002353,dev,single,0.01771220537142815542293865113257390737758513740003567963,19.525012768413117,23.07540575922895,0,0,0,0.9985512454357570417096904850572361719553927973658492881,0.08225334136645289887439730906415413663109685065460291314,1.054219794323052322434857405127001900770996138236850755e-81,1,ROOT_OK
cstr,cstrfold_0002354,dev,single,0.005497036239780659401104395639689403357999060158507679158,28.651845571487215,70.72569264968703,0,0,0,0.9999997464223821672522103493689959150042137272153561705,0.0000461299362969241354268302755093802091723630189994641772,1.054219794323052322434857405127001900770996138236850755e-81,1,ROOT_OK
cstr,cstrfold_0002355,dev,low_triple,0.00000340257721179783679299592086143383434876479734372501185,84.9772215334703,19.853550737293133,0,0,0,0.000003402795510182719848730410640824207544391985543580105779,1.000128319667367306191913476907184278674428806826492145,6.151331319414294557176047847298668317487013599575374278e-83,3,ROOT_OK
cstr,cstrfold_0002356,cal,single,0.0002858817779499100568477005504537955354922338509579214324,19.41101218371562,23.47748256540017,0,0,0,0.0002877360457187819396587868948956582854828793769966159529,1.01303316529571414118568819839554877646537303829453981,5.147557589468028918138952173471688968608379581234622827e-83,1,ROOT_OK
cstr,cstrfold_0002357,cal,single,0.00000004133374687084449298786230141916802070958789704265319345,26.87844671659388,72.59283385427027,0,0,0,0.00000004133386918620027487348038107735185538995187532203348762,1.000005918438543308561078376549338976987908120719274924,4.921974926550667787571095260596159630262382478004248121e-85,1,ROOT_OK
cstr,cstrfold_0002358,test,single,0.01882239495817900620366969911150726355284084110990519642,90.33095103504922,20.819468991852506,0,0,0,0.9999976167792596246732619148685114755204905933815710399,0.000126620080380067659782416658845925956381971791806661506,1.054219794323052322434857405127001900770996138236850755e-81,1,ROOT_OK
cstr,cstrfold_0002359,test,single,0.01720565316722967569279283836220713866225493299198317647,20.098610618821066,23.678977581328343,0,0,0,0.9988909431932707821805575469572864587092035098902458237,0.06474579561608735424345644084019242450249273510768773992,1.054219794323052322434857405127001900770996138236850755e-81,1,ROOT_OK
cstr,cstrfold_0002360,dev,single,0.005317887887050561380515351253028012118430780494603019189,28.628433632696268,72.8151908630701,0,0,0,0.999999776200489981495926266367774035887224771042668437,0.00004208433031040597961861328964102473869269996168354764536,1.054219794323052322434857405127001900770996138236850755e-81,1,ROOT_OK
cstr,cstrfold_0002361,dev,single,0.000003479630674543805456056513480984625164530243868729560598,88.83572123146767,19.627357083256925,0,0,0,0.000003479856233136265301380262488642224605798923908041781023,1.000129651378553036347512827784824071636349238565351823,3.13639075314540293223169437507075798954505877766006433e-83,1,ROOT_OK
cstr,cstrfold_0002362,dev,middle_triple,0.0002571745613332069992336151782634464883720152042883086509,19.71910642507663,23.632233412224632,0,0,0,0.795752260344215572320397424913167447016085472516043432,-99850.26858571074032103899937297006964413801893817901797,2.10843958864610464486971481025400380154199227647370151e-81,3,ROOT_OK
cstr,cstrfold_0002363,dev,high_triple,0.00000001610779114618870202082035504546624716133954928925185637,28.123581678021267,76.99849598901498,0,0,0,0.8323116882210506178803133800906094661276333021159807142,25626801275.12877031895417739794338602152015072900186539,3.162659382969156967304572215381005702312988414710552265e-81,3,ROOT_OK
cstr,cstrfold_0002364,dev,single,0.01821395719505813904630576272744834923525559498921304068,90.52075426417316,21.474457409325726,0,0,0,0.9999984091818359904848187045230159582600164179562211482,0.00008734242205663834693005512071697052916366693593755346229,1.054219794323052322434857405127001900770996138236850755e-81,1,ROOT_OK
cstr,cstrfold_0002365,dev,low_triple,0.01794008332121153900995140418967423991196808694935522629,19.723013002003974,22.745470263635134,0,0,0,0.04890166577599685753486210099575582624410522280904701327,49.81980201403477574595314634468103980051587111847858798,6.588873714519077015217858782043761879818725863980317219e-83,3,ROOT_OK
cstr,cstrfold_0002366,cal,single,0.005448836029453824633153514980199055548089126673520452144,27.811916790188167,71.17158883740339,0,0,0,0.9999996207616979265855731660457643961587468045595320822,0.00006959999609223648755723215646008978888635664271506925064,0.0,1,ROOT_OK
cstr,cstrfold_0002367,cal,middle_triple,0.000003811971988486390219807323877592434627514963888567904962,86.46600154408064,19.598720580574263,0,0,0,0.9188507475932463500405648155353603025345267694579138708,-19790958.35680397097122030295309694748523728917675946847,0.0,3,ROOT_OK
cstr,cstrfold_0002368,test,single,0.0004490484278191176192462388521296424135349644430754195262,18.528078326695326,22.31048471626875,0,0,0,0.000453405746659009469577530471454221861733884355085626656,1.019543115321007329935544892574889326780810430039828618,5.301984317152069785683120738675839637666630968671661512e-83,1,ROOT_OK
cstr,cstrfold_0002369,test,single,0.00000004367551036361147969893049799576482756652157279475025102,26.365642254926996,75.04051225042643,0,0,0,0.00000004367565160027309262660216033688465406124388033245641929,1.000006467560152830813961884084391719188413460897572068,9.959505985999671820020822516395132200139887149000323285e-84,1,ROOT_OK
cstr,cstrfold_0002370,dev,single,0.02010451289137152612270153421694179105647048786201201726,86.68000675291061,19.573726208041077,0,0,0,0.9999942195895541429637924964057252350420081208199498471,0.0002875380440294187257289606694241286582789693529173731115,0.0,1,ROOT_OK
cstr,cstrfold_0002371,dev,single,0.01798246823701240179887000466599932706707166558236171008,18.428554111765994,22.829292862692068,0,0,0,0.9979115238094210746572525897231371104709452650107324037,0.1170103179940457851379212772567351595284343518580563108,0.0,1,ROOT_OK
cstr,cstrfold_0002372,dev,high_triple,0.005020733086437032255406833546151973733564289107611341926,28.5107337869862,77.071955003483,0,0,0,0.9999998177224442506815472690730104466271890733664101461,0.00003630499891304707166480582018485047776639734575088079671,0.0,3,ROOT_OK
cstr,cstrfold_0002373,dev,single,0.000002146371428244761156795795585929920801070720964764461638,85.98021841724169,20.5431792347329,0,0,0,0.000002146461467530516496149563913770329921984700075031161374,1.000083901687025133162302738198287176187851287608370991,6.191546613082013533099008411153915887554266565053769769e-83,1,ROOT_OK
cstr,cstrfold_0002374,dev,single,0.0003724354711443577519109671220737792115879324219239979197,19.27032848572737,22.379005222008505,0,0,0,0.0003754354284332258747442554822464081208855124551657119893,1.016203883834232879748954784888744292826610866191340415,2.161974187576572145618359912858109366815519424118541587e-83,1,ROOT_OK
cstr,cstrfold_0002375,dev,low_triple,0.00000006054155152889346693920203524712724359346199531751072331,26.153286013645637,72.15746012062802,0,0,0,0.00000006054181234251166590567182776244032721455194087861787123,1.000008616047397556942276520903222101605217751489027445,4.905964212759207170281766586111289191429357391123161916e-83,3,ROOT_OK
cstr,cstrfold_0002376,cal,middle_triple,0.02012980038836534841054523533531632646812183019334981035,86.20272003930897,19.543987633825104,0,0,0,0.05621667606582041345476026499533970599554292156634165809,-239.6695665321174498533615888136941751463823412663071313,1.317774742903815403043571756408752375963745172796063444e-82,3,ROOT_OK
cstr,cstrfold_0002377,cal,high_triple,0.01715715302819774157148750440383339475376245609997197756,19.643295973134187,23.773173385887407,0,0,0,0.9987514037599246393783793740149489065425694709922127974,0.07312761436687029108775522808781218156196428395721119844,0.0,3,ROOT_OK
cstr,cstrfold_0002378,test,single,0.005177799599392972131219827772367556281085859995111120752,27.520089773269873,74.87100850607249,0,0,0,0.9999996481362701174648161764204253020846887322429906978,0.00006795633337211251440393873773100206393763499235203187318,1.054219794323052322434857405127001900770996138236850755e-81,1,ROOT_OK
cstr,cstrfold_0002379,test,low_triple,0.000001820879503921451374790962040463133378819859449639582336,87.06872890133961,20.75157770916387,0,0,0,0.000001820944995795622246998879477496805246585960774518492683,1.00007193625310281377464572574922173208977017677821893,4.456658844256616911782489686438535714852973634315788295e-83,3,ROOT_OK
cstr,cstrfold_0002380,dev,single,0.0003203356098991890942615080599502501833194890831276290421,19.973541805572502,22.340952528646493,0,0,0,0.0003225473814384863532740755570530413750910806835138387812,1.013878168627395636975705279737142543652124508553974181,1.904596308103170699711412304184524918385100445056810446e-83,1,ROOT_OK
cstr,cstrfold_0002381,dev,single,0.00000002266216819645848582529122770420203156612224945851216043,27.62616471899997,75.68683824141915,0,0,0,0.00000002266220655376180692971875795528087161834407144333906152,1.000003385143951879264186547333693732046372892905968868,8.208601219743179000324987154606779206172746123105399606e-84,1,ROOT_OK
cstr,cstrfold_0002382,dev,single,0.01896704551004294891990831200568134697322256794612370377,90.73631521631853,20.719414500776743,0,0,0,0.9999975085099215867861510029083814569506510722415612192,0.0001313630588418821900305750328155690169995675466081693924,1.054219794323052322434857405127001900770996138236850755e-81,1,ROOT_OK
cstr,cstrfold_0002383,dev,single,0.01828975582466348028316830506693270214921932576886077289,19.38883577154931,22.422540832764856,0,0,0,0.9983217121241959813683736317363027217158119984760376531,0.09235452598891944329848188578226500893880540728217068977,0.0,1,ROOT_OK
cstr,cstrfold_0002384,dev,single,0.005203197013316784724422412297318667309246299615922942824,26.754359822983492,74.59608345706972,0,0,0,0.9999994608618494621604661128339414595001567712337187221,0.0001036169434782823794561766727280778815739936988164201494,0.0,1,ROOT_OK
cstr,cstrfold_0002385,dev,single,0.000002467330546158829124104654957119873991626490677695386705,92.35034968679359,20.017742254215587,0,0,0,0.00000246744632892589712675477179244494961127391132079686859,1.000093855933449356884792158361731944786588101711975559,2.70126127566068361274526107415697928141738169118382512e-83,1,ROOT_OK
cstr,cstrfold_0002386,cal,middle_triple,0.0002443754558763050833347479154303574191858736557079060848,19.955385163817308,23.608013702444907,0,0,0,0.7991895891915745951280997477636625395447634495774083151,-640510.6313049037875576689298947605678566261102487552821,0.0,3,ROOT_OK
cstr,cstrfold_0002387,cal,high_triple,0.00000002008833319599699564666918019746100517476771436732673719,27.745382843903204,76.50663783835789,0,0,0,0.8305987769920976049577998619590929854960228098168415011,1232950301.10336818477769625449857325579380469243062449,4.21687917729220928973942962050800760308398455294740302e-81,3,ROOT_OK
cstr,cstrfold_0002388,test,low_triple,0.01966445580971834240861220978872641654241756635100454449,86.37334021332774,19.98106740455135,0,0,0,0.05383351274624411527968049069716695598404750433302389836,362.8671096885001531474695249965389108505366274302718783,6.588873714519077015217858782043761879818725863980317219e-83,3,ROOT_OK
cstr,cstrfold_0002389,test,middle_triple,0.01748339416703549703503440825167877127326305274333188164,19.125898113871695,23.390639512639535,0,0,0,0.05130459150206909564949479614859844160906807655787145573,-347.3086168915281664429712528979927518398588875849494524,6.588873714519077015217858782043761879818725863980317219e-83,3,ROOT_OK
cstr,cstrfold_0002390,dev,single,0.005259707568412550002771343712907325474260939021943329473,26.84737300899026,73.80850688820048,0,0,0,0.9999994638452834056660301407207911102863232437724394079,0.000101936453992747330852350262091682301344608296637902862,0.0,1,ROOT_OK
cstr,cstrfold_0002391,dev,single,0.00000339182170674725259886012703620259571355568073360044269,86.66046197636602,19.775186066466357,0,0,0,0.000003392037725460424729857205503078333868669914696766660037,1.00012738224632913375432009440934516063712960945337877,7.938498970007725847192415305025870331275735385435269891e-84,1,ROOT_OK
cstr,cstrfold_0002392,dev,single,0.0005018309278814654181961225996530836857950939107940420698,18.621763201828852,21.680816754763523,0,0,0,0.0005071182797494975526176812665579927088290301700530312017,1.021232915126635401107684601095057195054548390860448396,4.015094919785062556148382695307917395514536073363005805e-83,1,ROOT_OK
cstr,cstrfold_0002393,dev,single,0.00000005062263129978776774226413231690411022725546431692487456,26.70811235661726,71.06823995674148,0,0,0,0.00000005062281086114969744696396724601542006623444938176159864,1.000007094132513743606649180405925147242124327797808069,5.422460539885066024022327440362818022182168641658736004e-83,1,ROOT_OK
cstr,cstrfold_0002394,dev,single,0.01866127478856362664101372155808854110857582795400456346,86.04614217597386,21.012917081688368,0,0,0,0.9999975200952688667503779680751583329967043934234846903,0.0001328945685561808987297839873992049788700934897041238851,0.0,1,ROOT_OK
cstr,cstrfold_0002395,dev,single,0.01774609894810513105402786782754370881684547472383284861,19.763026926382746,23.040044912597644,0,0,0,0.9986411772619993732031330066404770604567354344138478845,0.07698001469936961297565509340293223395945448970933795756,0.0,1,ROOT_OK
cstr,cstrfold_0002396,cal,single,0.005282574595799214666086908633583574309844194280328962403,27.324287246023836,73.42866404761678,0,0,0,0.9999995747435469300478342153686762877417047781558939325,0.00008050189186935342461197178497197066933334572282906708334,0.0,1,ROOT_OK
cstr,cstrfold_0002397,cal,single,0.00000194172451177031589101610754917008083246450522643891362,84.10871849192154,20.807936277444984,0,0,0,0.000001941799197782697986960320743683177778437194997920119421,1.000076929704318487187595647797647665209747416430436962,6.073715802635596933644733959058040507257215376202070981e-83,1,ROOT_OK
cstr,cstrfold_0002398,test,single,0.0002967205479880686078314762986701153004905553699199540639,19.766509022895033,22.904697390118987,0,0,0,0.000298667402416395091534364985413946122235580307084935352,1.013184830711022253298370699351979486975409556961966045,2.882632250102096194157813217144145822420692565491388783e-83,1,ROOT_OK
cstr,cstrfold_0002399,test,high_triple,0.00000002803862025080552112248466705674533809575517990437329509,26.91410009812896,77.48765533097081,0,0,0,0.8227401499494903306803516312717462873857194079555247078,1239336017.300795534703864175338842628579382303073500147,0.0,3,ROOT_OK
cstr,cstrfold_0002400,dev,low_triple,0.01919808824393329114499223364212948753344453583393743478,87.39764392516163,20.43664068685305,0,0,0,0.05239313288781814131726440999088690631889304691304875322,264.6520895636761648524448227045184699531550374799401665,0.0,3,ROOT_OK
cstr,cstrfold_0002401,dev,middle_triple,0.01855671905779047793267397278557423276848775517242290853,18.348185936557872,22.166133911734892,0,0,0,0.05420074443961301036776475261424250932589129175086630675,-2965.490294223048705787688978635088526544990818433470874,1.317774742903815403043571756408752375963745172796063444e-82,3,ROOT_OK
cstr,cstrfold_0002402,dev,single,0.005127445123572012135761889696804716492715055628327586438,26.56745767465119,75.7050599027045,0,0,0,0.9999994386080108473356040308580923157794467673335855755,0.000109487916597146350393156283071215568399636236060405437,1.054219794323052322434857405127001900770996138236850755e-81,1,ROOT_OK
cstr,cstrfold_0002403,dev,single,0.000002843020217824667832555560651557232223448555557409234858,88.32704846906822,19.976459249365693,0,0,0,0.000002843173612363975889161643227159313662443848445577460454,1.0001079138925137126947969624821227057027449637417037,1.107529187608980596918333928573518079652146669275011818e-83,1,ROOT_OK
cstr,cstrfold_0002404,dev,single,0.0003684463991444931353542651277053708139298366647057148904,18.841545428561144,22.908447262127343,0,0,0,0.0003714556028592236813375477168308317037556658803400532528,1.016431060851623828329648848411868776000523034038883436,2.367876491155293302343917999796976925559854607367926501e-83,1,ROOT_OK
cstr,cstrfold_0002405,dev,single,0.00000002585072259680151474323130091454788025566014405193827787,27.35389237501313,75.68920261138697,0,0,0,0.00000002585077250873843011189442361183668882398778746285686031,1.000003861556069991229133926587298576299519993540298724,4.566415177771311810602232212822849668972459188692527988e-84,1,ROOT_OK
cstr,cstrfold_0002406,cal,single,0.02015733708281691592745568412749310149926980522431903941,90.42962394129768,19.508672949947137,0,0,0,0.9999946722701405179693873907041977678891368341057198308,0.0002643244062658104347494262429501739294563515987064307577,0.0,1,ROOT_OK
cstr,cstrfold_0002407,cal,single,0.01747141840209361904400138595458716886869960124417500613,18.350654950248156,23.468478387533413,0,0,0,0.998058266339582588352272355917635005816109791592297745,0.1119040701435541758169979427721341456911990052842571652,0.0,1,ROOT_OK
cstr,cstrfold_0002408,test,high_triple,0.005248340230305412674653516363345772876109289748015521683,28.609111412214222,73.42650320175707,0,0,0,0.999999781775558022765685633485075193845683110110525102,0.00004157974896315894952530759273019425071179662532813430555,0.0,3,ROOT_OK
cstr,cstrfold_0002409,test,single,0.0000009962158545010629582755438947072392887830322516179065923,92.57835987802832,21.43748762046739,0,0,0,0.0000009962361382185599308107041842182887544447283238131992217,1.000040722147617766643096371474009985644903265295095534,6.181090636728406599359038664551551519336780794029386942e-84,1,ROOT_OK
cstr,cstrfold_0002410,dev,low_triple,0.0003370541033857642039948162856176782095202381141948974226,19.26843677893265,22.850283951569125,0,0,0,0.0003395631135526289597777881989357611695684748810152431198,1.014968090161479143666527385581655820866011535442642068,2.161974187576572145618359912858109366815519424118541587e-83,3,ROOT_OK
cstr,cstrfold_0002411,dev,single,0.00000003692254676448629934962249761046014709624877240096551612,27.261157282583785,71.74315084589219,0,0,0,0.00000003692264320718537383155139006195889039107661522518304055,1.000005224064518553561744018548430854082972829591366817,1.716482988332779608741776304163502026962701690755759538e-83,1,ROOT_OK
cstr,cstrfold_0002412,dev,single,0.01880906227250388465745050940821632759867610973599109033,88.03888247020541,20.836147755293275,0,0,0,0.9999974390826375113699727262338348686517025902362517436,0.0001361577797534605391901846895432619450666229616167573756,1.054219794323052322434857405127001900770996138236850755e-81,1,ROOT_OK
cstr,cstrfold_0002413,dev,middle_triple,0.01810153370396536278695320908585028455844498994746066538,18.770612021089175,22.6599444222247,0,0,0,0.05292989305869375473457446206357343896445558689219173758,-778.2127318345072139295360892144635919546749638564276744,0.0,3,ROOT_OK
cstr,cstrfold_0002414,dev,single,0.005107340405519906953013724190730065519386746188471627504,26.136246090215053,76.13085122543569,0,0,0,0.9999993051475381279164896760283640127741209048552033489,0.0001360501405258384425678252815888844498296482044510041469,1.054219794323052322434857405127001900770996138236850755e-81,1,ROOT_OK
cstr,cstrfold_0002415,dev,single,0.000002084850578157068631957156246107053723424003343476768789,84.66770462941103,20.660854259675116,0,0,0,0.000002084936041268730630352828527637299239861140933881169906,1.000081987375986213631947813386010983996845845941173008,4.144186012458440468861086105283262095430418092548655331e-83,1,ROOT_OK
cstr,cstrfold_0002416,cal,single,0.0003051827589094674379979829086993955485954748170111243921,19.01058422882743,23.633621284863633,0,0,0,0.0003073120157925376713459273360709876921345790059089784917,1.014024401205387023303101485619577140153003885055793614,6.125593531466954412585353086431309872643971701669201164e-83,1,ROOT_OK
cstr,cstrfold_0002417,cal,single,0.00000003386210967113868458638194615130171617916695115905457774,27.157424410384984,73.43103316075059,0,0,0,0.00000003386219272393537549315528647476732258885678148681378015,1.000004905361562498472288217580054576720277153054431975,4.321089319118954895292196848129634726696570082722603495e-83,1,ROOT_OK
cstr,cstrfold_0002418,test,single,0.02009401246029902823555149368294654919291753270898050107,85.43265320629835,19.580526842171874,0,0,0,0.999993990563412756849410392637559891076275911499500911,0.0002990875279064187639035077471314563375640865856290832493,0.0,1,ROOT_OK
cstr,cstrfold_0002419,test,single,0.0177799213485736527729888481975843499667054394921601498,19.950221164428253,22.962328901132388,0,0,0,0.9986935143953092583658694148980291589181974782269414496,0.07386393571639504871714791836402516703530884891185440834,0.0,1,ROOT_OK
cstr,cstrfold_0002420,dev,high_triple,0.005510143478982535984087959184716189638367242519872214247,25.988807741909003,70.58736388116169,0,0,0,0.999998978264306074519524203642408554539803649279771317,0.0001854289257915049598394945947261742542865771007757216426,1.054219794323052322434857405127001900770996138236850755e-81,3,ROOT_OK
cstr,cstrfold_0002421,dev,single,0.000003577484470779077639565757911943141204412323996452751488,90.89683760091962,19.500490496194594,0,0,0,0.0000035777212706616413710842658105178182838536393276972505,1.000132389970282246347439544900137579441816770557823354,4.071798483856546312199757090343816469309362754687543447e-83,1,ROOT_OK
cstr,cstrfold_0002422,dev,low_triple,0.0002826219921033560957006821763475207256001121342318107439,19.998104910070357,22.88583989668128,0,0,0,0.0002843859101695160381891601404510943896631719995640237416,1.012538960604927266474180565474293204893372157643749853,8.750847902095649160836218694901871246634245288098858806e-84,3,ROOT_OK
cstr,cstrfold_0002423,dev,middle_triple,0.00000003953187325477026020735385305384861842644275056612931926,26.994411819008544,72.45950170399053,0,0,0,0.8256924065391258019547917683371288662704013188753893129,-449759741.8743251050710693683227313259524418040774876247,1.054219794323052322434857405127001900770996138236850755e-81,3,ROOT_OK
cstr,cstrfold_0002424,dev,single,0.01994571811246516808325078648016560432318014329688569426,91.00527195759675,19.702545371299642,0,0,0,0.9999953623727917389360545535151992040908522222239477919,0.0002325256997835090811926833317188417120132006628253224703,0.0,1,ROOT_OK
cstr,cstrfold_0002425,dev,high_triple,0.01880931113235215955833248715742950294083425806388683365,19.522819615045975,21.793370646336637,0,0,0,0.9981954907303047628897067105767899834454454109122392734,0.09661230646673056641116800091707520764532174331042432686,0.0,3,ROOT_OK
cstr,cstrfold_0002426,cal,single,0.005297206242279268717127075728156779324620677949005387419,26.540121486929067,73.31870814061567,0,0,0,0.9999993496822671572852167997188924141696533529282687695,0.0001227665056764858022573148031849254492916941918424286968,0.0,1,ROOT_OK
cstr,cstrfold_0002427,cal,low_triple,0.000001863248371046641340778042701489682132249303350337926994,87.08721278944815,20.713523205600332,0,0,0,0.000001863316814112501264146508727963649134256452665362351456,1.000073468395310656975603443003613656420023051476113408,3.06138923045510704213537292348072127136963199704285674e-83,3,ROOT_OK
cstr,cstrfold_0002428,test,single,0.0002985004751723595363695397340046078538054928332346253749,19.31610154439102,23.378370702368755,0,0,0,0.0003005138780643705571783434574776785229413714204270164281,1.013555963979439881192452343979604190044492780947924898,5.044606437678668339776173130002255189236211989609930371e-83,1,ROOT_OK
cstr,cstrfold_0002429,test,single,0.00000005476172414420649872909091164606497859185753621589899689,26.189920228766987,73.205638898556,0,0,0,0.00000005476194067907964337945860914162582256855631495756190846,1.000007908279070528205156004325790600513227611578486304,6.009352481848339828898033169125337247851141606609070198e-83,1,ROOT_OK
cstr,cstrfold_0002430,dev,single,0.0184516715543663870166927747400846507565791400933208588,87.99471918087221,21.22097098046803,0,0,0,0.9999979650505830132883428151023557739052398106557204771,0.000110288236820609525392763709551938076468273006817878263,0.0,1,ROOT_OK
cstr,cstrfold_0002431,dev,single,0.01769170803684078011460089997452456556785352246495804382,20.15553516304753,23.05718167812716,0,0,0,0.9987873371191115674432488548295296978635874421516359351,0.06888004279090142052225003694832168750577867316612259684,1.054219794323052322434857405127001900770996138236850755e-81,1,ROOT_OK
cstr,cstrfold_0002432,dev,middle_triple,0.005303268518628806358307216528959688887418945749016627754,27.425361940034186,73.1308139210603,0,0,0,0.01519957216694690275720135697896256840816793926046467752,-255.542198344395305773938111295356099946086076341916919,1.647218428629769253804464695510940469954681465995079305e-83,3,ROOT_OK
cstr,cstrfold_0002433,dev,single,0.000001418906187508354926885735731554099109741410252671900884,90.49892364167957,20.97684484851106,0,0,0,0.000001418946408480394125114728979490063787156422823062045424,1.000056694120919777360925186890383287524922285084842609,6.46400522768080959497706623127321817475990540616989922e-83,1,ROOT_OK
cstr,cstrfold_0002434,dev,high_triple,0.0002741074049141961169520515382291095294080633283507187199,20.15611015433175,22.89922585033379,0,0,0,0.8239715330078838146762850984415228837643120291091350954,4643.506823629322167341215376106944943093956397523524373,1.054219794323052322434857405127001900770996138236850755e-81,3,ROOT_OK
cstr,cstrfold_0002435,dev,low_triple,0.00000001886712790491347415389553775804192394164648530735808097,27.902521319626963,76.33498500557515,0,0,0,0.00000001886715472185201146735873506777819130607777376489507801,1.000002842718463231104471220656432604669783928949572121,1.677458444376003249371534650753655927915408793552075914e-83,3,ROOT_OK
cstr,cstrfold_0002436,cal,middle_triple,0.01926511274918463215917096152079014622746878122596827735,91.76134034906482,20.35684455973064,0,0,0,0.05379166935993706024431382357253815436863663337432949616,-223.293960671863169749346866415616932139950230410655696,0.0,3,ROOT_OK
cstr,cstrfold_0002437,cal,high_triple,0.01773451597968849724706016835870328695389891352549008077,19.26315165558068,23.064174277556347,0,0,0,0.9984325891952186562835292427512310605503486032138603261,0.08890919859792890178192028413397898105244277186434952991,0.0,3,ROOT_OK
cstr,cstrfold_0002438,test,single,0.005283117512045529504710389796164400767499972712229531588,27.887573670295957,73.3619943690763,0,0,0,0.9999996826140503568958940757846980966499103170138825939,0.00006007559150886677432530942096966741381168807057894468549,1.054219794323052322434857405127001900770996138236850755e-81,1,ROOT_OK
cstr,cstrfold_0002439,test,low_triple,0.000001591662938449505764674959047181619614625233410076127803,85.4602493876992,21.05707089791209,0,0,0,0.000001591713753261000300663958610721672557626331466030779906,1.000063852736076866761378337519915499425811133498898451,2.846438485801149115827148709674423009360164896560832841e-83,3,ROOT_OK
cstr,cstrfold_0002440,dev,single,0.0002610705903634755331158443903845281061801459483897067946,19.703140667703302,23.57829665742534,0,0,0,0.0002626227062942645313693419663488530852556987005841491729,1.011941571650721219343897153133489676574996276032150349,5.301984317152069785683120738675839637666630968671661512e-83,1,ROOT_OK
cstr,cstrfold_0002441,dev,single,0.00000004818746732868841928641302026713979292548972041727766925,26.327468941209776,74.04552351029382,0,0,0,0.00000004818763694360419745263374291802739427031494890454682634,1.000007039811854532104531439367154753846950509508963761,3.043788755835844409079089714205948077032385816370202713e-83,1,ROOT_OK
cstr,cstrfold_0002442,dev,single,0.01833888131736724529026711667125929457869444033367816134,84.16180063079103,21.355041650019295,0,0,0,0.9999978159707446851836271456863409568832807588646793651,0.0001190961026207689329726514779292050023497382916022487341,1.054219794323052322434857405127001900770996138236850755e-81,1,ROOT_OK
cstr,cstrfold_0002443,dev,single,0.01872585049563454390716338438438410885856324826254922987,19.962205960812025,21.95160805283785,0,0,0,0.998452062836428551038621688409874153353033180886647732,0.08317630045508142813841299238445930367621901979700856914,0.0,1,ROOT_OK
cstr,cstrfold_0002444,dev,single,0.00503288825323027163876969870065874657037592624857248486,28.57675912479081,76.88193491292799,0,0,0,0.9999998219827685207099789382866263416109498745604650327,0.00003537081884834998768133131310346312146357819091841878361,0.0,1,ROOT_OK
cstr,cstrfold_0002445,dev,single,0.00000271359206272856502288544452168856120181537076486092858,90.45365860678118,19.952118300754346,0,0,0,0.000002713731628872215645847887789569539963528080255719712405,1.000102868430663624347836073339610335567320834427620733,1.783146121226659392424071401341677256781996489312056064e-83,1,ROOT_OK
cstr,cstrfold_0002446,cal,middle_triple,0.0003242726632641094338415837949725978523020248720606476939,20.076129610714297,22.18505746267146,0,0,0,0.7998817923908007282140708290292067072076898473146603091,-842986.9473830814520391097802550154652840313368763737835,2.10843958864610464486971481025400380154199227647370151e-81,3,ROOT_OK
cstr,cstrfold_0002447,cal,high_triple,0.00000005145862298459648562057779651266746165959594012976329147,26.463221846234333,72.3298539554772,0,0,0,0.8228552303573599227176277130084832612438541165704783481,2269840397.662987081604491807274274009271653495425701513,6.32531876593831393460914443076201140462597682942110453e-81,3,ROOT_OK
cstr,cstrfold_0002448,test,single,0.01862621913796026799967489980055042247347975986983054828,87.75596080139341,21.030931115074893,0,0,0,0.9999976985451397774027969978652914656791217893579711217,0.0001235635657491451217784190735611005690201042084840471593,1.054219794323052322434857405127001900770996138236850755e-81,1,ROOT_OK
cstr,cstrfold_0002449,test,single,0.01798826018026288902943847580995236727201789387116995924,18.553827949947753,22.812249740216725,0,0,0,0.9979840074757373359069881563789990633538400273190433156,0.1128914290794657796616604197759977832882869956145599565,0.0,1,ROOT_OK
cstr,cstrfold_0002450,dev,single,0.00536383769245350068403210532785178966571311066360452408,27.640144164360716,72.2997464559205,0,0,0,0.999999614103317572505319769661498944657950233417612886,0.00007194426438184930020619109011495169793601865362063980698,1.054219794323052322434857405127001900770996138236850755e-81,1,ROOT_OK
cstr,cstrfold_0002451,dev,low_triple,0.000002321297161790693813054300388978790035070842346408916606,92.35784839919555,20.1127643033442,0,0,0,0.000002321400156195208441884143297745394543882926111308614212,1.000088741590790604100430967334717770644860553983250955,2.722977534241251859743659778638812969253698292542158685e-83,3,ROOT_OK
cstr,cstrfold_0002452,dev,single,0.000378082349711553009387939745459882000022506760187164908,18.435223283935542,23.268625411868786,0,0,0,0.0003813047100025655648264265840675235042764859452094775006,1.017150839361895969845305815192637613583982425460201513,6.691824866308437593580637825513195659190893455605009675e-84,1,ROOT_OK
cstr,cstrfold_0002453,dev,single,0.00000002402618730845453242388655966474775474843459414830288929,27.527361220234813,75.54161772533547,0,0,0,0.00000002402623033828830355968348092680550829281965567827061344,1.00000358191581344908896381718217175048396659597024018,4.022933760230449965908366023965639480461238897493364926e-83,1,ROOT_OK
cstr,cstrfold_0002454,dev,single,0.01908527147396220071828249175521004502974902476692720944,89.03154747094587,20.54749567391447,0,0,0,0.9999970558713364242243605610886969195002285371046075566,0.0001542675238447930642726853679992844124794982022907003675,1.054219794323052322434857405127001900770996138236850755e-81,1,ROOT_OK
cstr,cstrfold_0002455,dev,single,0.01769509249703237041926636893034340716169812664847756186,18.40347337227078,23.182629005887925,0,0,0,0.9980061416460373415752900532114082721271161575823416029,0.1134814463170830785052069806123157273898292651482138932,0.0,1,ROOT_OK
cstr,cstrfold_0002456,cal,single,0.005247176537486595217978666254004238334964615747908540246,26.541471101142445,74.00451182024096,0,0,0,0.9999993747781975648461517835142663367901036936414361417,0.0001191542580795144803091113211211649108706315879741969457,0.0,1,ROOT_OK
cstr,cstrfold_0002457,cal,single,0.000001872750789099193687077879309727426027762713981431567879,84.21698906667827,20.861134895679424,0,0,0,0.000001872820449831837785335855912343016097331517554282214166,1.000074396078594556747677799701537506444464523754197049,5.112168131040436219326746877279071106949196971613634795e-83,1,ROOT_OK
cstr,cstrfold_0002458,test,middle_triple,0.0003961538858757839300336947519835366346927302241637180898,19.50817932100944,21.85121414993221,0,0,0,0.7941147696053806650016754568239705703569503587003649697,-609721.3443517909410048703727324415175048175770323113759,1.054219794323052322434857405127001900770996138236850755e-81,3,ROOT_OK
cstr,cstrfold_0002459,test,single,0.00000003244049318217304635192428131191789251869876768564564205,27.320698628791547,72.99302079773696,0,0,0,0.00000003244056894685002998565787748408085956634754226195906189,1.00000467100212885078197861242379877641159043580527376,6.559095546286058229764904077026571530670489644698736558e-83,1,ROOT_OK
cstr,cstrfold_0002460,dev,high_triple,0.01804957070607296968372510506285503636565306765139013713,87.32439588541337,21.50815843655238,0,0,0,0.9999982271600229836088791276637212357515520013040325972,0.00009822285441388111292328348672233358651774460496873702619,0.0,3,ROOT_OK
cstr,cstrfold_0002461,dev,low_triple,0.01718603538466876150326248193056934929588202449694614359,19.778390096843843,23.727181023605823,0,0,0,0.04978724722147412200423519120879808614923753489924161602,5885.255311030538856040612318915816472929781486191171369,0.0,3,ROOT_OK
cstr,cstrfold_0002462,dev,single,0.005175054718867958867039825677805094311008365403844946542,28.086657813109966,74.85008266389457,0,0,0,0.9999997391202365360322323181522316436716330568915960273,0.00005041107559906211898666352808533811530391874379035512503,1.054219794323052322434857405127001900770996138236850755e-81,1,ROOT_OK
cstr,cstrfold_0002463,dev,middle_triple,0.000001412911262515914243940817831606344086195246097532533379,91.78538370464076,20.920782802234744,0,0,0,0.9239903580179774506845373115414498056127889952905660618,-19458088.54292714358245602708858248469890776774427215977,0.0,3,ROOT_OK
cstr,cstrfold_0002464,dev,single,0.0003370557754921650123489330162513154556846971164308458225,18.645194268936333,23.587855422009138,0,0,0,0.0003396504152862144019768432070468021693662371549339541479,1.015481598440272370538431158693403269188340978591555636,2.831156674207415904976423695409428932734608769679042555e-83,1,ROOT_OK
cstr,cstrfold_0002465,dev,single,0.00000002320391872991881890253452872189716142424047246950791136,27.716093835293375,74.82103294622168,0,0,0,0.00000002320395847687513151907328476267815934573971600478237422,1.000003425887374765081499728884735675516784445335247404,4.082951944209702746928390684225545287570202444331942197e-84,1,ROOT_OK
cstr,cstrfold_0002466,cal,single,0.01994329282010401208554740163648409566857477666722871099,89.30446866490607,19.846539013194313,0,0,0,0.9999955517351632477557272691938106999337171020335447304,0.0002230578462179464357429753557301285499655831098349735219,0.0,1,ROOT_OK
cstr,cstrfold_0002467,cal,single,0.01806703852637398727898504022669771994754647448128444912,19.726168625134036,22.638188648933312,0,0,0,0.9985287270625368846553984644039012222059248568015632967,0.08190581467862149052211975992183380381926638196286424194,1.054219794323052322434857405127001900770996138236850755e-81,1,ROOT_OK
cstr,cstrfold_0002468,test,high_triple,0.005167406958686943576011543580609996586204757355868633091,26.35424071445184,75.15206198162934,0,0,0,0.9999993501088259379316021313693816059652399121689224952,0.0001257677006143130040064869366536796380447346472362430153,0.0,3,ROOT_OK
cstr,cstrfold_0002469,test,single,0.000002564729850198663191184867237995522546719236775531194279,85.15530545235639,20.28774611531173,0,0,0,0.000002564856731216166411680393435834928689886710915981074192,1.000098946624236682362492031886909310914806266554463399,1.295736761973905404237789367416076707566890547713902715e-83,1,ROOT_OK
cstr,cstrfold_0002470,dev,low_triple,0.0002624108220345582580474690161921635615727482495459804165,20.034278997176745,23.187956201303408,0,0,0,0.0002639516499611191200579844426572081330483896613130930978,1.011793580269021625604089109067847562434499906199647109,2.367876491155293302343917999796976925559854607367926501e-83,3,ROOT_OK
cstr,cstrfold_0002471,dev,middle_triple,0.00000004227750022658710495762063812401136044404632856087925554,26.149659645729393,77.05164242869624,0,0,0,0.814515806198864177876366560064001590927587099567471599,-511319964.0980585377755563081926115625798152571517897229,2.10843958864610464486971481025400380154199227647370151e-81,3,ROOT_OK
cstr,cstrfold_0002472,dev,high_triple,0.02005719204638333122368349328702676102182725947128779723,86.34233700888828,19.607668745234665,0,0,0,0.9999942696470452804769796018673234050168758191452122765,0.0002857203405705448755628354487693141468320391756836364826,1.054219794323052322434857405127001900770996138236850755e-81,3,ROOT_OK
cstr,cstrfold_0002473,dev,single,0.01735926065574196377863302782227654065499963424506549644,19.28618819912276,23.538165502550708,0,0,0,0.9985576303423403129585692448465901735954427192336851714,0.08354486618497141399743792023432371702238904830907390826,0.0,1,ROOT_OK
cstr,cstrfold_0002474,dev,single,0.005431942363333351346738476589454443427491043013613521915,26.18072972997389,71.56569512972911,0,0,0,0.9999991283983253143739099650125313865698637560642533775,0.0001604591427990301746728710938586801241865103581630725929,0.0,1,ROOT_OK
cstr,cstrfold_0002475,dev,single,0.000001853415525621852498826835321033480646526463262731257175,92.68292661349554,20.450949834014303,0,0,0,0.000001853482346116382371980252182208932648041878770497417744,1.000072107182089582215043983099120951034032004807144979,2.138247164312617949823813180183513300475840174486288248e-83,1,ROOT_OK
cstr,cstrfold_0002476,cal,single,0.0003784717730266062343831296845766076496947216556671373878,19.134669433235494,22.44999637055219,0,0,0,0.0003815807503191203489370142420320915741673714937176722916,1.016526791256157849040906228514178343757821594490091396,1.647218428629769253804464695510940469954681465995079305e-83,1,ROOT_OK
cstr,cstrfold_0002477,cal,single,0.00000006983970913228837799789260101868453970452044509993007293,26.075045305203624,70.79853657550548,0,0,0,0.00000006984004958300517056473516877003642745906344639301817651,1.000009749523098129331376156279930478912347498974933125,4.812388251306133578181027724090610001829118147075620408e-83,1,ROOT_OK
cstr,cstrfold_0002478,test,single,0.01869496322821334989901408636169522274661905989883685526,90.0477279728765,20.951011004396296,0,0,0,0.999997777723206408875018221730527111975138289812216481,0.0001188737267938233977524735045982239427648737040034783382,1.054219794323052322434857405127001900770996138236850755e-81,1,ROOT_OK
cstr,cstrfold_0002479,test,single,0.0175584547424598021940990545492465803061366427118722257,19.972839657160776,23.235486093223344,0,0,0,0.9987608818104015578577058168193090327475612809144424801,0.07091991437676186097263516868268882630676662564390358115,0.0,1,ROOT_OK
cstr,cstrfold_0002480,dev,single,0.005011218870054292621485721240284504418320887289930070728,26.282068241180568,77.46893698256105,0,0,0,0.9999994011476619435725718805240967332537805141916942367,0.0001195026155834526241573741646187954284282566686095386275,1.054219794323052322434857405127001900770996138236850755e-81,1,ROOT_OK
cstr,cstrfold_0002481,dev,single,0.000001403359038186563870774704833050715515091679232526499021,87.43770072503564,21.15065132740358,0,0,0,0.00000140339872488150479415641916516350810971477669636239254,1.00005656076294169322257671720593729021534138190566409,8.986107370051805169985537993455069531527675136147472428e-84,1,ROOT_OK
cstr,cstrfold_0002482,dev,low_triple,0.0002958650914905999618585967021985642961070281801460609297,19.183410897952317,23.578661832819716,0,0,0,0.0002978607996359474505748971658102520214840126831423115422,1.013556502127005640038741235799058936121798057969788718,4.066570495679742845329772217042634285200619869175352033e-83,3,ROOT_OK
cstr,cstrfold_0002483,dev,middle_triple,0.00000001801973247571835734883134256593216099287409626173711738,27.96202585352131,76.56046233085596,0,0,0,0.8281369718572636182162918876208087029006014788193820557,-382751133.6173475523123331994130198978729339398887246233,0.0,3,ROOT_OK
cstr,cstrfold_0002484,dev,high_triple,0.01857249816511833788439905519187548217919851495048806572,89.16446278055513,21.0844855694518,0,0,0,0.9999978842409837636152217924992972872196945937433266862,0.0001139220075504371994219801824042247815616362491530827078,0.0,3,ROOT_OK
cstr,cstrfold_0002485,dev,low_triple,0.01826679366006055598719396087886837164597408650168502991,19.84909762057661,22.388523467109316,0,0,0,0.05278014906286869388137656498271627727528916852195759795,928.6450698177386694289210718679096965178061416303567765,1.317774742903815403043571756408752375963745172796063444e-82,3,ROOT_OK
cstr,cstrfold_0002486,cal,single,0.005324476712572851119042823808402566625725477822528690208,28.607505025190154,72.73481705563172,0,0,0,0.999999772603079480513415805842188840663634100439398047,0.00004270789051919680086471755614706953227897263611498504648,0.0,1,ROOT_OK
cstr,cstrfold_0002487,cal,middle_triple,0.000001424878967863711471411511830909096367231558048831729622,86.07039321214445,21.204580793404794,0,0,0,0.9203638156566269105717090571220646868470909897807462049,-1571029.243225117479538859151968118922539649601235664198,1.054219794323052322434857405127001900770996138236850755e-81,3,ROOT_OK
cstr,cstrfold_0002488,test,single,0.0003472580014124896668324462708190472646855587138870589806,18.958051332159815,23.06085632437938,0,0,0,0.0003499480384566660917080184780481671637541048687479936432,1.015579843031900352815850470190750715954516916471822434,4.735752982310586604687835999593953851119709214735853001e-83,1,ROOT_OK
cstr,cstrfold_0002489,test,single,0.00000002876540166122257016844928491678037734409983855596336504,27.428351882634082,73.85768293052031,0,0,0,0.00000002876546194737561198291501060079955252165335185506300419,1.000004191580297698814287916056181930747442376663812656,4.853744025567710521936803497686439983453747114621879771e-83,1,ROOT_OK
cstr,cstrfold_0002490,dev,single,0.01840468117119199074166857953975263002855428859012000977,91.77289393171745,21.25976816186889,0,0,0,0.9999982675052550117202900635503986592352872536640606682,0.00009413549702235299042762790161074336586444023823858845571,1.054219794323052322434857405127001900770996138236850755e-81,1,ROOT_OK
cstr,cstrfold_0002491,dev,single,0.01811404063241085370183402760854133693562919176135445271,18.80905500807571,22.652531206490657,0,0,0,0.9980853832602071225659443359705323799390394500575435405,0.1064458348370284621395826542330412849165651879243962343,1.054219794323052322434857405127001900770996138236850755e-81,1,ROOT_OK
cstr,cstrfold_0002492,dev,high_triple,0.004999793633356720368842576931153586093868899290742453853,26.494066833257225,77.56060088193918,0,0,0,0.9999994697257229017158185915730032376003655252626848714,0.0001060594593876081486241737438574666271485846316205766311,0.0,3,ROOT_OK
cstr,cstrfold_0002493,dev,single,0.000002402400409784481320317048846643819012652641115660831128,89.71379647417403,20.178058084036103,0,0,0,0.000002402511104058818890623337784209052525478469703712685634,1.00009215621538596749535096423166728419073961910336217,1.158200457630306506581264239031130017936885405777790136e-84,1,ROOT_OK
cstr,cstrfold_0002494,dev,low_triple,0.000354513111312564037187975858449808336437783104419794261,18.90576845350954,23.02129406398259,0,0,0,0.0003573122925474484328437731301656520235847685490217588751,1.015881895609913041246202216055490793533628791894927316,6.434446986835036147673690216839611210760474476543278534e-83,3,ROOT_OK
cstr,cstrfold_0002495,dev,middle_triple,0.0000000456789161323753272793117707312563703287763408274610549,26.449707737107513,73.9670080999521,0,0,0,0.8207235169851049078222666601405037012838017496519280697,-1392102725.575533695567177814866925147838185141819748043,0.0,3,ROOT_OK
cstr,cstrfold_0002496,cal,high_triple,0.0182456404719555375255549740240081931018182009887192392,84.04005301145924,21.45868596816186,0,0,0,0.9999979343895500632603805396264204405037126469493963564,0.0001132141284964499426658854235148495467693695370626491607,1.054219794323052322434857405127001900770996138236850755e-81,3,ROOT_OK
cstr,cstrfold_0002497,cal,low_triple,0.0178205228777523683015562715842542863529253332894525029,18.863241359509267,22.976741703358517,0,0,0,0.04987878492027739380792221188193358910635940842795435182,82.399259212360778370074520190113547374203160276278819,6.588873714519077015217858782043761879818725863980317219e-83,3,ROOT_OK
cstr,cstrfold_0002498,test,single,0.005337899770610766027764061783362221734075350531299100301,27.79180033697723,72.63081102598991,0,0,0,0.999999650771200649065906301528343361688580637831601896,0.0000654244873150245444517032113535660070464291848684487045,0.0,1,ROOT_OK
cstr,cstrfold_0002499,test,middle_triple,0.000001592906051506711228593404792124624135662677932808239256,89.03153225089281,20.872393496282555,0,0,0,0.9159626602158503809429761360087788956321393654771916141,-544032.8352392342684051975706449477352211138088032002988,2.10843958864610464486971481025400380154199227647370151e-81,3,ROOT_OK
cstr,cstrfold_0002500,dev,single,0.0004182466894650346516565216125926222990785979832616235325,18.486210148180092,22.705352048294607,0,0,0,0.0004220940129499088888841464569736747724041297337144468057,1.01851977138889648606991884009036440068487755116746687,4.838704134099947183050615043063387630491876806360545458e-83,1,ROOT_OK
cstr,cstrfold_0002501,dev,single,0.00000002920418224698064421308650486910144542499910520071933818,27.891998466715986,70.97674127848208,0,0,0,0.00000002920424192922033681393260464991220893274673672428103321,1.000004087245340972981665970456710160070968710943978269,2.993943784426597412749576484083799428663872668142488302e-83,1,ROOT_OK
cstr,cstrfold_0002502,dev,single,0.01838313469837191181719901443726033294524837865765585537,90.99964979232266,21.285879211870668,0,0,0,0.9999982473602767485858196016812529221616259123822328896,0.00009534171542627616750386655440043043118676938094312810532,1.054219794323052322434857405127001900770996138236850755e-81,1,ROOT_OK
cstr,cstrfold_0002503,dev,single,0.0182152459489037191638124017345454143622798073407700886,18.70348421312963,22.531297430668534,0,0,0,0.9979847875046309875949541567447361439487677399153340622,0.1114516744523839693929581710631307533388668676916623885,1.054219794323052322434857405127001900770996138236850755e-81,1,ROOT_OK
cstr,cstrfold_0002504,dev,single,0.005401400222917269614289296490700928637780161190053340461,27.294819124094342,71.84068879720067,0,0,0,0.9999995243966027472377465233322217419441376154518156421,0.00008805205748353214929661152321061636814428378188921953039,0.0,1,ROOT_OK
cstr,cstrfold_0002505,dev,single,0.000002067736015928908237925745082255573351331845664360913886,89.21623654990275,20.439745753839134,0,0,0,0.000002067819136154367684465858735888501854887350524279740015,1.000080399729899957024061492371240030625421464622851136,5.798241041011721948572454096649594652296532562675061869e-83,1,ROOT_OK
cstr,cstrfold_0002506,cal,high_triple,0.0004274829717839914153011876353668050007226764634248871603,19.122700682340643,21.898947048309232,0,0,0,0.7955635974959702384531384452939081261351774625639608009,15358.26674064749653244929369651525333110489330464776187,0.0,3,ROOT_OK
cstr,cstrfold_0002507,cal,single,0.00000001625509990893607563054117723510461877700997372901625914,28.483178229683986,74.72867136924764,0,0,0,0.00000001625511939016976296010536226405858351453225456787154265,1.000002396940146182067594828621064982318462638391452234,3.917632527217382059890088972545914671213266210698528733e-83,1,ROOT_OK
cstr,cstrfold_0002508,test,low_triple,0.01855479774076898239295886583330782293419230921511732717,86.15209171462692,21.044055712236165,0,0,0,0.04716558854183365494516465837736640400969307761898919472,32.00408562397329980931506029260063531634398055394101775,6.588873714519077015217858782043761879818725863980317219e-83,3,ROOT_OK
cstr,cstrfold_0002509,test,middle_triple,0.01780683707771320838486505984635311227318970608146274674,19.900477779420697,22.932105656696162,0,0,0,0.05205610061272257587203812429602104346032999739569563861,-387.135199503068462533196338431449755728327264808523967,6.588873714519077015217858782043761879818725863980317219e-83,3,ROOT_OK
cstr,cstrfold_0002510,dev,single,0.005391229128982801867502499218418588952487688955487563508,26.73251163121646,72.20063994815678,0,0,0,0.9999993754242878504812008375290886826387353513523871721,0.000115850646209900244455343161762032690865412549175722218,0.0,1,ROOT_OK
cstr,cstrfold_0002511,dev,high_triple,0.000001359674979264820871446194388136246782296914406587478669,85.27276643207529,21.32567352109938,0,0,0,0.9236365771625247948762221383367584694537212956887553654,7022638.941073540348898456410714828334263649783883591865,0.0,3,ROOT_OK
cstr,cstrfold_0002512,dev,single,0.000361146324052584943757502180292618934266430142707965452,18.48797026766174,23.435979579534344,0,0,0,0.0003641071907846014368420881505030038405875566856374809742,1.016494232069768420909315222628762371724569371190670945,4.16952164746910342369255126051206806457278746080004449e-83,1,ROOT_OK
cstr,cstrfold_0002513,dev,single,0.00000003140054281362122166704166287207201239617045320059066383,26.86245280074153,76.20042688163583,0,0,0,0.0000000314006169610535390660672714196003245312700060378828377,1.000004722692898610844601132222414361045776395129063282,7.621175168410880802800304605855557473713817454707305471e-84,1,ROOT_OK
cstr,cstrfold_0002514,dev,single,0.01914732109748925610709092020962686948008960287558329033,89.87534466235417,20.483054394013003,0,0,0,0.999997026200745214818711896045968976584128514946645522,0.0001553173177928357885623581348929405592183204607302379097,1.054219794323052322434857405127001900770996138236850755e-81,1,ROOT_OK
cstr,cstrfold_0002515,dev,single,0.01844677258320027158591590139462900058612507498372670487,19.620241433330197,22.197262265439722,0,0,0,0.9983639057006748058761825670249173609745633501354001243,0.08926128854098055149694390119429428636703839841688351768,1.054219794323052322434857405127001900770996138236850755e-81,1,ROOT_OK
cstr,cstrfold_0002516,cal,single,0.005194438359184137797094397053069541420367705271181152974,26.273742797719148,74.77533556463925,0,0,0,0.9999993069368026630117640504262448114990965608175819476,0.0001334244623339764423177616526620387469609646625354180424,1.054219794323052322434857405127001900770996138236850755e-81,1,ROOT_OK
cstr,cstrfold_0002517,cal,single,0.000001654511908384188890676474541142432409130549020943937407,90.08661580887588,20.75227679152037,0,0,0,0.000001654565981084166710385278846388098101432090495551474523,1.000065365517370571684945164015127242621180434415530313,2.192135657827361377560580335749545044365959148227338206e-83,1,ROOT_OK
cstr,cstrfold_0002518,test,low_triple,0.0003209724026859054343578612109291836789267777669049429165,19.924310584703328,22.381439069792346,0,0,0,0.0003231972738766554395357006616696912896003271437381933185,1.013932935496717440975623908931025433604572577922457723,5.66231334841483180995284739081885786546921753935808511e-84,3,ROOT_OK
cstr,cstrfold_0002519,test,middle_triple,0.000000055453476180471905985807216676847500105176411410047717,26.56649037639399,70.76778248807288,0,0,0,0.8247140586103173807878235760241565040227469430809170433,-2598300907.439131572020298822223922778779277815990273829,3.162659382969156967304572215381005702312988414710552265e-81,3,ROOT_OK
cstr,cstrfold_0002520,dev,single,0.01966813304079066608351479711389617289195722658206772152,84.39692471981807,19.98396495305079,0,0,0,0.9999951141813888889543230909297745997865103741711833757,0.0002484275763685636512456204059526752366992662999795427531,0.0,1,ROOT_OK
cstr,cstrfold_0002521,dev,single,0.01863289770063661758484963231703094720565632383693246386,20.1012318989003,21.95558951297371,0,0,0,0.9985039487405529932478372581949308254187456009952904993,0.08077688348200871963005382711786563986228272576588205298,0.0,1,ROOT_OK
cstr,cstrfold_0002522,dev,single,0.005074262774064285477974432081035231561507210728711650059,26.601926087311803,76.48162347678594,0,0,0,0.9999994715982920689633040674031632186635043357389206877,0.0001041339154795337682916437739438722730520546365989031712,0.0,1,ROOT_OK
cstr,cstrfold_0002523,dev,single,0.000001011388949143169210691396971756002237233529567754748951,91.3005099447577,21.477764464327738,0,0,0,0.000001011409896649227140416526292079426844144846092561335913,1.00004142388267059782411149807232328157373052640946452,5.466867021189717586967259050482354674942368127133083024e-83,1,ROOT_OK
cstr,cstrfold_0002524,dev,single,0.0002979891372362911839743134549593108419687221796208874944,20.056047939230616,22.58100749464807,0,0,0,0.0002999234733091668864951903178127313944663389942742597486,1.013043652574097725211765208545553815738199919173504918,3.448863584943579375153097956226031608967614319427197294e-83,1,ROOT_OK
cstr,cstrfold_0002525,dev,single,0.00000004501088683364529485188041443637390928493393488275325472,26.348126445172195,74.82558129141721,0,0,0,0.00000004501103640351767211653925072732659951892771846747176433,1.000006645958164796063475376683706682522045325141961633,1.874547943365821927388975207878932124625474869913421815e-83,1,ROOT_OK
cstr,cstrfold_0002526,cal,single,0.01912619650155807708508663912955279733236867977876572958,84.20800305723418,20.53893769647788,0,0,0,0.9999964723980873598433431086174945304443461375367664243,0.0001844462204799222209838610876391662073436794034426943661,0.0,1,ROOT_OK
cstr,cstrfold_0002527,cal,single,0.01777310138916865901929845728932935452311125985974930833,18.530872620416112,23.075784643828953,0,0,0,0.9980511178517976708137909627699452693543492861538946152,0.1104250619113823576380783524584882021464067889618507809,0.0,1,ROOT_OK
cstr,cstrfold_0002528,test,single,0.005055768039566160564432086566576796653323066248061138176,26.34375222798604,76.78810256153041,0,0,0,0.9999994006018665959626191365762576373277650125034794176,0.0001185575701911777239727995316029212513565805802995836338,0.0,1,ROOT_OK
cstr,cstrfold_0002529,test,single,0.000003141806596170751888839288705499395223474994725991933369,90.73386628375258,19.71020387049667,0,0,0,0.000003141991299771427916719557336881363656265069607547444893,1.000117583094326332480904867255686395830168731991350444,6.477075198122818262152028414526173635031762619950377754e-83,1,ROOT_OK
cstr,cstrfold_0002530,dev,high_triple,0.0003335530199416954780715574223580736731368746789729365789,19.137918324427954,23.047786710663644,0,0,0,0.7912560695597687046048433591667507544650053384987912216,267720.225121099833834959589393845104138114773522827386,1.054219794323052322434857405127001900770996138236850755e-81,3,ROOT_OK
cstr,cstrfold_0002531,dev,low_triple,0.00000003487806116550956167005693794612301248982094014379038769,27.048716625058102,73.71718142441833,0,0,0,0.0000000348781496247726446113199929815059175573432275324532518,1.000005072496814337744529321064622491501345226493003507,4.506337299215521009227321907975971228751677063233318724e-83,3,ROOT_OK
cstr,cstrfold_0002532,dev,single,0.01942977904684234161868694662841165866669455132770798406,89.71700166121725,20.200421827533898,0,0,0,0.9999964445637743858784948584571858587158791482554243856,0.0001829971254905902687358754160713983934642325157488933341,0.0,1,ROOT_OK
cstr,cstrfold_0002533,dev,middle_triple,0.01871202993572440814885661092058552553109012439881170511,19.289849505546098,21.910867343372775,0,0,0,0.05637118124777945188650304164615034298747195051466290621,-96.49378279110362196804779532904013334043765722635379637,1.317774742903815403043571756408752375963745172796063444e-82,3,ROOT_OK
cstr,cstrfold_0002534,dev,single,0.005047432826611485663630744467220530582811286172947854467,26.614664650792808,76.88079706856601,0,0,0,0.9999994862959832736656138589054511353076773551007819274,0.0001017755187927355983225684326975723094373591684687242053,1.054219794323052322434857405127001900770996138236850755e-81,1,ROOT_OK
cstr,cstrfold_0002535,dev,high_triple,0.000004044571403344534113056808977671377591677711481601241202,85.06228617490208,19.571850314997807,0,0,0,0.9197669579372962732687936563899371232873027195286395576,1129067.006563828130594127368255110415957433013662157993,1.054219794323052322434857405127001900770996138236850755e-81,3,ROOT_OK
cstr,cstrfold_0002536,cal,single,0.0003401962019622669550431096933587094569636817847646672253,18.460394082057935,23.77457756126657,0,0,0,0.0003428617797367508750909023230533336969858391041348542465,1.015759577722376623441517270201456307756161236930537368,5.096082013573348628957562651736972078922295785422276599e-83,1,ROOT_OK
cstr,cstrfold_0002537,cal,single,0.00000005578353713373102976501646271170834406218062455521681494,25.980121463026723,74.3600507749033,0,0,0,0.0000000557837654171224924654922994878208398564401991726761053,1.000008184639602724167214425022985278903747618484538655,6.417902163674551137735384722366038265137493686214432389e-83,1,ROOT_OK
cstr,cstrfold_0002538,test,single,0.01847065196345692875202625108555183371680802239914748503,85.22559375311123,21.206717318601118,0,0,0,0.9999977161823948023172367181889812119437636885787436188,0.0001236493069766570002168342314804918201130611368386444887,1.054219794323052322434857405127001900770996138236850755e-81,1,ROOT_OK
cstr,cstrfold_0002539,test,single,0.01733328997533854937862158302726656591623477727512982759,19.494228204010824,23.557283599479685,0,0,0,0.9986487264565806802398657149020092353668885605740504548,0.07836447948341991501095281844139995818011462498338998153,1.054219794323052322434857405127001900770996138236850755e-81,1,ROOT_OK
cstr,cstrfold_0002540,dev,low_triple,0.005188074051116996941265762576426318669720112542497308659,27.099602613016177,74.4792579174178,0,0,0,0.01343021670624431419811647755981176817794608190539129467,31.08152953149950433548005215079521273606647918805711228,1.647218428629769253804464695510940469954681465995079305e-83,3,ROOT_OK
cstr,cstrfold_0002541,dev,single,0.000001386083538581112524367122678924058573157086906193540523,84.46268065872653,21.34092001410206,0,0,0,0.000001386122619754678963998281468814643386435224833146114907,1.000056391972167584416304007634635492330441976532779629,4.529448525795188258203048307016533816674701501831684133e-83,1,ROOT_OK
cstr,cstrfold_0002542,dev,middle_triple,0.0003385355256248531523920086327329213994541647844889613688,18.56988359296881,23.660917302360865,0,0,0,0.7843513457048837009849163012404303435082788562873014919,-437314.8121726648134551819572108790784780420968793416653,0.0,3,ROOT_OK
cstr,cstrfold_0002543,dev,high_triple,0.00000003954577844560132640247212693062937027720270307938880457,26.78209911614823,73.75019225329905,0,0,0,0.8245507390711988880853118290364849962491675941102802313,1425117157.668700026988054030763219380822276752207105813,5.271098971615261612174287025635009503854980691184253775e-81,3,ROOT_OK
cstr,cstrfold_0002544,dev,low_triple,0.0196992771118727624993759989370735989703264681927566759,92.68550939845609,19.931141815312266,0,0,0,0.05417544580440103703752324537093108255787471767525731673,1235.57241018812725797521818671831604154066585281203781,6.588873714519077015217858782043761879818725863980317219e-83,3,ROOT_OK
cstr,cstrfold_0002545,dev,middle_triple,0.01745881335350885854849188230831145769644016618017379738,20.11348209792925,23.22922432950199,0,0,0,0.05678483658673477106655741711526278057309834562547236061,-32.04550884918310105730141530372659544181919786591504379,0.0,3,ROOT_OK
cstr,cstrfold_0002546,cal,single,0.005115694158070455749855585467268390975545558788967917993,28.372346661662277,75.67910242079789,0,0,0,0.9999997866734514632365538481248765080146457602825722828,0.00004170045208098880503713952108151052237184304073674054819,1.054219794323052322434857405127001900770996138236850755e-81,1,ROOT_OK
cstr,cstrfold_0002547,cal,high_triple,0.000002777812874738643348830668600740518962054375074701264689,85.7165639067299,20.14119073831586,0,0,0,0.9202385904490105864151773800941624602287296931142907053,45058712.80825065382363990839902149062550298447803020459,1.054219794323052322434857405127001900770996138236850755e-81,3,ROOT_OK
cstr,cstrfold_0002548,test,single,0.0003878615152498424706060881726379940012481523339386829569,18.812503827391154,22.672524945147927,0,0,0,0.0003911619103710596108210090845186600245098649644124400883,1.017123182970980378367451453266086486635718349081539423,2.264925339365932723981138956327543146187687015743234044e-83,1,ROOT_OK
cstr,cstrfold_0002549,test,single,0.00000001976721753403169351411054356263871271969841110625879228,28.24715812488649,73.70129575412024,0,0,0,0.00000001976724594160578101610081454654008580664647413400809881,1.000002874213724065523129702023500327628809074370076006,3.667964673576838611398371459473953467856678386112108727e-83,1,ROOT_OK
cstr,cstrfold_0002550,dev,single,0.01830748079765675936344140409356336159483412341686478758,84.06234790342548,21.390711972899407,0,0,0,0.9999978525360944116871841632327695643297714569749598281,0.0001173029759829510753062077059536280490665357157510040918,1.054219794323052322434857405127001900770996138236850755e-81,1,ROOT_OK
cstr,cstrfold_0002551,dev,single,0.01795370528606318712916988934441006330727074606255327454,18.744144143850015,22.86723506895201,0,0,0,0.9981151044700230395169327151601126963117455528345671283,0.1057132846672862041597093972312457257517227956394452412,1.054219794323052322434857405127001900770996138236850755e-81,1,ROOT_OK
cstr,cstrfold_0002552,dev,single,0.005480548463401687680588720742300992044763656063394386843,28.517916891743077,70.69707409012253,0,0,0,0.9999997271386226568167388301805477484601195635688486188,0.00004978730497316959785801216876565837333230285244490674382,0.0,1,ROOT_OK
cstr,cstrfold_0002553,dev,single,0.000001844466557636838447052179859239932534817371588718029184,89.21654370540294,20.621781327066536,0,0,0,0.00000184453331564416038919438671756415286543614381354276648,1.000072389279944304908499425138429154517355452437193568,7.299075800690994130017342339727433967206413234328781587e-85,1,ROOT_OK
cstr,cstrfold_0002554,dev,low_triple,0.0005095683923598536271223167768677705206433910236142277441,18.627500144282653,21.6205497882037,0,0,0,0.0005150051927529364099503462225332820192909497639345788582,1.021503617526638891260962260171822939892813117888919596,4.735752982310586604687835999593953851119709214735853001e-83,3,ROOT_OK
cstr,cstrfold_0002555,dev,middle_triple,0.00000003781630196209089471707158141236051753149810088940444375,27.138602726894735,72.16004017386074,0,0,0,0.8280243166742252687247564696997835673646526369471503143,-1550343841.115552093366519573057544575517217354967539098,3.162659382969156967304572215381005702312988414710552265e-81,3,ROOT_OK
cstr,cstrfold_0002556,cal,high_triple,0.01831455229427716226010277834760417872379498821682390744,85.42773029036607,21.280386588134395,0,0,0,0.9999978205426016507741438655043849756143772665238194238,0.0001190046800318499313387809886152350381558936152988054574,1.054219794323052322434857405127001900770996138236850755e-81,3,ROOT_OK
cstr,cstrfold_0002557,cal,low_triple,0.01822644021752769251887851802400295603506349989830940977,18.69879209881694,22.31282816410606,0,0,0,0.0460449973663862392035855060916222640635701485700964914,20.19316105026973609814723593038525372618520317583001159,0.0,3,ROOT_OK
cstr,cstrfold_0002558,test,single,0.005147991408113300217742124626302182003865942456256261097,28.17786860848214,75.22865706974842,0,0,0,0.9999997570381168011043720039550670990631764333499142037,0.00004719552436164766501847609415851644645711009799531643269,1.054219794323052322434857405127001900770996138236850755e-81,1,ROOT_OK
cstr,cstrfold_0002559,test,middle_triple,0.000001967110375441943016957981905386579560370276748833875718,88.94440919901426,20.534270625017193,0,0,0,0.9186293856290360421941240490569647332650639399056667302,-848614.005033742648441982802066098932133641922846444579,2.10843958864610464486971481025400380154199227647370151e-81,3,ROOT_OK
cstr,cstrfold_0002560,dev,single,0.0003679241540979654278253714494152199138359367971189360291,19.79662029195297,21.897214261336003,0,0,0,0.0003707847796915118000326561288853255025785659569114283526,1.015637677597507437601949334025072635499442237734135418,2.882632250102096194157813217144145822420692565491388783e-83,1,ROOT_OK
cstr,cstrfold_0002561,dev,single,0.00000004259339395343130704091475482479085766889760655514455876,26.30061331025021,75.89844417373091,0,0,0,0.0000000425935298346129107470766475104550632113713761365634379,1.000006380402481493384202407808818061585413958826088363,2.002533115463337568263797202348257516364507432548415465e-83,1,ROOT_OK
cstr,cstrfold_0002562,dev,single,0.0198781408209371608284673754756804222467915545512991419,90.40268709953018,19.77118575454676,0,0,0,0.9999954708179674555701623450465239747456198613822295006,0.0002278600723595212067321829221426404457737489883427967008,0.0,1,ROOT_OK
cstr,cstrfold_0002563,dev,single,0.01898992415748922528743839619557113889732704083751382958,19.560492306020013,21.60618969133882,0,0,0,0.9981549470460269697742290997357105731531972796612532179,0.09786116570818322006735838198080528565204585277983692644,0.0,1,ROOT_OK
cstr,cstrfold_0002564,dev,single,0.005157004777805921837077625529333551177091373025972088791,28.023710893611145,75.11461835357937,0,0,0,0.9999997345897508617803619188571030890407427737266910343,0.00005146603130429418831702920517029371010598070192179446746,1.054219794323052322434857405127001900770996138236850755e-81,1,ROOT_OK
cstr,cstrfold_0002565,dev,single,0.00000233802043701569429545806651207611071081935638957567148,87.54735061063883,20.314202828092956,0,0,0,0.000002338126022092066556193796573186027412953740261206142702,1.000090323093532951446554224301106928578435067298113106,3.075665659707147278588023923649334158743506799787687139e-83,1,ROOT_OK
cstr,cstrfold_0002566,cal,high_triple,0.0003123326603000016744333358257367177145795749301561985373,19.056543718061068,23.463461096004217,0,0,0,0.790365991672034092443691310023936370678476886372573024,363311.9732029913671578615892589835915933563585497882001,1.054219794323052322434857405127001900770996138236850755e-81,3,ROOT_OK
cstr,cstrfold_0002567,cal,low_triple,0.00000003246415446842230442588113740076409693501574598172660409,26.601246079561594,77.64068851595555,0,0,0,0.00000003246423524197200656836581617771988419087457196245146056,1.000004976177440517663429609801504712608791834562848881,5.607758789098716786677356200913973583699859688376299227e-83,3,ROOT_OK
cstr,cstrfold_0002568,test,middle_triple,0.01952915755154860350183486233656980494221478692108797939,91.56581613645771,20.097816526381095,0,0,0,0.05420973612253126837913267009848312584008104830104012188,-413.7381263011103430268291481206927236308929078664364772,6.588873714519077015217858782043761879818725863980317219e-83,3,ROOT_OK
cstr,cstrfold_0002569,test,high_triple,0.01807373682394870280410815297166127680724244968968717749,18.83288089310594,22.67733209003666,0,0,0,0.9981045236776351113777175283902829679184265251385047214,0.1056104151435265380436172758380028889434863955780003016,1.054219794323052322434857405127001900770996138236850755e-81,3,ROOT_OK
cstr,cstrfold_0002570,dev,single,0.005234101102523713604698874201249579959504408151921130334,27.81562566464398,74.04653074632377,0,0,0,0.9999996839661795608010067529419405186477212926260899931,0.00006037985622453817787325347314238413317106220104309528827,1.054219794323052322434857405127001900770996138236850755e-81,1,ROOT_OK
cstr,cstrfold_0002571,dev,single,0.000001381224600595307311946650412115238190002533334827162812,89.99524750516416,21.045085418898346,0,0,0,0.000001381262843810348576590394855591663490700019485328454336,1.000055376948903293369169124764762054610506410733061112,3.345912433154218796790318912756597829595446727802504838e-83,1,ROOT_OK
cstr,cstrfold_0002572,dev,single,0.0003283647639687920452336924868623645242924746849018871179,20.11842684419502,22.088319078404947,0,0,0,0.0003306615906408108351504873502796325218590896492964275432,1.014060397605694262176014297216926750983709643949727121,1.080987093788286072809179956429054683407759712059270794e-83,1,ROOT_OK
cstr,cstrfold_0002573,dev,single,0.00000003146853410506668547734349850936805652972610810281351261,26.82425728789706,76.46213192964247,0,0,0,0.00000003146860883310872216712621881570082629868416963340053124,1.000004749390071717944448318523696433339801611986099713,2.644469740634301721434055202887646853563032893997303487e-83,1,ROOT_OK
cstr,cstrfold_0002574,dev,single,0.01966665358651494908689725381110298080089233007031630776,91.90089398339674,19.9649095136931,0,0,0,0.999996170798915564730965546962545355217827182271463179,0.000194714570384808690359971470610185013220489587933675146,0.0,1,ROOT_OK
cstr,cstrfold_0002575,dev,single,0.01731789148797760258519888844482775897832481236113308271,18.598608836483862,23.645422945349246,0,0,0,0.9982497233581276358771974328145221976555409777925459103,0.1017067048643863783272573388261825088367237347396824657,0.0,1,ROOT_OK
cstr,cstrfold_0002576,cal,single,0.005200755657788815230482217017917229172020479598474699682,27.738839465108686,74.52187945684926,0,0,0,0.9999996801962944938469647464336664240746864593764153013,0.00006149186485156918860403986449772729474913781482812246315,1.054219794323052322434857405127001900770996138236850755e-81,1,ROOT_OK
cstr,cstrfold_0002577,cal,single,0.000001765042842314842777429898772598723397625023877003347812,90.72918732873828,20.61842304376267,0,0,0,0.00000176510396423001485317573862575665240631898403288404492,1.000069260062053019225798036416198358586275616146497511,6.023848838487625403500262859877533520373821699008860573e-83,1,ROOT_OK
cstr,cstrfold_0002578,test,low_triple,0.0003747235104787342093051950308170901828320813202255645094,19.48253328700995,22.131493534033144,0,0,0,0.0003777251018997221732985663566808178399597755962970357909,1.016113229503351512890075683100473498911402872901630944,5.044606437678668339776173130002255189236211989609930371e-83,3,ROOT_OK
cstr,cstrfold_0002579,test,middle_triple,0.00000002754602311862640049859872209418832035937137824219506583,28.133402295658076,70.41790353042342,0,0,0,0.8369737019983178194093726655101669782126443401364815455,-1594998241.460699627399459536398588533431175735103180483,2.10843958864610464486971481025400380154199227647370151e-81,3,ROOT_OK
cstr,cstrfold_0002580,dev,high_triple,0.02010016888625757965000053904326700332566769500133353628,88.46458915420882,19.565405483467952,0,0,0,0.9999945221867103148931496105790900737543770892762169053,0.0002725438292698729912174287953612666932025791819396482624,0.0,3,ROOT_OK
cstr,cstrfold_0002581,dev,low_triple,0.0180328561163093736057714279056681046279443384216856147,18.70758897947971,22.746730658297324,0,0,0,0.05244691193274453948168771060253382426650227148288526818,2640.085154120176606090325080428150217025250885448337811,6.588873714519077015217858782043761879818725863980317219e-83,3,ROOT_OK
cstr,cstrfold_0002582,dev,single,0.005261399538329747999689998606898563961529923745471457838,28.327866185995788,73.61686556528059,0,0,0,0.9999997517695422943090327506416423131536026860022143781,0.00004717960393150416812170024292283547583978684793225810798,1.054219794323052322434857405127001900770996138236850755e-81,1,ROOT_OK
cstr,cstrfold_0002583,dev,middle_triple,0.000002718950631328126481362726653783315136026784794245676983,84.16599569590755,20.256450061593448,0,0,0,0.9198603660606875479151221896441093363534202071707015348,-27543009.59229126178200009726069928528121134209470453961,1.054219794323052322434857405127001900770996138236850755e-81,3,ROOT_OK
cstr,cstrfold_0002584,dev,single,0.0003084923013752949861600902107266672386759396570932947498,19.146175862098243,23.41749057760916,0,0,0,0.0003106472451708901673207070689283708281897435528996534583,1.014041420350044583125461097858850545172780552029998505,1.853120732208490410530022782449808028699016649244464218e-83,1,ROOT_OK
cstr,cstrfold_0002585,dev,single,0.00000001557021369751877100261244697136680708404182789239441145,28.075594771025692,77.74259822197047,0,0,0,0.00000001557023230237869286634456193318899486816650853830078163,1.000002389803576147187923572838641833398216933188031015,4.26985880517006226862033786733091075189058360966864124e-84,1,ROOT_OK
cstr,cstrfold_0002586,cal,single,0.01836696250515283223725404086866224418665964954797492411,88.54785809160646,21.31021133399865,0,0,0,0.9999981105817452505579073659312944090094449576701781693,0.0001028729769151558549652453092340234099338285987963659231,1.054219794323052322434857405127001900770996138236850755e-81,1,ROOT_OK
cstr,cstrfold_0002587,cal,single,0.01854897415131471158463424808385125546071724292015111725,20.191278099740828,22.043773173115227,0,0,0,0.9985631501137565414189390772115428712923639775515111932,0.07791526100401809447412554038484544322777963126435061979,1.054219794323052322434857405127001900770996138236850755e-81,1,ROOT_OK
cstr,cstrfold_0002588,test,high_triple,0.005112391431342371924530884192030909655285353652469783987,26.865573982991073,75.86586608748419,0,0,0,0.999999526822765427416736332181875628847263930901853358,0.00009255515323788823843924437256583472774122951029185785365,1.054219794323052322434857405127001900770996138236850755e-81,3,ROOT_OK
cstr,cstrfold_0002589,test,single,0.000003162897699041058033930097788695139219605855717615034258,84.98959843350859,19.969365597099475,0,0,0,0.00000316308748400822321280307783429023052103089753183630165,1.000120012371038317063801106514313700267823986268820832,2.188918434333943859486743490641125238760578910989066566e-83,1,ROOT_OK
cstr,cstrfold_0002590,dev,low_triple,0.0002901262529425869790839163177919897462907571508891727624,19.052309689283007,23.842458543193764,0,0,0,0.0002920675576630458943245584449952719781488355375004229284,1.013447253635279257832125118306900979191044736535778724,4.220997223363783712873940782246784954258871256612390718e-83,3,ROOT_OK
cstr,cstrfold_0002591,dev,middle_triple,0.0000000201800057134572419192933618315969350691531391956022528,28.57654276802116,71.65367072564572,0,0,0,0.8387173348269033972109178457908490267219772599344778538,-1010540319.622791930150852412959773820893837292363237968,2.10843958864610464486971481025400380154199227647370151e-81,3,ROOT_OK
cstr,cstrfold_0002592,dev,high_triple,0.01898082666888239562409885020048157689166295169706031408,92.26317567457185,20.638812567565175,0,0,0,0.9999975059923770358600781958717902768023522538299798535,0.0001314003430516856110095960878012777177849673920411246465,0.0,3,ROOT_OK
cstr,cstrfold_0002593,dev,low_triple,0.01884671850510328240198451507099373227422519017682734853,19.978875500749535,21.727411719816722,0,0,0,0.05428189218198270777325718435291278630483562079347889504,495.4963901534186948849407809103516749442730648320291623,6.588873714519077015217858782043761879818725863980317219e-83,3,ROOT_OK
cstr,cstrfold_0002594,dev,single,0.005017699084987538278893010725947938596164263446600013244,26.75638485312983,77.31832535177564,0,0,0,0.9999995357520508563925485275315867936636613982825370157,0.00009252225515343408172971784953057170475091768183865065572,1.054219794323052322434857405127001900770996138236850755e-81,1,ROOT_OK
cstr,cstrfold_0002595,dev,middle_triple,0.000002138606797843033802201652127320550609439448638898742906,89.6450928860334,20.366750400538077,0,0,0,0.9191711822647072433814327607713290356893285354326930491,-978316.9155390318626389868640401178439945077597544620834,0.0,3,ROOT_OK
cstr,cstrfold_0002596,cal,single,0.0002754786758095045865438564547492549100219161673642788475,20.058613296823097,22.93509120812745,0,0,0,0.0002771579768334206068777148418861697836603705618533991433,1.012245717448661560141598428743156863380027195932520635,6.177069107361634701766742608166026762330055497481547393e-84,1,ROOT_OK
cstr,cstrfold_0002597,cal,single,0.00000002143299417200116633903997611289135698810920355328625155,28.460861421218773,71.56843650165463,0,0,0,0.00000002143302658932419540257893638405414616673625641138547707,1.000003024995822219277603295197942189062986708805712016,2.077069648820600457701009422418717934511031600752279107e-83,1,ROOT_OK
cstr,cstrfold_0002598,test,single,0.01822006178284664292065487481585742106744675107875896499,92.3133110035446,21.464501321107022,0,0,0,0.9999984997992801173566047597658741922779726257151224901,0.00008233947218131950179047495060844343011196943317360904984,0.0,1,ROOT_OK
cstr,cstrfold_0002599,test,single,0.01744654368487067718138040706242613583407557993271388918,20.214069608263888,23.360463790170712,0,0,0,0.9988678756961969224451267532225796335204679885627312784,0.06518861524601030304501996646293267549469210335814495807,1.054219794323052322434857405127001900770996138236850755e-81,1,ROOT_OK
cstr,cstrfold_0002600,dev,high_triple,0.005174746266007441364024631369885599961757513010090761365,28.705961251536966,74.74815097175946,0,0,0,0.9999998101060443057897475001522346074419740194432814593,0.00003669631657257745199772258936364828233678547496963560922,1.054219794323052322434857405127001900770996138236850755e-81,3,ROOT_OK
cstr,cstrfold_0002601,dev,single,0.000001374427578665412322723478146409408206565287229343394078,85.80999826127355,21.277182549036873,0,0,0,0.00000137446588488718969891007568122026071775849801598170848,1.000055742500515010556232602200525721911804080449188701,1.55995124137081907605164027194505324290874253090696109e-83,1,ROOT_OK
cstr,cstrfold_0002602,dev,low_triple,0.0002971986774821724044211918137492540706313579918278798104,19.425178415457037,23.275239700325432,0,0,0,0.000299185189490802136725869854741778988328792007683517321,1.013432917970662475537258720309107923723031432039313019,3.191485705470177929246150347552447160537195340365466153e-83,3,ROOT_OK
cstr,cstrfold_0002603,dev,single,0.000000019434625143472176003203402323051205971269896967359347,27.948527134417002,75.6721360018943,0,0,0,0.00000001943465334754539098633460352599744203956096491093129426,1.000002902459188265669720427114670165443787427404582339,2.192710610854017047294478912560913036969264405468162141e-83,1,ROOT_OK
cstr,cstrfold_0002604,dev,middle_triple,0.01894330152310918417904169058099483533303853863910684179,86.14066883468885,20.701780209241097,0,0,0,0.05227797277295219338267277528667347842751890133165042644,-6980.815676076488026092623059979378276256010435846453668,6.588873714519077015217858782043761879818725863980317219e-83,3,ROOT_OK
cstr,cstrfold_0002605,dev,high_triple,0.01762945903529322996705635493706900488366309257984370836,20.152629207388163,23.13444072124828,0,0,0,0.9988023843418739480101757479107825342780867443578121478,0.06826123308683712352287924798952393224504759067563746277,1.054219794323052322434857405127001900770996138236850755e-81,3,ROOT_OK
cstr,cstrfold_0002606,cal,single,0.005237171298184948870741565125615244954255489627003108723,26.74830560034841,74.12235038420599,0,0,0,0.9999994444828133524661474093529105865436565662885894417,0.0001060722391671567988198246533312146262573056402103662341,0.0,1,ROOT_OK
cstr,cstrfold_0002607,cal,low_triple,0.000001477033632495972623433417320905710166707748199104738203,90.3427713844368,20.92058327782945,0,0,0,0.000001477077093706185875514745075433132726980951069234332692,1.000058850604053865369160432612105878141789321750156126,8.630202021092492233067337003336128536432486391663672334e-84,3,ROOT_OK
cstr,cstrfold_0002608,test,single,0.0003229851365820260038708093251504237836783479955614595476,18.673985264458558,23.736101818882606,0,0,0,0.0003253823609375198569900273126890430562911509400504912351,1.014923833359021442947155931653332430151857822691640074,2.007547459892531278074191347653958697757268036681502903e-83,1,ROOT_OK
cstr,cstrfold_0002609,test,single,0.00000001618884628143941715066374846468955307020661805057681195,28.133767961206686,76.86943022681162,0,0,0,0.00000001618886616524013309136253064724830192064019617730671364,1.000002456483709862232765264054911015098777980342578077,3.772772640878513401852593447727641256128044923252248976e-83,1,ROOT_OK
cstr,cstrfold_0002610,dev,single,0.01964786205970469583789028561761845339859877359854365066,86.84774993748097,19.996214594749226,0,0,0,0.999995556256484513807439525031378152307595486907118806,0.0002261815897246026856577652260275818492294474467889794684,1.054219794323052322434857405127001900770996138236850755e-81,1,ROOT_OK
cstr,cstrfold_0002611,dev,single,0.0190029130629944808206659614691798835388191688025029307,19.057797248909758,21.625227522949494,0,0,0,0.9978859709921653876390769304832919423437900184231417896,0.112137568480067742139572465642485026797657269717285386,1.054219794323052322434857405127001900770996138236850755e-81,1,ROOT_OK
cstr,cstrfold_0002612,dev,middle_triple,0.005077374707205334744657667288418908306046542725223547418,26.139132254469814,76.48978306278245,0,0,0,0.01450722776976080055820968601450513236193024538651553446,-446.6509814576045811641032128412873284660701066135415135,3.294436857259538507608929391021880939909362931990158609e-83,3,ROOT_OK
cstr,cstrfold_0002613,dev,single,0.000001208799335068367136345195034294601263755647294086984115,90.56290983361527,21.22978826356937,0,0,0,0.000001208828895825310023034567905608811236727273063868389316,1.000048910176285960799637451593483176261895150645745512,5.864998428500135448604568632649305618608172485369198384e-83,1,ROOT_OK
cstr,cstrfold_0002614,dev,high_triple,0.0002708064284039695082235816266392315320592017729476780496,19.852696260808976,23.237779444906224,0,0,0,0.7990718032598232705634735380966182148336680265891836336,153112.2026442413171356658139716044743429119587277712725,2.10843958864610464486971481025400380154199227647370151e-81,3,ROOT_OK
cstr,cstrfold_0002615,dev,low_triple,0.00000001844483603212009968910759375362635232687428918033826575,28.18650704289154,74.96159902347871,0,0,0,0.00000001844486119479210681411907428899673488502630056398905218,1.000002728427304169859847759857077580720102453715859047,1.855766144495070049414955032040911032917503133379839921e-83,3,ROOT_OK
cstr,cstrfold_0002616,cal,single,0.0182089957031791624016465380051739274711750430714560682,88.3542624615696,21.48629083963201,0,0,0,0.9999982872691596245049603232466512110627729583863949278,0.00009406167796277863050553794984128539764504535459646804885,0.0,1,ROOT_OK
cstr,cstrfold_0002617,cal,middle_triple,0.01745408418993484689294437928543001192611454260828979371,19.18306645491651,23.42103520835298,0,0,0,0.05168419113516293338928610189277646593204396272422666107,-178.8293267991780433860393300590733522086536388201832185,6.588873714519077015217858782043761879818725863980317219e-83,3,ROOT_OK
cstr,cstrfold_0002618,test,single,0.005470573293383888115322333153277177190246033608943770396,27.284333877355323,70.94732059374691,0,0,0,0.9999994944401494997265063951896557096544582277544384191,0.00009241462763752410359555806933241130802024613048204439557,1.054219794323052322434857405127001900770996138236850755e-81,1,ROOT_OK
cstr,cstrfold_0002619,test,high_triple,0.000003287529564271776591354917979337804120218827239272539763,89.26017575918351,19.707957458843996,0,0,0,0.9255410450997794190236072458029633631679143289736958187,329439.5585152943043613020548043727431012174372486646385,0.0,3,ROOT_OK
cstr,cstrfold_0002620,dev,single,0.0003152460861928863068965719521500121348725197894837872347,20.10867497194352,22.278584193151726,0,0,0,0.0003173814784874860361614636444409608738408209804980058463,1.01361396097593815646114378281216276615208217869358111,3.294436857259538507608929391021880939909362931990158609e-83,1,ROOT_OK
cstr,cstrfold_0002621,dev,single,0.00000002493925137829285583048760097763204734031852077551611621,28.345796357897886,70.44324670999747,0,0,0,0.00000002493929456975872573876700441438305300185763150826905837,1.000003463738341989806141185232233008281420989893887675,2.408440526822787028761210487291906720648784532156329952e-83,1,ROOT_OK
cstr,cstrfold_0002622,dev,single,0.01959772158190052184417283916576934090088054946158197824,86.05210449312193,20.0470905534226,0,0,0,0.9999955689031168349946941933238123571759955383103999949,0.0002261148658278713268098249979401516480020823459882197876,1.054219794323052322434857405127001900770996138236850755e-81,1,ROOT_OK
cstr,cstrfold_0002623,dev,single,0.01721120511273917024227957345625015692689168258236436423,19.91082819627101,23.684812395767086,0,0,0,0.9988296169947780020584852311250677657255362001590408419,0.06831669431379021734983821602689788086785900744847814284,1.054219794323052322434857405127001900770996138236850755e-81,1,ROOT_OK
cstr,cstrfold_0002624,dev,single,0.005421794159426047211700558391716767261888854120319287341,28.287392951296216,71.4737012057764,0,0,0,0.999999708764788629641350930546761088026796415755202465,0.00005371572682452910008007034590435621889863436281235827089,1.054219794323052322434857405127001900770996138236850755e-81,1,ROOT_OK
cstr,cstrfold_0002625,dev,single,0.00000206124878942778994015892769010571283135199428942188588,90.19622187171342,20.397907854175788,0,0,0,0.000002061331211120872836485405805820628064309015146562179329,1.000079974957870522978191856302395986039086822462114253,3.094969000667652387031044994299852992375788223217316975e-83,1,ROOT_OK
cstr,cstrfold_0002626,cal,low_triple,0.0005249247955704617318186245794956339118096957409200892362,18.508296232272137,21.591497659540238,0,0,0,0.000530688621489784519517503563237862141308765114177166897,1.0221350710669827657223118429787993852382188300047009,4.632801830521226026325056956124520071747541623111160544e-83,3,ROOT_OK
cstr,cstrfold_0002627,cal,middle_triple,0.0000000225974869915524887486859091108857322828026503094121632,27.379212578435716,77.31055655437616,0,0,0,0.8237986928325488579592683799058532635472280784103869968,-447934337.6091833497236386458276202358077772342903698044,3.162659382969156967304572215381005702312988414710552265e-81,3,ROOT_OK
cstr,cstrfold_0002628,test,single,0.01936664439361504863348099838209790605179744984983595517,88.02345329080364,20.267465529645328,0,0,0,0.9999963835150326490900683333862676616239588929030407098,0.0001867461890865436087362282650967780182255102268272874172,1.054219794323052322434857405127001900770996138236850755e-81,1,ROOT_OK
cstr,cstrfold_0002629,test,high_triple,0.01755998022042333833611997385963319614915778761020825417,19.12795768000505,23.286987292298196,0,0,0,0.9984254115363235229368008507307232720526616257040075873,0.09020071032028656340547572411766570630036224015349351069,1.054219794323052322434857405127001900770996138236850755e-81,3,ROOT_OK
cstr,cstrfold_0002630,dev,single,0.004994078216850036679542673503828545917594297115125526347,28.17449990017778,77.51348542922145,0,0,0,0.9999997874706792087374194614387594620426004254551986066,0.00004255630673154340966567072933670277055833396844618833311,0.0,1,ROOT_OK
cstr,cstrfold_0002631,dev,low_triple,0.000001225029995839225601972873537939078656943584052470728591,89.76611128563314,21.249282489478936,0,0,0,0.000001225060385027486396958193199237937641259125417592716692,1.000049614701164742565266028665258815276413610618966357,1.498220765590870448009895806427248222855509228897624011e-83,3,ROOT_OK
cstr,cstrfold_0002632,dev,single,0.0002956362053352047529096409599660985591135835639773045199,19.91802876564828,22.761460960753023,0,0,0,0.0002975560379279358436274143103224473855447105161733521029,1.013048897773728863836197690093430542152744753018915454,6.022642379677593834222574042961876093271804110044508708e-83,1,ROOT_OK
cstr,cstrfold_0002633,dev,single,0.00000003881374721994669237558972756159084996547844555829224177,26.490194521688263,75.89189873400795,0,0,0,0.00000003881386004559358138118916896956644015905293430346910872,1.00000581370749151575615803842760131303972033774993903,5.458717140582368913252871573713564659570926393347851938e-83,1,ROOT_OK
cstr,cstrfold_0002634,dev,single,0.0192240807234357258101914737212001619787484306181636304,86.67311494663946,20.413661655524436,0,0,0,0.9999965274667195689416456807121911725462795958490689428,0.0001806423169264183490750334803351841061574458352224935648,0.0,1,ROOT_OK
cstr,cstrfold_0002635,dev,single,0.01895821331570072529957562824030560944793405963744696306,19.78338778328258,21.619875070911817,0,0,0,0.9982673559916367894179683023710237832295916953020858164,0.09202151574866212096351081385055933727767054073756367816,0.0,1,ROOT_OK
cstr,cstrfold_0002636,cal,single,0.00501397481884319421403869072351972532648803430070938863,27.342629381861816,77.30146493316138,0,0,0,0.9999996628374059136277857942936784711280926231339124207,0.00006724466965712105963285100604799775732368731516398283735,0.0,1,ROOT_OK
cstr,cstrfold_0002637,cal,single,0.000001330920483694831868336351695583014130026147357982329092,92.08143187512515,20.997935684808514,0,0,0,0.000001330955908426708280928207837723860216500752959447120374,1.000053234484334566157781357971429275122665967795733276,5.505071550174050614094071586144839866506258444337558741e-83,1,ROOT_OK
cstr,cstrfold_0002638,test,single,0.0004266061359261301479421798087766830485865252254209750104,18.59575561103913,22.481292181985626,0,0,0,0.0004305679783944150951400332653270314735608635913929886158,1.018698541481351813797117255782408734446511060244579219,3.809192616206341399422824608369049836770200890113620892e-83,1,ROOT_OK
cstr,cstrfold_0002639,test,middle_triple,0.00000001341768361927758853578051835690036422433411732402198945,28.471601331704417,77.19079441350932,0,0,0,0.8345389858673405564539378579202703714895577506416639793,-7562265889.860408602534557843807667884776167845387603562,1.054219794323052322434857405127001900770996138236850755e-81,3,ROOT_OK
cstr,cstrfold_0002640,dev,single,0.01978597894886481415233324936475883964250435910006253434,85.43089560727357,19.868310858503044,0,0,0,0.9999949525587526627626640681900392372602295055349591052,0.0002551174741606690616075610976269574256234072964040572011,1.054219794323052322434857405127001900770996138236850755e-81,1,ROOT_OK
cstr,cstrfold_0002641,dev,single,0.01868528742087045984942623571422838363478626961830408686,18.32144590596355,22.023983254777463,0,0,0,0.9975525581697329448606239082328265509958740025377157898,0.1321307853976986118688783643974275692986082006652646638,0.0,1,ROOT_OK
cstr,cstrfold_0002642,dev,single,0.005284961250379290742949680208404444807995187063986859104,28.008527081869392,73.32688628910061,0,0,0,0.9999997014234427839418628246922519514849745564211422552,0.00005649558309045729097000140625865630682443861828266161798,1.054219794323052322434857405127001900770996138236850755e-81,1,ROOT_OK
cstr,cstrfold_0002643,dev,high_triple,0.000001532332104713621102295192793352892854851560866180594866,87.4627991767632,21.009483044317143,0,0,0,0.9236419023561266852026272881501376745882541832812860944,6126848.856017977214264806677872999545323522625294551548,1.054219794323052322434857405127001900770996138236850755e-81,3,ROOT_OK
cstr,cstrfold_0002644,dev,single,0.0004378895442330552114300430710149439153338281919365948071,19.23751223145214,21.6612092972083,0,0,0,0.0004419037526479378753088280306070389570159870754677203579,1.018456052428119668664426658286858663008219332560610143,6.691824866308437593580637825513195659190893455605009675e-84,1,ROOT_OK
cstr,cstrfold_0002645,dev,single,0.00000003272819038283129032275272035604505813035121330355676839,27.086519432791683,74.30152700407935,0,0,0,0.00000003272826889889717003842390052825906691608609622705977859,1.000004798077904839738610935944501226365818021426659192,1.567485325293880802947207415079809779863529453658304245e-83,1,ROOT_OK
cstr,cstrfold_0002646,cal,single,0.01958882153624144460383725363958901062691315623773812983,91.50878400208526,20.04049602484689,0,0,0,0.9999963002989015557239723325714900896951376884077124302,0.0001888767026021731404245902858696862577827927275169480539,0.0,1,ROOT_OK
cstr,cstrfold_0002647,cal,single,0.01771221882104192162091526048227791579621401069485071889,19.388708826525328,23.085369008555052,0,0,0,0.9984948241536748734306489687625678632154925338487227045,0.08547054840921192411036397461810883491914413707248801575,1.054219794323052322434857405127001900770996138236850755e-81,1,ROOT_OK
cstr,cstrfold_0002648,test,low_triple,0.005172764328517222793898605220765031849884451363951252161,27.163717130633643,74.41683032553958,0,0,0,0.01294510479073357534152090309861909195835281920184771283,21.82996285614697440655371631822672308532522691458638854,0.0,3,ROOT_OK
cstr,cstrfold_0002649,test,single,0.000002385409501818024345000774044197555342202514721315049249,87.16648989300957,20.312462942845485,0,0,0,0.000002385519400702585176398208256959580961662988201011082631,1.000092145727126220721974893382314657000192547212083292,7.274946624490362744463566001414285425166061455041744292e-84,1,ROOT_OK
cstr,cstrfold_0002650,dev,middle_triple,0.0004258592146304606534386254844568407300292466869315710615,18.718725262582126,22.376202932538437,0,0,0,0.7658292111249142594425889255994057553506281347181610539,-4493.773971896929798858458222300767019607813276223684291,1.054219794323052322434857405127001900770996138236850755e-81,3,ROOT_OK
cstr,cstrfold_0002651,dev,high_triple,0.00000002099831139287239922257355996924042362235986825474739777,27.645643975014988,76.55951777927682,0,0,0,0.8299367849394554874864986045019900448775203355190993112,996021089.7600937922557605518036829648409781708624459168,1.054219794323052322434857405127001900770996138236850755e-81,3,ROOT_OK
cstr,cstrfold_0002652,dev,low_triple,0.01873423503637141659325969497666737985597501218530998813,85.25496387511778,20.923208933320176,0,0,0,0.05141935351600741956813715069707864090878298181480018907,549.3275469230820824846144412220269314421905649178527883,0.0,3,ROOT_OK
cstr,cstrfold_0002653,dev,middle_triple,0.01799698776656942457200689052552927477571784602887319813,19.1257957832444,22.757899384281515,0,0,0,0.05244839940355422932089621916898881436079593862612858155,-1355.156524193651368181945500538096849574768593039146525,6.588873714519077015217858782043761879818725863980317219e-83,3,ROOT_OK
cstr,cstrfold_0002654,dev,single,0.005020547307221907995473922789738898451755186230584665703,27.59743604350046,77.20658520225543,0,0,0,0.9999997049571992047533529344061057814693800103479262891,0.00005876713467927277598197368851683365195005437976115320771,1.054219794323052322434857405127001900770996138236850755e-81,1,ROOT_OK
cstr,cstrfold_0002655,dev,high_triple,0.000001474523681904590932461088004739078518820136817640732427,89.42203145681701,20.969438508496772,0,0,0,0.9235915342716813282362385874455395511674495324477159795,279032479.2723288827887005667957711053239002193007733422,0.0,3,ROOT_OK
cstr,cstrfold_0002656,cal,single,0.0003935588976789860121207190982516860247895094225730541818,18.550944545165112,22.92824852242556,0,0,0,0.0003969981674138973429213463982993031799550979624269402291,1.017588239503899320832865926134736339388989973827147745,2.522303218839334169888086565001127594618105994804965185e-83,1,ROOT_OK
cstr,cstrfold_0002657,cal,single,0.0000000361824247972870868961238734499635339816257793391025239,26.657485836256487,75.72958740562902,0,0,0,0.00000003618252263124800946976295473034001731657861113205365004,1.000005407827405944562162593660672493645324507671509886,1.511202765077980979925026513446770329067844326816118556e-83,1,ROOT_OK
cstr,cstrfold_0002658,test,single,0.01837311160056268909079400515063750087619086520483176107,85.58023655150647,21.312819339954455,0,0,0,0.9999978850503634506651706664959140003884487777524478278,0.0001151142124313331046567754949228261279181465207249203325,0.0,1,ROOT_OK
cstr,cstrfold_0002659,test,single,0.01804263188768467264499084453331236218027141110703826672,18.320350790682973,22.765972690987404,0,0,0,0.9978203933322350141564074775040198624530040656984965658,0.1217412117728609472438636853910510417558561635500976635,1.054219794323052322434857405127001900770996138236850755e-81,1,ROOT_OK
cstr,cstrfold_0002660,dev,single,0.005312240191996250402206242923799037502240721452423282724,27.778495511826794,72.97689339478134,0,0,0,0.9999996558390293517476993221030580678926449532185315237,0.00006478651130226007192484645900713586409963809885327079733,1.054219794323052322434857405127001900770996138236850755e-81,1,ROOT_OK
cstr,cstrfold_0002661,dev,single,0.000001966639150442016608270161535228019137004402676279837691,88.21290473596605,20.569177427560973,0,0,0,0.000001966714841882927147409575289978118507315608022650679068,1.000076977625190364021976596295391049402714854220722658,5.232009706170238767577169357567708865749610808739253358e-83,1,ROOT_OK
cstr,cstrfold_0002662,dev,low_triple,0.000248123751572567886729789153662318463442900360275269983,20.13671122132703,23.337685679640284,0,0,0,0.0002495100970747033613587999843980978943919405019942914729,1.011219859557799721967549073454730137532119757945636454,2.059023035787211567255580869388675587443351832493849131e-84,3,ROOT_OK
cstr,cstrfold_0002663,dev,middle_triple,0.00000001672147419856544126695071642218803385625554588440934773,28.49208202824607,74.43837709800628,0,0,0,0.8175659935139600600430648841003969797189593781144685166,-69163334.35946899404508874668294316347525731144849265497,0.0,3,ROOT_OK
cstr,cstrfold_0002664,dev,high_triple,0.01966255419397326976722023829283758790102775825034784114,91.65445245991033,19.967454294015155,0,0,0,0.9999961463677270017492303952516438301106533106433529455,0.000195997799707466404920959432295021998241532048693225642,1.054219794323052322434857405127001900770996138236850755e-81,3,ROOT_OK
cstr,cstrfold_0002665,dev,low_triple,0.01837488038897377660030326386591564683940705522530454757,20.181445519766214,22.24194904225118,0,0,0,0.05305315173943339313266358650986440548711551080459489979,1036.294730699310556241662722083213337495943364993690655,0.0,3,ROOT_OK
cstr,cstrfold_0002666,cal,single,0.005183678388667233921569173439583868157018548307987461475,27.140902778369863,74.82909729677579,0,0,0,0.9999995679337097838902200062596975937306467403228848922,0.00008335144674800763995683949826573996068625925907162125382,0.0,1,ROOT_OK
cstr,cstrfold_0002667,cal,middle_triple,0.000001801565727998396619226510324428284416411510171024295762,84.14352048669666,20.92879415307158,0,0,0,0.9216294269394249012146286144595657694302810264687875281,-94545174.2480562663946237244069509486147637876177734985,0.0,3,ROOT_OK
cstr,cstrfold_0002668,test,single,0.0004231910038085241487640430282919000061409801607726743936,19.231911869154125,21.794829883991724,0,0,0,0.0004269631273803720035005231373454077563135621875969763668,1.01794210598334730871823042878989512885435275510677678,2.316400915260613013162528478062260035873770811555580272e-83,1,ROOT_OK
cstr,cstrfold_0002669,test,single,0.00000004881529820882974023415037976379799007232417572708736129,26.717431359680138,71.3846255271618,0,0,0,0.00000004881546593154263774662227440179281729202414534387608434,1.000006871744724891648011519394399231929259684927439942,2.255650687263815035158906176288426675340926800579779084e-83,1,ROOT_OK
cstr,cstrfold_0002670,dev,single,0.01980755333569513178452631504516786123665664608550217968,87.64520915852074,19.841547284831254,0,0,0,0.9999952489340899182028291005041728430870130913856531203,0.0002398752162452220476306085013517882083038104461220219411,1.054219794323052322434857405127001900770996138236850755e-81,1,ROOT_OK
cstr,cstrfold_0002671,dev,single,0.01852250046885063440067121764578817027195455774712474708,19.364849318793723,22.131400468383276,0,0,0,0.9982222109892859792067732821620367106147093352671139027,0.09663746219699997136284918621503125451510403149320242853,1.054219794323052322434857405127001900770996138236850755e-81,1,ROOT_OK
cstr,cstrfold_0002672,dev,single,0.005424492991690215091081265439997661567387890503372906455,28.12015188880211,71.4551479259836,0,0,0,0.9999996823018216910965194653287266200153247521792514379,0.00005856743718405306285854654096083943033691176409949415074,0.0,1,ROOT_OK
cstr,cstrfold_0002673,dev,single,0.000001517213887095081128286223554972479219177767395828238289,85.28224496088427,21.145320527635825,0,0,0,0.000001517260262479644817179258287570976159029893992062325059,1.0000611336846884141517735211649011022245624739314982,4.167510882785717474896403232319305686069424812526124715e-83,1,ROOT_OK
cstr,cstrfold_0002674,dev,high_triple,0.0003217087216017628685062132123166143639709063964966904814,18.89494088340301,23.516751808997824,0,0,0,0.7960916863991242478296302202447909928654343334939746344,13707.2562977311792619939382440519149044317859711715511,0.0,3,ROOT_OK
cstr,cstrfold_0002675,dev,low_triple,0.00000001495891343987810145794108917935667876630991052739384327,28.193106150102956,77.52157734810078,0,0,0,0.00000001495893056307061529508309814392061067249730791064352679,1.000002289365056562877766879580234484270146298554112581,3.938129759708647575430822934935886167081919206540798435e-83,3,ROOT_OK
cstr,cstrfold_0002676,cal,middle_triple,0.01848121242332148058831831382115081573014034420859027534,92.3493298546704,21.064302821463674,0,0,0,0.0568581447049138916896317255717294403096614720368413909,-28.77419650531252743997593909920934937956758392678590504,6.588873714519077015217858782043761879818725863980317219e-83,3,ROOT_OK
cstr,cstrfold_0002677,cal,single,0.01780105982949583493425574143763906599320824053753209348,18.816323488057044,23.018908604716483,0,0,0,0.9981967540161807990467920548295895982507288419693625245,0.1019736829919397474462630314694505170370600279334792715,0.0,1,ROOT_OK
cstr,cstrfold_0002678,test,single,0.005492408138665171616255877285051473480487722962195463197,27.384698986076007,70.65919113340831,0,0,0,0.9999995112776300502588846712932373467255620184745049963,0.0000889816334488497622363726611919341346138325407674170567,1.054219794323052322434857405127001900770996138236850755e-81,1,ROOT_OK
cstr,cstrfold_0002679,test,high_triple,0.000001168876910858582766437060834559475555461672727235399208,92.32087399175296,21.19586612305736,0,0,0,0.9252558896561725881975978128517845962490742069090099197,21050205.57195470727707256435977223849070435773744895698,1.054219794323052322434857405127001900770996138236850755e-81,3,ROOT_OK
cstr,cstrfold_0002680,dev,single,0.0004300171559160132038469031516068078749237707522967344984,18.379765901994826,22.69487021292809,0,0,0,0.0004340835906660149588922300433328349298883222162540630126,1.019042217568320220906284144350828592957459908210126426,4.220997223363783712873940782246784954258871256612390718e-83,1,ROOT_OK
cstr,cstrfold_0002681,dev,single,0.0000000441435020583652399338860242345315358434395555230035962,26.598165580205816,73.4662315705147,0,0,0,0.00000004414364327025863371657859855811846757655855869964069808,1.000006397871344846114011678193702720590339866145328019,5.380071106903435990963531821024146130358154812734164756e-83,1,ROOT_OK
cstr,cstrfold_0002682,dev,single,0.01947813466198896120121512012683913993816696240630916984,86.85625228660538,20.16098942085159,0,0,0,0.9999959804733082512545670607410661982610870479506057377,0.0002063711530241102296757304775788352110724591927791373429,1.054219794323052322434857405127001900770996138236850755e-81,1,ROOT_OK
cstr,cstrfold_0002683,dev,single,0.01808570845888712661954081349667653876717735685055096584,18.964528701320308,22.664435211032327,0,0,0,0.99817400037513223445181203660307038403658552929603383,0.1016525437785665157121373794425655676411052007145239242,1.054219794323052322434857405127001900770996138236850755e-81,1,ROOT_OK
cstr,cstrfold_0002684,dev,low_triple,0.005230427700059350846122475145876703037231227575893017452,27.750377887306108,74.04903522305652,0,0,0,0.01422179615258807356129395414854911517877261083181601502,73.65436845190633828169316258812648876454528058871156876,3.294436857259538507608929391021880939909362931990158609e-83,3,ROOT_OK
cstr,cstrfold_0002685,dev,single,0.000003462527587731187539661814800059444597204088342338446203,85.7251315836595,19.78756858700063,0,0,0,0.00000346275285549026527654734035676654947837165386977314984,1.000130123812897975649409445101910000932307562454436122,5.411369915928265400193573472362113028249559034772897247e-83,1,ROOT_OK
cstr,cstrfold_0002686,cal,middle_triple,0.0003529218739628585509896127950613109643956004208963981244,19.636014218022655,22.244527427598253,0,0,0,0.7954349407650347549670422288454343066388079065783470443,-308804.590893786935569670999573429492465642026713987822,2.10843958864610464486971481025400380154199227647370151e-81,3,ROOT_OK
cstr,cstrfold_0002687,cal,high_triple,0.00000003476507431467034529464139485029609282328042517285424276,27.57080793136587,70.72843447720184,0,0,0,0.8330334806494340026716677403270201824728842349449746602,11859859132.15344107861148588956200475762284001234547988,3.162659382969156967304572215381005702312988414710552265e-81,3,ROOT_OK
cstr,cstrfold_0002688,test,single,0.01942598891559260456008841917564240866439800500713056936,90.85167795415524,20.20112387447694,0,0,0,0.9999965778463443534152986919953556306468708422252922074,0.0001761712262091123114305653903838942372308222455781611331,1.054219794323052322434857405127001900770996138236850755e-81,1,ROOT_OK
cstr,cstrfold_0002689,test,low_triple,0.0177100002684182044577574022330522451433157209955769458,20.22787775974973,23.029339969641086,0,0,0,0.05101074711189263774684397814339027484787215011729032751,650.4712531012567512551668662960689781405805179669289824,0.0,3,ROOT_OK
cstr,cstrfold_0002690,dev,single,0.005194215024487853726338936060167481587144701214792661898,28.058277609704948,74.7830064146831,0,0,0,0.9999997348319792767688356544289397131583473399947457731,0.00005105070555798139938893765328501082649900222361718523201,0.0,1,ROOT_OK
cstr,cstrfold_0002691,dev,single,0.000002154543636225975267548597547747044786658065855960339833,84.73842886221514,20.60347576585366,0,0,0,0.000002154634642413616848700303200694235910230522924035705804,1.000084481039643141804375598465735821693525370482395209,2.91761955559301170321078890769821120837920264545759286e-83,1,ROOT_OK
cstr,cstrfold_0002692,dev,single,0.0003820664244278615834288230367255501897707674554273106072,19.06671344498355,22.47969303898309,0,0,0,0.0003852395314684338770300046438968709652391000486225250492,1.016710074920901875933623914386859053281185406527563049,5.147557589468028918138952173471688968608379581234622827e-84,1,ROOT_OK
cstr,cstrfold_0002693,dev,single,0.00000003987262078991966583331751961820356999767952039579523705,26.17057643002888,77.73828481383589,0,0,0,0.00000003987274279097678497668670075024927399930321276793434757,1.00000611955408694467117841758196350976935436616995046,3.851632318305056081201523928412540788056798785245040134e-83,1,ROOT_OK
cstr,cstrfold_0002694,dev,single,0.02013722293044574297169760627518711517286328408563874017,85.05013549545538,19.541801399977167,0,0,0,0.9999937653042211569582020100022431367368106396590681886,0.0003096335203529098884429468980753993953128055999826103296,1.054219794323052322434857405127001900770996138236850755e-81,1,ROOT_OK
cstr,cstrfold_0002695,dev,single,0.01838256500023564017597733156057097811723893263428305069,19.89267209436167,22.25219721175936,0,0,0,0.9984978984414591924457780296999547508894902763667453887,0.08220283867232753380074929795027876934483195692529625702,1.054219794323052322434857405127001900770996138236850755e-81,1,ROOT_OK
cstr,cstrfold_0002696,cal,middle_triple,0.005409954639709574365805128677843920886295389960942886466,28.264777617443833,71.61610062548468,0,0,0,0.01561887143194760405516308247403449016510894188111104805,-150.7269325259234764384177310606255997752924120478892758,1.647218428629769253804464695510940469954681465995079305e-83,3,ROOT_OK
cstr,cstrfold_0002697,cal,single,0.00000319735787424027743750276800309081581532234050002541909,84.74934900391881,19.964154302483966,0,0,0,0.000003197551764101391646599098827785374016371643310023414987,1.000121286763749486558895027535125718973383942092210082,1.620676334809074729695310723366477073710294508779338281e-84,1,ROOT_OK
cstr,cstrfold_0002698,test,high_triple,0.0003052376643160345836656019138107714783043507813363023034,19.326389726349866,23.25926613041847,0,0,0,0.7951933256461870694552958441992549098997953421765066348,48797.58410706054448331999461542740995550191789976972439,2.10843958864610464486971481025400380154199227647370151e-81,3,ROOT_OK
cstr,cstrfold_0002699,test,low_triple,0.00000002039272475940209673769292220150360115659676082537556648,28.430695298360096,72.31690719559109,0,0,0,0.000000020392754417544121134715513617795038338805575601256515,1.000002908701406231229059297690379751569960452413463152,3.352679913041739630707354620142863709745826640899416079e-83,3,ROOT_OK
cstr,cstrfold_0002700,dev,single,0.01924754684763846066777638601911710899667404687793236781,85.12903621889879,20.39469222423241,0,0,0,0.9999962829095955992235548122044472783680078141397746241,0.0001931290265845975161469410995375117290540525112570212657,1.054219794323052322434857405127001900770996138236850755e-81,1,ROOT_OK
cstr,cstrfold_0002701,dev,middle_triple,0.01720970633630199795967674698534337234469072806890844199,18.716870294614466,23.774977411562002,0,0,0,0.05080352307406224895557470384188542056123489938386407249,-239.4826486694383416998549580748130552612153036481182143,6.588873714519077015217858782043761879818725863980317219e-83,3,ROOT_OK
cstr,cstrfold_0002702,dev,single,0.005347838134209544039076259734913557171732691972554231344,28.441875766261525,72.43173776315835,0,0,0,0.9999997474020615593773506141472032762917336448786012968,0.00004723371121286724222605534941680389917226095162938646597,1.054219794323052322434857405127001900770996138236850755e-81,1,ROOT_OK
cstr,cstrfold_0002703,dev,high_triple,0.00000235949508533712028568286032462776309094553352378505852,86.24236987480772,20.376959591652284,0,0,0,0.9218318340491279768912050416321858941147604749699597791,3074555.425103272342271770115817039628743056473742135305,0.0,3,ROOT_OK
cstr,cstrfold_0002704,dev,single,0.0004523993090348944034820333844942771485484716105049153144,19.093748493070628,21.667822117552547,0,0,0,0.0004566872110995764536497843468096971331867642762451095616,1.019086359822237156270965787925796597188517286189567849,4.890179709994627472232004564798104520177960602172891686e-83,1,ROOT_OK
cstr,cstrfold_0002705,dev,single,0.00000002457174165601633033876233211249293960341412274292731399,28.33496276431646,70.61352761321362,0,0,0,0.00000002457178368671509324546350629465450021949302445063393019,1.000003421064079489858789264037474406244935766621635059,1.390594585912637538696072597409641913463023480036068079e-83,1,ROOT_OK
cstr,cstrfold_0002706,cal,single,0.01823598258172865809090809413716740790150998606298049318,89.97673725316157,21.451601135205227,0,0,0,0.9999983545079438758507110980576866981213071045892491694,0.00009023518278054499644205698922326312847505836912405240748,1.054219794323052322434857405127001900770996138236850755e-81,1,ROOT_OK
cstr,cstrfold_0002707,cal,single,0.01753634310161852095082917319625498006118908845514618016,18.480507932407388,23.378595028311185,0,0,0,0.998110193913623856236612167124821004852615607737266089,0.1084959925895651678188324064527655095532295483936062411,1.054219794323052322434857405127001900770996138236850755e-81,1,ROOT_OK
cstr,cstrfold_0002708,test,single,0.005519074861824180632117770811041872069179873268911204292,26.26740275439016,70.44345552279998,0,0,0,0.999999111230701886663857079620300180973931603787933288,0.0001610365206797002821822015400186100560649124240630638075,0.0,1,ROOT_OK
cstr,cstrfold_0002709,test,single,0.000002986227227324874366206941816253980688960981772050080795,84.9091931038963,20.065998311496106,0,0,0,0.000002986397263758583772818634701924642591810687341154866179,1.000113885255615962307895646007668513398336435642141614,2.252056445392262651685791575893863923766166066790147487e-83,1,ROOT_OK
cstr,cstrfold_0002710,dev,low_triple,0.0003979247159259188314414338208220598592276638880658517741,19.543484923607725,21.796185372783512,0,0,0,0.000401257539769653597637255376440279433863453215376265463,1.016852650696804097436000239449994154790887205232335093,5.456411044836110653227289303879990306724882356108700197e-83,3,ROOT_OK
cstr,cstrfold_0002711,dev,single,0.00000002826829526333184766036113703146098776714030415156856271,27.27207847309797,75.03996172248533,0,0,0,0.0000000282683544285884585086573608601882941902715692798598267,1.000004185986215037564377744857745100513218851953544268,9.322470599744460917041175334575601160543308142719114713e-84,1,ROOT_OK
cstr,cstrfold_0002712,dev,middle_triple,0.01941966692465578328331663107126006857695954524588214324,85.22485867668335,20.223164339884786,0,0,0,0.05375278347874432812516589884087112616365963227031237992,-911.7455704949380642359212235442174243889573864449329683,0.0,3,ROOT_OK
cstr,cstrfold_0002713,dev,high_triple,0.0171019576460228475725412310384058880850810701325045577,19.902310483200914,23.794892015859887,0,0,0,0.9988459808038696732359319963677214413639028543166111333,0.06778708417205356993789460321416447135381884382181484393,1.054219794323052322434857405127001900770996138236850755e-81,3,ROOT_OK
cstr,cstrfold_0002714,dev,single,0.005429674553104065692181169519542713070741306552777837353,26.139238995971052,71.91088498066966,0,0,0,0.9999991300973834521159662396552205407739283535060969405,0.0001602132353940809905682172521265381018571822361235850761,0.0,1,ROOT_OK
cstr,cstrfold_0002715,dev,low_triple,0.000003786282897252729455557038937178570201509800196294671172,85.87874551891724,19.637449426923514,0,0,0,0.00000378655011058966605456654541445773892822585820920786857,1.000141155509507670945405120533723042865769423448832557,5.497028491440506818909479473373790352492807851241879643e-83,3,ROOT_OK
cstr,cstrfold_0002716,cal,single,0.0003964990079183925363654308580392277305053647727865945248,19.695175462890813,21.664127446502775,0,0,0,0.0003997865953643712026143903844148233820135143330792015268,1.016682699140895024168894270567752942983182875123211926,6.434446986835036147673690216839611210760474476543278534e-83,1,ROOT_OK
cstr,cstrfold_0002717,cal,single,0.00000002998708871410871182856563678241283460034490324729682662,27.74168820002469,71.47619429210505,0,0,0,0.00000002998715208829494659810011266496466156202762991185656304,1.000004226771381497982276383402185371329559308960906494,1.316956613023262745127139027437822183210189495279612335e-83,1,ROOT_OK
cstr,cstrfold_0002718,test,single,0.01910420290514043058399873111684405337686706390845447824,89.7506482966883,20.53378463295207,0,0,0,0.9999971055911065998683739058927900164832209201772086423,0.0001515119193113736033662081600933065896133986157941114112,0.0,1,ROOT_OK
cstr,cstrfold_0002719,test,single,0.01723593048026281974111001558654187416666915338776529212,20.026539171040135,23.644528613749717,0,0,0,0.998860933261309604284734211567171392297561181654384443,0.06638751678890630382816765967050272009460738658506112673,1.054219794323052322434857405127001900770996138236850755e-81,1,ROOT_OK
cstr,cstrfold_0002720,dev,single,0.005020753316890621783698882747914030028880742104097966299,27.154232017259623,77.22008900916633,0,0,0,0.9999996247058996962031778635501134598204379238607587866,0.00007474868250123155593015459007441253536747205118507887468,1.054219794323052322434857405127001900770996138236850755e-81,1,ROOT_OK
cstr,cstrfold_0002721,dev,single,0.000001573308747394419656630465060181951268652505478262750944,88.6287212109357,20.90591543305221,0,0,0,0.000001573358022808833590711208608452138443080830733444689122,1.000062640675459463267477112514066636614529906164439209,6.167618513349720742424846875660043583364251050594124452e-83,1,ROOT_OK
cstr,cstrfold_0002722,dev,middle_triple,0.0004321399769156551872511485115406404853801017246543814411,19.198368696424186,21.77086898595592,0,0,0,0.7871785194691380917683674867763947905635456767343054331,-21335.05152242506092155160834387863563780949320555334329,1.054219794323052322434857405127001900770996138236850755e-81,3,ROOT_OK
cstr,cstrfold_0002723,dev,high_triple,0.00000001486152610114291317527285879181777548529062073020616823,28.628910061419962,74.98295936566653,0,0,0,0.8379361441171891928665321690770685265092660069920419411,4006627504.646826636937467439756137110324570959889695474,4.21687917729220928973942962050800760308398455294740302e-81,3,ROOT_OK
cstr,cstrfold_0002724,dev,low_triple,0.01849600478371071562622066071631625615409018899530103206,84.0502735637908,21.182469097194097,0,0,0,0.05070275275885379753374441834955759460395235548152788633,432.9365653921692384135388473457591145034854424915256951,6.588873714519077015217858782043761879818725863980317219e-83,3,ROOT_OK
cstr,cstrfold_0002725,dev,middle_triple,0.01888801691557756161472386207862460086812540405240764726,18.431432070814214,21.79024646880709,0,0,0,0.05587121668909397650329954971132177985946726279808647801,-244.9218182584655771338611912567025929219049454536446366,1.317774742903815403043571756408752375963745172796063444e-82,3,ROOT_OK
cstr,cstrfold_0002726,cal,single,0.005089286441820993149421529915287495258570646085974235304,26.686705416980317,76.25014473363113,0,0,0,0.9999994892943829940666726499922278111303058665270837705,0.0001003493709216960286659740442469710160170727628916475406,1.054219794323052322434857405127001900770996138236850755e-81,1,ROOT_OK
cstr,cstrfold_0002727,cal,high_triple,0.000002588946018308682353409715362394942848434712443770179377,91.5623403303213,19.98284077685997,0,0,0,0.9282268194855951378275171031231846753725226120606897154,323881.9513201002395929598613655549339750276262620236229,1.054219794323052322434857405127001900770996138236850755e-81,3,ROOT_OK
cstr,cstrfold_0002728,test,single,0.0003340408177145903716152748241238354380113314848782109531,18.915037248761777,23.30175764571958,0,0,0,0.0003365563809833829284535864455793609106250333584262720569,1.015143456385349461749388426793343313684066010118046042,7.721336384202043377208428260207533452912569371851934241e-84,1,ROOT_OK
cstr,cstrfold_0002729,test,single,0.00000002189278711055016146983888658536942365230356614409596853,28.14516963328158,73.04780070385132,0,0,0,0.00000002189282164271764401055892296822086565220994171891391806,1.000003154665247725588399320820655461818575747098077217,5.761198985359971423093414639786050210804898776503946022e-83,1,ROOT_OK
cstr,cstrfold_0002730,dev,single,0.01967687495811099819053673450044566320994404239898300938,91.30141924150108,19.95618707780256,0,0,0,0.9999960756188749359435571839575748561249774576747857951,0.0001994510162880056335423410407716780833450227649064013915,1.054219794323052322434857405127001900770996138236850755e-81,1,ROOT_OK
cstr,cstrfold_0002731,dev,single,0.01869753464884369803395384659613126581401421745507905746,19.52382004902619,21.922073878103063,0,0,0,0.9982367482551824065201872890676303786531112166541781526,0.09495222691628082054212853835054065219354939340170017462,0.0,1,ROOT_OK
cstr,cstrfold_0002732,dev,single,0.005099730215641172181897226209922533798864729651891874371,27.270454196384502,76.02808358135383,0,0,0,0.9999996235874210766663355706480632308602173068684661984,0.00007381041193896262199443167310665116607633076550043957058,0.0,1,ROOT_OK
cstr,cstrfold_0002733,dev,single,0.000003480155629617756526191389915896823563009484107431443499,85.02978141018322,19.813812695288966,0,0,0,0.000003480383514960139815632883917471391435406694173662122098,1.00013096910072453112939107408503847437440311399513623,3.148053188309041435249352938588779784864562137648799023e-83,1,ROOT_OK
cstr,cstrfold_0002734,dev,low_triple,0.0003386285992237166756003840188740363541745789375716498051,19.423824017869176,22.67235364064624,0,0,0,0.0003411403948903228506347736003395798485092551547051491536,1.014914772219798901265242398231806991534738602055423909,2.831156674207415904976423695409428932734608769679042555e-83,3,ROOT_OK
cstr,cstrfold_0002735,dev,middle_triple,0.00000003587977517007089234041524162418843457854859184162876988,27.044735308957637,73.38022716209,0,0,0,0.8261138305512500900329105004097807549877196587632361017,-1244031135.954682549931809248663793871988374804295452543,3.162659382969156967304572215381005702312988414710552265e-81,3,ROOT_OK
cstr,cstrfold_0002736,cal,high_triple,0.01877520744769610690567141904910071743830376300540974615,85.53117308920214,20.87929807524811,0,0,0,0.9999972590903957117974526765635096007668897140275055514,0.0001459905805940940024300906538714727631776590685306586055,1.054219794323052322434857405127001900770996138236850755e-81,3,ROOT_OK
cstr,cstrfold_0002737,cal,low_triple,0.01801862374990366820514322086296007508110941117421141821,18.824683002655135,22.739688085383527,0,0,0,0.05041367186197177275516246848048909858211856275773689026,81.01964357125620225537004565044473131360264875870288126,6.588873714519077015217858782043761879818725863980317219e-83,3,ROOT_OK
cstr,cstrfold_0002738,test,single,0.005503933050200257208692803867137855210956077568120652319,27.836861909348595,70.49177934791395,0,0,0,0.9999996087603186240469985509897134882137497144377529435,0.00007108378490780591803003984437750148240280267227275410125,0.0,1,ROOT_OK
cstr,cstrfold_0002739,test,middle_triple,0.000002153715712897377451000676431177242120720578644814067897,85.87997168910277,20.543040372587985,0,0,0,0.9204340487647072413433777167023809366577941290782759629,-3234907.279853338862650351511353520852752932008524638251,0.0,3,ROOT_OK
cstr,cstrfold_0002740,dev,single,0.0004195388728008242604635566095175227572186606338034276285,19.03489304523642,22.075146646606274,0,0,0,0.0004232963583540994895377110710374531300515339560426396729,1.018028578403818274276303165393248754460838311850538205,1.698694004524449542985854217245657359640765261807425533e-83,1,ROOT_OK
cstr,cstrfold_0002741,dev,single,0.00000002222551415470304744691336191416534322886209233478938743,27.946838521856094,73.98412703536614,0,0,0,0.00000002222555020701178850344208637934518779698367146278859044,1.000003244231046620536638857327390632291340454415163655,3.996168597202692313104639379943541507851635146484735927e-83,1,ROOT_OK
cstr,cstrfold_0002742,dev,single,0.01880139440856524294571627448789089474453342033301894358,87.65967655605107,20.849444575356458,0,0,0,0.9999974245315550232609028204349222150759431636681760613,0.0001369872901107993724550910167399933960603055593330848984,1.054219794323052322434857405127001900770996138236850755e-81,1,ROOT_OK
cstr,cstrfold_0002743,dev,single,0.01815965466412296448302610765849925913587039736605293827,18.71705138601522,22.598624335980514,0,0,0,0.9980146653162024960478262366279195466284483962699774931,0.110123824241773417774413109582455080668299894665037663,0.0,1,ROOT_OK
cstr,cstrfold_0002744,dev,high_triple,0.005441243415218974800994615180068321059628471470039718818,27.119646004796518,71.00043211117215,0,0,0,0.9999994482833594040280774299724877738906612160150234745,0.0001013955717657726307923716950925363209963355458993407701,0.0,3,ROOT_OK
cstr,cstrfold_0002745,dev,single,0.00000394227972154947695826891295978232733244214751562182669,87.6996099391659,19.48838726469746,0,0,0,0.000003942567091225920566790136900590014507659231214021107526,1.00014579647312995380762633322779784487188168513017314,1.327104691034726205457698607223169812219347860787051198e-84,1,ROOT_OK
cstr,cstrfold_0002746,cal,low_triple,0.0004146259491582182330736494801109986421927262031448970494,19.071773647911343,22.09148361680485,0,0,0,0.0004182982751168156683887060878061257684618039087787634772,1.017827489945451654357323041649535583635512531847895755,6.177069107361634701766742608166026762330055497481547393e-83,3,ROOT_OK
cstr,cstrfold_0002747,cal,middle_triple,0.00000001832152932586067746618314135548609999362388716529539581,28.20275456693307,74.9043638275885,0,0,0,0.8272972508259113244282856870391558677046222593247760753,-166166084.564091593147216909106513794681281178829092728,1.054219794323052322434857405127001900770996138236850755e-81,3,ROOT_OK
cstr,cstrfold_0002748,test,single,0.01845034263528190251464130120796234968395068206467496951,87.90288151102223,21.220676770387858,0,0,0,0.9999979574396027186677317068659310842870535296190381876,0.0001107087123242815610498147631389207748998479477972436777,0.0,1,ROOT_OK
cstr,cstrfold_0002749,test,high_triple,0.01852427403185736198464004630231340396591290837776926956,19.68326363920231,22.10436729996995,0,0,0,0.9983660925646162709458760077890434025144360039234570274,0.08877087440441960393053191057800574925847419519517760235,1.054219794323052322434857405127001900770996138236850755e-81,3,ROOT_OK
cstr,cstrfold_0002750,dev,single,0.004976300602017634372887641448884323640422215528711069634,28.45333669094907,77.76078986675553,0,0,0,0.9999998195840723036981171895364539670906192397519086877,0.00003625505997642708608878554171624213658943516705514559084,0.0,1,ROOT_OK
cstr,cstrfold_0002751,dev,low_triple,0.000002621538331473060548150756093429786233970825980501211981,91.79001055023537,19.94737215851475,0,0,0,0.000002621668556207056119530550939671595909218294000585212787,1.000099353528941471233074298415803749126584930286963408,4.381858398034659616565783037667775234527883118525972682e-83,3,ROOT_OK
cstr,cstrfold_0002752,dev,single,0.0003614566802760603613855492927622976134724088801229195113,19.734737095262073,22.037255521066534,0,0,0,0.0003642357753657713730506925765940771838160392572493761118,1.015462842203438930735092733124771891537794887455322941,6.125593531466954412585353086431309872643971701669201164e-83,1,ROOT_OK
cstr,cstrfold_0002753,dev,single,0.00000002511596340896402966184021581486592500125258287124814697,27.263028786787217,76.6341346912061,0,0,0,0.00000002511601111998743603948657063163274199975727893968680249,1.000003799264148788874819615574404468395750268656720951,5.580720287746811356459153184309421975262455077367934259e-83,1,ROOT_OK
cstr,cstrfold_0002754,dev,single,0.0192325533581840463322331957491402901350786977791018941,92.7165249745982,20.38885147823576,0,0,0,0.9999971331132927719994942304773061888564082845631240761,0.0001490697072151636254799590557669306057477637901836559193,1.054219794323052322434857405127001900770996138236850755e-81,1,ROOT_OK
cstr,cstrfold_0002755,dev,single,0.01864320706602468145301067616594094339289394626597574247,19.450132812484544,21.99283894369066,0,0,0,0.9982226448434702730278184671054081739950036772625661753,0.09599240013428817295906673886769722869340370766216937473,1.054219794323052322434857405127001900770996138236850755e-81,1,ROOT_OK
cstr,cstrfold_0002756,cal,single,0.005505406943483991748303110495855883760966309019776936255,27.154708138359496,70.51885631065575,0,0,0,0.9999994444277008995510640874891477574893728639262348772,0.0001009141882738256592940825800910051207007104554533194119,1.054219794323052322434857405127001900770996138236850755e-81,1,ROOT_OK
cstr,cstrfold_0002757,cal,single,0.00000145578717378095176158606637955660334911135877425057511,89.65490244196282,20.978079209509442,0,0,0,0.00000145582951548028515443974713293785931163277905142684137,1.000058171435221127063276732617091135682092855126145293,4.596608066220278947994392448654797258687013954180604603e-84,1,ROOT_OK
cstr,cstrfold_0002758,test,middle_triple,0.0003901651891876577550888401906847348475539046537109710367,19.16030570545431,22.317203219803066,0,0,0,0.7666093535321798178568588494149038587316000204015171753,-4009.162740424917399632107062833541157769048802628362592,1.054219794323052322434857405127001900770996138236850755e-81,3,ROOT_OK
cstr,cstrfold_0002759,test,high_triple,0.00000003201144773569618027212370721699361937143712160716788938,27.473412166739532,72.26644801295346,0,0,0,0.8310875801561660991794758599487247397279551949870881098,6929726728.413578245620614245561031150248719966744258629,0.0,3,ROOT_OK
cstr,cstrfold_0002760,dev,single,0.01911515970934454915390015418067666330463672433532020707,88.89566500619802,20.517399013562237,0,0,0,0.9999969871256778640353407959895023899228322341238281585,0.0001576229672625174397655689533417018355340148777022933552,0.0,1,ROOT_OK
cstr,cstrfold_0002761,dev,low_triple,0.01836782016494242939918699724471978730075644179283960764,19.10051629616937,22.324319142274184,0,0,0,0.05327018683446508153854957808477641172636469539754718321,1225.489926380734327303137188166655607480394884978545643,6.588873714519077015217858782043761879818725863980317219e-83,3,ROOT_OK
cstr,cstrfold_0002762,dev,single,0.00547208925232062432836334020455199716571846570483648797,28.43109654638863,70.81316225222186,0,0,0,0.9999997171004871391894072985326107282963804718014062078,0.00005169869950832357773283394334379281182046507129546964663,0.0,1,ROOT_OK
cstr,cstrfold_0002763,dev,middle_triple,0.000002119489593631065119381487586440649741453456889388775432,90.84540088847798,20.32357419112922,0,0,0,0.9221949134014183939657219234393205851971542759083239486,-16084790.73459812727627469491763646125941810218755013316,1.054219794323052322434857405127001900770996138236850755e-81,3,ROOT_OK
cstr,cstrfold_0002764,dev,single,0.0002738410922406018296122279767578099837361419236742194114,19.668700664877537,23.359693585324536,0,0,0,0.0002755327973749100003362284879496065196676602743637806936,1.012410638332016645335355076471058807047254803692083258,1.235413821472326940353348521633205352466011099496309479e-83,1,ROOT_OK
cstr,cstrfold_0002765,dev,single,0.00000002396842879974096608325997929143913754172380409975180613,27.60334315585982,75.11090104485581,0,0,0,0.00000002396847137549549382577536647425119794762920012794495845,1.000003552657555843443785003170272310267543988031821252,2.475754016418949455257259712338678532265260687263722405e-83,1,ROOT_OK
cstr,cstrfold_0002766,cal,single,0.01917356877602903240157257128953092950968260881478243898,84.14804579253652,20.472772346500292,0,0,0,0.9999963188337393703142435098100917628389890556490864048,0.000192000364326355143364334082242381948147155741494041611,1.054219794323052322434857405127001900770996138236850755e-81,1,ROOT_OK
cstr,cstrfold_0002767,cal,single,0.01728379014359613287360602966103412640223440676090331542,18.764071733046855,23.676471185025843,0,0,0,0.9983450583936969774656984414536268238408283720890205912,0.09633059023450565034186417734873784992550887690376670435,1.054219794323052322434857405127001900770996138236850755e-81,1,ROOT_OK
cstr,cstrfold_0002768,test,single,0.005390685882199297873022873106187817135715356198958354579,27.894724744940756,71.9190479791123,0,0,0,0.9999996537019916654754319324701554042577201456237498686,0.00006424016713063503896934051009368545487301136539938570226,0.0,1,ROOT_OK
cstr,cstrfold_0002769,test,single,0.000004117625408999123360471224881792155779232938108188789305,85.07399217583799,19.540072992523523,0,0,0,0.000004117939788604504157708011131376828722503474911451325416,1.000152708128026513190925867763342613938592840712276647,2.41533053768320169393301146514616905823921310663243318e-83,1,ROOT_OK
cstr,cstrfold_0002770,dev,high_triple,0.0003403109929195988177966043280118600645686645500059355955,18.82626779751891,23.316767696571848,0,0,0,0.7890580300469232852555046450954673683356194214507117866,66828.22048957599522136756210220388438366665455605282145,0.0,3,ROOT_OK
cstr,cstrfold_0002771,dev,low_triple,0.0000000266865613168025234159539117256464355752066561332033011,27.10917932558495,76.86796308731839,0,0,0,0.00000002668661534804357164787933396184304713624622104923321918,1.000004049328077690052797960658710727927669337833214324,1.825255932244506066978402685509793130345386449961035342e-83,3,ROOT_OK
cstr,cstrfold_0002772,dev,middle_triple,0.01979128203539260506795287659326239645987299434260631985,88.53140547593415,19.8542002293208,0,0,0,0.05487449450822509876071344788545212531985838721229065253,-543.5936520314617374141281648117588348146348602733585357,1.317774742903815403043571756408752375963745172796063444e-82,3,ROOT_OK
cstr,cstrfold_0002773,dev,single,0.01882265718381597123545472072673770399836796885388228209,18.641388887453807,21.847449242099593,0,0,0,0.9977065781514349330296749396105706367420580865080647209,0.1228694906300565920831244693906919643288708588778965063,0.0,1,ROOT_OK
cstr,cstrfold_0002774,dev,single,0.005142704337896042636403728168303775087188721412788094121,26.69414835236129,75.46944619196597,0,0,0,0.9999994693176688874603143194683249136782029264205936041,0.0001031915244717920299934513063557187809884245862991390702,0.0,1,ROOT_OK
cstr,cstrfold_0002775,dev,high_triple,0.000003741231991874199415399293545646821812751473242031394415,89.85991507441206,19.474976293732524,0,0,0,0.9197245404443691183124169801079311064112634798595047002,54060438.72367530838983557611836538503673465373909778694,1.054219794323052322434857405127001900770996138236850755e-81,3,ROOT_OK
cstr,cstrfold_0002776,cal,single,0.0003113718590103993128387846854566305323500116980434502996,20.115057683194955,22.327345441424846,0,0,0,0.0003134596567037777669364187424934633085391780788540740907,1.01347547519327443817306967849029155422624268287677118,6.434446986835036147673690216839611210760474476543278534e-83,1,ROOT_OK
cstr,cstrfold_0002777,cal,single,0.00000002840406300641155560042263789585819821547279932367278749,27.200102620023372,75.43095208011353,0,0,0,0.00000002840412305680420465626841611336055541120837625354885484,1.000004228302510776412773065228541993854067141071872816,4.403869987678100174793615983790420896706881108849538214e-83,1,ROOT_OK
cstr,cstrfold_0002778,test,single,0.01846310250212893804714987026135946456292557126502814151,89.99954249612384,21.241819466119228,0,0,0,0.9999981375826707686050557714467248241266749869776077726,0.000100874817160801704882969484635435706723424642634457192,0.0,1,ROOT_OK
cstr,cstrfold_0002779,test,single,0.01751369207356952151776970653219875294059504008166345372,19.09247037845657,23.515643464062936,0,0,0,0.9984765663245775017338341278268335282041783051066827778,0.08748215172566471205142079974613808373801298348286269591,1.054219794323052322434857405127001900770996138236850755e-81,1,ROOT_OK
cstr,cstrfold_0002780,dev,low_triple,0.00519430734408992726514184485218466235253258708416584952,27.654338425367452,74.5926581691156,0,0,0,0.01427829574393746505918822763096303862199699269881296769,101.9623074942039801357300765685282069183302840506709511,1.647218428629769253804464695510940469954681465995079305e-83,3,ROOT_OK
cstr,cstrfold_0002781,dev,single,0.00000346141618764255340858382001260054939220862165881367681,86.39515536714107,19.74959859316695,0,0,0,0.000003461640855784975804478264960029147301682104701729442898,1.000129819104910485252882863793323518565513631422903778,2.696837593357234525393735412132902048709983864981201616e-83,1,ROOT_OK
cstr,cstrfold_0002782,dev,middle_triple,0.0004365913953841024680001257495665888633170703032512897875,18.454019107778787,22.53280583015593,0,0,0,0.7829916202733108317646842435899747115322823598798318363,-586298.4384056823289479499828264960010401072186951952319,1.054219794323052322434857405127001900770996138236850755e-81,3,ROOT_OK
cstr,cstrfold_0002783,dev,high_triple,0.00000001780030559478477214568312615018945276850164857800701648,27.891343073402535,77.16544139180331,0,0,0,0.8339351913157687645532437701395014841111697070543368441,338813552.9629715553944894260148972561132739619986187271,2.10843958864610464486971481025400380154199227647370151e-81,3,ROOT_OK
cstr,cstrfold_0002784,dev,low_triple,0.01862723488863410203993836497929633269618301924222395815,86.11599019302497,21.03185588193202,0,0,0,0.05050150117587161314262522766791925175980440278065769658,161.6588447828178241882159357518257930619168835124937265,6.588873714519077015217858782043761879818725863980317219e-83,3,ROOT_OK
cstr,cstrfold_0002785,dev,single,0.01843861712806294927601926591472909735320590341356035926,19.461728184097502,22.21750986298936,0,0,0,0.99829534095472487344813247374667467590575924507563679,0.09306144009408649018797309457167363344323804606191048751,0.0,1,ROOT_OK
cstr,cstrfold_0002786,cal,single,0.00518361941700155014225915365917401706208014508833303554,26.0883207677432,74.9524319745177,0,0,0,0.9999992401655528787277215432691089198346644225136090781,0.0001465842095076633516322857693928518577010091660806784716,1.054219794323052322434857405127001900770996138236850755e-81,1,ROOT_OK
cstr,cstrfold_0002787,cal,middle_triple,0.000001370921822962684590865005565069098162378416963938774753,88.89887959204603,21.117279873097555,0,0,0,0.9183973158737182219254208097839561958690919442439222001,-821917.7985151479830372621920713946248099779678642126871,0.0,3,ROOT_OK
cstr,cstrfold_0002788,test,single,0.0003755710049720849943268497152864410035800539950569388368,19.305681019381435,22.302283639292416,0,0,0,0.0003786109124749333576565064939874660906170919355877338802,1.016283052230739786539335306812035273365135625566934462,2.934107825996776483339202738878862712106776361303735011e-83,1,ROOT_OK
cstr,cstrfold_0002789,test,single,0.00000002038378282699497425041507782265813362365807630885871691,28.111246899845057,74.10753652221548,0,0,0,0.00000002038381320314046094597428335842688225995517745506192522,1.000002980426044102003325602418109142792987081271528179,3.730980153662263572342654274258695695422216880533997662e-83,1,ROOT_OK
cstr,cstrfold_0002790,dev,single,0.01904406725695349810414477592943073629881046593304721083,90.29823666269051,20.58641318155303,0,0,0,0.9999972485575149777131407882865757409904684395452747184,0.0001444827007009370211530920279852766441892418875982746993,1.054219794323052322434857405127001900770996138236850755e-81,1,ROOT_OK
cstr,cstrfold_0002791,dev,single,0.01807999884357493475192731501415598845817577893719407517,19.231561275408442,22.651410054243755,0,0,0,0.998307566309422722866679220093037834142164357424193803,0.09421123256546589684320463593400526731501736849749014101,1.054219794323052322434857405127001900770996138236850755e-81,1,ROOT_OK
cstr,cstrfold_0002792,dev,single,0.004992892961891870148571848328047997913757368590073482566,28.59587799812128,77.48706018411238,0,0,0,0.9999998300546809532279421783948132660272678855880815858,0.00003403747167797283941395299486117997998470213067977198536,0.0,1,ROOT_OK
cstr,cstrfold_0002793,dev,single,0.000002401640427668554891322797694183573541994579911790031603,88.96582653688668,20.21331396460599,0,0,0,0.000002401751255295846755004877580023312690736769711911757454,1.000092296437530869670155954074748933248997789259923708,4.25638668179137641168614607843940281591805386623337875e-83,1,ROOT_OK
cstr,cstrfold_0002794,dev,single,0.0002818694611723608998850983979215008800285540092979859516,19.193726636715088,23.805128800294757,0,0,0,0.0002836983203194209296215761068441762040090399520282846491,1.013037552869242673288132821566602805439394564886027007,5.404935468941430364045899782145273417038798560296353969e-83,1,ROOT_OK
cstr,cstrfold_0002795,dev,high_triple,0.00000004248853399397156046982345659056280355942093861760390262,26.11427190257305,77.23183746153447,0,0,0,0.815248474533858548932168516509733620107697723929015631,14675315985.7189068557736247851548798303902925543933634,1.054219794323052322434857405127001900770996138236850755e-81,3,ROOT_OK
cstr,cstrfold_0002796,cal,low_triple,0.01936249567149235804327128199545944858158861653239364767,89.05854590712072,20.268221920847093,0,0,0,0.05302257648657882980060293003893412412670755757707545526,403.1661908730357506488175738036655368743545083382496017,0.0,3,ROOT_OK
cstr,cstrfold_0002797,cal,middle_triple,0.01746911859555006069671752483559925130253749046348133547,20.02425442650001,23.29959450867183,0,0,0,0.05424400844537117046830943413110022709766608158416826965,-50.99308582927250768380130514065718371949157573521930847,0.0,3,ROOT_OK
cstr,cstrfold_0002798,test,single,0.005313532395718874489746691636572100424529586229277158174,28.37150809128758,72.89943367576515,0,0,0,0.9999997459166179372860024517875440604329329191506616363,0.00004781822485701367920529863456614470270865259973853502956,1.054219794323052322434857405127001900770996138236850755e-81,1,ROOT_OK
cstr,cstrfold_0002799,test,single,0.00000339121140376834574889249072747004039556915173879442011,84.1703882593949,19.8989584641561,0,0,0,0.000003391428768433632955342596672191725692482084560219535806,1.000128199034203676761284146112514391298142522681409528,6.334310905602415897625518412840044761293014592502073762e-83,1,ROOT_OK
cstr,cstrfold_0002800,dev,single,0.0004566841703434355229606255955525075321743261592817430608,18.590942669661196,22.159296298525042,0,0,0,0.0004611595831777678886831487511170280187413335698793997178,1.019738552324148229465331480291074075705034830298850843,4.118046071574423134511161738777351174886703664987698262e-83,1,ROOT_OK
cstr,cstrfold_0002801,dev,single,0.00000003288711171121180083106304942904747340642842369844024923,27.412256623658283,72.28869972029813,0,0,0,0.00000003288718881463312026633530064645003271825126532194645027,1.000004688982977490128202571933018393341539101771006285,4.33192859749033227552143231260624442331625935857420228e-83,1,ROOT_OK
cstr,cstrfold_0002802,dev,single,0.01980441789871219324300696084816445736869844418600969538,90.43244342196968,19.841235514749417,0,0,0,0.9999956674471778575729420065307987098355865470237263968,0.0002187786866132552748090748161696812954990179221027224723,0.0,1,ROOT_OK
cstr,cstrfold_0002803,dev,single,0.01750616063251696758687251589241644741841019839234328441,20.193502194312636,23.286658686605595,0,0,0,0.998846764977977345761352602389771163228016947236938328,0.06618338149313374196993597005463503772644092735594368028,1.054219794323052322434857405127001900770996138236850755e-81,1,ROOT_OK
cstr,cstrfold_0002804,dev,high_triple,0.00536756088699574089647737505978912382139990816891996628,26.307733526582687,72.19300211362784,0,0,0,0.9999992122122663604061594972187690629945154065227963511,0.0001467687699474772818857088414899061818450251733364686277,1.054219794323052322434857405127001900770996138236850755e-81,3,ROOT_OK
cstr,cstrfold_0002805,dev,single,0.000001282950031861174919822150855098115869881919920047101063,90.51268211646686,21.13593535682891,0,0,0,0.000001282983176093999142323854444180147042430451286253180558,1.000051669774295667503565077309196078652875251001407866,3.733386787642691129808043945501908167193429050186845392e-83,1,ROOT_OK
cstr,cstrfold_0002806,cal,low_triple,0.0004177992177335340711918547422386446640880389621815261617,18.46423984060852,22.736755526517214,0,0,0,0.0004216438848102984809734764019985564799028870573378572794,1.01852684722239586251463229459187061053156628465866539,4.941655285889307761413394086532821409864044397985237914e-83,3,ROOT_OK
cstr,cstrfold_0002807,cal,middle_triple,0.00000001709065213843998173786082042358729779884094961523517382,27.89486822860846,77.67403063322432,0,0,0,0.8297027613412569139368201519964924456540339246865811504,-5408638681.587226858249332259883661706232633594159424275,3.162659382969156967304572215381005702312988414710552265e-81,3,ROOT_OK
cstr,cstrfold_0002808,test,high_triple,0.0193807623787910901200191218660447922476565158528808992,91.49929860874364,20.244019992049523,0,0,0,0.9999967374100109425516880419571036967608329924623987745,0.0001683485803374714048130991635740317933484174452817137191,1.054219794323052322434857405127001900770996138236850755e-81,3,ROOT_OK
cstr,cstrfold_0002809,test,low_triple,0.01733374140602481707860273403805300039789341107397758146,19.934412848561006,23.450184796258043,0,0,0,0.04615450125577898499951044120406766881335660221400788579,35.66298273854805490424494351537285264344749692471098626,0.0,3,ROOT_OK
cstr,cstrfold_0002810,dev,single,0.005166536406163748695668288183936211775658422705625740188,27.806421236699656,75.00169328135334,0,0,0,0.9999997001815133950041559918197921171829622676332471578,0.00005803092562304729598369653199504005360868154733720629878,0.0,1,ROOT_OK
cstr,cstrfold_0002811,dev,middle_triple,0.000001476329962824707452153706353531135348753680800309667137,89.55407126138732,20.960824690020765,0,0,0,0.9230585213142651727781741993647573602433705630994206143,-7190293.657168261749679733143005503653764450450426567913,1.054219794323052322434857405127001900770996138236850755e-81,3,ROOT_OK
cstr,cstrfold_0002812,dev,single,0.0004331206088572307315660486369587236514757379644362270336,18.637422565996605,22.358048623891964,0,0,0,0.000437181462687296442090741936065674050600862106527748805,1.018878791643141217028422968320410731871705060094675472,5.919691227888233255859794999492442313899636518419816251e-83,1,ROOT_OK
cstr,cstrfold_0002813,dev,single,0.00000003900420593304241529916922915811236869285857536125570509,26.78011625615337,73.9417427672223,0,0,0,0.00000003900431690182534659383158317188798035715895401214940911,1.000005690105002192553594660684881797011381322926467137,6.524566946488540140281049655403980062308059168870020429e-83,1,ROOT_OK
cstr,cstrfold_0002814,dev,single,0.01994741350603040422288123082454332805109524357721302621,83.95210968019045,19.7208646529072,0,0,0,0.9999941834320003970255036491372739109275675827787612431,0.0002916153368905525632177720263239622258130603587034443042,1.054219794323052322434857405127001900770996138236850755e-81,1,ROOT_OK
cstr,cstrfold_0002815,dev,single,0.01843544034921666565962545164118202954940199397417732164,19.45141606692095,22.221992129135536,0,0,0,0.9982916961441210695646392220384777771555866982043082567,0.0932773603569152976079630345164495875334979886895722743,1.054219794323052322434857405127001900770996138236850755e-81,1,ROOT_OK
cstr,cstrfold_0002816,cal,single,0.005146940512165211089178930500612982037476119458898903138,28.576522432979406,75.20250227686111,0,0,0,0.9999998026637469431372446676225992257306574145188755393,0.00003834053175793264024628943357408130515620201211918711469,0.0,1,ROOT_OK
cstr,cstrfold_0002817,cal,single,0.000002674030356312480062523382228693833019941251272306804207,92.36061801526762,19.891813536194118,0,0,0,0.000002674165451206021621694186615593520324207624630173096934,1.000101045948466545695140351096822200917821569665060132,3.277546433919096537721285954202676960481116686489232503e-83,1,ROOT_OK
cstr,cstrfold_0002818,test,single,0.0002793836426961437237805854957253888482375950589464721873,20.062709743394393,22.86946805002945,0,0,0,0.0002811058919994470118517755296561017789243859093373276622,1.012383979580173190500621079428586383864814445870326656,7.206580625255240485394533042860364556051731413728471958e-84,1,ROOT_OK
cstr,cstrfold_0002819,test,single,0.00000001868838308735086649289854141191871632238050907479969948,28.238847446432732,74.43416299493694,0,0,0,0.00000001868840873469961998664581947374544383479898657824257809,1.000002744739808672768413174820062142112436076955933461,3.217726184588364561035882115467996200006077900340119211e-83,1,ROOT_OK
cstr,cstrfold_0002820,dev,high_triple,0.01955836854504715999839814279876008693071308689462467415,86.85259205493145,20.08220713896318,0,0,0,0.99999578302616105820668217386363675326182085198397026,0.000215620829475132959936310450688622123165744277949123985,1.054219794323052322434857405127001900770996138236850755e-81,3,ROOT_OK
cstr,cstrfold_0002821,dev,low_triple,0.01722621010735462949051926412640861934388829265117820341,19.619504135221682,23.510921898441197,0,0,0,0.04396586151449663631161324529904466325258874597235112818,22.54844759137823231627943942480491639749065073562378484,6.588873714519077015217858782043761879818725863980317219e-83,3,ROOT_OK
cstr,cstrfold_0002822,dev,single,0.005430301906129042778300244234227367557501836512760363435,26.856871704859582,71.51116641966838,0,0,0,0.9999993892193946595166310504189545366910328462067410203,0.0001124766599445874952958202670441507917999132540361850449,0.0,1,ROOT_OK
cstr,cstrfold_0002823,dev,middle_triple,0.000002474701630569549659816566382554316723760488231934718563,86.36375012479994,20.302718524637854,0,0,0,0.9124289064074698763118042217171073773277361807187695158,-323464.7400597614897172676697703004694226776575597136415,1.054219794323052322434857405127001900770996138236850755e-81,3,ROOT_OK
cstr,cstrfold_0002824,dev,single,0.0003318841317382441383430925847801357322517976133695629569,19.84413384792747,22.311510527215837,0,0,0,0.0003342557924361418847975299774845266079228846344750536068,1.014366086707938171098961180548216241646555868344589086,2.573778794734014459069476086735844484304189790617311414e-84,1,ROOT_OK
cstr,cstrfold_0002825,dev,single,0.00000003070096323130482670891993097866524762036098361913044746,27.137604418053936,74.81093214577906,0,0,0,0.00000003070103280196618457839276854872845599101769271003545739,1.000004532155951062841555691247847955465410209827704199,5.789110912621222624819944456136832977404701537856294893e-83,1,ROOT_OK
cstr,cstrfold_0002826,cal,single,0.01825578149197333404875110346281756740273410814708648012,85.3384795419241,21.446158510553776,0,0,0,0.9999980265110745697025829621791123200199529730270036806,0.0001081048421617244425049090301593454151247334004956061091,1.054219794323052322434857405127001900770996138236850755e-81,1,ROOT_OK
cstr,cstrfold_0002827,cal,single,0.01811731125356668725374750032885283933955832667451080923,19.25329107878753,22.60540176022654,0,0,0,0.9983053163551535581243828860719394995590940860093276541,0.09414406455196689488730985020054057772188477420170895831,1.054219794323052322434857405127001900770996138236850755e-81,1,ROOT_OK
cstr,cstrfold_0002828,test,single,0.004984129788920057308335233026531022649057887762860844218,26.989634137682884,77.79862214263157,0,0,0,0.9999996019110397845715750146971633424561849701812498607,0.00007987143924872743267278305227714578270284114038144224275,0.0,1,ROOT_OK
cstr,cstrfold_0002829,test,single,0.000003469023622069166480267932157234938828923315679851468318,91.0227974811982,19.54283066567043,0,0,0,0.000003469246790146638545858226822730270174660414734556175384,1.000128669488421882094905348981328711775466336555173823,4.463897597116806327448622587932480277465079168101899483e-83,1,ROOT_OK
cstr,cstrfold_0002830,dev,high_triple,0.0003113006568965093504383154684037225583565624824308274691,19.655732357953205,22.80053000919799,0,0,0,0.7962079052111810946450087021361459835839036309305330414,3275391.834738118023991710297111960360345088605735864401,2.10843958864610464486971481025400380154199227647370151e-81,3,ROOT_OK
cstr,cstrfold_0002831,dev,low_triple,0.00000002346073817420538998305417401322528916759758964742071739,27.939983384411075,73.37750621072941,0,0,0,0.00000002346077801133510333664504160749028505058079408264380569,1.000003396072101716614500648482444342888775750003090937,3.94173971067928891162890744180070487473873746102007003e-83,3,ROOT_OK
cstr,cstrfold_0002832,dev,middle_triple,0.01980814019832350892849338409528583396876416285712223923,90.14673374590978,19.833581775825657,0,0,0,0.05504526283053606124858187107326467900339903501733980402,-369.4383766716441558753692211296515313011771731409642009,1.317774742903815403043571756408752375963745172796063444e-82,3,ROOT_OK
cstr,cstrfold_0002833,dev,single,0.01724997944794031137982877909094924269672634317088461225,19.675245055777633,23.651023214496337,0,0,0,0.998738583869612008223593842771557539670390828817889582,0.07348558445676061553143520673449190809754949936543199698,1.054219794323052322434857405127001900770996138236850755e-81,1,ROOT_OK
cstr,cstrfold_0002834,dev,single,0.005056326112149422464434726470981922942882627120325865746,27.560791794751577,76.9699955846791,0,0,0,0.9999996962142316252714854938163948272109096845624786238,0.00006008041474221781183577233152537231058813146834780671682,1.054219794323052322434857405127001900770996138236850755e-81,1,ROOT_OK
cstr,cstrfold_0002835,dev,high_triple,0.000002099429993793870131786368107314703840063816417271609242,89.1280207971393,20.419822952398558,0,0,0,0.9223228999204711862530164784538651354667922413868402194,11569625.580756473310142103275202608793090490917361277,1.054219794323052322434857405127001900770996138236850755e-81,3,ROOT_OK
cstr,cstrfold_0002836,cal,single,0.0003606000738153365486791361461480618825981602008278050455,18.389963255266636,23.52249824268992,0,0,0,0.0003635634488134227914420307540627801331452140258322432459,1.016533423634926222774038865848005288124688066434767446,1.49279170094572838626029613030678980089643007855804062e-83,1,ROOT_OK
cstr,cstrfold_0002837,cal,single,0.00000001519066752492423123209337400503455225745188996292080079,28.692895832103744,74.35051205887433,0,0,0,0.00000001519068445105046693048608896382095506830263737958450633,1.000002228491936154266412671932788743252880589032525857,4.192067346481568374569361026623416233541741154571369962e-83,1,ROOT_OK
cstr,cstrfold_0002838,test,single,0.01967270670894798991191003517367073293876601460518412587,86.66323876975707,19.97286453517539,0,0,0,0.9999954636289258389903675321796613353445041139691645682,0.0002306048702376464070487715086261591621874471455660586385,0.0,1,ROOT_OK
cstr,cstrfold_0002839,test,single,0.01735404682194655742078417988515701472520413427881330419,19.288922720984132,23.553246936169803,0,0,0,0.998562817662763824645110419336547851184302354164863194,0.08326782518954692731049960723079228208928298373935506262,1.054219794323052322434857405127001900770996138236850755e-81,1,ROOT_OK
cstr,cstrfold_0002840,dev,low_triple,0.005223511219206806267934830828976904175051400296388923561,26.435186044787862,74.20818928086872,0,0,0,0.01390958532942244501490799548074453668276438049526673554,45.89428585214250745928755330135593904929152836099755403,0.0,3,ROOT_OK
cstr,cstrfold_0002841,dev,single,0.000002270026410023703048962458544732745121322080618438921273,84.5163406874692,20.52972818288671,0,0,0,0.000002270127053730363136375732394960655958081752053341846915,1.000088674757966040075276103762690036965486165676862047,3.838147627647099062087356214344828087218623025258065646e-83,1,ROOT_OK
cstr,cstrfold_0002842,dev,middle_triple,0.0002996851751010593515545611212266761497809926199909393658,18.96534632792302,23.780320079883314,0,0,0,0.7872732363952892278259723538044571250553698480655857799,-65230.94246557962272728346542499289965413326188522153437,0.0,3,ROOT_OK
cstr,cstrfold_0002843,dev,high_triple,0.00000004698641828971666234777433999411885379779288846878905625,25.975793261998103,76.8006710978473,0,0,0,0.8222375335955947183238988724060404215926147846868372152,66986879.21447414087656648364732842471197829502594380523,1.054219794323052322434857405127001900770996138236850755e-81,3,ROOT_OK
cstr,cstrfold_0002844,dev,single,0.01967133832784076628586249229266715322789846278808792462,88.63307163732014,19.96861718582651,0,0,0,0.9999957489226337183237252693839790973980603253900108389,0.0002161164429660646515161492785726195241667177602808145078,1.054219794323052322434857405127001900770996138236850755e-81,1,ROOT_OK
cstr,cstrfold_0002845,dev,low_triple,0.01808813271504496068560898265396613389037262406458976773,18.720929481560827,22.679402917345897,0,0,0,0.0523105369606546985802571231723167610827949082995179043,480.7175701958889266822964005232815125671673285583071472,0.0,3,ROOT_OK
cstr,cstrfold_0002846,cal,single,0.00514331525435089542078263995100026862616624242077305002,27.862606450099065,75.32874331709692,0,0,0,0.9999997146044311735796854995299087570765054941064397088,0.00005548871118653706003434418734160713673997583975326500696,1.054219794323052322434857405127001900770996138236850755e-81,1,ROOT_OK
cstr,cstrfold_0002847,cal,single,0.000002928569663008881424175782393096201242633383135016340747,88.40003521043843,19.9260494172746,0,0,0,0.000002928731996026446743924695721967393521139556356161333166,1.000110866205991372012521201507873804098904462230798486,7.68112109053432440128546769635228588284531640637353875e-84,1,ROOT_OK
cstr,cstrfold_0002848,test,single,0.0002715191445985870866402004558637355179243706440302112121,19.431690661959387,23.703618182326416,0,0,0,0.0002732079605383167464628393601935262449764005002448861044,1.012495752046927653405678161550100384164690721562167066,6.537398138624396726036469260309044990132642068167970991e-83,1,ROOT_OK
cstr,cstrfold_0002849,test,single,0.00000005641091514626175796723651379495753257193119876871573744,26.00860723955189,74.01856782814177,0,0,0,0.00000005641114750671426953551343391877684827325329621697536456,1.000008238162802003579000517971880054822619949393837626,4.311425081359431178890710387628170545014783354456076579e-83,1,ROOT_OK
cstr,cstrfold_0002850,dev,single,0.01820772237240728901084548948309628915688636464673831284,87.92697169403814,21.489005667703903,0,0,0,0.9999982618522230817867599052979406461705778104360641772,0.00009546425665132254711244518867112059320969905314844598882,1.054219794323052322434857405127001900770996138236850755e-81,1,ROOT_OK
cstr,cstrfold_0002851,dev,single,0.01765214661130331828921836112862322145319144345081213003,19.08419093566243,23.18264254058072,0,0,0,0.9983785107327720280569961708858138493615359997207748161,0.09241730950746169482773604993536582299164420253803269004,1.054219794323052322434857405127001900770996138236850755e-81,1,ROOT_OK
cstr,cstrfold_0002852,dev,single,0.00505257439323828697141079303137559644697974222312273687,27.986526865971182,76.64849761545257,0,0,0,0.999999752824286745484526926774507269039136744688773895,0.00004892080114661900676935764591878497045118755606030825021,1.054219794323052322434857405127001900770996138236850755e-81,1,ROOT_OK
cstr,cstrfold_0002853,dev,single,0.00000129004668987045962835404605771218465821915117521265032,88.78656740881304,21.21722026713798,0,0,0,0.00000129008033708650128445606985696561739636413205885742657,1.000052165349563636030557050037651421748377576770523044,3.438407608589972441413128209623667240750128548402814467e-84,1,ROOT_OK
cstr,cstrfold_0002854,dev,middle_triple,0.0003049447145033159598759466579484217459204358570838458231,19.8646657021381,22.715317022488037,0,0,0,0.7734638041108572467968589556368672869324378236438462256,-4757.025423778215135390589189706736279487774559227744901,0.0,3,ROOT_OK
cstr,cstrfold_0002855,dev,high_triple,0.00000003136365692141019523039189832530714664567512662658008112,27.77412289211501,70.8317549647171,0,0,0,0.8357438878983658570477458865034036703616415806514161539,523154906.601724033914822060793756491164901858393397126,1.054219794323052322434857405127001900770996138236850755e-81,3,ROOT_OK
cstr,cstrfold_0002856,cal,single,0.01972365513160174960983777302996840787563582693609351599,90.72445902639852,19.91290984019802,0,0,0,0.9999958934427950283571969555812279832053330802875401638,0.000208215268960359475651322518202351521997493093178159742,1.054219794323052322434857405127001900770996138236850755e-81,1,ROOT_OK
cstr,cstrfold_0002857,cal,low_triple,0.01860079551415544676021743841045538620558338988242971203,19.52240163512257,22.024215987467162,0,0,0,0.05267998692523267975053840270377274277658445899094996637,129.3532865355216626111111952756155158165421692967810323,0.0,3,ROOT_OK
cstr,cstrfold_0002858,test,single,0.005362382379365248218553699070924170361645969089674195485,26.835768729530773,72.40770139187268,0,0,0,0.9999994145804088390778435612500202497749091570243281726,0.0001091718235436111789001501974843231819322482558705893739,0.0,1,ROOT_OK
cstr,cstrfold_0002859,test,middle_triple,0.000001802133913537503069439258886031876043013019736465363817,92.24606497126402,20.514921357113497,0,0,0,0.9225036275856836796671292436622182059393070100179364126,-4052369.918093852024143301313304647801595315653644725422,1.054219794323052322434857405127001900770996138236850755e-81,3,ROOT_OK
cstr,cstrfold_0002860,dev,single,0.0003326199254349625051672277748823406778440181703688992022,18.790020868645662,23.472584598342145,0,0,0,0.0003351333247501475244666701995101601329448745290478664827,1.015195326480025239392686028310105161761608022173848639,9.780359419989254944464009129596209040355921204345783372e-84,1,ROOT_OK
cstr,cstrfold_0002861,dev,single,0.00000001985575467488796279972197672716245155333351884508480168,28.51356879853946,72.17605961041347,0,0,0,0.00000001985578273617824504570681656059812183195955493161039391,1.000002826517527844892390232813288637636466966711090629,1.819971391310982370298526148915689504341236489966139935e-83,1,ROOT_OK
cstr,cstrfold_0002862,dev,single,0.01929902935982774743411836615063003478699201743427420362,90.66577323983546,20.327401394963093,0,0,0,0.9999968144328129585173571413307550454216137104893486364,0.0001650702025785887844888035275741151277171390646219919439,1.054219794323052322434857405127001900770996138236850755e-81,1,ROOT_OK
cstr,cstrfold_0002863,dev,single,0.01794460699985065798398430140028263590232691177979337399,19.582740421987168,22.883627945509176,0,0,0,0.9985356097732372694077089240836222075946262171417977926,0.08207154131250044530648421793688393224439706649825353611,1.054219794323052322434857405127001900770996138236850755e-81,1,ROOT_OK
cstr,cstrfold_0002864,dev,high_triple,0.005340532784446180262195940841709569229584238175258795273,28.222182077006543,72.38575859706836,0,0,0,0.9999997156228920674347394933049000708322216657617031378,0.00005324889841110490056720636288761299546892503013445757219,0.0,3,ROOT_OK
cstr,cstrfold_0002865,dev,single,0.000002172546806129618695518127150016642384930207476455815296,91.25970613921339,20.26561713445574,0,0,0,0.000002172637744722841318188093244764031936884942331451780355,1.000083718723366080037455942024643024934347176111386295,6.085780390735912626421622128214614778277391265845589628e-83,1,ROOT_OK
cstr,cstrfold_0002866,cal,low_triple,0.0004223823511006084759861965971021728487071966058957812487,18.814891015678846,22.282373998960505,0,0,0,0.0004262292025932092714663370064824014645987395403145008711,1.018335058023665195504848349043427073011666669402809897,2.573778794734014459069476086735844484304189790617311414e-84,3,ROOT_OK
cstr,cstrfold_0002867,cal,middle_triple,0.00000001958285026291059911653895445632264736475734821482936721,28.687114965773787,71.41850788194263,0,0,0,0.8382567240604947388182722756081625325913235976937495152,-427954253.8669642013192245836970207398536360505103549226,3.162659382969156967304572215381005702312988414710552265e-81,3,ROOT_OK
cstr,cstrfold_0002868,test,high_triple,0.02014768545462966017455466178393976007513699513345912845,84.43541481667769,19.533529209405216,0,0,0,0.9999935977246486567664474649914239773036783924870933807,0.0003177914646632562482929345177571463824057575067124603021,0.0,3,ROOT_OK
cstr,cstrfold_0002869,test,single,0.0181724181235657056563043037011039302310253292338687852,18.82868374728825,22.571957507005674,0,0,0,0.9980707262719180388138758811840340644918913494354651339,0.1069233667595176101089217975647482355043047953030649405,1.054219794323052322434857405127001900770996138236850755e-81,1,ROOT_OK
cstr,cstrfold_0002870,dev,single,0.005007635961199728606946346407007129530635577090739257671,26.975960728774076,77.44048593146528,0,0,0,0.9999995911573743640822981519749517852786215469651800523,0.00008164397843985318733584080970003624360115720920890513931,0.0,1,ROOT_OK
cstr,cstrfold_0002871,dev,low_triple,0.00000312522650365315662065852042632237244510180347050049818,91.50366497789703,19.686372710141786,0,0,0,0.000003125409030060710060898417590611149325083727968518212972,1.000116813504903056199631696896707403676793096549676064,4.523014078808353222055374616799694205463941027355140854e-83,3,ROOT_OK
cstr,cstrfold_0002872,dev,single,0.000372465257123584197946224926158801438032397443427343957,19.652660703414448,21.984294257127587,0,0,0,0.0003754096900759760557825155321081571832110881618301335695,1.015901045706583950551107222025274809613311821825554636,2.882632250102096194157813217144145822420692565491388783e-83,1,ROOT_OK
cstr,cstrfold_0002873,dev,single,0.00000002034990383998025153969388959717021640901903542372373697,28.662640414867358,71.10774606045575,0,0,0,0.00000002034993287296157911239692100922100072826727076203232577,1.000002853380721229867835368873441476751363698681401454,8.589044181479436093646182051265523601441782184806876949e-84,1,ROOT_OK
cstr,cstrfold_0002874,dev,single,0.01911184909823101223195438181315383258092395105005513123,90.21745289606599,20.51881382420526,0,0,0,0.9999971245713162555770056971050959546679468908098245499,0.0001504581273143041666115546878316062327755224846885039292,0.0,1,ROOT_OK
cstr,cstrfold_0002875,dev,single,0.01753431509839543776445373351740498883706396105487558326,20.076220095430635,23.386132216307725,0,0,0,0.9988341685539888919786606347648928858969541276379058834,0.06679968765460922341769058751437781051605362450190861962,0.0,1,ROOT_OK
cstr,cstrfold_0002876,cal,middle_triple,0.00536127138909910957103931903025131862823689928062973219,28.115476529937336,72.28479535833446,0,0,0,0.01522403188237522691180534534429404441046973880707679145,-774.5289356405624383494959702948548888962643453653087062,1.647218428629769253804464695510940469954681465995079305e-83,3,ROOT_OK
cstr,cstrfold_0002877,cal,single,0.000003331739221346672492157602322244821617891442024623112254,86.42949675927598,19.814761235400088,0,0,0,0.000003331948093798700192417015575464320753440701062007826374,1.000125389273375316132545921153431263554815475086801764,4.692320465149450110691038590630286475447076012019185871e-83,1,ROOT_OK
cstr,cstrfold_0002878,test,single,0.0003634867035796431774551586452172156780418541485757000239,20.1054640566058,21.656604279556,0,0,0,0.0003662458828137972789400034713252075360095956686210480122,1.015265264977565812242059817904849201224351475082304809,6.691824866308437593580637825513195659190893455605009675e-84,1,ROOT_OK
cstr,cstrfold_0002879,test,high_triple,0.00000004290311727911470566740735658387386870760119612347540776,26.017295673910883,77.79805727696021,0,0,0,0.8188860840471319074470115432146682918977547552130015666,115827491.1673864530638846805291232490767204137737534634,1.054219794323052322434857405127001900770996138236850755e-81,3,ROOT_OK
cstr,cstrfold_0002880,dev,low_triple,0.01873551625086312542284900328423920024554528931721699528,91.35881043027811,20.894809908978417,0,0,0,0.05005355309565706686759842276145862515551798113021291277,87.96194712423157571689307387945962358774691827277099684,0.0,3,ROOT_OK
cstr,cstrfold_0002881,dev,middle_triple,0.01761130110721668259658338294996703965606264281234744538,18.39879430438281,23.287497332865772,0,0,0,0.05149885404865764101893325947912996404830002016937683182,-1083.609973736106054350962818100413727138330457332446422,6.588873714519077015217858782043761879818725863980317219e-83,3,ROOT_OK
cstr,cstrfold_0002882,dev,single,0.005371667909718137897608528274430556579000424731395613953,28.33248890294761,72.12610880628166,0,0,0,0.9999997273880479204381209026209220808715923052251285316,0.00005075002935880256890098807549172501718490543333190780138,1.054219794323052322434857405127001900770996138236850755e-81,1,ROOT_OK
cstr,cstrfold_0002883,dev,high_triple,0.000001111242985591445086860843160511932875033025317887803956,92.52292636054361,21.266371835442055,0,0,0,0.9256556171625550408395038309210459213138169091216211457,12482688.46216008901733601713733831008482773757982504971,1.054219794323052322434857405127001900770996138236850755e-81,3,ROOT_OK
cstr,cstrfold_0002884,dev,single,0.00037591719064360750844167418591639641815019260986219156,19.37951539081644,22.21790869757797,0,0,0,0.0003789505385071153434497603891353867201516709311581790687,1.016232673377499241341955531367202267863610317661329269,1.853120732208490410530022782449808028699016649244464218e-83,1,ROOT_OK
cstr,cstrfold_0002885,dev,single,0.00000004689334890507268707399620540412684286802113627252810226,26.341576172303768,74.31770856306873,0,0,0,0.0000000468935101305097406299561227442359329525387110592789557,1.000006876277583832523467018428019721507605712665798425,5.951423608047917760299006069409473599655828311492612693e-84,1,ROOT_OK
cstr,cstrfold_0002886,cal,single,0.0193320720719283050635921670194335971395071065763192705,90.48734669828639,20.294987769635263,0,0,0,0.9999967308376053644560212857234197045598166739457908393,0.0001691125715851554297955936959258670244643464017556471927,1.054219794323052322434857405127001900770996138236850755e-81,1,ROOT_OK
cstr,cstrfold_0002887,cal,single,0.0185541236494028070974124713154787884347588456526979651,19.49808070449304,22.084095548492318,0,0,0,0.9982734173159233301333178160600498050612823827069395005,0.09368135868624059357389874425349277092032275008800556518,1.054219794323052322434857405127001900770996138236850755e-81,1,ROOT_OK
cstr,cstrfold_0002888,test,low_triple,0.005248640918433573770043712985266821050665092226159412379,27.803278938984867,73.62266479172547,0,0,0,0.01371843315515154208689943695798290002167146745975861521,35.56719087536955019827565411984345038473680620772657334,1.647218428629769253804464695510940469954681465995079305e-83,3,ROOT_OK
cstr,cstrfold_0002889,test,single,0.000001297167758103995055895443069890753690195934910529178435,88.60797793423689,21.217779602318092,0,0,0,0.000001297201778759590506122066153116560630246171401395881212,1.000052454770777312092027594599891514968167834689583309,2.171424781588486104960255645364092545781323871005964528e-83,1,ROOT_OK
cstr,cstrfold_0002890,dev,middle_triple,0.000227572450491396033859875021119756209956468579326058952,20.12941201483386,23.750535179754873,0,0,0,0.8010071416136842024071991263877136800248061025864442161,-1158445.166095899308290777758984497649178892946979381218,0.0,3,ROOT_OK
cstr,cstrfold_0002891,dev,single,0.00000004358950728962194033954946096803594247794000087844279862,27.109517611275457,70.59236731074961,0,0,0,0.00000004358963951884804056435805071196627722734855136083586249,1.000006067034363485899919102392417522486478178803261593,2.766133571258422785780986833725975517882119131121161846e-83,1,ROOT_OK
cstr,cstrfold_0002892,dev,high_triple,0.01861961512647537525433752281610317420716518117734020733,91.79451065919815,21.018020997761372,0,0,0,0.9999979924653576922608998857322902252234876333338935726,0.000107821063086332236771634488603801375769514949464947137,0.0,3,ROOT_OK
cstr,cstrfold_0002893,dev,single,0.01891926734464301706247745618728592237649809127009772207,18.79076322569785,21.730894516512198,0,0,0,0.9977599802925946265442946686965533537365726526714686341,0.1193834965095812854808829049142287604380016012217061918,0.0,1,ROOT_OK
cstr,cstrfold_0002894,dev,single,0.005447401320617906756239861881985911913530614207891231603,28.631192439141568,71.111430486073,0,0,0,0.9999997495408508881867462488861910371487087130471920195,0.00004597778632473349466647802477989102091242900735858079646,1.054219794323052322434857405127001900770996138236850755e-81,1,ROOT_OK
cstr,cstrfold_0002895,dev,low_triple,0.000002119603328535055562355985463796458940347865985833126504,92.14153587344836,20.26466012294547,0,0,0,0.000002119689884479979736145794608479616288590688015475908055,1.000081674312505999336634548078974500315285879976754527,4.945274662319402469246460537279793691170097164878293508e-83,3,ROOT_OK
cstr,cstrfold_0002896,cal,single,0.0003608090130323786355178346087222389751382828048742050529,20.031804998090614,21.75759674005849,0,0,0,0.0003635409029311957571763298570135900228732596890866619583,1.015226231872578949897040628566802355322937573472367105,9.780359419989254944464009129596209040355921204345783372e-84,1,ROOT_OK
cstr,cstrfold_0002897,cal,single,0.00000003617481831449328277218956416640765997479064369394806621,26.52702231805712,76.61062067224692,0,0,0,0.00000003617491726026863213338085860452240566690360657858879973,1.000005470433726511898596321981181609764218944946411318,1.263514257922645574779517215627059592050504109124338328e-83,1,ROOT_OK
cstr,cstrfold_0002898,test,single,0.01850084156703760709311624681062313102413933577144033185,92.49700010796913,21.155118825384438,0,0,0,0.9999981993424184057626282242336510367389839894410636139,0.00009733069533077513789579846055258237430189897797321624207,0.0,1,ROOT_OK
cstr,cstrfold_0002899,test,single,0.018383375638300174568225152487920867422076290858996136,18.392468728511947,22.360327713674803,0,0,0,0.9977282928204233195110706749816771079347459557392014198,0.1245825556036557144975294515875150194123397262262295763,1.054219794323052322434857405127001900770996138236850755e-81,1,ROOT_OK
cstr,cstrfold_0002900,dev,middle_triple,0.005075011222544530592519816652424905070692953355017023398,28.047264628541818,76.26755200632404,0,0,0,0.01485872147748791856319134663742360420875858112975015974,-91.93985020499685332783334607607412681497055194012937457,1.647218428629769253804464695510940469954681465995079305e-83,3,ROOT_OK
cstr,cstrfold_0002901,dev,single,0.000001616602623469865077679991182687887243621704320179069838,84.79784475880254,21.066224705523336,0,0,0,0.000001616655067150260098705641794816695996461348859536441495,1.000064882913740832687677637134181853619876751841656324,9.792424008089570637240897298752783311376097093989302019e-85,1,ROOT_OK
cstr,cstrfold_0002902,dev,high_triple,0.0003959078082567202366792982906036198048042655553246779135,18.796227461583968,22.61275743033294,0,0,0,0.7882243798653021401748625952194845131498041059671833101,75889.41641722633895509578192480582391148826511738676228,1.054219794323052322434857405127001900770996138236850755e-81,3,ROOT_OK
cstr,cstrfold_0002903,dev,low_triple,0.00000001607199102252420827921072490118707442419122270346553665,28.34403978396298,75.68324836498412,0,0,0,0.00000001607201031390549279650855612101218246211849478814650321,1.000002400623320869732892379352344105778541500059482677,4.370664094023871904752227686963380930453693875088509937e-83,3,ROOT_OK
cstr,cstrfold_0002904,dev,middle_triple,0.01913380043558610671595831244502163712301707295413220998,90.84325760138792,20.49311743483498,0,0,0,0.05277417367972967533898702224981481984290018614038224911,-5578.588878758161047660117299628454352765461263887347324,6.588873714519077015217858782043761879818725863980317219e-83,3,ROOT_OK
cstr,cstrfold_0002905,dev,high_triple,0.01742632907160073431570083089343372883797159352338844338,18.485477310290737,23.514929391797892,0,0,0,0.9981511332054815210673407930117024990925609001115765757,0.1067996548966594304676278954425240358051995957994671,0.0,3,ROOT_OK
cstr,cstrfold_0002906,cal,single,0.005225591802695384598365953704341199870526448234706097994,26.831644669744595,74.36529465812411,0,0,0,0.9999994767657403878261804204980692378243246812074448403,0.0001001294086623299640913320032665356912467387956240939163,1.054219794323052322434857405127001900770996138236850755e-81,1,ROOT_OK
cstr,cstrfold_0002907,cal,low_triple,0.000002957167045138030933875802382546609989796841382472251971,87.87050055797064,19.935631034391044,0,0,0,0.00000295733264792355032964562746529246258754499894401397822,1.000112005628103490332285899573682773127215302820646585,4.203302494149987363467838134150476023429279951801896702e-83,3,ROOT_OK
cstr,cstrfold_0002908,test,single,0.0002393179689724443974995735701469194932782705244166389684,20.081331721069507,23.566771912740474,0,0,0,0.0002406206152560085725541430056057047678665092418134226437,1.0109292430862491636642121590612596982345718622534473,4.272472799258464002055330303981501843944955052424736947e-83,1,ROOT_OK
cstr,cstrfold_0002909,test,single,0.00000004786695399204346928744777448903960495021093000235587874,26.41109541219063,73.59644240361038,0,0,0,0.00000004786712032914427458575859531021415134420919161912700162,1.000006949994063737653840855152450219584044359852362657,3.693724454262903289804024089399670251214600812983777839e-83,1,ROOT_OK
cstr,cstrfold_0002910,dev,single,0.01886525139475867862468739129491447197072933141811062525,87.12762451048566,20.78005851638768,0,0,0,0.999997261010584226229982853751312474563342270583744818,0.000145191998381364342979189744880327238496366480676771957,0.0,1,ROOT_OK
cstr,cstrfold_0002911,dev,single,0.01857723618076944561816524577870610832628492960728246355,20.05922211135486,22.024134020571285,0,0,0,0.9985056995361654878568197866845410327429902522046178081,0.08092210115965910735339358497642016858025919606796978655,1.054219794323052322434857405127001900770996138236850755e-81,1,ROOT_OK
cstr,cstrfold_0002912,dev,middle_triple,0.005359840755815646285040523945139185050487528982218051531,27.18481182705455,72.3965153895422,0,0,0,0.01536147964664340865173438247542990135985457073276416348,-264.9311817927750852243219389184895970769085090353230288,1.647218428629769253804464695510940469954681465995079305e-83,3,ROOT_OK
cstr,cstrfold_0002913,dev,single,0.000001267971577775837193840888444313631977970221040834106581,88.60548912610734,21.25466897949052,0,0,0,0.000001268004143501960775980622665802498773221460189105219058,1.000051367630462900761967651168224918150605549414589912,1.696683239841063594189706189052894981137402613533505758e-83,1,ROOT_OK
cstr,cstrfold_0002914,dev,high_triple,0.0003604824767145816142564252771687790504276598839220590794,20.123240848096007,21.689532507536093,0,0,0,0.814094984806490480784655013917878901637827436695001764,6108.393828314387406625916587831989552305121709085247403,0.0,3,ROOT_OK
cstr,cstrfold_0002915,dev,low_triple,0.00000001442511743236555847987729672455481022111980010679305584,28.55316231864873,75.79160030724472,0,0,0,0.00000001442513299532646485850028646468605255269378402160840643,1.00000215776034678183497040968832516723261702250327515,6.364601190465734541912492068787579278716325986265918365e-83,3,ROOT_OK
cstr,cstrfold_0002916,cal,middle_triple,0.01938091014405028973541941636798557161137658234557754754,87.72845698738452,20.254171108871155,0,0,0,0.05351437689457416865525211785003619318657256539241428577,-2618.341383203910700530188552925686956094979376442409099,0.0,3,ROOT_OK
cstr,cstrfold_0002917,cal,single,0.0175426799306442599079462932761482469088818338863675979,19.725957553367714,23.272552773537008,0,0,0,0.998677482027622568218811172907707802903719992656841284,0.07577981675399252540666748799601575954086765555748910218,1.054219794323052322434857405127001900770996138236850755e-81,1,ROOT_OK
cstr,cstrfold_0002918,test,single,0.005366967640505081401590442291089358271204170464582762174,28.52020509465512,72.16984270631897,0,0,0,0.9999997531375859067877084525603837619839422722489599568,0.00004599668239954221900887039043464999203372292672882986974,1.054219794323052322434857405127001900770996138236850755e-81,1,ROOT_OK
cstr,cstrfold_0002919,test,high_triple,0.000001365140171491721353059108570740128805311697676318796828,86.75926039244467,21.235064710175227,0,0,0,0.9233789984197617253579527988425933379095411704889102053,110922226.6969021781898981414780401904932739514430209777,0.0,3,ROOT_OK
cstr,cstrfold_0002920,dev,single,0.0003803806201785532083968583031870820502648535849778577863,19.223874344913966,22.330385332518777,0,0,0,0.0003835035103820367175267630136432283665151953172117531253,1.016517403070373144597671591262691511150712224955642198,1.698694004524449542985854217245657359640765261807425533e-83,1,ROOT_OK
cstr,cstrfold_0002921,dev,single,0.00000003442401825423330568943873120893389663765521891338564471,27.00398103855173,74.16006364234686,0,0,0,0.00000003442410495018138261473909955576861793996905801347319719,1.000005036954548922665537168430573635047720029897611192,1.175606139420866125847920608074729356856618329898908184e-84,1,ROOT_OK
cstr,cstrfold_0002922,dev,single,0.0197119447060296507334821174276771511291829707138171767,84.78432339573115,19.993648886497148,0,0,0,0.9999952239110023041702147782206535526193803501820340006,0.0002423081487160939536226204147623094360413938812952443005,0.0,1,ROOT_OK
cstr,cstrfold_0002923,dev,single,0.01809866050389032778048778874967179323226672903002794721,19.87495742185251,22.5838605719114,0,0,0,0.9985755233009237683310252334439478462660917238072835461,0.07915207648977454389858341951412359119676122343928090656,0.0,1,ROOT_OK
cstr,cstrfold_0002924,dev,low_triple,0.005438505943874593448932140845364711948800782031451848522,27.61746364430146,71.31343917327737,0,0,0,0.01511413803752069053990575423914532984852314680904020278,163.9095441679676338483598226738825673850101051299805801,0.0,3,ROOT_OK
cstr,cstrfold_0002925,dev,single,0.000002463631825523500032746075377819277642859282792929983919,89.5006261183632,20.148101442840908,0,0,0,0.000002463748052725301958621808283897456338949102142301732133,1.000094357667814832928545691043312475590636599844885088,3.638277618118535751750242211984247663984375786830440056e-83,1,ROOT_OK
cstr,cstrfold_0002926,cal,middle_triple,0.0003169803239863269716907400481655281691990285168463552696,20.059769698949527,22.30235031217012,0,0,0,0.7996122054614514720595381491722154087163242643751022818,-345366.8873315804409080400185285718254343918113980804737,1.054219794323052322434857405127001900770996138236850755e-81,3,ROOT_OK
cstr,cstrfold_0002927,cal,high_triple,0.00000001764709071249501698946852830147193799040033742029074767,28.60760616221686,73.05142050900209,0,0,0,0.8432938545703041849357462081083503260057673766540257108,256529488.1329894815216365015214447731979349938065632735,0.0,3,ROOT_OK
cstr,cstrfold_0002928,test,low_triple,0.01928987722490372846919744745813261225371897350675810084,90.40508598593718,20.336157330886724,0,0,0,0.05261872625490877509482629496948013541862298064060969786,263.1228412997308662141925776312548939792239239492776243,6.588873714519077015217858782043761879818725863980317219e-83,3,ROOT_OK
cstr,cstrfold_0002929,test,single,0.01784581161808353350355237973116780326157116161958323941,18.743452012635977,22.969835185193503,0,0,0,0.998142487356088168695614046819777615255854210801349985,0.1047963720336474874063217621449762884592856910362095185,1.054219794323052322434857405127001900770996138236850755e-81,1,ROOT_OK
cstr,cstrfold_0002930,dev,single,0.005042285680361880657832163386644365707281773327331935429,26.88107522838038,76.93061857979048,0,0,0,0.999999557388087780400020339093276556067504710608376324,0.00008778017647097229217715090157018854370594755809335874654,0.0,1,ROOT_OK
cstr,cstrfold_0002931,dev,single,0.000001482203132310476099525082541800840756477365093364875277,91.5738511194123,20.855000243006888,0,0,0,0.000001482246754187782686886077005440832562405638500661875014,1.000058862150107729409915133812199247953506865663080105,2.824521150752242273949135202373313083673512030375107299e-83,1,ROOT_OK
cstr,cstrfold_0002932,dev,single,0.0004086691171801441288263377285526484814203240435893575254,18.645982782848936,22.631698795289598,0,0,0,0.0004123285313873748385835302384340180999836668149527383264,1.018024929973935069058419873724437440203013323461551071,4.426899526942504869599498869185652513003206439861775631e-83,1,ROOT_OK
cstr,cstrfold_0002933,dev,single,0.00000002187130568276234486211516982855969335046011054237523807,28.203251956835224,72.69377396871114,0,0,0,0.00000002187133997784547591097064806942414150791890113461135048,1.000003136083686800198240918091066336710000186522893836,2.08132995649352443671284805715213322396503121178264663e-84,1,ROOT_OK
cstr,cstrfold_0002934,dev,single,0.01998336671660808762831084899887542924268483310393080694,86.20460947809322,19.6805959025573,0,0,0,0.9999944941290847307309875139692408659564942187540373269,0.0002755409608249078159891030811685738758664681667564269182,1.054219794323052322434857405127001900770996138236850755e-81,1,ROOT_OK
cstr,cstrfold_0002935,dev,single,0.01718126657200205673451184038124389901334301162771844336,19.306703941474225,23.798888068074152,0,0,0,0.9986262856902640601873166017722051512657460218960150387,0.08037154831750854943574231113209786480358374304226803888,1.054219794323052322434857405127001900770996138236850755e-81,1,ROOT_OK
cstr,cstrfold_0002936,cal,middle_triple,0.005233539912708396727781486395161866254317429395581629452,26.30919687851232,73.88734107132413,0,0,0,0.01645873721814150679444239435021915300284559276104290876,-33.35805935867732319124702670003893949343691820228490421,3.294436857259538507608929391021880939909362931990158609e-83,3,ROOT_OK
cstr,cstrfold_0002937,cal,single,0.000001752876481697827135562110040048824825946332295781782381,85.31987639738227,20.907484311759227,0,0,0,0.000001752937652127137577791872715916883445060760006010310985,1.000069796150316926532414551170835816013549376276677407,3.547793207366168055923580943309940631333056614504050202e-83,1,ROOT_OK
cstr,cstrfold_0002938,test,single,0.0005039352553661560929948713091258335969865413031051963829,18.69554140517893,21.583507718862887,0,0,0,0.0005092419236034323785992279432679998486207712336704694562,1.021221432995901644667951990379083605821217666131252069,6.074117955572274123403963564696592982957887905856854936e-83,1,ROOT_OK
cstr,cstrfold_0002939,test,high_triple,0.00000005410977767908661759566737726390007082732332484575662753,26.358591944355243,72.32942769899596,0,0,0,0.8230124617344173217645019016463396020063400252872767797,351130822.1375581116624932276774288036450967390521765806,2.10843958864610464486971481025400380154199227647370151e-81,3,ROOT_OK
cstr,cstrfold_0002940,dev,low_triple,0.01882706870857242316805771991209288728599177004889990493,90.91435766905066,20.795207513718953,0,0,0,0.04997638161854813689118827422118264202861470209445097767,72.33889513608163562666228483566897398239585524437437125,0.0,3,ROOT_OK
cstr,cstrfold_0002941,dev,middle_triple,0.01749256299673944120373646170232915133082261640543517095,18.75574234086465,23.332199413297328,0,0,0,0.05579073134180068101550268339397193105023252736876253002,-40.29365304637449261539680126427177115351811229672130431,6.588873714519077015217858782043761879818725863980317219e-83,3,ROOT_OK
cstr,cstrfold_0002942,dev,single,0.005199062712972979084659500880831738554404215355781222664,27.651461686692233,74.55516519114312,0,0,0,0.9999996656998995722944048304568194724112830473239292039,0.00006430016658505174240610773424802920694680288381627274283,0.0,1,ROOT_OK
cstr,cstrfold_0002943,dev,high_triple,0.000001819219072697130384390047319918467082375479303509404568,92.0440590155856,20.509387552027608,0,0,0,0.9243100839236664047548105307265677187835449949781800333,2871993.598934806861412267460736390139773503973124643111,1.054219794323052322434857405127001900770996138236850755e-81,3,ROOT_OK
cstr,cstrfold_0002944,dev,single,0.000406499233765956821370428642898882741681669047195183095,18.691435990877313,22.601632183693,0,0,0,0.0004101145492635488404140386353846170826607031137692398558,1.017901999534593094557461779957194219650862566265081726,4.632801830521226026325056956124520071747541623111160544e-84,1,ROOT_OK
cstr,cstrfold_0002945,dev,single,0.00000004459486805885632270128987967870775828763401177880454725,26.46672709193891,74.17573694523351,0,0,0,0.00000004459501358430340822835551877778973226852371390622568887,1.000006526571345430400583684537893234035085565540586176,4.661304419908221850510455255756926787032707162393973349e-83,1,ROOT_OK
cstr,cstrfold_0002946,cal,single,0.01887277959788104177916026895584571429216785755624289631,89.81236293461961,20.764692596118824,0,0,0,0.9999974902615495363917839254614383582750700342026512736,0.0001329861573466331150981295285443083821922203000284291564,0.0,1,ROOT_OK
cstr,cstrfold_0002947,cal,single,0.01724644349011752683832157021745182503794374624230986044,20.16313530634963,23.622289930003447,0,0,0,0.9989011358440587540776676242295251973372305401865984651,0.06399770181555863472710481897994486000190164301433314395,1.054219794323052322434857405127001900770996138236850755e-81,1,ROOT_OK
cstr,cstrfold_0002948,test,single,0.005259279894330300957940933853851631496393691408105667297,26.25837766132234,73.86978668602684,0,0,0,0.9999992657492009528909075202716165921716780966992972104,0.0001396109379235023001496272145547273310585860423311924177,0.0,1,ROOT_OK
cstr,cstrfold_0002949,test,single,0.000001105122566510217117043492118634441505125882912666295135,89.09746035946384,21.45013121698998,0,0,0,0.000001105147543010421064977435433505280446470811589966194527,1.000045202080759958002284957582919273426754392553666714,3.418501038224451548331262730515319693566838330491008699e-83,1,ROOT_OK
cstr,cstrfold_0002950,dev,low_triple,0.0004185611325134914773734823320438134239702999472778251548,18.73729848511581,22.41320033823722,0,0,0,0.0004223617617407124717362515440754394438633229457518140835,1.018279751622649692949169645320333827847357613163845705,3.809192616206341399422824608369049836770200890113620892e-83,3,ROOT_OK
cstr,cstrfold_0002951,dev,middle_triple,0.00000002467028901479754400892511325504128237123573705801210927,27.591320302030784,74.8163295467509,0,0,0,0.8292798684796498979056102167601697984636088207310760819,-1582534812.276847229983067650770655232339208836979165416,3.162659382969156967304572215381005702312988414710552265e-81,3,ROOT_OK
cstr,cstrfold_0002952,dev,single,0.01843051010325237627547081590291828701960330990962908285,90.80481493191597,21.234018965334812,0,0,0,0.9999981785849076735405373724687811385154197537751707503,0.00009882841217784977505195906537613303296614270853278382598,0.0,1,ROOT_OK
cstr,cstrfold_0002953,dev,single,0.01805274504160444186020469776028854885556105415903601648,18.63324781866936,22.72878804934105,0,0,0,0.9980056890889889262503300084365650981656648058843239271,0.1112748474368536438246048721236422632498715089587193272,0.0,1,ROOT_OK
cstr,cstrfold_0002954,dev,single,0.005280133637471047037046010750308583807540873277434843434,27.325592958875045,73.4620715490826,0,0,0,0.9999995758850226489150423979889110665863940045258592748,0.00008032292322546167395423732739927986650508568541415226378,0.0,1,ROOT_OK
cstr,cstrfold_0002955,dev,high_triple,0.000003436001122485305757635595994987405156932923598214953429,89.757046567694,19.613766710553527,0,0,0,0.9229082685244918853987859932597511123150859716887860237,616140.4689974782622645897210954685181340015347362338108,0.0,3,ROOT_OK
cstr,cstrfold_0002956,cal,single,0.0004010939308962798075562548449957247284861707342024674987,19.63424914061187,21.67113818526045,0,0,0,0.0004044597768911988813928836753951002787176053973972115811,1.016885362623118785820647473290569465912915606543548185,4.735752982310586604687835999593953851119709214735853001e-83,1,ROOT_OK
cstr,cstrfold_0002957,cal,single,0.0000000334165213634463535902049032959632536898655461653248572,27.511372850608446,71.52975478014633,0,0,0,0.0000000334166001217488698513071347023545347375964506727361054,1.000004713742486702194025677005515135454856403937393971,3.642707584061620420191755836596427279124596621308919559e-83,1,ROOT_OK
cstr,cstrfold_0002958,test,single,0.01889668295919426890836641154340086002604466288565114759,87.98762091516338,20.744728086242233,0,0,0,0.9999972887447978899304946544535542539317142516401431415,0.0001434827327259998199652146626555968116467966578095481711,0.0,1,ROOT_OK
cstr,cstrfold_0002959,test,single,0.01860468262740875136195472084724745664651106891225585781,18.365789172238735,22.110712271148127,0,0,0,0.9976177000502056657356954324253590607955081861271754339,0.1291441765104010705125961048349882651489308464513011355,0.0,1,ROOT_OK
cstr,cstrfold_0002960,dev,low_triple,0.005353221018450692277316918665972542870749188307315252235,28.483168815582832,71.97837547547402,0,0,0,0.01364417341198004187931158414732235510629963599092754267,26.51584135626693947340280093381024978727509579642140678,0.0,3,ROOT_OK
cstr,cstrfold_0002961,dev,single,0.000001162122029718191357355056116217457820660060567824505978,91.70319091298404,21.235441292626696,0,0,0,0.000001162149359195922567905367560775058560592352014871570396,1.000047034570922451968005729066688058149046893612296246,2.99503399590337073186248799311956278075866460400350418e-83,1,ROOT_OK
cstr,cstrfold_0002962,dev,middle_triple,0.0004520334043246396986149318160467089986969784914909117942,19.04841100461974,21.717885717252862,0,0,0,0.7885392077401645313190482731079359390732963476753709803,-88838.30291194782059190888158680905468341454605680554094,0.0,3,ROOT_OK
cstr,cstrfold_0002963,dev,high_triple,0.00000001939584965344823510407575921607291250651967672289345098,27.678947199485012,77.39246202989486,0,0,0,0.8286911562847053433951702977817890258101613259926579338,4956291374.227265528296616457020592919711066154293739992,4.21687917729220928973942962050800760308398455294740302e-81,3,ROOT_OK
cstr,cstrfold_0002964,dev,single,0.0186777957974919026365017994410501225633116538730398629,84.21462730694147,20.98671045714306,0,0,0,0.9999972928089336937316160626018965049665178787232026271,0.0001449465629200038576552243903416156923538803691871474449,1.054219794323052322434857405127001900770996138236850755e-81,1,ROOT_OK
cstr,cstrfold_0002965,dev,low_triple,0.01719862656738409408932255802298851434521653357949526495,19.581234505237454,23.724929948579685,0,0,0,0.04980117583857637401405287181322427888114442876860039346,1894.583531111568208014371275256069371521252028389973971,6.588873714519077015217858782043761879818725863980317219e-83,3,ROOT_OK
cstr,cstrfold_0002966,cal,single,0.005312371777634767036876199707050822408655403832161808657,26.680284166777703,73.09404537995243,0,0,0,0.9999993889509889239475556158148866263022050506350594146,0.0001150240636042895812601986333357443459008262601346027139,0.0,1,ROOT_OK
cstr,cstrfold_0002967,cal,middle_triple,0.000002825210660323728338141169378743764028012470092257012734,86.10625792114352,20.094430251962713,0,0,0,0.9194734317983377965757957579222709159480188411892616172,-3058908.424045108572081635616241091330448619808802901688,1.054219794323052322434857405127001900770996138236850755e-81,3,ROOT_OK
cstr,cstrfold_0002968,test,single,0.0004426183807077018824480841800438746271680686262539096532,18.520270931169296,22.369194479078644,0,0,0,0.000446862777127574713328716300179017255857996523092201094,1.019311603530521416850582769515502172804942459014419687,7.206580625255240485394533042860364556051731413728471958e-84,1,ROOT_OK
cstr,cstrfold_0002969,test,single,0.00000001617814136280802484717644744822249446552723590021070242,28.10881907097275,76.9986814680131,0,0,0,0.00000001617816125415031697316580250663136313184173106497674455,1.000002459041461071945245740310026538077696384118435765,5.500544187816614438757744541417073323657280981583311248e-83,1,ROOT_OK
cstr,cstrfold_0002970,dev,single,0.01979668646755618352396601483828097241711372233300775298,84.1290631220626,19.964716486073783,0,0,0,0.9999950358755237195778483589799512540720185641174409968,0.0002507703104517792961128026351014030491413843979692959828,1.054219794323052322434857405127001900770996138236850755e-81,1,ROOT_OK
cstr,cstrfold_0002971,dev,single,0.01826734646798410440834166803746579159898750505490536743,19.352131143220138,22.422444188729177,0,0,0,0.9983016684726138489136796763465615825727995141333736174,0.09357782998173423553483005492110923617700038491553575294,0.0,1,ROOT_OK
cstr,cstrfold_0002972,dev,high_triple,0.005164616924069445421504713489800395693750341980252623866,27.128506698530494,75.09995176733807,0,0,0,0.9999995717040297435953569133342794670879128330728815425,0.00008292904648318858037044307777939765452001788648146255589,1.054219794323052322434857405127001900770996138236850755e-81,3,ROOT_OK
cstr,cstrfold_0002973,dev,single,0.000002354140649742140665150985785878158390471324454289624226,85.35797598550722,20.426453862735663,0,0,0,0.000002354248318041644195245202662763555273481490471360647693,1.000091474532473342434767317670523661831944276495844095,3.846994992253997236790407538392982552633418677663312654e-83,1,ROOT_OK
cstr,cstrfold_0002974,dev,low_triple,0.0002519616803202975678148409427621523167982856587562321973,19.878697819462694,23.549099075394714,0,0,0,0.0002534050626621494396534435190347942052177360871651272558,1.011504685741371941231280197524867483735584218525696805,5.765264500204192388315626434288291644841385130982777566e-83,3,ROOT_OK
cstr,cstrfold_0002975,dev,single,0.00000002443520836045451959222175423516159174622744757924779149,27.68186246460351,74.38953516508477,0,0,0,0.00000002443525217994964903583466134795968652115086393555004365,1.000003586591279030362940984080073418742435888788220669,5.569510274636934691920627927134771715106208313240831516e-83,1,ROOT_OK
cstr,cstrfold_0002976,cal,middle_triple,0.01868834560386858208253915923676712702603967610571271313,87.53502414050426,20.825781256526835,0,0,0,0.05841529510886504390296671220566745519353254057499068145,-25.75136520282456328483238944069871035298933926863068225,6.588873714519077015217858782043761879818725863980317219e-83,3,ROOT_OK
cstr,cstrfold_0002977,cal,high_triple,0.01907290795505671768115637147117410885111622241521188424,18.55316018728543,21.582785465359706,0,0,0,0.9975420761453602794873781555192689925796179167636739755,0.1300273640045379316978832840903722400810046181302826705,0.0,3,ROOT_OK
cstr,cstrfold_0002978,test,single,0.005123583770119948450424059604993406743887713563880181337,28.081143981283976,75.68274701650776,0,0,0,0.9999997514870903544610966025969569039384026560146257708,0.00004850378199265359946365854496271669087129041735446479911,1.054219794323052322434857405127001900770996138236850755e-81,1,ROOT_OK
cstr,cstrfold_0002979,test,low_triple,0.000002786628181448614243725781061436184669651082921059284457,83.97430793345686,20.22692951851888,0,0,0,0.000002786777496143407962419531379521000964831143478026048289,1.000107169401591804704782631122233245172281127598091336,6.88887980528026057560314458840390875252043298644914758e-84,3,ROOT_OK
cstr,cstrfold_0002980,dev,single,0.0004779098827964083559647514905376292842841560620614549707,18.658229533494925,21.86998649885623,0,0,0,0.0004827461779590364378294418327830987629022653392823058542,1.020387570105882012551491065191791276917680675820311822,5.868215651993552966678405477757725424213552722607470023e-83,1,ROOT_OK
cstr,cstrfold_0002981,dev,single,0.00000003036136879226488343993101129275810352022034046494919071,27.807719649748016,71.02992672212449,0,0,0,0.00000003036143334694255510078953204191202238930594872580266336,1.000004252428703736373657192423176689359485049595232509,3.823236550791865135545920992777874574129624386651779317e-83,1,ROOT_OK
cstr,cstrfold_0002982,dev,single,0.01918221022026643193944839119309679381022520388364522911,87.19055107676812,20.454331394637784,0,0,0,0.9999966743732601481021377174985113832636696240779521175,0.0001733775234938104744361502968252545416123725682237601721,0.0,1,ROOT_OK
cstr,cstrfold_0002983,dev,single,0.01882468871991057495679379075461689378146512986163608943,19.538488982700834,21.791524919671314,0,0,0,0.9982041114523324759151218931094818794971332783368165824,0.09606969794632473763929128592338837637297947621205063704,1.054219794323052322434857405127001900770996138236850755e-81,1,ROOT_OK
cstr,cstrfold_0002984,dev,single,0.005336617472089707792484237053603442656546410082787390433,28.227156216268547,72.60298868700053,0,0,0,0.9999997209478767764720850493846707510057874189633251149,0.00005229014256500899834557220869545178126551581639205061099,0.0,1,ROOT_OK
cstr,cstrfold_0002985,dev,single,0.000002060628918561897057506976071640498651193783831272300451,87.41615726248254,20.53456942915643,0,0,0,0.000002060711871047506572161582188067320342764386654251296568,1.000080514221768477350301464392007535241885212208776761,2.702467734470715182022949891072636708519399280148176984e-83,1,ROOT_OK
cstr,cstrfold_0002986,cal,middle_triple,0.0003436432626725651152530806412238367541422588760253409465,18.406080465536085,23.795765054954515,0,0,0,0.7806351074846577676204572088689227785504898773925546028,-53065.1293364765954572870189061272755740257723936448378,2.10843958864610464486971481025400380154199227647370151e-81,3,ROOT_OK
cstr,cstrfold_0002987,cal,high_triple,0.00000002366765676198675689603671139358767298702718371988633413,27.819288368792,73.97410392666482,0,0,0,0.8352790487163234018720342144537785408007863112452207243,305478914.3949263785362109316439742049954872794305644779,1.054219794323052322434857405127001900770996138236850755e-81,3,ROOT_OK
cstr,cstrfold_0002988,test,low_triple,0.01957351011774518901404323847992743921023304659655040821,84.74248413524897,20.07401860238216,0,0,0,0.05373026492185487492919021400740133476830063623771342276,534.1340053495873352643270351470624200696478484180029223,6.588873714519077015217858782043761879818725863980317219e-83,3,ROOT_OK
cstr,cstrfold_0002989,test,single,0.01780494570468141914756220564841462814646613523149356559,19.59037898120682,22.956730517250904,0,0,0,0.998550157764484497278380995575111228339285472321755086,0.08188902515840916510263616184026880150858892023583027442,1.054219794323052322434857405127001900770996138236850755e-81,1,ROOT_OK
cstr,cstrfold_0002990,dev,single,0.005212950488702674641889817467730158873475504832028706465,26.78059317652666,74.45560051777623,0,0,0,0.9999994642280055801504535912526665032911624927493713138,0.0001027773434967256596705576315457954562732232249128163007,1.054219794323052322434857405127001900770996138236850755e-81,1,ROOT_OK
cstr,cstrfold_0002991,dev,middle_triple,0.000002090979411033948632510198875596246514787569493174232237,86.39592171615294,20.563614550260517,0,0,0,0.9214193519759293382382508420265087227521333574379735519,-23397035.17552007002658778236834127799617511666640903728,1.054219794323052322434857405127001900770996138236850755e-81,3,ROOT_OK
cstr,cstrfold_0002992,dev,single,0.0003181290684470158513388543073649853435748135599028685444,18.899333376914353,23.550785567236847,0,0,0,0.0003204352342913955864883689343484746822400546587958597595,1.014574317822671921107709273451211258720038480087523817,3.037058977786137061701981782348296491478943952928427468e-83,1,ROOT_OK
cstr,cstrfold_0002993,dev,single,0.00000003845572371904272145621919414992320823086216384556153043,27.22208581241765,71.47034498919399,0,0,0,0.00000003845582793400997444716015552202393751004773557971549637,1.000005420008448242815702952474212486464580778508247793,6.466430712580143895712419790280737793829586600650314948e-83,1,ROOT_OK
cstr,cstrfold_0002994,dev,single,0.01835134501828101698270465209572720577130623639784555168,85.48889551987304,21.33673309868828,0,0,0,0.9999979071390307247387902904055897022132641862753506994,0.0001140470325433695750456044230056784840275046528986394668,1.054219794323052322434857405127001900770996138236850755e-81,1,ROOT_OK
cstr,cstrfold_0002995,dev,single,0.01820026250106614439748847931480795935328593890534420518,19.35974361070232,22.50015010352497,0,0,0,0.9983273923562532924455093336126177270121258978423700104,0.09249110378871726651167269049031134262944099830854853518,1.054219794323052322434857405127001900770996138236850755e-81,1,ROOT_OK
cstr,cstrfold_0002996,cal,high_triple,0.005297553658076565003225508640944362607476020701980788639,27.05600786450465,73.13973942735795,0,0,0,0.9999995004315405073066448452438288555824841873553466834,0.00009430193125989748572313203033975692581617191608326674246,1.054219794323052322434857405127001900770996138236850755e-81,3,ROOT_OK
cstr,cstrfold_0002997,cal,single,0.000002857285076527884724465649902730908625392402221306870222,89.29393725712463,19.918812318217192,0,0,0,0.000002857439543597249443065340070103487672779564949489913556,1.000108125910227154065541247895575571574961299744938189,6.059640449851895292071697761708703857733676838284632559e-83,1,ROOT_OK
cstr,cstrfold_0002998,test,low_triple,0.0003937763185502553588870298153342485701309106778892857197,18.809689960236053,22.62332395699303,0,0,0,0.0003971709592717027899059133496060446661484933998830810345,1.017348998031054861198478826053938802902235449562740297,4.684277406415906315506446477859236961433625418923506773e-83,3,ROOT_OK
cstr,cstrfold_0002999,test,middle_triple,0.00000003058934284750009467732335724384612910296278925183732917,27.192211511413685,74.54376976897716,0,0,0,0.8170087373734147573315843991132386111721537303616276393,-79051336.80553982969857457761832348567112007610665143032,2.10843958864610464486971481025400380154199227647370151e-81,3,ROOT_OK
